{
"type": "FeatureCollection",
"name": "52.71_Kota_Mataram_kecamatan",
"crs": { "type": "name", "properties": { "name": "urn:ogc:def:crs:EPSG::4979" } },
"features": [
{ "type": "Feature", "properties": { "nm_kecamatan": "Ampenan" }, "geometry": { "type": "MultiPolygon", "coordinates": [ [ [ [ 116.087001994000047, -8.577031029999944, 0.0 ], [ 116.087037033000115, -8.577168013999938, 0.0 ], [ 116.087132999, -8.577236962999962, 0.0 ], [ 116.087192016000017, -8.577278967999973, 0.0 ], [ 116.087290003000021, -8.577349006999953, 0.0 ], [ 116.08765199100003, -8.577593011999966, 0.0 ], [ 116.08760901100004, -8.577769958999966, 0.0 ], [ 116.087589029000014, -8.578010980999977, 0.0 ], [ 116.087562978000051, -8.578315013999941, 0.0 ], [ 116.087480010000036, -8.57863898599993, 0.0 ], [ 116.087439995000068, -8.578891985999974, 0.0 ], [ 116.087438964000057, -8.578946960999929, 0.0 ], [ 116.08736796300002, -8.579311018999931, 0.0 ], [ 116.087294016000101, -8.579685016999974, 0.0 ], [ 116.087224002000085, -8.579917962999957, 0.0 ], [ 116.087192035000044, -8.580157960999941, 0.0 ], [ 116.087140023000075, -8.580319967999969, 0.0 ], [ 116.087032002000115, -8.580842992999976, 0.0 ], [ 116.08682098700001, -8.581916994999972, 0.0 ], [ 116.086596034000081, -8.58305398899995, 0.0 ], [ 116.086498971000083, -8.583348991999969, 0.0 ], [ 116.086477968000054, -8.583389994999948, 0.0 ], [ 116.08650499700002, -8.583430025999974, 0.0 ], [ 116.08657000300002, -8.583536969999955, 0.0 ], [ 116.08644003500001, -8.584025038999926, 0.0 ], [ 116.086417980000078, -8.584129967999957, 0.0 ], [ 116.086356001000013, -8.584354975999929, 0.0 ], [ 116.086280998, -8.584542968999926, 0.0 ], [ 116.086273986000037, -8.584561036999958, 0.0 ], [ 116.085990971000115, -8.585567954999931, 0.0 ], [ 116.085919003000072, -8.585865005999949, 0.0 ], [ 116.085861997000052, -8.58604698299996, 0.0 ], [ 116.085839024000052, -8.586097023999969, 0.0 ], [ 116.085607024000069, -8.586950974999979, 0.0 ], [ 116.085509007000041, -8.587361987999941, 0.0 ], [ 116.08542697200005, -8.587669955999957, 0.0 ], [ 116.085324983000078, -8.587987009999949, 0.0 ], [ 116.085264034000033, -8.588282006999975, 0.0 ], [ 116.085255010000083, -8.588327015999937, 0.0 ], [ 116.0852020210001, -8.58848901999994, 0.0 ], [ 116.085170007000102, -8.588715996999952, 0.0 ], [ 116.084351027000025, -8.588624984999967, 0.0 ], [ 116.084127012000067, -8.588646967999978, 0.0 ], [ 116.083901023000067, -8.58874200899993, 0.0 ], [ 116.083683006000115, -8.588855965999926, 0.0 ], [ 116.083062992, -8.588970956999958, 0.0 ], [ 116.082761995000055, -8.588974038999936, 0.0 ], [ 116.082681, -8.588973031999956, 0.0 ], [ 116.082516985000098, -8.589002028999971, 0.0 ], [ 116.082402981000087, -8.589110988999948, 0.0 ], [ 116.082246997000084, -8.58935304299996, 0.0 ], [ 116.081758965000063, -8.589361012999973, 0.0 ], [ 116.081568005, -8.589378009999962, 0.0 ], [ 116.081289968000078, -8.589429973999927, 0.0 ], [ 116.080987963000098, -8.589477991999956, 0.0 ], [ 116.07901301600009, -8.589650958999925, 0.0 ], [ 116.07780298800003, -8.589930004999928, 0.0 ], [ 116.077792788000011, -8.589920676999952, 0.0 ], [ 116.077605013000039, -8.589748955999937, 0.0 ], [ 116.077408975000026, -8.589727960999937, 0.0 ], [ 116.077141024000071, -8.589730031999977, 0.0 ], [ 116.077124978000029, -8.589730035999935, 0.0 ], [ 116.077107006, -8.589730040999939, 0.0 ], [ 116.076949007000053, -8.589718991999973, 0.0 ], [ 116.076584973000081, -8.589514034999979, 0.0 ], [ 116.076578922000067, -8.589510444999974, 0.0 ], [ 116.076343973, -8.589371040999936, 0.0 ], [ 116.076214963000098, -8.589270994999936, 0.0 ], [ 116.076097985000047, -8.588874028999953, 0.0 ], [ 116.07601196600001, -8.588565026999959, 0.0 ], [ 116.075982016000012, -8.58846295799998, 0.0 ], [ 116.075953021000032, -8.588400044999958, 0.0 ], [ 116.075884135000024, -8.588327670999945, 0.0 ], [ 116.075754964000112, -8.588191957999982, 0.0 ], [ 116.075708619000011, -8.58816429899997, 0.0 ], [ 116.075512021, -8.588046969999937, 0.0 ], [ 116.075490978000062, -8.588042035999933, 0.0 ], [ 116.075201967000112, -8.587985009999954, 0.0 ], [ 116.074960003000115, -8.587993018999953, 0.0 ], [ 116.074883027000055, -8.588002961999962, 0.0 ], [ 116.074828984000078, -8.588010969999971, 0.0 ], [ 116.074695986000052, -8.588011012999971, 0.0 ], [ 116.074594152000031, -8.587990714999933, 0.0 ], [ 116.074567602000116, -8.587985422999964, 0.0 ], [ 116.074465018000069, -8.587964974999977, 0.0 ], [ 116.074237982000113, -8.587873011999932, 0.0 ], [ 116.074204997000038, -8.587848970999971, 0.0 ], [ 116.074130970000056, -8.587786039999969, 0.0 ], [ 116.073198964000085, -8.587403027999926, 0.0 ], [ 116.072820035000063, -8.587286013999972, 0.0 ], [ 116.072557980000056, -8.587205991999951, 0.0 ], [ 116.072449035000091, -8.587143970999932, 0.0 ], [ 116.072436029000073, -8.587131008999961, 0.0 ], [ 116.072170581000023, -8.587056748999942, 0.0 ], [ 116.072156215000064, -8.586902337999959, 0.0 ], [ 116.072053922, -8.586179892999951, 0.0 ], [ 116.072003930000051, -8.585826821999945, 0.0 ], [ 116.071851644000049, -8.584732269999961, 0.0 ], [ 116.071787592000078, -8.584181416999968, 0.0 ], [ 116.071787584000049, -8.584181346999969, 0.0 ], [ 116.071756466000011, -8.583913734999953, 0.0 ], [ 116.071674015000099, -8.583307134999927, 0.0 ], [ 116.071655120000059, -8.583168117999946, 0.0 ], [ 116.071623216000035, -8.582933396999977, 0.0 ], [ 116.071556591000103, -8.582229076999965, 0.0 ], [ 116.071461413000065, -8.581505720999928, 0.0 ], [ 116.071263957000042, -8.580701442999953, 0.0 ], [ 116.071258077000039, -8.580642642999976, 0.0 ], [ 116.071220929000106, -8.580271164999942, 0.0 ], [ 116.071186625000109, -8.579928117999941, 0.0 ], [ 116.071180627000103, -8.57976617199995, 0.0 ], [ 116.071162830000048, -8.57928566399994, 0.0 ], [ 116.071139035000101, -8.578750284999956, 0.0 ], [ 116.07111726800008, -8.578298593999932, 0.0 ], [ 116.071116852000046, -8.578289967999979, 0.0 ], [ 116.07111524100003, -8.578256546999967, 0.0 ], [ 116.071123734000025, -8.578144444999964, 0.0 ], [ 116.071144984000057, -8.577863935999972, 0.0 ], [ 116.071146085, -8.57780612199997, 0.0 ], [ 116.071156881000093, -8.577239326999972, 0.0 ], [ 116.071133087000021, -8.577144148999935, 0.0 ], [ 116.071066926000071, -8.577145936999955, 0.0 ], [ 116.070912986000053, -8.577150097999947, 0.0 ], [ 116.07090314900006, -8.576997622999954, 0.0 ], [ 116.070900945000062, -8.576963451999973, 0.0 ], [ 116.070899441000051, -8.576940137999941, 0.0 ], [ 116.070889192000095, -8.576781280999967, 0.0 ], [ 116.070924884000078, -8.576709896999944, 0.0 ], [ 116.070930832000045, -8.576388669999972, 0.0 ], [ 116.070932952000021, -8.576321900999972, 0.0 ], [ 116.070945227000038, -8.575935238999932, 0.0 ], [ 116.070954627000106, -8.575639139999964, 0.0 ], [ 116.070966524000028, -8.575157298999954, 0.0 ], [ 116.070975977000103, -8.574769293999964, 0.0 ], [ 116.070981286, -8.574753680999947, 0.0 ], [ 116.070981295000024, -8.574753653999949, 0.0 ], [ 116.071011972000065, -8.574665019999941, 0.0 ], [ 116.071014991000084, -8.574655984999936, 0.0 ], [ 116.071026094000104, -8.574569632999953, 0.0 ], [ 116.071027974000117, -8.574555013999941, 0.0 ], [ 116.071045964000064, -8.574428011999942, 0.0 ], [ 116.071054700000104, -8.574370657999964, 0.0 ], [ 116.071056015000067, -8.57436202699995, 0.0 ], [ 116.071077227000046, -8.574216218999936, 0.0 ], [ 116.071086890000061, -8.574149797999951, 0.0 ], [ 116.071099304000086, -8.574064463999946, 0.0 ], [ 116.071380007000016, -8.57213496199995, 0.0 ], [ 116.071523711000054, -8.570884086999968, 0.0 ], [ 116.071582996000075, -8.570368039999948, 0.0 ], [ 116.071623278000061, -8.570018010999945, 0.0 ], [ 116.071623302000035, -8.570017802999928, 0.0 ], [ 116.071630986000059, -8.569951032999938, 0.0 ], [ 116.071631002000117, -8.569950805999952, 0.0 ], [ 116.071674997000059, -8.569320980999976, 0.0 ], [ 116.071970011000076, -8.567081997999935, 0.0 ], [ 116.072147982000047, -8.565370986999937, 0.0 ], [ 116.072126407000042, -8.564802266999948, 0.0 ], [ 116.072126381000089, -8.564801575999979, 0.0 ], [ 116.072121010000046, -8.564660014999959, 0.0 ], [ 116.072096484000099, -8.564297546999967, 0.0 ], [ 116.072096413000054, -8.564296498999965, 0.0 ], [ 116.071990013000118, -8.562724011999933, 0.0 ], [ 116.071979880000072, -8.562578764999955, 0.0 ], [ 116.071969015000036, -8.56242303199997, 0.0 ], [ 116.071919945000104, -8.561966386999927, 0.0 ], [ 116.071919894000075, -8.561965915999963, 0.0 ], [ 116.071907979000116, -8.561855027999968, 0.0 ], [ 116.0718220010001, -8.561284974999978, 0.0 ], [ 116.071815067000102, -8.561260157999925, 0.0 ], [ 116.071815023000113, -8.561260001999926, 0.0 ], [ 116.071739031000106, -8.560988006999935, 0.0 ], [ 116.071677971000099, -8.560770030999947, 0.0 ], [ 116.071608018, -8.560473234999961, 0.0 ], [ 116.071607961000041, -8.560473004999949, 0.0 ], [ 116.071374327000058, -8.559642076999978, 0.0 ], [ 116.07118067600004, -8.558691428999964, 0.0 ], [ 116.071127652000087, -8.558511962999944, 0.0 ], [ 116.070871346000104, -8.557644465999942, 0.0 ], [ 116.0702883780001, -8.555705204999981, 0.0 ], [ 116.070233722000012, -8.555499967999936, 0.0 ], [ 116.070226016000106, -8.555507188999968, 0.0 ], [ 116.070233680000115, -8.555499809999958, 0.0 ], [ 116.070154437000042, -8.555202243999929, 0.0 ], [ 116.070033271000057, -8.55474725299996, 0.0 ], [ 116.07001743100011, -8.554687773999945, 0.0 ], [ 116.070017380000081, -8.554687580999939, 0.0 ], [ 116.069981750000011, -8.554553788999954, 0.0 ], [ 116.069981649000056, -8.554553408999936, 0.0 ], [ 116.069959880000056, -8.554471663999948, 0.0 ], [ 116.069868353000061, -8.554127967999932, 0.0 ], [ 116.069812026000022, -8.553941040999973, 0.0 ], [ 116.069746370000075, -8.55366990999994, 0.0 ], [ 116.069708046000073, -8.553526, 0.0 ], [ 116.069705410000097, -8.553516100999957, 0.0 ], [ 116.069445601000098, -8.551992675999941, 0.0 ], [ 116.069807721000075, -8.551789300999928, 0.0 ], [ 116.069862248000049, -8.551797826999973, 0.0 ], [ 116.069901755000046, -8.551804003999962, 0.0 ], [ 116.070171216000062, -8.551846135999938, 0.0 ], [ 116.070233739000059, -8.551855911999951, 0.0 ], [ 116.07087601, -8.551956334999943, 0.0 ], [ 116.070942432000038, -8.551975175999928, 0.0 ], [ 116.071091125000066, -8.552017354999975, 0.0 ], [ 116.071425048000037, -8.552112075999958, 0.0 ], [ 116.071909733000098, -8.55227995499996, 0.0 ], [ 116.072131950000085, -8.552416103999974, 0.0 ], [ 116.072559564000017, -8.552678095999966, 0.0 ], [ 116.072588404000044, -8.552687186999947, 0.0 ], [ 116.072683687000108, -8.552717221999956, 0.0 ], [ 116.072896506, -8.552784305999978, 0.0 ], [ 116.073035398000115, -8.552822004999939, 0.0 ], [ 116.073370139000076, -8.55291286399995, 0.0 ], [ 116.073507496000047, -8.552899513999932, 0.0 ], [ 116.073552272000029, -8.55289516199997, 0.0 ], [ 116.073553873000037, -8.552895005999972, 0.0 ], [ 116.073636367000063, -8.552886987999955, 0.0 ], [ 116.073787231000097, -8.552905816999953, 0.0 ], [ 116.073908323000069, -8.552969029999929, 0.0 ], [ 116.073927015000095, -8.552978787999962, 0.0 ], [ 116.073972454000113, -8.553002507999963, 0.0 ], [ 116.074114387, -8.553153520999956, 0.0 ], [ 116.074160461000019, -8.553202542999941, 0.0 ], [ 116.074161490000051, -8.553203636999967, 0.0 ], [ 116.074233282000023, -8.553280022999957, 0.0 ], [ 116.074287930000082, -8.553338166999936, 0.0 ], [ 116.074388931000044, -8.553445629999942, 0.0 ], [ 116.074414585000113, -8.553490998999962, 0.0 ], [ 116.074645525000051, -8.553899396999952, 0.0 ], [ 116.07465916000001, -8.553928805999931, 0.0 ], [ 116.074680019000084, -8.553973797999959, 0.0 ], [ 116.074747965000029, -8.554120349999948, 0.0 ], [ 116.07485728000006, -8.554338218999931, 0.0 ], [ 116.074968579000029, -8.55456189299997, 0.0 ], [ 116.075127542000018, -8.55477624699995, 0.0 ], [ 116.075184978000038, -8.554853847999937, 0.0 ], [ 116.075415199000076, -8.555109080999955, 0.0 ], [ 116.075590527000031, -8.555303457999969, 0.0 ], [ 116.075732339000069, -8.555460952999965, 0.0 ], [ 116.07576705300005, -8.555479412999944, 0.0 ], [ 116.076164215000063, -8.555690612999967, 0.0 ], [ 116.076794980000045, -8.556026031999977, 0.0 ], [ 116.077234504000103, -8.556259755999974, 0.0 ], [ 116.07799422800008, -8.556663751999963, 0.0 ], [ 116.078278840000053, -8.556815098999948, 0.0 ], [ 116.078452274000028, -8.556907324999941, 0.0 ], [ 116.078612466000095, -8.55699250999993, 0.0 ], [ 116.078822399000046, -8.557104144999926, 0.0 ], [ 116.078907282000046, -8.557149282999944, 0.0 ], [ 116.07891250900002, -8.557152061999943, 0.0 ], [ 116.078931855000064, -8.557162349999942, 0.0 ], [ 116.079006611000068, -8.557202102999952, 0.0 ], [ 116.079007022000042, -8.557202320999977, 0.0 ], [ 116.079041526000083, -8.557220668999946, 0.0 ], [ 116.079129802000011, -8.557267610999929, 0.0 ], [ 116.079168506000087, -8.557288192999977, 0.0 ], [ 116.079280065000034, -8.557347515999936, 0.0 ], [ 116.079304332000106, -8.557360419999952, 0.0 ], [ 116.079319683000108, -8.55736858299997, 0.0 ], [ 116.079398800000035, -8.557410654999956, 0.0 ], [ 116.079423716000065, -8.557423904999951, 0.0 ], [ 116.079425069000081, -8.557424623999964, 0.0 ], [ 116.079429877000052, -8.55742718099998, 0.0 ], [ 116.079444199000022, -8.557434796999928, 0.0 ], [ 116.0794507600001, -8.557436227999972, 0.0 ], [ 116.079911221000089, -8.557536655999968, 0.0 ], [ 116.080290448000028, -8.557619365999926, 0.0 ], [ 116.080892795000068, -8.557750738999971, 0.0 ], [ 116.081046656000012, -8.557757140999968, 0.0 ], [ 116.081921667000074, -8.557793550999975, 0.0 ], [ 116.08555061200002, -8.55794455299997, 0.0 ], [ 116.085763349000104, -8.557953404999978, 0.0 ], [ 116.086535698000034, -8.557985542999972, 0.0 ], [ 116.088187659000027, -8.558054261999928, 0.0 ], [ 116.088371097000049, -8.558061892999945, 0.0 ], [ 116.090218199000105, -8.55813872899995, 0.0 ], [ 116.090304856000103, -8.558148505999952, 0.0 ], [ 116.090382122000051, -8.558157222999967, 0.0 ], [ 116.090631966000046, -8.558185410999954, 0.0 ], [ 116.09076711900002, -8.558200658999965, 0.0 ], [ 116.090847718000077, -8.558209751999925, 0.0 ], [ 116.090848600000072, -8.558209851999948, 0.0 ], [ 116.090873053000109, -8.558212610999931, 0.0 ], [ 116.090906578000045, -8.558216392999952, 0.0 ], [ 116.090915087000099, -8.558217352999975, 0.0 ], [ 116.090915360000054, -8.558217280999941, 0.0 ], [ 116.090930017, -8.558213389999935, 0.0 ], [ 116.090953057000092, -8.558207272999937, 0.0 ], [ 116.090989980000018, -8.558197469999925, 0.0 ], [ 116.091010631000017, -8.558191987999976, 0.0 ], [ 116.091026383000099, -8.558187805999978, 0.0 ], [ 116.091074641000091, -8.558174993999955, 0.0 ], [ 116.091134270000111, -8.55815916399996, 0.0 ], [ 116.091188651000039, -8.558144726999956, 0.0 ], [ 116.091241346000061, -8.558130736999942, 0.0 ], [ 116.091291280000064, -8.558117479999964, 0.0 ], [ 116.091362362000041, -8.558052329999953, 0.0 ], [ 116.091482321000058, -8.557942382999954, 0.0 ], [ 116.09174056300003, -8.557705693999935, 0.0 ], [ 116.091858872000103, -8.557597258999976, 0.0 ], [ 116.091986926000118, -8.557479890999957, 0.0 ], [ 116.092246763000048, -8.55724173699997, 0.0 ], [ 116.092249875000107, -8.557238884999947, 0.0 ], [ 116.092495575000044, -8.557061665999981, 0.0 ], [ 116.092538009, -8.557049040999971, 0.0 ], [ 116.092663479000066, -8.557011709999927, 0.0 ], [ 116.092727491, -8.556992664999939, 0.0 ], [ 116.092873383000097, -8.556949258999964, 0.0 ], [ 116.092931941000074, -8.55694916899995, 0.0 ], [ 116.09300832200006, -8.556949051999936, 0.0 ], [ 116.093047762000083, -8.556948991999946, 0.0 ], [ 116.093087941000022, -8.556948930999965, 0.0 ], [ 116.0931228930001, -8.556948876999968, 0.0 ], [ 116.093126336000068, -8.556948871999964, 0.0 ], [ 116.093138743000054, -8.556948852999938, 0.0 ], [ 116.093165672000055, -8.55693660999998, 0.0 ], [ 116.09336646600002, -8.556845320999969, 0.0 ], [ 116.093366743000047, -8.556845194999937, 0.0 ], [ 116.093585162000068, -8.556684144999963, 0.0 ], [ 116.093756076000091, -8.556546802999947, 0.0 ], [ 116.093936635000091, -8.55648980899997, 0.0 ], [ 116.094015691000095, -8.556464854999945, 0.0 ], [ 116.094113022000101, -8.556434131999936, 0.0 ], [ 116.09417721300008, -8.556413869999972, 0.0 ], [ 116.094425936000107, -8.556281075999948, 0.0 ], [ 116.094526996000013, -8.556169892999947, 0.0 ], [ 116.094641010000032, -8.556117725999968, 0.0 ], [ 116.094761595000023, -8.556061826999951, 0.0 ], [ 116.094774019000056, -8.556056067999975, 0.0 ], [ 116.094775144000096, -8.556055545999925, 0.0 ], [ 116.094936936000067, -8.555980544999954, 0.0 ], [ 116.094954024000117, -8.556030042999964, 0.0 ], [ 116.095547965000037, -8.557795960999954, 0.0 ], [ 116.095850004000113, -8.559531989999925, 0.0 ], [ 116.096413005000045, -8.56457099499994, 0.0 ], [ 116.096421014000043, -8.564638017999926, 0.0 ], [ 116.096666025000104, -8.564571043999933, 0.0 ], [ 116.097218995000048, -8.564464008999948, 0.0 ], [ 116.097780994000118, -8.564436023999974, 0.0 ], [ 116.09795000500003, -8.564444013999946, 0.0 ], [ 116.098237984000093, -8.564456982999957, 0.0 ], [ 116.099222012000041, -8.564501957999937, 0.0 ], [ 116.099561981000079, -8.564518031999967, 0.0 ], [ 116.099665991000052, -8.56451203499995, 0.0 ], [ 116.101030994000098, -8.564436000999933, 0.0 ], [ 116.101253026000109, -8.564423043999966, 0.0 ], [ 116.101289966000081, -8.564422044999958, 0.0 ], [ 116.10156698600008, -8.564347998999949, 0.0 ], [ 116.102113004000103, -8.564201966999974, 0.0 ], [ 116.102334972000108, -8.564152025999931, 0.0 ], [ 116.102474030000053, -8.564120971999955, 0.0 ], [ 116.103028020000011, -8.564121986999965, 0.0 ], [ 116.103221009000094, -8.564097025999956, 0.0 ], [ 116.103607029000045, -8.564061027999969, 0.0 ], [ 116.10366702500005, -8.564069033999942, 0.0 ], [ 116.103639996000084, -8.564349013999959, 0.0 ], [ 116.103627027000016, -8.564480008999965, 0.0 ], [ 116.103550019000068, -8.565242012999931, 0.0 ], [ 116.103431005000061, -8.566344004999962, 0.0 ], [ 116.103382964000048, -8.56673398199996, 0.0 ], [ 116.103332996000063, -8.567306972999972, 0.0 ], [ 116.103233014000011, -8.568055992999973, 0.0 ], [ 116.10308400800011, -8.569549992999953, 0.0 ], [ 116.103024998000024, -8.569951970999966, 0.0 ], [ 116.102990005000038, -8.570304994999958, 0.0 ], [ 116.102848004000066, -8.571717989999968, 0.0 ], [ 116.102835006000078, -8.571829000999969, 0.0 ], [ 116.102713009000013, -8.572730966999927, 0.0 ], [ 116.102625996000029, -8.573444027999926, 0.0 ], [ 116.102590964000115, -8.57378095599995, 0.0 ], [ 116.10258801100008, -8.57379397099993, 0.0 ], [ 116.102577064000116, -8.573950705999948, 0.0 ], [ 116.102577045000089, -8.573950981999928, 0.0 ], [ 116.102572260000102, -8.574019498999974, 0.0 ], [ 116.102570572000104, -8.574043665999966, 0.0 ], [ 116.102567290000025, -8.574090658999978, 0.0 ], [ 116.102538003000063, -8.574510010999973, 0.0 ], [ 116.102528986000038, -8.574616961999936, 0.0 ], [ 116.102520966000043, -8.574777987999937, 0.0 ], [ 116.102351537000118, -8.574841207999953, 0.0 ], [ 116.102217997000025, -8.574891036999929, 0.0 ], [ 116.102113081000084, -8.574946027999943, 0.0 ], [ 116.102093991000061, -8.574956033999968, 0.0 ], [ 116.101905000000102, -8.575031007999939, 0.0 ], [ 116.101511025000036, -8.575195024999971, 0.0 ], [ 116.101375958000062, -8.57526196799995, 0.0 ], [ 116.1010268550001, -8.575434991999941, 0.0 ], [ 116.100810994000085, -8.575541977999933, 0.0 ], [ 116.100555010000107, -8.575683979999951, 0.0 ], [ 116.100411035000093, -8.575733015999958, 0.0 ], [ 116.100311010000041, -8.57576397899993, 0.0 ], [ 116.100154986, -8.575807018999967, 0.0 ], [ 116.099711997000099, -8.575911962999953, 0.0 ], [ 116.099481018, -8.575967034999962, 0.0 ], [ 116.099074966000103, -8.576009037999938, 0.0 ], [ 116.098807, -8.576020981999932, 0.0 ], [ 116.098632017000114, -8.576032960999953, 0.0 ], [ 116.098344525000016, -8.576015422999944, 0.0 ], [ 116.09810798, -8.57600099299998, 0.0 ], [ 116.097739969000031, -8.575957000999949, 0.0 ], [ 116.097331975000088, -8.575932988999966, 0.0 ], [ 116.09693697900002, -8.575861986999939, 0.0 ], [ 116.096737995000012, -8.575853020999944, 0.0 ], [ 116.096591984000042, -8.575843998999972, 0.0 ], [ 116.096411017000037, -8.575851984999929, 0.0 ], [ 116.096187027000042, -8.575835002999952, 0.0 ], [ 116.096006006000039, -8.575834036999936, 0.0 ], [ 116.095919016000039, -8.575834013999952, 0.0 ], [ 116.095773033000114, -8.575876984999979, 0.0 ], [ 116.095504977000019, -8.576022028999944, 0.0 ], [ 116.095229019000044, -8.576149964999956, 0.0 ], [ 116.094823003000101, -8.576398039999958, 0.0 ], [ 116.094590004000111, -8.576483033999978, 0.0 ], [ 116.094304974000011, -8.576645037999981, 0.0 ], [ 116.09400297500008, -8.576790000999949, 0.0 ], [ 116.0939914060001, -8.576791384999979, 0.0 ], [ 116.09371899700011, -8.576823966999939, 0.0 ], [ 116.093500827000071, -8.576870519999943, 0.0 ], [ 116.093428150000022, -8.576886027999933, 0.0 ], [ 116.093400022000083, -8.576892029999954, 0.0 ], [ 116.093114981000099, -8.576900040999931, 0.0 ], [ 116.092993975000013, -8.576900027999955, 0.0 ], [ 116.092813029000013, -8.576898969999945, 0.0 ], [ 116.092502997000111, -8.576924011999949, 0.0 ], [ 116.092038018000039, -8.576854014999981, 0.0 ], [ 116.091726990000097, -8.576793965999968, 0.0 ], [ 116.09146002600005, -8.576699025999972, 0.0 ], [ 116.091228027000056, -8.576647027999968, 0.0 ], [ 116.090961011000104, -8.576542954999979, 0.0 ], [ 116.090607979000083, -8.576439039999968, 0.0 ], [ 116.090531918000011, -8.57641695999996, 0.0 ], [ 116.090401024000016, -8.576378963999957, 0.0 ], [ 116.090378625000085, -8.576372533999972, 0.0 ], [ 116.090219975000082, -8.576326994999931, 0.0 ], [ 116.090030010000078, -8.576275005999946, 0.0 ], [ 116.089645423000093, -8.576112993999971, 0.0 ], [ 116.089533969000058, -8.576066042999969, 0.0 ], [ 116.089190037000094, -8.576010977999942, 0.0 ], [ 116.08894998400001, -8.576005979999934, 0.0 ], [ 116.088691007000079, -8.576019022999958, 0.0 ], [ 116.088498851000054, -8.576076742999931, 0.0 ], [ 116.088438024000084, -8.576095013999975, 0.0 ], [ 116.088101971000015, -8.576161043999946, 0.0 ], [ 116.088064513000063, -8.576177301999962, 0.0 ], [ 116.087821005000023, -8.576282993999939, 0.0 ], [ 116.087463006, -8.57647104199998, 0.0 ], [ 116.087307397000018, -8.57657678399994, 0.0 ], [ 116.087232007000011, -8.576628013999937, 0.0 ], [ 116.087009012000067, -8.57682198699996, 0.0 ], [ 116.086981012000024, -8.576938024999947, 0.0 ], [ 116.086985971000104, -8.576995002999979, 0.0 ], [ 116.087001994000047, -8.577031029999944, 0.0 ] ] ], [ [ [ 116.071063023000079, -8.580059948999974, 0.0 ], [ 116.071063001000084, -8.580059963999929, 0.0 ], [ 116.071062994000044, -8.580059910999978, 0.0 ], [ 116.071063023000079, -8.580059948999974, 0.0 ] ] ] ] } },
{ "type": "Feature", "properties": { "nm_kecamatan": "Mataram" }, "geometry": { "type": "MultiPolygon", "coordinates": [ [ [ [ 116.116521115000069, -8.620141090999937, 0.0 ], [ 116.116343189000077, -8.62019569499995, 0.0 ], [ 116.116338505000044, -8.620197132999976, 0.0 ], [ 116.116311584000073, -8.620213294999928, 0.0 ], [ 116.116014497000037, -8.620391643999938, 0.0 ], [ 116.115780414000028, -8.620333861999939, 0.0 ], [ 116.11565400500001, -8.620333466999966, 0.0 ], [ 116.115523279000058, -8.620425661999946, 0.0 ], [ 116.11529895700005, -8.620486688999961, 0.0 ], [ 116.115136837000023, -8.620604501999935, 0.0 ], [ 116.114990564000095, -8.620681202999947, 0.0 ], [ 116.114795902000083, -8.62068057099998, 0.0 ], [ 116.114664951, -8.620813909999981, 0.0 ], [ 116.114608571000076, -8.62086911199998, 0.0 ], [ 116.114481657000056, -8.620993376999934, 0.0 ], [ 116.114278051000042, -8.621075019999978, 0.0 ], [ 116.114194286000043, -8.621151912999949, 0.0 ], [ 116.114109857000017, -8.621352275999925, 0.0 ], [ 116.113911153000117, -8.621490517999973, 0.0 ], [ 116.113753818000077, -8.621489978999932, 0.0 ], [ 116.113643059000083, -8.621489599999961, 0.0 ], [ 116.113575704000027, -8.62148936899996, 0.0 ], [ 116.11354915700008, -8.621489277999956, 0.0 ], [ 116.113493241000015, -8.621489086999929, 0.0 ], [ 116.113086632000091, -8.621487694999928, 0.0 ], [ 116.111832358000015, -8.621426600999939, 0.0 ], [ 116.111217770000053, -8.621357417999945, 0.0 ], [ 116.111220278000019, -8.620853133999958, 0.0 ], [ 116.111040289000016, -8.620351558999971, 0.0 ], [ 116.110807040000054, -8.620072721999975, 0.0 ], [ 116.110694224000099, -8.619669979999969, 0.0 ], [ 116.110753357000021, -8.619279, 0.0 ], [ 116.110806903000025, -8.618965191999962, 0.0 ], [ 116.110870588000012, -8.618713184999933, 0.0 ], [ 116.110938941000086, -8.618583421999972, 0.0 ], [ 116.111070305000112, -8.618352268999956, 0.0 ], [ 116.111394588000053, -8.618121891999976, 0.0 ], [ 116.111650904000044, -8.617932418999942, 0.0 ], [ 116.111770792000016, -8.617808147999938, 0.0 ], [ 116.111834162000036, -8.617623033999962, 0.0 ], [ 116.111432658000012, -8.617621396999937, 0.0 ], [ 116.111818099000061, -8.616667010999947, 0.0 ], [ 116.111265561000096, -8.616614489999961, 0.0 ], [ 116.110888671000112, -8.616627761999951, 0.0 ], [ 116.110486501000082, -8.616717182999935, 0.0 ], [ 116.109967589, -8.616874299999949, 0.0 ], [ 116.10984565800004, -8.617154157999948, 0.0 ], [ 116.109636348000095, -8.617634564999946, 0.0 ], [ 116.109318550000012, -8.618363974999966, 0.0 ], [ 116.109122607000018, -8.618669197999964, 0.0 ], [ 116.109098157000062, -8.618682035999939, 0.0 ], [ 116.10852392400011, -8.618983540999977, 0.0 ], [ 116.108033896000052, -8.619240832999935, 0.0 ], [ 116.107296120000115, -8.61962820399998, 0.0 ], [ 116.107133654000108, -8.619941523999955, 0.0 ], [ 116.106032998000046, -8.616925006999963, 0.0 ], [ 116.105555024000068, -8.615953013999956, 0.0 ], [ 116.105452001000117, -8.61559695699998, 0.0 ], [ 116.105286033000084, -8.615273034999973, 0.0 ], [ 116.105165968000051, -8.61518603899998, 0.0 ], [ 116.104638498000099, -8.613342408999927, 0.0 ], [ 116.104613424000036, -8.61325476899998, 0.0 ], [ 116.104359977000058, -8.612368910999976, 0.0 ], [ 116.104261007000105, -8.612022987999978, 0.0 ], [ 116.104236318000062, -8.611970989999975, 0.0 ], [ 116.104145399000117, -8.61177950299998, 0.0 ], [ 116.103414070000099, -8.610239228999944, 0.0 ], [ 116.103399794000097, -8.610209161999933, 0.0 ], [ 116.10259398200003, -8.608512016999953, 0.0 ], [ 116.102376009000068, -8.608636021999928, 0.0 ], [ 116.102159024000116, -8.608721959999968, 0.0 ], [ 116.101917021000077, -8.608804042999964, 0.0 ], [ 116.101760986000045, -8.608719041999962, 0.0 ], [ 116.101522006000096, -8.608662962999972, 0.0 ], [ 116.101356027000065, -8.608664021999971, 0.0 ], [ 116.101126994000083, -8.608648023999933, 0.0 ], [ 116.100770992000093, -8.608581996999931, 0.0 ], [ 116.100308770000083, -8.608496240999955, 0.0 ], [ 116.100269983000089, -8.608489044999942, 0.0 ], [ 116.099835005000045, -8.608422017999942, 0.0 ], [ 116.099030009000103, -8.608354032999955, 0.0 ], [ 116.098853034000058, -8.608345812999971, 0.0 ], [ 116.098211980000087, -8.608316036999952, 0.0 ], [ 116.097536018000028, -8.608216973999959, 0.0 ], [ 116.097394983000072, -8.608189968999966, 0.0 ], [ 116.097320968000076, -8.60818201799998, 0.0 ], [ 116.097156967000046, -8.608139043999927, 0.0 ], [ 116.097102014000029, -8.608087011999942, 0.0 ], [ 116.096808017000058, -8.608007019999945, 0.0 ], [ 116.096601987000099, -8.607848716999968, 0.0 ], [ 116.096424011000067, -8.607711969999968, 0.0 ], [ 116.095817022, -8.607536025999934, 0.0 ], [ 116.095620983000117, -8.607541984999955, 0.0 ], [ 116.095537986000068, -8.607530034999968, 0.0 ], [ 116.095461000000114, -8.60732196999993, 0.0 ], [ 116.095339047000039, -8.60713706599995, 0.0 ], [ 116.095311970000012, -8.607096012999932, 0.0 ], [ 116.095264992000011, -8.607030978999944, 0.0 ], [ 116.094829006000055, -8.607010963999926, 0.0 ], [ 116.094792968000093, -8.607008979999932, 0.0 ], [ 116.094323022000026, -8.606964017999928, 0.0 ], [ 116.094264003000035, -8.606762957999933, 0.0 ], [ 116.094061019000037, -8.60625502399995, 0.0 ], [ 116.094033030000105, -8.60576703199996, 0.0 ], [ 116.094070072000022, -8.605414586999927, 0.0 ], [ 116.094144964000066, -8.604702016999966, 0.0 ], [ 116.094256553000037, -8.60435347899994, 0.0 ], [ 116.094395976000101, -8.603918001999943, 0.0 ], [ 116.094948966000061, -8.602786024999943, 0.0 ], [ 116.095330979000096, -8.602064085999928, 0.0 ], [ 116.095531024000024, -8.601686034999943, 0.0 ], [ 116.095830974000023, -8.601055039999949, 0.0 ], [ 116.095874790000039, -8.600945959999933, 0.0 ], [ 116.096269766000091, -8.599962655999946, 0.0 ], [ 116.096490968000012, -8.599411965999934, 0.0 ], [ 116.096690988000091, -8.598894035999933, 0.0 ], [ 116.09671599, -8.598524985999973, 0.0 ], [ 116.096723842000074, -8.598329024999941, 0.0 ], [ 116.096728971000061, -8.598201028999938, 0.0 ], [ 116.096674023000105, -8.597926011999959, 0.0 ], [ 116.096580004000089, -8.597728034999932, 0.0 ], [ 116.096530036000104, -8.597692018999965, 0.0 ], [ 116.096239005000029, -8.597659958999941, 0.0 ], [ 116.095768007000061, -8.59768399099994, 0.0 ], [ 116.09537698400004, -8.59769799299994, 0.0 ], [ 116.095155022000085, -8.597642041999961, 0.0 ], [ 116.09511167800008, -8.597576642999968, 0.0 ], [ 116.095035037000116, -8.597461002999978, 0.0 ], [ 116.094996986000069, -8.59732898599998, 0.0 ], [ 116.094965032000118, -8.597184955999978, 0.0 ], [ 116.09495301000004, -8.596915012999943, 0.0 ], [ 116.0944339670001, -8.594988041999954, 0.0 ], [ 116.094311006000112, -8.594419983999956, 0.0 ], [ 116.094453019000071, -8.593937997999944, 0.0 ], [ 116.094624003000035, -8.592804035999961, 0.0 ], [ 116.094660968000085, -8.59244595499996, 0.0 ], [ 116.094719969000039, -8.591958981999937, 0.0 ], [ 116.094721999000058, -8.591577036999979, 0.0 ], [ 116.094851996000102, -8.591642989999968, 0.0 ], [ 116.095005035000099, -8.591724007999971, 0.0 ], [ 116.095125991000032, -8.591778997999938, 0.0 ], [ 116.095516990000078, -8.591962028999944, 0.0 ], [ 116.096562977000076, -8.592545997999935, 0.0 ], [ 116.096594965, -8.592548965999981, 0.0 ], [ 116.096653028000105, -8.592584005999981, 0.0 ], [ 116.096755999000038, -8.592640038999946, 0.0 ], [ 116.097433969, -8.592986955999947, 0.0 ], [ 116.097996015000035, -8.593274010999949, 0.0 ], [ 116.098615380000069, -8.593573244999959, 0.0 ], [ 116.098677028000111, -8.593603028999951, 0.0 ], [ 116.098716458000013, -8.593625137999936, 0.0 ], [ 116.099129980000043, -8.593857002999925, 0.0 ], [ 116.099725003000117, -8.594173972999954, 0.0 ], [ 116.100310984000089, -8.59444896499997, 0.0 ], [ 116.100778810000065, -8.594669047999957, 0.0 ], [ 116.100819407000017, -8.594688145999953, 0.0 ], [ 116.100825051000015, -8.594690800999956, 0.0 ], [ 116.100812999000027, -8.594625793999967, 0.0 ], [ 116.100655069000027, -8.593780669999944, 0.0 ], [ 116.100634218000096, -8.593669089999935, 0.0 ], [ 116.100034101, -8.590457709999953, 0.0 ], [ 116.10010980800007, -8.588459114999978, 0.0 ], [ 116.100424142000065, -8.58858646799996, 0.0 ], [ 116.100700932000109, -8.588496670999973, 0.0 ], [ 116.100909537, -8.588424803999942, 0.0 ], [ 116.101098196000066, -8.588380022999957, 0.0 ], [ 116.101277477000053, -8.588335219999976, 0.0 ], [ 116.101501856000027, -8.588317654999969, 0.0 ], [ 116.101715456000079, -8.588173444999939, 0.0 ], [ 116.101952830000073, -8.587938848999954, 0.0 ], [ 116.102166451000016, -8.587785594999957, 0.0 ], [ 116.102311289000113, -8.587776887999951, 0.0 ], [ 116.1024937950001, -8.587813489999974, 0.0 ], [ 116.102689674000089, -8.58787708899996, 0.0 ], [ 116.102718243000027, -8.587886365999964, 0.0 ], [ 116.103130564000026, -8.58800489999993, 0.0 ], [ 116.103423594000105, -8.588014625999961, 0.0 ], [ 116.103602693000084, -8.588051219999954, 0.0 ], [ 116.103820953000081, -8.588096947999929, 0.0 ], [ 116.104186269000024, -8.588161106999962, 0.0 ], [ 116.104661939000039, -8.588270742999953, 0.0 ], [ 116.104897937000032, -8.588262246999932, 0.0 ], [ 116.105134010000029, -8.588217573999941, 0.0 ], [ 116.105295169000101, -8.588154637999935, 0.0 ], [ 116.105516061000117, -8.588046619999943, 0.0 ], [ 116.105740891000096, -8.58795669999995, 0.0 ], [ 116.105984749000072, -8.587866822999956, 0.0 ], [ 116.106236140000078, -8.58783122899996, 0.0 ], [ 116.10653095400005, -8.587804779999942, 0.0 ], [ 116.106740439000077, -8.587841441999956, 0.0 ], [ 116.106760032000011, -8.587851848999946, 0.0 ], [ 116.107082473000105, -8.588023118999956, 0.0 ], [ 116.107310775000087, -8.588150266999946, 0.0 ], [ 116.107478692000086, -8.588232053999945, 0.0 ], [ 116.107537991000072, -8.588240979999966, 0.0 ], [ 116.107547636000049, -8.588242725999976, 0.0 ], [ 116.107571077000102, -8.588247707999926, 0.0 ], [ 116.107571436000057, -8.588246081999955, 0.0 ], [ 116.107586029000117, -8.58817997999995, 0.0 ], [ 116.107632992000049, -8.587962980999976, 0.0 ], [ 116.107661964000044, -8.587846038999942, 0.0 ], [ 116.107711024000082, -8.587533014999963, 0.0 ], [ 116.107789026000091, -8.58718, 0.0 ], [ 116.107887977000019, -8.586680002999969, 0.0 ], [ 116.107982975000027, -8.586267980999935, 0.0 ], [ 116.108096986000078, -8.585863958999937, 0.0 ], [ 116.108133014000032, -8.58564503499997, 0.0 ], [ 116.10819398600006, -8.585460982999962, 0.0 ], [ 116.108223978000069, -8.585323968999944, 0.0 ], [ 116.108310032000077, -8.584859027999926, 0.0 ], [ 116.108363002000033, -8.584540043999937, 0.0 ], [ 116.108373998000047, -8.584516016999942, 0.0 ], [ 116.108570984000039, -8.583842, 0.0 ], [ 116.108770002000028, -8.582907023999951, 0.0 ], [ 116.10878996800011, -8.582828038999935, 0.0 ], [ 116.108860027000105, -8.582185015999926, 0.0 ], [ 116.109198968000101, -8.580753029999926, 0.0 ], [ 116.109200026000053, -8.580748963999952, 0.0 ], [ 116.109201010000106, -8.580744986999946, 0.0 ], [ 116.109211970000047, -8.580703959999937, 0.0 ], [ 116.109304974000111, -8.580310016999931, 0.0 ], [ 116.109363027000086, -8.580091957999969, 0.0 ], [ 116.109770984000079, -8.580166955999971, 0.0 ], [ 116.109785934000115, -8.58017125899994, 0.0 ], [ 116.109916995000049, -8.580208978999963, 0.0 ], [ 116.110044362000053, -8.580245238999964, 0.0 ], [ 116.110183231000065, -8.580284773999949, 0.0 ], [ 116.11034896700005, -8.580331956999942, 0.0 ], [ 116.110817025000074, -8.580499958999951, 0.0 ], [ 116.111547973000029, -8.580682038999953, 0.0 ], [ 116.11159198200005, -8.580703027999959, 0.0 ], [ 116.111627999, -8.580712966999954, 0.0 ], [ 116.111742002000028, -8.580728963999945, 0.0 ], [ 116.112020965000056, -8.580693978999932, 0.0 ], [ 116.112265997, -8.580622022999933, 0.0 ], [ 116.11227701100006, -8.580621956999948, 0.0 ], [ 116.112291023000012, -8.580621989999941, 0.0 ], [ 116.11249896400011, -8.58061496299996, 0.0 ], [ 116.112510336000014, -8.580614530999981, 0.0 ], [ 116.113135145000115, -8.580590801999961, 0.0 ], [ 116.11328697600004, -8.580585035999945, 0.0 ], [ 116.114055970000095, -8.580549005999956, 0.0 ], [ 116.114065036000056, -8.580549025999971, 0.0 ], [ 116.114078001000053, -8.58054797099993, 0.0 ], [ 116.114704002000053, -8.580427967999981, 0.0 ], [ 116.115132035000101, -8.580344041999979, 0.0 ], [ 116.115270999000018, -8.580291010999929, 0.0 ], [ 116.115824013000065, -8.580076977999965, 0.0 ], [ 116.116072017000079, -8.579982962999964, 0.0 ], [ 116.116690972000015, -8.57989603599998, 0.0 ], [ 116.117011002000027, -8.579792961999942, 0.0 ], [ 116.11722901600001, -8.57970701499994, 0.0 ], [ 116.117429008000045, -8.57963802699993, 0.0 ], [ 116.117628, -8.579644992999931, 0.0 ], [ 116.117857995, -8.579626981999979, 0.0 ], [ 116.11798201900001, -8.57961903599994, 0.0 ], [ 116.118126972000027, -8.579609547999951, 0.0 ], [ 116.118273008000074, -8.579599988999973, 0.0 ], [ 116.11834025600001, -8.579597130999957, 0.0 ], [ 116.119119026000021, -8.57956403399993, 0.0 ], [ 116.119284022000102, -8.57956196899994, 0.0 ], [ 116.119400987000063, -8.579560969999932, 0.0 ], [ 116.119871006000039, -8.579562041999964, 0.0 ], [ 116.119967989000088, -8.579550960999939, 0.0 ], [ 116.120139009000013, -8.579600993999975, 0.0 ], [ 116.120253966000064, -8.57959302699993, 0.0 ], [ 116.12127302600004, -8.579444973999955, 0.0 ], [ 116.121841977000031, -8.579401960999974, 0.0 ], [ 116.12190699000007, -8.579379954999979, 0.0 ], [ 116.121978981000098, -8.579353985999944, 0.0 ], [ 116.122239031000049, -8.579234041999939, 0.0 ], [ 116.122619969000084, -8.579232014999945, 0.0 ], [ 116.122841025000071, -8.579289032999952, 0.0 ], [ 116.122980964000021, -8.579333025999972, 0.0 ], [ 116.123037975000102, -8.579337043999942, 0.0 ], [ 116.123582028000101, -8.579369023999959, 0.0 ], [ 116.123908964000066, -8.579456031999939, 0.0 ], [ 116.12413799400008, -8.579662989999974, 0.0 ], [ 116.124278969000102, -8.579908992999947, 0.0 ], [ 116.124393979000047, -8.580140016999962, 0.0 ], [ 116.124480966000078, -8.580272957999966, 0.0 ], [ 116.124512997000011, -8.580322039999942, 0.0 ], [ 116.124610987000096, -8.580459978999954, 0.0 ], [ 116.124752992000026, -8.580550996999932, 0.0 ], [ 116.12499996400004, -8.580612954999935, 0.0 ], [ 116.125094992000072, -8.580637042999967, 0.0 ], [ 116.125237030000108, -8.580714044999979, 0.0 ], [ 116.125438025000108, -8.580860987999927, 0.0 ], [ 116.125737032000075, -8.581431971999962, 0.0 ], [ 116.126022003000116, -8.581817011999931, 0.0 ], [ 116.126155031000053, -8.582197004999955, 0.0 ], [ 116.126099971000031, -8.582944960999953, 0.0 ], [ 116.126091988000098, -8.583028042999956, 0.0 ], [ 116.126060997000081, -8.58308096199994, 0.0 ], [ 116.125987979000115, -8.58312998699995, 0.0 ], [ 116.125899015000073, -8.58317300799996, 0.0 ], [ 116.125716985000054, -8.583217988999934, 0.0 ], [ 116.125543968000102, -8.58325403799995, 0.0 ], [ 116.125354988000026, -8.583291044999953, 0.0 ], [ 116.125151997000103, -8.583295014999976, 0.0 ], [ 116.125000017000048, -8.58327296899995, 0.0 ], [ 116.124613012000054, -8.583206984999947, 0.0 ], [ 116.124073010000075, -8.582974000999968, 0.0 ], [ 116.123693030000027, -8.582752954999933, 0.0 ], [ 116.123676099000022, -8.582744257999934, 0.0 ], [ 116.123476966000112, -8.582641964999937, 0.0 ], [ 116.123210993000043, -8.58259904199997, 0.0 ], [ 116.122458986000083, -8.582478966999929, 0.0 ], [ 116.121438985000054, -8.582315960999949, 0.0 ], [ 116.121218049000049, -8.582263739999973, 0.0 ], [ 116.120146290000093, -8.582010418999971, 0.0 ], [ 116.120136015000071, -8.582007989999966, 0.0 ], [ 116.120117557000071, -8.581999961999941, 0.0 ], [ 116.119758979000039, -8.581844003999947, 0.0 ], [ 116.119478013000048, -8.581707002999963, 0.0 ], [ 116.11921101300004, -8.581688037999982, 0.0 ], [ 116.119211454000038, -8.581701704999944, 0.0 ], [ 116.119218006000096, -8.58190498099998, 0.0 ], [ 116.119223981000118, -8.58210799699998, 0.0 ], [ 116.119230027000071, -8.582346007999945, 0.0 ], [ 116.119217982, -8.582663006999951, 0.0 ], [ 116.119185551000101, -8.582831139999939, 0.0 ], [ 116.119038025, -8.583595954999964, 0.0 ], [ 116.119000969000012, -8.583809, 0.0 ], [ 116.118925994000051, -8.584218992999979, 0.0 ], [ 116.118865018000065, -8.584536965999973, 0.0 ], [ 116.118742652000037, -8.585371736999946, 0.0 ], [ 116.118725788, -8.58548677999994, 0.0 ], [ 116.118677974000093, -8.585812966999981, 0.0 ], [ 116.118615938000062, -8.586045694999939, 0.0 ], [ 116.118594, -8.58612799399998, 0.0 ], [ 116.118527739000115, -8.58625253799994, 0.0 ], [ 116.118427987000018, -8.586440029999949, 0.0 ], [ 116.118425015000071, -8.586437640999975, 0.0 ], [ 116.118408017000093, -8.58642397899996, 0.0 ], [ 116.118305997000107, -8.586376995999956, 0.0 ], [ 116.117952997000089, -8.586023986999976, 0.0 ], [ 116.117905032000067, -8.58612596599994, 0.0 ], [ 116.117831030000048, -8.586341005999941, 0.0 ], [ 116.117831983000087, -8.58634995999995, 0.0 ], [ 116.117631037000024, -8.586732988999927, 0.0 ], [ 116.117479989000117, -8.586955990999968, 0.0 ], [ 116.11733468400007, -8.587154469999973, 0.0 ], [ 116.117009972, -8.587598010999955, 0.0 ], [ 116.116881551, -8.587751064999964, 0.0 ], [ 116.116749023000011, -8.58790901499998, 0.0 ], [ 116.116696991000026, -8.587987021999936, 0.0 ], [ 116.11667890800004, -8.588014258999976, 0.0 ], [ 116.116623981000089, -8.588096991999976, 0.0 ], [ 116.116375034000043, -8.58843397399994, 0.0 ], [ 116.115959977000102, -8.588994013999979, 0.0 ], [ 116.115938030000052, -8.589022989999933, 0.0 ], [ 116.11556198400001, -8.589593968999964, 0.0 ], [ 116.115371026000048, -8.589868961999969, 0.0 ], [ 116.115117964000092, -8.590170035999961, 0.0 ], [ 116.114964984000039, -8.590384984999957, 0.0 ], [ 116.114774988000022, -8.590632038999956, 0.0 ], [ 116.11473300800003, -8.590705004999961, 0.0 ], [ 116.114434964000111, -8.591209971999945, 0.0 ], [ 116.114247984000031, -8.591448984999943, 0.0 ], [ 116.114071983000031, -8.591735043999961, 0.0 ], [ 116.114038982000011, -8.591780993999976, 0.0 ], [ 116.113903983000114, -8.591963972999963, 0.0 ], [ 116.113812016000111, -8.592137013999945, 0.0 ], [ 116.113250992000076, -8.59301699599996, 0.0 ], [ 116.113164999000105, -8.593166991999965, 0.0 ], [ 116.11304803500002, -8.593455988999949, 0.0 ], [ 116.112901002000058, -8.59381897399993, 0.0 ], [ 116.112816029000101, -8.594173963999935, 0.0 ], [ 116.112778, -8.594352011999945, 0.0 ], [ 116.113270964000094, -8.594353960999968, 0.0 ], [ 116.113653024000087, -8.594359, 0.0 ], [ 116.114032986000097, -8.594364032999977, 0.0 ], [ 116.115474982000023, -8.594382990999975, 0.0 ], [ 116.115535976000047, -8.594383039999968, 0.0 ], [ 116.115607010000076, -8.594383022999978, 0.0 ], [ 116.116617, -8.594350978999955, 0.0 ], [ 116.116736973000116, -8.594347003999928, 0.0 ], [ 116.116696024000021, -8.594428020999942, 0.0 ], [ 116.116561021000052, -8.594677009999941, 0.0 ], [ 116.116501027000027, -8.594827970999972, 0.0 ], [ 116.116509990000054, -8.594905032999975, 0.0 ], [ 116.11654696700009, -8.594954037999969, 0.0 ], [ 116.116546003000053, -8.594981975999929, 0.0 ], [ 116.116450994000047, -8.595272019999982, 0.0 ], [ 116.116385027000092, -8.595478034999928, 0.0 ], [ 116.116370996000114, -8.595550974999981, 0.0 ], [ 116.116345003000106, -8.595676966999974, 0.0 ], [ 116.116306977000022, -8.595822009999949, 0.0 ], [ 116.11630497200008, -8.595910982999953, 0.0 ], [ 116.11623699900008, -8.596045016999938, 0.0 ], [ 116.116221019000022, -8.596118042999933, 0.0 ], [ 116.116366991000064, -8.596244970999976, 0.0 ], [ 116.116447970000081, -8.596319032999929, 0.0 ], [ 116.116250969000021, -8.596515976999967, 0.0 ], [ 116.116557013000033, -8.598154982999972, 0.0 ], [ 116.116592988000093, -8.598830985999939, 0.0 ], [ 116.11694197700001, -8.598752031999936, 0.0 ], [ 116.117167036000069, -8.59873500599997, 0.0 ], [ 116.117427005000081, -8.59868903399996, 0.0 ], [ 116.118054015000098, -8.598567041999956, 0.0 ], [ 116.118188993000103, -8.598652981999976, 0.0 ], [ 116.118259014000046, -8.598734976999935, 0.0 ], [ 116.118314017000102, -8.598831042999961, 0.0 ], [ 116.118350005000025, -8.598984031999976, 0.0 ], [ 116.118376028000057, -8.599169008999979, 0.0 ], [ 116.118507993000094, -8.600363994999952, 0.0 ], [ 116.118712027000015, -8.60227901199994, 0.0 ], [ 116.118899968000051, -8.603570969999964, 0.0 ], [ 116.118987015000016, -8.60361402999996, 0.0 ], [ 116.119077979000053, -8.603615956999931, 0.0 ], [ 116.119425027000034, -8.60347098699998, 0.0 ], [ 116.119641026000068, -8.603387024999961, 0.0 ], [ 116.119770987000038, -8.603375024999934, 0.0 ], [ 116.119798969000044, -8.603360982999959, 0.0 ], [ 116.119919975000016, -8.60326803199996, 0.0 ], [ 116.119931992000033, -8.60325603299998, 0.0 ], [ 116.119923983000035, -8.603220025999974, 0.0 ], [ 116.119941037000103, -8.60300603099995, 0.0 ], [ 116.119972993000033, -8.602860973999952, 0.0 ], [ 116.120025024000029, -8.602848975999962, 0.0 ], [ 116.120274024000082, -8.602914017999979, 0.0 ], [ 116.120563031000074, -8.60301495799996, 0.0 ], [ 116.120677966000017, -8.602954998999962, 0.0 ], [ 116.121106004000012, -8.602716984999972, 0.0 ], [ 116.121427013000016, -8.602684984999939, 0.0 ], [ 116.121682019000104, -8.602648040999952, 0.0 ], [ 116.122069033000116, -8.602587977999974, 0.0 ], [ 116.122281009000062, -8.602623997999956, 0.0 ], [ 116.122416033000036, -8.60262602399996, 0.0 ], [ 116.122478024000088, -8.602551022999933, 0.0 ], [ 116.122521986000038, -8.602366024999981, 0.0 ], [ 116.12252000400008, -8.602348025999959, 0.0 ], [ 116.122483025000065, -8.602038961999938, 0.0 ], [ 116.122446969000066, -8.601881993999939, 0.0 ], [ 116.12249698100004, -8.601802986999928, 0.0 ], [ 116.122629001000064, -8.601709969999945, 0.0 ], [ 116.122843015000058, -8.601609001999975, 0.0 ], [ 116.123285964000047, -8.601370024999937, 0.0 ], [ 116.123365020000051, -8.601369029999944, 0.0 ], [ 116.123441993000029, -8.601393980999944, 0.0 ], [ 116.123876030000019, -8.60170702399995, 0.0 ], [ 116.123998965000055, -8.601719962999937, 0.0 ], [ 116.124271036000096, -8.601756027999954, 0.0 ], [ 116.124497970000107, -8.601837021999927, 0.0 ], [ 116.124667965000071, -8.601880992999952, 0.0 ], [ 116.124829028000022, -8.601833976999956, 0.0 ], [ 116.124950028000058, -8.601710009999977, 0.0 ], [ 116.125000032000116, -8.601666990999945, 0.0 ], [ 116.125152972000024, -8.601534956999956, 0.0 ], [ 116.12519299500002, -8.601530978999961, 0.0 ], [ 116.12525999200011, -8.601592981999943, 0.0 ], [ 116.125283972000034, -8.601624955999966, 0.0 ], [ 116.125374964000116, -8.601744974999974, 0.0 ], [ 116.125376983000024, -8.601746968999976, 0.0 ], [ 116.125491026000077, -8.60201000099994, 0.0 ], [ 116.125556025000037, -8.60235502699993, 0.0 ], [ 116.125586968000107, -8.602520030999926, 0.0 ], [ 116.125611023000033, -8.603335983999955, 0.0 ], [ 116.125568980000025, -8.603860981999958, 0.0 ], [ 116.125540983000064, -8.604338991999953, 0.0 ], [ 116.125606011000059, -8.604737005999937, 0.0 ], [ 116.12567600400007, -8.604865024999981, 0.0 ], [ 116.125863985000024, -8.605203005999954, 0.0 ], [ 116.125921037000012, -8.605648022999958, 0.0 ], [ 116.126005, -8.606056026999966, 0.0 ], [ 116.126152990000037, -8.606416975999934, 0.0 ], [ 116.126173271000084, -8.606485665999969, 0.0 ], [ 116.126175198000055, -8.606492192999951, 0.0 ], [ 116.126235971000028, -8.606698021999932, 0.0 ], [ 116.126246738000077, -8.606843974999947, 0.0 ], [ 116.126280012000052, -8.607295012999941, 0.0 ], [ 116.12625196800002, -8.607499035999979, 0.0 ], [ 116.126242963000095, -8.607569998999963, 0.0 ], [ 116.125702974000092, -8.607774034999977, 0.0 ], [ 116.125471988000072, -8.607856970999933, 0.0 ], [ 116.125359987000024, -8.607878960999926, 0.0 ], [ 116.125270028000045, -8.607896027999971, 0.0 ], [ 116.12521597500006, -8.607907026999953, 0.0 ], [ 116.125179031000016, -8.60790802799994, 0.0 ], [ 116.125000031000013, -8.607966034999947, 0.0 ], [ 116.124956011000108, -8.607981034999966, 0.0 ], [ 116.124765001000014, -8.608047966999948, 0.0 ], [ 116.124420020000116, -8.608075031999931, 0.0 ], [ 116.124366998000028, -8.608093990999976, 0.0 ], [ 116.124306027000102, -8.608116005999932, 0.0 ], [ 116.124183032000019, -8.608161028999973, 0.0 ], [ 116.124181007000061, -8.608162018999963, 0.0 ], [ 116.124055991000091, -8.608206041999949, 0.0 ], [ 116.123857027000099, -8.608278017999965, 0.0 ], [ 116.12383503500007, -8.608358987999964, 0.0 ], [ 116.123820003000105, -8.608672002999981, 0.0 ], [ 116.123747002000073, -8.609363038999959, 0.0 ], [ 116.123699990000091, -8.609863971999971, 0.0 ], [ 116.123535989000061, -8.610665027999971, 0.0 ], [ 116.123489963000111, -8.611291019999953, 0.0 ], [ 116.123418973000071, -8.611790994999978, 0.0 ], [ 116.123278034, -8.612273990999938, 0.0 ], [ 116.123229986000069, -8.612606008999933, 0.0 ], [ 116.123144979000017, -8.613075025999933, 0.0 ], [ 116.122980987, -8.613871017999941, 0.0 ], [ 116.122927035000089, -8.614195968999979, 0.0 ], [ 116.122835978000012, -8.614591005999955, 0.0 ], [ 116.122756974000026, -8.614991042999975, 0.0 ], [ 116.122709979000092, -8.615385997999965, 0.0 ], [ 116.122674975000109, -8.615779986999939, 0.0 ], [ 116.122676969000054, -8.616117996999947, 0.0 ], [ 116.12265603000003, -8.616586978999976, 0.0 ], [ 116.122627, -8.616925008999942, 0.0 ], [ 116.122609976000035, -8.617256012999974, 0.0 ], [ 116.122586967000075, -8.617550018999964, 0.0 ], [ 116.122544979000054, -8.61778800999997, 0.0 ], [ 116.12248399300006, -8.618107971999962, 0.0 ], [ 116.122429022, -8.618288965999966, 0.0 ], [ 116.122377978000031, -8.618976976999932, 0.0 ], [ 116.122363825000093, -8.619012809999958, 0.0 ], [ 116.122363654000083, -8.619012809999958, 0.0 ], [ 116.122092526000074, -8.619012311999938, 0.0 ], [ 116.121702865000088, -8.619011557999954, 0.0 ], [ 116.121573064000017, -8.618949569999927, 0.0 ], [ 116.121500168000011, -8.618949421999957, 0.0 ], [ 116.121307089000084, -8.619021044999954, 0.0 ], [ 116.121175787000084, -8.619084007999959, 0.0 ], [ 116.121072113000082, -8.619133722999948, 0.0 ], [ 116.121015641000099, -8.619147943999963, 0.0 ], [ 116.120950379000078, -8.619164377999937, 0.0 ], [ 116.120849296000074, -8.619189830999971, 0.0 ], [ 116.120588946000112, -8.619189258999938, 0.0 ], [ 116.120375787000057, -8.619132191999938, 0.0 ], [ 116.120110784000076, -8.61903383799995, 0.0 ], [ 116.119892576000098, -8.618945866999979, 0.0 ], [ 116.119799652000097, -8.618910682999967, 0.0 ], [ 116.119632755000112, -8.61884749099994, 0.0 ], [ 116.119418401000075, -8.618646316999957, 0.0 ], [ 116.119262625000033, -8.618563606999942, 0.0 ], [ 116.119001875000095, -8.618624674999978, 0.0 ], [ 116.118700140000101, -8.618562141999973, 0.0 ], [ 116.118497013000024, -8.618561597999928, 0.0 ], [ 116.11825693000003, -8.618650718999959, 0.0 ], [ 116.117923121000103, -8.618649790999939, 0.0 ], [ 116.117652264000071, -8.618649020999953, 0.0 ], [ 116.117417337, -8.618746102999978, 0.0 ], [ 116.117249790000074, -8.61890511799993, 0.0 ], [ 116.117181685000105, -8.618976950999979, 0.0 ], [ 116.117181323000068, -8.619043838999971, 0.0 ], [ 116.117278974000101, -8.619285942999966, 0.0 ], [ 116.11733542200011, -8.61944045499996, 0.0 ], [ 116.11730413600003, -8.619472709999968, 0.0 ], [ 116.117235895000022, -8.619543064999959, 0.0 ], [ 116.116872349, -8.619730552999954, 0.0 ], [ 116.116852991000087, -8.619759186999943, 0.0 ], [ 116.116667548, -8.620033487999933, 0.0 ], [ 116.116521115000069, -8.620141090999937, 0.0 ] ] ] ] } },
{ "type": "Feature", "properties": { "nm_kecamatan": "Cakranegara" }, "geometry": { "type": "MultiPolygon", "coordinates": [ [ [ [ 116.144020019000095, -8.593808992999925, 0.0 ], [ 116.143762983000101, -8.593986015999974, 0.0 ], [ 116.143436990000055, -8.594172017999938, 0.0 ], [ 116.142980021000085, -8.594456019999939, 0.0 ], [ 116.142948985000089, -8.594496008999954, 0.0 ], [ 116.142665022000074, -8.594851017999929, 0.0 ], [ 116.142345993000049, -8.595504981999966, 0.0 ], [ 116.142266973, -8.595757000999981, 0.0 ], [ 116.142004967000048, -8.59614397699994, 0.0 ], [ 116.142028981000067, -8.596261039999945, 0.0 ], [ 116.142072976, -8.596523007999963, 0.0 ], [ 116.142018022000116, -8.596636006999972, 0.0 ], [ 116.141869994000103, -8.596852967999951, 0.0 ], [ 116.141813018000107, -8.596964966999963, 0.0 ], [ 116.141762971000048, -8.597061971999949, 0.0 ], [ 116.141632971000035, -8.597191983999949, 0.0 ], [ 116.141462017000094, -8.597240974999977, 0.0 ], [ 116.140833984000096, -8.597353960999953, 0.0 ], [ 116.140627969000093, -8.597465989999932, 0.0 ], [ 116.140237995, -8.597777988999951, 0.0 ], [ 116.140121989000022, -8.597882983999966, 0.0 ], [ 116.139524001000041, -8.598195963999956, 0.0 ], [ 116.139406983000072, -8.598251041999958, 0.0 ], [ 116.139127989000031, -8.598260997999944, 0.0 ], [ 116.138597964000041, -8.598241998999981, 0.0 ], [ 116.138477031000093, -8.598305025999935, 0.0 ], [ 116.138328980000097, -8.598365007999973, 0.0 ], [ 116.13819098700003, -8.598318039999981, 0.0 ], [ 116.13804501300001, -8.598287962999962, 0.0 ], [ 116.137931005000041, -8.598336988999961, 0.0 ], [ 116.137909028000081, -8.598412986999961, 0.0 ], [ 116.137840976, -8.598551997999948, 0.0 ], [ 116.137829979000117, -8.598577020999926, 0.0 ], [ 116.137740015000077, -8.598763003999977, 0.0 ], [ 116.137509006000073, -8.599024988999929, 0.0 ], [ 116.137152991000107, -8.599296007999953, 0.0 ], [ 116.136939967000103, -8.599458022999954, 0.0 ], [ 116.136647975000074, -8.599548967999965, 0.0 ], [ 116.136432017000061, -8.599617025999976, 0.0 ], [ 116.135786995000103, -8.599752028999944, 0.0 ], [ 116.135569026000098, -8.599715007999976, 0.0 ], [ 116.135564006000095, -8.599714332999952, 0.0 ], [ 116.135553970000046, -8.59971298499994, 0.0 ], [ 116.135508611000091, -8.59971158999997, 0.0 ], [ 116.135131981000086, -8.599700009999935, 0.0 ], [ 116.134927001000051, -8.599618981999981, 0.0 ], [ 116.134761011000023, -8.599560013999962, 0.0 ], [ 116.134644033000086, -8.599597005999954, 0.0 ], [ 116.134316021000018, -8.599777026999959, 0.0 ], [ 116.134051974000045, -8.599870021999948, 0.0 ], [ 116.133421033000104, -8.600237985999968, 0.0 ], [ 116.133291968000094, -8.60021897799993, 0.0 ], [ 116.133111014000065, -8.600249042999963, 0.0 ], [ 116.133004036000102, -8.600238041999944, 0.0 ], [ 116.132717019000097, -8.600151039999957, 0.0 ], [ 116.13253803300006, -8.600171976999945, 0.0 ], [ 116.132483973000035, -8.600186955999959, 0.0 ], [ 116.132370963000085, -8.60025795599995, 0.0 ], [ 116.132346984000037, -8.600423016999969, 0.0 ], [ 116.132277983000108, -8.601801019999925, 0.0 ], [ 116.13220500500006, -8.601797961999978, 0.0 ], [ 116.131965991000015, -8.601789012999973, 0.0 ], [ 116.131939992000071, -8.601787959999967, 0.0 ], [ 116.131345024000098, -8.601789962999931, 0.0 ], [ 116.131088980000072, -8.601790017999974, 0.0 ], [ 116.130724011000098, -8.60177798199993, 0.0 ], [ 116.130366986000013, -8.601765961999945, 0.0 ], [ 116.130120991000013, -8.601794974999962, 0.0 ], [ 116.129556973000035, -8.601795960999937, 0.0 ], [ 116.128981037000017, -8.601798002999942, 0.0 ], [ 116.128857998000058, -8.601797995999959, 0.0 ], [ 116.128875285000049, -8.601564972999938, 0.0 ], [ 116.128935003000038, -8.600760007999952, 0.0 ], [ 116.128986990000044, -8.600077964999969, 0.0 ], [ 116.129041739000058, -8.599369803999934, 0.0 ], [ 116.129047988000025, -8.599288968999929, 0.0 ], [ 116.129058972000053, -8.599072969999952, 0.0 ], [ 116.129091010000025, -8.598464034999949, 0.0 ], [ 116.129141032, -8.59742797499996, 0.0 ], [ 116.129152756000053, -8.597183271999938, 0.0 ], [ 116.129154784000093, -8.597140940999964, 0.0 ], [ 116.129170953000084, -8.596803482999974, 0.0 ], [ 116.129172032000042, -8.596780967999962, 0.0 ], [ 116.128008968000017, -8.596705996999958, 0.0 ], [ 116.127941991000057, -8.596700961999943, 0.0 ], [ 116.127726014000018, -8.596684221999965, 0.0 ], [ 116.127387972000065, -8.596658020999939, 0.0 ], [ 116.127275968000049, -8.596649990999936, 0.0 ], [ 116.127260670000055, -8.596649534999926, 0.0 ], [ 116.127113756000085, -8.59664515999998, 0.0 ], [ 116.126806031000115, -8.596635994999929, 0.0 ], [ 116.12637651700004, -8.596616835999953, 0.0 ], [ 116.126222974000029, -8.596609986999965, 0.0 ], [ 116.125977564000095, -8.596599470999934, 0.0 ], [ 116.125685994000037, -8.596586975999969, 0.0 ], [ 116.125643967000087, -8.596582991999981, 0.0 ], [ 116.125611246000062, -8.596599873999935, 0.0 ], [ 116.125424984, -8.596695976999968, 0.0 ], [ 116.125294007000093, -8.59692300699993, 0.0 ], [ 116.125257574000102, -8.597140940999964, 0.0 ], [ 116.125239003000047, -8.597252025999978, 0.0 ], [ 116.125335016, -8.600474965999979, 0.0 ], [ 116.12519299500002, -8.601530978999961, 0.0 ], [ 116.125152972000024, -8.601534956999956, 0.0 ], [ 116.125000032000116, -8.601666990999945, 0.0 ], [ 116.124950028000058, -8.601710009999977, 0.0 ], [ 116.124829028000022, -8.601833976999956, 0.0 ], [ 116.124667965000071, -8.601880992999952, 0.0 ], [ 116.124497970000107, -8.601837021999927, 0.0 ], [ 116.124271036000096, -8.601756027999954, 0.0 ], [ 116.123998965000055, -8.601719962999937, 0.0 ], [ 116.123876030000019, -8.60170702399995, 0.0 ], [ 116.123441993000029, -8.601393980999944, 0.0 ], [ 116.123365020000051, -8.601369029999944, 0.0 ], [ 116.123285964000047, -8.601370024999937, 0.0 ], [ 116.122843015000058, -8.601609001999975, 0.0 ], [ 116.122629001000064, -8.601709969999945, 0.0 ], [ 116.12249698100004, -8.601802986999928, 0.0 ], [ 116.122446969000066, -8.601881993999939, 0.0 ], [ 116.122483025000065, -8.602038961999938, 0.0 ], [ 116.12252000400008, -8.602348025999959, 0.0 ], [ 116.122521986000038, -8.602366024999981, 0.0 ], [ 116.122478024000088, -8.602551022999933, 0.0 ], [ 116.122416033000036, -8.60262602399996, 0.0 ], [ 116.122281009000062, -8.602623997999956, 0.0 ], [ 116.122069033000116, -8.602587977999974, 0.0 ], [ 116.121682019000104, -8.602648040999952, 0.0 ], [ 116.121427013000016, -8.602684984999939, 0.0 ], [ 116.121106004000012, -8.602716984999972, 0.0 ], [ 116.120677966000017, -8.602954998999962, 0.0 ], [ 116.120563031000074, -8.60301495799996, 0.0 ], [ 116.120274024000082, -8.602914017999979, 0.0 ], [ 116.120025024000029, -8.602848975999962, 0.0 ], [ 116.119972993000033, -8.602860973999952, 0.0 ], [ 116.119941037000103, -8.60300603099995, 0.0 ], [ 116.119923983000035, -8.603220025999974, 0.0 ], [ 116.119931992000033, -8.60325603299998, 0.0 ], [ 116.119919975000016, -8.60326803199996, 0.0 ], [ 116.119798969000044, -8.603360982999959, 0.0 ], [ 116.119770987000038, -8.603375024999934, 0.0 ], [ 116.119641026000068, -8.603387024999961, 0.0 ], [ 116.119425027000034, -8.60347098699998, 0.0 ], [ 116.119077979000053, -8.603615956999931, 0.0 ], [ 116.118987015000016, -8.60361402999996, 0.0 ], [ 116.118899968000051, -8.603570969999964, 0.0 ], [ 116.118712027000015, -8.60227901199994, 0.0 ], [ 116.118507993000094, -8.600363994999952, 0.0 ], [ 116.118376028000057, -8.599169008999979, 0.0 ], [ 116.118350005000025, -8.598984031999976, 0.0 ], [ 116.118314017000102, -8.598831042999961, 0.0 ], [ 116.118259014000046, -8.598734976999935, 0.0 ], [ 116.118188993000103, -8.598652981999976, 0.0 ], [ 116.118054015000098, -8.598567041999956, 0.0 ], [ 116.117427005000081, -8.59868903399996, 0.0 ], [ 116.117167036000069, -8.59873500599997, 0.0 ], [ 116.11694197700001, -8.598752031999936, 0.0 ], [ 116.116592988000093, -8.598830985999939, 0.0 ], [ 116.116557013000033, -8.598154982999972, 0.0 ], [ 116.116250969000021, -8.596515976999967, 0.0 ], [ 116.116447970000081, -8.596319032999929, 0.0 ], [ 116.116366991000064, -8.596244970999976, 0.0 ], [ 116.116221019000022, -8.596118042999933, 0.0 ], [ 116.11623699900008, -8.596045016999938, 0.0 ], [ 116.11630497200008, -8.595910982999953, 0.0 ], [ 116.116306977000022, -8.595822009999949, 0.0 ], [ 116.116345003000106, -8.595676966999974, 0.0 ], [ 116.116370996000114, -8.595550974999981, 0.0 ], [ 116.116385027000092, -8.595478034999928, 0.0 ], [ 116.116450994000047, -8.595272019999982, 0.0 ], [ 116.116546003000053, -8.594981975999929, 0.0 ], [ 116.11654696700009, -8.594954037999969, 0.0 ], [ 116.116509990000054, -8.594905032999975, 0.0 ], [ 116.116501027000027, -8.594827970999972, 0.0 ], [ 116.116561021000052, -8.594677009999941, 0.0 ], [ 116.116696024000021, -8.594428020999942, 0.0 ], [ 116.116736973000116, -8.594347003999928, 0.0 ], [ 116.116617, -8.594350978999955, 0.0 ], [ 116.115607010000076, -8.594383022999978, 0.0 ], [ 116.115535976000047, -8.594383039999968, 0.0 ], [ 116.115474982000023, -8.594382990999975, 0.0 ], [ 116.114032986000097, -8.594364032999977, 0.0 ], [ 116.113653024000087, -8.594359, 0.0 ], [ 116.113270964000094, -8.594353960999968, 0.0 ], [ 116.112778, -8.594352011999945, 0.0 ], [ 116.112816029000101, -8.594173963999935, 0.0 ], [ 116.112901002000058, -8.59381897399993, 0.0 ], [ 116.11304803500002, -8.593455988999949, 0.0 ], [ 116.113164999000105, -8.593166991999965, 0.0 ], [ 116.113250992000076, -8.59301699599996, 0.0 ], [ 116.113812016000111, -8.592137013999945, 0.0 ], [ 116.113903983000114, -8.591963972999963, 0.0 ], [ 116.114038982000011, -8.591780993999976, 0.0 ], [ 116.114071983000031, -8.591735043999961, 0.0 ], [ 116.114247984000031, -8.591448984999943, 0.0 ], [ 116.114434964000111, -8.591209971999945, 0.0 ], [ 116.11473300800003, -8.590705004999961, 0.0 ], [ 116.114774988000022, -8.590632038999956, 0.0 ], [ 116.114964984000039, -8.590384984999957, 0.0 ], [ 116.115117964000092, -8.590170035999961, 0.0 ], [ 116.115371026000048, -8.589868961999969, 0.0 ], [ 116.11556198400001, -8.589593968999964, 0.0 ], [ 116.115938030000052, -8.589022989999933, 0.0 ], [ 116.115959977000102, -8.588994013999979, 0.0 ], [ 116.116375034000043, -8.58843397399994, 0.0 ], [ 116.116623981000089, -8.588096991999976, 0.0 ], [ 116.11667890800004, -8.588014258999976, 0.0 ], [ 116.116696991000026, -8.587987021999936, 0.0 ], [ 116.116749023000011, -8.58790901499998, 0.0 ], [ 116.116881551, -8.587751064999964, 0.0 ], [ 116.117009972, -8.587598010999955, 0.0 ], [ 116.11733468400007, -8.587154469999973, 0.0 ], [ 116.117479989000117, -8.586955990999968, 0.0 ], [ 116.117631037000024, -8.586732988999927, 0.0 ], [ 116.117831983000087, -8.58634995999995, 0.0 ], [ 116.117831030000048, -8.586341005999941, 0.0 ], [ 116.117905032000067, -8.58612596599994, 0.0 ], [ 116.117952997000089, -8.586023986999976, 0.0 ], [ 116.118305997000107, -8.586376995999956, 0.0 ], [ 116.118408017000093, -8.58642397899996, 0.0 ], [ 116.118425015000071, -8.586437640999975, 0.0 ], [ 116.118427987000018, -8.586440029999949, 0.0 ], [ 116.118527739000115, -8.58625253799994, 0.0 ], [ 116.118594, -8.58612799399998, 0.0 ], [ 116.118615938000062, -8.586045694999939, 0.0 ], [ 116.118677974000093, -8.585812966999981, 0.0 ], [ 116.118725788, -8.58548677999994, 0.0 ], [ 116.118742652000037, -8.585371736999946, 0.0 ], [ 116.118865018000065, -8.584536965999973, 0.0 ], [ 116.118925994000051, -8.584218992999979, 0.0 ], [ 116.119000969000012, -8.583809, 0.0 ], [ 116.119038025, -8.583595954999964, 0.0 ], [ 116.119185551000101, -8.582831139999939, 0.0 ], [ 116.119217982, -8.582663006999951, 0.0 ], [ 116.119230027000071, -8.582346007999945, 0.0 ], [ 116.119223981000118, -8.58210799699998, 0.0 ], [ 116.119218006000096, -8.58190498099998, 0.0 ], [ 116.119211454000038, -8.581701704999944, 0.0 ], [ 116.11921101300004, -8.581688037999982, 0.0 ], [ 116.119478013000048, -8.581707002999963, 0.0 ], [ 116.119758979000039, -8.581844003999947, 0.0 ], [ 116.120117557000071, -8.581999961999941, 0.0 ], [ 116.120136015000071, -8.582007989999966, 0.0 ], [ 116.120146290000093, -8.582010418999971, 0.0 ], [ 116.121218049000049, -8.582263739999973, 0.0 ], [ 116.121438985000054, -8.582315960999949, 0.0 ], [ 116.122458986000083, -8.582478966999929, 0.0 ], [ 116.123210993000043, -8.58259904199997, 0.0 ], [ 116.123476966000112, -8.582641964999937, 0.0 ], [ 116.123676099000022, -8.582744257999934, 0.0 ], [ 116.123693030000027, -8.582752954999933, 0.0 ], [ 116.124073010000075, -8.582974000999968, 0.0 ], [ 116.124613012000054, -8.583206984999947, 0.0 ], [ 116.125000017000048, -8.58327296899995, 0.0 ], [ 116.125151997000103, -8.583295014999976, 0.0 ], [ 116.125354988000026, -8.583291044999953, 0.0 ], [ 116.125543968000102, -8.58325403799995, 0.0 ], [ 116.125716985000054, -8.583217988999934, 0.0 ], [ 116.125899015000073, -8.58317300799996, 0.0 ], [ 116.125987979000115, -8.58312998699995, 0.0 ], [ 116.126060997000081, -8.58308096199994, 0.0 ], [ 116.126091988000098, -8.583028042999956, 0.0 ], [ 116.126099971000031, -8.582944960999953, 0.0 ], [ 116.126155031000053, -8.582197004999955, 0.0 ], [ 116.126022003000116, -8.581817011999931, 0.0 ], [ 116.125737032000075, -8.581431971999962, 0.0 ], [ 116.125438025000108, -8.580860987999927, 0.0 ], [ 116.125549966000108, -8.580731030999971, 0.0 ], [ 116.125726715000042, -8.580417785999941, 0.0 ], [ 116.125773165000055, -8.580335464999962, 0.0 ], [ 116.125805006000064, -8.580279033999943, 0.0 ], [ 116.126189681000028, -8.579871009999977, 0.0 ], [ 116.126497973000028, -8.579544006999981, 0.0 ], [ 116.127061007000066, -8.578482974999929, 0.0 ], [ 116.127067150000016, -8.578404300999978, 0.0 ], [ 116.127107389000116, -8.577888979999955, 0.0 ], [ 116.127108420000013, -8.577875783999957, 0.0 ], [ 116.127135027, -8.577535041999965, 0.0 ], [ 116.127150187000098, -8.577166022999961, 0.0 ], [ 116.1271960360001, -8.576049958999931, 0.0 ], [ 116.127095373000088, -8.57577411699998, 0.0 ], [ 116.127061916000116, -8.575682434999976, 0.0 ], [ 116.126703028000065, -8.574698987999966, 0.0 ], [ 116.126395220000063, -8.57426307999998, 0.0 ], [ 116.126280966000081, -8.574101276999954, 0.0 ], [ 116.126200992, -8.573988020999934, 0.0 ], [ 116.126129993000063, -8.573515030999943, 0.0 ], [ 116.126076968, -8.573504963999937, 0.0 ], [ 116.125930999000047, -8.573509967999939, 0.0 ], [ 116.125771011000097, -8.57348600499995, 0.0 ], [ 116.125706965000063, -8.573412977999965, 0.0 ], [ 116.125569006000092, -8.573159024999939, 0.0 ], [ 116.12554899700001, -8.572964024999976, 0.0 ], [ 116.125547017000031, -8.572551956999973, 0.0 ], [ 116.125467983000021, -8.57241496499995, 0.0 ], [ 116.125442031000034, -8.572098963999963, 0.0 ], [ 116.125392983000097, -8.572119016999977, 0.0 ], [ 116.125350992000108, -8.572166032999974, 0.0 ], [ 116.125000034000095, -8.572297980999963, 0.0 ], [ 116.124851027000091, -8.572353977999967, 0.0 ], [ 116.124449988000038, -8.572499013999959, 0.0 ], [ 116.124174969000023, -8.57261404299993, 0.0 ], [ 116.123836008000012, -8.572742037999944, 0.0 ], [ 116.123799032000079, -8.572757959999933, 0.0 ], [ 116.123612035000065, -8.57281504499997, 0.0 ], [ 116.123281973000076, -8.57285200299998, 0.0 ], [ 116.122843979000095, -8.572774960999936, 0.0 ], [ 116.122303989000102, -8.572608980999973, 0.0 ], [ 116.122195918000102, -8.572575837999977, 0.0 ], [ 116.121364997000114, -8.572321013999954, 0.0 ], [ 116.120589968000104, -8.571958004999942, 0.0 ], [ 116.119976009000084, -8.571669960999941, 0.0 ], [ 116.119590001, -8.571339032999958, 0.0 ], [ 116.119519103000016, -8.571276370999954, 0.0 ], [ 116.119477990000064, -8.57124003399997, 0.0 ], [ 116.119325001000107, -8.571105043999978, 0.0 ], [ 116.11943799200003, -8.570974004999925, 0.0 ], [ 116.119451975000061, -8.570920957999931, 0.0 ], [ 116.119544963000067, -8.570691039999929, 0.0 ], [ 116.119715998000061, -8.570439959999931, 0.0 ], [ 116.119991975000062, -8.570071024999947, 0.0 ], [ 116.120266033, -8.569786993999969, 0.0 ], [ 116.120486994000089, -8.569458984999926, 0.0 ], [ 116.120698963000109, -8.569066031999967, 0.0 ], [ 116.121460015000025, -8.567942974999937, 0.0 ], [ 116.121809987, -8.567521036999949, 0.0 ], [ 116.122437996000031, -8.566940039999963, 0.0 ], [ 116.123214011000073, -8.565528016999963, 0.0 ], [ 116.123548988000039, -8.564519006999944, 0.0 ], [ 116.123687964000055, -8.564100707999955, 0.0 ], [ 116.123842587000013, -8.564221979999957, 0.0 ], [ 116.124195045000079, -8.56438172999998, 0.0 ], [ 116.124579612000048, -8.564455918999954, 0.0 ], [ 116.124625514000059, -8.56446477399993, 0.0 ], [ 116.124970648000044, -8.564531356999964, 0.0 ], [ 116.125052099000072, -8.564502446999938, 0.0 ], [ 116.125259112000094, -8.564428970999927, 0.0 ], [ 116.125308379000103, -8.564411483999947, 0.0 ], [ 116.125433133000115, -8.564367318999928, 0.0 ], [ 116.125789096000062, -8.564241300999981, 0.0 ], [ 116.125919181000086, -8.564273035999975, 0.0 ], [ 116.126022919000093, -8.564298342999962, 0.0 ], [ 116.126282806000063, -8.564361743999939, 0.0 ], [ 116.126343722000115, -8.56437660499995, 0.0 ], [ 116.126567815000044, -8.564275615999975, 0.0 ], [ 116.126640003000034, -8.564243083999941, 0.0 ], [ 116.126785614000028, -8.564177463999954, 0.0 ], [ 116.126794935000021, -8.564173263999976, 0.0 ], [ 116.126878335000015, -8.564135678999946, 0.0 ], [ 116.126879168000073, -8.564135303999933, 0.0 ], [ 116.126893504, -8.564128842999935, 0.0 ], [ 116.126900496000076, -8.564125691999948, 0.0 ], [ 116.126966078, -8.564096136999979, 0.0 ], [ 116.12697171700006, -8.564093595999964, 0.0 ], [ 116.126972919000082, -8.564093053999954, 0.0 ], [ 116.12697882000009, -8.564090394999937, 0.0 ], [ 116.126982488000067, -8.564088741999967, 0.0 ], [ 116.126995683000018, -8.56408279599998, 0.0 ], [ 116.127076401000068, -8.564083260999951, 0.0 ], [ 116.127090571000053, -8.564083342999936, 0.0 ], [ 116.127144951000105, -8.56408365599998, 0.0 ], [ 116.127144978000047, -8.56408365599998, 0.0 ], [ 116.127157532000069, -8.564083727999957, 0.0 ], [ 116.127210780000041, -8.564084034999951, 0.0 ], [ 116.12722976900011, -8.564091063999967, 0.0 ], [ 116.127287645000024, -8.564112485999942, 0.0 ], [ 116.127361247000067, -8.564139728999976, 0.0 ], [ 116.127548641000089, -8.564209091999942, 0.0 ], [ 116.127558105000048, -8.564207041999964, 0.0 ], [ 116.127639805000058, -8.564189342999953, 0.0 ], [ 116.12787219400002, -8.564138997999976, 0.0 ], [ 116.127887243000032, -8.564135737999948, 0.0 ], [ 116.128075648000049, -8.564095002999977, 0.0 ], [ 116.128126775000055, -8.564083948999951, 0.0 ], [ 116.128168637000044, -8.564074897999944, 0.0 ], [ 116.128293282000072, -8.56410714499998, 0.0 ], [ 116.128397014000029, -8.56413398199993, 0.0 ], [ 116.128461468000069, -8.564150656999971, 0.0 ], [ 116.12856648200011, -8.564177825999934, 0.0 ], [ 116.12866103500005, -8.564202287999933, 0.0 ], [ 116.128673289000062, -8.564205457999947, 0.0 ], [ 116.12920533700003, -8.564535830999944, 0.0 ], [ 116.129233873000089, -8.564553549999971, 0.0 ], [ 116.129343285000118, -8.564580540999941, 0.0 ], [ 116.129682733000095, -8.564664280999978, 0.0 ], [ 116.12988731900009, -8.564756741999929, 0.0 ], [ 116.129976133000014, -8.56479688099995, 0.0 ], [ 116.130158162000043, -8.564879146999942, 0.0 ], [ 116.130166685000063, -8.564882998999963, 0.0 ], [ 116.130187858000113, -8.564899430999958, 0.0 ], [ 116.130281294000042, -8.564971946999947, 0.0 ], [ 116.130297956000049, -8.564984877999962, 0.0 ], [ 116.130430103000094, -8.565087436999931, 0.0 ], [ 116.130496046000076, -8.565138614999967, 0.0 ], [ 116.130537821000075, -8.565171036999971, 0.0 ], [ 116.130601477000027, -8.565189086999965, 0.0 ], [ 116.130612369, -8.565192174999936, 0.0 ], [ 116.13070859100003, -8.565219456999955, 0.0 ], [ 116.130739940000012, -8.565228345999969, 0.0 ], [ 116.130791373000079, -8.565242928999965, 0.0 ], [ 116.130958434000036, -8.565099989999965, 0.0 ], [ 116.130981456000086, -8.565080291999948, 0.0 ], [ 116.130982645000017, -8.56507927499996, 0.0 ], [ 116.131000712000059, -8.565063816999952, 0.0 ], [ 116.131130823000035, -8.564952492999964, 0.0 ], [ 116.131183136000118, -8.564907732999927, 0.0 ], [ 116.131254156000068, -8.564709664999953, 0.0 ], [ 116.131300124000063, -8.564581463999957, 0.0 ], [ 116.131335341000067, -8.564537378999944, 0.0 ], [ 116.131453312000076, -8.564389701999971, 0.0 ], [ 116.131461794000074, -8.564367017999928, 0.0 ], [ 116.131468110000014, -8.564350124999976, 0.0 ], [ 116.131521284000087, -8.564207912999962, 0.0 ], [ 116.131523887000071, -8.564095322999947, 0.0 ], [ 116.131687619000104, -8.56390360499995, 0.0 ], [ 116.13191146600002, -8.563741302999972, 0.0 ], [ 116.131914555000094, -8.563739062999957, 0.0 ], [ 116.132030937000081, -8.563654655999926, 0.0 ], [ 116.132059588000061, -8.563645883999925, 0.0 ], [ 116.132059841000114, -8.563645805999954, 0.0 ], [ 116.13207460600006, -8.56364128499996, 0.0 ], [ 116.132220190000112, -8.563596708999967, 0.0 ], [ 116.132236998000053, -8.563591561999942, 0.0 ], [ 116.132296631000031, -8.563600340999926, 0.0 ], [ 116.132379630000059, -8.563612559999967, 0.0 ], [ 116.132391093000024, -8.563614247999965, 0.0 ], [ 116.132688746000099, -8.563658069999974, 0.0 ], [ 116.132996669000022, -8.563841321999973, 0.0 ], [ 116.133194738000043, -8.563959196999974, 0.0 ], [ 116.133257651, -8.563985042999946, 0.0 ], [ 116.133472473000097, -8.564073295999947, 0.0 ], [ 116.133649647000084, -8.564146081999979, 0.0 ], [ 116.134066986000107, -8.564219694999963, 0.0 ], [ 116.134445720000031, -8.564394034999964, 0.0 ], [ 116.1349191810001, -8.564762348999977, 0.0 ], [ 116.135151667000059, -8.565006407999931, 0.0 ], [ 116.135190513000111, -8.565047186999948, 0.0 ], [ 116.135696316, -8.565496924999934, 0.0 ], [ 116.135981392000076, -8.565600703999962, 0.0 ], [ 116.13625112200009, -8.565598923999971, 0.0 ], [ 116.136421751000057, -8.565481591999969, 0.0 ], [ 116.136542395000106, -8.565237684999943, 0.0 ], [ 116.136753082000041, -8.565178322999941, 0.0 ], [ 116.136973995000062, -8.565177123999945, 0.0 ], [ 116.137224712000034, -8.56523924399994, 0.0 ], [ 116.137946750000083, -8.565177671999948, 0.0 ], [ 116.138205120000066, -8.565176557999962, 0.0 ], [ 116.138329430000113, -8.565176041999962, 0.0 ], [ 116.138387734000048, -8.565175806999946, 0.0 ], [ 116.138474725000037, -8.565175455999963, 0.0 ], [ 116.138646907000066, -8.565174784999954, 0.0 ], [ 116.139012716000025, -8.565173440999956, 0.0 ], [ 116.139200962000018, -8.565172792999931, 0.0 ], [ 116.13936229400008, -8.565172258999951, 0.0 ], [ 116.139667478000092, -8.565382421999971, 0.0 ], [ 116.139918759000011, -8.565629639999941, 0.0 ], [ 116.140103852000038, -8.56570822499998, 0.0 ], [ 116.140308117000018, -8.565707663999945, 0.0 ], [ 116.140455664000115, -8.56576327099998, 0.0 ], [ 116.14051973100004, -8.565787416999967, 0.0 ], [ 116.140613873, -8.565822896999975, 0.0 ], [ 116.140716353000016, -8.565894036999964, 0.0 ], [ 116.14087741600008, -8.566005842999971, 0.0 ], [ 116.141337603000011, -8.566437020999956, 0.0 ], [ 116.141511620000074, -8.566652036999926, 0.0 ], [ 116.141698457000075, -8.566983513999958, 0.0 ], [ 116.142073091000043, -8.567409381999937, 0.0 ], [ 116.142344438, -8.567808058999958, 0.0 ], [ 116.142504336000115, -8.567955981999944, 0.0 ], [ 116.142852942000104, -8.568278480999936, 0.0 ], [ 116.143070514000101, -8.568479772999979, 0.0 ], [ 116.143167836000089, -8.568569812999954, 0.0 ], [ 116.143460115000039, -8.568840244999933, 0.0 ], [ 116.14359399500006, -8.568933575999949, 0.0 ], [ 116.143930652000108, -8.569168266999952, 0.0 ], [ 116.144278713000062, -8.569411010999943, 0.0 ], [ 116.1445255000001, -8.569583177999959, 0.0 ], [ 116.144531948, -8.569585483999958, 0.0 ], [ 116.144803906000107, -8.569682737999926, 0.0 ], [ 116.145154536000064, -8.569682941999929, 0.0 ], [ 116.145189805000086, -8.569682962999934, 0.0 ], [ 116.145532766000088, -8.56968322299997, 0.0 ], [ 116.145680313000071, -8.569683350999981, 0.0 ], [ 116.14581961600004, -8.56968348099997, 0.0 ], [ 116.146044624000069, -8.569683710999925, 0.0 ], [ 116.146259005000047, -8.569594538999979, 0.0 ], [ 116.146412513000087, -8.569594721999977, 0.0 ], [ 116.146288956000035, -8.569910127999947, 0.0 ], [ 116.146234311000057, -8.570049664999942, 0.0 ], [ 116.146100986000079, -8.570544601999927, 0.0 ], [ 116.146100787000023, -8.571059715999979, 0.0 ], [ 116.146150123000098, -8.57126717999995, 0.0 ], [ 116.146331114000077, -8.572028276999959, 0.0 ], [ 116.146509277000064, -8.571840580999947, 0.0 ], [ 116.146545206000042, -8.571802728999955, 0.0 ], [ 116.146725, -8.571714811999925, 0.0 ], [ 116.146810717000108, -8.571672896999928, 0.0 ], [ 116.146824395000067, -8.571666207999954, 0.0 ], [ 116.146919939000099, -8.571619487999953, 0.0 ], [ 116.146684010000058, -8.572252012999968, 0.0 ], [ 116.146597986000074, -8.57232298699995, 0.0 ], [ 116.146538030000102, -8.572363002999964, 0.0 ], [ 116.146397995000029, -8.572461979999957, 0.0 ], [ 116.146257969000089, -8.572590977999937, 0.0 ], [ 116.146048001000054, -8.57276901299997, 0.0 ], [ 116.145576973000061, -8.573086989999979, 0.0 ], [ 116.145136977000107, -8.57316495699996, 0.0 ], [ 116.144653964000099, -8.573246987999937, 0.0 ], [ 116.144485978000034, -8.573279981999974, 0.0 ], [ 116.144141991000083, -8.573312043999977, 0.0 ], [ 116.143202970000061, -8.573360960999935, 0.0 ], [ 116.142590033000033, -8.573375966999947, 0.0 ], [ 116.141467033000026, -8.573206004999975, 0.0 ], [ 116.140922017000094, -8.573137968999959, 0.0 ], [ 116.140528014000097, -8.573221005999926, 0.0 ], [ 116.140159029000074, -8.573474006999959, 0.0 ], [ 116.140074966000043, -8.573505015999956, 0.0 ], [ 116.139923036000027, -8.573562006999964, 0.0 ], [ 116.139804988000037, -8.573612020999974, 0.0 ], [ 116.13952000300003, -8.573795037999957, 0.0 ], [ 116.139218029000062, -8.573902964999945, 0.0 ], [ 116.139007993000064, -8.573910001999934, 0.0 ], [ 116.138680975000057, -8.573825990999978, 0.0 ], [ 116.138328989000115, -8.573749972999963, 0.0 ], [ 116.137946963000104, -8.573637987999973, 0.0 ], [ 116.137911975000065, -8.573637005999956, 0.0 ], [ 116.137731981000115, -8.573579002999963, 0.0 ], [ 116.137329992000105, -8.573514988999932, 0.0 ], [ 116.136810979000074, -8.573479014999975, 0.0 ], [ 116.136335017000079, -8.573390961999962, 0.0 ], [ 116.13601802900007, -8.575302010999962, 0.0 ], [ 116.136267031000102, -8.57801404199995, 0.0 ], [ 116.136557003, -8.579241028999945, 0.0 ], [ 116.13710603100003, -8.579825043999961, 0.0 ], [ 116.138172001000044, -8.580471973999977, 0.0 ], [ 116.138918011000101, -8.580761008999957, 0.0 ], [ 116.139225016000069, -8.581149977999928, 0.0 ], [ 116.13941399600003, -8.581711032999976, 0.0 ], [ 116.13950503, -8.582078992999925, 0.0 ], [ 116.139677028000051, -8.58392602999993, 0.0 ], [ 116.139483001000031, -8.585072995999951, 0.0 ], [ 116.139505999000107, -8.58527496499994, 0.0 ], [ 116.139550998000118, -8.585456004999969, 0.0 ], [ 116.139674003000096, -8.58583497799998, 0.0 ], [ 116.139754016000097, -8.586172983999973, 0.0 ], [ 116.139860003000081, -8.586223043999951, 0.0 ], [ 116.140120979000017, -8.586624026999971, 0.0 ], [ 116.140359010000111, -8.586932995999973, 0.0 ], [ 116.140359007000029, -8.586933990999967, 0.0 ], [ 116.140759991000095, -8.58728500899997, 0.0 ], [ 116.14092000800008, -8.587366024999938, 0.0 ], [ 116.140945980000083, -8.587379012999975, 0.0 ], [ 116.141124969000089, -8.587387007999951, 0.0 ], [ 116.141601967000042, -8.587255959999936, 0.0 ], [ 116.141950989000065, -8.587122997999927, 0.0 ], [ 116.142196020000029, -8.587018017999981, 0.0 ], [ 116.142349999000089, -8.586951988999942, 0.0 ], [ 116.142712989000074, -8.58680504199998, 0.0 ], [ 116.142966007000041, -8.586747009999954, 0.0 ], [ 116.143431574000033, -8.586640810999938, 0.0 ], [ 116.14355803, -8.586611964999975, 0.0 ], [ 116.143614032000073, -8.586598976999937, 0.0 ], [ 116.14390796400005, -8.586572954999951, 0.0 ], [ 116.14444800900003, -8.586694960999978, 0.0 ], [ 116.144884007000087, -8.586836990999927, 0.0 ], [ 116.145148016, -8.586923027999944, 0.0 ], [ 116.145272977000104, -8.586932980999961, 0.0 ], [ 116.145372988000076, -8.586941973999956, 0.0 ], [ 116.145344163000118, -8.589006925999968, 0.0 ], [ 116.145317701000067, -8.590902554999957, 0.0 ], [ 116.145315964000019, -8.591026967999937, 0.0 ], [ 116.145309330000032, -8.591128923999975, 0.0 ], [ 116.145305785, -8.591183407999949, 0.0 ], [ 116.145269054000096, -8.591747875999943, 0.0 ], [ 116.145243019000077, -8.592147982999961, 0.0 ], [ 116.144958880000104, -8.592466654999953, 0.0 ], [ 116.144593009, -8.592876991999958, 0.0 ], [ 116.144182977000014, -8.593683030999955, 0.0 ], [ 116.144020019000095, -8.593808992999925, 0.0 ] ] ] ] } },
{ "type": "Feature", "properties": { "nm_kecamatan": "Sekarbela" }, "geometry": { "type": "MultiPolygon", "coordinates": [ [ [ [ 116.095461000000114, -8.60732196999993, 0.0 ], [ 116.095537986000068, -8.607530034999968, 0.0 ], [ 116.095620983000117, -8.607541984999955, 0.0 ], [ 116.095817022, -8.607536025999934, 0.0 ], [ 116.096424011000067, -8.607711969999968, 0.0 ], [ 116.096601987000099, -8.607848716999968, 0.0 ], [ 116.096808017000058, -8.608007019999945, 0.0 ], [ 116.097102014000029, -8.608087011999942, 0.0 ], [ 116.097156967000046, -8.608139043999927, 0.0 ], [ 116.097320968000076, -8.60818201799998, 0.0 ], [ 116.097394983000072, -8.608189968999966, 0.0 ], [ 116.097536018000028, -8.608216973999959, 0.0 ], [ 116.098211980000087, -8.608316036999952, 0.0 ], [ 116.098853034000058, -8.608345812999971, 0.0 ], [ 116.099030009000103, -8.608354032999955, 0.0 ], [ 116.099835005000045, -8.608422017999942, 0.0 ], [ 116.100269983000089, -8.608489044999942, 0.0 ], [ 116.100308770000083, -8.608496240999955, 0.0 ], [ 116.100770992000093, -8.608581996999931, 0.0 ], [ 116.101126994000083, -8.608648023999933, 0.0 ], [ 116.101356027000065, -8.608664021999971, 0.0 ], [ 116.101522006000096, -8.608662962999972, 0.0 ], [ 116.101760986000045, -8.608719041999962, 0.0 ], [ 116.101917021000077, -8.608804042999964, 0.0 ], [ 116.102159024000116, -8.608721959999968, 0.0 ], [ 116.102376009000068, -8.608636021999928, 0.0 ], [ 116.10259398200003, -8.608512016999953, 0.0 ], [ 116.103399794000097, -8.610209161999933, 0.0 ], [ 116.103414070000099, -8.610239228999944, 0.0 ], [ 116.104145399000117, -8.61177950299998, 0.0 ], [ 116.104236318000062, -8.611970989999975, 0.0 ], [ 116.104261007000105, -8.612022987999978, 0.0 ], [ 116.104359977000058, -8.612368910999976, 0.0 ], [ 116.104613424000036, -8.61325476899998, 0.0 ], [ 116.104638498000099, -8.613342408999927, 0.0 ], [ 116.105165968000051, -8.61518603899998, 0.0 ], [ 116.105286033000084, -8.615273034999973, 0.0 ], [ 116.105452001000117, -8.61559695699998, 0.0 ], [ 116.105555024000068, -8.615953013999956, 0.0 ], [ 116.106032998000046, -8.616925006999963, 0.0 ], [ 116.107133654000108, -8.619941523999955, 0.0 ], [ 116.10702367500005, -8.620306789999972, 0.0 ], [ 116.107011177000118, -8.620348297999954, 0.0 ], [ 116.107110191000061, -8.62074608599994, 0.0 ], [ 116.107090525000103, -8.621027445999971, 0.0 ], [ 116.106969373000084, -8.621091779999972, 0.0 ], [ 116.106902802000036, -8.621091487999934, 0.0 ], [ 116.10674704600001, -8.621099689999937, 0.0 ], [ 116.106531230000087, -8.621111046999943, 0.0 ], [ 116.106406148000019, -8.621133727999961, 0.0 ], [ 116.106109777000029, -8.621237381999947, 0.0 ], [ 116.105639147000034, -8.621504681999966, 0.0 ], [ 116.105278522000049, -8.621825162999926, 0.0 ], [ 116.105070985000111, -8.62197896999993, 0.0 ], [ 116.104950380000105, -8.622190941999975, 0.0 ], [ 116.104914928000085, -8.622253250999961, 0.0 ], [ 116.104879709000102, -8.622315150999952, 0.0 ], [ 116.104569043000083, -8.622543703999952, 0.0 ], [ 116.104553198000076, -8.622555360999968, 0.0 ], [ 116.104374587000052, -8.622772686999951, 0.0 ], [ 116.104341823000027, -8.62281255299996, 0.0 ], [ 116.104319215000032, -8.622822225999926, 0.0 ], [ 116.104038438000089, -8.622942362999936, 0.0 ], [ 116.103720269000064, -8.623213466999971, 0.0 ], [ 116.103408649000016, -8.623425590999943, 0.0 ], [ 116.103232121000019, -8.623633140999971, 0.0 ], [ 116.102951880000091, -8.623852596999939, 0.0 ], [ 116.102696099000013, -8.623897713999952, 0.0 ], [ 116.102485483, -8.624020970999936, 0.0 ], [ 116.102419610000084, -8.624087329999952, 0.0 ], [ 116.102378849000047, -8.624145492999958, 0.0 ], [ 116.10218364800005, -8.624256969999976, 0.0 ], [ 116.101851758000066, -8.624255393999931, 0.0 ], [ 116.101577710000015, -8.62434499699998, 0.0 ], [ 116.10100215500006, -8.624637727999925, 0.0 ], [ 116.100843515000065, -8.624575338999932, 0.0 ], [ 116.100495140000021, -8.624586997999927, 0.0 ], [ 116.100126909000096, -8.624597308999967, 0.0 ], [ 116.099674067000024, -8.624858589999974, 0.0 ], [ 116.099544966000053, -8.624876963999952, 0.0 ], [ 116.099233414000082, -8.624838921999981, 0.0 ], [ 116.099098924000032, -8.624876714999971, 0.0 ], [ 116.098500775000048, -8.624813443999926, 0.0 ], [ 116.098026652000044, -8.624809155999969, 0.0 ], [ 116.097925087000021, -8.624781630999962, 0.0 ], [ 116.097648546000073, -8.624688216999971, 0.0 ], [ 116.097484972000075, -8.624687009999946, 0.0 ], [ 116.097046315000057, -8.62498377999998, 0.0 ], [ 116.096963167000013, -8.624983340999961, 0.0 ], [ 116.096799027000088, -8.625113354999939, 0.0 ], [ 116.096510698000088, -8.625320430999977, 0.0 ], [ 116.096254110000018, -8.62534169099996, 0.0 ], [ 116.095907427000043, -8.625412352999945, 0.0 ], [ 116.095840647000045, -8.625410217999956, 0.0 ], [ 116.095645848000117, -8.625403992999964, 0.0 ], [ 116.095341346000055, -8.625413230999925, 0.0 ], [ 116.095084538000037, -8.62542239499993, 0.0 ], [ 116.09492831700004, -8.625428479999925, 0.0 ], [ 116.094597935000024, -8.625481583999942, 0.0 ], [ 116.094465399000114, -8.625489503999972, 0.0 ], [ 116.094355613000062, -8.625488893999943, 0.0 ], [ 116.094355438000093, -8.625545523999961, 0.0 ], [ 116.094297643000118, -8.625637869999935, 0.0 ], [ 116.094077890000108, -8.625693275999936, 0.0 ], [ 116.093795553000064, -8.625691695999933, 0.0 ], [ 116.093549599000085, -8.625757239999928, 0.0 ], [ 116.093294126000046, -8.625493217999974, 0.0 ], [ 116.093126930000039, -8.625435627999934, 0.0 ], [ 116.092926372000079, -8.625372690999939, 0.0 ], [ 116.092716970000083, -8.625438420999956, 0.0 ], [ 116.092502504000095, -8.625437180999938, 0.0 ], [ 116.092214783000031, -8.625435506999963, 0.0 ], [ 116.091461983000045, -8.625626749999981, 0.0 ], [ 116.091169130000026, -8.625547769999969, 0.0 ], [ 116.090666704000114, -8.625544755999954, 0.0 ], [ 116.090208255000107, -8.625454428999944, 0.0 ], [ 116.089920317000065, -8.625452664999955, 0.0 ], [ 116.089600752000024, -8.62554339299993, 0.0 ], [ 116.089410405000081, -8.625603019999971, 0.0 ], [ 116.089391176000049, -8.62560904399993, 0.0 ], [ 116.08929214200009, -8.625608426999975, 0.0 ], [ 116.089118877000033, -8.62560734799996, 0.0 ], [ 116.088876799000104, -8.625678664999953, 0.0 ], [ 116.088862122000023, -8.625682988999927, 0.0 ], [ 116.08863162900002, -8.62576215699994, 0.0 ], [ 116.088552920000097, -8.625789190999967, 0.0 ], [ 116.088325035000025, -8.625787745999958, 0.0 ], [ 116.088094367000053, -8.625894427999981, 0.0 ], [ 116.087982038000064, -8.626015413999937, 0.0 ], [ 116.087842446000082, -8.62616576299996, 0.0 ], [ 116.087522524000065, -8.626369696999973, 0.0 ], [ 116.087223895000079, -8.626367764999941, 0.0 ], [ 116.08689379000009, -8.626365611999972, 0.0 ], [ 116.086731180000015, -8.626467542999933, 0.0 ], [ 116.08647945700011, -8.626579179999965, 0.0 ], [ 116.085981510000011, -8.626462567999965, 0.0 ], [ 116.085714334000045, -8.626326862999974, 0.0 ], [ 116.085499489000085, -8.626232697999967, 0.0 ], [ 116.085195460000023, -8.626148205999925, 0.0 ], [ 116.085006736000082, -8.626090243999954, 0.0 ], [ 116.084755029, -8.626088486999947, 0.0 ], [ 116.084581949000039, -8.626143923999962, 0.0 ], [ 116.084458959000017, -8.626142264999942, 0.0 ], [ 116.084296366000103, -8.626264711999966, 0.0 ], [ 116.084091882000052, -8.626263241999936, 0.0 ], [ 116.083939832000056, -8.626262139999938, 0.0 ], [ 116.083793013000104, -8.626127163999968, 0.0 ], [ 116.083654080000088, -8.625956027999962, 0.0 ], [ 116.083554389000028, -8.625790470999959, 0.0 ], [ 116.083530174000089, -8.625774714999977, 0.0 ], [ 116.083402246000105, -8.625691476999975, 0.0 ], [ 116.083192442000041, -8.625689910999938, 0.0 ], [ 116.082894855000063, -8.625627092999935, 0.0 ], [ 116.082779468000012, -8.625626212999975, 0.0 ], [ 116.082433087000027, -8.625443256999972, 0.0 ], [ 116.082249516000047, -8.625441826999975, 0.0 ], [ 116.081927087000054, -8.625292010999942, 0.0 ], [ 116.081848225000044, -8.625193503999981, 0.0 ], [ 116.081748203000075, -8.625017545999981, 0.0 ], [ 116.081543111000087, -8.624794356999928, 0.0 ], [ 116.081422449000115, -8.624793377999936, 0.0 ], [ 116.081134061000057, -8.624644588999956, 0.0 ], [ 116.081028918000015, -8.624566430999948, 0.0 ], [ 116.080839817000083, -8.624482412999953, 0.0 ], [ 116.080666733000044, -8.624480957999936, 0.0 ], [ 116.080525441000077, -8.62456220599995, 0.0 ], [ 116.080452403000095, -8.624659483999949, 0.0 ], [ 116.080273657000021, -8.624657952999939, 0.0 ], [ 116.080185099, -8.624657194999941, 0.0 ], [ 116.079992702000027, -8.624593697999956, 0.0 ], [ 116.079908876000104, -8.624592968999934, 0.0 ], [ 116.079657487000077, -8.624590758999943, 0.0 ], [ 116.079432427000029, -8.624588742999947, 0.0 ], [ 116.079369645000043, -8.624588173999939, 0.0 ], [ 116.079192213000056, -8.624658687999954, 0.0 ], [ 116.079030180000018, -8.624657184999933, 0.0 ], [ 116.078779067000028, -8.624587831999975, 0.0 ], [ 116.078596364000077, -8.624586078999926, 0.0 ], [ 116.078398508000078, -8.62464598899993, 0.0 ], [ 116.078231304000042, -8.624582502999942, 0.0 ], [ 116.078084384000022, -8.624434325999971, 0.0 ], [ 116.078015834000098, -8.624304795999933, 0.0 ], [ 116.077802388, -8.624302617999945, 0.0 ], [ 116.077697234000084, -8.624136602999954, 0.0 ], [ 116.077790072000084, -8.624019019999935, 0.0 ], [ 116.077935820000107, -8.624020519999931, 0.0 ], [ 116.078066657000022, -8.624114621999979, 0.0 ], [ 116.078243846000078, -8.62411640299996, 0.0 ], [ 116.078378988000054, -8.624050745999966, 0.0 ], [ 116.078472255000065, -8.623953741999969, 0.0 ], [ 116.078471705000084, -8.623871272999963, 0.0 ], [ 116.078471077000017, -8.623778494999954, 0.0 ], [ 116.078470157000083, -8.623644475999981, 0.0 ], [ 116.078469293000012, -8.623520761999941, 0.0 ], [ 116.078410686000097, -8.623355233999973, 0.0 ], [ 116.078336427000067, -8.623194692999959, 0.0 ], [ 116.078278278000084, -8.623096160999978, 0.0 ], [ 116.078193921000093, -8.622981890999938, 0.0 ], [ 116.078000282000062, -8.622755583999947, 0.0 ], [ 116.077765222000039, -8.622623506999957, 0.0 ], [ 116.077565356000036, -8.622583347999978, 0.0 ], [ 116.077302806000034, -8.622675711999932, 0.0 ], [ 116.077081031000034, -8.622837899999979, 0.0 ], [ 116.076874166000039, -8.623072032999971, 0.0 ], [ 116.076770620000048, -8.623095871999965, 0.0 ], [ 116.076323712000089, -8.622888316999934, 0.0 ], [ 116.076110089000053, -8.622948264999934, 0.0 ], [ 116.075947294000116, -8.622999397999934, 0.0 ], [ 116.075728903000027, -8.623207917999935, 0.0 ], [ 116.075536128000067, -8.623363526999981, 0.0 ], [ 116.075355241000011, -8.62331811699994, 0.0 ], [ 116.075175104000095, -8.623174834999929, 0.0 ], [ 116.074898974, -8.62286856399993, 0.0 ], [ 116.074590435000118, -8.622823357999948, 0.0 ], [ 116.074576596000043, -8.62296543399998, 0.0 ], [ 116.074551660000111, -8.623221448999971, 0.0 ], [ 116.074535586000025, -8.623455243999956, 0.0 ], [ 116.074532367000074, -8.623502060999954, 0.0 ], [ 116.074506677000045, -8.623861364999925, 0.0 ], [ 116.074476200000049, -8.623885855999958, 0.0 ], [ 116.074385084000028, -8.623959076999938, 0.0 ], [ 116.074207780000052, -8.623946042999933, 0.0 ], [ 116.074120200000038, -8.623864865999963, 0.0 ], [ 116.074041072000114, -8.623831387999928, 0.0 ], [ 116.074066987000037, -8.623554976999969, 0.0 ], [ 116.074102983000103, -8.623206030999938, 0.0 ], [ 116.074114253000062, -8.623131788999956, 0.0 ], [ 116.074128037000037, -8.623040979999928, 0.0 ], [ 116.074170019, -8.622633995999934, 0.0 ], [ 116.074212979000094, -8.622131980999939, 0.0 ], [ 116.074217376000092, -8.622082248999959, 0.0 ], [ 116.074217384, -8.622082155999976, 0.0 ], [ 116.074228006000112, -8.621962021999934, 0.0 ], [ 116.074290008000048, -8.621580043999927, 0.0 ], [ 116.074300964000031, -8.621235016999947, 0.0 ], [ 116.074324013000023, -8.620323969999959, 0.0 ], [ 116.074347792000026, -8.61935871299994, 0.0 ], [ 116.074357023000061, -8.618983980999928, 0.0 ], [ 116.0743490320001, -8.617000984999947, 0.0 ], [ 116.0743490320001, -8.617000710999946, 0.0 ], [ 116.074349014000063, -8.61694700299995, 0.0 ], [ 116.074338986000043, -8.615802042999974, 0.0 ], [ 116.074337986000046, -8.615689011999962, 0.0 ], [ 116.074332664000053, -8.615041300999962, 0.0 ], [ 116.074332658000117, -8.615040608999948, 0.0 ], [ 116.074323993, -8.613986040999976, 0.0 ], [ 116.074321293000025, -8.613924704999931, 0.0 ], [ 116.074317034000046, -8.613827965999974, 0.0 ], [ 116.074289250000106, -8.613266572999976, 0.0 ], [ 116.074278037000113, -8.613040015999957, 0.0 ], [ 116.074250017000054, -8.612483033999979, 0.0 ], [ 116.074229131000038, -8.61222911699997, 0.0 ], [ 116.074229105000086, -8.612228805999962, 0.0 ], [ 116.074208967000118, -8.61198398099998, 0.0 ], [ 116.07420197600004, -8.611900954999953, 0.0 ], [ 116.073976017000064, -8.609665968999934, 0.0 ], [ 116.073944475000076, -8.609356185999957, 0.0 ], [ 116.07394444800002, -8.609355924999932, 0.0 ], [ 116.073917981000022, -8.609095982999975, 0.0 ], [ 116.073839023, -8.608070032999933, 0.0 ], [ 116.073664025000085, -8.605832998999972, 0.0 ], [ 116.073624011000106, -8.605092970999976, 0.0 ], [ 116.073622102000058, -8.605041768999968, 0.0 ], [ 116.07362209900009, -8.60504169099994, 0.0 ], [ 116.073619017000055, -8.604959041999962, 0.0 ], [ 116.073618034000106, -8.604945452999971, 0.0 ], [ 116.073618002000103, -8.60494502499995, 0.0 ], [ 116.073617372000058, -8.604939696999963, 0.0 ], [ 116.073605006000093, -8.604835038999965, 0.0 ], [ 116.073583969000083, -8.60476599499998, 0.0 ], [ 116.073418028000106, -8.603981989999966, 0.0 ], [ 116.073356000000103, -8.603544011999929, 0.0 ], [ 116.073219031, -8.602925007999943, 0.0 ], [ 116.073179097000093, -8.602678583999932, 0.0 ], [ 116.073091979000083, -8.602141005999954, 0.0 ], [ 116.073022013000013, -8.601115982999943, 0.0 ], [ 116.07301261300006, -8.600978493999946, 0.0 ], [ 116.07299097300006, -8.600661984999931, 0.0 ], [ 116.073000503000117, -8.600286437999955, 0.0 ], [ 116.073019977000058, -8.599519015999931, 0.0 ], [ 116.073039717000029, -8.598708261999946, 0.0 ], [ 116.073047029, -8.598407962999943, 0.0 ], [ 116.073043581000093, -8.597890774999939, 0.0 ], [ 116.073043577000021, -8.597890224999958, 0.0 ], [ 116.073035004000076, -8.596603993999963, 0.0 ], [ 116.072913035000056, -8.595455960999971, 0.0 ], [ 116.072873598000115, -8.594882415999962, 0.0 ], [ 116.072844142, -8.594454035999945, 0.0 ], [ 116.072829010000078, -8.594233962999965, 0.0 ], [ 116.072805516000017, -8.593854681999971, 0.0 ], [ 116.072800026000095, -8.593766044999938, 0.0 ], [ 116.072716980000109, -8.593036039999959, 0.0 ], [ 116.072716919000072, -8.593035563999933, 0.0 ], [ 116.072589011000105, -8.592044965999946, 0.0 ], [ 116.07237396700009, -8.590841008999973, 0.0 ], [ 116.072335014000032, -8.590712965999955, 0.0 ], [ 116.072307994000084, -8.590577988999939, 0.0 ], [ 116.072306011000023, -8.590410532999954, 0.0 ], [ 116.072305009000047, -8.590325973999938, 0.0 ], [ 116.072287737000011, -8.590198492999946, 0.0 ], [ 116.072287736000021, -8.590198451999981, 0.0 ], [ 116.07229898300011, -8.589310352999973, 0.0 ], [ 116.072279947000084, -8.588558442999954, 0.0 ], [ 116.07223259400007, -8.587724116999937, 0.0 ], [ 116.072231987, -8.587721974999965, 0.0 ], [ 116.072232278000115, -8.587719896999943, 0.0 ], [ 116.072170581000023, -8.587056748999942, 0.0 ], [ 116.072436029000073, -8.587131008999961, 0.0 ], [ 116.072449035000091, -8.587143970999932, 0.0 ], [ 116.072557980000056, -8.587205991999951, 0.0 ], [ 116.072820035000063, -8.587286013999972, 0.0 ], [ 116.073198964000085, -8.587403027999926, 0.0 ], [ 116.074130970000056, -8.587786039999969, 0.0 ], [ 116.074204997000038, -8.587848970999971, 0.0 ], [ 116.074237982000113, -8.587873011999932, 0.0 ], [ 116.074465018000069, -8.587964974999977, 0.0 ], [ 116.074567602000116, -8.587985422999964, 0.0 ], [ 116.074594152000031, -8.587990714999933, 0.0 ], [ 116.074695986000052, -8.588011012999971, 0.0 ], [ 116.074828984000078, -8.588010969999971, 0.0 ], [ 116.074883027000055, -8.588002961999962, 0.0 ], [ 116.074960003000115, -8.587993018999953, 0.0 ], [ 116.075201967000112, -8.587985009999954, 0.0 ], [ 116.075490978000062, -8.588042035999933, 0.0 ], [ 116.075512021, -8.588046969999937, 0.0 ], [ 116.075708619000011, -8.58816429899997, 0.0 ], [ 116.075754964000112, -8.588191957999982, 0.0 ], [ 116.075884135000024, -8.588327670999945, 0.0 ], [ 116.075953021000032, -8.588400044999958, 0.0 ], [ 116.075982016000012, -8.58846295799998, 0.0 ], [ 116.07601196600001, -8.588565026999959, 0.0 ], [ 116.076097985000047, -8.588874028999953, 0.0 ], [ 116.076214963000098, -8.589270994999936, 0.0 ], [ 116.076343973, -8.589371040999936, 0.0 ], [ 116.076578922000067, -8.589510444999974, 0.0 ], [ 116.076584973000081, -8.589514034999979, 0.0 ], [ 116.076949007000053, -8.589718991999973, 0.0 ], [ 116.077107006, -8.589730040999939, 0.0 ], [ 116.077124978000029, -8.589730035999935, 0.0 ], [ 116.077141024000071, -8.589730031999977, 0.0 ], [ 116.077408975000026, -8.589727960999937, 0.0 ], [ 116.077605013000039, -8.589748955999937, 0.0 ], [ 116.077792788000011, -8.589920676999952, 0.0 ], [ 116.07780298800003, -8.589930004999928, 0.0 ], [ 116.07901301600009, -8.589650958999925, 0.0 ], [ 116.080987963000098, -8.589477991999956, 0.0 ], [ 116.081289968000078, -8.589429973999927, 0.0 ], [ 116.081568005, -8.589378009999962, 0.0 ], [ 116.081758965000063, -8.589361012999973, 0.0 ], [ 116.082246997000084, -8.58935304299996, 0.0 ], [ 116.082402981000087, -8.589110988999948, 0.0 ], [ 116.082516985000098, -8.589002028999971, 0.0 ], [ 116.082681, -8.588973031999956, 0.0 ], [ 116.082761995000055, -8.588974038999936, 0.0 ], [ 116.083062992, -8.588970956999958, 0.0 ], [ 116.083683006000115, -8.588855965999926, 0.0 ], [ 116.083901023000067, -8.58874200899993, 0.0 ], [ 116.084127012000067, -8.588646967999978, 0.0 ], [ 116.084351027000025, -8.588624984999967, 0.0 ], [ 116.085170007000102, -8.588715996999952, 0.0 ], [ 116.0852020210001, -8.58848901999994, 0.0 ], [ 116.085255010000083, -8.588327015999937, 0.0 ], [ 116.085264034000033, -8.588282006999975, 0.0 ], [ 116.085324983000078, -8.587987009999949, 0.0 ], [ 116.08542697200005, -8.587669955999957, 0.0 ], [ 116.085509007000041, -8.587361987999941, 0.0 ], [ 116.085607024000069, -8.586950974999979, 0.0 ], [ 116.085839024000052, -8.586097023999969, 0.0 ], [ 116.085861997000052, -8.58604698299996, 0.0 ], [ 116.085919003000072, -8.585865005999949, 0.0 ], [ 116.085990971000115, -8.585567954999931, 0.0 ], [ 116.086273986000037, -8.584561036999958, 0.0 ], [ 116.086280998, -8.584542968999926, 0.0 ], [ 116.086356001000013, -8.584354975999929, 0.0 ], [ 116.086417980000078, -8.584129967999957, 0.0 ], [ 116.08644003500001, -8.584025038999926, 0.0 ], [ 116.08657000300002, -8.583536969999955, 0.0 ], [ 116.086612979000051, -8.583582011999965, 0.0 ], [ 116.087051019000114, -8.584079021999969, 0.0 ], [ 116.087178013000084, -8.58424000499997, 0.0 ], [ 116.087209993000101, -8.58427697299993, 0.0 ], [ 116.087426036000011, -8.584486000999959, 0.0 ], [ 116.08747496400008, -8.584548960999939, 0.0 ], [ 116.087553989000071, -8.584622029999935, 0.0 ], [ 116.087792989000036, -8.584913034999943, 0.0 ], [ 116.088009975000091, -8.58519802099994, 0.0 ], [ 116.0880409990001, -8.585228023999946, 0.0 ], [ 116.088445012000079, -8.58566798499993, 0.0 ], [ 116.088723967000078, -8.586014966999926, 0.0 ], [ 116.088808029, -8.586080993999929, 0.0 ], [ 116.088820972, -8.586088981999978, 0.0 ], [ 116.088835030000041, -8.586101040999949, 0.0 ], [ 116.089162978000104, -8.586484035999945, 0.0 ], [ 116.089217991000055, -8.586571966999941, 0.0 ], [ 116.089233027000091, -8.586582039999939, 0.0 ], [ 116.089523974000031, -8.58689703899995, 0.0 ], [ 116.089891974000011, -8.587294957999973, 0.0 ], [ 116.090093987000046, -8.587512993999951, 0.0 ], [ 116.090320019000046, -8.587745010999981, 0.0 ], [ 116.09047703300007, -8.587918, 0.0 ], [ 116.090672018000078, -8.588129960999936, 0.0 ], [ 116.090686994000066, -8.588133974999948, 0.0 ], [ 116.090752025000029, -8.588199955999926, 0.0 ], [ 116.090881963000015, -8.588384003999977, 0.0 ], [ 116.091019964000111, -8.588548989999936, 0.0 ], [ 116.091128994000087, -8.588640032999933, 0.0 ], [ 116.09127098600004, -8.588671020999925, 0.0 ], [ 116.09157403100005, -8.588752030999956, 0.0 ], [ 116.092021995000096, -8.588831031999973, 0.0 ], [ 116.092434992000108, -8.588899008999931, 0.0 ], [ 116.093100014000015, -8.58898303999996, 0.0 ], [ 116.093334006000077, -8.588988020999977, 0.0 ], [ 116.094422032000011, -8.588964989999965, 0.0 ], [ 116.09445396600006, -8.588895980999951, 0.0 ], [ 116.094522024000071, -8.588697027999956, 0.0 ], [ 116.094610017000036, -8.588686021999933, 0.0 ], [ 116.094976029, -8.588693030999934, 0.0 ], [ 116.094854999000063, -8.589206984999976, 0.0 ], [ 116.094880468000042, -8.589269892999937, 0.0 ], [ 116.094995035000011, -8.589552868999931, 0.0 ], [ 116.094999963000078, -8.589565041999947, 0.0 ], [ 116.095088, -8.591494978999947, 0.0 ], [ 116.094886031000101, -8.59154098199997, 0.0 ], [ 116.094721999000058, -8.591577036999979, 0.0 ], [ 116.094719969000039, -8.591958981999937, 0.0 ], [ 116.094660968000085, -8.59244595499996, 0.0 ], [ 116.094624003000035, -8.592804035999961, 0.0 ], [ 116.094453019000071, -8.593937997999944, 0.0 ], [ 116.094311006000112, -8.594419983999956, 0.0 ], [ 116.0944339670001, -8.594988041999954, 0.0 ], [ 116.09495301000004, -8.596915012999943, 0.0 ], [ 116.094965032000118, -8.597184955999978, 0.0 ], [ 116.094996986000069, -8.59732898599998, 0.0 ], [ 116.095035037000116, -8.597461002999978, 0.0 ], [ 116.09511167800008, -8.597576642999968, 0.0 ], [ 116.095155022000085, -8.597642041999961, 0.0 ], [ 116.09537698400004, -8.59769799299994, 0.0 ], [ 116.095768007000061, -8.59768399099994, 0.0 ], [ 116.096239005000029, -8.597659958999941, 0.0 ], [ 116.096530036000104, -8.597692018999965, 0.0 ], [ 116.096580004000089, -8.597728034999932, 0.0 ], [ 116.096674023000105, -8.597926011999959, 0.0 ], [ 116.096728971000061, -8.598201028999938, 0.0 ], [ 116.096723842000074, -8.598329024999941, 0.0 ], [ 116.09671599, -8.598524985999973, 0.0 ], [ 116.096690988000091, -8.598894035999933, 0.0 ], [ 116.096490968000012, -8.599411965999934, 0.0 ], [ 116.096269766000091, -8.599962655999946, 0.0 ], [ 116.095874790000039, -8.600945959999933, 0.0 ], [ 116.095830974000023, -8.601055039999949, 0.0 ], [ 116.095531024000024, -8.601686034999943, 0.0 ], [ 116.095330979000096, -8.602064085999928, 0.0 ], [ 116.094948966000061, -8.602786024999943, 0.0 ], [ 116.094395976000101, -8.603918001999943, 0.0 ], [ 116.094256553000037, -8.60435347899994, 0.0 ], [ 116.094144964000066, -8.604702016999966, 0.0 ], [ 116.094070072000022, -8.605414586999927, 0.0 ], [ 116.094033030000105, -8.60576703199996, 0.0 ], [ 116.094061019000037, -8.60625502399995, 0.0 ], [ 116.094264003000035, -8.606762957999933, 0.0 ], [ 116.094323022000026, -8.606964017999928, 0.0 ], [ 116.094792968000093, -8.607008979999932, 0.0 ], [ 116.094829006000055, -8.607010963999926, 0.0 ], [ 116.095264992000011, -8.607030978999944, 0.0 ], [ 116.095311970000012, -8.607096012999932, 0.0 ], [ 116.095339047000039, -8.60713706599995, 0.0 ], [ 116.095461000000114, -8.60732196999993, 0.0 ] ] ] ] } },
{ "type": "Feature", "properties": { "nm_kecamatan": "Selaprang" }, "geometry": { "type": "MultiPolygon", "coordinates": [ [ [ [ 116.100655069000027, -8.593780669999944, 0.0 ], [ 116.100812999000027, -8.594625793999967, 0.0 ], [ 116.100825051000015, -8.594690800999956, 0.0 ], [ 116.100819407000017, -8.594688145999953, 0.0 ], [ 116.100778810000065, -8.594669047999957, 0.0 ], [ 116.100310984000089, -8.59444896499997, 0.0 ], [ 116.099725003000117, -8.594173972999954, 0.0 ], [ 116.099129980000043, -8.593857002999925, 0.0 ], [ 116.098716458000013, -8.593625137999936, 0.0 ], [ 116.098677028000111, -8.593603028999951, 0.0 ], [ 116.098615380000069, -8.593573244999959, 0.0 ], [ 116.097996015000035, -8.593274010999949, 0.0 ], [ 116.097433969, -8.592986955999947, 0.0 ], [ 116.096755999000038, -8.592640038999946, 0.0 ], [ 116.096653028000105, -8.592584005999981, 0.0 ], [ 116.096594965, -8.592548965999981, 0.0 ], [ 116.096562977000076, -8.592545997999935, 0.0 ], [ 116.095516990000078, -8.591962028999944, 0.0 ], [ 116.095125991000032, -8.591778997999938, 0.0 ], [ 116.095005035000099, -8.591724007999971, 0.0 ], [ 116.094851996000102, -8.591642989999968, 0.0 ], [ 116.094721999000058, -8.591577036999979, 0.0 ], [ 116.094886031000101, -8.59154098199997, 0.0 ], [ 116.095088, -8.591494978999947, 0.0 ], [ 116.094999963000078, -8.589565041999947, 0.0 ], [ 116.094995035000011, -8.589552868999931, 0.0 ], [ 116.094880468000042, -8.589269892999937, 0.0 ], [ 116.094854999000063, -8.589206984999976, 0.0 ], [ 116.094976029, -8.588693030999934, 0.0 ], [ 116.094610017000036, -8.588686021999933, 0.0 ], [ 116.094522024000071, -8.588697027999956, 0.0 ], [ 116.09445396600006, -8.588895980999951, 0.0 ], [ 116.094422032000011, -8.588964989999965, 0.0 ], [ 116.093334006000077, -8.588988020999977, 0.0 ], [ 116.093100014000015, -8.58898303999996, 0.0 ], [ 116.092434992000108, -8.588899008999931, 0.0 ], [ 116.092021995000096, -8.588831031999973, 0.0 ], [ 116.09157403100005, -8.588752030999956, 0.0 ], [ 116.09127098600004, -8.588671020999925, 0.0 ], [ 116.091128994000087, -8.588640032999933, 0.0 ], [ 116.091019964000111, -8.588548989999936, 0.0 ], [ 116.090881963000015, -8.588384003999977, 0.0 ], [ 116.090752025000029, -8.588199955999926, 0.0 ], [ 116.090686994000066, -8.588133974999948, 0.0 ], [ 116.090672018000078, -8.588129960999936, 0.0 ], [ 116.09047703300007, -8.587918, 0.0 ], [ 116.090320019000046, -8.587745010999981, 0.0 ], [ 116.090093987000046, -8.587512993999951, 0.0 ], [ 116.089891974000011, -8.587294957999973, 0.0 ], [ 116.089523974000031, -8.58689703899995, 0.0 ], [ 116.089233027000091, -8.586582039999939, 0.0 ], [ 116.089217991000055, -8.586571966999941, 0.0 ], [ 116.089162978000104, -8.586484035999945, 0.0 ], [ 116.088835030000041, -8.586101040999949, 0.0 ], [ 116.088820972, -8.586088981999978, 0.0 ], [ 116.088808029, -8.586080993999929, 0.0 ], [ 116.088723967000078, -8.586014966999926, 0.0 ], [ 116.088445012000079, -8.58566798499993, 0.0 ], [ 116.0880409990001, -8.585228023999946, 0.0 ], [ 116.088009975000091, -8.58519802099994, 0.0 ], [ 116.087792989000036, -8.584913034999943, 0.0 ], [ 116.087553989000071, -8.584622029999935, 0.0 ], [ 116.08747496400008, -8.584548960999939, 0.0 ], [ 116.087426036000011, -8.584486000999959, 0.0 ], [ 116.087209993000101, -8.58427697299993, 0.0 ], [ 116.087178013000084, -8.58424000499997, 0.0 ], [ 116.087051019000114, -8.584079021999969, 0.0 ], [ 116.086612979000051, -8.583582011999965, 0.0 ], [ 116.08657000300002, -8.583536969999955, 0.0 ], [ 116.08650499700002, -8.583430025999974, 0.0 ], [ 116.086477968000054, -8.583389994999948, 0.0 ], [ 116.086498971000083, -8.583348991999969, 0.0 ], [ 116.086596034000081, -8.58305398899995, 0.0 ], [ 116.08682098700001, -8.581916994999972, 0.0 ], [ 116.087032002000115, -8.580842992999976, 0.0 ], [ 116.087140023000075, -8.580319967999969, 0.0 ], [ 116.087192035000044, -8.580157960999941, 0.0 ], [ 116.087224002000085, -8.579917962999957, 0.0 ], [ 116.087294016000101, -8.579685016999974, 0.0 ], [ 116.08736796300002, -8.579311018999931, 0.0 ], [ 116.087438964000057, -8.578946960999929, 0.0 ], [ 116.087439995000068, -8.578891985999974, 0.0 ], [ 116.087480010000036, -8.57863898599993, 0.0 ], [ 116.087562978000051, -8.578315013999941, 0.0 ], [ 116.087589029000014, -8.578010980999977, 0.0 ], [ 116.08760901100004, -8.577769958999966, 0.0 ], [ 116.08765199100003, -8.577593011999966, 0.0 ], [ 116.087290003000021, -8.577349006999953, 0.0 ], [ 116.087192016000017, -8.577278967999973, 0.0 ], [ 116.087132999, -8.577236962999962, 0.0 ], [ 116.087037033000115, -8.577168013999938, 0.0 ], [ 116.087001994000047, -8.577031029999944, 0.0 ], [ 116.086985971000104, -8.576995002999979, 0.0 ], [ 116.086981012000024, -8.576938024999947, 0.0 ], [ 116.087009012000067, -8.57682198699996, 0.0 ], [ 116.087232007000011, -8.576628013999937, 0.0 ], [ 116.087307397000018, -8.57657678399994, 0.0 ], [ 116.087463006, -8.57647104199998, 0.0 ], [ 116.087821005000023, -8.576282993999939, 0.0 ], [ 116.088064513000063, -8.576177301999962, 0.0 ], [ 116.088101971000015, -8.576161043999946, 0.0 ], [ 116.088438024000084, -8.576095013999975, 0.0 ], [ 116.088498851000054, -8.576076742999931, 0.0 ], [ 116.088691007000079, -8.576019022999958, 0.0 ], [ 116.08894998400001, -8.576005979999934, 0.0 ], [ 116.089190037000094, -8.576010977999942, 0.0 ], [ 116.089533969000058, -8.576066042999969, 0.0 ], [ 116.089645423000093, -8.576112993999971, 0.0 ], [ 116.090030010000078, -8.576275005999946, 0.0 ], [ 116.090219975000082, -8.576326994999931, 0.0 ], [ 116.090378625000085, -8.576372533999972, 0.0 ], [ 116.090401024000016, -8.576378963999957, 0.0 ], [ 116.090531918000011, -8.57641695999996, 0.0 ], [ 116.090607979000083, -8.576439039999968, 0.0 ], [ 116.090961011000104, -8.576542954999979, 0.0 ], [ 116.091228027000056, -8.576647027999968, 0.0 ], [ 116.09146002600005, -8.576699025999972, 0.0 ], [ 116.091726990000097, -8.576793965999968, 0.0 ], [ 116.092038018000039, -8.576854014999981, 0.0 ], [ 116.092502997000111, -8.576924011999949, 0.0 ], [ 116.092813029000013, -8.576898969999945, 0.0 ], [ 116.092993975000013, -8.576900027999955, 0.0 ], [ 116.093114981000099, -8.576900040999931, 0.0 ], [ 116.093400022000083, -8.576892029999954, 0.0 ], [ 116.093428150000022, -8.576886027999933, 0.0 ], [ 116.093500827000071, -8.576870519999943, 0.0 ], [ 116.09371899700011, -8.576823966999939, 0.0 ], [ 116.0939914060001, -8.576791384999979, 0.0 ], [ 116.09400297500008, -8.576790000999949, 0.0 ], [ 116.094304974000011, -8.576645037999981, 0.0 ], [ 116.094590004000111, -8.576483033999978, 0.0 ], [ 116.094823003000101, -8.576398039999958, 0.0 ], [ 116.095229019000044, -8.576149964999956, 0.0 ], [ 116.095504977000019, -8.576022028999944, 0.0 ], [ 116.095773033000114, -8.575876984999979, 0.0 ], [ 116.095919016000039, -8.575834013999952, 0.0 ], [ 116.096006006000039, -8.575834036999936, 0.0 ], [ 116.096187027000042, -8.575835002999952, 0.0 ], [ 116.096411017000037, -8.575851984999929, 0.0 ], [ 116.096591984000042, -8.575843998999972, 0.0 ], [ 116.096737995000012, -8.575853020999944, 0.0 ], [ 116.09693697900002, -8.575861986999939, 0.0 ], [ 116.097331975000088, -8.575932988999966, 0.0 ], [ 116.097739969000031, -8.575957000999949, 0.0 ], [ 116.09810798, -8.57600099299998, 0.0 ], [ 116.098344525000016, -8.576015422999944, 0.0 ], [ 116.098632017000114, -8.576032960999953, 0.0 ], [ 116.098807, -8.576020981999932, 0.0 ], [ 116.099074966000103, -8.576009037999938, 0.0 ], [ 116.099481018, -8.575967034999962, 0.0 ], [ 116.099711997000099, -8.575911962999953, 0.0 ], [ 116.100154986, -8.575807018999967, 0.0 ], [ 116.100311010000041, -8.57576397899993, 0.0 ], [ 116.100411035000093, -8.575733015999958, 0.0 ], [ 116.100555010000107, -8.575683979999951, 0.0 ], [ 116.100810994000085, -8.575541977999933, 0.0 ], [ 116.1010268550001, -8.575434991999941, 0.0 ], [ 116.101375958000062, -8.57526196799995, 0.0 ], [ 116.101511025000036, -8.575195024999971, 0.0 ], [ 116.101905000000102, -8.575031007999939, 0.0 ], [ 116.102093991000061, -8.574956033999968, 0.0 ], [ 116.102113081000084, -8.574946027999943, 0.0 ], [ 116.102217997000025, -8.574891036999929, 0.0 ], [ 116.102351537000118, -8.574841207999953, 0.0 ], [ 116.102520966000043, -8.574777987999937, 0.0 ], [ 116.102528986000038, -8.574616961999936, 0.0 ], [ 116.102538003000063, -8.574510010999973, 0.0 ], [ 116.102567290000025, -8.574090658999978, 0.0 ], [ 116.102570572000104, -8.574043665999966, 0.0 ], [ 116.102572260000102, -8.574019498999974, 0.0 ], [ 116.102577045000089, -8.573950981999928, 0.0 ], [ 116.102577064000116, -8.573950705999948, 0.0 ], [ 116.10258801100008, -8.57379397099993, 0.0 ], [ 116.102590964000115, -8.57378095599995, 0.0 ], [ 116.102625996000029, -8.573444027999926, 0.0 ], [ 116.102713009000013, -8.572730966999927, 0.0 ], [ 116.102835006000078, -8.571829000999969, 0.0 ], [ 116.102848004000066, -8.571717989999968, 0.0 ], [ 116.102990005000038, -8.570304994999958, 0.0 ], [ 116.103024998000024, -8.569951970999966, 0.0 ], [ 116.10308400800011, -8.569549992999953, 0.0 ], [ 116.103233014000011, -8.568055992999973, 0.0 ], [ 116.103332996000063, -8.567306972999972, 0.0 ], [ 116.103382964000048, -8.56673398199996, 0.0 ], [ 116.103431005000061, -8.566344004999962, 0.0 ], [ 116.103550019000068, -8.565242012999931, 0.0 ], [ 116.103627027000016, -8.564480008999965, 0.0 ], [ 116.103639996000084, -8.564349013999959, 0.0 ], [ 116.10366702500005, -8.564069033999942, 0.0 ], [ 116.103607029000045, -8.564061027999969, 0.0 ], [ 116.103221009000094, -8.564097025999956, 0.0 ], [ 116.103028020000011, -8.564121986999965, 0.0 ], [ 116.102474030000053, -8.564120971999955, 0.0 ], [ 116.102334972000108, -8.564152025999931, 0.0 ], [ 116.102113004000103, -8.564201966999974, 0.0 ], [ 116.10156698600008, -8.564347998999949, 0.0 ], [ 116.101289966000081, -8.564422044999958, 0.0 ], [ 116.101253026000109, -8.564423043999966, 0.0 ], [ 116.101030994000098, -8.564436000999933, 0.0 ], [ 116.099665991000052, -8.56451203499995, 0.0 ], [ 116.099561981000079, -8.564518031999967, 0.0 ], [ 116.099222012000041, -8.564501957999937, 0.0 ], [ 116.098237984000093, -8.564456982999957, 0.0 ], [ 116.09795000500003, -8.564444013999946, 0.0 ], [ 116.097780994000118, -8.564436023999974, 0.0 ], [ 116.097218995000048, -8.564464008999948, 0.0 ], [ 116.096666025000104, -8.564571043999933, 0.0 ], [ 116.096421014000043, -8.564638017999926, 0.0 ], [ 116.096413005000045, -8.56457099499994, 0.0 ], [ 116.095850004000113, -8.559531989999925, 0.0 ], [ 116.095547965000037, -8.557795960999954, 0.0 ], [ 116.094954024000117, -8.556030042999964, 0.0 ], [ 116.094936936000067, -8.555980544999954, 0.0 ], [ 116.094937750000099, -8.555980167999962, 0.0 ], [ 116.094944955000074, -8.555976827999928, 0.0 ], [ 116.095088763000035, -8.555849161999959, 0.0 ], [ 116.095158238000067, -8.555787485999929, 0.0 ], [ 116.095191853000074, -8.555757643999925, 0.0 ], [ 116.095241527000098, -8.555730480999955, 0.0 ], [ 116.095266677000041, -8.555716727999936, 0.0 ], [ 116.095475301000079, -8.555602644999965, 0.0 ], [ 116.095538586000089, -8.555568037999933, 0.0 ], [ 116.095700053000087, -8.555477976999953, 0.0 ], [ 116.095852511000089, -8.55543046899993, 0.0 ], [ 116.096065914000064, -8.555363968999927, 0.0 ], [ 116.096352727000067, -8.555184271999963, 0.0 ], [ 116.096474321000073, -8.55510808899993, 0.0 ], [ 116.096786670000029, -8.554912392999938, 0.0 ], [ 116.097093846, -8.554854239999941, 0.0 ], [ 116.097224205000089, -8.554854038999963, 0.0 ], [ 116.097614241000088, -8.554853435999973, 0.0 ], [ 116.097621489000062, -8.554853424999976, 0.0 ], [ 116.097764739000013, -8.554853203999926, 0.0 ], [ 116.098016962000088, -8.554852813999958, 0.0 ], [ 116.098124037000048, -8.554852647999951, 0.0 ], [ 116.098128660000043, -8.554852640999968, 0.0 ], [ 116.09822771100005, -8.554852487999938, 0.0 ], [ 116.09829172600007, -8.554852388999961, 0.0 ], [ 116.098377625000012, -8.554852255999947, 0.0 ], [ 116.098428450000029, -8.55485217699993, 0.0 ], [ 116.098428680000097, -8.55485217699993, 0.0 ], [ 116.098459702000014, -8.554852128999926, 0.0 ], [ 116.098488983000038, -8.554852083999947, 0.0 ], [ 116.098514892000026, -8.554852043999972, 0.0 ], [ 116.098527143000069, -8.554852024999946, 0.0 ], [ 116.098533568000107, -8.554852014999938, 0.0 ], [ 116.098536114000012, -8.55485201099998, 0.0 ], [ 116.09853871200005, -8.554852006999965, 0.0 ], [ 116.098540013000047, -8.55485200499993, 0.0 ], [ 116.098541096000076, -8.554852002999951, 0.0 ], [ 116.098541254000111, -8.554852002999951, 0.0 ], [ 116.098543758, -8.554851998999936, 0.0 ], [ 116.098544687000071, -8.554851997999947, 0.0 ], [ 116.098545071000103, -8.554851996999957, 0.0 ], [ 116.098546731000056, -8.554851993999932, 0.0 ], [ 116.098547588000088, -8.554851992999943, 0.0 ], [ 116.09855006500004, -8.554851988999928, 0.0 ], [ 116.098554702000115, -8.554851981999946, 0.0 ], [ 116.098554783000054, -8.554851981999946, 0.0 ], [ 116.098558411000113, -8.554851975999952, 0.0 ], [ 116.098565481000037, -8.554851964999955, 0.0 ], [ 116.098566433000087, -8.554851963999965, 0.0 ], [ 116.098566904000108, -8.554851962999976, 0.0 ], [ 116.098576855000033, -8.554851947999964, 0.0 ], [ 116.098578302000078, -8.554851945999928, 0.0 ], [ 116.098587039000108, -8.554851931999963, 0.0 ], [ 116.098589055000048, -8.554851928999938, 0.0 ], [ 116.098594220000109, -8.554851920999965, 0.0 ], [ 116.098597176000112, -8.554851915999961, 0.0 ], [ 116.098616389000085, -8.554851885999938, 0.0 ], [ 116.09862304100011, -8.55485187599993, 0.0 ], [ 116.098634295000011, -8.554851858999939, 0.0 ], [ 116.098647695000068, -8.554851837999934, 0.0 ], [ 116.098660731000109, -8.554851817999975, 0.0 ], [ 116.098665873000073, -8.554851809999946, 0.0 ], [ 116.098732075000044, -8.554851707999944, 0.0 ], [ 116.098793862000093, -8.554851611999936, 0.0 ], [ 116.098830205000013, -8.55485155599996, 0.0 ], [ 116.098948408000069, -8.554851372999963, 0.0 ], [ 116.098988304000045, -8.554851310999936, 0.0 ], [ 116.099038970000038, -8.554851232999965, 0.0 ], [ 116.099057200000061, -8.554851204999977, 0.0 ], [ 116.099095126000066, -8.554851145999976, 0.0 ], [ 116.099240224000027, -8.554850921999957, 0.0 ], [ 116.099272333000044, -8.554850871999975, 0.0 ], [ 116.099330725000073, -8.55485078199996, 0.0 ], [ 116.099335032000113, -8.554850774999977, 0.0 ], [ 116.099341638000055, -8.554850764999969, 0.0 ], [ 116.099464935000015, -8.554850572999953, 0.0 ], [ 116.099530045000051, -8.554850471999941, 0.0 ], [ 116.09966952700006, -8.554850255999952, 0.0 ], [ 116.099744499000053, -8.554850139999928, 0.0 ], [ 116.099965494000116, -8.554811952999955, 0.0 ], [ 116.100093382000068, -8.554789854999967, 0.0 ], [ 116.10014087400009, -8.554781648999949, 0.0 ], [ 116.100326698000117, -8.554749538999943, 0.0 ], [ 116.100345294000022, -8.554752434999955, 0.0 ], [ 116.100373848000118, -8.554756881999936, 0.0 ], [ 116.100740817000087, -8.554814035999925, 0.0 ], [ 116.100778606000063, -8.554813976999981, 0.0 ], [ 116.100968469, -8.554813682999963, 0.0 ], [ 116.1011597050001, -8.554813385999978, 0.0 ], [ 116.101239002000057, -8.554813262999971, 0.0 ], [ 116.101296762000061, -8.554823432999967, 0.0 ], [ 116.101334684000108, -8.554830109999955, 0.0 ], [ 116.10135956900001, -8.554834491999941, 0.0 ], [ 116.101386551000019, -8.554839242999947, 0.0 ], [ 116.10140332200001, -8.554842195999981, 0.0 ], [ 116.101460468000028, -8.554842106999956, 0.0 ], [ 116.101534175000097, -8.554841992999968, 0.0 ], [ 116.101543053000114, -8.554841978999946, 0.0 ], [ 116.101564278000069, -8.554837491999933, 0.0 ], [ 116.101578966000034, -8.554834386999971, 0.0 ], [ 116.101688521000028, -8.55481122499998, 0.0 ], [ 116.101710832000094, -8.554811189999953, 0.0 ], [ 116.10175219000007, -8.554811125999947, 0.0 ], [ 116.10180286700006, -8.55481104699993, 0.0 ], [ 116.101822184000071, -8.554811016999963, 0.0 ], [ 116.101911091000034, -8.554810878999945, 0.0 ], [ 116.101933029000065, -8.554810844999963, 0.0 ], [ 116.101968721000048, -8.55481078899993, 0.0 ], [ 116.101981573000103, -8.554810768999971, 0.0 ], [ 116.102013165000017, -8.554810719999978, 0.0 ], [ 116.102066206000018, -8.554826992999949, 0.0 ], [ 116.102126718000022, -8.554845557999954, 0.0 ], [ 116.102131668000084, -8.554847076999977, 0.0 ], [ 116.102206623000029, -8.554846960999953, 0.0 ], [ 116.1022664300001, -8.55484686799997, 0.0 ], [ 116.10228281000002, -8.554850243999965, 0.0 ], [ 116.102390028000059, -8.554872342999943, 0.0 ], [ 116.102403285000037, -8.554875074999927, 0.0 ], [ 116.102411777000043, -8.554875061999951, 0.0 ], [ 116.102494809000063, -8.554874932999951, 0.0 ], [ 116.102597375000073, -8.554874772999938, 0.0 ], [ 116.102628523000021, -8.554874723999944, 0.0 ], [ 116.102659, -8.554867537999939, 0.0 ], [ 116.10278981700003, -8.554836690999934, 0.0 ], [ 116.102804864000063, -8.55483666799995, 0.0 ], [ 116.102839190000054, -8.554836613999953, 0.0 ], [ 116.102900933000114, -8.554836517999945, 0.0 ], [ 116.102969674000065, -8.554870559999927, 0.0 ], [ 116.102974206000113, -8.554875052999932, 0.0 ], [ 116.103026317000058, -8.554926716999944, 0.0 ], [ 116.103098489000104, -8.554950512999937, 0.0 ], [ 116.103099085000053, -8.554950708999968, 0.0 ], [ 116.103142093000088, -8.554964888999962, 0.0 ], [ 116.103184594000027, -8.55497890099997, 0.0 ], [ 116.103205838, -8.554987400999948, 0.0 ], [ 116.103289108000013, -8.55502071899997, 0.0 ], [ 116.10341638500006, -8.555050709999932, 0.0 ], [ 116.103466955000044, -8.555062625999938, 0.0 ], [ 116.103587884000035, -8.555088129999945, 0.0 ], [ 116.1037529890001, -8.555062601999964, 0.0 ], [ 116.103844038000034, -8.555012330999944, 0.0 ], [ 116.103872286000069, -8.554996733999928, 0.0 ], [ 116.104000305000113, -8.554925263999962, 0.0 ], [ 116.104022051000015, -8.554913123999938, 0.0 ], [ 116.104131255000084, -8.554875058999926, 0.0 ], [ 116.104250655000101, -8.55487487299996, 0.0 ], [ 116.104306524000094, -8.554891116999954, 0.0 ], [ 116.104364234000059, -8.554907895999975, 0.0 ], [ 116.10442351800009, -8.554925132999927, 0.0 ], [ 116.104490709000061, -8.554952153999977, 0.0 ], [ 116.104586210000093, -8.554990559999965, 0.0 ], [ 116.104746348000049, -8.555038320999927, 0.0 ], [ 116.104804087000048, -8.555045308999979, 0.0 ], [ 116.105108836000113, -8.55508219099994, 0.0 ], [ 116.105170172000044, -8.55508961399994, 0.0 ], [ 116.105238101000054, -8.555069229999958, 0.0 ], [ 116.10534924500007, -8.555035877999956, 0.0 ], [ 116.105422486000066, -8.555022195999982, 0.0 ], [ 116.105516054000077, -8.555004716999974, 0.0 ], [ 116.105565039000112, -8.555013280999958, 0.0 ], [ 116.105625431000021, -8.555023839999933, 0.0 ], [ 116.105779190000021, -8.555006417999948, 0.0 ], [ 116.105782348000048, -8.555006059999926, 0.0 ], [ 116.105840858000079, -8.554998207999972, 0.0 ], [ 116.105849229000114, -8.554997084999968, 0.0 ], [ 116.105853340000067, -8.554996532999951, 0.0 ], [ 116.105859111000086, -8.554995758999951, 0.0 ], [ 116.105941001000019, -8.554984769999976, 0.0 ], [ 116.105960821000053, -8.554987154999935, 0.0 ], [ 116.106054018, -8.554998371999943, 0.0 ], [ 116.10610616200006, -8.555004646999976, 0.0 ], [ 116.106120854000096, -8.55500641499998, 0.0 ], [ 116.106127945000026, -8.55500726799994, 0.0 ], [ 116.106263520000084, -8.554954380999959, 0.0 ], [ 116.106331652000108, -8.554933184999982, 0.0 ], [ 116.106466222000108, -8.554891319999967, 0.0 ], [ 116.10650509200002, -8.554874071999961, 0.0 ], [ 116.106587812000043, -8.554837364999969, 0.0 ], [ 116.10659519100011, -8.554837352999925, 0.0 ], [ 116.106700473000046, -8.554837187999965, 0.0 ], [ 116.106882808000023, -8.554885979999938, 0.0 ], [ 116.10691690200008, -8.554895102999978, 0.0 ], [ 116.107044754000071, -8.554973056999927, 0.0 ], [ 116.107092831000045, -8.555002369999954, 0.0 ], [ 116.107232932000102, -8.555036191999932, 0.0 ], [ 116.107295682000085, -8.555051340999967, 0.0 ], [ 116.107462427000087, -8.555051078999952, 0.0 ], [ 116.107575850000103, -8.555050900999959, 0.0 ], [ 116.107704156000068, -8.555050698999935, 0.0 ], [ 116.107784966000054, -8.555050571999971, 0.0 ], [ 116.107809975, -8.555050532999928, 0.0 ], [ 116.108168336000062, -8.55504996999997, 0.0 ], [ 116.108232717000078, -8.555049868999959, 0.0 ], [ 116.108289425000066, -8.555058695999946, 0.0 ], [ 116.108623899, -8.555110755999976, 0.0 ], [ 116.10864674700008, -8.55512084999998, 0.0 ], [ 116.108648035000101, -8.555121418999931, 0.0 ], [ 116.108922236000012, -8.55524255399996, 0.0 ], [ 116.108992553, -8.555273617999944, 0.0 ], [ 116.109132017000093, -8.555380167999942, 0.0 ], [ 116.109264934000066, -8.555481715999974, 0.0 ], [ 116.109331322000116, -8.555529233999948, 0.0 ], [ 116.109571339000013, -8.555701030999955, 0.0 ], [ 116.109583163000025, -8.555707439999935, 0.0 ], [ 116.109806093000088, -8.555828270999939, 0.0 ], [ 116.109872010000117, -8.555863998999939, 0.0 ], [ 116.109990051000068, -8.555896484999948, 0.0 ], [ 116.110041441000021, -8.555910627999936, 0.0 ], [ 116.110203188000014, -8.555910372999961, 0.0 ], [ 116.110239565000029, -8.555910315999938, 0.0 ], [ 116.110398436000082, -8.555910064999978, 0.0 ], [ 116.110553214000106, -8.555851358999973, 0.0 ], [ 116.110702462000063, -8.555794750999951, 0.0 ], [ 116.11080025800004, -8.555757657999948, 0.0 ], [ 116.111010023000063, -8.555678095999951, 0.0 ], [ 116.111143816000094, -8.555677884999966, 0.0 ], [ 116.111180733000083, -8.555677826999954, 0.0 ], [ 116.111368801000026, -8.555677529999969, 0.0 ], [ 116.111415649000037, -8.555686431999959, 0.0 ], [ 116.111524243000076, -8.555707067999947, 0.0 ], [ 116.111642394000114, -8.555729518999954, 0.0 ], [ 116.11184989100002, -8.555821308999953, 0.0 ], [ 116.112017725000101, -8.555939485999943, 0.0 ], [ 116.112264859000106, -8.556004887999961, 0.0 ], [ 116.112332024000011, -8.556076170999972, 0.0 ], [ 116.112494924000089, -8.556249059999971, 0.0 ], [ 116.112776888000099, -8.556443449999961, 0.0 ], [ 116.112918327000102, -8.55647244599993, 0.0 ], [ 116.113366292000023, -8.556564281999954, 0.0 ], [ 116.113534675000096, -8.556623328999933, 0.0 ], [ 116.113632470000084, -8.556657622999978, 0.0 ], [ 116.113827854000078, -8.556726138999977, 0.0 ], [ 116.113850269000068, -8.55673399899996, 0.0 ], [ 116.113863946000038, -8.55673066099996, 0.0 ], [ 116.113911756000107, -8.556718991999958, 0.0 ], [ 116.114060060000043, -8.556682796999951, 0.0 ], [ 116.114179316000104, -8.556653691999941, 0.0 ], [ 116.114201801000036, -8.556648203999941, 0.0 ], [ 116.114302853000027, -8.556686528999933, 0.0 ], [ 116.114713026000118, -8.556842092999943, 0.0 ], [ 116.114875183000095, -8.556915776999972, 0.0 ], [ 116.114989777, -8.556967848999932, 0.0 ], [ 116.115140611000015, -8.557036387999972, 0.0 ], [ 116.115242533000014, -8.557077418999938, 0.0 ], [ 116.115416974000027, -8.557147642999951, 0.0 ], [ 116.115566391000016, -8.557207793999964, 0.0 ], [ 116.115825356000073, -8.557231182999942, 0.0 ], [ 116.115867339000033, -8.557234974999972, 0.0 ], [ 116.115974349000112, -8.557456682999941, 0.0 ], [ 116.116043459000025, -8.557599867999954, 0.0 ], [ 116.116053194000074, -8.557620036999936, 0.0 ], [ 116.116298355000026, -8.557996736999939, 0.0 ], [ 116.116370500000016, -8.55808043199994, 0.0 ], [ 116.116537435000055, -8.558274093999955, 0.0 ], [ 116.11663977, -8.558392812999955, 0.0 ], [ 116.116656033000027, -8.558411679999949, 0.0 ], [ 116.116700940000101, -8.55846377599994, 0.0 ], [ 116.116878586000098, -8.55867005999994, 0.0 ], [ 116.117111284000089, -8.558851456999946, 0.0 ], [ 116.117523333, -8.559062706999953, 0.0 ], [ 116.11799407500007, -8.559167420999927, 0.0 ], [ 116.118708368000057, -8.559172780999972, 0.0 ], [ 116.118878146000043, -8.559238105999952, 0.0 ], [ 116.119116640000016, -8.559451489999958, 0.0 ], [ 116.119174247000046, -8.559788361999949, 0.0 ], [ 116.119158286000015, -8.559834941999952, 0.0 ], [ 116.119078026000011, -8.560069166999938, 0.0 ], [ 116.119018076000089, -8.56024378799998, 0.0 ], [ 116.118947566000088, -8.560635728999955, 0.0 ], [ 116.119096289000026, -8.561159329999953, 0.0 ], [ 116.119106282000075, -8.561175900999956, 0.0 ], [ 116.119172688000049, -8.561286020999944, 0.0 ], [ 116.119265323000036, -8.561439634999942, 0.0 ], [ 116.119516614000077, -8.561722006999958, 0.0 ], [ 116.11959701100011, -8.561812347999933, 0.0 ], [ 116.119782406000013, -8.561930007999933, 0.0 ], [ 116.120114955000076, -8.562079799999935, 0.0 ], [ 116.120193765000067, -8.56211529899997, 0.0 ], [ 116.120623415000068, -8.562117791999981, 0.0 ], [ 116.120655662000104, -8.56213446199996, 0.0 ], [ 116.12113919300009, -8.562384411999972, 0.0 ], [ 116.121458810000036, -8.562386247999939, 0.0 ], [ 116.12196682900003, -8.562174699999957, 0.0 ], [ 116.122051848000069, -8.562157112999955, 0.0 ], [ 116.122294293000095, -8.562106958999948, 0.0 ], [ 116.122426038000071, -8.562172213999929, 0.0 ], [ 116.122708825000018, -8.562378053999964, 0.0 ], [ 116.122962323000024, -8.562669837999977, 0.0 ], [ 116.122976099000084, -8.562704178999979, 0.0 ], [ 116.12306262900006, -8.562919883999939, 0.0 ], [ 116.123109096, -8.563205601999925, 0.0 ], [ 116.123116157000027, -8.563249020999933, 0.0 ], [ 116.123111669000082, -8.563378598999975, 0.0 ], [ 116.123167722000062, -8.563600589999965, 0.0 ], [ 116.123297880000109, -8.563764956999933, 0.0 ], [ 116.123361476000014, -8.563845268999955, 0.0 ], [ 116.123641393000071, -8.564064181999981, 0.0 ], [ 116.123687964000055, -8.564100707999955, 0.0 ], [ 116.123548988000039, -8.564519006999944, 0.0 ], [ 116.123214011000073, -8.565528016999963, 0.0 ], [ 116.122437996000031, -8.566940039999963, 0.0 ], [ 116.121809987, -8.567521036999949, 0.0 ], [ 116.121460015000025, -8.567942974999937, 0.0 ], [ 116.120698963000109, -8.569066031999967, 0.0 ], [ 116.120486994000089, -8.569458984999926, 0.0 ], [ 116.120266033, -8.569786993999969, 0.0 ], [ 116.119991975000062, -8.570071024999947, 0.0 ], [ 116.119715998000061, -8.570439959999931, 0.0 ], [ 116.119544963000067, -8.570691039999929, 0.0 ], [ 116.119451975000061, -8.570920957999931, 0.0 ], [ 116.11943799200003, -8.570974004999925, 0.0 ], [ 116.119325001000107, -8.571105043999978, 0.0 ], [ 116.119477990000064, -8.57124003399997, 0.0 ], [ 116.119519103000016, -8.571276370999954, 0.0 ], [ 116.119590001, -8.571339032999958, 0.0 ], [ 116.119976009000084, -8.571669960999941, 0.0 ], [ 116.120589968000104, -8.571958004999942, 0.0 ], [ 116.121364997000114, -8.572321013999954, 0.0 ], [ 116.122195918000102, -8.572575837999977, 0.0 ], [ 116.122303989000102, -8.572608980999973, 0.0 ], [ 116.122843979000095, -8.572774960999936, 0.0 ], [ 116.123281973000076, -8.57285200299998, 0.0 ], [ 116.123612035000065, -8.57281504499997, 0.0 ], [ 116.123799032000079, -8.572757959999933, 0.0 ], [ 116.123836008000012, -8.572742037999944, 0.0 ], [ 116.124174969000023, -8.57261404299993, 0.0 ], [ 116.124449988000038, -8.572499013999959, 0.0 ], [ 116.124851027000091, -8.572353977999967, 0.0 ], [ 116.125000034000095, -8.572297980999963, 0.0 ], [ 116.125350992000108, -8.572166032999974, 0.0 ], [ 116.125392983000097, -8.572119016999977, 0.0 ], [ 116.125442031000034, -8.572098963999963, 0.0 ], [ 116.125467983000021, -8.57241496499995, 0.0 ], [ 116.125547017000031, -8.572551956999973, 0.0 ], [ 116.12554899700001, -8.572964024999976, 0.0 ], [ 116.125569006000092, -8.573159024999939, 0.0 ], [ 116.125706965000063, -8.573412977999965, 0.0 ], [ 116.125771011000097, -8.57348600499995, 0.0 ], [ 116.125930999000047, -8.573509967999939, 0.0 ], [ 116.126076968, -8.573504963999937, 0.0 ], [ 116.126129993000063, -8.573515030999943, 0.0 ], [ 116.126200992, -8.573988020999934, 0.0 ], [ 116.126280966000081, -8.574101276999954, 0.0 ], [ 116.126395220000063, -8.57426307999998, 0.0 ], [ 116.126703028000065, -8.574698987999966, 0.0 ], [ 116.127061916000116, -8.575682434999976, 0.0 ], [ 116.127095373000088, -8.57577411699998, 0.0 ], [ 116.1271960360001, -8.576049958999931, 0.0 ], [ 116.127150187000098, -8.577166022999961, 0.0 ], [ 116.127135027, -8.577535041999965, 0.0 ], [ 116.127108420000013, -8.577875783999957, 0.0 ], [ 116.127107389000116, -8.577888979999955, 0.0 ], [ 116.127067150000016, -8.578404300999978, 0.0 ], [ 116.127061007000066, -8.578482974999929, 0.0 ], [ 116.126497973000028, -8.579544006999981, 0.0 ], [ 116.126189681000028, -8.579871009999977, 0.0 ], [ 116.125805006000064, -8.580279033999943, 0.0 ], [ 116.125773165000055, -8.580335464999962, 0.0 ], [ 116.125726715000042, -8.580417785999941, 0.0 ], [ 116.125549966000108, -8.580731030999971, 0.0 ], [ 116.125438025000108, -8.580860987999927, 0.0 ], [ 116.125237030000108, -8.580714044999979, 0.0 ], [ 116.125094992000072, -8.580637042999967, 0.0 ], [ 116.12499996400004, -8.580612954999935, 0.0 ], [ 116.124752992000026, -8.580550996999932, 0.0 ], [ 116.124610987000096, -8.580459978999954, 0.0 ], [ 116.124512997000011, -8.580322039999942, 0.0 ], [ 116.124480966000078, -8.580272957999966, 0.0 ], [ 116.124393979000047, -8.580140016999962, 0.0 ], [ 116.124278969000102, -8.579908992999947, 0.0 ], [ 116.12413799400008, -8.579662989999974, 0.0 ], [ 116.123908964000066, -8.579456031999939, 0.0 ], [ 116.123582028000101, -8.579369023999959, 0.0 ], [ 116.123037975000102, -8.579337043999942, 0.0 ], [ 116.122980964000021, -8.579333025999972, 0.0 ], [ 116.122841025000071, -8.579289032999952, 0.0 ], [ 116.122619969000084, -8.579232014999945, 0.0 ], [ 116.122239031000049, -8.579234041999939, 0.0 ], [ 116.121978981000098, -8.579353985999944, 0.0 ], [ 116.12190699000007, -8.579379954999979, 0.0 ], [ 116.121841977000031, -8.579401960999974, 0.0 ], [ 116.12127302600004, -8.579444973999955, 0.0 ], [ 116.120253966000064, -8.57959302699993, 0.0 ], [ 116.120139009000013, -8.579600993999975, 0.0 ], [ 116.119967989000088, -8.579550960999939, 0.0 ], [ 116.119871006000039, -8.579562041999964, 0.0 ], [ 116.119400987000063, -8.579560969999932, 0.0 ], [ 116.119284022000102, -8.57956196899994, 0.0 ], [ 116.119119026000021, -8.57956403399993, 0.0 ], [ 116.11834025600001, -8.579597130999957, 0.0 ], [ 116.118273008000074, -8.579599988999973, 0.0 ], [ 116.118126972000027, -8.579609547999951, 0.0 ], [ 116.11798201900001, -8.57961903599994, 0.0 ], [ 116.117857995, -8.579626981999979, 0.0 ], [ 116.117628, -8.579644992999931, 0.0 ], [ 116.117429008000045, -8.57963802699993, 0.0 ], [ 116.11722901600001, -8.57970701499994, 0.0 ], [ 116.117011002000027, -8.579792961999942, 0.0 ], [ 116.116690972000015, -8.57989603599998, 0.0 ], [ 116.116072017000079, -8.579982962999964, 0.0 ], [ 116.115824013000065, -8.580076977999965, 0.0 ], [ 116.115270999000018, -8.580291010999929, 0.0 ], [ 116.115132035000101, -8.580344041999979, 0.0 ], [ 116.114704002000053, -8.580427967999981, 0.0 ], [ 116.114078001000053, -8.58054797099993, 0.0 ], [ 116.114065036000056, -8.580549025999971, 0.0 ], [ 116.114055970000095, -8.580549005999956, 0.0 ], [ 116.11328697600004, -8.580585035999945, 0.0 ], [ 116.113135145000115, -8.580590801999961, 0.0 ], [ 116.112510336000014, -8.580614530999981, 0.0 ], [ 116.11249896400011, -8.58061496299996, 0.0 ], [ 116.112291023000012, -8.580621989999941, 0.0 ], [ 116.11227701100006, -8.580621956999948, 0.0 ], [ 116.112265997, -8.580622022999933, 0.0 ], [ 116.112020965000056, -8.580693978999932, 0.0 ], [ 116.111742002000028, -8.580728963999945, 0.0 ], [ 116.111627999, -8.580712966999954, 0.0 ], [ 116.11159198200005, -8.580703027999959, 0.0 ], [ 116.111547973000029, -8.580682038999953, 0.0 ], [ 116.110817025000074, -8.580499958999951, 0.0 ], [ 116.11034896700005, -8.580331956999942, 0.0 ], [ 116.110183231000065, -8.580284773999949, 0.0 ], [ 116.110044362000053, -8.580245238999964, 0.0 ], [ 116.109916995000049, -8.580208978999963, 0.0 ], [ 116.109785934000115, -8.58017125899994, 0.0 ], [ 116.109770984000079, -8.580166955999971, 0.0 ], [ 116.109363027000086, -8.580091957999969, 0.0 ], [ 116.109304974000111, -8.580310016999931, 0.0 ], [ 116.109211970000047, -8.580703959999937, 0.0 ], [ 116.109201010000106, -8.580744986999946, 0.0 ], [ 116.109200026000053, -8.580748963999952, 0.0 ], [ 116.109198968000101, -8.580753029999926, 0.0 ], [ 116.108860027000105, -8.582185015999926, 0.0 ], [ 116.10878996800011, -8.582828038999935, 0.0 ], [ 116.108770002000028, -8.582907023999951, 0.0 ], [ 116.108570984000039, -8.583842, 0.0 ], [ 116.108373998000047, -8.584516016999942, 0.0 ], [ 116.108363002000033, -8.584540043999937, 0.0 ], [ 116.108310032000077, -8.584859027999926, 0.0 ], [ 116.108223978000069, -8.585323968999944, 0.0 ], [ 116.10819398600006, -8.585460982999962, 0.0 ], [ 116.108133014000032, -8.58564503499997, 0.0 ], [ 116.108096986000078, -8.585863958999937, 0.0 ], [ 116.107982975000027, -8.586267980999935, 0.0 ], [ 116.107887977000019, -8.586680002999969, 0.0 ], [ 116.107789026000091, -8.58718, 0.0 ], [ 116.107711024000082, -8.587533014999963, 0.0 ], [ 116.107661964000044, -8.587846038999942, 0.0 ], [ 116.107632992000049, -8.587962980999976, 0.0 ], [ 116.107586029000117, -8.58817997999995, 0.0 ], [ 116.107571436000057, -8.588246081999955, 0.0 ], [ 116.107571077000102, -8.588247707999926, 0.0 ], [ 116.107547636000049, -8.588242725999976, 0.0 ], [ 116.107537991000072, -8.588240979999966, 0.0 ], [ 116.107478692000086, -8.588232053999945, 0.0 ], [ 116.107310775000087, -8.588150266999946, 0.0 ], [ 116.107082473000105, -8.588023118999956, 0.0 ], [ 116.106760032000011, -8.587851848999946, 0.0 ], [ 116.106740439000077, -8.587841441999956, 0.0 ], [ 116.10653095400005, -8.587804779999942, 0.0 ], [ 116.106236140000078, -8.58783122899996, 0.0 ], [ 116.105984749000072, -8.587866822999956, 0.0 ], [ 116.105740891000096, -8.58795669999995, 0.0 ], [ 116.105516061000117, -8.588046619999943, 0.0 ], [ 116.105295169000101, -8.588154637999935, 0.0 ], [ 116.105134010000029, -8.588217573999941, 0.0 ], [ 116.104897937000032, -8.588262246999932, 0.0 ], [ 116.104661939000039, -8.588270742999953, 0.0 ], [ 116.104186269000024, -8.588161106999962, 0.0 ], [ 116.103820953000081, -8.588096947999929, 0.0 ], [ 116.103602693000084, -8.588051219999954, 0.0 ], [ 116.103423594000105, -8.588014625999961, 0.0 ], [ 116.103130564000026, -8.58800489999993, 0.0 ], [ 116.102718243000027, -8.587886365999964, 0.0 ], [ 116.102689674000089, -8.58787708899996, 0.0 ], [ 116.1024937950001, -8.587813489999974, 0.0 ], [ 116.102311289000113, -8.587776887999951, 0.0 ], [ 116.102166451000016, -8.587785594999957, 0.0 ], [ 116.101952830000073, -8.587938848999954, 0.0 ], [ 116.101715456000079, -8.588173444999939, 0.0 ], [ 116.101501856000027, -8.588317654999969, 0.0 ], [ 116.101277477000053, -8.588335219999976, 0.0 ], [ 116.101098196000066, -8.588380022999957, 0.0 ], [ 116.100909537, -8.588424803999942, 0.0 ], [ 116.100700932000109, -8.588496670999973, 0.0 ], [ 116.100424142000065, -8.58858646799996, 0.0 ], [ 116.10010980800007, -8.588459114999978, 0.0 ], [ 116.100034101, -8.590457709999953, 0.0 ], [ 116.100634218000096, -8.593669089999935, 0.0 ], [ 116.100655069000027, -8.593780669999944, 0.0 ] ] ] ] } },
{ "type": "Feature", "properties": { "nm_kecamatan": "Sandubaya" }, "geometry": { "type": "MultiPolygon", "coordinates": [ [ [ [ 116.135808593000093, -8.612507122999943, 0.0 ], [ 116.135806863000084, -8.612744255999928, 0.0 ], [ 116.135867303000055, -8.613029341999948, 0.0 ], [ 116.135867020000092, -8.613068491999968, 0.0 ], [ 116.135864551000054, -8.613410683999973, 0.0 ], [ 116.135938254000052, -8.613651798999967, 0.0 ], [ 116.135951069000043, -8.613693723999972, 0.0 ], [ 116.136037694000038, -8.614076042999955, 0.0 ], [ 116.136052057000029, -8.614139431999945, 0.0 ], [ 116.136288085000047, -8.614632995999955, 0.0 ], [ 116.136395125000035, -8.614951916999928, 0.0 ], [ 116.13642728100001, -8.615117921999968, 0.0 ], [ 116.136480230000075, -8.615391265999961, 0.0 ], [ 116.136490430000094, -8.61544392299993, 0.0 ], [ 116.136612818000117, -8.615788535999968, 0.0 ], [ 116.136610512000061, -8.616092414999969, 0.0 ], [ 116.136658901000033, -8.616571223999927, 0.0 ], [ 116.136573529000088, -8.616509722999979, 0.0 ], [ 116.136464663000083, -8.616465228999971, 0.0 ], [ 116.136456757000019, -8.616461997999977, 0.0 ], [ 116.136252689000116, -8.616378593999968, 0.0 ], [ 116.136236165000014, -8.616371840999932, 0.0 ], [ 116.136126621000017, -8.616338793999944, 0.0 ], [ 116.13610097600008, -8.616331057999957, 0.0 ], [ 116.136033573000077, -8.616310723999959, 0.0 ], [ 116.135946362000027, -8.616227918999925, 0.0 ], [ 116.135795759000075, -8.616084923999949, 0.0 ], [ 116.135411660000045, -8.615921359999959, 0.0 ], [ 116.135306763000017, -8.615848084999925, 0.0 ], [ 116.13514745100008, -8.615736797999944, 0.0 ], [ 116.134992478000072, -8.615690262999976, 0.0 ], [ 116.134978047000118, -8.615685929999927, 0.0 ], [ 116.134859424000069, -8.615650308999932, 0.0 ], [ 116.134813737000059, -8.615636589999951, 0.0 ], [ 116.134773820000078, -8.615624603999947, 0.0 ], [ 116.134578725000097, -8.615557678999949, 0.0 ], [ 116.134327086000098, -8.615471356999933, 0.0 ], [ 116.134306933000062, -8.615474196999969, 0.0 ], [ 116.134134529000107, -8.615498489999936, 0.0 ], [ 116.134061829000075, -8.615508733999945, 0.0 ], [ 116.133927264000022, -8.615527695999958, 0.0 ], [ 116.133880844000032, -8.615534236999963, 0.0 ], [ 116.133823772000028, -8.615525737999974, 0.0 ], [ 116.133574516000067, -8.61548862099994, 0.0 ], [ 116.133506303000104, -8.615478462999931, 0.0 ], [ 116.133198667000102, -8.615535732999945, 0.0 ], [ 116.133074624000074, -8.615569968999978, 0.0 ], [ 116.13300675500011, -8.615588700999979, 0.0 ], [ 116.132974891000117, -8.615597494999975, 0.0 ], [ 116.132916929000089, -8.615613492999955, 0.0 ], [ 116.132671469000115, -8.615716879999979, 0.0 ], [ 116.132631049000111, -8.615773962999981, 0.0 ], [ 116.132492677000073, -8.615969378999978, 0.0 ], [ 116.132306100000051, -8.616392511999948, 0.0 ], [ 116.132272715000113, -8.616468964999967, 0.0 ], [ 116.132254437000029, -8.616510822999942, 0.0 ], [ 116.13221615000009, -8.616598501999931, 0.0 ], [ 116.131995389000053, -8.616897294999944, 0.0 ], [ 116.131955381000012, -8.617005966999955, 0.0 ], [ 116.13191577900011, -8.617113536999966, 0.0 ], [ 116.131814184000064, -8.61749446999994, 0.0 ], [ 116.131498675000103, -8.617802793999942, 0.0 ], [ 116.131423941000094, -8.618065304999959, 0.0 ], [ 116.131328197000016, -8.618353555999931, 0.0 ], [ 116.131204684000068, -8.618505816999971, 0.0 ], [ 116.1311444050001, -8.618580124999937, 0.0 ], [ 116.131165568000029, -8.618658185999948, 0.0 ], [ 116.131181725000033, -8.618717784999944, 0.0 ], [ 116.131200192000051, -8.618785903999935, 0.0 ], [ 116.131199048000099, -8.618945419999932, 0.0 ], [ 116.131125221000048, -8.619079263999936, 0.0 ], [ 116.131104085000061, -8.619095442999935, 0.0 ], [ 116.130983919000073, -8.61918742499995, 0.0 ], [ 116.130944026000066, -8.619187450999959, 0.0 ], [ 116.130749707000064, -8.61918757799998, 0.0 ], [ 116.13037496600009, -8.619187785999941, 0.0 ], [ 116.13014118600006, -8.619126149999943, 0.0 ], [ 116.130006977000107, -8.618966705999981, 0.0 ], [ 116.129957259000093, -8.618930661999968, 0.0 ], [ 116.129792055000053, -8.618810892999932, 0.0 ], [ 116.129642286000035, -8.618775348999975, 0.0 ], [ 116.129532223000069, -8.618749227999956, 0.0 ], [ 116.129361017000065, -8.618666947999941, 0.0 ], [ 116.129206964000105, -8.618358288999957, 0.0 ], [ 116.129195831000061, -8.618348774999959, 0.0 ], [ 116.129086588000064, -8.618255411999939, 0.0 ], [ 116.128863819000117, -8.618095944999936, 0.0 ], [ 116.128552090000085, -8.618003344999977, 0.0 ], [ 116.128281384000047, -8.618003321999936, 0.0 ], [ 116.128143664000049, -8.617967285999953, 0.0 ], [ 116.128005945000041, -8.61793124999997, 0.0 ], [ 116.127803720000088, -8.61780773199996, 0.0 ], [ 116.127513347000104, -8.617627579999976, 0.0 ], [ 116.127400580000085, -8.617582588999937, 0.0 ], [ 116.127332645000024, -8.617555484999968, 0.0 ], [ 116.127111956000022, -8.617517411999927, 0.0 ], [ 116.126973802000066, -8.617493577999937, 0.0 ], [ 116.126697862000015, -8.617493415999945, 0.0 ], [ 116.126587839000081, -8.61760137899995, 0.0 ], [ 116.126586986, -8.61773513299994, 0.0 ], [ 116.12658586900011, -8.61791003999997, 0.0 ], [ 116.126584977000107, -8.618048934999933, 0.0 ], [ 116.126584085000104, -8.618187829999954, 0.0 ], [ 116.126456379000047, -8.618318503999944, 0.0 ], [ 116.126252949000104, -8.618380082999977, 0.0 ], [ 116.125997857000016, -8.61837987499996, 0.0 ], [ 116.125644369000042, -8.618297248999966, 0.0 ], [ 116.12546563, -8.61824717199994, 0.0 ], [ 116.125441686000045, -8.618240463999939, 0.0 ], [ 116.125143273000049, -8.618240148999973, 0.0 ], [ 116.124882189000118, -8.618363310999939, 0.0 ], [ 116.12474644100007, -8.618424878999974, 0.0 ], [ 116.124443806000045, -8.618532525999967, 0.0 ], [ 116.124188317000062, -8.618593915999952, 0.0 ], [ 116.123922797000091, -8.618593544999953, 0.0 ], [ 116.12366157800011, -8.618665177999958, 0.0 ], [ 116.123390469000014, -8.618726490999961, 0.0 ], [ 116.123161042000106, -8.618782707999969, 0.0 ], [ 116.122962352000059, -8.618921267999951, 0.0 ], [ 116.122753748000036, -8.619013505999931, 0.0 ], [ 116.122497696000096, -8.619013055999972, 0.0 ], [ 116.122488220000037, -8.619013038999981, 0.0 ], [ 116.122363825000093, -8.619012809999958, 0.0 ], [ 116.122377978000031, -8.618976976999932, 0.0 ], [ 116.122429022, -8.618288965999966, 0.0 ], [ 116.12248399300006, -8.618107971999962, 0.0 ], [ 116.122544979000054, -8.61778800999997, 0.0 ], [ 116.122586967000075, -8.617550018999964, 0.0 ], [ 116.122609976000035, -8.617256012999974, 0.0 ], [ 116.122627, -8.616925008999942, 0.0 ], [ 116.12265603000003, -8.616586978999976, 0.0 ], [ 116.122676969000054, -8.616117996999947, 0.0 ], [ 116.122674975000109, -8.615779986999939, 0.0 ], [ 116.122709979000092, -8.615385997999965, 0.0 ], [ 116.122756974000026, -8.614991042999975, 0.0 ], [ 116.122835978000012, -8.614591005999955, 0.0 ], [ 116.122927035000089, -8.614195968999979, 0.0 ], [ 116.122980987, -8.613871017999941, 0.0 ], [ 116.123144979000017, -8.613075025999933, 0.0 ], [ 116.123229986000069, -8.612606008999933, 0.0 ], [ 116.123278034, -8.612273990999938, 0.0 ], [ 116.123418973000071, -8.611790994999978, 0.0 ], [ 116.123489963000111, -8.611291019999953, 0.0 ], [ 116.123535989000061, -8.610665027999971, 0.0 ], [ 116.123699990000091, -8.609863971999971, 0.0 ], [ 116.123747002000073, -8.609363038999959, 0.0 ], [ 116.123820003000105, -8.608672002999981, 0.0 ], [ 116.12383503500007, -8.608358987999964, 0.0 ], [ 116.123857027000099, -8.608278017999965, 0.0 ], [ 116.124055991000091, -8.608206041999949, 0.0 ], [ 116.124181007000061, -8.608162018999963, 0.0 ], [ 116.124183032000019, -8.608161028999973, 0.0 ], [ 116.124306027000102, -8.608116005999932, 0.0 ], [ 116.124366998000028, -8.608093990999976, 0.0 ], [ 116.124420020000116, -8.608075031999931, 0.0 ], [ 116.124765001000014, -8.608047966999948, 0.0 ], [ 116.124956011000108, -8.607981034999966, 0.0 ], [ 116.125000031000013, -8.607966034999947, 0.0 ], [ 116.125179031000016, -8.60790802799994, 0.0 ], [ 116.12521597500006, -8.607907026999953, 0.0 ], [ 116.125270028000045, -8.607896027999971, 0.0 ], [ 116.125359987000024, -8.607878960999926, 0.0 ], [ 116.125471988000072, -8.607856970999933, 0.0 ], [ 116.125702974000092, -8.607774034999977, 0.0 ], [ 116.126242963000095, -8.607569998999963, 0.0 ], [ 116.12625196800002, -8.607499035999979, 0.0 ], [ 116.126280012000052, -8.607295012999941, 0.0 ], [ 116.126246738000077, -8.606843974999947, 0.0 ], [ 116.126235971000028, -8.606698021999932, 0.0 ], [ 116.126175198000055, -8.606492192999951, 0.0 ], [ 116.126173271000084, -8.606485665999969, 0.0 ], [ 116.126152990000037, -8.606416975999934, 0.0 ], [ 116.126005, -8.606056026999966, 0.0 ], [ 116.125921037000012, -8.605648022999958, 0.0 ], [ 116.125863985000024, -8.605203005999954, 0.0 ], [ 116.12567600400007, -8.604865024999981, 0.0 ], [ 116.125606011000059, -8.604737005999937, 0.0 ], [ 116.125540983000064, -8.604338991999953, 0.0 ], [ 116.125568980000025, -8.603860981999958, 0.0 ], [ 116.125611023000033, -8.603335983999955, 0.0 ], [ 116.125586968000107, -8.602520030999926, 0.0 ], [ 116.125556025000037, -8.60235502699993, 0.0 ], [ 116.125491026000077, -8.60201000099994, 0.0 ], [ 116.125376983000024, -8.601746968999976, 0.0 ], [ 116.125374964000116, -8.601744974999974, 0.0 ], [ 116.125283972000034, -8.601624955999966, 0.0 ], [ 116.12525999200011, -8.601592981999943, 0.0 ], [ 116.12519299500002, -8.601530978999961, 0.0 ], [ 116.125335016, -8.600474965999979, 0.0 ], [ 116.125239003000047, -8.597252025999978, 0.0 ], [ 116.125257574000102, -8.597140940999964, 0.0 ], [ 116.125294007000093, -8.59692300699993, 0.0 ], [ 116.125424984, -8.596695976999968, 0.0 ], [ 116.125611246000062, -8.596599873999935, 0.0 ], [ 116.125643967000087, -8.596582991999981, 0.0 ], [ 116.125685994000037, -8.596586975999969, 0.0 ], [ 116.125977564000095, -8.596599470999934, 0.0 ], [ 116.126222974000029, -8.596609986999965, 0.0 ], [ 116.12637651700004, -8.596616835999953, 0.0 ], [ 116.126806031000115, -8.596635994999929, 0.0 ], [ 116.127113756000085, -8.59664515999998, 0.0 ], [ 116.127260670000055, -8.596649534999926, 0.0 ], [ 116.127275968000049, -8.596649990999936, 0.0 ], [ 116.127387972000065, -8.596658020999939, 0.0 ], [ 116.127726014000018, -8.596684221999965, 0.0 ], [ 116.127941991000057, -8.596700961999943, 0.0 ], [ 116.128008968000017, -8.596705996999958, 0.0 ], [ 116.129172032000042, -8.596780967999962, 0.0 ], [ 116.129170953000084, -8.596803482999974, 0.0 ], [ 116.129154784000093, -8.597140940999964, 0.0 ], [ 116.129152756000053, -8.597183271999938, 0.0 ], [ 116.129141032, -8.59742797499996, 0.0 ], [ 116.129091010000025, -8.598464034999949, 0.0 ], [ 116.129058972000053, -8.599072969999952, 0.0 ], [ 116.129047988000025, -8.599288968999929, 0.0 ], [ 116.129041739000058, -8.599369803999934, 0.0 ], [ 116.128986990000044, -8.600077964999969, 0.0 ], [ 116.128935003000038, -8.600760007999952, 0.0 ], [ 116.128875285000049, -8.601564972999938, 0.0 ], [ 116.128857998000058, -8.601797995999959, 0.0 ], [ 116.128981037000017, -8.601798002999942, 0.0 ], [ 116.129556973000035, -8.601795960999937, 0.0 ], [ 116.130120991000013, -8.601794974999962, 0.0 ], [ 116.130366986000013, -8.601765961999945, 0.0 ], [ 116.130724011000098, -8.60177798199993, 0.0 ], [ 116.131088980000072, -8.601790017999974, 0.0 ], [ 116.131345024000098, -8.601789962999931, 0.0 ], [ 116.131939992000071, -8.601787959999967, 0.0 ], [ 116.131965991000015, -8.601789012999973, 0.0 ], [ 116.13220500500006, -8.601797961999978, 0.0 ], [ 116.132277983000108, -8.601801019999925, 0.0 ], [ 116.132346984000037, -8.600423016999969, 0.0 ], [ 116.132370963000085, -8.60025795599995, 0.0 ], [ 116.132483973000035, -8.600186955999959, 0.0 ], [ 116.13253803300006, -8.600171976999945, 0.0 ], [ 116.132717019000097, -8.600151039999957, 0.0 ], [ 116.133004036000102, -8.600238041999944, 0.0 ], [ 116.133111014000065, -8.600249042999963, 0.0 ], [ 116.133291968000094, -8.60021897799993, 0.0 ], [ 116.133421033000104, -8.600237985999968, 0.0 ], [ 116.134051974000045, -8.599870021999948, 0.0 ], [ 116.134316021000018, -8.599777026999959, 0.0 ], [ 116.134644033000086, -8.599597005999954, 0.0 ], [ 116.134761011000023, -8.599560013999962, 0.0 ], [ 116.134927001000051, -8.599618981999981, 0.0 ], [ 116.135131981000086, -8.599700009999935, 0.0 ], [ 116.135508611000091, -8.59971158999997, 0.0 ], [ 116.135553970000046, -8.59971298499994, 0.0 ], [ 116.135564006000095, -8.599714332999952, 0.0 ], [ 116.135569026000098, -8.599715007999976, 0.0 ], [ 116.135786995000103, -8.599752028999944, 0.0 ], [ 116.136432017000061, -8.599617025999976, 0.0 ], [ 116.136647975000074, -8.599548967999965, 0.0 ], [ 116.136939967000103, -8.599458022999954, 0.0 ], [ 116.137152991000107, -8.599296007999953, 0.0 ], [ 116.137509006000073, -8.599024988999929, 0.0 ], [ 116.137740015000077, -8.598763003999977, 0.0 ], [ 116.137829979000117, -8.598577020999926, 0.0 ], [ 116.137840976, -8.598551997999948, 0.0 ], [ 116.137909028000081, -8.598412986999961, 0.0 ], [ 116.137931005000041, -8.598336988999961, 0.0 ], [ 116.13804501300001, -8.598287962999962, 0.0 ], [ 116.13819098700003, -8.598318039999981, 0.0 ], [ 116.138328980000097, -8.598365007999973, 0.0 ], [ 116.138477031000093, -8.598305025999935, 0.0 ], [ 116.138597964000041, -8.598241998999981, 0.0 ], [ 116.139127989000031, -8.598260997999944, 0.0 ], [ 116.139406983000072, -8.598251041999958, 0.0 ], [ 116.139524001000041, -8.598195963999956, 0.0 ], [ 116.140121989000022, -8.597882983999966, 0.0 ], [ 116.140237995, -8.597777988999951, 0.0 ], [ 116.140627969000093, -8.597465989999932, 0.0 ], [ 116.140833984000096, -8.597353960999953, 0.0 ], [ 116.141462017000094, -8.597240974999977, 0.0 ], [ 116.141632971000035, -8.597191983999949, 0.0 ], [ 116.141762971000048, -8.597061971999949, 0.0 ], [ 116.141813018000107, -8.596964966999963, 0.0 ], [ 116.141869994000103, -8.596852967999951, 0.0 ], [ 116.142018022000116, -8.596636006999972, 0.0 ], [ 116.142072976, -8.596523007999963, 0.0 ], [ 116.142028981000067, -8.596261039999945, 0.0 ], [ 116.142004967000048, -8.59614397699994, 0.0 ], [ 116.142266973, -8.595757000999981, 0.0 ], [ 116.142345993000049, -8.595504981999966, 0.0 ], [ 116.142665022000074, -8.594851017999929, 0.0 ], [ 116.142948985000089, -8.594496008999954, 0.0 ], [ 116.142980021000085, -8.594456019999939, 0.0 ], [ 116.143436990000055, -8.594172017999938, 0.0 ], [ 116.143762983000101, -8.593986015999974, 0.0 ], [ 116.144020019000095, -8.593808992999925, 0.0 ], [ 116.144182977000014, -8.593683030999955, 0.0 ], [ 116.144593009, -8.592876991999958, 0.0 ], [ 116.144958880000104, -8.592466654999953, 0.0 ], [ 116.145243019000077, -8.592147982999961, 0.0 ], [ 116.145269054000096, -8.591747875999943, 0.0 ], [ 116.145305785, -8.591183407999949, 0.0 ], [ 116.145309330000032, -8.591128923999975, 0.0 ], [ 116.145315964000019, -8.591026967999937, 0.0 ], [ 116.145317701000067, -8.590902554999957, 0.0 ], [ 116.145344163000118, -8.589006925999968, 0.0 ], [ 116.145372988000076, -8.586941973999956, 0.0 ], [ 116.145272977000104, -8.586932980999961, 0.0 ], [ 116.145148016, -8.586923027999944, 0.0 ], [ 116.144884007000087, -8.586836990999927, 0.0 ], [ 116.14444800900003, -8.586694960999978, 0.0 ], [ 116.14390796400005, -8.586572954999951, 0.0 ], [ 116.143614032000073, -8.586598976999937, 0.0 ], [ 116.14355803, -8.586611964999975, 0.0 ], [ 116.143431574000033, -8.586640810999938, 0.0 ], [ 116.142966007000041, -8.586747009999954, 0.0 ], [ 116.142712989000074, -8.58680504199998, 0.0 ], [ 116.142349999000089, -8.586951988999942, 0.0 ], [ 116.142196020000029, -8.587018017999981, 0.0 ], [ 116.141950989000065, -8.587122997999927, 0.0 ], [ 116.141601967000042, -8.587255959999936, 0.0 ], [ 116.141124969000089, -8.587387007999951, 0.0 ], [ 116.140945980000083, -8.587379012999975, 0.0 ], [ 116.14092000800008, -8.587366024999938, 0.0 ], [ 116.140759991000095, -8.58728500899997, 0.0 ], [ 116.140359007000029, -8.586933990999967, 0.0 ], [ 116.140359010000111, -8.586932995999973, 0.0 ], [ 116.140120979000017, -8.586624026999971, 0.0 ], [ 116.139860003000081, -8.586223043999951, 0.0 ], [ 116.139754016000097, -8.586172983999973, 0.0 ], [ 116.139674003000096, -8.58583497799998, 0.0 ], [ 116.139550998000118, -8.585456004999969, 0.0 ], [ 116.139505999000107, -8.58527496499994, 0.0 ], [ 116.139483001000031, -8.585072995999951, 0.0 ], [ 116.139677028000051, -8.58392602999993, 0.0 ], [ 116.13950503, -8.582078992999925, 0.0 ], [ 116.13941399600003, -8.581711032999976, 0.0 ], [ 116.139225016000069, -8.581149977999928, 0.0 ], [ 116.138918011000101, -8.580761008999957, 0.0 ], [ 116.138172001000044, -8.580471973999977, 0.0 ], [ 116.13710603100003, -8.579825043999961, 0.0 ], [ 116.136557003, -8.579241028999945, 0.0 ], [ 116.136267031000102, -8.57801404199995, 0.0 ], [ 116.13601802900007, -8.575302010999962, 0.0 ], [ 116.136335017000079, -8.573390961999962, 0.0 ], [ 116.136810979000074, -8.573479014999975, 0.0 ], [ 116.137329992000105, -8.573514988999932, 0.0 ], [ 116.137731981000115, -8.573579002999963, 0.0 ], [ 116.137911975000065, -8.573637005999956, 0.0 ], [ 116.137946963000104, -8.573637987999973, 0.0 ], [ 116.138328989000115, -8.573749972999963, 0.0 ], [ 116.138680975000057, -8.573825990999978, 0.0 ], [ 116.139007993000064, -8.573910001999934, 0.0 ], [ 116.139218029000062, -8.573902964999945, 0.0 ], [ 116.13952000300003, -8.573795037999957, 0.0 ], [ 116.139804988000037, -8.573612020999974, 0.0 ], [ 116.139923036000027, -8.573562006999964, 0.0 ], [ 116.140074966000043, -8.573505015999956, 0.0 ], [ 116.140159029000074, -8.573474006999959, 0.0 ], [ 116.140528014000097, -8.573221005999926, 0.0 ], [ 116.140922017000094, -8.573137968999959, 0.0 ], [ 116.141467033000026, -8.573206004999975, 0.0 ], [ 116.142590033000033, -8.573375966999947, 0.0 ], [ 116.143202970000061, -8.573360960999935, 0.0 ], [ 116.144141991000083, -8.573312043999977, 0.0 ], [ 116.144485978000034, -8.573279981999974, 0.0 ], [ 116.144653964000099, -8.573246987999937, 0.0 ], [ 116.145136977000107, -8.57316495699996, 0.0 ], [ 116.145576973000061, -8.573086989999979, 0.0 ], [ 116.146048001000054, -8.57276901299997, 0.0 ], [ 116.146257969000089, -8.572590977999937, 0.0 ], [ 116.146397995000029, -8.572461979999957, 0.0 ], [ 116.146538030000102, -8.572363002999964, 0.0 ], [ 116.146597986000074, -8.57232298699995, 0.0 ], [ 116.146684010000058, -8.572252012999968, 0.0 ], [ 116.146919939000099, -8.571619487999953, 0.0 ], [ 116.147044781000091, -8.571584667999957, 0.0 ], [ 116.147122939000042, -8.571584820999931, 0.0 ], [ 116.147202266000022, -8.57158497599994, 0.0 ], [ 116.147281434000092, -8.571585135999953, 0.0 ], [ 116.147463763000019, -8.571526971999958, 0.0 ], [ 116.147484030000101, -8.571520506999946, 0.0 ], [ 116.147709656000075, -8.571500212999979, 0.0 ], [ 116.147809759000097, -8.571500433999972, 0.0 ], [ 116.147925041, -8.571500692999962, 0.0 ], [ 116.148011069000063, -8.571500889999982, 0.0 ], [ 116.14808752700003, -8.571501067999975, 0.0 ], [ 116.148175520000109, -8.571501275999935, 0.0 ], [ 116.148228852000102, -8.571501402999957, 0.0 ], [ 116.148297144000026, -8.571501566999927, 0.0 ], [ 116.148314440000036, -8.571534002999954, 0.0 ], [ 116.1483477270001, -8.571596421999971, 0.0 ], [ 116.148395248000043, -8.571660097999938, 0.0 ], [ 116.148471018, -8.57176162899998, 0.0 ], [ 116.148524063000082, -8.571832708999978, 0.0 ], [ 116.14857345900009, -8.571939345999965, 0.0 ], [ 116.148594181000021, -8.571984079999936, 0.0 ], [ 116.148635447000061, -8.572046708999949, 0.0 ], [ 116.148702023000055, -8.572177109999927, 0.0 ], [ 116.148727721000114, -8.572227441999928, 0.0 ], [ 116.148768224000037, -8.572282893999954, 0.0 ], [ 116.148806055000023, -8.572330308999938, 0.0 ], [ 116.148894612000049, -8.572452501999976, 0.0 ], [ 116.148970472000087, -8.57260187199995, 0.0 ], [ 116.149016112000027, -8.572691730999964, 0.0 ], [ 116.149069557000075, -8.572773335999955, 0.0 ], [ 116.149128881000024, -8.572845318999953, 0.0 ], [ 116.149220222000054, -8.573021923999931, 0.0 ], [ 116.149268995000057, -8.573094822999963, 0.0 ], [ 116.149308585000085, -8.573153995999974, 0.0 ], [ 116.149332540000046, -8.573189799999966, 0.0 ], [ 116.149721579000015, -8.574002992999965, 0.0 ], [ 116.149917452000068, -8.57441235999994, 0.0 ], [ 116.150109499000109, -8.574813703999951, 0.0 ], [ 116.150225035000062, -8.575055149999969, 0.0 ], [ 116.149920441000063, -8.575358234999953, 0.0 ], [ 116.149600105000104, -8.575677000999974, 0.0 ], [ 116.149554289000093, -8.575837988999979, 0.0 ], [ 116.149429319000092, -8.576277103999928, 0.0 ], [ 116.14939326800004, -8.576403779999964, 0.0 ], [ 116.14937262400008, -8.576450656999953, 0.0 ], [ 116.149230408000108, -8.57677358799998, 0.0 ], [ 116.148969486000055, -8.577118942999959, 0.0 ], [ 116.148905840000111, -8.57720319799995, 0.0 ], [ 116.148644603000093, -8.577549026999975, 0.0 ], [ 116.148517943000115, -8.577716720999945, 0.0 ], [ 116.148464547000117, -8.578034585999944, 0.0 ], [ 116.148519448000116, -8.578537086999972, 0.0 ], [ 116.148577505000048, -8.579067469999927, 0.0 ], [ 116.148682564000069, -8.579442851999943, 0.0 ], [ 116.148838486000045, -8.579775874999939, 0.0 ], [ 116.148732930000051, -8.58009005699995, 0.0 ], [ 116.148799064000059, -8.58063587099997, 0.0 ], [ 116.148800188000109, -8.58091234699998, 0.0 ], [ 116.148737769000036, -8.581284330999949, 0.0 ], [ 116.148738925000089, -8.581546522999929, 0.0 ], [ 116.148739779000039, -8.581735291999962, 0.0 ], [ 116.148809995000079, -8.581933041999946, 0.0 ], [ 116.148905840000111, -8.582064812999931, 0.0 ], [ 116.149212264000084, -8.582486094999979, 0.0 ], [ 116.149214460000053, -8.582942299999957, 0.0 ], [ 116.149284200000011, -8.583045420999952, 0.0 ], [ 116.149452090000068, -8.583293758999957, 0.0 ], [ 116.149754636000011, -8.583452521999959, 0.0 ], [ 116.150159010000039, -8.583455531999959, 0.0 ], [ 116.150350508000088, -8.583456991999981, 0.0 ], [ 116.150562624000031, -8.583306462999928, 0.0 ], [ 116.150909427000101, -8.583060356999965, 0.0 ], [ 116.151144497000018, -8.582828104999976, 0.0 ], [ 116.151311009000096, -8.582663603999947, 0.0 ], [ 116.151569221000045, -8.582600386999957, 0.0 ], [ 116.15228693600011, -8.582548246999977, 0.0 ], [ 116.152781357000094, -8.58255220999996, 0.0 ], [ 116.153275754000106, -8.582493165999949, 0.0 ], [ 116.153637374000027, -8.582622287999925, 0.0 ], [ 116.153664762000062, -8.582632074999935, 0.0 ], [ 116.153948893, -8.582733607999955, 0.0 ], [ 116.153966331000106, -8.582739838999942, 0.0 ], [ 116.154269115000034, -8.582848110999976, 0.0 ], [ 116.154615359000104, -8.582914475999928, 0.0 ], [ 116.15491066800007, -8.582917007999981, 0.0 ], [ 116.154976585000099, -8.582917572999975, 0.0 ], [ 116.155151881000052, -8.582919078999964, 0.0 ], [ 116.155422812000097, -8.582989809999958, 0.0 ], [ 116.155575632000023, -8.583029722999981, 0.0 ], [ 116.155730788000028, -8.583070245999977, 0.0 ], [ 116.156086234000099, -8.583332397999925, 0.0 ], [ 116.156431235000014, -8.583856621999928, 0.0 ], [ 116.156662427000015, -8.584208248999971, 0.0 ], [ 116.156936029, -8.584451116999958, 0.0 ], [ 116.157275546000051, -8.584606982999958, 0.0 ], [ 116.157604495000101, -8.584689022999953, 0.0 ], [ 116.157858899000075, -8.584691352999926, 0.0 ], [ 116.158103138000115, -8.584625758999948, 0.0 ], [ 116.158272589000035, -8.584522825999954, 0.0 ], [ 116.158299710000051, -8.584506350999959, 0.0 ], [ 116.158559967000087, -8.584413843999926, 0.0 ], [ 116.158801845000085, -8.584327860999963, 0.0 ], [ 116.15903791300002, -8.584329959999934, 0.0 ], [ 116.159319305000054, -8.584332452999945, 0.0 ], [ 116.159739162000051, -8.584392696999942, 0.0 ], [ 116.15992381600006, -8.584357669999974, 0.0 ], [ 116.160031322, -8.584337277999964, 0.0 ], [ 116.160443582000084, -8.584456855999974, 0.0 ], [ 116.160652170000048, -8.584570091999979, 0.0 ], [ 116.160484978000113, -8.584910629999968, 0.0 ], [ 116.16022931200007, -8.585251076999953, 0.0 ], [ 116.160139386000083, -8.585487214999944, 0.0 ], [ 116.160124662000044, -8.585525878999931, 0.0 ], [ 116.16003696700011, -8.585756155999945, 0.0 ], [ 116.159954280000079, -8.585973285999955, 0.0 ], [ 116.159952894000071, -8.586496177999948, 0.0 ], [ 116.160012316, -8.587013605999971, 0.0 ], [ 116.160132625000074, -8.58757365799994, 0.0 ], [ 116.160197452000034, -8.58827297299996, 0.0 ], [ 116.16019919900009, -8.588291821999974, 0.0 ], [ 116.160198715000092, -8.588429081999948, 0.0 ], [ 116.160198243000082, -8.588563069999964, 0.0 ], [ 116.160402127000111, -8.589351337999972, 0.0 ], [ 116.160436730000015, -8.58966406199994, 0.0 ], [ 116.160473742000022, -8.589998550999951, 0.0 ], [ 116.160494174000064, -8.590183501999945, 0.0 ], [ 116.160578546000011, -8.590295150999964, 0.0 ], [ 116.160691038000095, -8.590376429999935, 0.0 ], [ 116.160862566000105, -8.590500363999979, 0.0 ], [ 116.160874618000094, -8.590509071999975, 0.0 ], [ 116.161346120000076, -8.590640125999926, 0.0 ], [ 116.161601006000069, -8.590604961999929, 0.0 ], [ 116.161717637000038, -8.590588870999966, 0.0 ], [ 116.161725907000118, -8.590590980999934, 0.0 ], [ 116.161896513000102, -8.590634511999951, 0.0 ], [ 116.162168104000102, -8.59070380999998, 0.0 ], [ 116.162284189000047, -8.59067327899993, 0.0 ], [ 116.162400992000016, -8.590642558999946, 0.0 ], [ 116.162610896000047, -8.590587346999939, 0.0 ], [ 116.162740864000057, -8.59058850599996, 0.0 ], [ 116.162889075000066, -8.590673306999975, 0.0 ], [ 116.16301713900009, -8.590746573999979, 0.0 ], [ 116.163106766000055, -8.590797850999934, 0.0 ], [ 116.163264825000056, -8.59079924599996, 0.0 ], [ 116.163314796, -8.590789527999959, 0.0 ], [ 116.163530454000011, -8.590747586999953, 0.0 ], [ 116.163652242000012, -8.590811996999946, 0.0 ], [ 116.163715103000072, -8.590992022999956, 0.0 ], [ 116.163717913000028, -8.591000072999975, 0.0 ], [ 116.163806093000062, -8.59125264499994, 0.0 ], [ 116.164146222000113, -8.591565019999962, 0.0 ], [ 116.164152952000109, -8.591571200999965, 0.0 ], [ 116.164394964000053, -8.591650178999942, 0.0 ], [ 116.164523632000055, -8.591695219999963, 0.0 ], [ 116.164580466000075, -8.591715114999943, 0.0 ], [ 116.164840383000069, -8.591806086999952, 0.0 ], [ 116.165142447000107, -8.591586022999934, 0.0 ], [ 116.165197127000056, -8.59154618599996, 0.0 ], [ 116.165301555000042, -8.591547070999979, 0.0 ], [ 116.165351110000074, -8.591547490999972, 0.0 ], [ 116.165589778000026, -8.59160757099994, 0.0 ], [ 116.165727844000116, -8.591550670999936, 0.0 ], [ 116.165935764000096, -8.591383504999953, 0.0 ], [ 116.166064033000112, -8.591209872999968, 0.0 ], [ 116.166090784000062, -8.59117366199996, 0.0 ], [ 116.166351317000021, -8.591112493999958, 0.0 ], [ 116.166611155000055, -8.591199117999963, 0.0 ], [ 116.166770931000087, -8.591313936999939, 0.0 ], [ 116.166900988000066, -8.591407398999934, 0.0 ], [ 116.167199579000112, -8.591490438999926, 0.0 ], [ 116.167429241000036, -8.591554308999946, 0.0 ], [ 116.167775822000067, -8.591650684999934, 0.0 ], [ 116.167999827000017, -8.591564306999942, 0.0 ], [ 116.168310434000091, -8.591566866999926, 0.0 ], [ 116.168480439000064, -8.591568265999967, 0.0 ], [ 116.168674810000084, -8.591665340999953, 0.0 ], [ 116.168867338000041, -8.591761495999947, 0.0 ], [ 116.169116699000028, -8.591821612999979, 0.0 ], [ 116.169510512000102, -8.59169813699998, 0.0 ], [ 116.169725223000114, -8.591763244999981, 0.0 ], [ 116.169927142, -8.591764893999937, 0.0 ], [ 116.169924359000106, -8.59231921199995, 0.0 ], [ 116.169922782000071, -8.592630682999982, 0.0 ], [ 116.169915592000052, -8.594023985999968, 0.0 ], [ 116.169915328000116, -8.594075096999973, 0.0 ], [ 116.169859926000072, -8.594506131999935, 0.0 ], [ 116.168639318000032, -8.594232001999956, 0.0 ], [ 116.168537326000092, -8.594431732999965, 0.0 ], [ 116.168237933000114, -8.594788146999974, 0.0 ], [ 116.16764946100011, -8.595363837999969, 0.0 ], [ 116.167539936000026, -8.595470974999955, 0.0 ], [ 116.167360289000044, -8.595794142999978, 0.0 ], [ 116.167330923, -8.59583155699994, 0.0 ], [ 116.167146331000026, -8.596066736999944, 0.0 ], [ 116.166970718000016, -8.596290459999977, 0.0 ], [ 116.166751371000032, -8.596569874999943, 0.0 ], [ 116.16651962200001, -8.596754388999955, 0.0 ], [ 116.166162664000012, -8.59695179299996, 0.0 ], [ 116.165727139000069, -8.597103403999938, 0.0 ], [ 116.16543247200002, -8.597228936999954, 0.0 ], [ 116.165235248000045, -8.597452671999974, 0.0 ], [ 116.165032056000086, -8.597819798999979, 0.0 ], [ 116.164860958000077, -8.597982234999961, 0.0 ], [ 116.164456080000036, -8.598141195999972, 0.0 ], [ 116.164404980000086, -8.598140738999973, 0.0 ], [ 116.16407433300003, -8.598250479999933, 0.0 ], [ 116.163830589000099, -8.598494163999931, 0.0 ], [ 116.163604320000104, -8.598721952999938, 0.0 ], [ 116.163329847000114, -8.598929440999939, 0.0 ], [ 116.163065868000103, -8.599106264999932, 0.0 ], [ 116.162858191000055, -8.599355267999954, 0.0 ], [ 116.162708856000108, -8.599558976999958, 0.0 ], [ 116.162686694000058, -8.599589207999941, 0.0 ], [ 116.162546813000063, -8.599705661999963, 0.0 ], [ 116.162452529, -8.599862406999932, 0.0 ], [ 116.162442696000085, -8.599878753999974, 0.0 ], [ 116.162324120000108, -8.599877640999978, 0.0 ], [ 116.162194881, -8.59993785599994, 0.0 ], [ 116.162027241000033, -8.600247660999969, 0.0 ], [ 116.161933442000077, -8.600420788999941, 0.0 ], [ 116.161988972000017, -8.600626039999952, 0.0 ], [ 116.161910498000111, -8.600824875999933, 0.0 ], [ 116.161806425, -8.600992742999949, 0.0 ], [ 116.161604495, -8.601144283999929, 0.0 ], [ 116.161603506, -8.601318237999976, 0.0 ], [ 116.161525742000094, -8.601394218999928, 0.0 ], [ 116.161432052, -8.601551891999975, 0.0 ], [ 116.161431014000073, -8.601736050999932, 0.0 ], [ 116.161329636, -8.601882405999959, 0.0 ], [ 116.161194920000071, -8.602003814999932, 0.0 ], [ 116.161132662000114, -8.602074793999975, 0.0 ], [ 116.160961729000064, -8.602221379999946, 0.0 ], [ 116.160847732000093, -8.602327610999964, 0.0 ], [ 116.160682251000026, -8.602423069999929, 0.0 ], [ 116.160501313000054, -8.602518350999958, 0.0 ], [ 116.160356295000042, -8.602644662999978, 0.0 ], [ 116.160293638000098, -8.602792268999963, 0.0 ], [ 116.160230766000041, -8.602980754999976, 0.0 ], [ 116.1601529080001, -8.603082163999943, 0.0 ], [ 116.16007356700004, -8.603149187999975, 0.0 ], [ 116.159884894000015, -8.603308570999957, 0.0 ], [ 116.159781445000021, -8.603379, 0.0 ], [ 116.159693513000093, -8.603439367999954, 0.0 ], [ 116.159589912000115, -8.603540436999936, 0.0 ], [ 116.159522148000065, -8.603687873999945, 0.0 ], [ 116.1594440880001, -8.603835180999965, 0.0 ], [ 116.159227277000014, -8.603909389999956, 0.0 ], [ 116.159118734000117, -8.603974578999953, 0.0 ], [ 116.15896849, -8.604136331999939, 0.0 ], [ 116.158844454000018, -8.604211525999972, 0.0 ], [ 116.158668984000087, -8.604270788999941, 0.0 ], [ 116.158596509000063, -8.604341443999942, 0.0 ], [ 116.158596033000094, -8.604438461999962, 0.0 ], [ 116.158595189000039, -8.604612068999927, 0.0 ], [ 116.158440110000015, -8.604722568999932, 0.0 ], [ 116.15825494, -8.604664209999953, 0.0 ], [ 116.1580434440001, -8.604728048999959, 0.0 ], [ 116.157862419000026, -8.604889199999946, 0.0 ], [ 116.157582237000042, -8.604966949999948, 0.0 ], [ 116.15732433300002, -8.605060710999965, 0.0 ], [ 116.157205275000024, -8.60520207299993, 0.0 ], [ 116.15720460700004, -8.605355108999959, 0.0 ], [ 116.157374045000097, -8.605464389999952, 0.0 ], [ 116.157466279, -8.605567600999962, 0.0 ], [ 116.157398537000063, -8.605755506999969, 0.0 ], [ 116.157197011000108, -8.605931445999943, 0.0 ], [ 116.157196463000105, -8.606064064999941, 0.0 ], [ 116.157139279000035, -8.606201032999934, 0.0 ], [ 116.156994895000025, -8.606265415999928, 0.0 ], [ 116.156814501000099, -8.606329290999952, 0.0 ], [ 116.156629854000016, -8.606433866999964, 0.0 ], [ 116.156629009000085, -8.606656685999951, 0.0 ], [ 116.156546231000107, -8.606777903999955, 0.0 ], [ 116.156334782000044, -8.606917677999945, 0.0 ], [ 116.156118221000042, -8.607062405999955, 0.0 ], [ 116.15592249000008, -8.607146211999975, 0.0 ], [ 116.155855231000032, -8.607267529999945, 0.0 ], [ 116.155854600000112, -8.607461161999936, 0.0 ], [ 116.155766657000072, -8.60762800599997, 0.0 ], [ 116.155519433000109, -8.607777104999968, 0.0 ], [ 116.155262446000052, -8.607773146999932, 0.0 ], [ 116.154969831000017, -8.607661660999952, 0.0 ], [ 116.154692149000084, -8.607743862999939, 0.0 ], [ 116.154522801000098, -8.607675011999959, 0.0 ], [ 116.154241604000049, -8.607598037999935, 0.0 ], [ 116.154226490000042, -8.607606269999962, 0.0 ], [ 116.154226158000029, -8.607606450999981, 0.0 ], [ 116.154087332000017, -8.60768206399996, 0.0 ], [ 116.153850695000074, -8.607881697999971, 0.0 ], [ 116.1536452470001, -8.607944414999963, 0.0 ], [ 116.153419627000062, -8.607864369999959, 0.0 ], [ 116.153281109000091, -8.607862043999944, 0.0 ], [ 116.15323249000005, -8.607936709999933, 0.0 ], [ 116.153209074000074, -8.607972669999981, 0.0 ], [ 116.153208822000011, -8.608104837999974, 0.0 ], [ 116.153116284000021, -8.608225244999971, 0.0 ], [ 116.152957090000086, -8.608364786999971, 0.0 ], [ 116.152797866000014, -8.608565239999962, 0.0 ], [ 116.152797660000033, -8.608707516999971, 0.0 ], [ 116.152966386000116, -8.609010415999933, 0.0 ], [ 116.152811425000095, -8.609281116999966, 0.0 ], [ 116.152867488000084, -8.609546475999935, 0.0 ], [ 116.152657307000027, -8.609700011999962, 0.0 ], [ 116.152640131000112, -8.609712864999949, 0.0 ], [ 116.152498455000114, -8.609818878999931, 0.0 ], [ 116.152314048000108, -8.60996765799996, 0.0 ], [ 116.152206497000066, -8.610092506999933, 0.0 ], [ 116.152073353000105, -8.610338718999969, 0.0 ], [ 116.151843328000041, -8.610770167999931, 0.0 ], [ 116.151654186000087, -8.61098451099997, 0.0 ], [ 116.151569373000029, -8.611066953999966, 0.0 ], [ 116.151506018000077, -8.611128538999935, 0.0 ], [ 116.151414087000035, -8.611238236999952, 0.0 ], [ 116.15133748900007, -8.611429636999958, 0.0 ], [ 116.151143516000047, -8.611704730999975, 0.0 ], [ 116.150980283000081, -8.611787161999928, 0.0 ], [ 116.150669317000052, -8.611835169999949, 0.0 ], [ 116.150526660000082, -8.611933182999962, 0.0 ], [ 116.150470618000099, -8.612058945999934, 0.0 ], [ 116.150419652000096, -8.612144179999973, 0.0 ], [ 116.150246495000033, -8.61225666699994, 0.0 ], [ 116.149967392, -8.612307046999945, 0.0 ], [ 116.149636937000082, -8.612379001999955, 0.0 ], [ 116.149492939000083, -8.612376462999976, 0.0 ], [ 116.149481829000024, -8.612376266999945, 0.0 ], [ 116.149461572000064, -8.612375909999969, 0.0 ], [ 116.149444543000072, -8.612375609999958, 0.0 ], [ 116.149304570000027, -8.612373141999967, 0.0 ], [ 116.149103492000108, -8.612376696999945, 0.0 ], [ 116.148981264000099, -8.612378857999943, 0.0 ], [ 116.148939967000047, -8.612371931999974, 0.0 ], [ 116.148823731000107, -8.612352438999949, 0.0 ], [ 116.148721754, -8.612335336999934, 0.0 ], [ 116.14871998600006, -8.612335039999948, 0.0 ], [ 116.14859832500008, -8.61231463699994, 0.0 ], [ 116.148586776000116, -8.612312699999961, 0.0 ], [ 116.148577253000099, -8.612315033999948, 0.0 ], [ 116.148563579000097, -8.61231838499998, 0.0 ], [ 116.148502503000032, -8.612333354999976, 0.0 ], [ 116.148450049000076, -8.612346210999931, 0.0 ], [ 116.148369254000045, -8.612366012999928, 0.0 ], [ 116.148335938000059, -8.612374178999971, 0.0 ], [ 116.148251034000054, -8.612401255999941, 0.0 ], [ 116.148181514000044, -8.612423426999953, 0.0 ], [ 116.14809540300007, -8.612450888999945, 0.0 ], [ 116.14785556400011, -8.612454692999961, 0.0 ], [ 116.147652227000094, -8.612457853999956, 0.0 ], [ 116.147446112000011, -8.612549262999948, 0.0 ], [ 116.147431984000036, -8.61255743199996, 0.0 ], [ 116.147399947000054, -8.612575954999954, 0.0 ], [ 116.147105508000095, -8.612746193999953, 0.0 ], [ 116.146797240000069, -8.612828318999959, 0.0 ], [ 116.14668594200009, -8.612813632999973, 0.0 ], [ 116.146370345000037, -8.612771989999942, 0.0 ], [ 116.146297367000102, -8.612772968999934, 0.0 ], [ 116.146150049000084, -8.612816625999926, 0.0 ], [ 116.14600473400003, -8.612859689999937, 0.0 ], [ 116.145762263000051, -8.612976224999954, 0.0 ], [ 116.145421165000016, -8.613140162999969, 0.0 ], [ 116.145102224000084, -8.613143917999935, 0.0 ], [ 116.144993804000023, -8.613145193999969, 0.0 ], [ 116.144775099000071, -8.613122660999977, 0.0 ], [ 116.144405366000115, -8.613084568999966, 0.0 ], [ 116.144237756000052, -8.61313062399995, 0.0 ], [ 116.144170328000087, -8.613149150999959, 0.0 ], [ 116.143855525000049, -8.613405702999955, 0.0 ], [ 116.14364295900009, -8.613442075999956, 0.0 ], [ 116.143559609000022, -8.613456338999981, 0.0 ], [ 116.143470816000104, -8.613471532999938, 0.0 ], [ 116.143241073000013, -8.613530564999962, 0.0 ], [ 116.143026410000061, -8.613656533999972, 0.0 ], [ 116.142749277, -8.613777814999935, 0.0 ], [ 116.142726271000015, -8.613788313999976, 0.0 ], [ 116.142432954000014, -8.613922165999952, 0.0 ], [ 116.142414808000012, -8.613930446999973, 0.0 ], [ 116.142106535000039, -8.614041415999964, 0.0 ], [ 116.141799169000024, -8.61404388099993, 0.0 ], [ 116.141529399000092, -8.613906654999937, 0.0 ], [ 116.141387619000056, -8.613731863999931, 0.0 ], [ 116.141319339, -8.613647685999979, 0.0 ], [ 116.141179702000045, -8.613539203999949, 0.0 ], [ 116.141075967, -8.613458613999967, 0.0 ], [ 116.14074327700007, -8.613311443999976, 0.0 ], [ 116.140484887000071, -8.613215164999929, 0.0 ], [ 116.140390035000109, -8.61317982199995, 0.0 ], [ 116.140249103000087, -8.613126473999955, 0.0 ], [ 116.140042002000087, -8.613048078999952, 0.0 ], [ 116.139786693000019, -8.613049806999982, 0.0 ], [ 116.139782922000109, -8.613050805999933, 0.0 ], [ 116.139507163000076, -8.613123867999946, 0.0 ], [ 116.139312110000105, -8.612990926999942, 0.0 ], [ 116.138937081000108, -8.612735321999935, 0.0 ], [ 116.138642640000057, -8.612798375999944, 0.0 ], [ 116.138639635000118, -8.612799019999954, 0.0 ], [ 116.138472918000048, -8.612799989999928, 0.0 ], [ 116.13825496700008, -8.612687738999966, 0.0 ], [ 116.138178648, -8.612624038999968, 0.0 ], [ 116.137990947000048, -8.612467373999948, 0.0 ], [ 116.137788737000051, -8.612339495999947, 0.0 ], [ 116.137621099000057, -8.61229438099997, 0.0 ], [ 116.137544373000082, -8.612273731999949, 0.0 ], [ 116.137414121, -8.612274411999977, 0.0 ], [ 116.137298444000066, -8.612274094999975, 0.0 ], [ 116.137280373000067, -8.612274044999936, 0.0 ], [ 116.137216927000054, -8.612273870999957, 0.0 ], [ 116.137082251000038, -8.612196577999953, 0.0 ], [ 116.136977693000063, -8.612136569999961, 0.0 ], [ 116.136869370000113, -8.612074401999962, 0.0 ], [ 116.136820775000047, -8.612074633999953, 0.0 ], [ 116.136593235000078, -8.612075718999961, 0.0 ], [ 116.136551898000107, -8.612075907999952, 0.0 ], [ 116.136353574000054, -8.612076816999945, 0.0 ], [ 116.136190154000019, -8.611997684999949, 0.0 ], [ 116.136103594000019, -8.611955769999952, 0.0 ], [ 116.136036914000101, -8.611923481999952, 0.0 ], [ 116.136027865000074, -8.611935475999928, 0.0 ], [ 116.135915898, -8.612083877999964, 0.0 ], [ 116.135808593000093, -8.612507122999943, 0.0 ] ] ] ] } }
]
}
