{
"type": "FeatureCollection",
"name": "35.74_Kota_Probolinggo_kecamatan",
"crs": { "type": "name", "properties": { "name": "urn:ogc:def:crs:EPSG::4979" } },
"features": [
{ "type": "Feature", "properties": { "nm_kecamatan": "Kademangan" }, "geometry": { "type": "MultiPolygon", "coordinates": [ [ [ [ 113.192878584000027, -7.773741338999969, 0.0 ], [ 113.193488915000103, -7.773823429999936, 0.0 ], [ 113.193634336000059, -7.773854699999958, 0.0 ], [ 113.194013017000088, -7.773936124999977, 0.0 ], [ 113.194858660000023, -7.774117962999981, 0.0 ], [ 113.194866623000053, -7.774119672999973, 0.0 ], [ 113.195171983000023, -7.774175596999953, 0.0 ], [ 113.195248459000027, -7.774189602999968, 0.0 ], [ 113.195613296000033, -7.774256418999926, 0.0 ], [ 113.195697535000022, -7.774271845999976, 0.0 ], [ 113.195725626000012, -7.774276990999965, 0.0 ], [ 113.195938531000024, -7.774315981999962, 0.0 ], [ 113.196094426000059, -7.77434453199993, 0.0 ], [ 113.196095764, -7.77435176299997, 0.0 ], [ 113.196112271000061, -7.774440900999934, 0.0 ], [ 113.196113221000019, -7.774441244999934, 0.0 ], [ 113.196122054000057, -7.774444421999931, 0.0 ], [ 113.196156001000077, -7.77445664499993, 0.0 ], [ 113.196187487000088, -7.774467977999961, 0.0 ], [ 113.196057412000073, -7.774881852999954, 0.0 ], [ 113.19595033600001, -7.775113849999968, 0.0 ], [ 113.195902013000023, -7.775323255999979, 0.0 ], [ 113.195897441000056, -7.775343064999959, 0.0 ], [ 113.195878953000033, -7.775423179999962, 0.0 ], [ 113.195748082000023, -7.775726561999932, 0.0 ], [ 113.195501807000028, -7.776391620999959, 0.0 ], [ 113.195437985000012, -7.776573258999974, 0.0 ], [ 113.195435911000118, -7.776579162999951, 0.0 ], [ 113.195145689000014, -7.777405122999937, 0.0 ], [ 113.194968328000073, -7.777909880999971, 0.0 ], [ 113.194955008000079, -7.777947788999938, 0.0 ], [ 113.194874189000075, -7.778147415999968, 0.0 ], [ 113.194802804, -7.778379413999971, 0.0 ], [ 113.194695729000046, -7.778724434999958, 0.0 ], [ 113.194654089000096, -7.778935611999941, 0.0 ], [ 113.194612447000054, -7.779024843999935, 0.0 ], [ 113.194605394000064, -7.779062095999961, 0.0 ], [ 113.194543772000088, -7.77905074399996, 0.0 ], [ 113.194509734, -7.779180795999935, 0.0 ], [ 113.19448950900005, -7.779314047999947, 0.0 ], [ 113.194448463000072, -7.779471089999959, 0.0 ], [ 113.194412772000078, -7.779575190999935, 0.0 ], [ 113.194377078000116, -7.779676320999954, 0.0 ], [ 113.194332464000013, -7.779789344999926, 0.0 ], [ 113.194275951, -7.779920212999968, 0.0 ], [ 113.194186442000046, -7.780098820999967, 0.0 ], [ 113.194119817000114, -7.780289177999975, 0.0 ], [ 113.194015121, -7.780627061999951, 0.0 ], [ 113.193871757000011, -7.780946503999928, 0.0 ], [ 113.193755760000045, -7.781235015999926, 0.0 ], [ 113.1936019420001, -7.781689581999956, 0.0 ], [ 113.193556479000108, -7.781823930999963, 0.0 ], [ 113.193375047000018, -7.782302796999943, 0.0 ], [ 113.193021510000108, -7.783313176999968, 0.0 ], [ 113.192736764000074, -7.784126956999955, 0.0 ], [ 113.192594149000115, -7.784534538999935, 0.0 ], [ 113.19225669900004, -7.785396095999943, 0.0 ], [ 113.191983062000077, -7.786136703999944, 0.0 ], [ 113.191754038000113, -7.786743466999951, 0.0 ], [ 113.191501815000038, -7.787473881999972, 0.0 ], [ 113.191068753000081, -7.78867312999995, 0.0 ], [ 113.191035441000054, -7.788787343999957, 0.0 ], [ 113.190992609000091, -7.788882521999938, 0.0 ], [ 113.190983094000103, -7.78893487199997, 0.0 ], [ 113.190929114000028, -7.789007056999935, 0.0 ], [ 113.188953997000112, -7.787771115999931, 0.0 ], [ 113.188905665000107, -7.787726500999952, 0.0 ], [ 113.1888707170001, -7.787765166999975, 0.0 ], [ 113.188850000000116, -7.78794, 0.0 ], [ 113.188810001000093, -7.78811, 0.0 ], [ 113.18868, -7.788830001999941, 0.0 ], [ 113.18866, -7.78898, 0.0 ], [ 113.188549999000088, -7.789579998999955, 0.0 ], [ 113.18848, -7.789989998999943, 0.0 ], [ 113.188320001000079, -7.790869998999938, 0.0 ], [ 113.188316187000055, -7.79092719099998, 0.0 ], [ 113.18821084700005, -7.790945866999948, 0.0 ], [ 113.188093362000018, -7.790931180999962, 0.0 ], [ 113.188064590000067, -7.790927584999963, 0.0 ], [ 113.18802048900011, -7.790922071999944, 0.0 ], [ 113.187930072000086, -7.790912553999931, 0.0 ], [ 113.187881649000019, -7.790884308999978, 0.0 ], [ 113.187872965000111, -7.790879243999939, 0.0 ], [ 113.187815857000032, -7.790855447999945, 0.0 ], [ 113.187763508000103, -7.790822134999928, 0.0 ], [ 113.18760170500002, -7.79079834099997, 0.0 ], [ 113.187506527000096, -7.790774545999966, 0.0 ], [ 113.187439902000051, -7.790774545999966, 0.0 ], [ 113.187354241000094, -7.790745991999927, 0.0 ], [ 113.187111537000078, -7.790674607999961, 0.0 ], [ 113.186864072000049, -7.790607982999973, 0.0 ], [ 113.186607091000042, -7.790536599999939, 0.0 ], [ 113.186509887000057, -7.790523191999966, 0.0 ], [ 113.186469082000031, -7.79051756399997, 0.0 ], [ 113.186428688000092, -7.790498919999948, 0.0 ], [ 113.18640305100007, -7.790487087999963, 0.0 ], [ 113.186345350000011, -7.790460456999938, 0.0 ], [ 113.186265571000035, -7.790450163999935, 0.0 ], [ 113.186055138000029, -7.790423009999927, 0.0 ], [ 113.186050296000076, -7.790422385999932, 0.0 ], [ 113.185707653, -7.790379554999959, 0.0 ], [ 113.185677315000021, -7.790367885999956, 0.0 ], [ 113.185522056000082, -7.790308170999936, 0.0 ], [ 113.185331699000017, -7.790246304999926, 0.0 ], [ 113.185317424, -7.790240805999929, 0.0 ], [ 113.185106244000053, -7.79015945499998, 0.0 ], [ 113.185001549000049, -7.790364088999979, 0.0 ], [ 113.184934925000107, -7.790692453999952, 0.0 ], [ 113.184815950000029, -7.791106481999975, 0.0 ], [ 113.184792156000071, -7.791315872999974, 0.0 ], [ 113.184787398000026, -7.791549059999966, 0.0 ], [ 113.184805016000041, -7.791867733999936, 0.0 ], [ 113.18479000100001, -7.79199, 0.0 ], [ 113.184770001000061, -7.7921, 0.0 ], [ 113.184569999000018, -7.79328, 0.0 ], [ 113.184480001000111, -7.793800000999966, 0.0 ], [ 113.18441, -7.794230001999949, 0.0 ], [ 113.18439, -7.794319998999981, 0.0 ], [ 113.18433, -7.79472, 0.0 ], [ 113.184219999000106, -7.795469998999977, 0.0 ], [ 113.18413, -7.79617, 0.0 ], [ 113.18393, -7.797700000999953, 0.0 ], [ 113.18391, -7.79782999899993, 0.0 ], [ 113.18382, -7.79835, 0.0 ], [ 113.183789999000055, -7.798540001999982, 0.0 ], [ 113.183720001000097, -7.798999998999932, 0.0 ], [ 113.183660001000021, -7.799300000999949, 0.0 ], [ 113.18349, -7.800249998999959, 0.0 ], [ 113.183399999000017, -7.80075, 0.0 ], [ 113.183379998000078, -7.800880001999928, 0.0 ], [ 113.183330001000058, -7.80122, 0.0 ], [ 113.18324, -7.80176, 0.0 ], [ 113.183190001000071, -7.80205000199993, 0.0 ], [ 113.18306, -7.802979998999945, 0.0 ], [ 113.18276, -7.80481, 0.0 ], [ 113.18272, -7.80525000199998, 0.0 ], [ 113.18263, -7.80568, 0.0 ], [ 113.1824, -7.806770001999951, 0.0 ], [ 113.182370000000105, -7.80693, 0.0 ], [ 113.18231, -7.807289998999977, 0.0 ], [ 113.182269999000027, -7.80754, 0.0 ], [ 113.18207, -7.80858, 0.0 ], [ 113.182010000000105, -7.809130001999961, 0.0 ], [ 113.181899999000052, -7.8097, 0.0 ], [ 113.181761543000107, -7.810491168999931, 0.0 ], [ 113.180950003000021, -7.81040351799993, 0.0 ], [ 113.180462047000105, -7.810364462999928, 0.0 ], [ 113.179331139000055, -7.810231752999925, 0.0 ], [ 113.17858875200011, -7.810146563999979, 0.0 ], [ 113.178560451000067, -7.809618016999934, 0.0 ], [ 113.178512906000037, -7.808678546999943, 0.0 ], [ 113.178451817000109, -7.808183157999963, 0.0 ], [ 113.178419801000018, -7.807586397999955, 0.0 ], [ 113.178455826000118, -7.80755774499994, 0.0 ], [ 113.178487926000116, -7.807521609999981, 0.0 ], [ 113.178636472000107, -7.807139553999946, 0.0 ], [ 113.178681288, -7.807062052999981, 0.0 ], [ 113.178931057000113, -7.806627238999965, 0.0 ], [ 113.179118966000033, -7.806269561999954, 0.0 ], [ 113.179532118000111, -7.805489397999963, 0.0 ], [ 113.179791324, -7.805015583999932, 0.0 ], [ 113.180010940000102, -7.804502750999973, 0.0 ], [ 113.180123412000057, -7.804197879999947, 0.0 ], [ 113.180182764000051, -7.804012306999937, 0.0 ], [ 113.180318616000022, -7.803560908999941, 0.0 ], [ 113.180355155000029, -7.803342917999942, 0.0 ], [ 113.180376308000064, -7.80305487499993, 0.0 ], [ 113.180379886000082, -7.802908811999941, 0.0 ], [ 113.180391695000026, -7.802404189999947, 0.0 ], [ 113.180391435000047, -7.801647394999975, 0.0 ], [ 113.180432493000012, -7.801061285999936, 0.0 ], [ 113.180486110000061, -7.80072083999994, 0.0 ], [ 113.180507381000098, -7.800383452999938, 0.0 ], [ 113.180636722000031, -7.799757303999968, 0.0 ], [ 113.18068943500009, -7.799588574999973, 0.0 ], [ 113.180800218000059, -7.79915989999995, 0.0 ], [ 113.180761831000041, -7.798862493999934, 0.0 ], [ 113.180756245000111, -7.798822848999976, 0.0 ], [ 113.180781653000054, -7.798750146999964, 0.0 ], [ 113.180987402000028, -7.798042538999937, 0.0 ], [ 113.181201988000112, -7.797323949999964, 0.0 ], [ 113.181287439000016, -7.797026086999949, 0.0 ], [ 113.18141713600005, -7.796627499999943, 0.0 ], [ 113.181383435000043, -7.796570827999972, 0.0 ], [ 113.181408484000031, -7.796457640999961, 0.0 ], [ 113.181562694000036, -7.795856940999954, 0.0 ], [ 113.181721328000094, -7.79524473999993, 0.0 ], [ 113.181811988000049, -7.794899313999963, 0.0 ], [ 113.181894921000094, -7.794548142999929, 0.0 ], [ 113.182025626000041, -7.793969162999929, 0.0 ], [ 113.182183673000054, -7.793272555999977, 0.0 ], [ 113.182268652000062, -7.792970267999976, 0.0 ], [ 113.182534234000059, -7.792141611999966, 0.0 ], [ 113.182672082000067, -7.791729787999941, 0.0 ], [ 113.182885635000048, -7.791187615999945, 0.0 ], [ 113.18307216200003, -7.79066546699994, 0.0 ], [ 113.182912187000056, -7.790614595999955, 0.0 ], [ 113.182491963000075, -7.790502889999971, 0.0 ], [ 113.182410044000108, -7.790485075999925, 0.0 ], [ 113.182013710000092, -7.790398891999928, 0.0 ], [ 113.181642406000037, -7.790324256999952, 0.0 ], [ 113.181776903000014, -7.78922162899994, 0.0 ], [ 113.181760216000043, -7.789188817999957, 0.0 ], [ 113.181717621000075, -7.789160840999955, 0.0 ], [ 113.181620856000109, -7.789135491999957, 0.0 ], [ 113.181559477000064, -7.789117009999927, 0.0 ], [ 113.181453317000091, -7.789110507999965, 0.0 ], [ 113.181245758000045, -7.78909277799994, 0.0 ], [ 113.181106293000084, -7.78966909199994, 0.0 ], [ 113.180431022000107, -7.78949019199996, 0.0 ], [ 113.180528074000108, -7.788993264999931, 0.0 ], [ 113.180179068000029, -7.788908933999949, 0.0 ], [ 113.180092793000085, -7.788946702999965, 0.0 ], [ 113.180000646000053, -7.788947176999955, 0.0 ], [ 113.179992556000116, -7.789059191999968, 0.0 ], [ 113.179168001000107, -7.788945765999927, 0.0 ], [ 113.179118976000041, -7.788931648999949, 0.0 ], [ 113.178980005000085, -7.788808911999979, 0.0 ], [ 113.178929297000082, -7.788787482999965, 0.0 ], [ 113.178668582000114, -7.788737309999931, 0.0 ], [ 113.178555649000032, -7.788605943999926, 0.0 ], [ 113.178537689000109, -7.788601516999961, 0.0 ], [ 113.178490821000082, -7.788657699999931, 0.0 ], [ 113.178362806000109, -7.788644892999969, 0.0 ], [ 113.178169959000115, -7.788697397999954, 0.0 ], [ 113.177823961000058, -7.788645492999933, 0.0 ], [ 113.1776822920001, -7.788608173999933, 0.0 ], [ 113.177483288000076, -7.788553886999978, 0.0 ], [ 113.17730099500011, -7.788595221999969, 0.0 ], [ 113.177018105000116, -7.78847701899997, 0.0 ], [ 113.177525112000012, -7.787159732999953, 0.0 ], [ 113.177958598000032, -7.786063518999981, 0.0 ], [ 113.17823949600006, -7.785348205999981, 0.0 ], [ 113.178501635000089, -7.78469064899997, 0.0 ], [ 113.179031178000059, -7.783339085999955, 0.0 ], [ 113.17903525700001, -7.783303998999941, 0.0 ], [ 113.178666570000019, -7.783199431999947, 0.0 ], [ 113.177849448000075, -7.782999578999977, 0.0 ], [ 113.177783714000043, -7.782983501999979, 0.0 ], [ 113.177131361000079, -7.78282394799993, 0.0 ], [ 113.17658979700002, -7.782687370999952, 0.0 ], [ 113.175593937000031, -7.782395328999939, 0.0 ], [ 113.17479941900001, -7.782176720999928, 0.0 ], [ 113.172463571000094, -7.78153943999996, 0.0 ], [ 113.171722513000077, -7.781339529999968, 0.0 ], [ 113.170723463000058, -7.781065927999975, 0.0 ], [ 113.169566468000085, -7.780742972999974, 0.0 ], [ 113.169910655000081, -7.779455624999969, 0.0 ], [ 113.1693658800001, -7.779362341999956, 0.0 ], [ 113.168986319000055, -7.780572599999971, 0.0 ], [ 113.168396458000075, -7.780417639999939, 0.0 ], [ 113.168073302000039, -7.780303782999965, 0.0 ], [ 113.167971940000029, -7.780268069999977, 0.0 ], [ 113.166952805000051, -7.780012092999925, 0.0 ], [ 113.165929220000066, -7.779748092999967, 0.0 ], [ 113.164928381000095, -7.779489214999955, 0.0 ], [ 113.164242102000117, -7.779319499999929, 0.0 ], [ 113.163967336000042, -7.779251550999959, 0.0 ], [ 113.163969156, -7.779244312999936, 0.0 ], [ 113.164147145000015, -7.778536576999954, 0.0 ], [ 113.16431078700009, -7.777948300999981, 0.0 ], [ 113.164415106000092, -7.777570424999965, 0.0 ], [ 113.164428990000033, -7.77752013099996, 0.0 ], [ 113.164713393000056, -7.776582667999946, 0.0 ], [ 113.164814091000039, -7.776250740999956, 0.0 ], [ 113.16511658200011, -7.77538412399997, 0.0 ], [ 113.165235190000089, -7.77483674299998, 0.0 ], [ 113.165267341000117, -7.774688366999953, 0.0 ], [ 113.165397443000074, -7.774302818999956, 0.0 ], [ 113.165481341000032, -7.774054194999962, 0.0 ], [ 113.165555985000083, -7.773788742999955, 0.0 ], [ 113.165571777000082, -7.773691237999969, 0.0 ], [ 113.1655439540001, -7.773657940999954, 0.0 ], [ 113.165421330000072, -7.773616993999951, 0.0 ], [ 113.164609625000026, -7.773453667999945, 0.0 ], [ 113.164256426000065, -7.773383359999968, 0.0 ], [ 113.163811920000057, -7.773294876999955, 0.0 ], [ 113.16388220500005, -7.773068218999981, 0.0 ], [ 113.164168013000108, -7.772037564999948, 0.0 ], [ 113.163733928000056, -7.77191505899998, 0.0 ], [ 113.162950582, -7.771699256999966, 0.0 ], [ 113.162939642000083, -7.771679067999969, 0.0 ], [ 113.163001349000069, -7.771368042999939, 0.0 ], [ 113.163121083000078, -7.770829968999976, 0.0 ], [ 113.163137642000038, -7.770794637999927, 0.0 ], [ 113.163170941000089, -7.770759221999981, 0.0 ], [ 113.163246833000017, -7.770620469999926, 0.0 ], [ 113.163342166, -7.770440046999965, 0.0 ], [ 113.163361383000051, -7.770394290999945, 0.0 ], [ 113.163387279000062, -7.770332631999963, 0.0 ], [ 113.163479697000071, -7.770064558999934, 0.0 ], [ 113.163618332000055, -7.769685901999935, 0.0 ], [ 113.163690606000046, -7.769482911999944, 0.0 ], [ 113.163705782000079, -7.769469367999932, 0.0 ], [ 113.163736290000088, -7.769472556999972, 0.0 ], [ 113.164198728000088, -7.76958669499993, 0.0 ], [ 113.164563517000033, -7.769647917999976, 0.0 ], [ 113.164642817000072, -7.769474353999954, 0.0 ], [ 113.16498596800011, -7.769440160999977, 0.0 ], [ 113.165426778000096, -7.769388116999949, 0.0 ], [ 113.164884399000016, -7.769118037999931, 0.0 ], [ 113.164905672000032, -7.769040025999971, 0.0 ], [ 113.164976416000059, -7.768844814999966, 0.0 ], [ 113.165007441000057, -7.768642757999942, 0.0 ], [ 113.165081101000055, -7.768447803999948, 0.0 ], [ 113.165158732, -7.76828409999996, 0.0 ], [ 113.165184460000091, -7.768200551999939, 0.0 ], [ 113.165217362000021, -7.768160438999928, 0.0 ], [ 113.165243251000106, -7.76810815999994, 0.0 ], [ 113.165281689000039, -7.768098564999946, 0.0 ], [ 113.165485269000101, -7.768128977999936, 0.0 ], [ 113.165789950000089, -7.768229729999973, 0.0 ], [ 113.166181705000099, -7.76836157799994, 0.0 ], [ 113.166440963000014, -7.767634270999963, 0.0 ], [ 113.166526012000077, -7.767299537999975, 0.0 ], [ 113.166537532, -7.767185063999932, 0.0 ], [ 113.166588972000113, -7.767000164999956, 0.0 ], [ 113.16662906800002, -7.766847586999972, 0.0 ], [ 113.166705722000074, -7.766537117999974, 0.0 ], [ 113.166551161000029, -7.766476179999927, 0.0 ], [ 113.166577928000038, -7.766391090999946, 0.0 ], [ 113.16666865000002, -7.766057340999964, 0.0 ], [ 113.166833625000095, -7.765450424999926, 0.0 ], [ 113.16685566000001, -7.765343835999943, 0.0 ], [ 113.166856266000082, -7.765340905999949, 0.0 ], [ 113.166865420000022, -7.765296623999973, 0.0 ], [ 113.166869492000046, -7.76529764299994, 0.0 ], [ 113.167432322000082, -7.765438514999971, 0.0 ], [ 113.167677615000116, -7.764728177999928, 0.0 ], [ 113.167980108000052, -7.763543079999977, 0.0 ], [ 113.168108250000046, -7.762984538999945, 0.0 ], [ 113.168134778000081, -7.762954850999961, 0.0 ], [ 113.16815254800008, -7.762951777999945, 0.0 ], [ 113.168899947000114, -7.763039514999946, 0.0 ], [ 113.169055166000021, -7.762675414999933, 0.0 ], [ 113.169151412000019, -7.762367646999962, 0.0 ], [ 113.169168122000087, -7.762157800999944, 0.0 ], [ 113.169154724, -7.761862432999976, 0.0 ], [ 113.169146146000116, -7.761836357999925, 0.0 ], [ 113.169114895, -7.761499649999962, 0.0 ], [ 113.16910960000007, -7.761442597999974, 0.0 ], [ 113.169077487000095, -7.761101176999944, 0.0 ], [ 113.169039412000075, -7.760696365999934, 0.0 ], [ 113.169011081, -7.760456, 0.0 ], [ 113.168831820000037, -7.758935105999967, 0.0 ], [ 113.168799319000073, -7.758470019999947, 0.0 ], [ 113.168843761000062, -7.758319679999943, 0.0 ], [ 113.169037476000085, -7.757928360999927, 0.0 ], [ 113.169222026000057, -7.757206947999975, 0.0 ], [ 113.169888650000075, -7.754529071999968, 0.0 ], [ 113.169889728000044, -7.754519030999973, 0.0 ], [ 113.169898992000071, -7.754432770999927, 0.0 ], [ 113.170420559000036, -7.754524551999964, 0.0 ], [ 113.171156917000076, -7.754662774999929, 0.0 ], [ 113.171487192000086, -7.754718371999957, 0.0 ], [ 113.171501872000022, -7.754720842999973, 0.0 ], [ 113.171714987000087, -7.754761237999958, 0.0 ], [ 113.172313246000044, -7.754885612999942, 0.0 ], [ 113.17249128800006, -7.754033189999973, 0.0 ], [ 113.172712320000073, -7.753126230999953, 0.0 ], [ 113.17288987500001, -7.75256627899995, 0.0 ], [ 113.173026336000021, -7.752135924999948, 0.0 ], [ 113.173411560000091, -7.752206889999968, 0.0 ], [ 113.173495063000018, -7.752227249999976, 0.0 ], [ 113.17402955600005, -7.752362794999954, 0.0 ], [ 113.174147285000117, -7.752397529999939, 0.0 ], [ 113.174060494000059, -7.752814131999969, 0.0 ], [ 113.174001420000081, -7.753097686999979, 0.0 ], [ 113.173938499000087, -7.753301894999936, 0.0 ], [ 113.173634503000017, -7.754671364999979, 0.0 ], [ 113.173565636000035, -7.754998241999942, 0.0 ], [ 113.17425150400004, -7.754996544999926, 0.0 ], [ 113.174308715000052, -7.754510124999968, 0.0 ], [ 113.174811387000091, -7.754575066999962, 0.0 ], [ 113.174915038000108, -7.754080546999944, 0.0 ], [ 113.17511111400006, -7.752884606999942, 0.0 ], [ 113.175374465, -7.751606589999938, 0.0 ], [ 113.175376005000089, -7.751599114999976, 0.0 ], [ 113.175673607000022, -7.751661916999979, 0.0 ], [ 113.177654823000012, -7.752080006999961, 0.0 ], [ 113.177664022000044, -7.751921532999972, 0.0 ], [ 113.177777212000024, -7.751727641999935, 0.0 ], [ 113.177847291000035, -7.751622538999925, 0.0 ], [ 113.17788857100004, -7.751540989999967, 0.0 ], [ 113.178084008000042, -7.750919928999963, 0.0 ], [ 113.178117814000075, -7.750780035999981, 0.0 ], [ 113.177812050000057, -7.750742196999965, 0.0 ], [ 113.1778157870001, -7.750146336999933, 0.0 ], [ 113.177058131000081, -7.749905841999976, 0.0 ], [ 113.176992269000039, -7.749884935999944, 0.0 ], [ 113.176741406000019, -7.75029290599997, 0.0 ], [ 113.176541271000019, -7.750232925999967, 0.0 ], [ 113.176694618000056, -7.749753335999969, 0.0 ], [ 113.176450348000117, -7.749684724999952, 0.0 ], [ 113.176167215000078, -7.750284363999981, 0.0 ], [ 113.176053894, -7.750583721999931, 0.0 ], [ 113.176025143000061, -7.750689426999941, 0.0 ], [ 113.175512857000058, -7.750439537999966, 0.0 ], [ 113.174839359000089, -7.750025355999981, 0.0 ], [ 113.174680659000046, -7.749928380999961, 0.0 ], [ 113.174779563000016, -7.749629998999978, 0.0 ], [ 113.174817906000044, -7.749514846999944, 0.0 ], [ 113.174857795000094, -7.749395076999974, 0.0 ], [ 113.174998391000031, -7.749051655999949, 0.0 ], [ 113.175098339000101, -7.748796378999941, 0.0 ], [ 113.175132264000013, -7.748723272999939, 0.0 ], [ 113.175163234000024, -7.748685789999968, 0.0 ], [ 113.175191178000091, -7.748670192999953, 0.0 ], [ 113.175237049000089, -7.748653238999964, 0.0 ], [ 113.175250832000074, -7.748645125999928, 0.0 ], [ 113.175295677, -7.748617331999981, 0.0 ], [ 113.175359872000058, -7.748559615999966, 0.0 ], [ 113.175410803000091, -7.748494646999973, 0.0 ], [ 113.175495841000043, -7.748392179999939, 0.0 ], [ 113.175567792000038, -7.748273149999932, 0.0 ], [ 113.175641554000094, -7.748142993999977, 0.0 ], [ 113.175719110000045, -7.748023935999981, 0.0 ], [ 113.17577471300001, -7.747893782999938, 0.0 ], [ 113.175805707000109, -7.747773877999975, 0.0 ], [ 113.175830587000064, -7.747685544999968, 0.0 ], [ 113.175866122000116, -7.747634933999962, 0.0 ], [ 113.175933180000015, -7.747552711999958, 0.0 ], [ 113.176008564000085, -7.747461951999981, 0.0 ], [ 113.176095854000096, -7.747361188999946, 0.0 ], [ 113.176145879000046, -7.747309238999947, 0.0 ], [ 113.176194109000107, -7.747242205999953, 0.0 ], [ 113.176257228000054, -7.747135059999948, 0.0 ], [ 113.17630556000006, -7.747087998999973, 0.0 ], [ 113.176367226000025, -7.74703264599998, 0.0 ], [ 113.176499079000109, -7.74693680699994, 0.0 ], [ 113.176816550000012, -7.74670843399997, 0.0 ], [ 113.177039704000094, -7.74656549499997, 0.0 ], [ 113.177219333000039, -7.74644546299993, 0.0 ], [ 113.177296832000025, -7.746388311999965, 0.0 ], [ 113.177398836000066, -7.746300849999955, 0.0 ], [ 113.177714794000053, -7.746098059999952, 0.0 ], [ 113.178917755000043, -7.74509414299996, 0.0 ], [ 113.179261434000068, -7.744807328999968, 0.0 ], [ 113.179493494000099, -7.744613665999964, 0.0 ], [ 113.179695784000046, -7.744444846999954, 0.0 ], [ 113.17974046400002, -7.744407559999956, 0.0 ], [ 113.179760591000104, -7.744390763999945, 0.0 ], [ 113.179764877000025, -7.744387186999973, 0.0 ], [ 113.180500804000076, -7.743755032999957, 0.0 ], [ 113.180520148000028, -7.743796849999967, 0.0 ], [ 113.18057275000001, -7.743947032999927, 0.0 ], [ 113.18061315500006, -7.744107888999963, 0.0 ], [ 113.180641362000074, -7.744277892999946, 0.0 ], [ 113.180639837000058, -7.744433412999967, 0.0 ], [ 113.180612392000057, -7.744601129999978, 0.0 ], [ 113.180553691000114, -7.744759698999928, 0.0 ], [ 113.180482031000111, -7.74493427699997, 0.0 ], [ 113.180415706000076, -7.745101231999968, 0.0 ], [ 113.180393706000018, -7.745164626999951, 0.0 ], [ 113.180357767000032, -7.745268186999965, 0.0 ], [ 113.18030516500005, -7.745446576999939, 0.0 ], [ 113.180250276000038, -7.745592947999967, 0.0 ], [ 113.180186238000033, -7.74573398299998, 0.0 ], [ 113.180134399000053, -7.745846810999979, 0.0 ], [ 113.180081034000068, -7.745939817999954, 0.0 ], [ 113.180030719000115, -7.745974885999942, 0.0 ], [ 113.179976592000116, -7.746002330999943, 0.0 ], [ 113.179928564000079, -7.74606026899994, 0.0 ], [ 113.179884348000087, -7.746188343999961, 0.0 ], [ 113.179837844000076, -7.74631184499998, 0.0 ], [ 113.179792103000068, -7.746425434999935, 0.0 ], [ 113.179750174000105, -7.746519966999927, 0.0 ], [ 113.179706720000013, -7.746610686999929, 0.0 ], [ 113.179651831000115, -7.746711316999949, 0.0 ], [ 113.179576358000077, -7.74683939199997, 0.0 ], [ 113.179493262000051, -7.746969753999963, 0.0 ], [ 113.179397968000103, -7.747111550999932, 0.0 ], [ 113.179292001000022, -7.747251823999932, 0.0 ], [ 113.179159352000056, -7.74740658099995, 0.0 ], [ 113.178984774000014, -7.747562862999928, 0.0 ], [ 113.178900915000099, -7.747669591999966, 0.0 ], [ 113.179058722000036, -7.74771838199996, 0.0 ], [ 113.179166976000033, -7.747783943999934, 0.0 ], [ 113.179278867000107, -7.74785073399994, 0.0 ], [ 113.179625148000014, -7.747989778999965, 0.0 ], [ 113.179554579000069, -7.748182239999949, 0.0 ], [ 113.179745091000086, -7.748248287999957, 0.0 ], [ 113.179724254, -7.747928790999936, 0.0 ], [ 113.17974636200006, -7.747887623999929, 0.0 ], [ 113.179771520000031, -7.747742014999972, 0.0 ], [ 113.179794390000097, -7.747605553999961, 0.0 ], [ 113.179837082000063, -7.747463756999935, 0.0 ], [ 113.179879773000039, -7.747344067999961, 0.0 ], [ 113.179936950000069, -7.747252585999945, 0.0 ], [ 113.180000225000072, -7.747165677999931, 0.0 ], [ 113.180057401000113, -7.747062760999938, 0.0 ], [ 113.180106954000053, -7.746943071999965, 0.0 ], [ 113.180177853000032, -7.746808897999927, 0.0 ], [ 113.180276958000036, -7.746664812999938, 0.0 ], [ 113.180446962000019, -7.746509293999964, 0.0 ], [ 113.180623065000077, -7.74639951499995, 0.0 ], [ 113.180825851, -7.74632023099997, 0.0 ], [ 113.180985182000086, -7.746266103999972, 0.0 ], [ 113.18114222600002, -7.746202828999969, 0.0 ], [ 113.181285548, -7.746123543999943, 0.0 ], [ 113.181437256000095, -7.746038923999947, 0.0 ], [ 113.181486205000056, -7.746006134999959, 0.0 ], [ 113.181596587000058, -7.745932193999977, 0.0 ], [ 113.181749057000047, -7.745830801999944, 0.0 ], [ 113.181904577000068, -7.745704251999939, 0.0 ], [ 113.182066195000061, -7.745581512999934, 0.0 ], [ 113.182247635000067, -7.745456487999945, 0.0 ], [ 113.182427550000057, -7.745366529999956, 0.0 ], [ 113.182576208000114, -7.745310878999931, 0.0 ], [ 113.182707332000064, -7.745303254999953, 0.0 ], [ 113.182801864000112, -7.745336035999969, 0.0 ], [ 113.18285675300001, -7.745413033999967, 0.0 ], [ 113.182864377000101, -7.745505277999939, 0.0 ], [ 113.182868951000046, -7.745611244999964, 0.0 ], [ 113.182895633000044, -7.745689766999931, 0.0 ], [ 113.182952809000085, -7.745756853999978, 0.0 ], [ 113.183001471000011, -7.745785349999949, 0.0 ], [ 113.183037430000013, -7.745806406999975, 0.0 ], [ 113.18310680400009, -7.745862057999943, 0.0 ], [ 113.183153307000111, -7.745932193999977, 0.0 ], [ 113.183157119000043, -7.746018339999978, 0.0 ], [ 113.183144159000108, -7.746122019999973, 0.0 ], [ 113.183151783000085, -7.746239421999974, 0.0 ], [ 113.183187613000086, -7.746367496999937, 0.0 ], [ 113.183239453000056, -7.746503194999946, 0.0 ], [ 113.183274521000044, -7.746632794999925, 0.0 ], [ 113.183277606000047, -7.746775033999938, 0.0 ], [ 113.183252615000015, -7.746910111999966, 0.0 ], [ 113.183277903000089, -7.746967663999953, 0.0 ], [ 113.183325169000113, -7.746995108999954, 0.0 ], [ 113.183416346000058, -7.746988314999953, 0.0 ], [ 113.183520761000068, -7.746901141999956, 0.0 ], [ 113.183619866000072, -7.74683939199997, 0.0 ], [ 113.18365101400002, -7.74682392099993, 0.0 ], [ 113.183734981000043, -7.746782214999939, 0.0 ], [ 113.183866868000109, -7.746727325999927, 0.0 ], [ 113.184044270000072, -7.746647356999972, 0.0 ], [ 113.184193636000032, -7.746625705999975, 0.0 ], [ 113.184318942, -7.74664041799997, 0.0 ], [ 113.184324712000034, -7.74664132099997, 0.0 ], [ 113.184455403000015, -7.746661763999953, 0.0 ], [ 113.184604823000086, -7.746695307999971, 0.0 ], [ 113.184751957000117, -7.746735711999975, 0.0 ], [ 113.184864022000056, -7.746771542999966, 0.0 ], [ 113.184985999000105, -7.746813471999928, 0.0 ], [ 113.185129214000085, -7.746861499999966, 0.0 ], [ 113.185276454000018, -7.746844727999928, 0.0 ], [ 113.185441122000043, -7.746831767999936, 0.0 ], [ 113.185571484000093, -7.74682033299996, 0.0 ], [ 113.185686113000088, -7.746823381999945, 0.0 ], [ 113.185778843000094, -7.746783739999955, 0.0 ], [ 113.185856737000108, -7.74675524099996, 0.0 ], [ 113.185992302000045, -7.746807372999967, 0.0 ], [ 113.186073873000055, -7.74683710499994, 0.0 ], [ 113.186102116000029, -7.746857840999951, 0.0 ], [ 113.186163111000042, -7.746902623999972, 0.0 ], [ 113.186213978000069, -7.746849451999935, 0.0 ], [ 113.186239952000051, -7.746822300999952, 0.0 ], [ 113.186281232000056, -7.746735711999975, 0.0 ], [ 113.186335359000054, -7.74663203199998, 0.0 ], [ 113.186384912000108, -7.746533688999932, 0.0 ], [ 113.18643751400009, -7.746452117999979, 0.0 ], [ 113.186506273000077, -7.746354855999925, 0.0 ], [ 113.186599133000072, -7.746379693999927, 0.0 ], [ 113.18671138000002, -7.746405944999935, 0.0 ], [ 113.186842505000072, -7.746396795999942, 0.0 ], [ 113.18694847200004, -7.746356391999939, 0.0 ], [ 113.187045290000015, -7.746278631999928, 0.0 ], [ 113.187114482000084, -7.746158612999977, 0.0 ], [ 113.187203779000015, -7.746042020999937, 0.0 ], [ 113.187189955, -7.745759902999964, 0.0 ], [ 113.187190717000021, -7.745410746999937, 0.0 ], [ 113.187158255000099, -7.744982602999926, 0.0 ], [ 113.18725035600005, -7.744739058999926, 0.0 ], [ 113.187422065000078, -7.744478534999928, 0.0 ], [ 113.187622207000118, -7.744267219999927, 0.0 ], [ 113.187770103000048, -7.744051474999935, 0.0 ], [ 113.187884456, -7.743858599999953, 0.0 ], [ 113.187941632000047, -7.743695456999944, 0.0 ], [ 113.187958404000028, -7.743570431999956, 0.0 ], [ 113.187937058000102, -7.743394328999955, 0.0 ], [ 113.187936296000089, -7.743186968999964, 0.0 ], [ 113.187964503000103, -7.742972748999932, 0.0 ], [ 113.188035402000082, -7.742765389999931, 0.0 ], [ 113.188138319000018, -7.742584711999939, 0.0 ], [ 113.188280116000101, -7.742407084999968, 0.0 ], [ 113.188460031000091, -7.742244703999972, 0.0 ], [ 113.188637659000051, -7.742098332999944, 0.0 ], [ 113.188780218000034, -7.741972544999953, 0.0 ], [ 113.188905244000011, -7.741879537999978, 0.0 ], [ 113.189043229000049, -7.741845994999949, 0.0 ], [ 113.189188838000064, -7.74191155699998, 0.0 ], [ 113.189314626000055, -7.742057927999952, 0.0 ], [ 113.189437365000117, -7.742311027999961, 0.0 ], [ 113.189571538000109, -7.742582424999966, 0.0 ], [ 113.189769749000106, -7.742853059999959, 0.0 ], [ 113.189969485, -7.743007054999964, 0.0 ], [ 113.190170746000035, -7.743061181999963, 0.0 ], [ 113.190314068000021, -7.74302916299996, 0.0 ], [ 113.190477973000043, -7.74296817499993, 0.0 ], [ 113.19067618400004, -7.742921670999976, 0.0 ], [ 113.190907177000099, -7.742910235999943, 0.0 ], [ 113.191075656000066, -7.742932343999939, 0.0 ], [ 113.191187722000109, -7.742973510999946, 0.0 ], [ 113.191291401000058, -7.743034498999975, 0.0 ], [ 113.191408041000045, -7.743106159999968, 0.0 ], [ 113.191577283000015, -7.74319001899994, 0.0 ], [ 113.191761772000064, -7.743295222999961, 0.0 ], [ 113.191980567000087, -7.743433208999932, 0.0 ], [ 113.192184877000045, -7.743590252999979, 0.0 ], [ 113.192380801000013, -7.74368859599997, 0.0 ], [ 113.192567577000091, -7.743693932999975, 0.0 ], [ 113.192766550000101, -7.74362760799994, 0.0 ], [ 113.192961712000056, -7.743552897999962, 0.0 ], [ 113.193161448000069, -7.74349800899995, 0.0 ], [ 113.193324591000078, -7.743407288999947, 0.0 ], [ 113.193435894000118, -7.743283787999928, 0.0 ], [ 113.193483922000041, -7.743133604999969, 0.0 ], [ 113.193451903000096, -7.742980371999977, 0.0 ], [ 113.193359659000066, -7.74284086199998, 0.0 ], [ 113.193197278000071, -7.74270058999997, 0.0 ], [ 113.193053956000085, -7.742615968999928, 0.0 ], [ 113.1929106340001, -7.742536683999958, 0.0 ], [ 113.192742155000019, -7.742423855999959, 0.0 ], [ 113.192587398000114, -7.742266049999955, 0.0 ], [ 113.192474570000059, -7.742097569999942, 0.0 ], [ 113.19238232500004, -7.741928327999972, 0.0 ], [ 113.192297704000111, -7.741793391999977, 0.0 ], [ 113.192192500000033, -7.741675227999963, 0.0 ], [ 113.192085771000052, -7.741585270999963, 0.0 ], [ 113.191976755000042, -7.741521232999958, 0.0 ], [ 113.191883748, -7.741459482999971, 0.0 ], [ 113.191788454000061, -7.741380197999945, 0.0 ], [ 113.191706120000049, -7.741271181999934, 0.0 ], [ 113.191618450000078, -7.741158353999936, 0.0 ], [ 113.191513246000113, -7.74103409099996, 0.0 ], [ 113.191413020000027, -7.740906288999952, 0.0 ], [ 113.191353726000102, -7.740761874999976, 0.0 ], [ 113.191359053000042, -7.740666129999966, 0.0 ], [ 113.191383420000079, -7.740605216999938, 0.0 ], [ 113.191416738000044, -7.740567757999941, 0.0 ], [ 113.19144760800009, -7.740540350999936, 0.0 ], [ 113.191493688000037, -7.740516859999957, 0.0 ], [ 113.19155226700002, -7.740504510999926, 0.0 ], [ 113.191616718000091, -7.740501800999937, 0.0 ], [ 113.191661292000049, -7.740505564999978, 0.0 ], [ 113.191696831000058, -7.740506167999968, 0.0 ], [ 113.191723937, -7.740499541999952, 0.0 ], [ 113.191760379000016, -7.740485988999978, 0.0 ], [ 113.19179757400002, -7.740475598999979, 0.0 ], [ 113.191835372000014, -7.740473790999943, 0.0 ], [ 113.19186624200006, -7.740473339999937, 0.0 ], [ 113.191897113000095, -7.740471381999953, 0.0 ], [ 113.191925122000043, -7.740465659999927, 0.0 ], [ 113.191954637000094, -7.740448191999974, 0.0 ], [ 113.191973461000089, -7.740428464999979, 0.0 ], [ 113.191992736000088, -7.740404821999959, 0.0 ], [ 113.192008849000104, -7.74038795599995, 0.0 ], [ 113.192030082000088, -7.740374403999965, 0.0 ], [ 113.192054326000061, -7.740357988999961, 0.0 ], [ 113.192074354000056, -7.74034172599994, 0.0 ], [ 113.192096039000035, -7.74032546199993, 0.0 ], [ 113.192119983000111, -7.740312059999951, 0.0 ], [ 113.192151455000044, -7.740294440999946, 0.0 ], [ 113.19217750700011, -7.740278328999977, 0.0 ], [ 113.192200848000084, -7.740266732999942, 0.0 ], [ 113.192226749000042, -7.740262516999962, 0.0 ], [ 113.192256415000088, -7.740267485999937, 0.0 ], [ 113.192292406000092, -7.740282393999962, 0.0 ], [ 113.192330504000097, -7.740306036999925, 0.0 ], [ 113.192370711000081, -7.740325913999925, 0.0 ], [ 113.192398570000023, -7.74034021999995, 0.0 ], [ 113.192426429000079, -7.74035301999993, 0.0 ], [ 113.192451426000048, -7.740363711999976, 0.0 ], [ 113.192478833000109, -7.740370337999934, 0.0 ], [ 113.192498560000104, -7.740367927999955, 0.0 ], [ 113.192520245000082, -7.74035949499995, 0.0 ], [ 113.192545243000041, -7.740349556999945, 0.0 ], [ 113.19256632500003, -7.740345188999981, 0.0 ], [ 113.19258439500004, -7.74035061099994, 0.0 ], [ 113.192602014000045, -7.740367024999955, 0.0 ], [ 113.19261752500006, -7.740388407999944, 0.0 ], [ 113.192632282000091, -7.74041220099997, 0.0 ], [ 113.192647943000111, -7.740438704999974, 0.0 ], [ 113.19266631500011, -7.740464906999932, 0.0 ], [ 113.192689054000084, -7.740487946999963, 0.0 ], [ 113.192720376000011, -7.740501800999937, 0.0 ], [ 113.192753656000036, -7.740503155999932, 0.0 ], [ 113.192786183000067, -7.740488247999963, 0.0 ], [ 113.19280952400004, -7.740466110999932, 0.0 ], [ 113.192831359000024, -7.740445329999943, 0.0 ], [ 113.192855905000101, -7.740439306999974, 0.0 ], [ 113.192884818000039, -7.740449395999974, 0.0 ], [ 113.192908159000012, -7.740478459999963, 0.0 ], [ 113.192924272000027, -7.740517009999962, 0.0 ], [ 113.192933307000089, -7.740553301999967, 0.0 ], [ 113.192939933000048, -7.740588087999981, 0.0 ], [ 113.192950324000094, -7.740617752999981, 0.0 ], [ 113.192972159000078, -7.740643503999934, 0.0 ], [ 113.193008451000082, -7.740661122999938, 0.0 ], [ 113.193049260000066, -7.740670609999938, 0.0 ], [ 113.193089617000055, -7.740673319999928, 0.0 ], [ 113.193123951000075, -7.740672416999928, 0.0 ], [ 113.193162502000064, -7.740670308999938, 0.0 ], [ 113.193193674000099, -7.740672265999933, 0.0 ], [ 113.193229062000114, -7.740673922999974, 0.0 ], [ 113.193252252000093, -7.740667145999964, 0.0 ], [ 113.193268365000108, -7.740648021999959, 0.0 ], [ 113.193277099000056, -7.740614741999934, 0.0 ], [ 113.193281316000025, -7.740576190999946, 0.0 ], [ 113.193289749000087, -7.74054968799993, 0.0 ], [ 113.193304958000112, -7.740528303999952, 0.0 ], [ 113.193330859000071, -7.740511889999937, 0.0 ], [ 113.193365946000085, -7.740503607999926, 0.0 ], [ 113.193400882000105, -7.740494722999927, 0.0 ], [ 113.193424224000069, -7.740488699999958, 0.0 ], [ 113.193444703000068, -7.740481922999948, 0.0 ], [ 113.193465334000052, -7.740479663999963, 0.0 ], [ 113.193483856000057, -7.740486139999973, 0.0 ], [ 113.193503433000046, -7.740501950999942, 0.0 ], [ 113.193520901000056, -7.740524689999972, 0.0 ], [ 113.193534303000092, -7.740547127999946, 0.0 ], [ 113.193539574000056, -7.740570167999977, 0.0 ], [ 113.193544091000035, -7.740589592999982, 0.0 ], [ 113.193552223000097, -7.740602543999955, 0.0 ], [ 113.193564873000014, -7.74061127799996, 0.0 ], [ 113.193582642000024, -7.740615494999929, 0.0 ], [ 113.193603122000013, -7.74061218199995, 0.0 ], [ 113.193631282000069, -7.74060148999996, 0.0 ], [ 113.193652665000059, -7.740600585999971, 0.0 ], [ 113.193669079000074, -7.740611729999955, 0.0 ], [ 113.193682030000105, -7.74063612499998, 0.0 ], [ 113.193689559000063, -7.740661573999944, 0.0 ], [ 113.193691366000053, -7.740690637999933, 0.0 ], [ 113.193686397000079, -7.740720604999979, 0.0 ], [ 113.193684590000089, -7.740757197999926, 0.0 ], [ 113.193696034000027, -7.740791982999951, 0.0 ], [ 113.193720430000099, -7.740819239999951, 0.0 ], [ 113.193755818000113, -7.74083294299993, 0.0 ], [ 113.193798585000081, -7.74083791299995, 0.0 ], [ 113.193841803000055, -7.740830382999945, 0.0 ], [ 113.193871469000101, -7.740814872999977, 0.0 ], [ 113.193892100000085, -7.740793940999936, 0.0 ], [ 113.1939091160001, -7.740778731999967, 0.0 ], [ 113.193930951000084, -7.740774063999936, 0.0 ], [ 113.193951883000068, -7.740788820999967, 0.0 ], [ 113.193966641000088, -7.740819540999951, 0.0 ], [ 113.193977031000031, -7.74084980899994, 0.0 ], [ 113.193989078000072, -7.74087676399995, 0.0 ], [ 113.194004438000093, -7.74089212399997, 0.0 ], [ 113.194023714000082, -7.740901460999964, 0.0 ], [ 113.194046452000066, -7.740905526999939, 0.0 ], [ 113.19406858900004, -7.74091079699997, 0.0 ], [ 113.194090725000024, -7.740917723999928, 0.0 ], [ 113.194115120000106, -7.740934439999933, 0.0 ], [ 113.194140268000069, -7.740953864999938, 0.0 ], [ 113.194174301000089, -7.740979615999947, 0.0 ], [ 113.194212249000088, -7.740996180999957, 0.0 ], [ 113.194254113000056, -7.741004914999962, 0.0 ], [ 113.19429371700005, -7.741005667999957, 0.0 ], [ 113.194326696000076, -7.741000095999937, 0.0 ], [ 113.194356663, -7.740989855999942, 0.0 ], [ 113.194386630000054, -7.740973591999932, 0.0 ], [ 113.194409519000033, -7.740954918999932, 0.0 ], [ 113.194431656, -7.740932029999954, 0.0 ], [ 113.194449576000011, -7.74090868899998, 0.0 ], [ 113.194463882000036, -7.740887907999934, 0.0 ], [ 113.194479543000057, -7.740870589999929, 0.0 ], [ 113.194502733000036, -7.74085959699994, 0.0 ], [ 113.194531797000081, -7.740854175999971, 0.0 ], [ 113.194559053000035, -7.740851916999929, 0.0 ], [ 113.194579533000024, -7.740848754999945, 0.0 ], [ 113.194598206000023, -7.740844236999976, 0.0 ], [ 113.19461974, -7.740835954999966, 0.0 ], [ 113.194639768000116, -7.74082315499993, 0.0 ], [ 113.194659947000105, -7.740807945999961, 0.0 ], [ 113.19467877000011, -7.740792284999941, 0.0 ], [ 113.194693227000016, -7.740778279999972, 0.0 ], [ 113.194707081000047, -7.740771051999957, 0.0 ], [ 113.194725603000052, -7.740772858999946, 0.0 ], [ 113.194751053, -7.740785959999926, 0.0 ], [ 113.194780869000056, -7.740796801999977, 0.0 ], [ 113.194805716000019, -7.740809601999956, 0.0 ], [ 113.194822281000029, -7.740818486999956, 0.0 ], [ 113.194839448000039, -7.74083053399994, 0.0 ], [ 113.194859175000033, -7.740844989999971, 0.0 ], [ 113.19488372, -7.740858542999945, 0.0 ], [ 113.194911127000069, -7.74087314999997, 0.0 ], [ 113.194937179000021, -7.740890467999975, 0.0 ], [ 113.194957358000011, -7.740907032999928, 0.0 ], [ 113.194974224000021, -7.740919681999969, 0.0 ], [ 113.194987777000051, -7.740930071999969, 0.0 ], [ 113.195002986000077, -7.740944076999938, 0.0 ], [ 113.195016238000107, -7.740962297999943, 0.0 ], [ 113.19502602600005, -7.740978260999952, 0.0 ], [ 113.195036718000097, -7.740994975999968, 0.0 ], [ 113.195049367000024, -7.741008076999947, 0.0 ], [ 113.195067588000029, -7.741022231999978, 0.0 ], [ 113.195083852000039, -7.741035483999951, 0.0 ], [ 113.195102374000044, -7.741047229999936, 0.0 ], [ 113.195127372000115, -7.741056264999941, 0.0 ], [ 113.195160953000027, -7.74105716899993, 0.0 ], [ 113.195193781000057, -7.741050542999972, 0.0 ], [ 113.195219682000015, -7.741035182999951, 0.0 ], [ 113.195243625000103, -7.741013949999967, 0.0 ], [ 113.195270581000045, -7.740988500999947, 0.0 ], [ 113.195291663000035, -7.740966815999968, 0.0 ], [ 113.19530777600005, -7.740945582999927, 0.0 ], [ 113.19532403900007, -7.740929921999964, 0.0 ], [ 113.195349338000028, -7.740929017999974, 0.0 ], [ 113.195390750000115, -7.740945582999927, 0.0 ], [ 113.195432312000094, -7.740968321999958, 0.0 ], [ 113.195466646000114, -7.740976151999973, 0.0 ], [ 113.195489836000093, -7.740966514999968, 0.0 ], [ 113.195508057000097, -7.740940462999959, 0.0 ], [ 113.195519502000025, -7.740907935999928, 0.0 ], [ 113.19553170000006, -7.740880980999975, 0.0 ], [ 113.195545253000091, -7.74085658599995, 0.0 ], [ 113.195564227000091, -7.740835051999966, 0.0 ], [ 113.195594495000023, -7.740815173999977, 0.0 ], [ 113.195626871000059, -7.740799813999956, 0.0 ], [ 113.195664368000052, -7.740787013999977, 0.0 ], [ 113.195698551000078, -7.740773611999941, 0.0 ], [ 113.195733638000092, -7.740760660999968, 0.0 ], [ 113.195767520000118, -7.740754486999947, 0.0 ], [ 113.195800047000034, -7.740761263999957, 0.0 ], [ 113.195824593000111, -7.740779785999962, 0.0 ], [ 113.195843868000111, -7.740805535999925, 0.0 ], [ 113.195855765000033, -7.740830684999935, 0.0 ], [ 113.195866908000085, -7.74085568199996, 0.0 ], [ 113.195881063000115, -7.740875107999955, 0.0 ], [ 113.195900941000104, -7.740888509999934, 0.0 ], [ 113.195929703000047, -7.740896039999939, 0.0 ], [ 113.195960574000082, -7.740903116999959, 0.0 ], [ 113.195984969000051, -7.740908236999928, 0.0 ], [ 113.196000178000077, -7.74091109799997, 0.0 ], [ 113.196012075000112, -7.740912603999959, 0.0 ], [ 113.19602472400004, -7.740915916999938, 0.0 ], [ 113.196040536000055, -7.740926608999928, 0.0 ], [ 113.196056498000075, -7.740945883999927, 0.0 ], [ 113.19607532200007, -7.740980368999942, 0.0 ], [ 113.196093543000075, -7.741016509999952, 0.0 ], [ 113.196111764000079, -7.741048434999925, 0.0 ], [ 113.196133449000058, -7.741075991999935, 0.0 ], [ 113.196161157, -7.741104753999934, 0.0 ], [ 113.196175011000037, -7.741136678999965, 0.0 ], [ 113.196178474000021, -7.741176433999954, 0.0 ], [ 113.196171397000057, -7.741225525999937, 0.0 ], [ 113.196160856, -7.741272508999941, 0.0 ], [ 113.196147604000089, -7.741317534999951, 0.0 ], [ 113.196143387, -7.741361807999965, 0.0 ], [ 113.196163416000104, -7.741409543999964, 0.0 ], [ 113.196220338000103, -7.741454117999979, 0.0 ], [ 113.196298794000086, -7.741488150999942, 0.0 ], [ 113.196359029000064, -7.741490860999932, 0.0 ], [ 113.196395923000068, -7.741480620999937, 0.0 ], [ 113.196419264000042, -7.741460592999942, 0.0 ], [ 113.196441702000016, -7.741443124999932, 0.0 ], [ 113.196462483, -7.741424150999933, 0.0 ], [ 113.196479650000015, -7.741402164999954, 0.0 ], [ 113.196496968000019, -7.741373101999955, 0.0 ], [ 113.196514285000035, -7.741339520999929, 0.0 ], [ 113.19653009700005, -7.741310005999935, 0.0 ], [ 113.196543198000086, -7.741283200999931, 0.0 ], [ 113.196553890000018, -7.741258955999967, 0.0 ], [ 113.196561720000091, -7.741232753999952, 0.0 ], [ 113.196564280000075, -7.741206852999937, 0.0 ], [ 113.19656533400007, -7.741180650999979, 0.0 ], [ 113.196571960000028, -7.741154146999975, 0.0 ], [ 113.196586266000054, -7.74112794499996, 0.0 ], [ 113.196603584000059, -7.741106711999976, 0.0 ], [ 113.196616986000095, -7.741083671999945, 0.0 ], [ 113.196628581000027, -7.741052650999961, 0.0 ], [ 113.196643791000042, -7.741006420999952, 0.0 ], [ 113.196660958000052, -7.740964707999979, 0.0 ], [ 113.196685052000021, -7.740918928999974, 0.0 ], [ 113.196706285, -7.740885648999949, 0.0 ], [ 113.19672571000001, -7.740860801999929, 0.0 ], [ 113.196746492000102, -7.740846947999955, 0.0 ], [ 113.196770586000071, -7.74083761199995, 0.0 ], [ 113.196803564000106, -7.740828575999956, 0.0 ], [ 113.196831724000049, -7.74082194999994, 0.0 ], [ 113.196856421, -7.740815022999925, 0.0 ], [ 113.196873588000017, -7.740806439999972, 0.0 ], [ 113.196884279000074, -7.740796350999972, 0.0 ], [ 113.196892260000027, -7.740780538999957, 0.0 ], [ 113.196900242000083, -7.740756444999931, 0.0 ], [ 113.196911686000021, -7.740727983999932, 0.0 ], [ 113.196922830000062, -7.740699070999938, 0.0 ], [ 113.196933371000114, -7.740677385999959, 0.0 ], [ 113.196946322000031, -7.740655851999975, 0.0 ], [ 113.196953700000108, -7.74063522199998, 0.0 ], [ 113.196956863000082, -7.74061218199995, 0.0 ], [ 113.196958670000072, -7.740590044999976, 0.0 ], [ 113.196964392000041, -7.740571371999977, 0.0 ], [ 113.196979601000066, -7.740558120999935, 0.0 ], [ 113.19700444800003, -7.740547277999951, 0.0 ], [ 113.197039385000039, -7.740540049999936, 0.0 ], [ 113.197068749000096, -7.740534628999967, 0.0 ], [ 113.197100072000012, -7.740530411999941, 0.0 ], [ 113.197129135000068, -7.740528755999946, 0.0 ], [ 113.197154133000026, -7.740529207999941, 0.0 ], [ 113.197175064000021, -7.740526195999962, 0.0 ], [ 113.19719313500002, -7.740513847999978, 0.0 ], [ 113.197209398000041, -7.740496680999968, 0.0 ], [ 113.197220090000087, -7.740477254999973, 0.0 ], [ 113.19723048100002, -7.740452558999948, 0.0 ], [ 113.197243883000056, -7.740429216999928, 0.0 ], [ 113.197262556000055, -7.740403165999965, 0.0 ], [ 113.19728047600006, -7.740382685999975, 0.0 ], [ 113.197298998000065, -7.740361753999935, 0.0 ], [ 113.19731390600009, -7.74035061099994, 0.0 ], [ 113.19733227800009, -7.740348200999961, 0.0 ], [ 113.19735125200009, -7.74035362199993, 0.0 ], [ 113.197376400000053, -7.74036657299996, 0.0 ], [ 113.197398386000032, -7.740375155999971, 0.0 ], [ 113.197418113000026, -7.740381480999929, 0.0 ], [ 113.197434828000041, -7.740380878999929, 0.0 ], [ 113.197448984000062, -7.740373499999976, 0.0 ], [ 113.197458772, -7.74036039899994, 0.0 ], [ 113.197465699000077, -7.74034172599994, 0.0 ], [ 113.197475939000014, -7.740325311999925, 0.0 ], [ 113.197492503000035, -7.740318233999972, 0.0 ], [ 113.197511176000035, -7.740321094999956, 0.0 ], [ 113.197528343000045, -7.740331485999945, 0.0 ], [ 113.197545059000049, -7.740348652999955, 0.0 ], [ 113.19756192400007, -7.740363259999981, 0.0 ], [ 113.197578640000074, -7.74037816799995, 0.0 ], [ 113.1975938490001, -7.74039232299998, 0.0 ], [ 113.197609360000115, -7.74041069499998, 0.0 ], [ 113.197627882, -7.740435541999943, 0.0 ], [ 113.197643242000026, -7.740468972999963, 0.0 ], [ 113.197653934000073, -7.740506920999962, 0.0 ], [ 113.197657548000052, -7.740542007999977, 0.0 ], [ 113.197654687000067, -7.740570016999925, 0.0 ], [ 113.197652879000088, -7.740592604999961, 0.0 ], [ 113.197659656000042, -7.740612934999945, 0.0 ], [ 113.197674564000067, -7.740633715999934, 0.0 ], [ 113.197695646000057, -7.74065690599997, 0.0 ], [ 113.197709802000077, -7.740676482999959, 0.0 ], [ 113.197716729000035, -7.740693347999979, 0.0 ], [ 113.19771838500003, -7.740709762999927, 0.0 ], [ 113.19771868600003, -7.740724971999953, 0.0 ], [ 113.19771989100002, -7.740739126999927, 0.0 ], [ 113.197724710000102, -7.740755691999937, 0.0 ], [ 113.197732089000056, -7.740771954999957, 0.0 ], [ 113.197743985000102, -7.740793187999941, 0.0 ], [ 113.197761754000112, -7.740818938999951, 0.0 ], [ 113.197770717000026, -7.740827626999931, 0.0 ], [ 113.197835822000116, -7.741093271999944, 0.0 ], [ 113.19784044000005, -7.741092205999962, 0.0 ], [ 113.19788, -7.74129, 0.0 ], [ 113.19797, -7.74174, 0.0 ], [ 113.19818, -7.742389998999954, 0.0 ], [ 113.198259999000015, -7.74254, 0.0 ], [ 113.19839, -7.742779998999936, 0.0 ], [ 113.19847, -7.74291, 0.0 ], [ 113.19916, -7.744219998999938, 0.0 ], [ 113.19937, -7.744930001999933, 0.0 ], [ 113.1994, -7.74525, 0.0 ], [ 113.19934000100011, -7.746430000999965, 0.0 ], [ 113.19919, -7.746920001999968, 0.0 ], [ 113.199030000000107, -7.74757, 0.0 ], [ 113.199039998000103, -7.7478, 0.0 ], [ 113.199099999000055, -7.74793, 0.0 ], [ 113.19925, -7.74827, 0.0 ], [ 113.19929, -7.7486, 0.0 ], [ 113.19934000100011, -7.749409998999965, 0.0 ], [ 113.19935, -7.750000000999933, 0.0 ], [ 113.199360001000059, -7.750720000999934, 0.0 ], [ 113.199295973000062, -7.751351137999961, 0.0 ], [ 113.199221450000096, -7.751843294999958, 0.0 ], [ 113.19919956800004, -7.75194549899993, 0.0 ], [ 113.199133661000019, -7.752253314999962, 0.0 ], [ 113.199108130000013, -7.752531472999976, 0.0 ], [ 113.199114249000104, -7.752615078999952, 0.0 ], [ 113.199121036000065, -7.752707788999942, 0.0 ], [ 113.199152094000056, -7.752916895999931, 0.0 ], [ 113.199150277000058, -7.753144110999926, 0.0 ], [ 113.199183636000043, -7.75343767399994, 0.0 ], [ 113.199135944000091, -7.753955449999978, 0.0 ], [ 113.199134166000022, -7.753974778999975, 0.0 ], [ 113.199110656000016, -7.753974143999926, 0.0 ], [ 113.199064492000048, -7.753972896999926, 0.0 ], [ 113.198979544000053, -7.75397060499995, 0.0 ], [ 113.198960900000088, -7.753972408999971, 0.0 ], [ 113.198701947000018, -7.753997497999933, 0.0 ], [ 113.198591234000105, -7.75400822499995, 0.0 ], [ 113.198544370000036, -7.754012766999949, 0.0 ], [ 113.198373369000024, -7.754029332999949, 0.0 ], [ 113.198371165000026, -7.754029546999959, 0.0 ], [ 113.198290327000109, -7.754037378999953, 0.0 ], [ 113.198227537000093, -7.75404346299996, 0.0 ], [ 113.198184851000065, -7.754042985999945, 0.0 ], [ 113.19816207000008, -7.754042729999981, 0.0 ], [ 113.197959541000046, -7.754040462999967, 0.0 ], [ 113.197843141000021, -7.754039159999934, 0.0 ], [ 113.197744562000025, -7.754038056999946, 0.0 ], [ 113.197655499, -7.754037060999963, 0.0 ], [ 113.197420658000055, -7.754034431999969, 0.0 ], [ 113.197211697000057, -7.754032093999967, 0.0 ], [ 113.196246264000024, -7.754021288999979, 0.0 ], [ 113.195933733000061, -7.754013576999967, 0.0 ], [ 113.195856312000046, -7.754011668999965, 0.0 ], [ 113.194843350000042, -7.75398667199994, 0.0 ], [ 113.194840358000079, -7.754018733999942, 0.0 ], [ 113.194812741000078, -7.754439914999978, 0.0 ], [ 113.194803579000109, -7.754541279999955, 0.0 ], [ 113.194533748000026, -7.754509870999925, 0.0 ], [ 113.194546598000102, -7.754357108999955, 0.0 ], [ 113.194449516000077, -7.754357108999955, 0.0 ], [ 113.194412397000065, -7.754491310999981, 0.0 ], [ 113.194242502000066, -7.754475606999961, 0.0 ], [ 113.19426106200001, -7.754571260999967, 0.0 ], [ 113.194243930000084, -7.75474543699994, 0.0 ], [ 113.194236792000083, -7.754835380999964, 0.0 ], [ 113.194222516000082, -7.754916760999947, 0.0 ], [ 113.194183968000061, -7.755156607999936, 0.0 ], [ 113.194028641000045, -7.755141020999929, 0.0 ], [ 113.193778509000026, -7.75511591999998, 0.0 ], [ 113.193771369000046, -7.755508531999965, 0.0 ], [ 113.193771369000046, -7.755876156999932, 0.0 ], [ 113.193864168, -7.755922556999963, 0.0 ], [ 113.193843348000087, -7.756235395999965, 0.0 ], [ 113.193833412000117, -7.756325111999956, 0.0 ], [ 113.193802897000069, -7.756600643999946, 0.0 ], [ 113.193714560000103, -7.756837550999933, 0.0 ], [ 113.193653883000025, -7.757098099999951, 0.0 ], [ 113.193521823000083, -7.757679877999976, 0.0 ], [ 113.193407609000019, -7.758122457999946, 0.0 ], [ 113.193346427000051, -7.758456176999971, 0.0 ], [ 113.193329088000041, -7.758550760999981, 0.0 ], [ 113.193281409000065, -7.758971448999944, 0.0 ], [ 113.193268411000076, -7.759086138999976, 0.0 ], [ 113.193221375, -7.760185612999976, 0.0 ], [ 113.193211303000112, -7.760421016999942, 0.0 ], [ 113.19329355900004, -7.760430689999964, 0.0 ], [ 113.193295163000016, -7.760430878999955, 0.0 ], [ 113.194597368000018, -7.760584028999972, 0.0 ], [ 113.194957356000032, -7.760626366999929, 0.0 ], [ 113.194984070000032, -7.760629507999965, 0.0 ], [ 113.194984168000019, -7.760629522999977, 0.0 ], [ 113.194980326000064, -7.76065456699996, 0.0 ], [ 113.194944570000075, -7.760887503999982, 0.0 ], [ 113.194939686000112, -7.760919312999931, 0.0 ], [ 113.194929250000087, -7.760987303999968, 0.0 ], [ 113.194844589000013, -7.761578831999941, 0.0 ], [ 113.194795555000042, -7.761921441999959, 0.0 ], [ 113.19467, -7.762798699999962, 0.0 ], [ 113.194488994000039, -7.762769330999959, 0.0 ], [ 113.19379670100011, -7.762657005999927, 0.0 ], [ 113.193303789000083, -7.762577030999978, 0.0 ], [ 113.193277021000085, -7.762761438999974, 0.0 ], [ 113.193278084000099, -7.762878398999931, 0.0 ], [ 113.193279995000012, -7.763088614999958, 0.0 ], [ 113.193217534000041, -7.763094563999971, 0.0 ], [ 113.193211139000027, -7.763235399999928, 0.0 ], [ 113.193205190000072, -7.76339601199993, 0.0 ], [ 113.193208165000101, -7.763550678999934, 0.0 ], [ 113.193231959000059, -7.763702366999951, 0.0 ], [ 113.193227516000093, -7.763793459999931, 0.0 ], [ 113.193226011000093, -7.763824314999965, 0.0 ], [ 113.193221829000095, -7.764031293999949, 0.0 ], [ 113.193220062000023, -7.76411877299995, 0.0 ], [ 113.193223036000063, -7.764303180999946, 0.0 ], [ 113.193163549000019, -7.76456789599996, 0.0 ], [ 113.193092167000032, -7.764817740999945, 0.0 ], [ 113.193011854000019, -7.764948535999963, 0.0 ], [ 113.193005811000035, -7.764958376999971, 0.0 ], [ 113.192970120000041, -7.765071401999933, 0.0 ], [ 113.192913607000037, -7.765208218999931, 0.0 ], [ 113.192860070000052, -7.765345037999964, 0.0 ], [ 113.192755969000018, -7.765987492999955, 0.0 ], [ 113.192747248000046, -7.766044073999979, 0.0 ], [ 113.192668658000116, -7.766553992999945, 0.0 ], [ 113.192628072000048, -7.766817329999981, 0.0 ], [ 113.19255939300001, -7.76732157899994, 0.0 ], [ 113.192523761000075, -7.767583197999954, 0.0 ], [ 113.192515047000029, -7.76764716699995, 0.0 ], [ 113.19247043300004, -7.767986239999971, 0.0 ], [ 113.192444243000068, -7.768174192999936, 0.0 ], [ 113.192419869000105, -7.768349107999938, 0.0 ], [ 113.192375009000102, -7.768598770999972, 0.0 ], [ 113.192351460000054, -7.768729820999965, 0.0 ], [ 113.192342538000048, -7.768827973999976, 0.0 ], [ 113.192329164000057, -7.768950983999957, 0.0 ], [ 113.193131311000116, -7.769097306999981, 0.0 ], [ 113.193521069000099, -7.769145847999937, 0.0 ], [ 113.19364955900005, -7.769120147999956, 0.0 ], [ 113.193642742000065, -7.769157543999938, 0.0 ], [ 113.193610030000059, -7.76933695699995, 0.0 ], [ 113.193574246000026, -7.769581492999976, 0.0 ], [ 113.1935100930001, -7.770019863999948, 0.0 ], [ 113.193486911000036, -7.77015386599993, 0.0 ], [ 113.193421088000036, -7.770534353999949, 0.0 ], [ 113.193412535000107, -7.770583793999947, 0.0 ], [ 113.193351398, -7.770949703999975, 0.0 ], [ 113.193320909000022, -7.771128935999968, 0.0 ], [ 113.193302856000059, -7.771235062999949, 0.0 ], [ 113.193268594000074, -7.771436470999959, 0.0 ], [ 113.193263982000076, -7.771463579999931, 0.0 ], [ 113.193257628000083, -7.771500936999928, 0.0 ], [ 113.193244315000015, -7.771579196999937, 0.0 ], [ 113.193200712000021, -7.771835515999953, 0.0 ], [ 113.193188257000088, -7.771908737999979, 0.0 ], [ 113.193020609000087, -7.772894255999972, 0.0 ], [ 113.19299632600007, -7.773037003999946, 0.0 ], [ 113.192988383000056, -7.773083694999968, 0.0 ], [ 113.192949598000041, -7.773374310999941, 0.0 ], [ 113.192878584000027, -7.773741338999969, 0.0 ] ] ] ] } },
{ "type": "Feature", "properties": { "nm_kecamatan": "Wonoasih" }, "geometry": { "type": "MultiPolygon", "coordinates": [ [ [ [ 113.226297241000111, -7.80139319999995, 0.0 ], [ 113.226202846000092, -7.801435086999959, 0.0 ], [ 113.226092455000071, -7.801504621999925, 0.0 ], [ 113.225933902000065, -7.801638844999957, 0.0 ], [ 113.225906566000049, -7.801698724999937, 0.0 ], [ 113.225906810000083, -7.801744722999956, 0.0 ], [ 113.225916331, -7.801806757999941, 0.0 ], [ 113.225924652000117, -7.801824924999949, 0.0 ], [ 113.225937350000095, -7.801852646999976, 0.0 ], [ 113.225981414000103, -7.801889195999934, 0.0 ], [ 113.226032305000103, -7.801916581999933, 0.0 ], [ 113.226115567000079, -7.801945966999938, 0.0 ], [ 113.226194243, -7.801998419999961, 0.0 ], [ 113.226252254000087, -7.80205794099993, 0.0 ], [ 113.226255861000027, -7.802067482999973, 0.0 ], [ 113.226275676000114, -7.802119902999948, 0.0 ], [ 113.226310995000063, -7.802255364999951, 0.0 ], [ 113.226327515000094, -7.802326581999978, 0.0 ], [ 113.22637249200011, -7.802535555999953, 0.0 ], [ 113.22637979700005, -7.802694505999966, 0.0 ], [ 113.226384654000071, -7.80280019099996, 0.0 ], [ 113.226362868000024, -7.802877753999951, 0.0 ], [ 113.226333521000015, -7.802938818999962, 0.0 ], [ 113.226294854000116, -7.802975893999928, 0.0 ], [ 113.226259810000101, -7.803005629999973, 0.0 ], [ 113.226206239000021, -7.803022540999962, 0.0 ], [ 113.226174786000115, -7.803024513999958, 0.0 ], [ 113.226146984000025, -7.803024659999949, 0.0 ], [ 113.226074713000116, -7.803010309999934, 0.0 ], [ 113.225910805000012, -7.802979993999941, 0.0 ], [ 113.225826286000029, -7.802967515999967, 0.0 ], [ 113.225764129000027, -7.802972, 0.0 ], [ 113.225742393000019, -7.802974192999955, 0.0 ], [ 113.225720661000082, -7.802977379999959, 0.0 ], [ 113.225695364000103, -7.802984742999968, 0.0 ], [ 113.225662186000022, -7.802994155999954, 0.0 ], [ 113.225654470000109, -7.80299634499994, 0.0 ], [ 113.225632752000024, -7.803002061999962, 0.0 ], [ 113.225606927000058, -7.803008433999935, 0.0 ], [ 113.225569763000067, -7.803032848999976, 0.0 ], [ 113.225540467000087, -7.803075477999926, 0.0 ], [ 113.225537714000097, -7.803105947999939, 0.0 ], [ 113.225539015000095, -7.803125822999959, 0.0 ], [ 113.225543214000027, -7.803142699999967, 0.0 ], [ 113.225549121000086, -7.803157308999971, 0.0 ], [ 113.225558026000044, -7.803173619999939, 0.0 ], [ 113.225600218000068, -7.803209545999948, 0.0 ], [ 113.225653450000095, -7.803241347999972, 0.0 ], [ 113.225796781000099, -7.803281260999938, 0.0 ], [ 113.225871780000034, -7.803316743999972, 0.0 ], [ 113.225985906, -7.803387898999972, 0.0 ], [ 113.226069653000081, -7.803466352999976, 0.0 ], [ 113.226158798000029, -7.803548211999953, 0.0 ], [ 113.226280194000083, -7.803676676999942, 0.0 ], [ 113.226284988000089, -7.803681749999953, 0.0 ], [ 113.226312686000028, -7.803704467999978, 0.0 ], [ 113.226338855000108, -7.80373478599995, 0.0 ], [ 113.226360374000024, -7.803762144999951, 0.0 ], [ 113.226380587000108, -7.803810839999926, 0.0 ], [ 113.226393140000027, -7.803880901999946, 0.0 ], [ 113.226380720000066, -7.804033785999934, 0.0 ], [ 113.226367679000077, -7.80412567299993, 0.0 ], [ 113.226315817000113, -7.804295934999971, 0.0 ], [ 113.226284274000022, -7.804365867999934, 0.0 ], [ 113.226132491000044, -7.80467781699997, 0.0 ], [ 113.226114969000037, -7.804727974999935, 0.0 ], [ 113.226044607000063, -7.804834351999943, 0.0 ], [ 113.225954598000044, -7.804956556999969, 0.0 ], [ 113.22586160600008, -7.805051845999969, 0.0 ], [ 113.225825700000087, -7.805088093999927, 0.0 ], [ 113.225806951000095, -7.805104006999954, 0.0 ], [ 113.225789666000082, -7.80511421999995, 0.0 ], [ 113.225763667000024, -7.805130171999963, 0.0 ], [ 113.225719061000063, -7.805160680999961, 0.0 ], [ 113.225644039000031, -7.805205719999947, 0.0 ], [ 113.225613758, -7.805217446999961, 0.0 ], [ 113.225581982000108, -7.805229181999948, 0.0 ], [ 113.225558860000092, -7.805237888999955, 0.0 ], [ 113.22553580500005, -7.805245239999977, 0.0 ], [ 113.225498259, -7.805254112999933, 0.0 ], [ 113.225433226000064, -7.80526593299993, 0.0 ], [ 113.225293232000013, -7.805291973999942, 0.0 ], [ 113.225273756000092, -7.805297768999935, 0.0 ], [ 113.225258816000064, -7.805299022999975, 0.0 ], [ 113.225234682000064, -7.805300324999962, 0.0 ], [ 113.225214005000112, -7.805304951999972, 0.0 ], [ 113.225195626000072, -7.805306223999935, 0.0 ], [ 113.225171499000112, -7.80530860999994, 0.0 ], [ 113.225146245000019, -7.805309917999978, 0.0 ], [ 113.225108348000049, -7.805308941999954, 0.0 ], [ 113.225085336, -7.805310237999947, 0.0 ], [ 113.225054327000066, -7.805311575999951, 0.0 ], [ 113.224903004000112, -7.805315354999948, 0.0 ], [ 113.224862169000062, -7.805309966999971, 0.0 ], [ 113.224826875000076, -7.805306446999964, 0.0 ], [ 113.224782323000113, -7.805304873999944, 0.0 ], [ 113.224732176000089, -7.805305137999937, 0.0 ], [ 113.224691420000113, -7.80531456999995, 0.0 ], [ 113.224637659000109, -7.805324070999973, 0.0 ], [ 113.224591288000056, -7.805331725999963, 0.0 ], [ 113.224546703000101, -7.805335260999925, 0.0 ], [ 113.224541235000061, -7.80533569399995, 0.0 ], [ 113.22450966200006, -7.80534327099997, 0.0 ], [ 113.224467086000118, -7.805362020999951, 0.0 ], [ 113.224430174000076, -7.805391766999946, 0.0 ], [ 113.224395134000019, -7.80543632399997, 0.0 ], [ 113.224378706000039, -7.80549560399993, 0.0 ], [ 113.224380748000044, -7.805556684999942, 0.0 ], [ 113.224404722000031, -7.805624156999954, 0.0 ], [ 113.224428691000071, -7.805668407999974, 0.0 ], [ 113.224464271000102, -7.80573409699997, 0.0 ], [ 113.224511931000052, -7.805814638999948, 0.0 ], [ 113.224561050000034, -7.805902582999977, 0.0 ], [ 113.224591085000043, -7.806098531999965, 0.0 ], [ 113.224591172000032, -7.806115069999976, 0.0 ], [ 113.224565632, -7.80620358799996, 0.0 ], [ 113.2245585820001, -7.806213113999945, 0.0 ], [ 113.224546843000098, -7.806226098999957, 0.0 ], [ 113.224530302000062, -7.806235674999925, 0.0 ], [ 113.224512546000028, -7.806241642999964, 0.0 ], [ 113.224490187000015, -7.80625350899993, 0.0 ], [ 113.22441974000003, -7.806258537999952, 0.0 ], [ 113.224397249000049, -7.806260142999975, 0.0 ], [ 113.224396652000109, -7.806260193999947, 0.0 ], [ 113.224349439000093, -7.806264189999979, 0.0 ], [ 113.224334052000017, -7.806265800999938, 0.0 ], [ 113.224311269000054, -7.806268186999944, 0.0 ], [ 113.224271137000073, -7.806268397999929, 0.0 ], [ 113.22422903100005, -7.806262925999931, 0.0 ], [ 113.224192699000014, -7.806261218999964, 0.0 ], [ 113.224123912000096, -7.806255887999953, 0.0 ], [ 113.224072271000068, -7.806256158999929, 0.0 ], [ 113.22402451500011, -7.806256409999946, 0.0 ], [ 113.223972927000091, -7.806252795999967, 0.0 ], [ 113.22392706100004, -7.806256922999978, 0.0 ], [ 113.223890800000049, -7.806268500999977, 0.0 ], [ 113.223843114000033, -7.806282126999974, 0.0 ], [ 113.223763141000063, -7.806337764999967, 0.0 ], [ 113.223649113000079, -7.806494874999942, 0.0 ], [ 113.223635078000029, -7.806514211999968, 0.0 ], [ 113.223557881000033, -7.806656952999958, 0.0 ], [ 113.223440323000091, -7.806940164999958, 0.0 ], [ 113.223393154000064, -7.807030487999953, 0.0 ], [ 113.223314913000081, -7.807180309999978, 0.0 ], [ 113.223283863, -7.807202252999957, 0.0 ], [ 113.22324039800003, -7.807236641999964, 0.0 ], [ 113.223153412000102, -7.807280568999943, 0.0 ], [ 113.223050970000031, -7.807355573999928, 0.0 ], [ 113.22300425200001, -7.807368290999932, 0.0 ], [ 113.222867391000023, -7.807421787999942, 0.0 ], [ 113.222729184000059, -7.807545691999962, 0.0 ], [ 113.222705116000043, -7.807587659999967, 0.0 ], [ 113.222692144, -7.807636077999973, 0.0 ], [ 113.222685667000064, -7.807669187999977, 0.0 ], [ 113.222679248000077, -7.807713141999955, 0.0 ], [ 113.222679481000114, -7.807757151999965, 0.0 ], [ 113.222679748000019, -7.807807758999957, 0.0 ], [ 113.222684379000043, -7.807849576999956, 0.0 ], [ 113.222691286000099, -7.807897889999936, 0.0 ], [ 113.222698193000042, -7.807946292999929, 0.0 ], [ 113.222705026000085, -7.807994605999966, 0.0 ], [ 113.222796211000059, -7.808278255999937, 0.0 ], [ 113.222814306000032, -7.808336450999946, 0.0 ], [ 113.222812661000034, -7.808364654999934, 0.0 ], [ 113.222805674000028, -7.808385929999929, 0.0 ], [ 113.222775628000022, -7.808402410999975, 0.0 ], [ 113.222742629000095, -7.808420511999941, 0.0 ], [ 113.222734748000107, -7.808442603999936, 0.0 ], [ 113.222706965000043, -7.808502666999971, 0.0 ], [ 113.222688995000112, -7.808524811999973, 0.0 ], [ 113.22266503600008, -7.808544910999956, 0.0 ], [ 113.222639070000014, -7.808567097999969, 0.0 ], [ 113.222617160000027, -7.808593149999979, 0.0 ], [ 113.222593158000109, -7.808619302999944, 0.0 ], [ 113.222575263000067, -7.808641357999932, 0.0 ], [ 113.222561371000097, -7.808671433999962, 0.0 ], [ 113.222551377000059, -7.80868947099998, 0.0 ], [ 113.222511307000104, -7.808701700999961, 0.0 ], [ 113.222339673000079, -7.808723027999974, 0.0 ], [ 113.222326445000022, -7.808723096999927, 0.0 ], [ 113.222307158000035, -7.808722204999981, 0.0 ], [ 113.222285789000011, -7.808723310999937, 0.0 ], [ 113.222268525000118, -7.808723401999941, 0.0 ], [ 113.222255307000069, -7.808725549999963, 0.0 ], [ 113.222246136000081, -7.80872966499993, 0.0 ], [ 113.222243243000094, -7.808747844999971, 0.0 ], [ 113.222245336000015, -7.808762021999939, 0.0 ], [ 113.222250520000102, -7.808781243999931, 0.0 ], [ 113.222255682000082, -7.808796489999963, 0.0 ], [ 113.222262884000088, -7.808815700999958, 0.0 ], [ 113.222271111000055, -7.808830839999928, 0.0 ], [ 113.222279326000034, -7.808843991999936, 0.0 ], [ 113.222283426000104, -7.808856079999941, 0.0 ], [ 113.222283480000101, -7.808866200999944, 0.0 ], [ 113.222279508000042, -7.808878421999964, 0.0 ], [ 113.222275420000074, -7.808882510999979, 0.0 ], [ 113.22226833000002, -7.808884535999937, 0.0 ], [ 113.222246982000115, -7.80888970899997, 0.0 ], [ 113.222225710000089, -7.808894881999947, 0.0 ], [ 113.222094827000092, -7.808920060999981, 0.0 ], [ 113.222007913000084, -7.808935247999955, 0.0 ], [ 113.221957026000041, -7.80893714299998, 0.0 ], [ 113.221933965000062, -7.808929129999967, 0.0 ], [ 113.221919106000087, -7.808917730999951, 0.0 ], [ 113.221907620000025, -7.808907940999973, 0.0 ], [ 113.221886142000017, -7.808888442999944, 0.0 ], [ 113.221864664, -7.808868945999961, 0.0 ], [ 113.221846540000115, -7.808847712999977, 0.0 ], [ 113.221770567000021, -7.808769578999943, 0.0 ], [ 113.221750724000117, -7.808748445999981, 0.0 ], [ 113.221734271000059, -7.808732174999932, 0.0 ], [ 113.221707860000038, -7.808712612999955, 0.0 ], [ 113.22166664000008, -7.808676860999981, 0.0 ], [ 113.221640203000106, -7.808652418999941, 0.0 ], [ 113.221608805000074, -7.808608482999944, 0.0 ], [ 113.221585665000021, -7.808585649999941, 0.0 ], [ 113.221570807000035, -7.808574250999925, 0.0 ], [ 113.221549429000106, -7.808559631999969, 0.0 ], [ 113.221526359000109, -7.808549992999929, 0.0 ], [ 113.221503245, -7.808532130999936, 0.0 ], [ 113.221486835000064, -7.808523992999937, 0.0 ], [ 113.221472029000097, -7.808522443999948, 0.0 ], [ 113.221463842000048, -7.808528993999971, 0.0 ], [ 113.22145080100006, -7.808550390999926, 0.0 ], [ 113.221442684000067, -7.808570043999964, 0.0 ], [ 113.221424785000067, -7.808591375999981, 0.0 ], [ 113.221388795000053, -7.808625995999932, 0.0 ], [ 113.221339795000063, -7.808673698999939, 0.0 ], [ 113.221261395000056, -7.808744420999972, 0.0 ], [ 113.22120408100011, -7.808831117999944, 0.0 ], [ 113.221197392000022, -7.808908962999965, 0.0 ], [ 113.221195399000067, -7.808984343999953, 0.0 ], [ 113.221214991000011, -7.809113743999944, 0.0 ], [ 113.221276196000076, -7.809324892999939, 0.0 ], [ 113.221312424000075, -7.809420135999972, 0.0 ], [ 113.221339394000097, -7.809545429999957, 0.0 ], [ 113.221362489000057, -7.80964453799993, 0.0 ], [ 113.221372226000085, -7.809719313999949, 0.0 ], [ 113.221382138000081, -7.809812887999954, 0.0 ], [ 113.221414525000114, -7.809902546999979, 0.0 ], [ 113.221470136000107, -7.810045042999946, 0.0 ], [ 113.221506626000064, -7.810104947999946, 0.0 ], [ 113.221603593000054, -7.810210083999948, 0.0 ], [ 113.221717541000089, -7.810332028999937, 0.0 ], [ 113.221814738000035, -7.810480450999933, 0.0 ], [ 113.221829579000087, -7.810545169999955, 0.0 ], [ 113.221827429000086, -7.81059081899997, 0.0 ], [ 113.221781882000073, -7.810641485999952, 0.0 ], [ 113.22170926900003, -7.810695359999954, 0.0 ], [ 113.221690611000099, -7.810709202999931, 0.0 ], [ 113.22161398500009, -7.810751056999948, 0.0 ], [ 113.221584863000089, -7.810766963999981, 0.0 ], [ 113.221533594000107, -7.810805728999981, 0.0 ], [ 113.221516378000047, -7.810818745999939, 0.0 ], [ 113.22147067100002, -7.810853236999947, 0.0 ], [ 113.221461279000096, -7.810857505999934, 0.0 ], [ 113.221356223000043, -7.810905260999959, 0.0 ], [ 113.221258949000116, -7.810940112999958, 0.0 ], [ 113.221150270000066, -7.810994907999941, 0.0 ], [ 113.221076694000089, -7.811039429999937, 0.0 ], [ 113.221021609000104, -7.811072761999981, 0.0 ], [ 113.220944529, -7.811138867999944, 0.0 ], [ 113.220876014000055, -7.811184955999977, 0.0 ], [ 113.220787365000092, -7.811239735999948, 0.0 ], [ 113.220724393000069, -7.811260038999933, 0.0 ], [ 113.220638492000035, -7.811283354999944, 0.0 ], [ 113.220543922000047, -7.811292436999963, 0.0 ], [ 113.220389098000055, -7.81129894399993, 0.0 ], [ 113.220301507000045, -7.811313411999947, 0.0 ], [ 113.220218856000088, -7.811343578999981, 0.0 ], [ 113.220127047, -7.811394488999952, 0.0 ], [ 113.220060649000061, -7.811445355999979, 0.0 ], [ 113.219943772000079, -7.811546824999937, 0.0 ], [ 113.219746757000053, -7.811715771999957, 0.0 ], [ 113.219673965000084, -7.811787186999936, 0.0 ], [ 113.219615957000087, -7.811884099999929, 0.0 ], [ 113.219600054000011, -7.811986212999955, 0.0 ], [ 113.21959511600005, -7.812154963999944, 0.0 ], [ 113.219642475000114, -7.812404864999962, 0.0 ], [ 113.219729517000019, -7.812639917999945, 0.0 ], [ 113.219836189000034, -7.812926740999956, 0.0 ], [ 113.2199256990001, -7.813105477999954, 0.0 ], [ 113.220012278000013, -7.813238683999941, 0.0 ], [ 113.220066589000112, -7.813361484999973, 0.0 ], [ 113.220059172000106, -7.813471144999937, 0.0 ], [ 113.220021791000022, -7.813511466999955, 0.0 ], [ 113.219933553000033, -7.813573473999952, 0.0 ], [ 113.219842455000048, -7.813603323999928, 0.0 ], [ 113.219778060000067, -7.813608993999935, 0.0 ], [ 113.219737763000012, -7.813606584999945, 0.0 ], [ 113.219692033000115, -7.813580075999937, 0.0 ], [ 113.219640705000074, -7.813526844999956, 0.0 ], [ 113.219581365000067, -7.813442387999942, 0.0 ], [ 113.219547133000106, -7.813385542999981, 0.0 ], [ 113.219496845000094, -7.81328865699993, 0.0 ], [ 113.219464773000027, -7.813244452999982, 0.0 ], [ 113.219438115000116, -7.813206635999961, 0.0 ], [ 113.219413612000039, -7.813180376999981, 0.0 ], [ 113.219387993000055, -7.813155116999951, 0.0 ], [ 113.21934228300006, -7.813118393999957, 0.0 ], [ 113.219249860000104, -7.813067277999949, 0.0 ], [ 113.219150421000109, -7.81303201299994, 0.0 ], [ 113.219105889000048, -7.813020316999939, 0.0 ], [ 113.219057983000084, -7.813020568999946, 0.0 ], [ 113.219003237000038, -7.813027634999969, 0.0 ], [ 113.218805174000067, -7.813097357999936, 0.0 ], [ 113.2187494530001, -7.813117983999973, 0.0 ], [ 113.218537902000094, -7.813223474999972, 0.0 ], [ 113.218285639000101, -7.813352505999944, 0.0 ], [ 113.218209788000081, -7.813391302999946, 0.0 ], [ 113.218106423000108, -7.813461793999977, 0.0 ], [ 113.218075381000062, -7.813513649999948, 0.0 ], [ 113.218059655000047, -7.813620913999955, 0.0 ], [ 113.218043609, -7.81388018499996, 0.0 ], [ 113.218011151000042, -7.81420739899994, 0.0 ], [ 113.218004297000107, -7.814276492999966, 0.0 ], [ 113.218306131000077, -7.814496048999956, 0.0 ], [ 113.218462733000024, -7.814627892999965, 0.0 ], [ 113.218506187000116, -7.814704570999936, 0.0 ], [ 113.218556154000112, -7.814797301999931, 0.0 ], [ 113.21867897300001, -7.815027828999973, 0.0 ], [ 113.218753377000098, -7.815190920999953, 0.0 ], [ 113.21877351, -7.815252810999937, 0.0 ], [ 113.218799260000083, -7.81550074699993, 0.0 ], [ 113.218796622000013, -7.815652224999951, 0.0 ], [ 113.218788099000108, -7.815750684999955, 0.0 ], [ 113.218781429000046, -7.81577557199995, 0.0 ], [ 113.21876338800007, -7.815798350999955, 0.0 ], [ 113.218732841000019, -7.815816584999936, 0.0 ], [ 113.218701161000013, -7.815832566999973, 0.0 ], [ 113.218655769000065, -7.81584184299993, 0.0 ], [ 113.218612693000068, -7.815851105999968, 0.0 ], [ 113.218584305000036, -7.815853514999958, 0.0 ], [ 113.218552506000037, -7.815846903999955, 0.0 ], [ 113.218478478000065, -7.815797587999953, 0.0 ], [ 113.218463695000082, -7.815786368999966, 0.0 ], [ 113.218444329000022, -7.815770565999969, 0.0 ], [ 113.21841926500008, -7.815751537999972, 0.0 ], [ 113.218352008000011, -7.815696402999947, 0.0 ], [ 113.218293926000115, -7.815666252999961, 0.0 ], [ 113.218223503000104, -7.815592065999965, 0.0 ], [ 113.21811850000006, -7.815493930999935, 0.0 ], [ 113.217930599000056, -7.815308659999971, 0.0 ], [ 113.217672638000067, -7.815047121999953, 0.0 ], [ 113.217641309000101, -7.815016198999956, 0.0 ], [ 113.21763029300007, -7.815010743999949, 0.0 ], [ 113.217586348000054, -7.81501097499995, 0.0 ], [ 113.217568066000013, -7.815016582999931, 0.0 ], [ 113.21754244400006, -7.815033165999978, 0.0 ], [ 113.217463912000085, -7.815079215999958, 0.0 ], [ 113.217387077000012, -7.815107001999934, 0.0 ], [ 113.217211657, -7.815204711999968, 0.0 ], [ 113.217112946000043, -7.815250867999964, 0.0 ], [ 113.217005380000046, -7.815361054999926, 0.0 ], [ 113.216921684000113, -7.815476537999928, 0.0 ], [ 113.216887396000061, -7.815578928999969, 0.0 ], [ 113.216885959000024, -7.815646534999928, 0.0 ], [ 113.216908298000021, -7.815715823999938, 0.0 ], [ 113.216954488000056, -7.815786794999951, 0.0 ], [ 113.217039843000066, -7.815858134999928, 0.0 ], [ 113.217082033000111, -7.815893396999968, 0.0 ], [ 113.217140866000022, -7.815924175999953, 0.0 ], [ 113.217195981000032, -7.81595858999998, 0.0 ], [ 113.217548711000063, -7.816121033999934, 0.0 ], [ 113.217644175000032, -7.81615342799995, 0.0 ], [ 113.217683964000116, -7.816163907999965, 0.0 ], [ 113.217712133000077, -7.81617132699995, 0.0 ], [ 113.217774533000011, -7.816198381999925, 0.0 ], [ 113.217855378000081, -7.816236364999952, 0.0 ], [ 113.217908834000013, -7.816296271999931, 0.0 ], [ 113.217921833000105, -7.816323676999957, 0.0 ], [ 113.217925659000116, -7.816354654999941, 0.0 ], [ 113.217918480000094, -7.816382074999979, 0.0 ], [ 113.217907638000042, -7.816409514999975, 0.0 ], [ 113.217902935000097, -7.816417293999962, 0.0 ], [ 113.217843622000032, -7.816515405999951, 0.0 ], [ 113.217766904000086, -7.81657943099998, 0.0 ], [ 113.217697756, -7.816627211999958, 0.0 ], [ 113.217571725000084, -7.816714297999965, 0.0 ], [ 113.217398205000109, -7.816789765999943, 0.0 ], [ 113.217257429000028, -7.816810205999957, 0.0 ], [ 113.217200192000064, -7.816812765999941, 0.0 ], [ 113.217129714000066, -7.816813135999951, 0.0 ], [ 113.217008617000033, -7.816809343999978, 0.0 ], [ 113.216927141000042, -7.816807602999972, 0.0 ], [ 113.216861102000053, -7.816799183999933, 0.0 ], [ 113.216759809000109, -7.816795286999934, 0.0 ], [ 113.216680588000031, -7.816795702999968, 0.0 ], [ 113.216623385000048, -7.816804769999976, 0.0 ], [ 113.216563975000099, -7.816820444999962, 0.0 ], [ 113.216416947000084, -7.816902370999969, 0.0 ], [ 113.21630282000001, -7.816973188999953, 0.0 ], [ 113.216281054000092, -7.817003593999971, 0.0 ], [ 113.216246063000085, -7.817052472999933, 0.0 ], [ 113.216230835000033, -7.817098642999952, 0.0 ], [ 113.21623583500002, -7.817210406999948, 0.0 ], [ 113.216264969, -7.817306771999938, 0.0 ], [ 113.216334941000014, -7.817352222999943, 0.0 ], [ 113.216429697000081, -7.817378023999936, 0.0 ], [ 113.216471596000019, -7.81738656999994, 0.0 ], [ 113.216515651, -7.817392935999976, 0.0 ], [ 113.216566295, -7.817401435999955, 0.0 ], [ 113.216619157000082, -7.817405496999982, 0.0 ], [ 113.216661022000039, -7.817407535999962, 0.0 ], [ 113.216720450000025, -7.817409392999934, 0.0 ], [ 113.216850471000043, -7.817432839999981, 0.0 ], [ 113.216920372000118, -7.817489792999936, 0.0 ], [ 113.217002998000112, -7.817557113999953, 0.0 ], [ 113.217031924000025, -7.817613986999959, 0.0 ], [ 113.217041055000095, -7.817673132999971, 0.0 ], [ 113.217028174, -7.817738991999931, 0.0 ], [ 113.217018395000082, -7.817753961999927, 0.0 ], [ 113.2169692330001, -7.817829220999954, 0.0 ], [ 113.216899137000041, -7.817901977999952, 0.0 ], [ 113.216822412000056, -7.817950638999946, 0.0 ], [ 113.216780629000027, -7.817964052999969, 0.0 ], [ 113.216736383000011, -7.817971408999938, 0.0 ], [ 113.216699234000089, -7.817977584999937, 0.0 ], [ 113.216646430000083, -7.817984458999945, 0.0 ], [ 113.216543028000046, -7.817991598999981, 0.0 ], [ 113.216485790000092, -7.817994068999951, 0.0 ], [ 113.216419722000069, -7.817994415999976, 0.0 ], [ 113.216355862000114, -7.817988243999935, 0.0 ], [ 113.21625680000011, -7.817982166999968, 0.0 ], [ 113.216217130000018, -7.817979801999968, 0.0 ], [ 113.216188541000065, -7.81797809699998, 0.0 ], [ 113.216091646000109, -7.817972008999959, 0.0 ], [ 113.21603437400006, -7.817967970999973, 0.0 ], [ 113.215988123000102, -7.817970382999931, 0.0 ], [ 113.215968387000089, -7.81798368099993, 0.0 ], [ 113.215955286000053, -7.818007878999936, 0.0 ], [ 113.215944485000023, -7.818043, 0.0 ], [ 113.215942526000049, -7.818082502999971, 0.0 ], [ 113.215989293, -7.81819196999993, 0.0 ], [ 113.216045312, -7.818270208999934, 0.0 ], [ 113.216116310000075, -7.818368522999947, 0.0 ], [ 113.216306466000106, -7.818527664999976, 0.0 ], [ 113.216750686000069, -7.81886097499995, 0.0 ], [ 113.216840526000055, -7.818937397999946, 0.0 ], [ 113.216976217000024, -7.819052825999961, 0.0 ], [ 113.217184209000038, -7.819249105999972, 0.0 ], [ 113.217222192, -7.819393592999972, 0.0 ], [ 113.217229708000104, -7.819571224999947, 0.0 ], [ 113.217224150000106, -7.819764288999977, 0.0 ], [ 113.217194477000021, -7.819990375999964, 0.0 ], [ 113.217166397000028, -7.820093637999946, 0.0 ], [ 113.217131473000109, -7.820146417999979, 0.0 ], [ 113.217105172000061, -7.820161919999975, 0.0 ], [ 113.217067728000075, -7.820162116999938, 0.0 ], [ 113.217034671000079, -7.820157951999931, 0.0 ], [ 113.216983993000099, -7.820142854999972, 0.0 ], [ 113.216957443000069, -7.820125462999954, 0.0 ], [ 113.216939775000014, -7.820105763999948, 0.0 ], [ 113.216926361000105, -7.820070769999973, 0.0 ], [ 113.216893480000067, -7.819972526999948, 0.0 ], [ 113.216881020000073, -7.81993427499998, 0.0 ], [ 113.216863301000103, -7.819890807999968, 0.0 ], [ 113.216842088000021, -7.819850793999933, 0.0 ], [ 113.216821966000111, -7.819815477999953, 0.0 ], [ 113.216817344000106, -7.819807364999974, 0.0 ], [ 113.216799671000103, -7.819772573999956, 0.0 ], [ 113.216771471000015, -7.819725637999966, 0.0 ], [ 113.21674676300006, -7.819689166999979, 0.0 ], [ 113.216715114000067, -7.819654449999973, 0.0 ], [ 113.216679935000116, -7.819616316999941, 0.0 ], [ 113.216642979000085, -7.819581626999934, 0.0 ], [ 113.216595598000026, -7.819554040999947, 0.0 ], [ 113.216525404000095, -7.819509042999925, 0.0 ], [ 113.216439393000087, -7.819483466999941, 0.0 ], [ 113.216405698000017, -7.819471805999967, 0.0 ], [ 113.216360067000096, -7.81946418299998, 0.0 ], [ 113.216306533000079, -7.819460487999947, 0.0 ], [ 113.216263003000108, -7.819468668999946, 0.0 ], [ 113.216213545000073, -7.819486641999958, 0.0 ], [ 113.216195839000079, -7.819516376999957, 0.0 ], [ 113.2161843, -7.819581595999978, 0.0 ], [ 113.21617067000011, -7.819632998999964, 0.0 ], [ 113.216176961000087, -7.819692159999931, 0.0 ], [ 113.216176237000013, -7.819937071999959, 0.0 ], [ 113.216172504000042, -7.819980470999951, 0.0 ], [ 113.216152949000048, -7.820028018999949, 0.0 ], [ 113.216101621, -7.820059827999955, 0.0 ], [ 113.216077876000099, -7.820063928999957, 0.0 ], [ 113.216042268000024, -7.820072068999934, 0.0 ], [ 113.216008571000089, -7.820074143999932, 0.0 ], [ 113.215970527000081, -7.82006778899995, 0.0 ], [ 113.215962939000065, -7.820066520999944, 0.0 ], [ 113.215919283000062, -7.820050934999927, 0.0 ], [ 113.215891418000069, -7.82003924299994, 0.0 ], [ 113.215843760000098, -7.820015814999977, 0.0 ], [ 113.215806009000062, -7.820000197999946, 0.0 ], [ 113.215682670000092, -7.819912009999939, 0.0 ], [ 113.215619147000098, -7.819884688999934, 0.0 ], [ 113.215549686000031, -7.819865352999955, 0.0 ], [ 113.215496027000086, -7.819837980999978, 0.0 ], [ 113.215438418000076, -7.819812616999968, 0.0 ], [ 113.215392786000052, -7.819804903999966, 0.0 ], [ 113.215337310000109, -7.819801218999942, 0.0 ], [ 113.215291762000106, -7.819809410999937, 0.0 ], [ 113.21519894000005, -7.819867193999926, 0.0 ], [ 113.215114083000117, -7.819932797999968, 0.0 ], [ 113.215095616000099, -7.819931719999943, 0.0 ], [ 113.21506286500005, -7.819917296999961, 0.0 ], [ 113.215011862000097, -7.819894835999946, 0.0 ], [ 113.214564514000017, -7.819733608999968, 0.0 ], [ 113.214198414000066, -7.819686728999955, 0.0 ], [ 113.214189684000075, -7.819675296999947, 0.0 ], [ 113.214172147000113, -7.819623695999951, 0.0 ], [ 113.214228665000064, -7.819413915999974, 0.0 ], [ 113.213720810000041, -7.819244781999942, 0.0 ], [ 113.213315867, -7.81913095799996, 0.0 ], [ 113.213103185000023, -7.819065377999948, 0.0 ], [ 113.212771008000118, -7.818959937999978, 0.0 ], [ 113.212343536000049, -7.81876914299994, 0.0 ], [ 113.212350369000092, -7.819143971999949, 0.0 ], [ 113.212164999000038, -7.819119996999973, 0.0 ], [ 113.211811126000043, -7.819074228999966, 0.0 ], [ 113.21124686600001, -7.818866797999931, 0.0 ], [ 113.211112785000068, -7.818753811999954, 0.0 ], [ 113.21086833600009, -7.818545788999927, 0.0 ], [ 113.210451084000056, -7.818265920999977, 0.0 ], [ 113.209890596000037, -7.817993850999926, 0.0 ], [ 113.209078052000109, -7.817615826999941, 0.0 ], [ 113.2089387850001, -7.817568206999965, 0.0 ], [ 113.208602551000013, -7.817501281999967, 0.0 ], [ 113.207915580000076, -7.817267013999981, 0.0 ], [ 113.208242285000097, -7.816602239999952, 0.0 ], [ 113.208574210000052, -7.815978015999974, 0.0 ], [ 113.208926367000117, -7.815432508999947, 0.0 ], [ 113.209268529000042, -7.814902482999969, 0.0 ], [ 113.209270936000053, -7.814898754999945, 0.0 ], [ 113.20926930600001, -7.814898159999927, 0.0 ], [ 113.208940252000048, -7.814778119999971, 0.0 ], [ 113.208581797000079, -7.814691971999935, 0.0 ], [ 113.2080948790001, -7.814580015999979, 0.0 ], [ 113.207791624000038, -7.814501891999953, 0.0 ], [ 113.207663081000078, -7.814933286999974, 0.0 ], [ 113.20757224700003, -7.815238131999934, 0.0 ], [ 113.206547373000035, -7.81501861299995, 0.0 ], [ 113.206369154000072, -7.814980439999943, 0.0 ], [ 113.206432624000058, -7.814609747999953, 0.0 ], [ 113.206453561000103, -7.814487465999946, 0.0 ], [ 113.206510949000062, -7.81412937999994, 0.0 ], [ 113.206271977000029, -7.814038357999948, 0.0 ], [ 113.206360054000015, -7.813646491999975, 0.0 ], [ 113.206592420000106, -7.812664822999977, 0.0 ], [ 113.206178184, -7.81253079399994, 0.0 ], [ 113.206059744000072, -7.81250646999996, 0.0 ], [ 113.20577589800007, -7.81243791299994, 0.0 ], [ 113.205635938000114, -7.81289837099996, 0.0 ], [ 113.205496826000058, -7.813363975999948, 0.0 ], [ 113.205394784000077, -7.813786731999926, 0.0 ], [ 113.205115638000052, -7.813716703999944, 0.0 ], [ 113.204813761000082, -7.813616157999945, 0.0 ], [ 113.204828677000023, -7.813510433999966, 0.0 ], [ 113.204897294000034, -7.813098426999943, 0.0 ], [ 113.204122484000095, -7.812787881999952, 0.0 ], [ 113.204077840000082, -7.812711658999945, 0.0 ], [ 113.204230995000103, -7.812301379999951, 0.0 ], [ 113.204288233000057, -7.812042613999949, 0.0 ], [ 113.204343476000076, -7.81194499399993, 0.0 ], [ 113.204365458000098, -7.811875382999972, 0.0 ], [ 113.204425403000073, -7.811605486999952, 0.0 ], [ 113.204438546, -7.811460911999973, 0.0 ], [ 113.204809934000082, -7.811533983999936, 0.0 ], [ 113.205284456000072, -7.811634441999956, 0.0 ], [ 113.205551732000117, -7.810529638999981, 0.0 ], [ 113.205553363000035, -7.810522895999952, 0.0 ], [ 113.205629596000108, -7.810166789999926, 0.0 ], [ 113.204844800000046, -7.809974143999966, 0.0 ], [ 113.204872726000076, -7.809727098999929, 0.0 ], [ 113.204937566000012, -7.809563998999977, 0.0 ], [ 113.204855729000087, -7.80953577799994, 0.0 ], [ 113.205312377000041, -7.80850883599993, 0.0 ], [ 113.205985156000111, -7.808790722999959, 0.0 ], [ 113.206197307000025, -7.808172277999972, 0.0 ], [ 113.206758765000018, -7.808319094999945, 0.0 ], [ 113.207045909000044, -7.808404262999943, 0.0 ], [ 113.207436686000051, -7.808512296999936, 0.0 ], [ 113.207754545000057, -7.808611311999925, 0.0 ], [ 113.207897869000021, -7.808165566999946, 0.0 ], [ 113.208018440000046, -7.807841763999932, 0.0 ], [ 113.208224819000066, -7.807220817999962, 0.0 ], [ 113.207953940000039, -7.807158429999959, 0.0 ], [ 113.207402514000023, -7.807014634999973, 0.0 ], [ 113.207350733000112, -7.807088197999974, 0.0 ], [ 113.206773076000104, -7.806916250999961, 0.0 ], [ 113.206445933000055, -7.80678538199993, 0.0 ], [ 113.206543084000032, -7.806569967999963, 0.0 ], [ 113.206518942000116, -7.806541445999926, 0.0 ], [ 113.206653028, -7.806058244999974, 0.0 ], [ 113.207137869, -7.806189465999978, 0.0 ], [ 113.207494764000103, -7.806264509999949, 0.0 ], [ 113.207504106000101, -7.806235993999962, 0.0 ], [ 113.208140836000098, -7.806342742999959, 0.0 ], [ 113.208212806, -7.805759347999981, 0.0 ], [ 113.208222487000057, -7.805680876999929, 0.0 ], [ 113.207992506000096, -7.805635806999931, 0.0 ], [ 113.208077184000103, -7.805009532999975, 0.0 ], [ 113.208048983000026, -7.804947864999974, 0.0 ], [ 113.208287151000036, -7.804445413999929, 0.0 ], [ 113.208020573000113, -7.80434811899994, 0.0 ], [ 113.207888951000086, -7.804303618999938, 0.0 ], [ 113.207509336000044, -7.804213962999938, 0.0 ], [ 113.20709315900001, -7.804118070999948, 0.0 ], [ 113.207087829000102, -7.804116842999974, 0.0 ], [ 113.207082516000014, -7.804115605999925, 0.0 ], [ 113.207067507000033, -7.804118123999956, 0.0 ], [ 113.207039398, -7.804207668999936, 0.0 ], [ 113.206927620000101, -7.804563759999951, 0.0 ], [ 113.206830771000114, -7.804893584999945, 0.0 ], [ 113.206781723000063, -7.804875584999934, 0.0 ], [ 113.206666478000102, -7.804829204999976, 0.0 ], [ 113.206577332000052, -7.80479332799996, 0.0 ], [ 113.206366636000098, -7.804708170999959, 0.0 ], [ 113.206056576000037, -7.804582854999978, 0.0 ], [ 113.206003319000047, -7.80456008799996, 0.0 ], [ 113.205887598000118, -7.804512341999953, 0.0 ], [ 113.205791581000085, -7.804484846999969, 0.0 ], [ 113.20575339200002, -7.804473910999945, 0.0 ], [ 113.205665372000112, -7.80443523799994, 0.0 ], [ 113.205647506000105, -7.80442663499997, 0.0 ], [ 113.205547288000048, -7.804378376999978, 0.0 ], [ 113.205417569000019, -7.804312267999933, 0.0 ], [ 113.205344023000066, -7.804254541999967, 0.0 ], [ 113.20530851, -7.804223638999929, 0.0 ], [ 113.205245520000062, -7.804183479999949, 0.0 ], [ 113.205213056000048, -7.80419223499996, 0.0 ], [ 113.205169027000011, -7.804205025999977, 0.0 ], [ 113.205164566, -7.804207402999964, 0.0 ], [ 113.205133402000115, -7.804224008999938, 0.0 ], [ 113.205104175000088, -7.804251454999928, 0.0 ], [ 113.205035259000056, -7.804335498999933, 0.0 ], [ 113.204951661000109, -7.804413384999975, 0.0 ], [ 113.20487222700001, -7.804487091999931, 0.0 ], [ 113.204774027000099, -7.804588007999939, 0.0 ], [ 113.204699574000074, -7.804699193999966, 0.0 ], [ 113.204645271000118, -7.80480503299998, 0.0 ], [ 113.204579752000086, -7.804924123999967, 0.0 ], [ 113.204506422, -7.80500737899996, 0.0 ], [ 113.204395493000106, -7.805132309999976, 0.0 ], [ 113.20431653300011, -7.805225082999925, 0.0 ], [ 113.204193785000029, -7.805476237999926, 0.0 ], [ 113.204068410000104, -7.805682760999957, 0.0 ], [ 113.203743956000039, -7.806136136999953, 0.0 ], [ 113.203700936000018, -7.806170160999955, 0.0 ], [ 113.203648562000012, -7.806173506999926, 0.0 ], [ 113.203589824, -7.806146158999979, 0.0 ], [ 113.203534198000057, -7.806128011999931, 0.0 ], [ 113.203497220000031, -7.806131277999953, 0.0 ], [ 113.20340817500005, -7.806196267999951, 0.0 ], [ 113.203285493000067, -7.806316951999975, 0.0 ], [ 113.203273145000026, -7.806329097999935, 0.0 ], [ 113.203260570000111, -7.806391859999962, 0.0 ], [ 113.203249110000115, -7.806449057999941, 0.0 ], [ 113.203251729000044, -7.806891600999961, 0.0 ], [ 113.203256727000053, -7.807175165999979, 0.0 ], [ 113.203241524000077, -7.807254863999958, 0.0 ], [ 113.203156105000062, -7.807413100999952, 0.0 ], [ 113.203023407000046, -7.807591375999948, 0.0 ], [ 113.202886306000096, -7.807785217999935, 0.0 ], [ 113.202769419000106, -7.807900057999973, 0.0 ], [ 113.202589780000039, -7.80807740299997, 0.0 ], [ 113.202419024000051, -7.808252893999963, 0.0 ], [ 113.202339808000033, -7.808339793999949, 0.0 ], [ 113.202289009000083, -7.80844407799998, 0.0 ], [ 113.202259611000045, -7.808581778999951, 0.0 ], [ 113.202260598000066, -7.808798669999931, 0.0 ], [ 113.202256518000013, -7.809132619999957, 0.0 ], [ 113.202210156000092, -7.809185187999958, 0.0 ], [ 113.202170667000019, -7.809219550999956, 0.0 ], [ 113.2021463210001, -7.809240737999971, 0.0 ], [ 113.202117495000039, -7.809301889999972, 0.0 ], [ 113.202057626000055, -7.809513403999972, 0.0 ], [ 113.202057395000111, -7.809514218999936, 0.0 ], [ 113.202029252000102, -7.809706046999963, 0.0 ], [ 113.202024890000075, -7.810114465999959, 0.0 ], [ 113.202026456000112, -7.810413412999935, 0.0 ], [ 113.202022919000115, -7.810637014999941, 0.0 ], [ 113.202002298000025, -7.810752437999952, 0.0 ], [ 113.201957898000046, -7.810851447999937, 0.0 ], [ 113.201866088000088, -7.810988298999973, 0.0 ], [ 113.20177757600004, -7.81109829299993, 0.0 ], [ 113.201702100000034, -7.811157247999972, 0.0 ], [ 113.201645303000078, -7.811172635999981, 0.0 ], [ 113.201601255000014, -7.811177508999947, 0.0 ], [ 113.201537293000115, -7.811184585999968, 0.0 ], [ 113.201400981, -7.811215480999977, 0.0 ], [ 113.201261101000114, -7.811278566999931, 0.0 ], [ 113.201227754000115, -7.811300330999927, 0.0 ], [ 113.201094851000107, -7.811387067999931, 0.0 ], [ 113.200961002000099, -7.811502990999941, 0.0 ], [ 113.200888115000112, -7.81159970899995, 0.0 ], [ 113.200826585000073, -7.811667356999976, 0.0 ], [ 113.200768791000087, -7.81170624799995, 0.0 ], [ 113.200633147000076, -7.811850466999942, 0.0 ], [ 113.200596239000106, -7.811910034999926, 0.0 ], [ 113.200581819000035, -7.811996596999961, 0.0 ], [ 113.200574941000013, -7.812110321999967, 0.0 ], [ 113.200508623000019, -7.81223420799995, 0.0 ], [ 113.200390395000113, -7.812392976999945, 0.0 ], [ 113.200270356000033, -7.812548682999932, 0.0 ], [ 113.200154926000096, -7.812492686999974, 0.0 ], [ 113.200100758000076, -7.812466409999956, 0.0 ], [ 113.199992591000068, -7.812413936999974, 0.0 ], [ 113.199904267000079, -7.812402918999965, 0.0 ], [ 113.199676510000018, -7.812369491999959, 0.0 ], [ 113.19912518000001, -7.812285741999972, 0.0 ], [ 113.199089787000048, -7.812280365999925, 0.0 ], [ 113.198651385000062, -7.812212969999962, 0.0 ], [ 113.198405611000112, -7.812178551999978, 0.0 ], [ 113.198373254000103, -7.812168363999945, 0.0 ], [ 113.19819045600002, -7.812110806999954, 0.0 ], [ 113.19816305900008, -7.812106348999976, 0.0 ], [ 113.198219998000013, -7.81148, 0.0 ], [ 113.19847, -7.810039998999969, 0.0 ], [ 113.198540001000083, -7.80964, 0.0 ], [ 113.198600001000045, -7.80934, 0.0 ], [ 113.198629998000115, -7.80919, 0.0 ], [ 113.19868, -7.80892, 0.0 ], [ 113.19877, -7.80867, 0.0 ], [ 113.198815434000039, -7.808546677999971, 0.0 ], [ 113.198888786000111, -7.808102756999972, 0.0 ], [ 113.198945893000086, -7.807984973999964, 0.0 ], [ 113.199027984000054, -7.807874328999958, 0.0 ], [ 113.199081522000029, -7.807727993999947, 0.0 ], [ 113.199182643000086, -7.807472054999948, 0.0 ], [ 113.19923, -7.80724, 0.0 ], [ 113.19925, -7.80707, 0.0 ], [ 113.199261189000026, -7.806943191999949, 0.0 ], [ 113.199231428000076, -7.806746463999957, 0.0 ], [ 113.199234998000065, -7.806578711999975, 0.0 ], [ 113.199252843000068, -7.806450221999967, 0.0 ], [ 113.199320658000033, -7.806239638999955, 0.0 ], [ 113.199356350000016, -7.805989795999949, 0.0 ], [ 113.199361803000102, -7.805960606999975, 0.0 ], [ 113.199417027000095, -7.80566499899993, 0.0 ], [ 113.199534809000056, -7.804969007999944, 0.0 ], [ 113.199560728000051, -7.804867951999938, 0.0 ], [ 113.199719288000097, -7.804249690999939, 0.0 ], [ 113.199784372000067, -7.80399796599994, 0.0 ], [ 113.199902437000105, -7.803541330999963, 0.0 ], [ 113.20008000100006, -7.802770000999942, 0.0 ], [ 113.20032, -7.80167, 0.0 ], [ 113.20033, -7.80160000099994, 0.0 ], [ 113.20036, -7.801459998999974, 0.0 ], [ 113.200479988000097, -7.801066706999961, 0.0 ], [ 113.200469938000083, -7.800958127999934, 0.0 ], [ 113.200466964000043, -7.800898643999972, 0.0 ], [ 113.200449117000062, -7.800833205999936, 0.0 ], [ 113.200446142000033, -7.800743976999968, 0.0 ], [ 113.200443168000106, -7.800669619999951, 0.0 ], [ 113.200463990000117, -7.800571466999941, 0.0 ], [ 113.20049968100011, -7.800532799999928, 0.0 ], [ 113.200526450000098, -7.800529824999956, 0.0 ], [ 113.200610494000102, -7.800541030999966, 0.0 ], [ 113.200660294000045, -7.800547670999947, 0.0 ], [ 113.200690037000072, -7.800529824999956, 0.0 ], [ 113.200698960000068, -7.800491158999932, 0.0 ], [ 113.200698960000068, -7.800431671999945, 0.0 ], [ 113.200716806000059, -7.800265109999941, 0.0 ], [ 113.200709625000059, -7.800178031999963, 0.0 ], [ 113.200703487000055, -7.800103602999968, 0.0 ], [ 113.200675167000099, -7.799988497999948, 0.0 ], [ 113.20067219200007, -7.799929012999939, 0.0 ], [ 113.20066921800003, -7.799857626999938, 0.0 ], [ 113.200675167000099, -7.799783268999931, 0.0 ], [ 113.200700990000087, -7.79967402099993, 0.0 ], [ 113.200713832000019, -7.799619682999946, 0.0 ], [ 113.200803200000109, -7.799181037999972, 0.0 ], [ 113.200850056000036, -7.798951052999939, 0.0 ], [ 113.200860764000026, -7.798861822999982, 0.0 ], [ 113.200912728000048, -7.798869218999926, 0.0 ], [ 113.200950445000103, -7.798887660999981, 0.0 ], [ 113.200957278000033, -7.798891001999948, 0.0 ], [ 113.201167714, -7.79899388299998, 0.0 ], [ 113.201604762000102, -7.799139564999962, 0.0 ], [ 113.201617432000035, -7.79914378899997, 0.0 ], [ 113.201845805000062, -7.799178766999944, 0.0 ], [ 113.201827281000078, -7.79929621399998, 0.0 ], [ 113.201827281000078, -7.799376519999953, 0.0 ], [ 113.201830255, -7.799421136999968, 0.0 ], [ 113.201851076000025, -7.799477646999947, 0.0 ], [ 113.201880819000053, -7.799534161999929, 0.0 ], [ 113.201934358000017, -7.799590671999965, 0.0 ], [ 113.201987895000116, -7.79963528899998, 0.0 ], [ 113.202044407000017, -7.799673952999967, 0.0 ], [ 113.202071176000118, -7.799691798999959, 0.0 ], [ 113.202121740000052, -7.799730465999971, 0.0 ], [ 113.202172303000111, -7.799769130999948, 0.0 ], [ 113.202190149000103, -7.799792925999952, 0.0 ], [ 113.202222866000056, -7.799837541999977, 0.0 ], [ 113.202252611000063, -7.799891078999963, 0.0 ], [ 113.202267481000035, -7.799941642999954, 0.0 ], [ 113.202270456000065, -7.799998153999979, 0.0 ], [ 113.20225855800004, -7.800060616999929, 0.0 ], [ 113.202234765000071, -7.800105229999929, 0.0 ], [ 113.202213943000061, -7.800140921999969, 0.0 ], [ 113.202178252000067, -7.800197433999926, 0.0 ], [ 113.20215148300008, -7.80025692199996, 0.0 ], [ 113.202124714000092, -7.80033425299996, 0.0 ], [ 113.202115791000097, -7.80043240599997, 0.0 ], [ 113.202099821000047, -7.800504691999947, 0.0 ], [ 113.202059278000092, -7.800688199999968, 0.0 ], [ 113.201999791000048, -7.801101629999948, 0.0 ], [ 113.201993842000093, -7.80126224299994, 0.0 ], [ 113.201931977000072, -7.801435348999973, 0.0 ], [ 113.202188958000079, -7.801540044999967, 0.0 ], [ 113.202241307, -7.80158287699993, 0.0 ], [ 113.202246066000043, -7.801644740999961, 0.0 ], [ 113.202253997000071, -7.801740514999949, 0.0 ], [ 113.202283742000077, -7.801838667999959, 0.0 ], [ 113.202346202000058, -7.801910052999972, 0.0 ], [ 113.202441380000096, -7.801951691999932, 0.0 ], [ 113.202512764000062, -7.801987383999972, 0.0 ], [ 113.202575224000043, -7.802017128999978, 0.0 ], [ 113.202604969000049, -7.802040921999946, 0.0 ], [ 113.202634711000087, -7.80207958799997, 0.0 ], [ 113.202697173000047, -7.80214502299998, 0.0 ], [ 113.20278045200007, -7.802204509999967, 0.0 ], [ 113.202893477000089, -7.802266970999938, 0.0 ], [ 113.202991631000032, -7.802326457999925, 0.0 ], [ 113.203025827000033, -7.80235115399995, 0.0 ], [ 113.203045168000017, -7.802365122999959, 0.0 ], [ 113.203089783000109, -7.802400814999942, 0.0 ], [ 113.20315224400008, -7.802424610999935, 0.0 ], [ 113.203238501000101, -7.802442457999973, 0.0 ], [ 113.203303935, -7.802445431999956, 0.0 ], [ 113.20347942, -7.802442457999973, 0.0 ], [ 113.203598393000107, -7.802436508999961, 0.0 ], [ 113.203684649000024, -7.802445431999956, 0.0 ], [ 113.2037649560001, -7.802475172999948, 0.0 ], [ 113.203875007000079, -7.802513839999961, 0.0 ], [ 113.204013966000048, -7.802557859999979, 0.0 ], [ 113.204099627, -7.802600690999952, 0.0 ], [ 113.204218601000093, -7.802629242999956, 0.0 ], [ 113.204370886000106, -7.80265303799996, 0.0 ], [ 113.204480340000032, -7.802657797999927, 0.0 ], [ 113.204568380000069, -7.802672073999929, 0.0 ], [ 113.204625488000033, -7.802689919999978, 0.0 ], [ 113.204668318000017, -7.802707766999958, 0.0 ], [ 113.204753978000099, -7.802757735999933, 0.0 ], [ 113.204850346000057, -7.802814842999965, 0.0 ], [ 113.204953853, -7.802864811999939, 0.0 ], [ 113.205057361000058, -7.802900501999943, 0.0 ], [ 113.205152776000091, -7.80291478099997, 0.0 ], [ 113.205245334000097, -7.802884707999965, 0.0 ], [ 113.205230928000105, -7.80297879699998, 0.0 ], [ 113.205209041000103, -7.803110212999968, 0.0 ], [ 113.205181030000062, -7.80326563999995, 0.0 ], [ 113.20516464800005, -7.803356537999946, 0.0 ], [ 113.205146020000029, -7.80345990099994, 0.0 ], [ 113.205141973000082, -7.803531482999972, 0.0 ], [ 113.20513711500007, -7.803617406999933, 0.0 ], [ 113.205132747000107, -7.803694647999976, 0.0 ], [ 113.205128603000048, -7.803767949999951, 0.0 ], [ 113.20507663300009, -7.803823732999945, 0.0 ], [ 113.205062357000088, -7.803914151999948, 0.0 ], [ 113.205116941000028, -7.803974186999938, 0.0 ], [ 113.205102885000088, -7.804047131999937, 0.0 ], [ 113.20519084700004, -7.804090232999954, 0.0 ], [ 113.205288002000088, -7.80401485699997, 0.0 ], [ 113.205584658000021, -7.804180020999979, 0.0 ], [ 113.205742882000095, -7.803661929999976, 0.0 ], [ 113.205828544000042, -7.803471572999968, 0.0 ], [ 113.205871373000036, -7.803328804999978, 0.0 ], [ 113.205866615000105, -7.803214590999971, 0.0 ], [ 113.205861854000091, -7.803114653999955, 0.0 ], [ 113.205847580000068, -7.803052787999945, 0.0 ], [ 113.205838061, -7.802967126999931, 0.0 ], [ 113.205842820000044, -7.802933813999971, 0.0 ], [ 113.205899927000019, -7.802919537999969, 0.0 ], [ 113.205952275000072, -7.802929055999925, 0.0 ], [ 113.206028418000074, -7.802938572999949, 0.0 ], [ 113.206090284000084, -7.802938572999949, 0.0 ], [ 113.206133114000068, -7.80291478099997, 0.0 ], [ 113.206166426000095, -7.802857671999959, 0.0 ], [ 113.206180704000076, -7.802767251999967, 0.0 ], [ 113.206237811000051, -7.802634001999934, 0.0 ], [ 113.206237811000051, -7.802576894999959, 0.0 ], [ 113.206261605, -7.802495993999969, 0.0 ], [ 113.20631, -7.80232, 0.0 ], [ 113.206489999000041, -7.801749998999981, 0.0 ], [ 113.206529275000094, -7.801605396999946, 0.0 ], [ 113.206653919000019, -7.800943434999965, 0.0 ], [ 113.206765026000085, -7.800741903999949, 0.0 ], [ 113.20702868300009, -7.800201042999959, 0.0 ], [ 113.206870977000108, -7.800124607999976, 0.0 ], [ 113.206446905, -7.799919078999949, 0.0 ], [ 113.206400506000023, -7.799894094999956, 0.0 ], [ 113.20631008600003, -7.799836987999981, 0.0 ], [ 113.206305697000062, -7.799771145999955, 0.0 ], [ 113.206305327000109, -7.799765601999979, 0.0 ], [ 113.206333882000081, -7.799665663999974, 0.0 ], [ 113.20637195300003, -7.799584762999928, 0.0 ], [ 113.206438577000085, -7.799456271999929, 0.0 ], [ 113.206490925000026, -7.799337298999944, 0.0 ], [ 113.20658779300004, -7.799049692999972, 0.0 ], [ 113.206, -7.79857, 0.0 ], [ 113.20605, -7.798259998999981, 0.0 ], [ 113.206159999000079, -7.79803, 0.0 ], [ 113.206280001000096, -7.79779, 0.0 ], [ 113.20642999800009, -7.797499998999967, 0.0 ], [ 113.20656, -7.7973, 0.0 ], [ 113.20667000100002, -7.797009998999954, 0.0 ], [ 113.206690001000084, -7.79652, 0.0 ], [ 113.2068, -7.79595, 0.0 ], [ 113.2068, -7.79531, 0.0 ], [ 113.20683, -7.794990000999974, 0.0 ], [ 113.206919999000093, -7.794709998999963, 0.0 ], [ 113.207090000000107, -7.794339998999931, 0.0 ], [ 113.207269999, -7.79402, 0.0 ], [ 113.207360000000108, -7.79372, 0.0 ], [ 113.20738, -7.793470001999935, 0.0 ], [ 113.20738, -7.7933, 0.0 ], [ 113.207408803000021, -7.793192937999947, 0.0 ], [ 113.207465315000036, -7.793130474999941, 0.0 ], [ 113.207518854000114, -7.793085861999941, 0.0 ], [ 113.207575365000025, -7.793017449999979, 0.0 ], [ 113.207637827000099, -7.792957963999982, 0.0 ], [ 113.207679466000059, -7.792922271999942, 0.0 ], [ 113.207831157000101, -7.792830067999944, 0.0 ], [ 113.207899566000037, -7.79280627299994, 0.0 ], [ 113.207950131000075, -7.79280627299994, 0.0 ], [ 113.208018538000033, -7.792827093999961, 0.0 ], [ 113.208092898000018, -7.79284196499998, 0.0 ], [ 113.208170231000054, -7.792850887999975, 0.0 ], [ 113.208223768000039, -7.792850887999975, 0.0 ], [ 113.208298126000045, -7.792836015999967, 0.0 ], [ 113.208542021000085, -7.792779503999952, 0.0 ], [ 113.208869954000079, -7.792697293999936, 0.0 ], [ 113.20893, -7.792670001999966, 0.0 ], [ 113.209979998000108, -7.792369998999959, 0.0 ], [ 113.21027, -7.792280001999927, 0.0 ], [ 113.210398394000094, -7.792209966999962, 0.0 ], [ 113.21053565200009, -7.792101119999927, 0.0 ], [ 113.210592760000054, -7.792072566999934, 0.0 ], [ 113.210646297000039, -7.79206542999998, 0.0 ], [ 113.210717681, -7.792086842999936, 0.0 ], [ 113.210828326000069, -7.792093981999926, 0.0 ], [ 113.210871156000053, -7.792093981999926, 0.0 ], [ 113.210938972, -7.792086842999936, 0.0 ], [ 113.210996079000097, -7.792090411999936, 0.0 ], [ 113.211042476000102, -7.792101119999927, 0.0 ], [ 113.211081739000065, -7.792115398999954, 0.0 ], [ 113.211209999000062, -7.792180000999963, 0.0 ], [ 113.21153, -7.792280001999927, 0.0 ], [ 113.21179, -7.79238, 0.0 ], [ 113.211913314000071, -7.792386849999957, 0.0 ], [ 113.211969999000075, -7.792389998999965, 0.0 ], [ 113.212029999000038, -7.79232000199994, 0.0 ], [ 113.21244, -7.79184, 0.0 ], [ 113.212468620000095, -7.791811378999967, 0.0 ], [ 113.212506779000023, -7.791703793999943, 0.0 ], [ 113.212548418000097, -7.791641333999962, 0.0 ], [ 113.212625751000019, -7.791596717999937, 0.0 ], [ 113.212667392000071, -7.791564, 0.0 ], [ 113.212726878000012, -7.791537232999929, 0.0 ], [ 113.212780416000101, -7.791522359999931, 0.0 ], [ 113.212860723000063, -7.791510461999962, 0.0 ], [ 113.212917236000067, -7.791510461999962, 0.0 ], [ 113.212976721000018, -7.791510461999962, 0.0 ], [ 113.213024312000016, -7.791513436999935, 0.0 ], [ 113.213161130000117, -7.791501538999967, 0.0 ], [ 113.213232514000083, -7.791504513999939, 0.0 ], [ 113.213289026000098, -7.791504513999939, 0.0 ], [ 113.213377476, -7.791508560999944, 0.0 ], [ 113.213400001000082, -7.79145, 0.0 ], [ 113.213388422000094, -7.791363166999929, 0.0 ], [ 113.213378256000055, -7.791248721999978, 0.0 ], [ 113.213342565000062, -7.791171388999942, 0.0 ], [ 113.213143929000012, -7.79089307199996, 0.0 ], [ 113.213134652, -7.79086011399994, 0.0 ], [ 113.213124810000068, -7.790825147999954, 0.0 ], [ 113.213122906000081, -7.790813726999943, 0.0 ], [ 113.213133844000026, -7.790760073999934, 0.0 ], [ 113.213202770000066, -7.790665753999974, 0.0 ], [ 113.213305682000055, -7.790522787999976, 0.0 ], [ 113.213369927000031, -7.79042284999997, 0.0 ], [ 113.213427034, -7.79038001999993, 0.0 ], [ 113.213477003000094, -7.790351466999937, 0.0 ], [ 113.213541249000059, -7.790315774999954, 0.0 ], [ 113.213554891000058, -7.790309711999953, 0.0 ], [ 113.213605494000035, -7.79028722299995, 0.0 ], [ 113.213666632000013, -7.790246463999949, 0.0 ], [ 113.213691155000106, -7.790230113999939, 0.0 ], [ 113.21373755400009, -7.790194421999956, 0.0 ], [ 113.213783954000064, -7.790148024999951, 0.0 ], [ 113.213812507000057, -7.790098055999977, 0.0 ], [ 113.213833923000038, -7.790055223999957, 0.0 ], [ 113.213894599000014, -7.790012392999927, 0.0 ], [ 113.213983828000096, -7.789994546999935, 0.0 ], [ 113.214058781000062, -7.789980270999934, 0.0 ], [ 113.214176565000116, -7.789876763999928, 0.0 ], [ 113.214329999000029, -7.789610001999961, 0.0 ], [ 113.214369302000023, -7.789473444999942, 0.0 ], [ 113.214358592000053, -7.789427045999957, 0.0 ], [ 113.214322902000049, -7.789344954999933, 0.0 ], [ 113.214300588000015, -7.789313714999935, 0.0 ], [ 113.214287211000055, -7.789294985999959, 0.0 ], [ 113.214212257000099, -7.789195048999943, 0.0 ], [ 113.214115888000038, -7.789052282999933, 0.0 ], [ 113.21404, -7.78898, 0.0 ], [ 113.21406, -7.788799998999934, 0.0 ], [ 113.214180001000045, -7.7885, 0.0 ], [ 113.214289998000027, -7.78837, 0.0 ], [ 113.21444, -7.78809999899994, 0.0 ], [ 113.214610001000096, -7.7879, 0.0 ], [ 113.21492000100011, -7.78782, 0.0 ], [ 113.215029998000091, -7.78778, 0.0 ], [ 113.21512, -7.787660001999939, 0.0 ], [ 113.21518, -7.787259998999957, 0.0 ], [ 113.21522, -7.786909998999931, 0.0 ], [ 113.215290001000085, -7.786579998999969, 0.0 ], [ 113.21539000100006, -7.786330000999953, 0.0 ], [ 113.21539000100006, -7.78624, 0.0 ], [ 113.21539000100006, -7.786060001999942, 0.0 ], [ 113.21534, -7.78575, 0.0 ], [ 113.215290001000085, -7.78545, 0.0 ], [ 113.215310001000034, -7.78507, 0.0 ], [ 113.215350001000047, -7.78486, 0.0 ], [ 113.215330001000098, -7.7848, 0.0 ], [ 113.21528, -7.784199998999952, 0.0 ], [ 113.215510000000108, -7.78398, 0.0 ], [ 113.215548071000057, -7.783872925999958, 0.0 ], [ 113.215754267000079, -7.783800352999947, 0.0 ], [ 113.215855394000073, -7.783574303999956, 0.0 ], [ 113.216010058000052, -7.783110311999963, 0.0 ], [ 113.216060827000092, -7.782916903999933, 0.0 ], [ 113.21607378300007, -7.782867548999945, 0.0 ], [ 113.216038494000031, -7.782843076999939, 0.0 ], [ 113.21595818600008, -7.782828205999976, 0.0 ], [ 113.215919521000046, -7.782807384999956, 0.0 ], [ 113.215867142000093, -7.782786856999962, 0.0 ], [ 113.215881623000087, -7.782758860999934, 0.0 ], [ 113.215899131000015, -7.782725010999968, 0.0 ], [ 113.215957988000014, -7.782696779999981, 0.0 ], [ 113.215981782000085, -7.782672986999955, 0.0 ], [ 113.216010336000068, -7.782632534999948, 0.0 ], [ 113.216029372000094, -7.782580186999951, 0.0 ], [ 113.216062685000111, -7.782501663999938, 0.0 ], [ 113.216111463000061, -7.782406485999957, 0.0 ], [ 113.216193554000029, -7.782263718999957, 0.0 ], [ 113.2162863530001, -7.782130467999934, 0.0 ], [ 113.216411275000041, -7.781975802999966, 0.0 ], [ 113.216559992000043, -7.781827086999954, 0.0 ], [ 113.21676224600003, -7.781523705999973, 0.0 ], [ 113.216922859000078, -7.781321451999929, 0.0 ], [ 113.216958550000072, -7.781267914999944, 0.0 ], [ 113.216994244000034, -7.78117868399994, 0.0 ], [ 113.21700614000008, -7.781059712999934, 0.0 ], [ 113.21700614000008, -7.78095858599994, 0.0 ], [ 113.216982347000112, -7.780875302999959, 0.0 ], [ 113.216955340000027, -7.780763203999925, 0.0 ], [ 113.216990001000113, -7.7807, 0.0 ], [ 113.21717, -7.780629998999927, 0.0 ], [ 113.21727, -7.78045, 0.0 ], [ 113.21744, -7.77979, 0.0 ], [ 113.21744, -7.77938, 0.0 ], [ 113.217509999000072, -7.77908999899995, 0.0 ], [ 113.217668652000043, -7.77813808999997, 0.0 ], [ 113.217706431000011, -7.778336430999957, 0.0 ], [ 113.217786431000036, -7.778456431999928, 0.0 ], [ 113.217789451000044, -7.778459175999956, 0.0 ], [ 113.21779, -7.77846, 0.0 ], [ 113.218120001000102, -7.778759998999931, 0.0 ], [ 113.2182, -7.77882, 0.0 ], [ 113.218356392000032, -7.778937294999935, 0.0 ], [ 113.218348103000039, -7.779119632999937, 0.0 ], [ 113.218462184000032, -7.779246386999944, 0.0 ], [ 113.218585915000062, -7.779379636999977, 0.0 ], [ 113.218586962000018, -7.779380489999937, 0.0 ], [ 113.218589485000052, -7.779383205999977, 0.0 ], [ 113.218650559000025, -7.779432970999949, 0.0 ], [ 113.218690611000056, -7.779531923999969, 0.0 ], [ 113.218767236000076, -7.779702835999956, 0.0 ], [ 113.218786416000057, -7.779758110999978, 0.0 ], [ 113.218811963, -7.77983173399997, 0.0 ], [ 113.218900448000113, -7.779994497999951, 0.0 ], [ 113.219033253000021, -7.780382580999969, 0.0 ], [ 113.2191046370001, -7.780814451999959, 0.0 ], [ 113.219140329000084, -7.781042879999973, 0.0 ], [ 113.219129205000058, -7.781176366999944, 0.0 ], [ 113.219122288000108, -7.78125936999993, 0.0 ], [ 113.2191046370001, -7.781471182999951, 0.0 ], [ 113.219115345000091, -7.78190662399993, 0.0 ], [ 113.219115345000091, -7.782081514999959, 0.0 ], [ 113.219115345000091, -7.782142190999934, 0.0 ], [ 113.218983198000046, -7.782400713999948, 0.0 ], [ 113.219007553000097, -7.782590618999961, 0.0 ], [ 113.219011839000018, -7.782624031999944, 0.0 ], [ 113.219004701000017, -7.782791783999926, 0.0 ], [ 113.218997561000037, -7.782948827999974, 0.0 ], [ 113.21897905600008, -7.783012793999944, 0.0 ], [ 113.219058238000116, -7.783102302999964, 0.0 ], [ 113.219190298000058, -7.783245070999953, 0.0 ], [ 113.219236697000042, -7.783323592999977, 0.0 ], [ 113.219325928000103, -7.783498483999949, 0.0 ], [ 113.219354481000096, -7.783580574999974, 0.0 ], [ 113.219358051000086, -7.78365195899994, 0.0 ], [ 113.219348314000058, -7.783737216999953, 0.0 ], [ 113.219331589000035, -7.783883683999932, 0.0 ], [ 113.219316431000038, -7.784016432999977, 0.0 ], [ 113.219196432000103, -7.784936429999959, 0.0 ], [ 113.21888574400009, -7.786208771999952, 0.0 ], [ 113.218711237000093, -7.786801986999933, 0.0 ], [ 113.218676503000097, -7.786920056999975, 0.0 ], [ 113.218618239000079, -7.787118119999946, 0.0 ], [ 113.218413606000013, -7.787886682999954, 0.0 ], [ 113.218317333000073, -7.788262414999963, 0.0 ], [ 113.218297354000015, -7.788340390999963, 0.0 ], [ 113.218242285000088, -7.78855531399995, 0.0 ], [ 113.218045979000067, -7.789119243999949, 0.0 ], [ 113.217846189000056, -7.789776453999934, 0.0 ], [ 113.217831766000018, -7.789823891999959, 0.0 ], [ 113.217819931, -7.789862825999933, 0.0 ], [ 113.217796136000061, -7.789963952999926, 0.0 ], [ 113.217516549000038, -7.790862200999925, 0.0 ], [ 113.217385464000017, -7.791352955999969, 0.0 ], [ 113.217364859000099, -7.791430096999932, 0.0 ], [ 113.217212573000097, -7.791982132999976, 0.0 ], [ 113.217157846000077, -7.792177248999963, 0.0 ], [ 113.217100738000113, -7.792374742999925, 0.0 ], [ 113.21706266700005, -7.792512751999936, 0.0 ], [ 113.217015078000031, -7.792700729999979, 0.0 ], [ 113.217014371, -7.792703275999941, 0.0 ], [ 113.216942043000017, -7.79296385899994, 0.0 ], [ 113.216923007000105, -7.793030481999949, 0.0 ], [ 113.216913490000024, -7.793111383999928, 0.0 ], [ 113.216894454000112, -7.793178007999927, 0.0 ], [ 113.21687066100003, -7.793239873999937, 0.0 ], [ 113.216865901, -7.793306498999925, 0.0 ], [ 113.216865901, -7.793335052999964, 0.0 ], [ 113.216865901, -7.793368365999982, 0.0 ], [ 113.216856383000049, -7.79343498999998, 0.0 ], [ 113.216775481000013, -7.793725284999937, 0.0 ], [ 113.216751688000045, -7.793844257999979, 0.0 ], [ 113.216751688000045, -7.793925158999969, 0.0 ], [ 113.216651749000107, -7.794220211999971, 0.0 ], [ 113.216616058000113, -7.794327287999977, 0.0 ], [ 113.216576795000037, -7.794473624999966, 0.0 ], [ 113.216569658000026, -7.794559285999981, 0.0 ], [ 113.216569658000026, -7.794612822999966, 0.0 ], [ 113.216566089000025, -7.794680637999932, 0.0 ], [ 113.216551812000034, -7.794762729999945, 0.0 ], [ 113.216537536000033, -7.79480912899993, 0.0 ], [ 113.216523259000041, -7.794866235999962, 0.0 ], [ 113.216459013000076, -7.795048264999934, 0.0 ], [ 113.216376922000109, -7.795265985999947, 0.0 ], [ 113.216337661000011, -7.795390907999945, 0.0 ], [ 113.216294830000038, -7.795512259999953, 0.0 ], [ 113.216267029000051, -7.795678467999949, 0.0 ], [ 113.216248734000033, -7.795787850999943, 0.0 ], [ 113.216233638000062, -7.795886100999951, 0.0 ], [ 113.216197381000029, -7.796122105999927, 0.0 ], [ 113.216131187000087, -7.796674666999934, 0.0 ], [ 113.215963434000059, -7.797691886999928, 0.0 ], [ 113.215820668000106, -7.798452124999926, 0.0 ], [ 113.215735008000024, -7.798991073999957, 0.0 ], [ 113.215702885000042, -7.799276607999957, 0.0 ], [ 113.215635070000076, -7.799826263999933, 0.0 ], [ 113.215595810000082, -7.800004722999972, 0.0 ], [ 113.215499440000031, -7.80027955099996, 0.0 ], [ 113.215410211000062, -7.800543670999957, 0.0 ], [ 113.215324551000094, -7.800861328999929, 0.0 ], [ 113.21519962900004, -7.801257508999981, 0.0 ], [ 113.215124675000084, -7.801418122999962, 0.0 ], [ 113.215071137000109, -7.801521629999968, 0.0 ], [ 113.215006892000019, -7.801610858999936, 0.0 ], [ 113.214946217000033, -7.801703657999951, 0.0 ], [ 113.214874832000078, -7.801839288999929, 0.0 ], [ 113.214814157000092, -7.80199276299993, 0.0 ], [ 113.214753478000034, -7.802071284999954, 0.0 ], [ 113.214678526000057, -7.802149806999978, 0.0 ], [ 113.21460357300009, -7.802239036999936, 0.0 ], [ 113.214535759000114, -7.802285436999966, 0.0 ], [ 113.214483943, -7.802342619999934, 0.0 ], [ 113.214286565000066, -7.802591155999949, 0.0 ], [ 113.214208934000112, -7.802649749999944, 0.0 ], [ 113.214176813000108, -7.802671165999925, 0.0 ], [ 113.214149833000079, -7.80270018899995, 0.0 ], [ 113.214188859000046, -7.802742550999938, 0.0 ], [ 113.214274518000025, -7.802792519999969, 0.0 ], [ 113.214363749000086, -7.802842488999943, 0.0 ], [ 113.214438702000052, -7.802881747999947, 0.0 ], [ 113.214513654000029, -7.80291030099994, 0.0 ], [ 113.214642146000074, -7.80294599299998, 0.0 ], [ 113.214738515000022, -7.802967407999972, 0.0 ], [ 113.214788483, -7.802988823999954, 0.0 ], [ 113.214817036000113, -7.803010238999946, 0.0 ], [ 113.214827745000093, -7.803067345999978, 0.0 ], [ 113.214806329000112, -7.803217251999968, 0.0 ], [ 113.214713531000029, -7.80353847899994, 0.0 ], [ 113.214699253000049, -7.80358130999997, 0.0 ], [ 113.214652259000104, -7.803593801999966, 0.0 ], [ 113.214601695000056, -7.803581903999941, 0.0 ], [ 113.214408365000054, -7.803507545999935, 0.0 ], [ 113.214369698000041, -7.803516468999931, 0.0 ], [ 113.214328057000102, -7.803531340999939, 0.0 ], [ 113.214327785000023, -7.803531464999935, 0.0 ], [ 113.214268571000048, -7.803558111999962, 0.0 ], [ 113.214226930000109, -7.803567034999958, 0.0 ], [ 113.214176366000061, -7.803567034999958, 0.0 ], [ 113.214099035000118, -7.803540263999935, 0.0 ], [ 113.214063341000042, -7.803534314999979, 0.0 ], [ 113.21399790800001, -7.803531340999939, 0.0 ], [ 113.213977087000103, -7.803540263999935, 0.0 ], [ 113.213882723000097, -7.803687542999967, 0.0 ], [ 113.213939999000104, -7.803719998999952, 0.0 ], [ 113.21405, -7.803779998999971, 0.0 ], [ 113.21447, -7.804060001999972, 0.0 ], [ 113.21484, -7.804310000999976, 0.0 ], [ 113.216180634000011, -7.805099004999931, 0.0 ], [ 113.216310369000098, -7.805175356999939, 0.0 ], [ 113.216391877000092, -7.805023800999948, 0.0 ], [ 113.216436829000031, -7.804905688999952, 0.0 ], [ 113.216466302000072, -7.804828252999926, 0.0 ], [ 113.216513231000022, -7.804704951999952, 0.0 ], [ 113.216572716000087, -7.804443212999956, 0.0 ], [ 113.216704291000042, -7.804100109999979, 0.0 ], [ 113.216820998000117, -7.803752342999928, 0.0 ], [ 113.216827856, -7.803731908999964, 0.0 ], [ 113.216858252000065, -7.803641332999973, 0.0 ], [ 113.216836836000084, -7.803565189999972, 0.0 ], [ 113.216834458000108, -7.803462872999944, 0.0 ], [ 113.216872529000057, -7.803339140999981, 0.0 ], [ 113.216946292000102, -7.80320113199997, 0.0 ], [ 113.217003400000067, -7.803082158999928, 0.0 ], [ 113.217048609000017, -7.802991739999925, 0.0 ], [ 113.217109488, -7.802869930999975, 0.0 ], [ 113.217131889000029, -7.802637199999936, 0.0 ], [ 113.2172, -7.802440001999969, 0.0 ], [ 113.217249880000054, -7.802280860999929, 0.0 ], [ 113.217315108000093, -7.801982847999966, 0.0 ], [ 113.217426943000078, -7.801590236999971, 0.0 ], [ 113.21744835800007, -7.801421295999944, 0.0 ], [ 113.217483148000042, -7.801283962999946, 0.0 ], [ 113.217516041000067, -7.801154126999961, 0.0 ], [ 113.217583988000115, -7.80088591699996, 0.0 ], [ 113.217688683, -7.800390988999936, 0.0 ], [ 113.217791, -7.799946029999944, 0.0 ], [ 113.217902835000018, -7.799496313999953, 0.0 ], [ 113.217936848000022, -7.799341774999959, 0.0 ], [ 113.218012291000036, -7.798999005999974, 0.0 ], [ 113.218062260000011, -7.798680156999978, 0.0 ], [ 113.218159315000094, -7.79828241499996, 0.0 ], [ 113.218183611000086, -7.798182848999943, 0.0 ], [ 113.218340656, -7.797552291999978, 0.0 ], [ 113.218338276000054, -7.79739524799993, 0.0 ], [ 113.218328758000098, -7.797345278999956, 0.0 ], [ 113.21841917800009, -7.797019292999948, 0.0 ], [ 113.218427829, -7.796984271999975, 0.0 ], [ 113.218448980000062, -7.796898630999976, 0.0 ], [ 113.218516737000073, -7.79662430299993, 0.0 ], [ 113.21855623600004, -7.796443875999955, 0.0 ], [ 113.21899595900004, -7.796569510999973, 0.0 ], [ 113.21907998000006, -7.796595512999943, 0.0 ], [ 113.219480484000087, -7.796719455999948, 0.0 ], [ 113.219820205000019, -7.796824590999961, 0.0 ], [ 113.220423637000067, -7.79700352499998, 0.0 ], [ 113.220834807000074, -7.797119642999974, 0.0 ], [ 113.220886203000077, -7.797011140999928, 0.0 ], [ 113.220947118000026, -7.796799842999974, 0.0 ], [ 113.220956295000065, -7.796646965999969, 0.0 ], [ 113.220956635000107, -7.796531439999967, 0.0 ], [ 113.220992803000058, -7.79638676899998, 0.0 ], [ 113.221027067000023, -7.796245903999932, 0.0 ], [ 113.221076561000018, -7.796097427999939, 0.0 ], [ 113.221103210000024, -7.795937525999932, 0.0 ], [ 113.221108634000075, -7.795903624999937, 0.0 ], [ 113.221119482000063, -7.795835831999966, 0.0 ], [ 113.221133667000117, -7.795747168999981, 0.0 ], [ 113.221209809000015, -7.79542737099996, 0.0 ], [ 113.221272628000065, -7.795206555999926, 0.0 ], [ 113.221301182000047, -7.795052368999961, 0.0 ], [ 113.221409686000015, -7.794565052999928, 0.0 ], [ 113.221491538, -7.794176726999979, 0.0 ], [ 113.221521996000092, -7.794051089999925, 0.0 ], [ 113.221074774000044, -7.793942825999977, 0.0 ], [ 113.221081706000064, -7.793903547999946, 0.0 ], [ 113.221092622000015, -7.793841698999927, 0.0 ], [ 113.220354989000043, -7.793663236999976, 0.0 ], [ 113.219887149000101, -7.793546616999947, 0.0 ], [ 113.219328846000053, -7.793407445999947, 0.0 ], [ 113.219286017000059, -7.79338860799993, 0.0 ], [ 113.219426404000046, -7.792860367999936, 0.0 ], [ 113.219514444000083, -7.792570072999979, 0.0 ], [ 113.219542212000079, -7.792454372999941, 0.0 ], [ 113.219657211000026, -7.791975209999976, 0.0 ], [ 113.219776185000114, -7.79145886699996, 0.0 ], [ 113.219814206000024, -7.791280857999936, 0.0 ], [ 113.219828534000044, -7.791213780999954, 0.0 ], [ 113.220085514000061, -7.790580843999976, 0.0 ], [ 113.220102171, -7.790490424999973, 0.0 ], [ 113.220152139000106, -7.790240580999978, 0.0 ], [ 113.220206868000105, -7.790104951999979, 0.0 ], [ 113.22024731800002, -7.789945527999976, 0.0 ], [ 113.220270566000067, -7.789885622999975, 0.0 ], [ 113.22030918300004, -7.789786103999973, 0.0 ], [ 113.220366291, -7.789590987999929, 0.0 ], [ 113.220392465000032, -7.789498188999971, 0.0 ], [ 113.220550201000037, -7.78910919599997, 0.0 ], [ 113.220673242000089, -7.788805767999975, 0.0 ], [ 113.220667226000046, -7.788772479999977, 0.0 ], [ 113.220652390000055, -7.788690387999964, 0.0 ], [ 113.220637549000116, -7.78860827099993, 0.0 ], [ 113.22067086200002, -7.788477402999945, 0.0 ], [ 113.220725092000066, -7.788377017999949, 0.0 ], [ 113.220782697000118, -7.788270388999933, 0.0 ], [ 113.220887394000101, -7.787804014999949, 0.0 ], [ 113.220895210000094, -7.787725996999939, 0.0 ], [ 113.220898926000018, -7.787688894999974, 0.0 ], [ 113.220911618000059, -7.787562211999955, 0.0 ], [ 113.220919998000113, -7.78747, 0.0 ], [ 113.220961049000039, -7.787226807999957, 0.0 ], [ 113.22099778300003, -7.787096712999926, 0.0 ], [ 113.221009557000116, -7.787055005999946, 0.0 ], [ 113.221018156000014, -7.78702455399997, 0.0 ], [ 113.221056229000055, -7.786881785999981, 0.0 ], [ 113.221070746, -7.786832293999964, 0.0 ], [ 113.221108576, -7.786703326999941, 0.0 ], [ 113.221172821000096, -7.786432067999954, 0.0 ], [ 113.221183319000033, -7.78637152999994, 0.0 ], [ 113.221203439000078, -7.786255511999968, 0.0 ], [ 113.221223575000067, -7.786139395999953, 0.0 ], [ 113.221244205000062, -7.786020421999979, 0.0 ], [ 113.221296554000105, -7.78581103099998, 0.0 ], [ 113.221310065000011, -7.785762834999957, 0.0 ], [ 113.221391284000106, -7.785473145999958, 0.0 ], [ 113.221405858000026, -7.785421159999942, 0.0 ], [ 113.221445661000075, -7.785176655999976, 0.0 ], [ 113.22145, -7.78515, 0.0 ], [ 113.221467874000041, -7.784937766999974, 0.0 ], [ 113.221465515000091, -7.784917302999929, 0.0 ], [ 113.221429999000065, -7.784609400999955, 0.0 ], [ 113.221429999000065, -7.784569998999928, 0.0 ], [ 113.221439321000048, -7.784390490999954, 0.0 ], [ 113.221440462000032, -7.784385529999952, 0.0 ], [ 113.22146043500004, -7.784298643999932, 0.0 ], [ 113.221486909000078, -7.784183477999932, 0.0 ], [ 113.221598934000099, -7.783977583999956, 0.0 ], [ 113.221603861000062, -7.783955761999948, 0.0 ], [ 113.221613561000026, -7.783912800999929, 0.0 ], [ 113.221665163000011, -7.783771355999932, 0.0 ], [ 113.221666553000091, -7.783767547999958, 0.0 ], [ 113.22170638700004, -7.783658357999968, 0.0 ], [ 113.221715338000081, -7.783633821999956, 0.0 ], [ 113.221746271000029, -7.783495812999945, 0.0 ], [ 113.221763604000103, -7.783331630999953, 0.0 ], [ 113.221765604000097, -7.783312684999942, 0.0 ], [ 113.221769605000077, -7.783229134999942, 0.0 ], [ 113.221772445000056, -7.783169826999938, 0.0 ], [ 113.22177006600009, -7.783115099999975, 0.0 ], [ 113.221772445000056, -7.783079407999935, 0.0 ], [ 113.221777203000102, -7.783027059999938, 0.0 ], [ 113.221793862000027, -7.782943777999947, 0.0 ], [ 113.221860000000106, -7.782933177999951, 0.0 ], [ 113.222198872000035, -7.782927228999938, 0.0 ], [ 113.222568666000029, -7.782911528999932, 0.0 ], [ 113.222829430000047, -7.782900458999961, 0.0 ], [ 113.223097673000098, -7.78287553499996, 0.0 ], [ 113.223501626000029, -7.782838, 0.0 ], [ 113.223626550000063, -7.782840974999942, 0.0 ], [ 113.223646148000057, -7.782939599999963, 0.0 ], [ 113.223659639000061, -7.78300748199996, 0.0 ], [ 113.223638447000098, -7.783453683999937, 0.0 ], [ 113.223708994000049, -7.783460900999955, 0.0 ], [ 113.223900187000027, -7.78348045499996, 0.0 ], [ 113.223895459, -7.783523014999957, 0.0 ], [ 113.223864495000043, -7.783801681999932, 0.0 ], [ 113.22394040800009, -7.783833884999979, 0.0 ], [ 113.223965936000013, -7.78384471499993, 0.0 ], [ 113.224158954000018, -7.783926601999951, 0.0 ], [ 113.224138132, -7.784137778999934, 0.0 ], [ 113.224126236000075, -7.784325162999949, 0.0 ], [ 113.224108390000083, -7.784366801999965, 0.0 ], [ 113.224095243000079, -7.784432534999951, 0.0 ], [ 113.224031056000058, -7.784753465999927, 0.0 ], [ 113.223869901000057, -7.78536859999997, 0.0 ], [ 113.223930540000083, -7.785385113999951, 0.0 ], [ 113.224221414000112, -7.785464328999979, 0.0 ], [ 113.225752337000017, -7.78570141299997, 0.0 ], [ 113.225745797000059, -7.78554911599997, 0.0 ], [ 113.225730000000112, -7.78517, 0.0 ], [ 113.225714451000044, -7.784942400999967, 0.0 ], [ 113.22561999800007, -7.78356, 0.0 ], [ 113.225590001000114, -7.78291, 0.0 ], [ 113.225590001000114, -7.78283, 0.0 ], [ 113.22574, -7.78283, 0.0 ], [ 113.22682, -7.782820000999948, 0.0 ], [ 113.227524830000107, -7.782869835999975, 0.0 ], [ 113.227605629000095, -7.782770692999975, 0.0 ], [ 113.227738444000011, -7.782646729999954, 0.0 ], [ 113.227784087000032, -7.782604129999982, 0.0 ], [ 113.228217379000057, -7.782622481999965, 0.0 ], [ 113.228182742000058, -7.78235233099997, 0.0 ], [ 113.228141099000027, -7.781647414999952, 0.0 ], [ 113.228133771000103, -7.781576711999946, 0.0 ], [ 113.228090537000071, -7.781159625999976, 0.0 ], [ 113.228071638000074, -7.780948375999969, 0.0 ], [ 113.228042486000049, -7.780622479999977, 0.0 ], [ 113.228036869000107, -7.780559694999965, 0.0 ], [ 113.228007256000069, -7.780228662999946, 0.0 ], [ 113.227999999000076, -7.77997, 0.0 ], [ 113.227988093000022, -7.779802406999977, 0.0 ], [ 113.227984286000037, -7.779623471999969, 0.0 ], [ 113.227969377000022, -7.779499230999932, 0.0 ], [ 113.227961444000016, -7.779433114999961, 0.0 ], [ 113.228086052000094, -7.779415030999928, 0.0 ], [ 113.228086044000065, -7.779414884999937, 0.0 ], [ 113.228082441000083, -7.779345285999966, 0.0 ], [ 113.228082373, -7.77934397599995, 0.0 ], [ 113.228080271000067, -7.779303383999945, 0.0 ], [ 113.228076075000104, -7.779222340999979, 0.0 ], [ 113.22807531, -7.779207554999971, 0.0 ], [ 113.228065886000081, -7.779025513999954, 0.0 ], [ 113.228054622000059, -7.778807979999954, 0.0 ], [ 113.228046264000113, -7.778646545999948, 0.0 ], [ 113.228024094000034, -7.778218348999928, 0.0 ], [ 113.228015373000062, -7.778049899999928, 0.0 ], [ 113.227999999000076, -7.77778, 0.0 ], [ 113.227994294000041, -7.777722945999926, 0.0 ], [ 113.22797, -7.777480001999947, 0.0 ], [ 113.227940000000103, -7.77727, 0.0 ], [ 113.227930827000023, -7.77714616399993, 0.0 ], [ 113.227921256000059, -7.777016942999978, 0.0 ], [ 113.22792, -7.777, 0.0 ], [ 113.22791136, -7.776896320999981, 0.0 ], [ 113.227910001000055, -7.77688, 0.0 ], [ 113.227897085000109, -7.776770208999949, 0.0 ], [ 113.227890001000105, -7.776709998999934, 0.0 ], [ 113.22788, -7.776540000999944, 0.0 ], [ 113.227870001000042, -7.77646, 0.0 ], [ 113.227863588000105, -7.77637236399994, 0.0 ], [ 113.227848572000084, -7.776167161999979, 0.0 ], [ 113.22784, -7.77605, 0.0 ], [ 113.227841224000031, -7.77591407999995, 0.0 ], [ 113.227843186000086, -7.775696471999936, 0.0 ], [ 113.227844534000042, -7.775546795999958, 0.0 ], [ 113.227846544000045, -7.775323496999931, 0.0 ], [ 113.227848045000087, -7.775156934999927, 0.0 ], [ 113.227851588000021, -7.774763776999976, 0.0 ], [ 113.227849358000071, -7.773404975999938, 0.0 ], [ 113.227848763000111, -7.773043036999979, 0.0 ], [ 113.22785293700008, -7.772736557999963, 0.0 ], [ 113.227855572000067, -7.772543098999961, 0.0 ], [ 113.227863838000076, -7.77193608999994, 0.0 ], [ 113.227868833000116, -7.771569420999981, 0.0 ], [ 113.227870416000087, -7.771453150999946, 0.0 ], [ 113.227872153000021, -7.771325704999981, 0.0 ], [ 113.227872920000095, -7.771269304999976, 0.0 ], [ 113.227918604000024, -7.771269304999976, 0.0 ], [ 113.22804201200006, -7.771279942999968, 0.0 ], [ 113.228139419000058, -7.771288339999955, 0.0 ], [ 113.228278209000109, -7.771311208999975, 0.0 ], [ 113.228474448000043, -7.771343543999933, 0.0 ], [ 113.228643865000095, -7.771406361999937, 0.0 ], [ 113.228705176000062, -7.771434229999954, 0.0 ], [ 113.228763143000037, -7.77146057899995, 0.0 ], [ 113.228811379000035, -7.771482503999948, 0.0 ], [ 113.228802946000087, -7.771555238999952, 0.0 ], [ 113.228797807000092, -7.771599564999974, 0.0 ], [ 113.228796149000118, -7.771613851999973, 0.0 ], [ 113.228797385, -7.77165952799993, 0.0 ], [ 113.228798054000094, -7.771684282999956, 0.0 ], [ 113.228897040000106, -7.771722353999962, 0.0 ], [ 113.228891329000021, -7.771827049999956, 0.0 ], [ 113.229173057000025, -7.77190128999996, 0.0 ], [ 113.229169998000089, -7.771980001999964, 0.0 ], [ 113.229169250000041, -7.77205928799998, 0.0 ], [ 113.229319632000056, -7.772072610999942, 0.0 ], [ 113.229431942000019, -7.772228704999975, 0.0 ], [ 113.22948524100002, -7.772352434999959, 0.0 ], [ 113.229519507000077, -7.772468552999953, 0.0 ], [ 113.229837402000044, -7.772487588999979, 0.0 ], [ 113.229824078000092, -7.77262464599994, 0.0 ], [ 113.229839305000041, -7.772662716999946, 0.0 ], [ 113.230039182000041, -7.772710305999965, 0.0 ], [ 113.229972556, -7.772841652999944, 0.0 ], [ 113.229898318000096, -7.773001185999931, 0.0 ], [ 113.229883088000065, -7.773033912999949, 0.0 ], [ 113.230048699, -7.773104346999958, 0.0 ], [ 113.230094385000029, -7.773028201999978, 0.0 ], [ 113.2301572020001, -7.773014877999969, 0.0 ], [ 113.230242864000047, -7.772997744999941, 0.0 ], [ 113.230334234000111, -7.772992033999969, 0.0 ], [ 113.230414184000097, -7.773005358999967, 0.0 ], [ 113.23044844900005, -7.772953962999964, 0.0 ], [ 113.23044844900005, -7.77290256699996, 0.0 ], [ 113.230452255000046, -7.772866398999952, 0.0 ], [ 113.230469388000074, -7.772809292999966, 0.0 ], [ 113.230505556000026, -7.772729341999934, 0.0 ], [ 113.230522688000065, -7.772592284999973, 0.0 ], [ 113.230541724000091, -7.77254088899997, 0.0 ], [ 113.230551241000057, -7.772506623999959, 0.0 ], [ 113.230547434000073, -7.77245903499994, 0.0 ], [ 113.23054038500004, -7.772393869999974, 0.0 ], [ 113.230533158000071, -7.772358224999948, 0.0 ], [ 113.230533158000071, -7.772342758999969, 0.0 ], [ 113.230524829000046, -7.77231420499993, 0.0 ], [ 113.230508174000079, -7.772244010999941, 0.0 ], [ 113.230492706000064, -7.772165488999974, 0.0 ], [ 113.230490326000108, -7.772091725999928, 0.0 ], [ 113.230508174000079, -7.772004874999936, 0.0 ], [ 113.230530778000116, -7.77181332899994, 0.0 ], [ 113.230560001000072, -7.771678239999972, 0.0 ], [ 113.230564213000093, -7.771658765999973, 0.0 ], [ 113.230610569000078, -7.771444472999974, 0.0 ], [ 113.230663870000058, -7.771261729999935, 0.0 ], [ 113.230679097, -7.771225561999927, 0.0 ], [ 113.230711458000087, -7.771183683999936, 0.0 ], [ 113.230743819000054, -7.771153226999957, 0.0 ], [ 113.23079331200006, -7.771088504999966, 0.0 ], [ 113.230850759000077, -7.77101470499997, 0.0 ], [ 113.230862501000047, -7.77098437199993, 0.0 ], [ 113.230846611000061, -7.770909569999958, 0.0 ], [ 113.230829480000011, -7.770835330999944, 0.0 ], [ 113.230831384000112, -7.770780126999966, 0.0 ], [ 113.230844708000063, -7.770734441999934, 0.0 ], [ 113.230901815000038, -7.77068875599997, 0.0 ], [ 113.230937983000103, -7.770660201999931, 0.0 ], [ 113.231004608000035, -7.770641166999951, 0.0 ], [ 113.231099786000073, -7.770627841999953, 0.0 ], [ 113.231208289000051, -7.770646876999933, 0.0 ], [ 113.231299661000094, -7.770696369999939, 0.0 ], [ 113.23136247900004, -7.770723019999934, 0.0 ], [ 113.231444333000013, -7.770762994999927, 0.0 ], [ 113.231513558000074, -7.77075328899997, 0.0 ], [ 113.231574474000013, -7.770727589999979, 0.0 ], [ 113.231653471000072, -7.770698084999935, 0.0 ], [ 113.23170867400006, -7.770671432999961, 0.0 ], [ 113.231737227000053, -7.77064573499996, 0.0 ], [ 113.231755312000018, -7.770599097999934, 0.0 ], [ 113.231754360000082, -7.770561977999932, 0.0 ], [ 113.231744842000012, -7.770522003999929, 0.0 ], [ 113.231718192000017, -7.770488690999969, 0.0 ], [ 113.231680121000068, -7.770434438999928, 0.0 ], [ 113.231658230000107, -7.770397321999951, 0.0 ], [ 113.231641098000068, -7.770311658999958, 0.0 ], [ 113.231659182000044, -7.770180312999969, 0.0 ], [ 113.231741035000027, -7.769910005999975, 0.0 ], [ 113.231759120000106, -7.76986717799997, 0.0 ], [ 113.231789576000097, -7.769813876999933, 0.0 ], [ 113.231815274000041, -7.769760575999953, 0.0 ], [ 113.231848587000059, -7.769718698999952, 0.0 ], [ 113.231896175000088, -7.769701565999981, 0.0 ], [ 113.231928537000044, -7.76972060199995, 0.0 ], [ 113.231949476000068, -7.769749153999953, 0.0 ], [ 113.231967560000044, -7.769776755999942, 0.0 ], [ 113.231989450000015, -7.769809116999966, 0.0 ], [ 113.232009438000091, -7.769849091999959, 0.0 ], [ 113.232033233000038, -7.769903342999953, 0.0 ], [ 113.232051318000117, -7.769938558999968, 0.0 ], [ 113.23207987, -7.76996711299995, 0.0 ], [ 113.232105568000065, -7.76997092199997, 0.0 ], [ 113.232145543000115, -7.769961401999979, 0.0 ], [ 113.232166483000015, -7.769928565999976, 0.0 ], [ 113.232182187000035, -7.769860036999944, 0.0 ], [ 113.232209313000112, -7.769822917999932, 0.0 ], [ 113.232225017000019, -7.769784371999947, 0.0 ], [ 113.232262137000021, -7.769744394999975, 0.0 ], [ 113.232281767000018, -7.769684414999972, 0.0 ], [ 113.232285337, -7.769622547999973, 0.0 ], [ 113.232284147000087, -7.769524988999933, 0.0 ], [ 113.232278198000017, -7.769447656999944, 0.0 ], [ 113.232278198000017, -7.76940482599997, 0.0 ], [ 113.232280578000086, -7.769345340999962, 0.0 ], [ 113.232287716000087, -7.769300131999955, 0.0 ], [ 113.232298424000078, -7.769262060999949, 0.0 ], [ 113.232322218000036, -7.769221607999953, 0.0 ], [ 113.23232526400011, -7.769206121999957, 0.0 ], [ 113.232336495000027, -7.769149035999931, 0.0 ], [ 113.232204435000085, -7.769120480999959, 0.0 ], [ 113.23214732800011, -7.769093117999944, 0.0 ], [ 113.232116395000048, -7.76906932199995, 0.0 ], [ 113.232092600000101, -7.76900388699994, 0.0 ], [ 113.232081385000015, -7.768895848999932, 0.0 ], [ 113.23213, -7.76875, 0.0 ], [ 113.232154466000111, -7.768646967999928, 0.0 ], [ 113.232162794000033, -7.768607707999934, 0.0 ], [ 113.232174692000058, -7.76859105099993, 0.0 ], [ 113.232213954000031, -7.76857558599994, 0.0 ], [ 113.232271061, -7.76856487699996, 0.0 ], [ 113.232306752000113, -7.768560117999925, 0.0 ], [ 113.232329357000026, -7.768544652999935, 0.0 ], [ 113.232424535000064, -7.768326930999933, 0.0 ], [ 113.232512934000056, -7.768088782999939, 0.0 ], [ 113.232519023, -7.768008043999941, 0.0 ], [ 113.232520903000022, -7.76798310099997, 0.0 ], [ 113.232475693000083, -7.767919566999979, 0.0 ], [ 113.232401454000069, -7.767881495999973, 0.0 ], [ 113.232205388000011, -7.767818677999969, 0.0 ], [ 113.232094560000064, -7.767758035999975, 0.0 ], [ 113.232003608000014, -7.767708270999947, 0.0 ], [ 113.231946502000028, -7.767630224999948, 0.0 ], [ 113.231934603000013, -7.767554033999943, 0.0 ], [ 113.23194245500008, -7.76752119799994, 0.0 ], [ 113.231967440000062, -7.767491929999949, 0.0 ], [ 113.232017409000036, -7.767447671999946, 0.0 ], [ 113.232071661000077, -7.767399844999943, 0.0 ], [ 113.232144473000062, -7.767354160999957, 0.0 ], [ 113.232198724000114, -7.767281347999926, 0.0 ], [ 113.232220853000058, -7.767261359999964, 0.0 ], [ 113.232242982000116, -7.767231378999952, 0.0 ], [ 113.232260114000042, -7.767197115999977, 0.0 ], [ 113.23228724, -7.767162850999966, 0.0 ], [ 113.232326501000102, -7.767115024999953, 0.0 ], [ 113.232385036000096, -7.766975826999953, 0.0 ], [ 113.232407165000041, -7.76688231199995, 0.0 ], [ 113.232398599000021, -7.766832343999965, 0.0 ], [ 113.232395030000021, -7.766794511999933, 0.0 ], [ 113.232387177000078, -7.766768097999943, 0.0 ], [ 113.232378610000069, -7.766733119999969, 0.0 ], [ 113.232388606000086, -7.766691716999958, 0.0 ], [ 113.232412108000062, -7.766668739999943, 0.0 ], [ 113.232452851000062, -7.766628900999933, 0.0 ], [ 113.232502104000105, -7.76659035199998, 0.0 ], [ 113.232579914000098, -7.76655037699993, 0.0 ], [ 113.232640590000074, -7.766508974999965, 0.0 ], [ 113.232685773000071, -7.76639804499996, 0.0 ], [ 113.232721108000078, -7.766468715999963, 0.0 ], [ 113.232727413000021, -7.766481325999962, 0.0 ], [ 113.233173563000037, -7.76660624799996, 0.0 ], [ 113.233674840000049, -7.766777355999977, 0.0 ], [ 113.233706302000087, -7.766781353999932, 0.0 ], [ 113.234799043000066, -7.767120853999927, 0.0 ], [ 113.234894003000022, -7.767150356999935, 0.0 ], [ 113.234894067000027, -7.767188402999977, 0.0 ], [ 113.235021891000088, -7.767279909999957, 0.0 ], [ 113.23501541600001, -7.767366032999973, 0.0 ], [ 113.234993335000013, -7.767659709999975, 0.0 ], [ 113.234957898000062, -7.767789335999964, 0.0 ], [ 113.234929701000056, -7.767892479999944, 0.0 ], [ 113.234813261000113, -7.76815896599993, 0.0 ], [ 113.234901775000026, -7.76819305999993, 0.0 ], [ 113.234948199000087, -7.768210941999939, 0.0 ], [ 113.23496039500003, -7.768242055999963, 0.0 ], [ 113.23497984100004, -7.768287500999975, 0.0 ], [ 113.235006548000115, -7.768335256999933, 0.0 ], [ 113.235035608000089, -7.768375771999956, 0.0 ], [ 113.235045388000117, -7.768402108999965, 0.0 ], [ 113.235043239000106, -7.76846203599996, 0.0 ], [ 113.235010308000028, -7.768593970999973, 0.0 ], [ 113.234953315000098, -7.768726031999961, 0.0 ], [ 113.234912417000032, -7.76882104699996, 0.0 ], [ 113.234878942000023, -7.768864149999956, 0.0 ], [ 113.234774455000093, -7.769023965999963, 0.0 ], [ 113.234717263000107, -7.769111442999929, 0.0 ], [ 113.234670843000117, -7.769193834999953, 0.0 ], [ 113.234650564000049, -7.769259279999972, 0.0 ], [ 113.234634224000047, -7.769348923999928, 0.0 ], [ 113.234595672000069, -7.769506011999965, 0.0 ], [ 113.234579273, -7.769584449999968, 0.0 ], [ 113.234533058000011, -7.769719798999972, 0.0 ], [ 113.234505043000013, -7.769806159999973, 0.0 ], [ 113.23449809400006, -7.769862949999947, 0.0 ], [ 113.234501108000018, -7.769881821999945, 0.0 ], [ 113.234501981000108, -7.769882934999941, 0.0 ], [ 113.234511341000029, -7.769894871999952, 0.0 ], [ 113.234533290000059, -7.769904877999977, 0.0 ], [ 113.234593240000095, -7.76992209499997, 0.0 ], [ 113.234854810000115, -7.76996725999993, 0.0 ], [ 113.234878215000094, -7.769970027999932, 0.0 ], [ 113.234894312000051, -7.769975726999974, 0.0 ], [ 113.23490450700001, -7.769981547999976, 0.0 ], [ 113.234898181000062, -7.770156087999965, 0.0 ], [ 113.234864537000021, -7.770477987999925, 0.0 ], [ 113.234782393000046, -7.770842406999975, 0.0 ], [ 113.234760707000078, -7.770938614999977, 0.0 ], [ 113.234668352000085, -7.771392945999935, 0.0 ], [ 113.234652903000097, -7.771467402999974, 0.0 ], [ 113.235373192000111, -7.771686105999947, 0.0 ], [ 113.235471270000062, -7.771468651999953, 0.0 ], [ 113.235581562000107, -7.771224114999939, 0.0 ], [ 113.23573620500008, -7.771214895999947, 0.0 ], [ 113.235772481000026, -7.771220940999967, 0.0 ], [ 113.235805652000067, -7.771233327999937, 0.0 ], [ 113.235834091000015, -7.771255137999958, 0.0 ], [ 113.23586732800004, -7.77128008699998, 0.0 ], [ 113.235892645000035, -7.771601674999943, 0.0 ], [ 113.235912614000085, -7.77183697199996, 0.0 ], [ 113.235913129000096, -7.771843039999965, 0.0 ], [ 113.235917518000065, -7.771923988999959, 0.0 ], [ 113.235917655000094, -7.771949743999926, 0.0 ], [ 113.235915795000096, -7.771965478999959, 0.0 ], [ 113.235900068000092, -7.771987340999942, 0.0 ], [ 113.23589825900001, -7.772026842999935, 0.0 ], [ 113.23588691000009, -7.772127575999946, 0.0 ], [ 113.235865382000043, -7.772182996999959, 0.0 ], [ 113.235828064000088, -7.772248350999973, 0.0 ], [ 113.235790620000103, -7.772290028999976, 0.0 ], [ 113.235762155000089, -7.772319639999978, 0.0 ], [ 113.235723427000039, -7.772358612999938, 0.0 ], [ 113.235684773000116, -7.77239749599994, 0.0 ], [ 113.235657808000042, -7.772442190999925, 0.0 ], [ 113.235646396000107, -7.772488791999933, 0.0 ], [ 113.23563303200001, -7.772533414999941, 0.0 ], [ 113.235621527000035, -7.77256248499998, 0.0 ], [ 113.235594429000116, -7.772581966999951, 0.0 ], [ 113.23556735000011, -7.77260533499998, 0.0 ], [ 113.23554803400009, -7.772626764999927, 0.0 ], [ 113.235536489000083, -7.772648152999977, 0.0 ], [ 113.235700189000113, -7.772740282999962, 0.0 ], [ 113.236114780000094, -7.772850430999938, 0.0 ], [ 113.236441730000024, -7.772935826999969, 0.0 ], [ 113.236472829000036, -7.772881439999935, 0.0 ], [ 113.236496828000099, -7.772869294999964, 0.0 ], [ 113.2368367790001, -7.772962585999949, 0.0 ], [ 113.237366313000052, -7.773107901999936, 0.0 ], [ 113.237331131000019, -7.773378929999978, 0.0 ], [ 113.237310575000038, -7.773462631999962, 0.0 ], [ 113.237291891000041, -7.773532948999957, 0.0 ], [ 113.237240987000064, -7.773643379999953, 0.0 ], [ 113.237076642000034, -7.773669278999932, 0.0 ], [ 113.236960345000057, -7.773708660999944, 0.0 ], [ 113.236909071000014, -7.773805808999953, 0.0 ], [ 113.236887690000117, -7.774269796999931, 0.0 ], [ 113.236849709000012, -7.774336962999939, 0.0 ], [ 113.236749546000055, -7.774544078999952, 0.0 ], [ 113.236749656000029, -7.774564863999956, 0.0 ], [ 113.236983335000104, -7.774676867999972, 0.0 ], [ 113.236823826000091, -7.775023197999928, 0.0 ], [ 113.236787151000044, -7.775097223999978, 0.0 ], [ 113.236782859000073, -7.775119206999932, 0.0 ], [ 113.236787415000094, -7.775147017999927, 0.0 ], [ 113.236802292000107, -7.775176309999949, 0.0 ], [ 113.236811211000031, -7.775195240999949, 0.0 ], [ 113.2368156980001, -7.77520994799994, 0.0 ], [ 113.236814317000039, -7.775217274999932, 0.0 ], [ 113.236798163000117, -7.775229017999948, 0.0 ], [ 113.236740955000073, -7.775249923999979, 0.0 ], [ 113.236707188000082, -7.775266187999932, 0.0 ], [ 113.236689653000099, -7.775285348999944, 0.0 ], [ 113.236641521000024, -7.775369105999971, 0.0 ], [ 113.236579604000099, -7.775474352999936, 0.0 ], [ 113.236521954000068, -7.775623497999959, 0.0 ], [ 113.236504179, -7.775696069999981, 0.0 ], [ 113.236473036, -7.775784435999981, 0.0 ], [ 113.236402181000017, -7.775980191999963, 0.0 ], [ 113.236374672000011, -7.776021003999972, 0.0 ], [ 113.236337325000022, -7.776066838999952, 0.0 ], [ 113.23628588300005, -7.776146274999974, 0.0 ], [ 113.236266853000075, -7.77617963199998, 0.0 ], [ 113.236247008000078, -7.776256370999931, 0.0 ], [ 113.236226276000025, -7.776349201999949, 0.0 ], [ 113.236214633000031, -7.776408455999956, 0.0 ], [ 113.236190992000047, -7.776516393999941, 0.0 ], [ 113.236153423000019, -7.77663335099993, 0.0 ], [ 113.236105128000077, -7.776770789999944, 0.0 ], [ 113.23607712, -7.77692899699997, 0.0 ], [ 113.236049052000112, -7.77707599799993, 0.0 ], [ 113.236028525000052, -7.777207415999953, 0.0 ], [ 113.235996511000053, -7.777441916999976, 0.0 ], [ 113.235970915000053, -7.777632192999931, 0.0 ], [ 113.235947427000042, -7.777811342999939, 0.0 ], [ 113.235947942000053, -7.777908578999927, 0.0 ], [ 113.235948422000092, -7.77799921899998, 0.0 ], [ 113.235947883000108, -7.778066638999974, 0.0 ], [ 113.235894717000065, -7.77821585099997, 0.0 ], [ 113.235873228000059, -7.778222109999945, 0.0 ], [ 113.235864897000056, -7.778222153999934, 0.0 ], [ 113.235842364000064, -7.778222271999937, 0.0 ], [ 113.235794596, -7.778219450999927, 0.0 ], [ 113.235737439000104, -7.77819363499998, 0.0 ], [ 113.235473634000073, -7.778136735999965, 0.0 ], [ 113.235310276000064, -7.778123769999979, 0.0 ], [ 113.234784407, -7.778141270999981, 0.0 ], [ 113.234737779000056, -7.778127960999939, 0.0 ], [ 113.234665814000095, -7.77808586499998, 0.0 ], [ 113.234613881000087, -7.778157621999981, 0.0 ], [ 113.234569606000036, -7.77822165799995, 0.0 ], [ 113.234539023000025, -7.778302971999949, 0.0 ], [ 113.234474237000086, -7.778515866999953, 0.0 ], [ 113.234451289000049, -7.778585483999962, 0.0 ], [ 113.234432077000065, -7.778612695999925, 0.0 ], [ 113.234346549000065, -7.778662579999946, 0.0 ], [ 113.234286663000034, -7.778700037999954, 0.0 ], [ 113.234271127000056, -7.778715663999947, 0.0 ], [ 113.234262853000018, -7.778733690999957, 0.0 ], [ 113.234254604000057, -7.778770786999928, 0.0 ], [ 113.234254877000012, -7.778822206999962, 0.0 ], [ 113.234250638000049, -7.77893907899994, 0.0 ], [ 113.234256986000105, -7.778994804999968, 0.0 ], [ 113.234257146, -7.779024897999932, 0.0 ], [ 113.234255762000089, -7.779045961999941, 0.0 ], [ 113.234242353000013, -7.779082180999978, 0.0 ], [ 113.234221508000019, -7.779139585999928, 0.0 ], [ 113.234110565000037, -7.779414266999936, 0.0 ], [ 113.234001895, -7.77968053099994, 0.0 ], [ 113.233954624000035, -7.77979997999995, 0.0 ], [ 113.233947665000073, -7.77984059399995, 0.0 ], [ 113.23395262400004, -7.779873914999939, 0.0 ], [ 113.233967137000036, -7.779904834999968, 0.0 ], [ 113.23399621100009, -7.77996197799996, 0.0 ], [ 113.234015544000044, -7.780000012999949, 0.0 ], [ 113.234032599000102, -7.780059567999956, 0.0 ], [ 113.234040266000079, -7.780152519999945, 0.0 ], [ 113.234042922000071, -7.780202571999951, 0.0 ], [ 113.234043175000011, -7.780250285999955, 0.0 ], [ 113.234038568000074, -7.780283657999973, 0.0 ], [ 113.234000077000019, -7.780409928999973, 0.0 ], [ 113.233996518000026, -7.780443384999955, 0.0 ], [ 113.233996646000037, -7.780467512999962, 0.0 ], [ 113.233998632000066, -7.780489824999961, 0.0 ], [ 113.234008046000099, -7.780517608999958, 0.0 ], [ 113.234019423000063, -7.780549178999934, 0.0 ], [ 113.234045736000098, -7.780578772999945, 0.0 ], [ 113.234088704000101, -7.780606380999927, 0.0 ], [ 113.234339034000072, -7.780686847999959, 0.0 ], [ 113.234578136000096, -7.780763669999942, 0.0 ], [ 113.234798564000016, -7.780828207999946, 0.0 ], [ 113.235073345000046, -7.78086878299996, 0.0 ], [ 113.235461389000079, -7.781030490999967, 0.0 ], [ 113.235867854000048, -7.781199149999964, 0.0 ], [ 113.236026886000104, -7.781241869999974, 0.0 ], [ 113.236213519000103, -7.781289053999956, 0.0 ], [ 113.236427825000078, -7.781340700999976, 0.0 ], [ 113.23653845900003, -7.781374548999963, 0.0 ], [ 113.23675981100007, -7.781458239999949, 0.0 ], [ 113.236939628000073, -7.781516845999931, 0.0 ], [ 113.237059527000042, -7.781564381999942, 0.0 ], [ 113.237107974000082, -7.781582470999979, 0.0 ], [ 113.237149411000019, -7.781589120999968, 0.0 ], [ 113.237195470000074, -7.781593486999952, 0.0 ], [ 113.237252118000015, -7.781607827999949, 0.0 ], [ 113.237334346000011, -7.78163520499993, 0.0 ], [ 113.237335217, -7.781635494999932, 0.0 ], [ 113.237336969000012, -7.781641630999957, 0.0 ], [ 113.237330911000072, -7.781654856999978, 0.0 ], [ 113.237313358000051, -7.781670764999944, 0.0 ], [ 113.237310545000014, -7.781672402999959, 0.0 ], [ 113.237273723000044, -7.781693837999967, 0.0 ], [ 113.237238534000085, -7.781709838999973, 0.0 ], [ 113.23719716700009, -7.781730299999936, 0.0 ], [ 113.237162861000115, -7.781757772999981, 0.0 ], [ 113.237090299000101, -7.781828915999938, 0.0 ], [ 113.23707041800003, -7.781856674999972, 0.0 ], [ 113.237060534000079, -7.781881126999963, 0.0 ], [ 113.237061878000077, -7.781923142999972, 0.0 ], [ 113.237069867000059, -7.781964038999945, 0.0 ], [ 113.237085448000016, -7.782007583999928, 0.0 ], [ 113.237121829000102, -7.782109261999949, 0.0 ], [ 113.237142691000031, -7.782167802999936, 0.0 ], [ 113.237153711000019, -7.782216545999972, 0.0 ], [ 113.237190973000111, -7.78236609399994, 0.0 ], [ 113.237225981000051, -7.782456912999976, 0.0 ], [ 113.237256047000074, -7.782531762999952, 0.0 ], [ 113.23725837500001, -7.782545776999939, 0.0 ], [ 113.237262377000093, -7.78256986599996, 0.0 ], [ 113.237290715000086, -7.782671112999935, 0.0 ], [ 113.237350211000035, -7.782757464999975, 0.0 ], [ 113.237350426000035, -7.782757748999927, 0.0 ], [ 113.237409592000063, -7.782836045999943, 0.0 ], [ 113.237445526000101, -7.782876070999976, 0.0 ], [ 113.237500087000058, -7.782947718999935, 0.0 ], [ 113.237522002000105, -7.783021616999974, 0.0 ], [ 113.237532099000077, -7.783093589999964, 0.0 ], [ 113.237528544000043, -7.783155873999931, 0.0 ], [ 113.23752541600004, -7.783165387999929, 0.0 ], [ 113.237503538000055, -7.783231917999956, 0.0 ], [ 113.237486183000101, -7.783270959999982, 0.0 ], [ 113.23743450500001, -7.783348228999955, 0.0 ], [ 113.237407085000086, -7.783377653999935, 0.0 ], [ 113.237362383000118, -7.783403644999964, 0.0 ], [ 113.237271013000054, -7.783423014999926, 0.0 ], [ 113.23717625300003, -7.783437250999953, 0.0 ], [ 113.236996936000082, -7.783445065999956, 0.0 ], [ 113.23693662900007, -7.783445383999947, 0.0 ], [ 113.236903822000045, -7.783445556999936, 0.0 ], [ 113.236888297000064, -7.783449072999929, 0.0 ], [ 113.236853919000055, -7.783462990999965, 0.0 ], [ 113.236812591000103, -7.783476944999961, 0.0 ], [ 113.23678510700006, -7.783494350999945, 0.0 ], [ 113.236761169000033, -7.783532252999976, 0.0 ], [ 113.236732028, -7.783575332999931, 0.0 ], [ 113.23671842400006, -7.783602967999968, 0.0 ], [ 113.23671686900002, -7.783633882999936, 0.0 ], [ 113.236748220000095, -7.783697338999957, 0.0 ], [ 113.236795562000111, -7.783774717999961, 0.0 ], [ 113.236802211000054, -7.78380251699997, 0.0 ], [ 113.2368123010001, -7.783845028999963, 0.0 ], [ 113.23682248700004, -7.783905523999977, 0.0 ], [ 113.236829298000089, -7.783949679999978, 0.0 ], [ 113.236822991000054, -7.784000501999969, 0.0 ], [ 113.236805123000067, -7.784041443999968, 0.0 ], [ 113.23678235400007, -7.784074367999949, 0.0 ], [ 113.236751238000011, -7.784097396999925, 0.0 ], [ 113.236713603000112, -7.784117205999962, 0.0 ], [ 113.236664316000088, -7.784124062999979, 0.0 ], [ 113.236578974000054, -7.784124512999938, 0.0 ], [ 113.236495201000025, -7.784124954999982, 0.0 ], [ 113.236424563000014, -7.784122073999981, 0.0 ], [ 113.236373672000013, -7.784122342999979, 0.0 ], [ 113.236321070000031, -7.784124246999966, 0.0 ], [ 113.236208383000076, -7.784379778999948, 0.0 ], [ 113.236179834000041, -7.784449966999944, 0.0 ], [ 113.236169643000039, -7.78448707299998, 0.0 ], [ 113.236165827000036, -7.78454267099994, 0.0 ], [ 113.236178910000035, -7.784670296999934, 0.0 ], [ 113.23620848600001, -7.784793768999975, 0.0 ], [ 113.236227476000067, -7.784865694999951, 0.0 ], [ 113.236221536000016, -7.784915158999979, 0.0 ], [ 113.236217633000024, -7.784954309999932, 0.0 ], [ 113.236217808000106, -7.784987294999951, 0.0 ], [ 113.236217950000082, -7.785014043999979, 0.0 ], [ 113.23622836100003, -7.785032514999955, 0.0 ], [ 113.23627177700007, -7.785074037999948, 0.0 ], [ 113.236281769000016, -7.785098113999936, 0.0 ], [ 113.236287259000051, -7.785118689999933, 0.0 ], [ 113.236287372000106, -7.785140106999961, 0.0 ], [ 113.236268052000014, -7.78521720599997, 0.0 ], [ 113.236250472000052, -7.785284353999941, 0.0 ], [ 113.236233286000015, -7.785327099999961, 0.0 ], [ 113.236215285000071, -7.785342918999959, 0.0 ], [ 113.236164531000099, -7.785369123999942, 0.0 ], [ 113.236130315000082, -7.785512270999959, 0.0 ], [ 113.236042143000077, -7.785937390999948, 0.0 ], [ 113.235937030000059, -7.786395133999974, 0.0 ], [ 113.235843529000022, -7.786647039999934, 0.0 ], [ 113.235640052, -7.787200552999934, 0.0 ], [ 113.235487077000016, -7.787652312999967, 0.0 ], [ 113.235482162000039, -7.787683607999952, 0.0 ], [ 113.235464971000056, -7.787753645999942, 0.0 ], [ 113.235437308000087, -7.787822021999943, 0.0 ], [ 113.235411225, -7.787878098999954, 0.0 ], [ 113.235395735000111, -7.787930595999967, 0.0 ], [ 113.236415440000087, -7.788206360999936, 0.0 ], [ 113.236301594000111, -7.788694242999952, 0.0 ], [ 113.236622449000038, -7.788811477999957, 0.0 ], [ 113.23665457300001, -7.78883742599993, 0.0 ], [ 113.236654742000042, -7.78886932599994, 0.0 ], [ 113.236626813000044, -7.789098654999975, 0.0 ], [ 113.236759697000025, -7.78913001799998, 0.0 ], [ 113.237034527000105, -7.789194881999947, 0.0 ], [ 113.23720395600003, -7.789234869999973, 0.0 ], [ 113.237185103000115, -7.789655853999932, 0.0 ], [ 113.23717522700008, -7.789876385999946, 0.0 ], [ 113.237099434000015, -7.790395987999943, 0.0 ], [ 113.237092590000088, -7.790442907999932, 0.0 ], [ 113.237081460000013, -7.790542554999945, 0.0 ], [ 113.237090024000054, -7.790565012999934, 0.0 ], [ 113.237113266000051, -7.790574361999973, 0.0 ], [ 113.237138281000057, -7.790584423999974, 0.0 ], [ 113.237152336, -7.79059007799998, 0.0 ], [ 113.237248591000025, -7.790617764999979, 0.0 ], [ 113.237285463000035, -7.79063727099998, 0.0 ], [ 113.23730828600003, -7.790670949999935, 0.0 ], [ 113.237336909000078, -7.790741197999978, 0.0 ], [ 113.237394229000074, -7.790895880999926, 0.0 ], [ 113.237451579000094, -7.791042069999946, 0.0 ], [ 113.237488676000112, -7.791103777999979, 0.0 ], [ 113.237537102000033, -7.791174011999942, 0.0 ], [ 113.237607794000041, -7.791271239999958, 0.0 ], [ 113.237653349000084, -7.791335523999976, 0.0 ], [ 113.237669210000035, -7.791366798999945, 0.0 ], [ 113.237677483000084, -7.791447004999952, 0.0 ], [ 113.237679945000082, -7.791544772999941, 0.0 ], [ 113.237686182000061, -7.791607367999973, 0.0 ], [ 113.237762190000012, -7.791861360999974, 0.0 ], [ 113.237786367000012, -7.791907368999944, 0.0 ], [ 113.237849993000054, -7.792028444999971, 0.0 ], [ 113.237914545000081, -7.79210934799994, 0.0 ], [ 113.237975676000019, -7.792193611999949, 0.0 ], [ 113.238000176000014, -7.792233245999967, 0.0 ], [ 113.238071226000102, -7.792440090999946, 0.0 ], [ 113.238146573000108, -7.792667970999958, 0.0 ], [ 113.238333437000051, -7.793207853999945, 0.0 ], [ 113.238380522000057, -7.793363043999932, 0.0 ], [ 113.238442683000017, -7.793472153999971, 0.0 ], [ 113.238469926000107, -7.793521894999969, 0.0 ], [ 113.238504139000042, -7.793589311999938, 0.0 ], [ 113.238523842000063, -7.793654455999956, 0.0 ], [ 113.238853847000087, -7.793734857999937, 0.0 ], [ 113.239251864000039, -7.793872105999981, 0.0 ], [ 113.239588830000116, -7.794024586999967, 0.0 ], [ 113.239609625000071, -7.794028272999981, 0.0 ], [ 113.239624682000112, -7.794020691999947, 0.0 ], [ 113.239714361000097, -7.793837667999981, 0.0 ], [ 113.239761021000049, -7.793730150999977, 0.0 ], [ 113.239784943000018, -7.793618957999968, 0.0 ], [ 113.239795922000098, -7.793547416999957, 0.0 ], [ 113.240073849000055, -7.79360197699998, 0.0 ], [ 113.240180010000017, -7.793454652999969, 0.0 ], [ 113.240191880000111, -7.793452149999951, 0.0 ], [ 113.240413592000095, -7.793574151999962, 0.0 ], [ 113.240704319000088, -7.793744860999936, 0.0 ], [ 113.240909061000025, -7.793753175999939, 0.0 ], [ 113.241097485000068, -7.793770975999962, 0.0 ], [ 113.24122241300006, -7.793807818999937, 0.0 ], [ 113.241465380000022, -7.793921393999938, 0.0 ], [ 113.241550363000101, -7.793965496999931, 0.0 ], [ 113.241791143000114, -7.794075287999931, 0.0 ], [ 113.241844489000073, -7.794100580999952, 0.0 ], [ 113.241877628000111, -7.794120557999975, 0.0 ], [ 113.242046682000023, -7.794219883999972, 0.0 ], [ 113.242354621000118, -7.794408754999949, 0.0 ], [ 113.242434709, -7.794459932999928, 0.0 ], [ 113.242490079000049, -7.79451449499993, 0.0 ], [ 113.242498174000048, -7.794546984999954, 0.0 ], [ 113.242483136000033, -7.794824503999962, 0.0 ], [ 113.242480431000104, -7.794850001999976, 0.0 ], [ 113.242233253000109, -7.794815976999928, 0.0 ], [ 113.242217709000101, -7.794830156999978, 0.0 ], [ 113.241959817000065, -7.79534328799997, 0.0 ], [ 113.241919466000013, -7.795423574999973, 0.0 ], [ 113.241880450000053, -7.795492914999954, 0.0 ], [ 113.241738936000047, -7.795723748999933, 0.0 ], [ 113.241700864000109, -7.795787842999971, 0.0 ], [ 113.241667627000083, -7.795875859999967, 0.0 ], [ 113.241617160000033, -7.796026322999978, 0.0 ], [ 113.241583130000095, -7.796175886999947, 0.0 ], [ 113.241498425000032, -7.796268332999944, 0.0 ], [ 113.241463153000041, -7.796310993999953, 0.0 ], [ 113.241365435000034, -7.796626272999958, 0.0 ], [ 113.241330708000078, -7.796771411999941, 0.0 ], [ 113.241299532000085, -7.796909482999979, 0.0 ], [ 113.241299946000026, -7.796987289999947, 0.0 ], [ 113.241303647000109, -7.797022695999942, 0.0 ], [ 113.241335802000094, -7.797054335999974, 0.0 ], [ 113.241389181000045, -7.797085863999939, 0.0 ], [ 113.241417711000054, -7.797110474999954, 0.0 ], [ 113.241431986000066, -7.797124586999928, 0.0 ], [ 113.24126822300002, -7.797359695999944, 0.0 ], [ 113.241194406000091, -7.797461753999926, 0.0 ], [ 113.241094986, -7.797626032999972, 0.0 ], [ 113.241016020000075, -7.797743661999959, 0.0 ], [ 113.240947772000027, -7.797840617999952, 0.0 ], [ 113.240941698000029, -7.797849246999931, 0.0 ], [ 113.240910438000014, -7.797929661999945, 0.0 ], [ 113.240901011, -7.79799785199998, 0.0 ], [ 113.24091368400002, -7.798090233999972, 0.0 ], [ 113.240958078000062, -7.798160578999955, 0.0 ], [ 113.241060974000106, -7.798228173999973, 0.0 ], [ 113.241230531000042, -7.798295234999955, 0.0 ], [ 113.241284103000112, -7.79830678999997, 0.0 ], [ 113.241347329000064, -7.798334921999981, 0.0 ], [ 113.241398654000022, -7.79835959199994, 0.0 ], [ 113.241433250000114, -7.798386610999955, 0.0 ], [ 113.241452421000076, -7.798407835999967, 0.0 ], [ 113.241459760000112, -7.798438703999977, 0.0 ], [ 113.241458829000067, -7.798488503999977, 0.0 ], [ 113.241415357000051, -7.798619229999929, 0.0 ], [ 113.241378912000073, -7.798680151999974, 0.0 ], [ 113.241347683000072, -7.798724237999977, 0.0 ], [ 113.241305759000056, -7.798752745999934, 0.0 ], [ 113.241193625000051, -7.798788945999945, 0.0 ], [ 113.24109175000001, -7.798800961999973, 0.0 ], [ 113.240961184000071, -7.798828132999972, 0.0 ], [ 113.240926176000016, -7.798850367999933, 0.0 ], [ 113.240899614000114, -7.79887255999995, 0.0 ], [ 113.240882249000038, -7.798909612999978, 0.0 ], [ 113.240875919000018, -7.798942, 0.0 ], [ 113.240880331000085, -7.799026653999931, 0.0 ], [ 113.240925193000066, -7.799100700999929, 0.0 ], [ 113.240963359000034, -7.79913836399993, 0.0 ], [ 113.241017211000099, -7.799174588999961, 0.0 ], [ 113.241067171000054, -7.79920956899997, 0.0 ], [ 113.241106572000035, -7.799240628999939, 0.0 ], [ 113.241142102000026, -7.799274329999946, 0.0 ], [ 113.241157969000028, -7.799306869999953, 0.0 ], [ 113.241166327000087, -7.799360595999929, 0.0 ], [ 113.241164997000055, -7.799419705999981, 0.0 ], [ 113.241157231000102, -7.799505056999976, 0.0 ], [ 113.241142862000061, -7.799585562999937, 0.0 ], [ 113.241125104000048, -7.799661206999929, 0.0 ], [ 113.241110394000088, -7.799677641999949, 0.0 ], [ 113.240894526000034, -7.799657457999956, 0.0 ], [ 113.240708166000104, -7.799620759999925, 0.0 ], [ 113.240420813000014, -7.799481122999964, 0.0 ], [ 113.240384471000084, -7.799463240999955, 0.0 ], [ 113.240343738000092, -7.799547139999959, 0.0 ], [ 113.24029706500005, -7.799527251999962, 0.0 ], [ 113.240206737000108, -7.799488762999943, 0.0 ], [ 113.239859954000053, -7.799346275999937, 0.0 ], [ 113.239827504, -7.799188930999946, 0.0 ], [ 113.239717857000073, -7.799172882999926, 0.0 ], [ 113.239594542000077, -7.799158443999943, 0.0 ], [ 113.239389375000087, -7.798958273999972, 0.0 ], [ 113.239299315000039, -7.798915462999958, 0.0 ], [ 113.239300072000106, -7.798875152999926, 0.0 ], [ 113.239315463000025, -7.798663512999951, 0.0 ], [ 113.239434771000106, -7.798374416999934, 0.0 ], [ 113.239268023000022, -7.798231247999979, 0.0 ], [ 113.239256779000016, -7.798210793999942, 0.0 ], [ 113.239275475000113, -7.798142825999946, 0.0 ], [ 113.239230957000018, -7.798119383999961, 0.0 ], [ 113.239222901000062, -7.798094122999942, 0.0 ], [ 113.239220979000038, -7.798027890999947, 0.0 ], [ 113.239225848000046, -7.797945717999937, 0.0 ], [ 113.239212113, -7.797920667999961, 0.0 ], [ 113.2391692220001, -7.79789378299995, 0.0 ], [ 113.239126377000048, -7.797875573999931, 0.0 ], [ 113.239099107000015, -7.797863156999938, 0.0 ], [ 113.239085444000011, -7.797851661999971, 0.0 ], [ 113.239079522000111, -7.797834251999973, 0.0 ], [ 113.239079239000034, -7.797781024999949, 0.0 ], [ 113.239092326000105, -7.797684167999932, 0.0 ], [ 113.239091169000062, -7.797649290999971, 0.0 ], [ 113.239089143000115, -7.797633847999975, 0.0 ], [ 113.239080317000116, -7.797618350999926, 0.0 ], [ 113.23906377000003, -7.797612654999966, 0.0 ], [ 113.239028551000047, -7.79759503799994, 0.0 ], [ 113.238962384000047, -7.797576048999929, 0.0 ], [ 113.238937099000054, -7.797571301999938, 0.0 ], [ 113.238910842000109, -7.797566651999944, 0.0 ], [ 113.238861248000035, -7.797558147999951, 0.0 ], [ 113.238812646000042, -7.79755361499997, 0.0 ], [ 113.238769883000032, -7.797550949999959, 0.0 ], [ 113.238732975000062, -7.797553042999937, 0.0 ], [ 113.238633168000092, -7.797588453999936, 0.0 ], [ 113.238544965000074, -7.797627598999952, 0.0 ], [ 113.23850617100004, -7.797640365999939, 0.0 ], [ 113.238461516000029, -7.797647379999944, 0.0 ], [ 113.238410976000068, -7.797643760999961, 0.0 ], [ 113.238338970000086, -7.797622904999969, 0.0 ], [ 113.238113530000078, -7.797559210999964, 0.0 ], [ 113.23808826000004, -7.797557446999974, 0.0 ], [ 113.238074679000079, -7.797561404999954, 0.0 ], [ 113.23806211100009, -7.797573037999939, 0.0 ], [ 113.238042840000048, -7.797603143999936, 0.0 ], [ 113.238012996000066, -7.797654631999933, 0.0 ], [ 113.237989808000066, -7.79767897399995, 0.0 ], [ 113.237971431, -7.79769452499994, 0.0 ], [ 113.237939396000115, -7.797699573999978, 0.0 ], [ 113.237659450000024, -7.797659392999947, 0.0 ], [ 113.237590541000031, -7.797658853999963, 0.0 ], [ 113.23751100700008, -7.797669847999941, 0.0 ], [ 113.237479923000024, -7.797671005999973, 0.0 ], [ 113.237461464000035, -7.79767110399996, 0.0 ], [ 113.237435171000016, -7.797659675999967, 0.0 ], [ 113.237398047000056, -7.797621102999926, 0.0 ], [ 113.237380498000107, -7.797609627999975, 0.0 ], [ 113.23736589400005, -7.797603830999947, 0.0 ], [ 113.237348397, -7.797602025999936, 0.0 ], [ 113.237314408000088, -7.797605096999973, 0.0 ], [ 113.237246489000086, -7.797621903999925, 0.0 ], [ 113.237079744000084, -7.797676013999933, 0.0 ], [ 113.237053533000108, -7.797680037999953, 0.0 ], [ 113.236878709000052, -7.797690631999956, 0.0 ], [ 113.236738189000107, -7.797701224999969, 0.0 ], [ 113.236682812000026, -7.79770151799994, 0.0 ], [ 113.236651718000076, -7.797700687999964, 0.0 ], [ 113.236606110000025, -7.797697042999971, 0.0 ], [ 113.236574009000037, -7.797689530999946, 0.0 ], [ 113.236525365000034, -7.797677135999947, 0.0 ], [ 113.236473869000065, -7.79767650499997, 0.0 ], [ 113.236203782000075, -7.797663381999939, 0.0 ], [ 113.235971364000079, -7.797594662999927, 0.0 ], [ 113.235907104000034, -7.797568884999976, 0.0 ], [ 113.235875969000062, -7.797560282999939, 0.0 ], [ 113.235862342000019, -7.797555565999971, 0.0 ], [ 113.235851655000033, -7.797555621999948, 0.0 ], [ 113.2358400170001, -7.797559478999972, 0.0 ], [ 113.23582452900007, -7.797570224999959, 0.0 ], [ 113.235818767000069, -7.797582816999977, 0.0 ], [ 113.235813051000036, -7.797604174999947, 0.0 ], [ 113.235815231000061, -7.797648715999969, 0.0 ], [ 113.235815159000026, -7.797818071999927, 0.0 ], [ 113.235815934000016, -7.798020409999936, 0.0 ], [ 113.235739115000115, -7.798373804999926, 0.0 ], [ 113.235729459000027, -7.798413077999953, 0.0 ], [ 113.235743717000105, -7.798775751999926, 0.0 ], [ 113.235742461000086, -7.799003674999938, 0.0 ], [ 113.235720576000062, -7.799259270999926, 0.0 ], [ 113.235710214000051, -7.799475221999955, 0.0 ], [ 113.235697841000047, -7.79966434399995, 0.0 ], [ 113.235677284000076, -7.799761872999966, 0.0 ], [ 113.235687385, -7.79991879499994, 0.0 ], [ 113.235684175000074, -7.800003850999929, 0.0 ], [ 113.235661396000069, -7.800161487999958, 0.0 ], [ 113.23562761900007, -7.800302916999954, 0.0 ], [ 113.235586507000107, -7.800428026999953, 0.0 ], [ 113.235579296000083, -7.800435294999943, 0.0 ], [ 113.23556114500002, -7.800437197999941, 0.0 ], [ 113.235426498000038, -7.800399863999928, 0.0 ], [ 113.23543437100011, -7.800587612999948, 0.0 ], [ 113.235444729000051, -7.800821077999956, 0.0 ], [ 113.235299266000084, -7.800801964999948, 0.0 ], [ 113.235228409000115, -7.800800531999926, 0.0 ], [ 113.235206597000115, -7.800802454999939, 0.0 ], [ 113.235206645000062, -7.80081149199998, 0.0 ], [ 113.235210364000068, -7.800822315999937, 0.0 ], [ 113.235212215000047, -7.800833150999949, 0.0 ], [ 113.235219974000074, -7.800929083999961, 0.0 ], [ 113.235209686000076, -7.801032342999974, 0.0 ], [ 113.235206543000118, -7.801130050999973, 0.0 ], [ 113.235236644000111, -7.801337745999945, 0.0 ], [ 113.235246004000032, -7.801397431999931, 0.0 ], [ 113.235248046000038, -7.801430044999961, 0.0 ], [ 113.235248180000099, -7.801455347999934, 0.0 ], [ 113.235239227000079, -7.801486211999929, 0.0 ], [ 113.235214077000023, -7.80153523599995, 0.0 ], [ 113.235154563000037, -7.801615166999966, 0.0 ], [ 113.235131130000013, -7.801649722999969, 0.0 ], [ 113.235120334000044, -7.801671468999928, 0.0 ], [ 113.235115004000022, -7.801695083999959, 0.0 ], [ 113.235120594000023, -7.801720357999955, 0.0 ], [ 113.235157223000101, -7.801778092999939, 0.0 ], [ 113.235204858000088, -7.801853842999947, 0.0 ], [ 113.235214130000031, -7.801882802999955, 0.0 ], [ 113.235214216000031, -7.801899069999934, 0.0 ], [ 113.235214351000081, -7.801924462999978, 0.0 ], [ 113.235209088000033, -7.801960639999947, 0.0 ], [ 113.235191168000028, -7.802006009999957, 0.0 ], [ 113.23516564900001, -7.802041931999952, 0.0 ], [ 113.235156590000088, -7.802052824999976, 0.0 ], [ 113.235145782000018, -7.802058303999956, 0.0 ], [ 113.235129444000108, -7.802063812999961, 0.0 ], [ 113.235113106000085, -7.802069320999976, 0.0 ], [ 113.235089538000011, -7.802078482999946, 0.0 ], [ 113.235060535000116, -7.802091378999933, 0.0 ], [ 113.235038751000047, -7.802098722999972, 0.0 ], [ 113.235020638000037, -7.802107855999964, 0.0 ], [ 113.235011663000023, -7.802120555999977, 0.0 ], [ 113.235011759000031, -7.802138628999955, 0.0 ], [ 113.23501542300005, -7.802153159999932, 0.0 ], [ 113.235039212000061, -7.80218556799997, 0.0 ], [ 113.235084968000024, -7.802245060999951, 0.0 ], [ 113.235107136000011, -7.802310191999936, 0.0 ], [ 113.2351241, -7.802422343999979, 0.0 ], [ 113.235119677000057, -7.802616755999964, 0.0 ], [ 113.235131891000037, -7.802721340999938, 0.0 ], [ 113.235123865000105, -7.802856488999964, 0.0 ], [ 113.235124004000113, -7.802882604999979, 0.0 ], [ 113.235129903000029, -7.80289567799997, 0.0 ], [ 113.235138670000083, -7.802899968999952, 0.0 ], [ 113.235150351000016, -7.802904244999979, 0.0 ], [ 113.23517081600005, -7.802915794999933, 0.0 ], [ 113.235191311000108, -7.80293312799995, 0.0 ], [ 113.23520609000002, -7.802957721999974, 0.0 ], [ 113.235214972000108, -7.802983791999964, 0.0 ], [ 113.235215188000097, -7.803024457999925, 0.0 ], [ 113.235203519000038, -7.80306464399996, 0.0 ], [ 113.235183227000107, -7.803099634999967, 0.0 ], [ 113.235158652000109, -7.803130309999972, 0.0 ], [ 113.235131142000114, -7.80317112299997, 0.0 ], [ 113.235121202000073, -7.803213287999938, 0.0 ], [ 113.235121295000113, -7.803230729999939, 0.0 ], [ 113.235125684000081, -7.803240917999972, 0.0 ], [ 113.23513153600004, -7.803245224999955, 0.0 ], [ 113.235144743000092, -7.803255276999948, 0.0 ], [ 113.235157876000017, -7.803265419999946, 0.0 ], [ 113.235193044000084, -7.803301562999934, 0.0 ], [ 113.235200484000075, -7.803323302999956, 0.0 ], [ 113.235200592000069, -7.803343635999965, 0.0 ], [ 113.235196260000066, -7.803358208999953, 0.0 ], [ 113.235181779000072, -7.803375726999946, 0.0 ], [ 113.235161446, -7.80338884799994, 0.0 ], [ 113.235149834000026, -7.803397674999928, 0.0 ], [ 113.235141167000052, -7.803412179999953, 0.0 ], [ 113.235131127000045, -7.803435548999971, 0.0 ], [ 113.235128321000047, -7.803455897999982, 0.0 ], [ 113.235153521000029, -7.803542881999931, 0.0 ], [ 113.235156513000106, -7.803557415999933, 0.0 ], [ 113.235159497000041, -7.803570503999936, 0.0 ], [ 113.235158138000088, -7.803582078999966, 0.0 ], [ 113.235149495000087, -7.803601011999945, 0.0 ], [ 113.235140805000015, -7.803611269999976, 0.0 ], [ 113.235126270000023, -7.803618576999952, 0.0 ], [ 113.235110272000043, -7.803631764999977, 0.0 ], [ 113.235104489000037, -7.803640470999937, 0.0 ], [ 113.235104597000031, -7.803660803999946, 0.0 ], [ 113.235126369000113, -7.803749704999973, 0.0 ], [ 113.235149465000063, -7.803848629999948, 0.0 ], [ 113.235149774000092, -7.803906736999977, 0.0 ], [ 113.235145851000084, -7.803927903999977, 0.0 ], [ 113.235140661000059, -7.803935793999926, 0.0 ], [ 113.235128739000061, -7.80394245399998, 0.0 ], [ 113.235112835000109, -7.80394524899998, 0.0 ], [ 113.235085041000048, -7.80394666199993, 0.0 ], [ 113.235066432000053, -7.803946759999974, 0.0 ], [ 113.235053218000076, -7.803949450999937, 0.0 ], [ 113.235045331000038, -7.803956179999943, 0.0 ], [ 113.235040067000114, -7.80396406999995, 0.0 ], [ 113.23503886200001, -7.80399046499997, 0.0 ], [ 113.2350389610001, -7.804008989999943, 0.0 ], [ 113.23504171400009, -7.804020904999959, 0.0 ], [ 113.235059198000044, -7.804076209999948, 0.0 ], [ 113.235073947000046, -7.804109207999943, 0.0 ], [ 113.235086037000087, -7.80413417699998, 0.0 ], [ 113.235098053000115, -7.804159235999975, 0.0 ], [ 113.23512087600011, -7.804206650999959, 0.0 ], [ 113.235200794000093, -7.804309883999963, 0.0 ], [ 113.235216801000092, -7.804326518999972, 0.0 ], [ 113.235224319000054, -7.804334792999953, 0.0 ], [ 113.235235279000108, -7.804343862999929, 0.0 ], [ 113.235247883000056, -7.804353013999958, 0.0 ], [ 113.235257933000071, -7.804359647999945, 0.0 ], [ 113.235268062000046, -7.804367094999975, 0.0 ], [ 113.235281475000079, -7.804373711999972, 0.0 ], [ 113.235293243000115, -7.804380246999926, 0.0 ], [ 113.235306670000114, -7.804389393999941, 0.0 ], [ 113.235316724000086, -7.804396840999971, 0.0 ], [ 113.235342052000078, -7.804437554999936, 0.0 ], [ 113.235352252000098, -7.804458376999946, 0.0 ], [ 113.235362355, -7.804474951999964, 0.0 ], [ 113.235369051000021, -7.804483320999964, 0.0 ], [ 113.235375794000106, -7.804486538999981, 0.0 ], [ 113.235385817000065, -7.804488202999948, 0.0 ], [ 113.235395093000079, -7.804489780999972, 0.0 ], [ 113.235405947000118, -7.804493066999953, 0.0 ], [ 113.235418516000095, -7.80449553099993, 0.0 ], [ 113.235429432000046, -7.804496286999949, 0.0 ], [ 113.235447003000104, -7.804497910999942, 0.0 ], [ 113.23546121600009, -7.804500275999942, 0.0 ], [ 113.235477961000015, -7.804501090999963, 0.0 ], [ 113.235489703000098, -7.804502654999965, 0.0 ], [ 113.235499740000023, -7.804506758999935, 0.0 ], [ 113.235508141000082, -7.804512588999955, 0.0 ], [ 113.23551072600003, -7.804520889999935, 0.0 ], [ 113.235514169000112, -7.804535872999963, 0.0 ], [ 113.235513586000025, -7.804580880999936, 0.0 ], [ 113.235508777000064, -7.804716643999939, 0.0 ], [ 113.235515902000088, -7.804763418999926, 0.0 ], [ 113.235523983, -7.804793378999932, 0.0 ], [ 113.235539472000028, -7.80482492699997, 0.0 ], [ 113.23556669900006, -7.804871595999941, 0.0 ], [ 113.235609795000073, -7.804936705999978, 0.0 ], [ 113.235618499000111, -7.804943256999934, 0.0 ], [ 113.23562990500011, -7.804951872999936, 0.0 ], [ 113.235643641000024, -7.804963095999938, 0.0 ], [ 113.235671416000059, -7.804986174999954, 0.0 ], [ 113.235698687000081, -7.805026878999968, 0.0 ], [ 113.235706313000037, -7.80504138799995, 0.0 ], [ 113.235736491000011, -7.805193051999936, 0.0 ], [ 113.235752480000087, -7.805220349999956, 0.0 ], [ 113.235757981, -7.805228815999953, 0.0 ], [ 113.235767212000042, -7.805236086999969, 0.0 ], [ 113.235775751, -7.805239746999973, 0.0 ], [ 113.2357911040001, -7.805245720999949, 0.0 ], [ 113.235807578000049, -7.805251688999931, 0.0 ], [ 113.235830193000083, -7.805260063999981, 0.0 ], [ 113.235891913000046, -7.805271937999976, 0.0 ], [ 113.23591637100003, -7.805275422999955, 0.0 ], [ 113.235935899000083, -7.805279657999961, 0.0 ], [ 113.235955518000083, -7.805286783999975, 0.0 ], [ 113.235964669000055, -7.805292879999968, 0.0 ], [ 113.235974533000103, -7.805306744999939, 0.0 ], [ 113.235978874000011, -7.805321994999929, 0.0 ], [ 113.235979549000035, -7.805336540999974, 0.0 ], [ 113.235959339000033, -7.805400992999978, 0.0 ], [ 113.235958198000048, -7.805411300999936, 0.0 ], [ 113.235956470000019, -7.805423509999969, 0.0 ], [ 113.235957727000027, -7.805435070999977, 0.0 ], [ 113.235962038000025, -7.805444717999933, 0.0 ], [ 113.235967607000021, -7.805452008999964, 0.0 ], [ 113.235971880000079, -7.805454425999926, 0.0 ], [ 113.235979220000104, -7.805457459999957, 0.0 ], [ 113.235987746000092, -7.805458589999944, 0.0 ], [ 113.235998739000024, -7.805459796999969, 0.0 ], [ 113.236008539000068, -7.80546155199994, 0.0 ], [ 113.236020126000085, -7.805462123999973, 0.0 ], [ 113.236037247000013, -7.805463207999935, 0.0 ], [ 113.236056762000089, -7.805464911999934, 0.0 ], [ 113.236072615000012, -7.805466635999949, 0.0 ], [ 113.236089746000061, -7.805469617999961, 0.0 ], [ 113.236105683, -7.805473147999976, 0.0 ], [ 113.2361221540001, -7.805478573999949, 0.0 ], [ 113.236133166000059, -7.805483395999943, 0.0 ], [ 113.236144184000068, -7.80548939199997, 0.0 ], [ 113.236151557000085, -7.805498480999972, 0.0 ], [ 113.23615587200004, -7.805508850999956, 0.0 ], [ 113.236159036000117, -7.805527630999961, 0.0 ], [ 113.236154999000064, -7.805555486999936, 0.0 ], [ 113.236147276000111, -7.805578842999978, 0.0 ], [ 113.236127509000085, -7.805642387999967, 0.0 ], [ 113.236127604000103, -7.805660190999959, 0.0 ], [ 113.236128826000026, -7.805679162999979, 0.0 ], [ 113.236134526000114, -7.805696935999947, 0.0 ], [ 113.236152499000013, -7.805717896999965, 0.0 ], [ 113.236215344000016, -7.805786607999949, 0.0 ], [ 113.236267225, -7.805859443999964, 0.0 ], [ 113.236282300000084, -7.805953711999962, 0.0 ], [ 113.236304422000103, -7.806009805999963, 0.0 ], [ 113.236317269000097, -7.806022479999967, 0.0 ], [ 113.236326406000103, -7.806026046999932, 0.0 ], [ 113.236351900000045, -7.806027718999928, 0.0 ], [ 113.236364605000063, -7.806027651999955, 0.0 ], [ 113.236377365000067, -7.806023969999956, 0.0 ], [ 113.236393722000116, -7.806022075999977, 0.0 ], [ 113.236404708, -7.806022017999965, 0.0 ], [ 113.2364137510001, -7.806021969999961, 0.0 ], [ 113.236428334000038, -7.806023699999969, 0.0 ], [ 113.236441152000111, -7.806030861999943, 0.0 ], [ 113.236453896000057, -7.806038114999978, 0.0 ], [ 113.236486859000024, -7.806066948999955, 0.0 ], [ 113.236521634000042, -7.806099388999939, 0.0 ], [ 113.236543544000028, -7.806115630999955, 0.0 ], [ 113.236556371, -7.806124599999976, 0.0 ], [ 113.236567302000026, -7.806128246999947, 0.0 ], [ 113.236580101000072, -7.806131793999953, 0.0 ], [ 113.236591012000076, -7.80613173699993, 0.0 ], [ 113.23660737900002, -7.806131649999941, 0.0 ], [ 113.236618281, -7.806129784999939, 0.0 ], [ 113.236631070000044, -7.806131524999955, 0.0 ], [ 113.236669440000014, -7.80615129399996, 0.0 ], [ 113.236724235000111, -7.806181819999949, 0.0 ], [ 113.236762559000113, -7.806207011999959, 0.0 ], [ 113.236786395000081, -7.80623408799994, 0.0 ], [ 113.236790134000103, -7.806248617999927, 0.0 ], [ 113.236788372000092, -7.806268598999964, 0.0 ], [ 113.23678122900003, -7.806288608999978, 0.0 ], [ 113.236772169, -7.806299500999955, 0.0 ], [ 113.236754050000059, -7.806321376999961, 0.0 ], [ 113.236728681000045, -7.806343289999973, 0.0 ], [ 113.236707100000103, -7.806388770999945, 0.0 ], [ 113.236703147000071, -7.806441646999929, 0.0 ], [ 113.236696983000115, -7.806524109999941, 0.0 ], [ 113.236698888000092, -7.806544975999941, 0.0 ], [ 113.236721917000068, -7.806574946999945, 0.0 ], [ 113.236774331000106, -7.806635670999981, 0.0 ], [ 113.236786272000018, -7.806660549999947, 0.0 ], [ 113.236783741000067, -7.806732678999936, 0.0 ], [ 113.236773372000016, -7.807003214999952, 0.0 ], [ 113.236769510000045, -7.807106167999962, 0.0 ], [ 113.236788065000042, -7.807152158999941, 0.0 ], [ 113.236811732000092, -7.807175530999928, 0.0 ], [ 113.236858981000069, -7.807192450999935, 0.0 ], [ 113.236905400000069, -7.807222027999956, 0.0 ], [ 113.236934594000104, -7.807258925999975, 0.0 ], [ 113.236973161000037, -7.807343669999966, 0.0 ], [ 113.236986111000078, -7.807389690999969, 0.0 ], [ 113.237003514000094, -7.807415806999927, 0.0 ], [ 113.237022648000107, -7.807430164999971, 0.0 ], [ 113.23705089300006, -7.807457126999964, 0.0 ], [ 113.237071911000044, -7.807488464999949, 0.0 ], [ 113.237075631000039, -7.807499288999963, 0.0 ], [ 113.237075756000081, -7.807522784999946, 0.0 ], [ 113.237044475000062, -7.807613321999952, 0.0 ], [ 113.237035682000055, -7.807660361999979, 0.0 ], [ 113.237036728000021, -7.807688370999927, 0.0 ], [ 113.237060562000011, -7.807743370999958, 0.0 ], [ 113.237116297000057, -7.807936379999944, 0.0 ], [ 113.237132335000069, -7.808029015999978, 0.0 ], [ 113.237125375, -7.808097372999953, 0.0 ], [ 113.237087550000069, -7.808208187999981, 0.0 ], [ 113.237074614000107, -7.80823518699998, 0.0 ], [ 113.237060788, -7.808235259999947, 0.0 ], [ 113.237040373000013, -7.808232927999939, 0.0 ], [ 113.236980673000062, -7.808221766999964, 0.0 ], [ 113.236950687000103, -7.80820448399993, 0.0 ], [ 113.236929851000014, -7.808165282999937, 0.0 ], [ 113.236912507000056, -7.808094161999975, 0.0 ], [ 113.236908472000096, -7.808038062999969, 0.0 ], [ 113.236911810000038, -7.807963127999926, 0.0 ], [ 113.236892751000028, -7.807850625999947, 0.0 ], [ 113.236875779000115, -7.807751036999946, 0.0 ], [ 113.236860697000111, -7.807725812999934, 0.0 ], [ 113.236856197000066, -7.807722853999962, 0.0 ], [ 113.23680550000006, -7.80773206899994, 0.0 ], [ 113.236736784000072, -7.807739842999979, 0.0 ], [ 113.236606332000065, -7.807733032999977, 0.0 ], [ 113.236275031000105, -7.807706408999934, 0.0 ], [ 113.235851729000046, -7.807665631999953, 0.0 ], [ 113.235428011000067, -7.807631181999966, 0.0 ], [ 113.235377730000096, -7.80762015199997, 0.0 ], [ 113.234938502000091, -7.807592289999945, 0.0 ], [ 113.234057655000015, -7.807550585999934, 0.0 ], [ 113.233508712000116, -7.807508300999928, 0.0 ], [ 113.233506706000071, -7.807496472999958, 0.0 ], [ 113.233502578000071, -7.807465045999948, 0.0 ], [ 113.233496433000028, -7.80741980199997, 0.0 ], [ 113.233478281000089, -7.807351125999958, 0.0 ], [ 113.233460266000066, -7.80729419599993, 0.0 ], [ 113.233463786000016, -7.807225314999926, 0.0 ], [ 113.233471060000056, -7.807103364999932, 0.0 ], [ 113.233485750000114, -7.806956433999972, 0.0 ], [ 113.233492305000027, -7.806853737999973, 0.0 ], [ 113.233486895000055, -7.806834245999937, 0.0 ], [ 113.233476001000099, -7.806795353999973, 0.0 ], [ 113.233456148000073, -7.806730029999926, 0.0 ], [ 113.233448634000069, -7.80665216899996, 0.0 ], [ 113.233448305000024, -7.806590175999929, 0.0 ], [ 113.233461969000018, -7.80648924999997, 0.0 ], [ 113.233460318000084, -7.806389578999926, 0.0 ], [ 113.233451522000109, -7.806337570999972, 0.0 ], [ 113.233421060000069, -7.806188619999944, 0.0 ], [ 113.233377742000016, -7.805856371999937, 0.0 ], [ 113.233375995000074, -7.805822943999942, 0.0 ], [ 113.233349725000039, -7.805689242999961, 0.0 ], [ 113.233321996000086, -7.805590522999978, 0.0 ], [ 113.23326854000004, -7.805460127999936, 0.0 ], [ 113.233206440000117, -7.805278357999953, 0.0 ], [ 113.233193553000092, -7.805215888999953, 0.0 ], [ 113.233191260000012, -7.805178306999949, 0.0 ], [ 113.233193065000023, -7.805124073999934, 0.0 ], [ 113.233221752000077, -7.805009241999926, 0.0 ], [ 113.233313055000053, -7.804737102999979, 0.0 ], [ 113.233336038000061, -7.804674082999952, 0.0 ], [ 113.233375330000058, -7.804557838999926, 0.0 ], [ 113.233380069000077, -7.804521393999948, 0.0 ], [ 113.233376534000058, -7.804474961999972, 0.0 ], [ 113.233363108000049, -7.804451897999968, 0.0 ], [ 113.233358048000014, -7.804441983999936, 0.0 ], [ 113.23334305700007, -7.804433748999941, 0.0 ], [ 113.233308051000108, -7.80441405199997, 0.0 ], [ 113.233269725000014, -7.804402595999932, 0.0 ], [ 113.233192995000081, -7.804364954999926, 0.0 ], [ 113.233117401000072, -7.804316011999958, 0.0 ], [ 113.233110201000045, -7.804311259999963, 0.0 ], [ 113.233102901000052, -7.804301718999966, 0.0 ], [ 113.233102774000031, -7.804277861999935, 0.0 ], [ 113.233102711000015, -7.804265932999954, 0.0 ], [ 113.233109479000063, -7.804175254999961, 0.0 ], [ 113.233130129000074, -7.804010579999954, 0.0 ], [ 113.233125168000015, -7.80397716799996, 0.0 ], [ 113.233115488000067, -7.803955800999972, 0.0 ], [ 113.232998004000024, -7.803927773999931, 0.0 ], [ 113.232487433000074, -7.803806479999935, 0.0 ], [ 113.232113594000111, -7.803734438999982, 0.0 ], [ 113.231948375000115, -7.803696722999973, 0.0 ], [ 113.231430855000099, -7.803589561999956, 0.0 ], [ 113.230775380000068, -7.803455654999937, 0.0 ], [ 113.230641338000055, -7.803405934999944, 0.0 ], [ 113.230544892000012, -7.803385115999959, 0.0 ], [ 113.230436655000062, -7.803367521999974, 0.0 ], [ 113.230294037000021, -7.803335197999957, 0.0 ], [ 113.230112838000082, -7.803299914999968, 0.0 ], [ 113.229851805000067, -7.803233511999963, 0.0 ], [ 113.229704370000036, -7.80319488799995, 0.0 ], [ 113.229567943, -7.803160542999933, 0.0 ], [ 113.229501958000014, -7.803147786999943, 0.0 ], [ 113.229464619000055, -7.803139217999956, 0.0 ], [ 113.229396450000081, -7.803137407999941, 0.0 ], [ 113.229251298, -7.803120640999964, 0.0 ], [ 113.228716556000109, -7.80302133899994, 0.0 ], [ 113.228512293000108, -7.802991507999934, 0.0 ], [ 113.228511906000108, -7.802918489999968, 0.0 ], [ 113.228534666000087, -7.802749396999957, 0.0 ], [ 113.228571516000102, -7.802475625999932, 0.0 ], [ 113.22864782900001, -7.801898471999948, 0.0 ], [ 113.228479391000064, -7.801873512999975, 0.0 ], [ 113.227867521, -7.801689304999968, 0.0 ], [ 113.227242391000118, -7.801527126999929, 0.0 ], [ 113.227031669000098, -7.801462896999965, 0.0 ], [ 113.227024796000023, -7.801449377999973, 0.0 ], [ 113.227020082000081, -7.801420121999968, 0.0 ], [ 113.227017721000038, -7.801397540999972, 0.0 ], [ 113.226990342000022, -7.801350330999981, 0.0 ], [ 113.226964320000093, -7.801305371999945, 0.0 ], [ 113.226949331000014, -7.801311595999948, 0.0 ], [ 113.226936056000113, -7.801316907999933, 0.0 ], [ 113.226921968000056, -7.801324030999979, 0.0 ], [ 113.226896311000019, -7.801333925999927, 0.0 ], [ 113.226860130000091, -7.801346406999926, 0.0 ], [ 113.226816841000073, -7.801357208999946, 0.0 ], [ 113.226798241000097, -7.801359113999979, 0.0 ], [ 113.226777914000081, -7.801359220999927, 0.0 ], [ 113.226746899000091, -7.801359383999966, 0.0 ], [ 113.226719467000066, -7.801358624999978, 0.0 ], [ 113.226692049, -7.801360576999969, 0.0 ], [ 113.226670820000095, -7.801359784999931, 0.0 ], [ 113.226645172000076, -7.80135729899996, 0.0 ], [ 113.226616833000094, -7.80135473699994, 0.0 ], [ 113.226594703000046, -7.801353135999932, 0.0 ], [ 113.226570783000057, -7.801352358999964, 0.0 ], [ 113.226554860000078, -7.801351538999938, 0.0 ], [ 113.226515919, -7.801350929999955, 0.0 ], [ 113.226464596000028, -7.801354724999953, 0.0 ], [ 113.22640887700004, -7.801361162999967, 0.0 ], [ 113.226407900000027, -7.801361442999962, 0.0 ], [ 113.226297241000111, -7.80139319999995, 0.0 ] ] ] ] } },
{ "type": "Feature", "properties": { "nm_kecamatan": "Mayangan" }, "geometry": { "type": "MultiPolygon", "coordinates": [ [ [ [ 113.233100586000091, -7.752642321999929, 0.0 ], [ 113.233044408000069, -7.752702171999942, 0.0 ], [ 113.232936311000117, -7.752807750999978, 0.0 ], [ 113.232856369000046, -7.752895830999933, 0.0 ], [ 113.232829295000101, -7.752919830999929, 0.0 ], [ 113.232799171000011, -7.752960746999975, 0.0 ], [ 113.23279174400011, -7.753026123999973, 0.0 ], [ 113.232784393000088, -7.753091591999976, 0.0 ], [ 113.232769269000073, -7.753157099999953, 0.0 ], [ 113.23273675900009, -7.753213029999927, 0.0 ], [ 113.232715781000024, -7.753259319999927, 0.0 ], [ 113.232720538000081, -7.753424674999962, 0.0 ], [ 113.232717069000046, -7.753503587999944, 0.0 ], [ 113.232705770000052, -7.753557507999972, 0.0 ], [ 113.232694360000096, -7.753590282999937, 0.0 ], [ 113.232657863000099, -7.753626983999936, 0.0 ], [ 113.232628893000083, -7.753688317999945, 0.0 ], [ 113.232610223000052, -7.753803819999973, 0.0 ], [ 113.23260097900004, -7.753878876999977, 0.0 ], [ 113.232576124000047, -7.75392708499993, 0.0 ], [ 113.232543533000012, -7.753967651999972, 0.0 ], [ 113.232511032000048, -7.754025479999939, 0.0 ], [ 113.232499602000075, -7.754054458999974, 0.0 ], [ 113.232509770000092, -7.754154446999962, 0.0 ], [ 113.232502110000041, -7.754175633999978, 0.0 ], [ 113.232479147000049, -7.754214161999926, 0.0 ], [ 113.232431223000049, -7.754266376999965, 0.0 ], [ 113.232423533000087, -7.754281780999975, 0.0 ], [ 113.232415968000055, -7.754306853999935, 0.0 ], [ 113.232408566000117, -7.754362651999941, 0.0 ], [ 113.232389510000075, -7.754405135999946, 0.0 ], [ 113.232254146000059, -7.754951690999974, 0.0 ], [ 113.232159948000117, -7.75529821799995, 0.0 ], [ 113.232072320000043, -7.755516020999949, 0.0 ], [ 113.231855177000057, -7.756000828999959, 0.0 ], [ 113.231994657000087, -7.756008049999934, 0.0 ], [ 113.232162010000025, -7.756015124999976, 0.0 ], [ 113.23247526800003, -7.755986550999978, 0.0 ], [ 113.232653969000012, -7.755977298999937, 0.0 ], [ 113.232754285000055, -7.755983368999978, 0.0 ], [ 113.232902359000036, -7.756046524999931, 0.0 ], [ 113.233027433000075, -7.756099870999947, 0.0 ], [ 113.233100910000076, -7.756132018999949, 0.0 ], [ 113.233239179000066, -7.756192925999926, 0.0 ], [ 113.233810561000041, -7.756336870999974, 0.0 ], [ 113.233921548000012, -7.756424941999967, 0.0 ], [ 113.23422572700008, -7.756502600999966, 0.0 ], [ 113.234402105000072, -7.756577224999944, 0.0 ], [ 113.234668252, -7.75668400099994, 0.0 ], [ 113.234637819000113, -7.756836075999956, 0.0 ], [ 113.23463834800009, -7.756936190999966, 0.0 ], [ 113.234639319000053, -7.75712019599996, 0.0 ], [ 113.2346336170001, -7.757186648999948, 0.0 ], [ 113.234593829, -7.757307774999958, 0.0 ], [ 113.234567844000026, -7.757368369999938, 0.0 ], [ 113.234463772000026, -7.757613370999934, 0.0 ], [ 113.234424752000109, -7.757710182999972, 0.0 ], [ 113.234414256000036, -7.757760394999934, 0.0 ], [ 113.234404139000048, -7.757896456999958, 0.0 ], [ 113.234379768000053, -7.758036208999954, 0.0 ], [ 113.234305164000034, -7.758201257999929, 0.0 ], [ 113.234223840000027, -7.758438005999949, 0.0 ], [ 113.234206247000088, -7.758516811999925, 0.0 ], [ 113.234196034000092, -7.758620702999963, 0.0 ], [ 113.234197036000069, -7.75881047799993, 0.0 ], [ 113.23419035400002, -7.758903594999936, 0.0 ], [ 113.234687575000066, -7.759069344999943, 0.0 ], [ 113.235015438, -7.75917407999998, 0.0 ], [ 113.235236500000042, -7.759261842999933, 0.0 ], [ 113.235266352000053, -7.759282651999968, 0.0 ], [ 113.235309927000117, -7.759567183999934, 0.0 ], [ 113.235211110000023, -7.760156201999962, 0.0 ], [ 113.235175236000032, -7.760367587999951, 0.0 ], [ 113.235178761000043, -7.760511350999934, 0.0 ], [ 113.235167044000036, -7.760599162999938, 0.0 ], [ 113.235129370000095, -7.760879873999954, 0.0 ], [ 113.234981193000067, -7.762027104999959, 0.0 ], [ 113.234966526000107, -7.762150719999966, 0.0 ], [ 113.23599367700001, -7.762631877999979, 0.0 ], [ 113.235925929000018, -7.762934435999966, 0.0 ], [ 113.235780523000017, -7.763474626999937, 0.0 ], [ 113.235704246000068, -7.763733038999931, 0.0 ], [ 113.235625354000035, -7.763949260999937, 0.0 ], [ 113.235598917000061, -7.764030869999942, 0.0 ], [ 113.235474620000105, -7.764414562999946, 0.0 ], [ 113.235359061000054, -7.764819220999925, 0.0 ], [ 113.235356066, -7.764824681999926, 0.0 ], [ 113.235266763000027, -7.76498752599997, 0.0 ], [ 113.235235918000058, -7.76503332599998, 0.0 ], [ 113.235064149000095, -7.765011364999964, 0.0 ], [ 113.234810130000028, -7.765673135999975, 0.0 ], [ 113.23449280400007, -7.766403559999958, 0.0 ], [ 113.234549198000082, -7.766426759999945, 0.0 ], [ 113.234658909000018, -7.766484742999978, 0.0 ], [ 113.234656793000113, -7.76670652599995, 0.0 ], [ 113.234893442000043, -7.766815804999965, 0.0 ], [ 113.234893637000027, -7.766932232999977, 0.0 ], [ 113.234893820000025, -7.76704116999997, 0.0 ], [ 113.234894003000022, -7.767150356999935, 0.0 ], [ 113.234799043000066, -7.767120853999927, 0.0 ], [ 113.233706302000087, -7.766781353999932, 0.0 ], [ 113.233674840000049, -7.766777355999977, 0.0 ], [ 113.233173563000037, -7.76660624799996, 0.0 ], [ 113.232727413000021, -7.766481325999962, 0.0 ], [ 113.232721108000078, -7.766468715999963, 0.0 ], [ 113.232685773000071, -7.76639804499996, 0.0 ], [ 113.232596543000113, -7.766368301999933, 0.0 ], [ 113.232094652000114, -7.76622333499995, 0.0 ], [ 113.231472730000064, -7.766043697999976, 0.0 ], [ 113.230937878000077, -7.765889209999955, 0.0 ], [ 113.230921016000025, -7.765884339999957, 0.0 ], [ 113.229919748000043, -7.765701457999967, 0.0 ], [ 113.229973286000018, -7.765296950999925, 0.0 ], [ 113.229974438000113, -7.765279411999927, 0.0 ], [ 113.22998141000005, -7.76517333299995, 0.0 ], [ 113.229985184000043, -7.765115912999931, 0.0 ], [ 113.230008978000114, -7.764858930999935, 0.0 ], [ 113.230061326000055, -7.764630502999978, 0.0 ], [ 113.230063265000013, -7.76461887399995, 0.0 ], [ 113.230089880000037, -7.76445918099995, 0.0 ], [ 113.230089880000037, -7.764430420999929, 0.0 ], [ 113.230089880000037, -7.76431641299996, 0.0 ], [ 113.230075603000046, -7.763978529999974, 0.0 ], [ 113.230110822000029, -7.763781303999963, 0.0 ], [ 113.230123193000054, -7.763712029999965, 0.0 ], [ 113.230133855000076, -7.763669379999953, 0.0 ], [ 113.230161265000106, -7.763559744999952, 0.0 ], [ 113.230175539000015, -7.763455048999958, 0.0 ], [ 113.230213612000057, -7.763364628999966, 0.0 ], [ 113.23031830900004, -7.763212344999943, 0.0 ], [ 113.230425036000042, -7.762746412999945, 0.0 ], [ 113.230470719000095, -7.762533213999973, 0.0 ], [ 113.230510695000021, -7.762365699999975, 0.0 ], [ 113.230525632000081, -7.762321940999925, 0.0 ], [ 113.230683102000057, -7.761860610999975, 0.0 ], [ 113.230626813000072, -7.761791774999949, 0.0 ], [ 113.23059588000001, -7.761725148999972, 0.0 ], [ 113.230588742, -7.761646627999937, 0.0 ], [ 113.230591122000078, -7.761565724999969, 0.0 ], [ 113.230579224000053, -7.761506237999981, 0.0 ], [ 113.230569706000097, -7.761453889999927, 0.0 ], [ 113.230479287000094, -7.76143723399997, 0.0 ], [ 113.230310345000021, -7.76136822999996, 0.0 ], [ 113.230134265000061, -7.761287329999959, 0.0 ], [ 113.23008539500006, -7.76126636999993, 0.0 ], [ 113.23003462600002, -7.761244596999973, 0.0 ], [ 113.229954318000068, -7.761217827999928, 0.0 ], [ 113.229861994000089, -7.761156199999959, 0.0 ], [ 113.229726366000023, -7.761084817999972, 0.0 ], [ 113.229630711000027, -7.761021997999933, 0.0 ], [ 113.229546954000057, -7.760984878999977, 0.0 ], [ 113.229558376000114, -7.760959893999939, 0.0 ], [ 113.229651174000082, -7.760720757999934, 0.0 ], [ 113.229687161000015, -7.760670984999933, 0.0 ], [ 113.229612922000115, -7.760629582999968, 0.0 ], [ 113.229654326000059, -7.760529644999963, 0.0 ], [ 113.229647494, -7.76052554599994, 0.0 ], [ 113.229590079000104, -7.760491098999978, 0.0 ], [ 113.229625771000087, -7.760420427999975, 0.0 ], [ 113.229756642000098, -7.760172963999935, 0.0 ], [ 113.229711433000034, -7.760127753999939, 0.0 ], [ 113.229720682000107, -7.760108575999936, 0.0 ], [ 113.229753470000105, -7.760040590999949, 0.0 ], [ 113.229636446000086, -7.75998723899994, 0.0 ], [ 113.22970667300001, -7.759835079999959, 0.0 ], [ 113.229781129000116, -7.759655144999954, 0.0 ], [ 113.229792334000081, -7.759628066999937, 0.0 ], [ 113.229627342000072, -7.759559919999958, 0.0 ], [ 113.229280052000036, -7.759393410999962, 0.0 ], [ 113.229210460000104, -7.759360045999927, 0.0 ], [ 113.228920339000069, -7.759235598999965, 0.0 ], [ 113.228836635000107, -7.759199695999939, 0.0 ], [ 113.22843294900008, -7.759008973999926, 0.0 ], [ 113.227807701000074, -7.758713573999955, 0.0 ], [ 113.227806368000074, -7.75871710499996, 0.0 ], [ 113.227757740000015, -7.758845907999955, 0.0 ], [ 113.22770717700007, -7.758961903999932, 0.0 ], [ 113.227653639000096, -7.759128466999925, 0.0 ], [ 113.227617948000102, -7.75928313199995, 0.0 ], [ 113.227558460000068, -7.759452668999927, 0.0 ], [ 113.227554434000012, -7.75949964199998, 0.0 ], [ 113.227549538000062, -7.759556769999961, 0.0 ], [ 113.227475178000077, -7.759681692999948, 0.0 ], [ 113.227382975000069, -7.759839330999966, 0.0 ], [ 113.227347283000086, -7.759973174999971, 0.0 ], [ 113.22733538600005, -7.760044558999937, 0.0 ], [ 113.22726995000005, -7.760160557999939, 0.0 ], [ 113.227186671000027, -7.760267633999945, 0.0 ], [ 113.227130532000047, -7.760361195999963, 0.0 ], [ 113.227115286000071, -7.76038660699993, 0.0 ], [ 113.227070671000092, -7.76045501599998, 0.0 ], [ 113.227037953000035, -7.760502604999942, 0.0 ], [ 113.226990364000017, -7.76059778399997, 0.0 ], [ 113.226989301000117, -7.760600595999961, 0.0 ], [ 113.226948724000067, -7.760707833999959, 0.0 ], [ 113.226895186000093, -7.760889267999971, 0.0 ], [ 113.226856520000069, -7.760987420999982, 0.0 ], [ 113.226847596000084, -7.761043932999939, 0.0 ], [ 113.226865443000065, -7.761085572999946, 0.0 ], [ 113.226907083000015, -7.76114208599995, 0.0 ], [ 113.22698441700004, -7.761162906999971, 0.0 ], [ 113.227130157000033, -7.761210494999943, 0.0 ], [ 113.227183696000111, -7.761284854999928, 0.0 ], [ 113.2272283100001, -7.761368134999941, 0.0 ], [ 113.227249131, -7.761427620999939, 0.0 ], [ 113.227264001000094, -7.761534696999945, 0.0 ], [ 113.227243182000052, -7.761629874999926, 0.0 ], [ 113.227246156000092, -7.761713155999928, 0.0 ], [ 113.227285624000046, -7.761884025999962, 0.0 ], [ 113.227239829000041, -7.762215495999953, 0.0 ], [ 113.227226041000108, -7.762313808999977, 0.0 ], [ 113.227206993000095, -7.762449634999939, 0.0 ], [ 113.227201713000113, -7.762477946999979, 0.0 ], [ 113.227201237000031, -7.76248050199996, 0.0 ], [ 113.227191289000075, -7.762533867999935, 0.0 ], [ 113.227187005000019, -7.762576697999975, 0.0 ], [ 113.227177011000094, -7.762610962999929, 0.0 ], [ 113.227169397000011, -7.762725416999956, 0.0 ], [ 113.227161784000032, -7.762790135999978, 0.0 ], [ 113.227184625000064, -7.762818688999971, 0.0 ], [ 113.22719414300002, -7.762891024999931, 0.0 ], [ 113.227197950000118, -7.762932904999957, 0.0 ], [ 113.227205565000077, -7.762997624999969, 0.0 ], [ 113.227218891, -7.763049020999972, 0.0 ], [ 113.227207468000074, -7.763148026999943, 0.0 ], [ 113.227213659000085, -7.76319136199993, 0.0 ], [ 113.227214607000064, -7.763197994999928, 0.0 ], [ 113.227246729000058, -7.76326580999995, 0.0 ], [ 113.227268145000039, -7.763330054999926, 0.0 ], [ 113.227261007000038, -7.763422853999941, 0.0 ], [ 113.227232453000056, -7.763569190999931, 0.0 ], [ 113.227218176000065, -7.763651282999945, 0.0 ], [ 113.227196761000073, -7.763801188999935, 0.0 ], [ 113.227186054000072, -7.763872572999958, 0.0 ], [ 113.227150361000099, -7.763929681999969, 0.0 ], [ 113.227126688000112, -7.763944546999937, 0.0 ], [ 113.227023895000116, -7.76403591899998, 0.0 ], [ 113.226931893000028, -7.764171403999967, 0.0 ], [ 113.226730823000025, -7.764266357999929, 0.0 ], [ 113.226730529000065, -7.764266447999944, 0.0 ], [ 113.226730386000099, -7.764266491999933, 0.0 ], [ 113.226467797000055, -7.764275054999928, 0.0 ], [ 113.226456747000043, -7.764275414999929, 0.0 ], [ 113.226419256000099, -7.764274332999946, 0.0 ], [ 113.226339886, -7.764272044999927, 0.0 ], [ 113.226200666000068, -7.764268027999947, 0.0 ], [ 113.226169110000114, -7.764267117999964, 0.0 ], [ 113.226147418000096, -7.764266491999933, 0.0 ], [ 113.226147381000033, -7.764267117999964, 0.0 ], [ 113.226143729000114, -7.764326573999938, 0.0 ], [ 113.226151344000073, -7.764377969999941, 0.0 ], [ 113.226144030000114, -7.764448196999979, 0.0 ], [ 113.226141826000116, -7.764469340999938, 0.0 ], [ 113.226141081000037, -7.764476058999946, 0.0 ], [ 113.226130405000049, -7.764572133999934, 0.0 ], [ 113.226129925, -7.764584142999979, 0.0 ], [ 113.226028703000111, -7.764571737999972, 0.0 ], [ 113.225848817000042, -7.764537472999962, 0.0 ], [ 113.225708904000044, -7.764497497999969, 0.0 ], [ 113.225608252000029, -7.764464661999966, 0.0 ], [ 113.225548769000056, -7.764448196999979, 0.0 ], [ 113.225425686000108, -7.764414122999938, 0.0 ], [ 113.225443548000044, -7.764339096999947, 0.0 ], [ 113.225432926000053, -7.764309441999956, 0.0 ], [ 113.225437209, -7.764283742999964, 0.0 ], [ 113.225441492000073, -7.764256617999933, 0.0 ], [ 113.225441492000073, -7.76422235299998, 0.0 ], [ 113.225450058000092, -7.764180950999958, 0.0 ], [ 113.225458624000112, -7.764136692999955, 0.0 ], [ 113.225466608000033, -7.764115235999952, 0.0 ], [ 113.225481467, -7.76407530299997, 0.0 ], [ 113.225485749000086, -7.764041037999959, 0.0 ], [ 113.225553810000065, -7.763875996999957, 0.0 ], [ 113.225555808000081, -7.763867608999931, 0.0 ], [ 113.2255593860001, -7.763852577999955, 0.0 ], [ 113.225572330000091, -7.763798212999973, 0.0 ], [ 113.225586469000064, -7.763738828999976, 0.0 ], [ 113.22559994900007, -7.763682211999935, 0.0 ], [ 113.225581404000081, -7.763658420999946, 0.0 ], [ 113.225546664000035, -7.763644143999954, 0.0 ], [ 113.225547173000109, -7.763598771999966, 0.0 ], [ 113.225552375, -7.763556579999943, 0.0 ], [ 113.225561891000098, -7.76351660499995, 0.0 ], [ 113.225586639000085, -7.763482340999929, 0.0 ], [ 113.225598060000038, -7.763444269999979, 0.0 ], [ 113.225308718000065, -7.763349090999952, 0.0 ], [ 113.22512628700008, -7.763311448999957, 0.0 ], [ 113.225101132000077, -7.763306258999933, 0.0 ], [ 113.225098056000093, -7.763241697999945, 0.0 ], [ 113.225117092, -7.763186970999925, 0.0 ], [ 113.225119471000085, -7.763144139999952, 0.0 ], [ 113.22512185000005, -7.763101311999947, 0.0 ], [ 113.225140886000077, -7.76306085899995, 0.0 ], [ 113.225150404000033, -7.76299423599994, 0.0 ], [ 113.225098056000093, -7.762949023999965, 0.0 ], [ 113.225043448000065, -7.762908903999971, 0.0 ], [ 113.225048890000039, -7.762871306999955, 0.0 ], [ 113.225057571000093, -7.762811323999927, 0.0 ], [ 113.225086159000057, -7.762784841999974, 0.0 ], [ 113.22512423, -7.762758667999947, 0.0 ], [ 113.225117092, -7.762713457999951, 0.0 ], [ 113.225117092, -7.762696912999957, 0.0 ], [ 113.225117092, -7.762682524999946, 0.0 ], [ 113.225138507000111, -7.762639694999962, 0.0 ], [ 113.225167380000016, -7.762595697999927, 0.0 ], [ 113.225188476000085, -7.762563551999961, 0.0 ], [ 113.225195615000075, -7.762527861999956, 0.0 ], [ 113.225190855000051, -7.762477892999925, 0.0 ], [ 113.225188476000085, -7.762430301999927, 0.0 ], [ 113.225174199000094, -7.762385091999931, 0.0 ], [ 113.22517657800006, -7.762313709999944, 0.0 ], [ 113.225186096000016, -7.762256600999933, 0.0 ], [ 113.225205132000042, -7.762237567999932, 0.0 ], [ 113.225226547000034, -7.762189975999945, 0.0 ], [ 113.225240825000014, -7.76214000799996, 0.0 ], [ 113.225240825000014, -7.762101935999965, 0.0 ], [ 113.225255101000016, -7.762047208999945, 0.0 ], [ 113.225247962000026, -7.76199010199997, 0.0 ], [ 113.22524558300006, -7.76194727099994, 0.0 ], [ 113.225250150000079, -7.76192834699998, 0.0 ], [ 113.225262239000017, -7.761878266999929, 0.0 ], [ 113.225288413000044, -7.761835437999935, 0.0 ], [ 113.225290794000102, -7.761792605999972, 0.0 ], [ 113.225302691000024, -7.761728361999928, 0.0 ], [ 113.225290794000102, -7.76164745899996, 0.0 ], [ 113.22530031000008, -7.761614148999968, 0.0 ], [ 113.225312208000105, -7.761528485999975, 0.0 ], [ 113.225331243000028, -7.761440445999938, 0.0 ], [ 113.225371694000046, -7.761338129999956, 0.0 ], [ 113.225289999000097, -7.76130005899995, 0.0 ], [ 113.225289999000097, -7.761228673999938, 0.0 ], [ 113.225321725000072, -7.761190602999932, 0.0 ], [ 113.225289999000097, -7.761171566999963, 0.0 ], [ 113.225289999000097, -7.761154911999938, 0.0 ], [ 113.225209891000077, -7.761140633999958, 0.0 ], [ 113.225215779000109, -7.761121708999951, 0.0 ], [ 113.225243203000105, -7.761033557999951, 0.0 ], [ 113.225257480000096, -7.760924102999979, 0.0 ], [ 113.225258998000072, -7.760892224999964, 0.0 ], [ 113.225262239000017, -7.760824165999963, 0.0 ], [ 113.22527350900009, -7.760721454999953, 0.0 ], [ 113.225326682000059, -7.760501330999944, 0.0 ], [ 113.225374059000046, -7.760391070999958, 0.0 ], [ 113.225374578000014, -7.760389873999941, 0.0 ], [ 113.225481006000109, -7.760143805999974, 0.0 ], [ 113.225615200000107, -7.759833551999975, 0.0 ], [ 113.225673214000039, -7.759715104999941, 0.0 ], [ 113.225734894000084, -7.75956918199995, 0.0 ], [ 113.225783466000053, -7.759431, 0.0 ], [ 113.225842299000078, -7.759263630999953, 0.0 ], [ 113.22603080500005, -7.759334622999972, 0.0 ], [ 113.226061363000099, -7.759239554999965, 0.0 ], [ 113.226116466, -7.759068125999931, 0.0 ], [ 113.226131901000031, -7.759027911999965, 0.0 ], [ 113.226297305000116, -7.758596990999933, 0.0 ], [ 113.226382965000084, -7.758387599999935, 0.0 ], [ 113.226181273000066, -7.758299309999927, 0.0 ], [ 113.226280181000106, -7.758017930999927, 0.0 ], [ 113.226290001000052, -7.75798999899996, 0.0 ], [ 113.226052530000061, -7.757871124999951, 0.0 ], [ 113.22586684700002, -7.757778174999942, 0.0 ], [ 113.225189047000072, -7.757461740999929, 0.0 ], [ 113.224954740000044, -7.757352353999977, 0.0 ], [ 113.224236929000085, -7.757017240999971, 0.0 ], [ 113.22420000000011, -7.757000000999938, 0.0 ], [ 113.223731797000028, -7.756773496999926, 0.0 ], [ 113.223473392000074, -7.756648487999939, 0.0 ], [ 113.223152377000019, -7.756493190999947, 0.0 ], [ 113.223035279000101, -7.75643654199996, 0.0 ], [ 113.222711608000054, -7.756279959999972, 0.0 ], [ 113.222711440000012, -7.756280577999974, 0.0 ], [ 113.222646418000068, -7.756519442999945, 0.0 ], [ 113.22165868400009, -7.756289873999947, 0.0 ], [ 113.221149142000058, -7.756171446999929, 0.0 ], [ 113.221107503000098, -7.75615954999995, 0.0 ], [ 113.221027195000033, -7.756150626999954, 0.0 ], [ 113.22099150400004, -7.756162523999933, 0.0 ], [ 113.22092606800004, -7.756183343999965, 0.0 ], [ 113.220869555000036, -7.756201189999956, 0.0 ], [ 113.220765454000116, -7.756165497999973, 0.0 ], [ 113.220720839000023, -7.756138728999929, 0.0 ], [ 113.22069109600011, -7.756111960999931, 0.0 ], [ 113.220477941000013, -7.756038910999962, 0.0 ], [ 113.22046897000007, -7.756065581999962, 0.0 ], [ 113.220372873000088, -7.756351257999938, 0.0 ], [ 113.220337419000089, -7.756456650999951, 0.0 ], [ 113.220279391000076, -7.756579765999959, 0.0 ], [ 113.220235485000103, -7.75661865099994, 0.0 ], [ 113.22014394100006, -7.756676434999974, 0.0 ], [ 113.220089082000072, -7.756709007999973, 0.0 ], [ 113.220077952000111, -7.756713011999977, 0.0 ], [ 113.220062856000027, -7.756714525999939, 0.0 ], [ 113.22004378400004, -7.75671319099996, 0.0 ], [ 113.22000777400001, -7.756704768999953, 0.0 ], [ 113.219535787000041, -7.756581865999976, 0.0 ], [ 113.219273844000099, -7.756510564999928, 0.0 ], [ 113.21862735000002, -7.756334588999948, 0.0 ], [ 113.218603238000014, -7.755888647999939, 0.0 ], [ 113.218617515, -7.755741121999961, 0.0 ], [ 113.218655586000068, -7.755593594999937, 0.0 ], [ 113.218698416000052, -7.755469862999973, 0.0 ], [ 113.218798354000114, -7.755327094999927, 0.0 ], [ 113.218840619000048, -7.755208224999933, 0.0 ], [ 113.218854188000023, -7.755170060999944, 0.0 ], [ 113.218874498000105, -7.755112943999961, 0.0 ], [ 113.218941121000057, -7.754993970999976, 0.0 ], [ 113.218944331000102, -7.754987356999948, 0.0 ], [ 113.219064511000056, -7.75473971599996, 0.0 ], [ 113.21906543800003, -7.754737804999934, 0.0 ], [ 113.219098166000094, -7.754670363999935, 0.0 ], [ 113.219172954000101, -7.754588301999945, 0.0 ], [ 113.21917135700005, -7.754587404999938, 0.0 ], [ 113.219021444000077, -7.754503155999942, 0.0 ], [ 113.218741081000076, -7.754345597999929, 0.0 ], [ 113.218625652000014, -7.754299648999961, 0.0 ], [ 113.218625072, -7.75429941799996, 0.0 ], [ 113.218420258000037, -7.75421788999995, 0.0 ], [ 113.218234986000084, -7.754144140999927, 0.0 ], [ 113.218005829000049, -7.754052922999961, 0.0 ], [ 113.21734552800001, -7.753878032999978, 0.0 ], [ 113.21699504500009, -7.75383695499994, 0.0 ], [ 113.216988118000017, -7.753836142999944, 0.0 ], [ 113.216998889000024, -7.753767636999953, 0.0 ], [ 113.217034100000092, -7.753771899999947, 0.0 ], [ 113.217057605000036, -7.753636507999943, 0.0 ], [ 113.217083194000111, -7.753489125999977, 0.0 ], [ 113.217137801000035, -7.753174599999966, 0.0 ], [ 113.217138141000078, -7.753172033999931, 0.0 ], [ 113.217151755000032, -7.753069209999978, 0.0 ], [ 113.217261338000071, -7.752241568999978, 0.0 ], [ 113.217366120000065, -7.751450201999944, 0.0 ], [ 113.217385, -7.751307599999961, 0.0 ], [ 113.2173887350001, -7.751308471999948, 0.0 ], [ 113.217438327000082, -7.750997695999956, 0.0 ], [ 113.21752640200009, -7.750442149999969, 0.0 ], [ 113.217579475000093, -7.750107380999964, 0.0 ], [ 113.217643230000022, -7.749705232999929, 0.0 ], [ 113.217648462000056, -7.749672226999962, 0.0 ], [ 113.217670325000086, -7.749534326999935, 0.0 ], [ 113.217712025000083, -7.749284789999933, 0.0 ], [ 113.217758161, -7.749008704999937, 0.0 ], [ 113.217782258000057, -7.748864512999944, 0.0 ], [ 113.217832083000076, -7.748566353999934, 0.0 ], [ 113.217846543000064, -7.748479816999975, 0.0 ], [ 113.217895185000089, -7.748188743999947, 0.0 ], [ 113.217912920000117, -7.74807218199993, 0.0 ], [ 113.218076702000076, -7.746995806999962, 0.0 ], [ 113.21815094100009, -7.74648184299997, 0.0 ], [ 113.218210903000113, -7.745945037999945, 0.0 ], [ 113.218248024000104, -7.745476760999964, 0.0 ], [ 113.218285100000116, -7.745282399999951, 0.0 ], [ 113.216707027000098, -7.745097563999934, 0.0 ], [ 113.215768738000065, -7.744986854999979, 0.0 ], [ 113.215767198000094, -7.745004897999934, 0.0 ], [ 113.215767177000089, -7.745005127999946, 0.0 ], [ 113.215764200000081, -7.745037749999938, 0.0 ], [ 113.215758635000043, -7.745098704999975, 0.0 ], [ 113.215729961000079, -7.745412877999968, 0.0 ], [ 113.215680611000039, -7.745953589999942, 0.0 ], [ 113.215679635000015, -7.745964296999944, 0.0 ], [ 113.215623814000082, -7.746646510999938, 0.0 ], [ 113.215615221, -7.74675151799994, 0.0 ], [ 113.215559307000035, -7.747377764999953, 0.0 ], [ 113.215513750000014, -7.747887993999939, 0.0 ], [ 113.215309053000055, -7.747868435999976, 0.0 ], [ 113.214937004000035, -7.747832886999959, 0.0 ], [ 113.21392275900007, -7.747737708999978, 0.0 ], [ 113.21393, -7.747789998999963, 0.0 ], [ 113.21391, -7.748199998999951, 0.0 ], [ 113.213892280000096, -7.748829103999981, 0.0 ], [ 113.213881965000041, -7.749195242999974, 0.0 ], [ 113.21387, -7.74962, 0.0 ], [ 113.213848725000048, -7.749760608999964, 0.0 ], [ 113.213843111000074, -7.749797708999949, 0.0 ], [ 113.213677054000073, -7.750895170999968, 0.0 ], [ 113.213562132000106, -7.751455515999965, 0.0 ], [ 113.213450297, -7.75198375399998, 0.0 ], [ 113.213409119000062, -7.752209021999931, 0.0 ], [ 113.21337182100001, -7.752413065999974, 0.0 ], [ 113.213369395000086, -7.752426335999928, 0.0 ], [ 113.213298012000109, -7.752816564999932, 0.0 ], [ 113.213262320000013, -7.753168725999956, 0.0 ], [ 113.213265489000037, -7.753394198999956, 0.0 ], [ 113.212837815000057, -7.753405747999977, 0.0 ], [ 113.212274844000035, -7.753420948999974, 0.0 ], [ 113.211159471000087, -7.753483408999955, 0.0 ], [ 113.210383173000082, -7.753513154999951, 0.0 ], [ 113.210269175, -7.753517275999968, 0.0 ], [ 113.208886491000044, -7.753567286999953, 0.0 ], [ 113.208376409000039, -7.753590663999944, 0.0 ], [ 113.208315420000076, -7.753593458999944, 0.0 ], [ 113.207484989000022, -7.753624392999939, 0.0 ], [ 113.207016235000083, -7.75363866899994, 0.0 ], [ 113.206595716000038, -7.753663404999941, 0.0 ], [ 113.206207217000042, -7.753686257999959, 0.0 ], [ 113.205457687000035, -7.753733847999968, 0.0 ], [ 113.205132984000102, -7.753747945999976, 0.0 ], [ 113.203731389000041, -7.753808800999934, 0.0 ], [ 113.202774845000022, -7.753844493999964, 0.0 ], [ 113.202684336000061, -7.753847119999932, 0.0 ], [ 113.201954908000062, -7.753868276999981, 0.0 ], [ 113.201659212000095, -7.753876853999941, 0.0 ], [ 113.201372153000079, -7.753885181999976, 0.0 ], [ 113.200635440000042, -7.75389981099994, 0.0 ], [ 113.200305679000053, -7.753906360999963, 0.0 ], [ 113.200039062000087, -7.753911389999928, 0.0 ], [ 113.199801233000017, -7.753915875999951, 0.0 ], [ 113.199551270000029, -7.753935625999929, 0.0 ], [ 113.199337119, -7.753947522999965, 0.0 ], [ 113.199193042000047, -7.753953199999955, 0.0 ], [ 113.199134166000022, -7.753974778999975, 0.0 ], [ 113.199135944000091, -7.753955449999978, 0.0 ], [ 113.199183636000043, -7.75343767399994, 0.0 ], [ 113.199150277000058, -7.753144110999926, 0.0 ], [ 113.199152094000056, -7.752916895999931, 0.0 ], [ 113.199121036000065, -7.752707788999942, 0.0 ], [ 113.199114249000104, -7.752615078999952, 0.0 ], [ 113.199108130000013, -7.752531472999976, 0.0 ], [ 113.199133661000019, -7.752253314999962, 0.0 ], [ 113.19919956800004, -7.75194549899993, 0.0 ], [ 113.199221450000096, -7.751843294999958, 0.0 ], [ 113.199295973000062, -7.751351137999961, 0.0 ], [ 113.199360001000059, -7.750720000999934, 0.0 ], [ 113.19935, -7.750000000999933, 0.0 ], [ 113.19934000100011, -7.749409998999965, 0.0 ], [ 113.19929, -7.7486, 0.0 ], [ 113.19925, -7.74827, 0.0 ], [ 113.199099999000055, -7.74793, 0.0 ], [ 113.199039998000103, -7.7478, 0.0 ], [ 113.199030000000107, -7.74757, 0.0 ], [ 113.19919, -7.746920001999968, 0.0 ], [ 113.19934000100011, -7.746430000999965, 0.0 ], [ 113.1994, -7.74525, 0.0 ], [ 113.19937, -7.744930001999933, 0.0 ], [ 113.19916, -7.744219998999938, 0.0 ], [ 113.19847, -7.74291, 0.0 ], [ 113.19839, -7.742779998999936, 0.0 ], [ 113.198259999000015, -7.74254, 0.0 ], [ 113.19818, -7.742389998999954, 0.0 ], [ 113.19797, -7.74174, 0.0 ], [ 113.19788, -7.74129, 0.0 ], [ 113.19784044000005, -7.741092205999962, 0.0 ], [ 113.197835822000116, -7.741093271999944, 0.0 ], [ 113.197770717000026, -7.740827626999931, 0.0 ], [ 113.197786300000075, -7.740842731999976, 0.0 ], [ 113.1978189780001, -7.740860952999981, 0.0 ], [ 113.197848493000038, -7.740860048999934, 0.0 ], [ 113.197872587, -7.74084920699994, 0.0 ], [ 113.197894121000104, -7.740834900999971, 0.0 ], [ 113.197910987000114, -7.740819841999951, 0.0 ], [ 113.197922883000047, -7.740800114999956, 0.0 ], [ 113.197923034000041, -7.740778128999978, 0.0 ], [ 113.197918065000067, -7.740754787999947, 0.0 ], [ 113.197916408000083, -7.740732801999968, 0.0 ], [ 113.197926347000021, -7.740708557999938, 0.0 ], [ 113.197950140000103, -7.740680849999933, 0.0 ], [ 113.197985076, -7.740652086999944, 0.0 ], [ 113.19801489300005, -7.74062844499997, 0.0 ], [ 113.198041697, -7.740607061999981, 0.0 ], [ 113.198065942000085, -7.740586581999935, 0.0 ], [ 113.198085518000084, -7.740565047999951, 0.0 ], [ 113.198097264000012, -7.740544416999967, 0.0 ], [ 113.198102083000094, -7.740519117999952, 0.0 ], [ 113.198107956000058, -7.740492162999942, 0.0 ], [ 113.198124219000078, -7.740466110999932, 0.0 ], [ 113.198148614000047, -7.740457678999974, 0.0 ], [ 113.198173763000113, -7.740456172999927, 0.0 ], [ 113.198192285, -7.740454365999938, 0.0 ], [ 113.198195447000103, -7.740441113999964, 0.0 ], [ 113.198187918000031, -7.740422440999964, 0.0 ], [ 113.198179786000082, -7.74040090699998, 0.0 ], [ 113.198181744000067, -7.740377113999955, 0.0 ], [ 113.198192436000113, -7.740357537999955, 0.0 ], [ 113.198210355000015, -7.740341876999935, 0.0 ], [ 113.198229179, -7.740327570999966, 0.0 ], [ 113.198251767000102, -7.740314017999935, 0.0 ], [ 113.198275711000065, -7.740309499999967, 0.0 ], [ 113.198300106000033, -7.740316878999977, 0.0 ], [ 113.198315918000048, -7.740332690999935, 0.0 ], [ 113.198323447, -7.740350760999945, 0.0 ], [ 113.198328416000095, -7.74036777799995, 0.0 ], [ 113.198335193000048, -7.74038343899997, 0.0 ], [ 113.19834422800011, -7.740400755999929, 0.0 ], [ 113.198353414000053, -7.740421838999964, 0.0 ], [ 113.198369828000068, -7.740444727999943, 0.0 ], [ 113.198387296000078, -7.740451654999958, 0.0 ], [ 113.198405668000078, -7.740446534999933, 0.0 ], [ 113.198419673000103, -7.740434035999954, 0.0 ], [ 113.198435183000015, -7.740420934999975, 0.0 ], [ 113.19845069400003, -7.740415814999949, 0.0 ], [ 113.198466957000051, -7.740416417999938, 0.0 ], [ 113.198481865000076, -7.740420784999969, 0.0 ], [ 113.198494213000117, -7.74042906699998, 0.0 ], [ 113.19850490500005, -7.740440812999964, 0.0 ], [ 113.198512284000117, -7.740453160999948, 0.0 ], [ 113.198518308000075, -7.740464605999932, 0.0 ], [ 113.198526740000034, -7.740476200999979, 0.0 ], [ 113.198541950000049, -7.740488397999968, 0.0 ], [ 113.198557159000075, -7.740501197999947, 0.0 ], [ 113.198569206000116, -7.740513094999926, 0.0 ], [ 113.198576585000069, -7.740526346999957, 0.0 ], [ 113.198580952000043, -7.740539899999931, 0.0 ], [ 113.198583361000033, -7.740553903999967, 0.0 ], [ 113.198585921000017, -7.74056896299993, 0.0 ], [ 113.198591192000094, -7.74058402199995, 0.0 ], [ 113.198602034000032, -7.740595767999935, 0.0 ], [ 113.198616641000058, -7.740599080999971, 0.0 ], [ 113.198633808000068, -7.74059561699994, 0.0 ], [ 113.198646307000104, -7.740585978999945, 0.0 ], [ 113.198654288000057, -7.740570167999977, 0.0 ], [ 113.198656095000047, -7.740554355999961, 0.0 ], [ 113.198658957000021, -7.740536284999962, 0.0 ], [ 113.198667992000082, -7.740520322999942, 0.0 ], [ 113.198683201000108, -7.740509179999947, 0.0 ], [ 113.198699465000118, -7.740503306999926, 0.0 ], [ 113.198716632000014, -7.740500294999947, 0.0 ], [ 113.198735154000019, -7.740497583999968, 0.0 ], [ 113.198756236, -7.740496077999978, 0.0 ], [ 113.198770693000029, -7.740500143999952, 0.0 ], [ 113.198780481000085, -7.740511437999942, 0.0 ], [ 113.198784848000059, -7.740533574999972, 0.0 ], [ 113.198786806000044, -7.74055947599993, 0.0 ], [ 113.198788914000033, -7.740585978999945, 0.0 ], [ 113.198795991000111, -7.740606759999935, 0.0 ], [ 113.198809996000023, -7.740621517999955, 0.0 ], [ 113.198831380000115, -7.740631908999944, 0.0 ], [ 113.198854118000099, -7.740641545999949, 0.0 ], [ 113.198877008000068, -7.740652689999934, 0.0 ], [ 113.198897337000062, -7.740668651999954, 0.0 ], [ 113.198916913000062, -7.740685818999964, 0.0 ], [ 113.198939200000041, -7.740704340999969, 0.0 ], [ 113.198965704000102, -7.740719700999932, 0.0 ], [ 113.19899281000005, -7.740731747999973, 0.0 ], [ 113.199018711, -7.740741536999963, 0.0 ], [ 113.199045666000075, -7.740751926999963, 0.0 ], [ 113.199069308000048, -7.740763521999952, 0.0 ], [ 113.199090240000032, -7.740774364999936, 0.0 ], [ 113.199108612000032, -7.740784905999931, 0.0 ], [ 113.199127586000031, -7.740794844999925, 0.0 ], [ 113.19914957200001, -7.740802975999941, 0.0 ], [ 113.199175473000082, -7.740807192999966, 0.0 ], [ 113.19920107300004, -7.740803427999936, 0.0 ], [ 113.199225468, -7.740794392999931, 0.0 ], [ 113.199251218000086, -7.740784604999931, 0.0 ], [ 113.199273204000065, -7.740783851999936, 0.0 ], [ 113.199292630000059, -7.740790025999956, 0.0 ], [ 113.199308893000079, -7.740802975999941, 0.0 ], [ 113.199325308000084, -7.740814872999977, 0.0 ], [ 113.199348046000068, -7.740826919999961, 0.0 ], [ 113.199375303000011, -7.740836858999955, 0.0 ], [ 113.199408281000046, -7.740841978999981, 0.0 ], [ 113.199430267000025, -7.740837761999956, 0.0 ], [ 113.199452554000118, -7.74082225199993, 0.0 ], [ 113.199469269000019, -7.740805837999972, 0.0 ], [ 113.199488244, -7.740792434999946, 0.0 ], [ 113.199513241000091, -7.740783550999936, 0.0 ], [ 113.199548027000105, -7.740778881999972, 0.0 ], [ 113.199589740000079, -7.740772858999946, 0.0 ], [ 113.199625881000088, -7.740768190999972, 0.0 ], [ 113.199659311, -7.740764576999936, 0.0 ], [ 113.199688826000056, -7.740760208999973, 0.0 ], [ 113.199721203000081, -7.740757347999931, 0.0 ], [ 113.199758247000091, -7.740758251999978, 0.0 ], [ 113.199792431000105, -7.740766684999926, 0.0 ], [ 113.199815772000079, -7.740778430999967, 0.0 ], [ 113.199831132000099, -7.740790326999957, 0.0 ], [ 113.199846793, -7.74080448199993, 0.0 ], [ 113.199865014000011, -7.740817281999966, 0.0 ], [ 113.199890765000077, -7.740828726999951, 0.0 ], [ 113.199908082000093, -7.740823757999976, 0.0 ], [ 113.199919979000015, -7.740809601999956, 0.0 ], [ 113.199925701000097, -7.740790477999951, 0.0 ], [ 113.199932929000056, -7.740772255999957, 0.0 ], [ 113.199942718000102, -7.740757347999931, 0.0 ], [ 113.199959734000117, -7.740744397999947, 0.0 ], [ 113.199982322000096, -7.740737771999932, 0.0 ], [ 113.200010633000034, -7.740740481999978, 0.0 ], [ 113.200035931000116, -7.740747860999932, 0.0 ], [ 113.20005565800011, -7.740749216999973, 0.0 ], [ 113.200066049000043, -7.740741084999968, 0.0 ], [ 113.200075235000099, -7.740718947999937, 0.0 ], [ 113.200086378000037, -7.740700124999933, 0.0 ], [ 113.200107310000021, -7.740680548999933, 0.0 ], [ 113.200132910000093, -7.740668651999954, 0.0 ], [ 113.200172213000087, -7.740657357999964, 0.0 ], [ 113.20021362500006, -7.740647569999965, 0.0 ], [ 113.200257898000018, -7.740638383999965, 0.0 ], [ 113.200295695000023, -7.74062874599997, 0.0 ], [ 113.200333342000022, -7.740617, 0.0 ], [ 113.200370387000021, -7.740606458999935, 0.0 ], [ 113.200407281000025, -7.74059501499994, 0.0 ], [ 113.20044387400003, -7.740579503999982, 0.0 ], [ 113.200484081000013, -7.740555560999951, 0.0 ], [ 113.200525492000111, -7.740531466999926, 0.0 ], [ 113.200564495000094, -7.740513395999926, 0.0 ], [ 113.200602593000099, -7.740506920999962, 0.0 ], [ 113.200632259000031, -7.740508275999957, 0.0 ], [ 113.200659666000092, -7.740515804999973, 0.0 ], [ 113.200680748000082, -7.740528604999952, 0.0 ], [ 113.200704692000045, -7.740545018999967, 0.0 ], [ 113.200729388000013, -7.74056007799993, 0.0 ], [ 113.200761162000049, -7.740573931999961, 0.0 ], [ 113.200786009000012, -7.74058402199995, 0.0 ], [ 113.200814771000069, -7.74059471299995, 0.0 ], [ 113.200836908000042, -7.74060420099994, 0.0 ], [ 113.200860851000016, -7.740610524999965, 0.0 ], [ 113.200886150000088, -7.740614439999945, 0.0 ], [ 113.200914461000025, -7.740619108999965, 0.0 ], [ 113.200937952000118, -7.740624228999934, 0.0 ], [ 113.200960992000091, -7.740626486999929, 0.0 ], [ 113.200989002000028, -7.740623927999934, 0.0 ], [ 113.201028154000028, -7.740617, 0.0 ], [ 113.201073331000089, -7.740609319999976, 0.0 ], [ 113.201109020000104, -7.740605555999934, 0.0 ], [ 113.20114094500002, -7.74060118899996, 0.0 ], [ 113.201165340000102, -7.740592604999961, 0.0 ], [ 113.201188832000071, -7.740571823999971, 0.0 ], [ 113.201201029000117, -7.740546675999951, 0.0 ], [ 113.201200728000117, -7.740517913999952, 0.0 ], [ 113.20119455400004, -7.740493969999932, 0.0 ], [ 113.201187777000086, -7.740470176999963, 0.0 ], [ 113.201188229000081, -7.740450751999958, 0.0 ], [ 113.201197415000024, -7.740433132999954, 0.0 ], [ 113.201217744000019, -7.74041897799998, 0.0 ], [ 113.201248615000054, -7.740407833999939, 0.0 ], [ 113.201285659000064, -7.740402864999965, 0.0 ], [ 113.201318939000089, -7.740406628999949, 0.0 ], [ 113.201351918000114, -7.740416115999949, 0.0 ], [ 113.201383090000036, -7.74042966899998, 0.0 ], [ 113.201412756000082, -7.740447588999928, 0.0 ], [ 113.201440464000029, -7.740469725999958, 0.0 ], [ 113.201469527000086, -7.740497583999968, 0.0 ], [ 113.20149106100007, -7.740521075999936, 0.0 ], [ 113.201512595000054, -7.740537640999946, 0.0 ], [ 113.201536840000017, -7.740543814999967, 0.0 ], [ 113.201572077000037, -7.740545470999962, 0.0 ], [ 113.201604002000067, -7.740548783999941, 0.0 ], [ 113.201627795000036, -7.740553903999967, 0.0 ], [ 113.201650534, -7.740559324999936, 0.0 ], [ 113.201677790000076, -7.740563691999967, 0.0 ], [ 113.201711823000096, -7.740563240999961, 0.0 ], [ 113.201746609000111, -7.740563993999956, 0.0 ], [ 113.201776726000048, -7.740567004999946, 0.0 ], [ 113.201797357000032, -7.740571070999977, 0.0 ], [ 113.201813470000047, -7.740577696999935, 0.0 ], [ 113.201827625000078, -7.74058673199994, 0.0 ], [ 113.201846599000078, -7.740600736999966, 0.0 ], [ 113.201873554000031, -7.740613988999939, 0.0 ], [ 113.201905479000061, -7.740618807999965, 0.0 ], [ 113.201933940000117, -7.74060420099994, 0.0 ], [ 113.201949601000024, -7.740573329999961, 0.0 ], [ 113.201952462, -7.740527701999952, 0.0 ], [ 113.201953818000106, -7.740487193999968, 0.0 ], [ 113.20195818500008, -7.740461593999953, 0.0 ], [ 113.201969027000018, -7.740443974999948, 0.0 ], [ 113.201984839000033, -7.740430120999974, 0.0 ], [ 113.202000952000049, -7.740414158999954, 0.0 ], [ 113.202011944000105, -7.740396690999944, 0.0 ], [ 113.2020123960001, -7.740372445999981, 0.0 ], [ 113.202003060000038, -7.740348953999955, 0.0 ], [ 113.201990109, -7.740325763999977, 0.0 ], [ 113.201981375000059, -7.740304680999941, 0.0 ], [ 113.201983483000049, -7.740287664999926, 0.0 ], [ 113.201997488000075, -7.740274412999952, 0.0 ], [ 113.202021431000048, -7.740269292999926, 0.0 ], [ 113.202046278000012, -7.740269292999926, 0.0 ], [ 113.202072631000078, -7.740273358999957, 0.0 ], [ 113.202089045000093, -7.740275015999941, 0.0 ], [ 113.202103652, -7.740275316999941, 0.0 ], [ 113.202112989000057, -7.740276822999931, 0.0 ], [ 113.202124132000108, -7.740279231999978, 0.0 ], [ 113.202137083000025, -7.740279984999972, 0.0 ], [ 113.202151690000051, -7.740273659999957, 0.0 ], [ 113.202165695000076, -7.740262817999962, 0.0 ], [ 113.202178495000112, -7.740248210999937, 0.0 ], [ 113.202196113000014, -7.740236163999953, 0.0 ], [ 113.202214636, -7.740229688999932, 0.0 ], [ 113.202236170000106, -7.740227881999942, 0.0 ], [ 113.2022555960001, -7.740230441999927, 0.0 ], [ 113.202273817000105, -7.740236314999947, 0.0 ], [ 113.202290231, -7.740245198999958, 0.0 ], [ 113.202303332000042, -7.740259353999932, 0.0 ], [ 113.202312819000099, -7.740274412999952, 0.0 ], [ 113.202321101000052, -7.740288869999972, 0.0 ], [ 113.202331040000104, -7.740297302999977, 0.0 ], [ 113.202344743000026, -7.740298657999972, 0.0 ], [ 113.202359802000046, -7.740293838999946, 0.0 ], [ 113.202372753000077, -7.740289471999972, 0.0 ], [ 113.202386005000108, -7.740288417999977, 0.0 ], [ 113.20239880500003, -7.740289471999972, 0.0 ], [ 113.202412960000061, -7.740288718999977, 0.0 ], [ 113.202429073000076, -7.740286007999941, 0.0 ], [ 113.20244940200007, -7.740284502999941, 0.0 ], [ 113.202473797000039, -7.740286459999936, 0.0 ], [ 113.2025006020001, -7.740293989999941, 0.0 ], [ 113.202524244000074, -7.740306789999977, 0.0 ], [ 113.202546682000047, -7.74032455899993, 0.0 ], [ 113.202569722000021, -7.740344436999976, 0.0 ], [ 113.202589750000016, -7.740354977999971, 0.0 ], [ 113.202606314000036, -7.74035151399994, 0.0 ], [ 113.202622126000051, -7.740338563999956, 0.0 ], [ 113.202640498000051, -7.740323504999935, 0.0 ], [ 113.202666851000117, -7.740307993999977, 0.0 ], [ 113.202688234000107, -7.740298356999972, 0.0 ], [ 113.202704799000117, -7.740293537999946, 0.0 ], [ 113.20271217800007, -7.740298657999972, 0.0 ], [ 113.202715039000054, -7.740309499999967, 0.0 ], [ 113.202711124000075, -7.740327419999971, 0.0 ], [ 113.20271067200008, -7.740339014999961, 0.0 ], [ 113.202714286000059, -7.740347146999966, 0.0 ], [ 113.202723321, -7.740347748999966, 0.0 ], [ 113.202739434000023, -7.74034323199993, 0.0 ], [ 113.20276157100011, -7.74033374499993, 0.0 ], [ 113.202789580000058, -7.740322901999946, 0.0 ], [ 113.202823010000088, -7.740316125999925, 0.0 ], [ 113.202857495000103, -7.740316577999977, 0.0 ], [ 113.20289092500002, -7.740322600999946, 0.0 ], [ 113.202913363000107, -7.74033193799994, 0.0 ], [ 113.202934746000096, -7.740345791999971, 0.0 ], [ 113.202955829000075, -7.740362506999929, 0.0 ], [ 113.202977513000064, -7.740380125999934, 0.0 ], [ 113.202998445000048, -7.74039292599997, 0.0 ], [ 113.203028563000089, -7.74040331599997, 0.0 ], [ 113.203066812000088, -7.740409640999928, 0.0 ], [ 113.20311575300002, -7.740412953999964, 0.0 ], [ 113.203161080000086, -7.740412652999964, 0.0 ], [ 113.203199630000086, -7.740411447999975, 0.0 ], [ 113.203226435000033, -7.740412953999964, 0.0 ], [ 113.20325489600009, -7.740419127999928, 0.0 ], [ 113.203280345000053, -7.740427711999928, 0.0 ], [ 113.203307602000109, -7.740437499999928, 0.0 ], [ 113.203330642000083, -7.740446383999938, 0.0 ], [ 113.203349766000088, -7.740451052999958, 0.0 ], [ 113.203374764000046, -7.740450449999969, 0.0 ], [ 113.203402171000107, -7.740443974999948, 0.0 ], [ 113.20343786, -7.740431475999969, 0.0 ], [ 113.203470990000028, -7.740420031999975, 0.0 ], [ 113.203502011000069, -7.740413857999954, 0.0 ], [ 113.203527309000037, -7.740414760999954, 0.0 ], [ 113.203546434000032, -7.740415664999944, 0.0 ], [ 113.203565408000031, -7.740412652999964, 0.0 ], [ 113.203586340000015, -7.740403918999959, 0.0 ], [ 113.203614500000072, -7.740393678999965, 0.0 ], [ 113.203646123000112, -7.740389612999934, 0.0 ], [ 113.203679855000019, -7.74039533499996, 0.0 ], [ 113.20370756300008, -7.740407080999944, 0.0 ], [ 113.203729398000064, -7.740417922999939, 0.0 ], [ 113.20374430600009, -7.740426506999938, 0.0 ], [ 113.203760419000105, -7.740434788999949, 0.0 ], [ 113.203775177000011, -7.740440209999974, 0.0 ], [ 113.203790236000032, -7.740440661999969, 0.0 ], [ 113.203804692000062, -7.740437047999933, 0.0 ], [ 113.203821709000067, -7.740431024999964, 0.0 ], [ 113.203840833000072, -7.740428464999979, 0.0 ], [ 113.203861012000061, -7.740430873999969, 0.0 ], [ 113.203881341000056, -7.740436746999933, 0.0 ], [ 113.203900617000045, -7.740441715999964, 0.0 ], [ 113.203918085000055, -7.740443522999954, 0.0 ], [ 113.20393449900007, -7.740442318999953, 0.0 ], [ 113.203952118000075, -7.740437951999979, 0.0 ], [ 113.203970188000085, -7.740431626999964, 0.0 ], [ 113.203987958000084, -7.740425301999949, 0.0 ], [ 113.204001510000012, -7.740420784999969, 0.0 ], [ 113.204014461000043, -7.740417621999939, 0.0 ], [ 113.204025153000089, -7.740418224999928, 0.0 ], [ 113.204042922000099, -7.740423042999964, 0.0 ], [ 113.204060993000098, -7.740433584999948, 0.0 ], [ 113.204085689000067, -7.740443372999948, 0.0 ], [ 113.204104512000072, -7.740446685999927, 0.0 ], [ 113.20412589600005, -7.740444275999948, 0.0 ], [ 113.204140202000076, -7.740437951999979, 0.0 ], [ 113.204151797, -7.740432529999964, 0.0 ], [ 113.204162188000055, -7.74042876599998, 0.0 ], [ 113.20417679500008, -7.740431024999964, 0.0 ], [ 113.204193058000101, -7.740435089999949, 0.0 ], [ 113.20421353800009, -7.740438101999928, 0.0 ], [ 113.204237783000053, -7.740434638999943, 0.0 ], [ 113.204268653000099, -7.740432680999959, 0.0 ], [ 113.204299825000021, -7.740435240999943, 0.0 ], [ 113.204326479000088, -7.740438101999928, 0.0 ], [ 113.204348314000072, -7.740430120999974, 0.0 ], [ 113.204360512000108, -7.740412652999964, 0.0 ], [ 113.204364276000092, -7.740392473999975, 0.0 ], [ 113.204363674000092, -7.740369433999945, 0.0 ], [ 113.204359909, -7.740347297999961, 0.0 ], [ 113.204362771000092, -7.740326516999971, 0.0 ], [ 113.204379636000112, -7.740307240999925, 0.0 ], [ 113.204404935000071, -7.740293085999951, 0.0 ], [ 113.204432041000018, -7.740278930999978, 0.0 ], [ 113.2044555330001, -7.740265076999947, 0.0 ], [ 113.204472248000116, -7.740254836999952, 0.0 ], [ 113.204483994000043, -7.740247005999947, 0.0 ], [ 113.204498902000068, -7.740245499999958, 0.0 ], [ 113.204514111000094, -7.740246855999942, 0.0 ], [ 113.204536699000073, -7.740249415999926, 0.0 ], [ 113.204556577000062, -7.740249866999932, 0.0 ], [ 113.204579768000031, -7.740242337999973, 0.0 ], [ 113.204592417000072, -7.740228935999937, 0.0 ], [ 113.204597085000046, -7.740212521999979, 0.0 ], [ 113.204595429000051, -7.740195805999974, 0.0 ], [ 113.204592417000072, -7.740177283999969, 0.0 ], [ 113.204586243000108, -7.740156050999929, 0.0 ], [ 113.20458187600002, -7.74013346299995, 0.0 ], [ 113.204581424000025, -7.740110723999976, 0.0 ], [ 113.204589255000087, -7.740092201999971, 0.0 ], [ 113.204600699000025, -7.74007804699994, 0.0 ], [ 113.204619071000025, -7.74007006599993, 0.0 ], [ 113.204640454000014, -7.740066300999956, 0.0 ], [ 113.204660181, -7.740066752999951, 0.0 ], [ 113.204678403000116, -7.740066752999951, 0.0 ], [ 113.204697678000116, -7.740064041999972, 0.0 ], [ 113.204718158000105, -7.740058921999946, 0.0 ], [ 113.204739240000094, -7.740055608999967, 0.0 ], [ 113.204755805000104, -7.740051542999936, 0.0 ], [ 113.204769207000027, -7.740045971999962, 0.0 ], [ 113.204783362000057, -7.740039194999952, 0.0 ], [ 113.204799776000073, -7.740034827999978, 0.0 ], [ 113.204817696000077, -7.740033622999931, 0.0 ], [ 113.204834261000087, -7.740036032999967, 0.0 ], [ 113.204851277000103, -7.740039495999952, 0.0 ], [ 113.204867691000118, -7.740039646999946, 0.0 ], [ 113.204884708, -7.740034225999977, 0.0 ], [ 113.204894496000065, -7.740026244999967, 0.0 ], [ 113.204904134000117, -7.740014046999931, 0.0 ], [ 113.204914072000065, -7.740003505999937, 0.0 ], [ 113.204929131000085, -7.739996277999978, 0.0 ], [ 113.204941479000013, -7.739991307999958, 0.0 ], [ 113.204951117000064, -7.739985585999932, 0.0 ], [ 113.204959098000018, -7.739978808999979, 0.0 ], [ 113.204969338000069, -7.739970074999974, 0.0 ], [ 113.204979126000012, -7.739967063999927, 0.0 ], [ 113.204990270000053, -7.739964653999948, 0.0 ], [ 113.205001413000105, -7.739958027999933, 0.0 ], [ 113.205013912000027, -7.739940107999928, 0.0 ], [ 113.205035446000011, -7.739918423999939, 0.0 ], [ 113.205074448, -7.739893425999981, 0.0 ], [ 113.205130317000112, -7.73986887999996, 0.0 ], [ 113.205178354000054, -7.739856380999981, 0.0 ], [ 113.205219314000033, -7.739851562999945, 0.0 ], [ 113.205258467000021, -7.73985291799994, 0.0 ], [ 113.205294156000036, -7.73985080999995, 0.0 ], [ 113.205323972000087, -7.739848249999966, 0.0 ], [ 113.205343850000077, -7.73984312999994, 0.0 ], [ 113.205359361000092, -7.739834395999935, 0.0 ], [ 113.20536809500004, -7.739820541999961, 0.0 ], [ 113.205368848000035, -7.739802319999967, 0.0 ], [ 113.20536689000005, -7.739780785999926, 0.0 ], [ 113.20537020300003, -7.739759251999942, 0.0 ], [ 113.205377883000097, -7.739740880999932, 0.0 ], [ 113.205390532000024, -7.739723562999927, 0.0 ], [ 113.205406193000044, -7.739708202999964, 0.0 ], [ 113.205427426000028, -7.739693746999933, 0.0 ], [ 113.205448057000012, -7.739680042999964, 0.0 ], [ 113.205472151000095, -7.739663026999949, 0.0 ], [ 113.205493986000079, -7.73964465499995, 0.0 ], [ 113.205513111000073, -7.739630348999981, 0.0 ], [ 113.205534193000062, -7.739625831999945, 0.0 ], [ 113.205558136000036, -7.739630348999981, 0.0 ], [ 113.20559412700004, -7.739641191999965, 0.0 ], [ 113.205618974000117, -7.739655195999944, 0.0 ], [ 113.205643068000086, -7.739678536999975, 0.0 ], [ 113.205652555000029, -7.739707901999964, 0.0 ], [ 113.205653157000029, -7.739737717999958, 0.0 ], [ 113.205655115000013, -7.739764522999963, 0.0 ], [ 113.205668066000044, -7.739782592999973, 0.0 ], [ 113.205694418, -7.739793585999962, 0.0 ], [ 113.205718211000089, -7.739799157999926, 0.0 ], [ 113.205735680000089, -7.739804578999951, 0.0 ], [ 113.205751341000109, -7.739811656999962, 0.0 ], [ 113.205769712, -7.739821444999961, 0.0 ], [ 113.205793505000088, -7.739830931999961, 0.0 ], [ 113.205825129, -7.739836202999982, 0.0 ], [ 113.205849524000087, -7.73983514899993, 0.0 ], [ 113.205879340000024, -7.739828522999971, 0.0 ], [ 113.205901025000117, -7.739824757999941, 0.0 ], [ 113.205930691000049, -7.739823402999946, 0.0 ], [ 113.205965476000074, -7.73982656499993, 0.0 ], [ 113.206002220000073, -7.739829124999972, 0.0 ], [ 113.20603173500001, -7.739832136999951, 0.0 ], [ 113.206057335000082, -7.73983394399994, 0.0 ], [ 113.206079321000061, -7.739833039999951, 0.0 ], [ 113.206104620000019, -7.739828974999966, 0.0 ], [ 113.206131876000086, -7.739823251999951, 0.0 ], [ 113.206166361000101, -7.739819637999972, 0.0 ], [ 113.206200996, -7.739819035999972, 0.0 ], [ 113.206235029000027, -7.739823703999946, 0.0 ], [ 113.206267254000068, -7.739831232999961, 0.0 ], [ 113.206297974000108, -7.739838611999971, 0.0 ], [ 113.20633095300002, -7.739838310999971, 0.0 ], [ 113.206358511000076, -7.739827468999977, 0.0 ], [ 113.206381099000055, -7.739805783999941, 0.0 ], [ 113.206390134000117, -7.739780183999926, 0.0 ], [ 113.206393598000091, -7.739752626999973, 0.0 ], [ 113.206393598000091, -7.739724767999974, 0.0 ], [ 113.20639630800008, -7.739696908999974, 0.0 ], [ 113.206400374000054, -7.739671158999954, 0.0 ], [ 113.206404440000028, -7.739648871999975, 0.0 ], [ 113.206408807000116, -7.73963155399997, 0.0 ], [ 113.20641377600009, -7.739615440999955, 0.0 ], [ 113.206421908000038, -7.739597671999945, 0.0 ], [ 113.206427179000116, -7.739577040999961, 0.0 ], [ 113.2064303410001, -7.739549633999957, 0.0 ], [ 113.206433052000079, -7.739517407999926, 0.0 ], [ 113.206440882000038, -7.739482772999963, 0.0 ], [ 113.206453983000074, -7.739460184999928, 0.0 ], [ 113.206470397000089, -7.739444975999959, 0.0 ], [ 113.206492383000068, -7.739433831999975, 0.0 ], [ 113.206512863000057, -7.739423742999975, 0.0 ], [ 113.206529578000072, -7.739410942999939, 0.0 ], [ 113.206540120000113, -7.739391968999939, 0.0 ], [ 113.206541174000108, -7.73936260399995, 0.0 ], [ 113.206539668, -7.739324655999951, 0.0 ], [ 113.206544185000098, -7.739279328999942, 0.0 ], [ 113.206552919000046, -7.739244693999979, 0.0 ], [ 113.206565870000077, -7.739213371999938, 0.0 ], [ 113.206579875000102, -7.739185361999944, 0.0 ], [ 113.206599451000102, -7.739154190999955, 0.0 ], [ 113.206617823000101, -7.739126481999961, 0.0 ], [ 113.206634237000117, -7.739101785999935, 0.0 ], [ 113.206652609000116, -7.739080402999946, 0.0 ], [ 113.206671583000116, -7.739062632999946, 0.0 ], [ 113.206694171000095, -7.739048326999978, 0.0 ], [ 113.206717361000074, -7.739038237999978, 0.0 ], [ 113.206743112000026, -7.739033870999947, 0.0 ], [ 113.206762387000026, -7.739033569999947, 0.0 ], [ 113.206776994000052, -7.739031461999957, 0.0 ], [ 113.206786180000108, -7.739022877999957, 0.0 ], [ 113.206795065000051, -7.739009023999927, 0.0 ], [ 113.206808618000082, -7.738996675999942, 0.0 ], [ 113.206828495000082, -7.738988242999937, 0.0 ], [ 113.206849427000066, -7.738984628999958, 0.0 ], [ 113.206864937000091, -7.738975442999958, 0.0 ], [ 113.206876834000013, -7.738966105999964, 0.0 ], [ 113.206890537000049, -7.738957673999948, 0.0 ], [ 113.206912222000028, -7.738957070999959, 0.0 ], [ 113.206934057000012, -7.738959178999949, 0.0 ], [ 113.206954838000115, -7.738956167999959, 0.0 ], [ 113.206973210000115, -7.738945324999975, 0.0 ], [ 113.206985859000042, -7.73892740499997, 0.0 ], [ 113.206997906000083, -7.738910087999955, 0.0 ], [ 113.207012062000103, -7.73889487799994, 0.0 ], [ 113.207037360000072, -7.738878915999976, 0.0 ], [ 113.207066123000118, -7.738864459999945, 0.0 ], [ 113.207101812000019, -7.73884684099994, 0.0 ], [ 113.20713343500006, -7.738823951999962, 0.0 ], [ 113.207164908000095, -7.738790219999942, 0.0 ], [ 113.207187195000074, -7.738752421999948, 0.0 ], [ 113.207202254000094, -7.738720647999969, 0.0 ], [ 113.207214301000022, -7.738695198999949, 0.0 ], [ 113.207229962000042, -7.73867170699998, 0.0 ], [ 113.207248183000047, -7.738652732999981, 0.0 ], [ 113.207273181, -7.73863616899996, 0.0 ], [ 113.207301793000056, -7.738619754999945, 0.0 ], [ 113.207332814000097, -7.73860394299993, 0.0 ], [ 113.207361877000039, -7.738589937999961, 0.0 ], [ 113.20739199500008, -7.738578944999972, 0.0 ], [ 113.207423468000115, -7.738571264999962, 0.0 ], [ 113.207457199000032, -7.738568102999977, 0.0 ], [ 113.207482498000104, -7.738564789999941, 0.0 ], [ 113.207508700000062, -7.738559217999978, 0.0 ], [ 113.20753520400001, -7.738553947999947, 0.0 ], [ 113.207565321000061, -7.738548375999926, 0.0 ], [ 113.207593029, -7.738545664999947, 0.0 ], [ 113.207623147000049, -7.738543104999962, 0.0 ], [ 113.207651909000106, -7.738541147999968, 0.0 ], [ 113.207684286000017, -7.738535726999942, 0.0 ], [ 113.207717415000047, -7.738526238999953, 0.0 ], [ 113.207751448000067, -7.738508017999948, 0.0 ], [ 113.207776295000031, -7.738488290999953, 0.0 ], [ 113.207796925000025, -7.738469467999948, 0.0 ], [ 113.20781333900004, -7.73846434799998, 0.0 ], [ 113.207823128000086, -7.738469015999954, 0.0 ], [ 113.207829, -7.738480912999933, 0.0 ], [ 113.207836078000014, -7.738487688999953, 0.0 ], [ 113.207846619000065, -7.738487236999958, 0.0 ], [ 113.207859570000096, -7.738476545999958, 0.0 ], [ 113.207869207000044, -7.738469768999948, 0.0 ], [ 113.207881556000075, -7.738466756999969, 0.0 ], [ 113.20789887300009, -7.738467509999964, 0.0 ], [ 113.207923570000048, -7.738468413999954, 0.0 ], [ 113.207943447000048, -7.73846494999998, 0.0 ], [ 113.207963475000042, -7.738454709999928, 0.0 ], [ 113.207976577000068, -7.73843829599997, 0.0 ], [ 113.20798772, -7.738415707999934, 0.0 ], [ 113.207999315000052, -7.738391914999966, 0.0 ], [ 113.208016332000057, -7.73836902599993, 0.0 ], [ 113.208038619000035, -7.73835743099994, 0.0 ], [ 113.208067833000086, -7.738352460999977, 0.0 ], [ 113.208107588000075, -7.738353815999972, 0.0 ], [ 113.208149150000054, -7.738356375999956, 0.0 ], [ 113.2081785150001, -7.738363152999966, 0.0 ], [ 113.208195230000115, -7.738370681999982, 0.0 ], [ 113.208207126000048, -7.73837519999995, 0.0 ], [ 113.208219475000078, -7.738370079999981, 0.0 ], [ 113.208235136000098, -7.738354719999961, 0.0 ], [ 113.208258176000072, -7.738344630999961, 0.0 ], [ 113.208292058000097, -7.738342672999977, 0.0 ], [ 113.208331211000086, -7.73835035299993, 0.0 ], [ 113.208361479000018, -7.738359086999935, 0.0 ], [ 113.2083849710001, -7.738367368999945, 0.0 ], [ 113.208400481000012, -7.738369477999981, 0.0 ], [ 113.208419003000017, -7.738363604999961, 0.0 ], [ 113.208434213000032, -7.738347792999946, 0.0 ], [ 113.208450778000042, -7.738326710999957, 0.0 ], [ 113.208470956000042, -7.738308187999962, 0.0 ], [ 113.208494599, -7.738293430999931, 0.0 ], [ 113.208525168000051, -7.738281533999952, 0.0 ], [ 113.208559652000076, -7.738272950999942, 0.0 ], [ 113.208595191000086, -7.738267830999973, 0.0 ], [ 113.20863359100008, -7.738261505999958, 0.0 ], [ 113.208676358000048, -7.738252319999958, 0.0 ], [ 113.208723944000099, -7.738241929999958, 0.0 ], [ 113.208765657000072, -7.738239820999979, 0.0 ], [ 113.208799840000097, -7.738249006999979, 0.0 ], [ 113.208821374000081, -7.738266173999932, 0.0 ], [ 113.208833421, -7.738287707999973, 0.0 ], [ 113.208840524000038, -7.738309541999968, 0.0 ], [ 113.20884155300007, -7.738312705999931, 0.0 ], [ 113.208849835000024, -7.738335444999962, 0.0 ], [ 113.208863539000049, -7.738354870999956, 0.0 ], [ 113.20887648900009, -7.738359688999935, 0.0 ], [ 113.208891247000111, -7.738352460999977, 0.0 ], [ 113.208904197000038, -7.738332281999931, 0.0 ], [ 113.208919407000053, -7.738303218999931, 0.0 ], [ 113.208928155000081, -7.73828692799998, 0.0 ], [ 113.208935821000068, -7.738272649999942, 0.0 ], [ 113.208955849000063, -7.738244639999948, 0.0 ], [ 113.208978437000042, -7.738225665999948, 0.0 ], [ 113.209006145000103, -7.738213016999964, 0.0 ], [ 113.209037016000025, -7.738204432999964, 0.0 ], [ 113.209077675000117, -7.738196, 0.0 ], [ 113.209118333000106, -7.738188771999944, 0.0 ], [ 113.209156281000105, -7.73818169499998, 0.0 ], [ 113.209180677000063, -7.738169195999944, 0.0 ], [ 113.209195886000089, -7.738151727999934, 0.0 ], [ 113.209205373000032, -7.738126127999976, 0.0 ], [ 113.209208836000016, -7.738095708999936, 0.0 ], [ 113.209220131000052, -7.738063332999957, 0.0 ], [ 113.209241815000041, -7.738031708999927, 0.0 ], [ 113.209279613000035, -7.738003548999927, 0.0 ], [ 113.209312290000071, -7.737989092999953, 0.0 ], [ 113.209347377000086, -7.737983671999928, 0.0 ], [ 113.20938577700008, -7.737986381999974, 0.0 ], [ 113.209418455000105, -7.737987737999958, 0.0 ], [ 113.209445561000052, -7.737985026999979, 0.0 ], [ 113.209472064000011, -7.737981111999943, 0.0 ], [ 113.209499019000077, -7.737984424999979, 0.0 ], [ 113.209524017000035, -7.737999784999943, 0.0 ], [ 113.209545099000024, -7.738015595999968, 0.0 ], [ 113.209566031, -7.738030805999927, 0.0 ], [ 113.209589221000101, -7.738042550999978, 0.0 ], [ 113.209616026000049, -7.738055049999957, 0.0 ], [ 113.2096461430001, -7.738066343999947, 0.0 ], [ 113.209686953000073, -7.738082004999967, 0.0 ], [ 113.20973333400002, -7.738104442999941, 0.0 ], [ 113.209774896000113, -7.73813169899995, 0.0 ], [ 113.209800948000066, -7.738153082999929, 0.0 ], [ 113.209823235000044, -7.738178531999949, 0.0 ], [ 113.209837390000075, -7.73820096999998, 0.0 ], [ 113.209847781, -7.738227322999933, 0.0 ], [ 113.209850491000111, -7.738249006999979, 0.0 ], [ 113.209849286, -7.738269486999968, 0.0 ], [ 113.209846576000018, -7.738287858999968, 0.0 ], [ 113.209848082, -7.738303670999926, 0.0 ], [ 113.20985591200008, -7.738314512999978, 0.0 ], [ 113.209869616000105, -7.738321288999941, 0.0 ], [ 113.209890397000095, -7.738323246999926, 0.0 ], [ 113.209909973000094, -7.738320536999936, 0.0 ], [ 113.209928496000089, -7.738310296999941, 0.0 ], [ 113.209945964000099, -7.738292827999942, 0.0 ], [ 113.209953909000092, -7.738266199999941, 0.0 ], [ 113.209970774000112, -7.738258067999936, 0.0 ], [ 113.209988243000112, -7.738260778999972, 0.0 ], [ 113.21001628800002, -7.738280178999958, 0.0 ], [ 113.210039479000102, -7.738286352999978, 0.0 ], [ 113.21006357300007, -7.738288310999963, 0.0 ], [ 113.210090679000018, -7.738287707999973, 0.0 ], [ 113.21011898900008, -7.738286804999973, 0.0 ], [ 113.210140975000058, -7.738289063999957, 0.0 ], [ 113.210158895000063, -7.738288460999968, 0.0 ], [ 113.210176212000079, -7.738285750999978, 0.0 ], [ 113.210205276000011, -7.738278220999973, 0.0 ], [ 113.210225304, -7.738273853999942, 0.0 ], [ 113.210245332000113, -7.738269637999963, 0.0 ], [ 113.210262499, -7.738265420999937, 0.0 ], [ 113.210289153000076, -7.738257439999927, 0.0 ], [ 113.210323036000091, -7.738247952999927, 0.0 ], [ 113.210363544000074, -7.738239820999979, 0.0 ], [ 113.210406125000077, -7.738235537999969, 0.0 ], [ 113.210480400000051, -7.738239971999974, 0.0 ], [ 113.210565292000069, -7.738100345999953, 0.0 ], [ 113.210607402000051, -7.738019432999977, 0.0 ], [ 113.210735745000079, -7.737847367999962, 0.0 ], [ 113.210870526, -7.737678149999965, 0.0 ], [ 113.210894516000053, -7.737648161999971, 0.0 ], [ 113.21101481900007, -7.73754046199997, 0.0 ], [ 113.211052633, -7.737506609999969, 0.0 ], [ 113.211172853000107, -7.737424820999934, 0.0 ], [ 113.211236351000025, -7.73738162199993, 0.0 ], [ 113.211192680000067, -7.737274703999958, 0.0 ], [ 113.211234845000035, -7.737250609999933, 0.0 ], [ 113.211231833000056, -7.737225009999975, 0.0 ], [ 113.211310139000034, -7.737188868999965, 0.0 ], [ 113.211343268000064, -7.737256633999948, 0.0 ], [ 113.211436632000073, -7.737211456999944, 0.0 ], [ 113.211436410000033, -7.737191305999943, 0.0 ], [ 113.21153602000004, -7.73714670499993, 0.0 ], [ 113.211564632000091, -7.737223503999928, 0.0 ], [ 113.211609808000048, -7.737206939999965, 0.0 ], [ 113.211603785000079, -7.737173809999945, 0.0 ], [ 113.211691126, -7.737139174999982, 0.0 ], [ 113.211703173000046, -7.737182845999939, 0.0 ], [ 113.211856772000033, -7.737136163999935, 0.0 ], [ 113.211844901000063, -7.737095732999933, 0.0 ], [ 113.211825149000106, -7.737009669999964, 0.0 ], [ 113.211903455000083, -7.73697955199998, 0.0 ], [ 113.211939596000093, -7.737112068999977, 0.0 ], [ 113.211996819000092, -7.737093998999967, 0.0 ], [ 113.211986369000101, -7.737028410999926, 0.0 ], [ 113.212029364000045, -7.737016349999976, 0.0 ], [ 113.2120883, -7.737000768999962, 0.0 ], [ 113.212123313, -7.736991749999959, 0.0 ], [ 113.212154936000047, -7.736988586999928, 0.0 ], [ 113.21216096, -7.736965998999949, 0.0 ], [ 113.212142889, -7.736884681999925, 0.0 ], [ 113.212236254000118, -7.736853057999951, 0.0 ], [ 113.212251312000035, -7.736887693999961, 0.0 ], [ 113.212285948000044, -7.736881669999946, 0.0 ], [ 113.212285948000044, -7.736861245999933, 0.0 ], [ 113.212285044000055, -7.736838300999977, 0.0 ], [ 113.21228549600005, -7.736814131999949, 0.0 ], [ 113.212290691000021, -7.736790639999981, 0.0 ], [ 113.212301082000067, -7.736770987999932, 0.0 ], [ 113.212315086000103, -7.736753820999979, 0.0 ], [ 113.212328865000018, -7.736736653999969, 0.0 ], [ 113.212342418000048, -7.736718131999964, 0.0 ], [ 113.212351001000116, -7.736697801999981, 0.0 ], [ 113.212357100000077, -7.736674310999945, 0.0 ], [ 113.2123532600001, -7.736648333999938, 0.0 ], [ 113.212341740000056, -7.736615806999964, 0.0 ], [ 113.212327284000025, -7.73657469699998, 0.0 ], [ 113.212317797000082, -7.736528842999974, 0.0 ], [ 113.212316442000088, -7.736487731999944, 0.0 ], [ 113.212316893000093, -7.73645520499997, 0.0 ], [ 113.212316667000096, -7.736425388999976, 0.0 ], [ 113.21231802300008, -7.736394668999935, 0.0 ], [ 113.212322540000059, -7.736367111999925, 0.0 ], [ 113.212332705000108, -7.73634158699997, 0.0 ], [ 113.212343999000041, -7.736325548999957, 0.0 ], [ 113.212356423000074, -7.736311544999978, 0.0 ], [ 113.21236658700002, -7.736295732999963, 0.0 ], [ 113.212374041000089, -7.736276306999969, 0.0 ], [ 113.212379463000048, -7.736251685999946, 0.0 ], [ 113.212383077000027, -7.736216448999926, 0.0 ], [ 113.212387594, -7.736173304999966, 0.0 ], [ 113.212396630000057, -7.736131290999936, 0.0 ], [ 113.212411312000086, -7.736102151999944, 0.0 ], [ 113.212422606000018, -7.736079789999962, 0.0 ], [ 113.21242893100009, -7.736060363999968, 0.0 ], [ 113.212439999000026, -7.736042745999953, 0.0 ], [ 113.212459651000017, -7.736031676999971, 0.0 ], [ 113.212498432000075, -7.736031234999928, 0.0 ], [ 113.212529976000042, -7.736018930999933, 0.0 ], [ 113.212534573000084, -7.735991705999936, 0.0 ], [ 113.212536676000013, -7.735958717999949, 0.0 ], [ 113.212550229000044, -7.735940194999955, 0.0 ], [ 113.212567622000051, -7.735925738999981, 0.0 ], [ 113.212581853000074, -7.735914444999935, 0.0 ], [ 113.212596987000097, -7.735899084999971, 0.0 ], [ 113.212612347000118, -7.735884176999946, 0.0 ], [ 113.212634483000102, -7.735865653999952, 0.0 ], [ 113.212659330000065, -7.735846905999949, 0.0 ], [ 113.212689598000111, -7.735826350999957, 0.0 ], [ 113.212725965000118, -7.735805795999966, 0.0 ], [ 113.212770916000068, -7.735787498999969, 0.0 ], [ 113.212807508000083, -7.735776430999977, 0.0 ], [ 113.212843198000087, -7.735767621999969, 0.0 ], [ 113.21286985200004, -7.735758585999974, 0.0 ], [ 113.212888600000042, -7.735741644999962, 0.0 ], [ 113.212896054000112, -7.735710473999973, 0.0 ], [ 113.212887566000063, -7.735666708999929, 0.0 ], [ 113.212899538000102, -7.735636892999935, 0.0 ], [ 113.212916705000112, -7.735624694999956, 0.0 ], [ 113.212936454000101, -7.735626532999959, 0.0 ], [ 113.212965980000035, -7.735663544999966, 0.0 ], [ 113.212980888000061, -7.735675516999947, 0.0 ], [ 113.212996926000073, -7.735681389999968, 0.0 ], [ 113.213011156000107, -7.735678001999929, 0.0 ], [ 113.213025613000013, -7.735662415999968, 0.0 ], [ 113.213041049000026, -7.735623788999931, 0.0 ], [ 113.213036531000057, -7.73559374599995, 0.0 ], [ 113.21301551900001, -7.735545901999956, 0.0 ], [ 113.212980854000079, -7.735524161999933, 0.0 ], [ 113.21296811000002, -7.73545183899995, 0.0 ], [ 113.212978275000069, -7.735407791999933, 0.0 ], [ 113.212998604000063, -7.735370746999934, 0.0 ], [ 113.213014868000073, -7.735348836999947, 0.0 ], [ 113.213031583000088, -7.735329862999947, 0.0 ], [ 113.213041296000029, -7.735307725999974, 0.0 ], [ 113.213042651000023, -7.735279039999966, 0.0 ], [ 113.213035197000067, -7.735244930999954, 0.0 ], [ 113.213030454000091, -7.735210370999937, 0.0 ], [ 113.213038359000052, -7.735175811999966, 0.0 ], [ 113.21306094800002, -7.735141251999949, 0.0 ], [ 113.213091668000061, -7.735114145999944, 0.0 ], [ 113.213118999000017, -7.735093590999952, 0.0 ], [ 113.213144072000091, -7.735073712999963, 0.0 ], [ 113.213160787000106, -7.73504909199994, 0.0 ], [ 113.213167564000059, -7.735020404999943, 0.0 ], [ 113.213168693000057, -7.734990136999954, 0.0 ], [ 113.213168919000054, -7.734962352999958, 0.0 ], [ 113.213178858000106, -7.734937957999932, 0.0 ], [ 113.213189023000041, -7.734921016999976, 0.0 ], [ 113.213201672000082, -7.734905656999956, 0.0 ], [ 113.213214773000118, -7.734887360999949, 0.0 ], [ 113.213230133000025, -7.734862061999934, 0.0 ], [ 113.213246397000034, -7.734833374999937, 0.0 ], [ 113.213268759000016, -7.734800395999969, 0.0 ], [ 113.213294961000088, -7.734765609999954, 0.0 ], [ 113.213321163000046, -7.734731727999929, 0.0 ], [ 113.213346914000113, -7.734706880999966, 0.0 ], [ 113.213367469000104, -7.734690843999942, 0.0 ], [ 113.213388928000086, -7.734677741999974, 0.0 ], [ 113.21340925700008, -7.734664640999938, 0.0 ], [ 113.21342823100008, -7.734645666999938, 0.0 ], [ 113.213448787000061, -7.734622626999965, 0.0 ], [ 113.213476344000014, -7.734593262999965, 0.0 ], [ 113.213501417000089, -7.734561638999935, 0.0 ], [ 113.213530556000023, -7.734527982999964, 0.0 ], [ 113.213547045000041, -7.734503135999944, 0.0 ], [ 113.213564212000051, -7.73447422299995, 0.0 ], [ 113.213584541000046, -7.734447116999945, 0.0 ], [ 113.213618650000058, -7.734419785999933, 0.0 ], [ 113.213658405000047, -7.734402843999931, 0.0 ], [ 113.213706743000103, -7.73439403499998, 0.0 ], [ 113.213745143000097, -7.734398326999951, 0.0 ], [ 113.213777670000013, -7.734408265999946, 0.0 ], [ 113.213805002000072, -7.734409168999946, 0.0 ], [ 113.213827138000056, -7.734392679999928, 0.0 ], [ 113.213840917000084, -7.734366251999973, 0.0 ], [ 113.213851534000014, -7.734338241999978, 0.0 ], [ 113.213863505000063, -7.734306166999943, 0.0 ], [ 113.213876606000099, -7.734272510999972, 0.0 ], [ 113.213897388000078, -7.734241790999931, 0.0 ], [ 113.213922460000049, -7.734222364999937, 0.0 ], [ 113.213948889000108, -7.734209263999958, 0.0 ], [ 113.213980964000029, -7.734199550999961, 0.0 ], [ 113.214020945000016, -7.734189611999966, 0.0 ], [ 113.214071316000059, -7.734182609999948, 0.0 ], [ 113.21412620600006, -7.73417741399993, 0.0 ], [ 113.214170930000023, -7.734176962999925, 0.0 ], [ 113.214204361000043, -7.734177639999928, 0.0 ], [ 113.214245471000027, -7.734181028999956, 0.0 ], [ 113.214294488000064, -7.73418509399994, 0.0 ], [ 113.214356831000032, -7.73419367799994, 0.0 ], [ 113.214469965000035, -7.734191487999965, 0.0 ], [ 113.214483036000047, -7.734097152999936, 0.0 ], [ 113.214501514000062, -7.733961208999972, 0.0 ], [ 113.214528501000018, -7.733610450999947, 0.0 ], [ 113.21456803, -7.733175402999962, 0.0 ], [ 113.214608463000104, -7.732721832999971, 0.0 ], [ 113.214646741000024, -7.732301150999945, 0.0 ], [ 113.214665111000045, -7.732068104999939, 0.0 ], [ 113.214671258000067, -7.731957448999935, 0.0 ], [ 113.214643416000058, -7.731946122999943, 0.0 ], [ 113.214432973000044, -7.731937090999963, 0.0 ], [ 113.214239634000023, -7.731935423999971, 0.0 ], [ 113.214129301000071, -7.731933592999951, 0.0 ], [ 113.213862132000031, -7.731926066999961, 0.0 ], [ 113.21342985900003, -7.731899086999931, 0.0 ], [ 113.213227398000072, -7.731896460999963, 0.0 ], [ 113.212903364000113, -7.731873925999935, 0.0 ], [ 113.212616734000107, -7.731872039999928, 0.0 ], [ 113.212554308000108, -7.731871639999952, 0.0 ], [ 113.212322089000054, -7.731858060999969, 0.0 ], [ 113.212315312000101, -7.731839504999925, 0.0 ], [ 113.212315312000101, -7.731694406999964, 0.0 ], [ 113.212315312000101, -7.731654767999942, 0.0 ], [ 113.212319730000104, -7.731557205999934, 0.0 ], [ 113.212334267000074, -7.731259417999979, 0.0 ], [ 113.212346804000049, -7.730959484999971, 0.0 ], [ 113.212359924000111, -7.730650158999936, 0.0 ], [ 113.212370616000044, -7.730383166999957, 0.0 ], [ 113.212382361000095, -7.730091929999958, 0.0 ], [ 113.212393957000018, -7.729809878999959, 0.0 ], [ 113.212406907000059, -7.729478434999976, 0.0 ], [ 113.212417298000105, -7.729188101999966, 0.0 ], [ 113.212428441000043, -7.728866897999978, 0.0 ], [ 113.212438982000094, -7.728606079999963, 0.0 ], [ 113.212451331000011, -7.728306108999959, 0.0 ], [ 113.212461721000068, -7.728063511999949, 0.0 ], [ 113.212471359, -7.727843954999969, 0.0 ], [ 113.212476412000115, -7.727735694999978, 0.0 ], [ 113.212475123000104, -7.727700896999977, 0.0 ], [ 113.212481147000062, -7.727675296999962, 0.0 ], [ 113.212498708000112, -7.727654834999953, 0.0 ], [ 113.21252481700003, -7.727631625999948, 0.0 ], [ 113.212551923000092, -7.727622590999943, 0.0 ], [ 113.212588172000096, -7.727621087999978, 0.0 ], [ 113.212805902000014, -7.727628315999937, 0.0 ], [ 113.213077926000096, -7.727639305999958, 0.0 ], [ 113.213410123000017, -7.727652858999932, 0.0 ], [ 113.213725153000041, -7.727666261999957, 0.0 ], [ 113.214031298, -7.727680115999931, 0.0 ], [ 113.21430341000007, -7.727692011999977, 0.0 ], [ 113.214572360000034, -7.727703456999961, 0.0 ], [ 113.214805470000101, -7.727712792999966, 0.0 ], [ 113.215014273000065, -7.727723431999948, 0.0 ], [ 113.215089400000011, -7.727714397999932, 0.0 ], [ 113.215131492000069, -7.727684331999967, 0.0 ], [ 113.215151069000058, -7.727658731999952, 0.0 ], [ 113.215166127000089, -7.727595484999938, 0.0 ], [ 113.215169892000063, -7.727413725999952, 0.0 ], [ 113.215178927000011, -7.727165556999978, 0.0 ], [ 113.215189920000057, -7.726842696999938, 0.0 ], [ 113.215203323000082, -7.726508090999971, 0.0 ], [ 113.215214617000015, -7.726212034999946, 0.0 ], [ 113.215227417000051, -7.725889174999963, 0.0 ], [ 113.215237054000113, -7.725587245999975, 0.0 ], [ 113.215247294000051, -7.725250381999956, 0.0 ], [ 113.215256480000107, -7.724921798999958, 0.0 ], [ 113.215267021000045, -7.724573790999955, 0.0 ], [ 113.215276207000102, -7.724243099999967, 0.0 ], [ 113.215285092000045, -7.723916323999958, 0.0 ], [ 113.215292772000112, -7.723626442999944, 0.0 ], [ 113.21530090300007, -7.723335356999939, 0.0 ], [ 113.215309487000013, -7.723042161999956, 0.0 ], [ 113.215317318000075, -7.722761465999952, 0.0 ], [ 113.215320147000057, -7.722547523999935, 0.0 ], [ 113.21531991400002, -7.722493578999945, 0.0 ], [ 113.215328762000013, -7.722422793999954, 0.0 ], [ 113.215351350000105, -7.722401711999964, 0.0 ], [ 113.215464291000103, -7.722401711999964, 0.0 ], [ 113.215606898000033, -7.722417975999974, 0.0 ], [ 113.215874041, -7.722432883999943, 0.0 ], [ 113.216348468000092, -7.722448469999961, 0.0 ], [ 113.216866866000032, -7.722462699999937, 0.0 ], [ 113.217270312000096, -7.722473355999966, 0.0 ], [ 113.217479909000076, -7.722476252999968, 0.0 ], [ 113.217511532000117, -7.722469476999947, 0.0 ], [ 113.217511532000117, -7.722348660999955, 0.0 ], [ 113.217509274, -7.722270700999957, 0.0 ], [ 113.217525085000034, -7.722243594999952, 0.0 ], [ 113.21756800300011, -7.722241335999968, 0.0 ], [ 113.217583710000099, -7.722274994999964, 0.0 ], [ 113.217579297000043, -7.722342982999976, 0.0 ], [ 113.217585967000105, -7.722383004999926, 0.0 ], [ 113.21759510000004, -7.722428871999966, 0.0 ], [ 113.217588332000105, -7.722469476999947, 0.0 ], [ 113.217534121000085, -7.722494323999967, 0.0 ], [ 113.217534015000069, -7.722524928999974, 0.0 ], [ 113.217525085000034, -7.722629852999944, 0.0 ], [ 113.217525139000031, -7.722645869999951, 0.0 ], [ 113.217537735000064, -7.72269648799994, 0.0 ], [ 113.217546489000028, -7.722734909999929, 0.0 ], [ 113.217552166000019, -7.722772330999931, 0.0 ], [ 113.217545439000105, -7.722817391999968, 0.0 ], [ 113.217563485000028, -7.722860251999975, 0.0 ], [ 113.217558968000048, -7.722981628999946, 0.0 ], [ 113.217558968000048, -7.723257085999933, 0.0 ], [ 113.217548511000018, -7.723599067999942, 0.0 ], [ 113.217547609, -7.723682315999952, 0.0 ], [ 113.217546706, -7.723803463999957, 0.0 ], [ 113.217546706, -7.72397785499993, 0.0 ], [ 113.217539938000073, -7.724314904999972, 0.0 ], [ 113.217530463000116, -7.724656917999937, 0.0 ], [ 113.217511964000096, -7.724829051999961, 0.0 ], [ 113.21749456100008, -7.72502366599997, 0.0 ], [ 113.217476318000081, -7.72517828499997, 0.0 ], [ 113.217469250000022, -7.725281196999958, 0.0 ], [ 113.217462331000092, -7.725355946999969, 0.0 ], [ 113.217457368000055, -7.725478523999925, 0.0 ], [ 113.217445637000083, -7.725590723999971, 0.0 ], [ 113.217435409000018, -7.725701418999961, 0.0 ], [ 113.217420670000024, -7.725843548999933, 0.0 ], [ 113.217408638000052, -7.725973043999943, 0.0 ], [ 113.217395068000087, -7.72611801499994, 0.0 ], [ 113.217381733000025, -7.726252749999958, 0.0 ], [ 113.217366392000031, -7.726380891999952, 0.0 ], [ 113.21734815700006, -7.726547447999963, 0.0 ], [ 113.217334169000083, -7.726720936999925, 0.0 ], [ 113.217315219000056, -7.726897808999979, 0.0 ], [ 113.217298524000057, -7.727101752999943, 0.0 ], [ 113.217284988000074, -7.727294417999929, 0.0 ], [ 113.217314316000056, -7.727304795999942, 0.0 ], [ 113.217299878000063, -7.727441961999943, 0.0 ], [ 113.217292207000014, -7.727458204999948, 0.0 ], [ 113.217233100000044, -7.727514605999943, 0.0 ], [ 113.217092775000083, -7.727633046999927, 0.0 ], [ 113.216896174000112, -7.727807007999957, 0.0 ], [ 113.21674675700001, -7.727915190999965, 0.0 ], [ 113.216743241000017, -7.727996068999971, 0.0 ], [ 113.216743148000091, -7.727998212999978, 0.0 ], [ 113.216737282000054, -7.728076044999966, 0.0 ], [ 113.216726453000092, -7.728204863999963, 0.0 ], [ 113.216716978000022, -7.728302549999967, 0.0 ], [ 113.216713368000114, -7.728395497999941, 0.0 ], [ 113.216702990000044, -7.728527249999956, 0.0 ], [ 113.216689906000056, -7.728695774999949, 0.0 ], [ 113.2166786250001, -7.728835648999961, 0.0 ], [ 113.216652907000025, -7.72913208999995, 0.0 ], [ 113.216638468000042, -7.729329717999974, 0.0 ], [ 113.216647944000101, -7.729332198999941, 0.0 ], [ 113.216637566000031, -7.729447256999947, 0.0 ], [ 113.216622225000037, -7.72961352599998, 0.0 ], [ 113.216601921, -7.72982153099997, 0.0 ], [ 113.216579360000082, -7.730064955999978, 0.0 ], [ 113.216552739, -7.730373241999928, 0.0 ], [ 113.216528374000063, -7.730691001999958, 0.0 ], [ 113.216510777000053, -7.730690325999944, 0.0 ], [ 113.216485059000092, -7.730930253999929, 0.0 ], [ 113.216460017000031, -7.73126831899998, 0.0 ], [ 113.216429109000046, -7.731618678999951, 0.0 ], [ 113.216402714000083, -7.731874173999927, 0.0 ], [ 113.216383763000067, -7.732056573999955, 0.0 ], [ 113.216368197000065, -7.732246755999938, 0.0 ], [ 113.216353307000077, -7.732441337999944, 0.0 ], [ 113.216384042000072, -7.732444858999941, 0.0 ], [ 113.216831809000041, -7.732496159999926, 0.0 ], [ 113.216815228000087, -7.732671189999962, 0.0 ], [ 113.216803797000011, -7.732785945999979, 0.0 ], [ 113.216789058000018, -7.732914388999973, 0.0 ], [ 113.216773115000024, -7.73296176499997, 0.0 ], [ 113.216765896000084, -7.732994853999969, 0.0 ], [ 113.21675115700009, -7.733026888999973, 0.0 ], [ 113.216745798000034, -7.733034165999925, 0.0 ], [ 113.21672468600002, -7.733062834999942, 0.0 ], [ 113.216711451000037, -7.73307832699993, 0.0 ], [ 113.216695207000043, -7.733092614999975, 0.0 ], [ 113.216677761000028, -7.733097276999956, 0.0 ], [ 113.216366429000118, -7.733064451999951, 0.0 ], [ 113.216360338000072, -7.733133485999929, 0.0 ], [ 113.215974558000084, -7.733105060999947, 0.0 ], [ 113.215944102000094, -7.733519604999969, 0.0 ], [ 113.216305517000023, -7.733556151999949, 0.0 ], [ 113.216305732000023, -7.733659318999969, 0.0 ], [ 113.216563681000025, -7.733668877999946, 0.0 ], [ 113.21660316100008, -7.733685760999947, 0.0 ], [ 113.216639032000103, -7.733750057999941, 0.0 ], [ 113.216637002000084, -7.73376968499997, 0.0 ], [ 113.216625496, -7.733883388999971, 0.0 ], [ 113.216605869000091, -7.734076955999967, 0.0 ], [ 113.2165903020001, -7.734267476999946, 0.0 ], [ 113.216577159000053, -7.734420623999938, 0.0 ], [ 113.216565937000041, -7.734551396999962, 0.0 ], [ 113.216551927000069, -7.734559402999935, 0.0 ], [ 113.216542249000099, -7.734564932999945, 0.0 ], [ 113.216511792, -7.73459268299996, 0.0 ], [ 113.216475922000086, -7.734635320999928, 0.0 ], [ 113.216452233000041, -7.734682020999969, 0.0 ], [ 113.216433960000018, -7.734884047999969, 0.0 ], [ 113.216416363, -7.735051895999959, 0.0 ], [ 113.216395382000087, -7.735289116999979, 0.0 ], [ 113.216352066000013, -7.73576288199996, 0.0 ], [ 113.216318000000115, -7.73613275699995, 0.0 ], [ 113.216288221000013, -7.736428070999978, 0.0 ], [ 113.216324695000026, -7.736431214999925, 0.0 ], [ 113.216850873000112, -7.736476574999926, 0.0 ], [ 113.216870726000025, -7.736213071999941, 0.0 ], [ 113.216910432000077, -7.735768972999949, 0.0 ], [ 113.21694968700001, -7.735340553999947, 0.0 ], [ 113.216977436000093, -7.735046481999973, 0.0 ], [ 113.216991375000021, -7.734897000999979, 0.0 ], [ 113.217002707, -7.734775481999975, 0.0 ], [ 113.216996386, -7.734715522999977, 0.0 ], [ 113.216986234000046, -7.734676944999933, 0.0 ], [ 113.216969314000039, -7.73464581199994, 0.0 ], [ 113.216937504000043, -7.734605879999947, 0.0 ], [ 113.216913994000038, -7.734588103999954, 0.0 ], [ 113.216909755000074, -7.734584898999969, 0.0 ], [ 113.216875238000057, -7.734561210999971, 0.0 ], [ 113.216856287000041, -7.734538875999931, 0.0 ], [ 113.216836660000013, -7.734505035999973, 0.0 ], [ 113.216829215000075, -7.734461043999943, 0.0 ], [ 113.216838014000018, -7.734348693999948, 0.0 ], [ 113.216865763000101, -7.734064434999937, 0.0 ], [ 113.216872531000035, -7.73395919099994, 0.0 ], [ 113.216867793, -7.733903015999942, 0.0 ], [ 113.21688877400004, -7.733750057999941, 0.0 ], [ 113.216900957, -7.733600821999971, 0.0 ], [ 113.21691923000003, -7.733441094999932, 0.0 ], [ 113.216933443000016, -7.733264109999936, 0.0 ], [ 113.21694848300001, -7.733129763999955, 0.0 ], [ 113.21695442400005, -7.733060052999974, 0.0 ], [ 113.216969239000036, -7.73290370999996, 0.0 ], [ 113.21698277500002, -7.732740073999935, 0.0 ], [ 113.216999018000024, -7.732595236999941, 0.0 ], [ 113.217012855, -7.732457468999939, 0.0 ], [ 113.217027294000104, -7.732335041999931, 0.0 ], [ 113.217036017000055, -7.732335041999931, 0.0 ], [ 113.217041432000087, -7.73223427299996, 0.0 ], [ 113.217051095000102, -7.732070447999945, 0.0 ], [ 113.217075460000046, -7.73185127499994, 0.0 ], [ 113.217098471000099, -7.731624093999926, 0.0 ], [ 113.217123739000044, -7.731383150999932, 0.0 ], [ 113.217145397000081, -7.731148297999937, 0.0 ], [ 113.217169987000034, -7.730893141999957, 0.0 ], [ 113.217196157000103, -7.730619260999958, 0.0 ], [ 113.217218266000032, -7.73040538999993, 0.0 ], [ 113.217237217000047, -7.730190841999956, 0.0 ], [ 113.217266996000035, -7.729875449999952, 0.0 ], [ 113.217280081000013, -7.72971978399994, 0.0 ], [ 113.217301288000044, -7.729504784999961, 0.0 ], [ 113.217322946000081, -7.729301516999953, 0.0 ], [ 113.217331067000032, -7.729196611999953, 0.0 ], [ 113.217341445000102, -7.729077493999966, 0.0 ], [ 113.217358140000101, -7.728915736999966, 0.0 ], [ 113.217377090000014, -7.728766162999932, 0.0 ], [ 113.217397395000035, -7.72856109099996, 0.0 ], [ 113.217419955000082, -7.728339774999938, 0.0 ], [ 113.217437101000087, -7.728182303999972, 0.0 ], [ 113.217454246000102, -7.727988060999962, 0.0 ], [ 113.217469587000096, -7.727803291999976, 0.0 ], [ 113.217485774000011, -7.727625601999932, 0.0 ], [ 113.217506079000032, -7.727399548999927, 0.0 ], [ 113.217524578000052, -7.727213426999981, 0.0 ], [ 113.217543528000078, -7.727007, 0.0 ], [ 113.21756473500011, -7.726784104999979, 0.0 ], [ 113.217581173000099, -7.726597955999978, 0.0 ], [ 113.217574748000061, -7.726597955999978, 0.0 ], [ 113.217593348000037, -7.726396683999951, 0.0 ], [ 113.217624731000114, -7.726031157999955, 0.0 ], [ 113.217636647000063, -7.726031048999971, 0.0 ], [ 113.217650183000046, -7.725884607999944, 0.0 ], [ 113.21766432000004, -7.725722023999936, 0.0 ], [ 113.217678157000023, -7.725593580999941, 0.0 ], [ 113.217685076000066, -7.725500030999967, 0.0 ], [ 113.217672743000094, -7.725497323999946, 0.0 ], [ 113.217684333000079, -7.72535641099995, 0.0 ], [ 113.217693498000017, -7.725257733999968, 0.0 ], [ 113.217714103000048, -7.725046081999949, 0.0 ], [ 113.217729896000037, -7.724864922999927, 0.0 ], [ 113.217742078000015, -7.724692336999965, 0.0 ], [ 113.217783589000078, -7.724463124999943, 0.0 ], [ 113.21782961200006, -7.724205938999944, 0.0 ], [ 113.217878793000068, -7.723935666999978, 0.0 ], [ 113.217911280000067, -7.723731045999955, 0.0 ], [ 113.217941059000054, -7.723562520999963, 0.0 ], [ 113.217987533000041, -7.723312327999963, 0.0 ], [ 113.218087803000117, -7.72285448599996, 0.0 ], [ 113.218136460000096, -7.722607903999972, 0.0 ], [ 113.218157554000072, -7.722513523999964, 0.0 ], [ 113.218180142000051, -7.722506746999954, 0.0 ], [ 113.218214024000076, -7.722520299999928, 0.0 ], [ 113.218188849000057, -7.722635585999967, 0.0 ], [ 113.218160039000054, -7.722759056999962, 0.0 ], [ 113.218141742000057, -7.722843846999979, 0.0 ], [ 113.218121413000063, -7.722916157999975, 0.0 ], [ 113.218137225000078, -7.72294326399998, 0.0 ], [ 113.218120481000028, -7.723023392999949, 0.0 ], [ 113.218087079000043, -7.723185408999939, 0.0 ], [ 113.218012990000034, -7.723553143999936, 0.0 ], [ 113.217944249000084, -7.723966022999946, 0.0 ], [ 113.217845730000022, -7.724557748999928, 0.0 ], [ 113.217821512000114, -7.724635246999981, 0.0 ], [ 113.217802900000038, -7.724694805999945, 0.0 ], [ 113.217786420000039, -7.724881830999948, 0.0 ], [ 113.217740082000091, -7.725407692999966, 0.0 ], [ 113.217732468, -7.725451474999943, 0.0 ], [ 113.217732468, -7.725453466999966, 0.0 ], [ 113.217735726000114, -7.72549646899995, 0.0 ], [ 113.21774769700005, -7.725521906999973, 0.0 ], [ 113.217755311000019, -7.725546652999981, 0.0 ], [ 113.217770539000071, -7.725605663999943, 0.0 ], [ 113.21777815400003, -7.725691323999968, 0.0 ], [ 113.217797189000066, -7.725813152999933, 0.0 ], [ 113.217799093000053, -7.725887391999947, 0.0 ], [ 113.217783864000012, -7.726007316999926, 0.0 ], [ 113.21774769700005, -7.726195769999947, 0.0 ], [ 113.217717239000081, -7.726382319999971, 0.0 ], [ 113.217703914000026, -7.726492726999936, 0.0 ], [ 113.217698204000044, -7.726559351999981, 0.0 ], [ 113.217698204000044, -7.726631686999951, 0.0 ], [ 113.217716967000115, -7.72666671099995, 0.0 ], [ 113.217726757000037, -7.726684986999942, 0.0 ], [ 113.217768636000073, -7.726753515999974, 0.0 ], [ 113.217806707000022, -7.726842982999926, 0.0 ], [ 113.217890464000106, -7.726987654999959, 0.0 ], [ 113.217936150000014, -7.727033339999934, 0.0 ], [ 113.218048460000091, -7.727044761999935, 0.0 ], [ 113.218516738000062, -7.727107578999949, 0.0 ], [ 113.219217252000021, -7.72719514399995, 0.0 ], [ 113.219413331000055, -7.727199667999969, 0.0 ], [ 113.219464716000061, -7.727200853999932, 0.0 ], [ 113.219510401000093, -7.727124711999977, 0.0 ], [ 113.219527533000019, -7.727033339999934, 0.0 ], [ 113.219529476000048, -7.72697366899996, 0.0 ], [ 113.219539470000086, -7.72666671099995, 0.0 ], [ 113.219540858000073, -7.726624072999925, 0.0 ], [ 113.219545532000097, -7.726578270999937, 0.0 ], [ 113.219597965000048, -7.726064423999958, 0.0 ], [ 113.219691240000088, -7.72523446799994, 0.0 ], [ 113.219735022, -7.724756671999955, 0.0 ], [ 113.219742637000081, -7.724618662999944, 0.0 ], [ 113.21982210300007, -7.724623795999946, 0.0 ], [ 113.219907762000048, -7.724629329999971, 0.0 ], [ 113.220179021000035, -7.724646851999978, 0.0 ], [ 113.220508823000046, -7.72466815599995, 0.0 ], [ 113.220587941000076, -7.724674052999944, 0.0 ], [ 113.220556022000096, -7.724811925999973, 0.0 ], [ 113.220486394000091, -7.725126522999972, 0.0 ], [ 113.220481695000103, -7.725151763999975, 0.0 ], [ 113.220427908000033, -7.725440700999968, 0.0 ], [ 113.220410195000113, -7.72553723599998, 0.0 ], [ 113.220394912000074, -7.725620525999943, 0.0 ], [ 113.220354254000085, -7.725630690999935, 0.0 ], [ 113.22030751200009, -7.725624104999952, 0.0 ], [ 113.220206357000052, -7.72560985299998, 0.0 ], [ 113.220179021000035, -7.725611488999959, 0.0 ], [ 113.220063938000067, -7.725618374999954, 0.0 ], [ 113.220002556000054, -7.72566016899998, 0.0 ], [ 113.219952749000072, -7.725698285999954, 0.0 ], [ 113.219921238000097, -7.725736911999945, 0.0 ], [ 113.219907763000037, -7.725761073999934, 0.0 ], [ 113.219891761000099, -7.72578976799997, 0.0 ], [ 113.219861267000056, -7.725875151999958, 0.0 ], [ 113.219828740000025, -7.726017456999955, 0.0 ], [ 113.21982210200008, -7.726039076999939, 0.0 ], [ 113.219800989000078, -7.726107835999926, 0.0 ], [ 113.219793548000098, -7.726140698999927, 0.0 ], [ 113.219773815000053, -7.726227852999955, 0.0 ], [ 113.219793548000098, -7.726337444999956, 0.0 ], [ 113.219801727000117, -7.726382867999973, 0.0 ], [ 113.219822101000091, -7.726427451999939, 0.0 ], [ 113.219870918000083, -7.726534276999928, 0.0 ], [ 113.219907762000048, -7.726594335999948, 0.0 ], [ 113.219966979000105, -7.726690866999945, 0.0 ], [ 113.22006151100004, -7.726853501999926, 0.0 ], [ 113.220165052000084, -7.727024595999978, 0.0 ], [ 113.220179021000035, -7.727047453999944, 0.0 ], [ 113.220268702000112, -7.727194203999943, 0.0 ], [ 113.22030751200009, -7.72723637799993, 0.0 ], [ 113.220407649000094, -7.727345195999931, 0.0 ], [ 113.220653968000079, -7.727445872999965, 0.0 ], [ 113.220902682000087, -7.727549292999981, 0.0 ], [ 113.221149144000037, -7.727651290999972, 0.0 ], [ 113.221388277000074, -7.727752585999951, 0.0 ], [ 113.221647991000054, -7.727861811999958, 0.0 ], [ 113.221969546000082, -7.727997140999946, 0.0 ], [ 113.222268011000097, -7.728121826999939, 0.0 ], [ 113.222477580000032, -7.728209644999936, 0.0 ], [ 113.2226065320001, -7.72826368099993, 0.0 ], [ 113.222921161000045, -7.72839659999994, 0.0 ], [ 113.223199848000036, -7.728514660999963, 0.0 ], [ 113.223388384000032, -7.728595877999965, 0.0 ], [ 113.223456917000021, -7.728625224999973, 0.0 ], [ 113.223513774000025, -7.728654305999953, 0.0 ], [ 113.223527839000099, -7.728651267999965, 0.0 ], [ 113.22360173300001, -7.728478552999945, 0.0 ], [ 113.22373651800001, -7.728162385999951, 0.0 ], [ 113.223957945000052, -7.727640749999978, 0.0 ], [ 113.224231668000016, -7.727002777999928, 0.0 ], [ 113.224501994000093, -7.726355871999942, 0.0 ], [ 113.2245839630001, -7.72616034999993, 0.0 ], [ 113.224723859000051, -7.725826652999956, 0.0 ], [ 113.224902445000112, -7.725410253999939, 0.0 ], [ 113.225014632000011, -7.725146613999925, 0.0 ], [ 113.225102726000046, -7.725089013999934, 0.0 ], [ 113.225255196000035, -7.725044966999974, 0.0 ], [ 113.225521681000032, -7.724983470999973, 0.0 ], [ 113.225783759000024, -7.724912825999979, 0.0 ], [ 113.225820604000091, -7.72485923499994, 0.0 ], [ 113.225979260000031, -7.724835574999929, 0.0 ], [ 113.226150912000094, -7.724787706999962, 0.0 ], [ 113.226200511000116, -7.72479762699993, 0.0 ], [ 113.22622084000011, -7.724821343999963, 0.0 ], [ 113.226477709000051, -7.724774507999939, 0.0 ], [ 113.226721959000088, -7.724724440999978, 0.0 ], [ 113.227057622000075, -7.724654501999964, 0.0 ], [ 113.22723145000009, -7.724617962999957, 0.0 ], [ 113.227451783000106, -7.724596704999954, 0.0 ], [ 113.227582907000055, -7.724563838999927, 0.0 ], [ 113.227699123000093, -7.724616695999941, 0.0 ], [ 113.227815, -7.72464854499998, 0.0 ], [ 113.227921730000048, -7.72469259199994, 0.0 ], [ 113.227958414000113, -7.724685921999935, 0.0 ], [ 113.227936066000098, -7.724755093999931, 0.0 ], [ 113.227589408000085, -7.724632509999935, 0.0 ], [ 113.227570010000022, -7.72462565099994, 0.0 ], [ 113.227571153000099, -7.724632509999935, 0.0 ], [ 113.227583335000077, -7.724705600999926, 0.0 ], [ 113.227490060000036, -7.724736057999962, 0.0 ], [ 113.227473123000095, -7.724673954999957, 0.0 ], [ 113.227461507000044, -7.724631361999968, 0.0 ], [ 113.227105539000036, -7.724717021999936, 0.0 ], [ 113.225257174000035, -7.725114867999935, 0.0 ], [ 113.225162947000058, -7.725135806999958, 0.0 ], [ 113.225091564000081, -7.72518149299998, 0.0 ], [ 113.225054444000079, -7.725238599999955, 0.0 ], [ 113.225017460000117, -7.725322553999945, 0.0 ], [ 113.224951212000065, -7.72547293599996, 0.0 ], [ 113.22476890900009, -7.725886764999927, 0.0 ], [ 113.224820305000094, -7.725915318999967, 0.0 ], [ 113.225111551000055, -7.726052375999927, 0.0 ], [ 113.225005419000013, -7.726313155999947, 0.0 ], [ 113.224765305, -7.726886874999934, 0.0 ], [ 113.225327809000078, -7.727121013999977, 0.0 ], [ 113.225365677000013, -7.727031761999967, 0.0 ], [ 113.225585540000111, -7.72658632699995, 0.0 ], [ 113.225848232000089, -7.726711961999968, 0.0 ], [ 113.225707232000104, -7.727043004999928, 0.0 ], [ 113.225511675, -7.727502139999956, 0.0 ], [ 113.225477217000048, -7.727583041999935, 0.0 ], [ 113.225373842000067, -7.72782574699994, 0.0 ], [ 113.225257174000035, -7.728099663999956, 0.0 ], [ 113.226504963000025, -7.72863075999993, 0.0 ], [ 113.226476410000032, -7.728704998999945, 0.0 ], [ 113.225217199000099, -7.728179613999941, 0.0 ], [ 113.2249425010001, -7.728833451999947, 0.0 ], [ 113.224674087000039, -7.729472333999979, 0.0 ], [ 113.224668971000028, -7.729484509999963, 0.0 ], [ 113.224720368000021, -7.729507352999974, 0.0 ], [ 113.224697075000108, -7.729562752999925, 0.0 ], [ 113.224581820000026, -7.729836877999958, 0.0 ], [ 113.224512117000017, -7.730002661999947, 0.0 ], [ 113.224456914000029, -7.729977914999949, 0.0 ], [ 113.224182800000108, -7.730600381999977, 0.0 ], [ 113.224620621000099, -7.730796449999957, 0.0 ], [ 113.224599681000086, -7.730845942999963, 0.0 ], [ 113.224159957000097, -7.730659392999939, 0.0 ], [ 113.223965793000048, -7.731127670999967, 0.0 ], [ 113.224032418000093, -7.731154320999963, 0.0 ], [ 113.223935336000068, -7.731388459999948, 0.0 ], [ 113.223863, -7.731363712999951, 0.0 ], [ 113.223649987000044, -7.73186184399998, 0.0 ], [ 113.223636704000114, -7.731892905999928, 0.0 ], [ 113.223735690000012, -7.731935544999942, 0.0 ], [ 113.223761578000108, -7.731876153999963, 0.0 ], [ 113.223990006, -7.731972093999957, 0.0 ], [ 113.223977317000049, -7.732004610999979, 0.0 ], [ 113.223965641000063, -7.732034530999954, 0.0 ], [ 113.224174272000027, -7.732109150999975, 0.0 ], [ 113.224197115000038, -7.732051281999929, 0.0 ], [ 113.224428589000013, -7.732151790999978, 0.0 ], [ 113.224405746000116, -7.732209658999977, 0.0 ], [ 113.224605240000074, -7.732294938999928, 0.0 ], [ 113.224628083000084, -7.732244684999955, 0.0 ], [ 113.224859557000059, -7.732343670999967, 0.0 ], [ 113.22483975900002, -7.732384787999933, 0.0 ], [ 113.225439764000043, -7.73262996699998, 0.0 ], [ 113.225442810000118, -7.732649764999962, 0.0 ], [ 113.225639258000115, -7.732738089999941, 0.0 ], [ 113.225662101000012, -7.732715246999931, 0.0 ], [ 113.225716924000039, -7.73261016999993, 0.0 ], [ 113.225735198000052, -7.732569052999963, 0.0 ], [ 113.22573976700005, -7.732540118999964, 0.0 ], [ 113.225741290000087, -7.732506615999966, 0.0 ], [ 113.225892052000063, -7.732148744999961, 0.0 ], [ 113.225955711000097, -7.732004610999979, 0.0 ], [ 113.226018766000038, -7.73186184399998, 0.0 ], [ 113.226134186000081, -7.731600516999947, 0.0 ], [ 113.226545357000077, -7.730660915999977, 0.0 ], [ 113.226769217000083, -7.730138576999934, 0.0 ], [ 113.226810334000106, -7.730047204999948, 0.0 ], [ 113.22682404000011, -7.730001519999973, 0.0 ], [ 113.22683165400008, -7.729966493999939, 0.0 ], [ 113.227047899000013, -7.729407605999938, 0.0 ], [ 113.227124042000014, -7.729232477999972, 0.0 ], [ 113.227282419000062, -7.728842626999949, 0.0 ], [ 113.227448410000079, -7.728472572999976, 0.0 ], [ 113.227602218000015, -7.728114701999971, 0.0 ], [ 113.22775617100001, -7.727750134999951, 0.0 ], [ 113.227821510000012, -7.727595408999946, 0.0 ], [ 113.227839784000025, -7.727567996999937, 0.0 ], [ 113.227861104000112, -7.727545153999927, 0.0 ], [ 113.227882424000086, -7.727529925999931, 0.0 ], [ 113.227893084000016, -7.727511651999976, 0.0 ], [ 113.2279768410001, -7.727321294999967, 0.0 ], [ 113.228336235000029, -7.726479155999925, 0.0 ], [ 113.228621008, -7.725790824999933, 0.0 ], [ 113.228825071000074, -7.725311125999951, 0.0 ], [ 113.228928971000073, -7.725031133999948, 0.0 ], [ 113.228994822000118, -7.725022882999951, 0.0 ], [ 113.229040902000065, -7.72504287299995, 0.0 ], [ 113.229060173000107, -7.725072072999978, 0.0 ], [ 113.229020192, -7.725141192999956, 0.0 ], [ 113.228941916000053, -7.725255438999966, 0.0 ], [ 113.228876649000085, -7.725378065999962, 0.0 ], [ 113.228804281000066, -7.725557207999941, 0.0 ], [ 113.228587855000114, -7.726081763999957, 0.0 ], [ 113.22829437900009, -7.726773139999978, 0.0 ], [ 113.228139140000053, -7.727143067999975, 0.0 ], [ 113.228039963000015, -7.727383497999938, 0.0 ], [ 113.227975941000068, -7.727538700999958, 0.0 ], [ 113.227972553000086, -7.727609853999979, 0.0 ], [ 113.227913890000082, -7.727750135999941, 0.0 ], [ 113.227830142000016, -7.727950402999966, 0.0 ], [ 113.227512940000111, -7.728701539999975, 0.0 ], [ 113.227171407000014, -7.729521151999961, 0.0 ], [ 113.227022675000057, -7.729871695999975, 0.0 ], [ 113.226845290000028, -7.730289770999946, 0.0 ], [ 113.226575647000118, -7.730925267999964, 0.0 ], [ 113.226299096000048, -7.731548035999936, 0.0 ], [ 113.226106953000112, -7.732004610999979, 0.0 ], [ 113.22603618200003, -7.73217277699996, 0.0 ], [ 113.225878847000104, -7.732538278999925, 0.0 ], [ 113.225773700000104, -7.732785374999935, 0.0 ], [ 113.225639475000094, -7.733108381999955, 0.0 ], [ 113.225554528000089, -7.733315894999976, 0.0 ], [ 113.225483901000075, -7.733488424999962, 0.0 ], [ 113.225693971000055, -7.733573130999957, 0.0 ], [ 113.225416137000025, -7.73423044599997, 0.0 ], [ 113.224485705, -7.733835942999974, 0.0 ], [ 113.22372202400004, -7.733512142999928, 0.0 ], [ 113.223874494000029, -7.733217366999952, 0.0 ], [ 113.223854518000053, -7.733151135999947, 0.0 ], [ 113.223816231000114, -7.733132500999943, 0.0 ], [ 113.223768796000059, -7.733123690999946, 0.0 ], [ 113.223720450000087, -7.733132660999956, 0.0 ], [ 113.223661036000067, -7.733132660999956, 0.0 ], [ 113.223597340000083, -7.73310924599997, 0.0 ], [ 113.223475854000071, -7.733061930999952, 0.0 ], [ 113.223406861000058, -7.733075184999961, 0.0 ], [ 113.22335186600003, -7.733191485999953, 0.0 ], [ 113.223296686000026, -7.733308177999959, 0.0 ], [ 113.223207484000113, -7.733496818999981, 0.0 ], [ 113.223139249000042, -7.733468095999967, 0.0 ], [ 113.223094472000071, -7.733606914999939, 0.0 ], [ 113.223068097, -7.733671388999937, 0.0 ], [ 113.223079955000117, -7.733735087999946, 0.0 ], [ 113.22319948400002, -7.733841541999936, 0.0 ], [ 113.223254306000058, -7.73388418199994, 0.0 ], [ 113.223306083000011, -7.733929867999962, 0.0 ], [ 113.223357860000078, -7.733990781999978, 0.0 ], [ 113.223427912000034, -7.734098904999939, 0.0 ], [ 113.2235071, -7.734228346999942, 0.0 ], [ 113.223543649000021, -7.734334946999979, 0.0 ], [ 113.22354085500001, -7.734370334999937, 0.0 ], [ 113.223539080000023, -7.734392815999968, 0.0 ], [ 113.223529943000017, -7.734459820999973, 0.0 ], [ 113.223528420000093, -7.73449332399997, 0.0 ], [ 113.223542126000098, -7.734537486999955, 0.0 ], [ 113.223599994000097, -7.734627334999971, 0.0 ], [ 113.223627406000105, -7.734689771999967, 0.0 ], [ 113.223670046000052, -7.734733934999952, 0.0 ], [ 113.223685274000104, -7.73475982399998, 0.0 ], [ 113.223683751000067, -7.73479028099996, 0.0 ], [ 113.223657863000085, -7.734803986999964, 0.0 ], [ 113.223650249000116, -7.734831397999926, 0.0 ], [ 113.223641111, -7.734861854999963, 0.0 ], [ 113.223644157000081, -7.734892311999943, 0.0 ], [ 113.223654817000011, -7.734900687999925, 0.0 ], [ 113.223663954000017, -7.734910585999955, 0.0 ], [ 113.223663193000107, -7.73492429199996, 0.0 ], [ 113.223648726000079, -7.734931144999962, 0.0 ], [ 113.223639589000072, -7.734942565999972, 0.0 ], [ 113.223625122000044, -7.734979114999931, 0.0 ], [ 113.223612939000077, -7.735044597999945, 0.0 ], [ 113.223604106000039, -7.73512754199993, 0.0 ], [ 113.223601060000078, -7.73520063999996, 0.0 ], [ 113.223617812000043, -7.735301147999962, 0.0 ], [ 113.223686340000086, -7.735483890999944, 0.0 ], [ 113.223706137000022, -7.73558135299993, 0.0 ], [ 113.223718320000103, -7.735651404999942, 0.0 ], [ 113.223738117000039, -7.735694044999946, 0.0 ], [ 113.223737019000055, -7.735712350999961, 0.0 ], [ 113.223733549000031, -7.735770186999957, 0.0 ], [ 113.223727457000109, -7.735817395999959, 0.0 ], [ 113.223713752000094, -7.735887446999925, 0.0 ], [ 113.223704615000088, -7.73594531599997, 0.0 ], [ 113.223703092000051, -7.735987955999974, 0.0 ], [ 113.223719843000026, -7.736036686999967, 0.0 ], [ 113.223800554000036, -7.736088463999977, 0.0 ], [ 113.224015277000035, -7.736254454999937, 0.0 ], [ 113.224064008000028, -7.73629557199996, 0.0 ], [ 113.224070100000063, -7.73632602899994, 0.0 ], [ 113.224059440000019, -7.736376283999959, 0.0 ], [ 113.224027460000116, -7.736437197999976, 0.0 ], [ 113.224007663000066, -7.736484405999931, 0.0 ], [ 113.223998526000059, -7.736528568999972, 0.0 ], [ 113.224001571000031, -7.736575777999974, 0.0 ], [ 113.224007663000066, -7.736607757999934, 0.0 ], [ 113.224031422000053, -7.73664454599998, 0.0 ], [ 113.22404898800005, -7.736657093999952, 0.0 ], [ 113.224098456000092, -7.736687925999945, 0.0 ], [ 113.224134032000052, -7.736709949999977, 0.0 ], [ 113.224166559000082, -7.736723502999951, 0.0 ], [ 113.224203830000079, -7.736732650999954, 0.0 ], [ 113.224248554000042, -7.736739426999975, 0.0 ], [ 113.224295990000087, -7.736747897999976, 0.0 ], [ 113.224349185000051, -7.736763483999937, 0.0 ], [ 113.224398992000033, -7.736789233999957, 0.0 ], [ 113.224445071000105, -7.736821421999935, 0.0 ], [ 113.224483020000093, -7.736861064999971, 0.0 ], [ 113.224518596000053, -7.736903755999947, 0.0 ], [ 113.224551123000083, -7.736947802999964, 0.0 ], [ 113.224582295, -7.736996593999947, 0.0 ], [ 113.224602624000113, -7.737055548999933, 0.0 ], [ 113.22460228500006, -7.73711856999995, 0.0 ], [ 113.224590426000077, -7.737161260999926, 0.0 ], [ 113.224572808000062, -7.737199547999978, 0.0 ], [ 113.224562304000074, -7.737237157999971, 0.0 ], [ 113.224568064000096, -7.737269006999952, 0.0 ], [ 113.224590765000016, -7.737287980999952, 0.0 ], [ 113.224628036000013, -7.737299500999939, 0.0 ], [ 113.224682247000032, -7.737317796999946, 0.0 ], [ 113.224733409, -7.737343886999952, 0.0 ], [ 113.224772374000054, -7.737384883999937, 0.0 ], [ 113.22484759300005, -7.737361843999963, 0.0 ], [ 113.224916712000095, -7.737351340999965, 0.0 ], [ 113.22499227000003, -7.737345580999943, 0.0 ], [ 113.225058679000085, -7.737351679999961, 0.0 ], [ 113.225126444000011, -7.737372686999947, 0.0 ], [ 113.225176589000057, -7.737403857999936, 0.0 ], [ 113.225214199000106, -7.737444177999976, 0.0 ], [ 113.225227074000031, -7.737490596999976, 0.0 ], [ 113.225219959000015, -7.737538370999971, 0.0 ], [ 113.225197596000044, -7.737584789999971, 0.0 ], [ 113.225173540000014, -7.737626464999948, 0.0 ], [ 113.225149822000049, -7.737666445999935, 0.0 ], [ 113.225128138000059, -7.737702699999943, 0.0 ], [ 113.225102387000106, -7.737740308999946, 0.0 ], [ 113.225076975000093, -7.737784355999963, 0.0 ], [ 113.225064100000054, -7.737826708999933, 0.0 ], [ 113.225065456000038, -7.737871094999946, 0.0 ], [ 113.22507392600005, -7.737900571999944, 0.0 ], [ 113.225083413000107, -7.737920901999928, 0.0 ], [ 113.225095950000082, -7.737937164999948, 0.0 ], [ 113.225116279000076, -7.737958171999935, 0.0 ], [ 113.225145079000072, -7.737983244999953, 0.0 ], [ 113.225186415000053, -7.738013060999947, 0.0 ], [ 113.225230123000074, -7.738036439999973, 0.0 ], [ 113.225253697000085, -7.738047632999951, 0.0 ], [ 113.225277220000066, -7.738058801999955, 0.0 ], [ 113.225315168000066, -7.738074726999969, 0.0 ], [ 113.225334531000044, -7.738079567999932, 0.0 ], [ 113.225358537000034, -7.738085568999963, 0.0 ], [ 113.225406650000082, -7.73808319799997, 0.0 ], [ 113.225472043000082, -7.738069644999939, 0.0 ], [ 113.225532353000062, -7.738054058999978, 0.0 ], [ 113.225588936, -7.738058801999955, 0.0 ], [ 113.225646875000052, -7.738081164999926, 0.0 ], [ 113.225702103000117, -7.738111319999973, 0.0 ], [ 113.225736663000021, -7.738136392999934, 0.0 ], [ 113.225759703000108, -7.738158754999972, 0.0 ], [ 113.22577698300006, -7.738181794999946, 0.0 ], [ 113.225798329000099, -7.738206867999963, 0.0 ], [ 113.225820013000089, -7.738234650999971, 0.0 ], [ 113.22584474700011, -7.738255657999957, 0.0 ], [ 113.225872870000103, -7.738262095999971, 0.0 ], [ 113.225902008000048, -7.738251253999977, 0.0 ], [ 113.225939279000045, -7.738232617999927, 0.0 ], [ 113.225984681000114, -7.738229568999941, 0.0 ], [ 113.226025340000092, -7.738256674999946, 0.0 ], [ 113.226058206000062, -7.738303431999952, 0.0 ], [ 113.226098187000048, -7.738341041999945, 0.0 ], [ 113.226145283000051, -7.738349511999957, 0.0 ], [ 113.226214742000025, -7.738346123999975, 0.0 ], [ 113.226285894000057, -7.738352561999932, 0.0 ], [ 113.2263628070001, -7.738380344999939, 0.0 ], [ 113.226415325000062, -7.738412193999977, 0.0 ], [ 113.226452595000069, -7.738444381999955, 0.0 ], [ 113.226480717000072, -7.73847318199995, 0.0 ], [ 113.226510872000063, -7.73850164299995, 0.0 ], [ 113.226547804, -7.738527732999955, 0.0 ], [ 113.226596256000107, -7.738550433999933, 0.0 ], [ 113.226649112000018, -7.738568052999938, 0.0 ], [ 113.226701968000043, -7.738582621999967, 0.0 ], [ 113.226746354000056, -7.73859719099994, 0.0 ], [ 113.226791079, -7.738615826999933, 0.0 ], [ 113.226844274000086, -7.738637171999926, 0.0 ], [ 113.226904245000014, -7.738653774999932, 0.0 ], [ 113.226973365000049, -7.738669021999954, 0.0 ], [ 113.227027916000111, -7.738685962999966, 0.0 ], [ 113.227071963000071, -7.738705614999958, 0.0 ], [ 113.227106184000036, -7.738723910999965, 0.0 ], [ 113.227140405000114, -7.738737802999935, 0.0 ], [ 113.227182080000034, -7.738749322999979, 0.0 ], [ 113.227232565, -7.738763891999952, 0.0 ], [ 113.22727593400009, -7.738777783999979, 0.0 ], [ 113.227317270000071, -7.738788286999977, 0.0 ], [ 113.227350136000041, -7.738792352999951, 0.0 ], [ 113.227389778000088, -7.738792352999951, 0.0 ], [ 113.227419595000015, -7.738790319999964, 0.0 ], [ 113.227447039000026, -7.738783204999947, 0.0 ], [ 113.2274721120001, -7.738773039999955, 0.0 ], [ 113.227499557000101, -7.738764569999944, 0.0 ], [ 113.227535811000052, -7.738767279999934, 0.0 ], [ 113.227571387000012, -7.738778799999977, 0.0 ], [ 113.227616112000078, -7.738789980999968, 0.0 ], [ 113.227669646000095, -7.738788286999977, 0.0 ], [ 113.22773165000001, -7.73878117199996, 0.0 ], [ 113.227809579000109, -7.738768973999981, 0.0 ], [ 113.227885137000044, -7.738773039999955, 0.0 ], [ 113.22795527300002, -7.738778799999977, 0.0 ], [ 113.228019310000036, -7.738789980999968, 0.0 ], [ 113.228078943000014, -7.738801500999955, 0.0 ], [ 113.228124007000019, -7.738807599999973, 0.0 ], [ 113.2281589050001, -7.738805566999929, 0.0 ], [ 113.228184656000053, -7.738798790999965, 0.0 ], [ 113.228213117000109, -7.738793708999935, 0.0 ], [ 113.228249710000114, -7.738799467999968, 0.0 ], [ 113.228295112000069, -7.738816747999977, 0.0 ], [ 113.228350001000081, -7.738831994999941, 0.0 ], [ 113.228411667000046, -7.73883978799995, 0.0 ], [ 113.228470961000085, -7.738843853999981, 0.0 ], [ 113.228533643000105, -7.738851646999933, 0.0 ], [ 113.228610895000088, -7.738854018999973, 0.0 ], [ 113.228683064000052, -7.738859100999946, 0.0 ], [ 113.228754894000076, -7.738864860999968, 0.0 ], [ 113.228811816000075, -7.738874008999971, 0.0 ], [ 113.22887077200005, -7.73887943099993, 0.0 ], [ 113.228915835000066, -7.738879768999936, 0.0 ], [ 113.22894395700007, -7.738870620999933, 0.0 ], [ 113.228970047000075, -7.738847919999955, 0.0 ], [ 113.228998846000081, -7.738827590999961, 0.0 ], [ 113.229046959000016, -7.738818103999961, 0.0 ], [ 113.229103881000015, -7.738829284999952, 0.0 ], [ 113.229165547000093, -7.738854357999969, 0.0 ], [ 113.229210949000048, -7.738878752999938, 0.0 ], [ 113.229256013000054, -7.738906874999941, 0.0 ], [ 113.229289217000087, -7.73893770799998, 0.0 ], [ 113.229314290000048, -7.738966846999972, 0.0 ], [ 113.229335975000026, -7.739001406999932, 0.0 ], [ 113.229356643000074, -7.739035288999958, 0.0 ], [ 113.229383410000082, -7.739072897999961, 0.0 ], [ 113.22941228500008, -7.739097605999973, 0.0 ], [ 113.229416276000052, -7.739101020999954, 0.0 ], [ 113.22944812500009, -7.739106441999979, 0.0 ], [ 113.22947828000008, -7.739083401999949, 0.0 ], [ 113.229483841000047, -7.739071876999958, 0.0 ], [ 113.229501659000107, -7.739034949999962, 0.0 ], [ 113.229520294000054, -7.738972945999933, 0.0 ], [ 113.229547061000062, -7.738912295999967, 0.0 ], [ 113.229584332000059, -7.738869265999938, 0.0 ], [ 113.229622280000058, -7.738853001999928, 0.0 ], [ 113.229667682000013, -7.738858423999943, 0.0 ], [ 113.22970224200003, -7.738889594999932, 0.0 ], [ 113.229735447000053, -7.738922799999955, 0.0 ], [ 113.229771701000118, -7.738952954999945, 0.0 ], [ 113.22979964700005, -7.738958329999946, 0.0 ], [ 113.229815748000078, -7.738961425999946, 0.0 ], [ 113.229855729000064, -7.738947533999976, 0.0 ], [ 113.22987626400004, -7.738930780999965, 0.0 ], [ 113.229894354000066, -7.738916022999945, 0.0 ], [ 113.229929592000076, -7.738879091999934, 0.0 ], [ 113.229973978000089, -7.738840126999946, 0.0 ], [ 113.230032255000083, -7.738798112999973, 0.0 ], [ 113.230102730000112, -7.738762875999953, 0.0 ], [ 113.230155925000076, -7.738734075999957, 0.0 ], [ 113.230194212000015, -7.738710018999939, 0.0 ], [ 113.230221657000016, -7.73868291399998, 0.0 ], [ 113.230240970000068, -7.738657501999967, 0.0 ], [ 113.230265026000097, -7.738630056999966, 0.0 ], [ 113.23030094100011, -7.738605322999945, 0.0 ], [ 113.230345666000062, -7.738597868999932, 0.0 ], [ 113.230390391000014, -7.738605322999945, 0.0 ], [ 113.230429016000016, -7.738621247999959, 0.0 ], [ 113.230458155000065, -7.738628023999979, 0.0 ], [ 113.230484244000081, -7.738623280999946, 0.0 ], [ 113.230504574000065, -7.738599223999927, 0.0 ], [ 113.230529647000026, -7.738572795999971, 0.0 ], [ 113.230567934000078, -7.738549078999938, 0.0 ], [ 113.230625533000079, -7.738533153999981, 0.0 ], [ 113.230679406000036, -7.738524005999977, 0.0 ], [ 113.230739039000014, -7.738513162999936, 0.0 ], [ 113.230787829000064, -7.738517906999959, 0.0 ], [ 113.230826794000109, -7.738538913999946, 0.0 ], [ 113.230856272000096, -7.73857110199998, 0.0 ], [ 113.230880667000065, -7.738602273999959, 0.0 ], [ 113.230902352000044, -7.738634800999932, 0.0 ], [ 113.23092606900002, -7.73866936099995, 0.0 ], [ 113.230955547, -7.738705275999962, 0.0 ], [ 113.230992817000015, -7.738737463999939, 0.0 ], [ 113.231030426000075, -7.738761181999962, 0.0 ], [ 113.231072779000101, -7.738785915999927, 0.0 ], [ 113.231100902000094, -7.738808616999961, 0.0 ], [ 113.231127330000049, -7.738833689999979, 0.0 ], [ 113.231154774000061, -7.738854357999969, 0.0 ], [ 113.231186962000038, -7.738870281999937, 0.0 ], [ 113.23122287800004, -7.738885867999954, 0.0 ], [ 113.231246256000077, -7.738900098999977, 0.0 ], [ 113.231268619000048, -7.738921782999967, 0.0 ], [ 113.231293353000069, -7.738945161999936, 0.0 ], [ 113.231327913000086, -7.73896616899998, 0.0 ], [ 113.231365183000094, -7.738972267999941, 0.0 ], [ 113.231392289000041, -7.738952615999949, 0.0 ], [ 113.231397371000071, -7.738913312999955, 0.0 ], [ 113.231371960000047, -7.73885605199996, 0.0 ], [ 113.231328590000089, -7.738805227999933, 0.0 ], [ 113.231279800000038, -7.738761519999969, 0.0 ], [ 113.231229315000064, -7.738719167999932, 0.0 ], [ 113.231203565000101, -7.738673087999928, 0.0 ], [ 113.231218473000013, -7.738639882999962, 0.0 ], [ 113.231275056000072, -7.738618875999975, 0.0 ], [ 113.231343160000051, -7.738605661999941, 0.0 ], [ 113.231403131000093, -7.738591769999971, 0.0 ], [ 113.231456812000033, -7.738556923999965, 0.0 ], [ 113.231522456000107, -7.738535449999972, 0.0 ], [ 113.231556790000013, -7.738535900999977, 0.0 ], [ 113.231580281000106, -7.738544032999926, 0.0 ], [ 113.23160241800008, -7.738548098999956, 0.0 ], [ 113.231622521000077, -7.738550809999936, 0.0 ], [ 113.231640140000081, -7.738556456999959, 0.0 ], [ 113.231655500000102, -7.738566620999961, 0.0 ], [ 113.231669505000013, -7.738577237999948, 0.0 ], [ 113.231691189000117, -7.738585820999958, 0.0 ], [ 113.231719424000062, -7.738588531999937, 0.0 ], [ 113.231756695000058, -7.73858830599994, 0.0 ], [ 113.231785382000112, -7.738590564999981, 0.0 ], [ 113.231807292000099, -7.73859688899995, 0.0 ], [ 113.231821749, -7.738614733999952, 0.0 ], [ 113.231831010000064, -7.738634837999939, 0.0 ], [ 113.231839142000013, -7.738654940999936, 0.0 ], [ 113.231846596000082, -7.738677302999974, 0.0 ], [ 113.231859923000115, -7.738695825999969, 0.0 ], [ 113.231869862000053, -7.738716154999963, 0.0 ], [ 113.231881607000105, -7.738732869999978, 0.0 ], [ 113.231897645000117, -7.738750714999981, 0.0 ], [ 113.23190893900005, -7.738773076999962, 0.0 ], [ 113.231919781000101, -7.738790921999964, 0.0 ], [ 113.231935141, -7.738806507999925, 0.0 ], [ 113.231950953000023, -7.738821189999953, 0.0 ], [ 113.231966313000044, -7.738834064999935, 0.0 ], [ 113.2319748970001, -7.738850102999947, 0.0 ], [ 113.231978962000085, -7.738867721999952, 0.0 ], [ 113.231978059000085, -7.738890083999934, 0.0 ], [ 113.231977155000095, -7.738912445999972, 0.0 ], [ 113.231985061000046, -7.738933678999956, 0.0 ], [ 113.23200539100003, -7.738949942999966, 0.0 ], [ 113.232032948000096, -7.738960558999963, 0.0 ], [ 113.232059150000055, -7.738958525999976, 0.0 ], [ 113.232077673000049, -7.738950393999971, 0.0 ], [ 113.232096421000051, -7.738940906999972, 0.0 ], [ 113.23211900900003, -7.738934130999951, 0.0 ], [ 113.232150181000065, -7.738933226999961, 0.0 ], [ 113.232178642, -7.738937970999928, 0.0 ], [ 113.232210943000041, -7.738947683999982, 0.0 ], [ 113.232234886000015, -7.738957170999981, 0.0 ], [ 113.232252957000014, -7.738967109999976, 0.0 ], [ 113.232265606000055, -7.738978628999973, 0.0 ], [ 113.232277804000091, -7.738987664999968, 0.0 ], [ 113.232295875000091, -7.738992181999947, 0.0 ], [ 113.232316430000083, -7.738996021999981, 0.0 ], [ 113.232341277000046, -7.739006864999965, 0.0 ], [ 113.232361832000038, -7.739026741999965, 0.0 ], [ 113.232381258000032, -7.739052040999979, 0.0 ], [ 113.232401135000032, -7.739076209999951, 0.0 ], [ 113.232424401000117, -7.739097216999937, 0.0 ], [ 113.232446312000093, -7.739113480999947, 0.0 ], [ 113.23246641500009, -7.739123870999947, 0.0 ], [ 113.232488100000069, -7.739132228999949, 0.0 ], [ 113.232510236000053, -7.73913990899996, 0.0 ], [ 113.232544118000078, -7.739150976999952, 0.0 ], [ 113.232575290000113, -7.739161141999944, 0.0 ], [ 113.232603751000056, -7.73916475599998, 0.0 ], [ 113.232626114000027, -7.739164077999931, 0.0 ], [ 113.232648928000117, -7.739165884999977, 0.0 ], [ 113.232666546000019, -7.739171983999938, 0.0 ], [ 113.232683262000023, -7.739185762999966, 0.0 ], [ 113.232696815000054, -7.739197734999948, 0.0 ], [ 113.232713078000074, -7.739204510999969, 0.0 ], [ 113.232727760000103, -7.739202929999976, 0.0 ], [ 113.23274131300002, -7.739195927999958, 0.0 ], [ 113.232753737000053, -7.739190957999938, 0.0 ], [ 113.232764805000102, -7.739190506999932, 0.0 ], [ 113.232778358000019, -7.739192313999979, 0.0 ], [ 113.232789878000062, -7.739191409999933, 0.0 ], [ 113.232800494000116, -7.739185084999974, 0.0 ], [ 113.232811562000052, -7.739177178999967, 0.0 ], [ 113.232826696000075, -7.739170628999943, 0.0 ], [ 113.232846122000069, -7.739166562999969, 0.0 ], [ 113.232865774000061, -7.739164529999925, 0.0 ], [ 113.232883619000063, -7.739165207999974, 0.0 ], [ 113.232903045000057, -7.739171306999935, 0.0 ], [ 113.232920437000075, -7.739174016999925, 0.0 ], [ 113.23293715300008, -7.739168369999959, 0.0 ], [ 113.232950254000116, -7.739154590999931, 0.0 ], [ 113.232963807000033, -7.73913719799998, 0.0 ], [ 113.232978941000056, -7.739125677999937, 0.0 ], [ 113.232995430000074, -7.73911912799997, 0.0 ], [ 113.233010790000094, -7.73911325499995, 0.0 ], [ 113.233026828000106, -7.739106026999934, 0.0 ], [ 113.233046028000103, -7.739098346999981, 0.0 ], [ 113.233070197000075, -7.739094506999947, 0.0 ], [ 113.233089623000069, -7.739091343999974, 0.0 ], [ 113.233106790000079, -7.739085471999942, 0.0 ], [ 113.233121924000102, -7.739072144999966, 0.0 ], [ 113.233132089000037, -7.739052040999979, 0.0 ], [ 113.23313276600004, -7.739029226999946, 0.0 ], [ 113.233124860000089, -7.739009348999957, 0.0 ], [ 113.233116277000022, -7.738995795999926, 0.0 ], [ 113.233106564000082, -7.738984050999932, 0.0 ], [ 113.233098206000022, -7.738974337999935, 0.0 ], [ 113.233088945000077, -7.738962817999948, 0.0 ], [ 113.233081039000012, -7.738951749999956, 0.0 ], [ 113.233073585000056, -7.738939325999979, 0.0 ], [ 113.233065453000108, -7.738927579999938, 0.0 ], [ 113.233053256000062, -7.738914930999954, 0.0 ], [ 113.233033378000073, -7.73890228099998, 0.0 ], [ 113.233011242000089, -7.738891438999929, 0.0 ], [ 113.232991138000102, -7.738881499999934, 0.0 ], [ 113.232972164000103, -7.738867495999955, 0.0 ], [ 113.23295612700008, -7.738850102999947, 0.0 ], [ 113.232943929000044, -7.738835194999979, 0.0 ], [ 113.232933539000101, -7.738822996999943, 0.0 ], [ 113.232922470000062, -7.738815090999935, 0.0 ], [ 113.232902367000065, -7.738814187999935, 0.0 ], [ 113.232873002000019, -7.738820963999956, 0.0 ], [ 113.232833021000033, -7.738831128999948, 0.0 ], [ 113.232799817000114, -7.738833838999938, 0.0 ], [ 113.232760739000014, -7.738826384999982, 0.0 ], [ 113.232735892000051, -7.738814864999938, 0.0 ], [ 113.232713756000066, -7.738797020999925, 0.0 ], [ 113.232698396000046, -7.738777594999931, 0.0 ], [ 113.232679873000052, -7.738749133999931, 0.0 ], [ 113.232659544000057, -7.738723156999981, 0.0 ], [ 113.232643732000042, -7.738703053999927, 0.0 ], [ 113.232629050000014, -7.738684531999979, 0.0 ], [ 113.232618885000079, -7.738667589999977, 0.0 ], [ 113.23261346400011, -7.738649067999972, 0.0 ], [ 113.232615723000094, -7.738632804999952, 0.0 ], [ 113.23262498400004, -7.738617218999934, 0.0 ], [ 113.232637408000073, -7.73860637599995, 0.0 ], [ 113.232650961000104, -7.738601180999979, 0.0 ], [ 113.232667676, -7.738597114999948, 0.0 ], [ 113.232691393000096, -7.738587627999948, 0.0 ], [ 113.232705398, -7.738573623999969, 0.0 ], [ 113.232709464000095, -7.738553293999928, 0.0 ], [ 113.232704720000015, -7.738531609999939, 0.0 ], [ 113.232697718000054, -7.738508569999965, 0.0 ], [ 113.232694104000075, -7.738487562999978, 0.0 ], [ 113.232698396000046, -7.738469265999981, 0.0 ], [ 113.23271262600008, -7.738452776999964, 0.0 ], [ 113.232728890000089, -7.738439675999928, 0.0 ], [ 113.232741991000012, -7.738423863999969, 0.0 ], [ 113.232751026000074, -7.738401049999936, 0.0 ], [ 113.232757125000035, -7.738372588999937, 0.0 ], [ 113.232764579000104, -7.738344127999937, 0.0 ], [ 113.232774970000037, -7.738320409999972, 0.0 ], [ 113.232791685000052, -7.738299176999931, 0.0 ], [ 113.23281517700002, -7.738284720999957, 0.0 ], [ 113.232844767000074, -7.738279073999934, 0.0 ], [ 113.232872099000019, -7.738286979999941, 0.0 ], [ 113.232892202000016, -7.738303920999954, 0.0 ], [ 113.232907336000039, -7.738318602999925, 0.0 ], [ 113.232925407000039, -7.738329219999969, 0.0 ], [ 113.232943026000044, -7.738330574999964, 0.0 ], [ 113.232961774000046, -7.73833441499994, 0.0 ], [ 113.232979393000051, -7.738339835999966, 0.0 ], [ 113.232996785000068, -7.738341642999956, 0.0 ], [ 113.233014630000071, -7.738336899999979, 0.0 ], [ 113.23303450800006, -7.738334640999938, 0.0 ], [ 113.233055966000052, -7.738340739999956, 0.0 ], [ 113.233065679000106, -7.738357454999971, 0.0 ], [ 113.233066583000095, -7.738377106999963, 0.0 ], [ 113.23306793800009, -7.738394724999978, 0.0 ], [ 113.233077199000036, -7.73841437699997, 0.0 ], [ 113.233094140000048, -7.738438771999938, 0.0 ], [ 113.233114470000032, -7.738460908999969, 0.0 ], [ 113.233141350000096, -7.73848146399996, 0.0 ], [ 113.23316529300007, -7.738493209999945, 0.0 ], [ 113.233184719000064, -7.73851082799996, 0.0 ], [ 113.233195335, -7.738534319999928, 0.0 ], [ 113.233204822000062, -7.738560521999943, 0.0 ], [ 113.23321769800009, -7.738584239999966, 0.0 ], [ 113.233240286000068, -7.738605924999945, 0.0 ], [ 113.233263100000045, -7.738622187999965, 0.0 ], [ 113.233285688000024, -7.738635288999944, 0.0 ], [ 113.233308276000116, -7.738646808999931, 0.0 ], [ 113.233327250000116, -7.738671203999957, 0.0 ], [ 113.233346224000115, -7.738689274999956, 0.0 ], [ 113.233374234000053, -7.73870282799993, 0.0 ], [ 113.233397274000026, -7.73870192399994, 0.0 ], [ 113.233424605000096, -7.738695373999974, 0.0 ], [ 113.233449452000059, -7.738690178999946, 0.0 ], [ 113.233481753000092, -7.738683401999936, 0.0 ], [ 113.233512247000021, -7.738674818999925, 0.0 ], [ 113.23353957900008, -7.738668267999969, 0.0 ], [ 113.233563974000049, -7.738659684999959, 0.0 ], [ 113.233580915000061, -7.738648615999978, 0.0 ], [ 113.233600567000053, -7.738635966999936, 0.0 ], [ 113.23361976700005, -7.738637321999931, 0.0 ], [ 113.233642581000026, -7.73863890299998, 0.0 ], [ 113.233667428000103, -7.73863980699997, 0.0 ], [ 113.233694760000049, -7.738638225999978, 0.0 ], [ 113.23372186600011, -7.738634837999939, 0.0 ], [ 113.233743550000099, -7.738630997999962, 0.0 ], [ 113.233763880000083, -7.738630771999965, 0.0 ], [ 113.233778336000114, -7.738628286999926, 0.0 ], [ 113.233797310000114, -7.738622413999963, 0.0 ], [ 113.233816962000105, -7.738616992999937, 0.0 ], [ 113.23384429400005, -7.738619251999978, 0.0 ], [ 113.233868463000022, -7.738626931999931, 0.0 ], [ 113.233891503000109, -7.738630997999962, 0.0 ], [ 113.233910251000111, -7.738626705999934, 0.0 ], [ 113.233927870000116, -7.738619477999976, 0.0 ], [ 113.233947521, -7.738612700999965, 0.0 ], [ 113.233971013000087, -7.738610215999927, 0.0 ], [ 113.233998797000027, -7.738607053999942, 0.0 ], [ 113.23402748400008, -7.738600503999976, 0.0 ], [ 113.234056622000026, -7.73859779299994, 0.0 ], [ 113.234078307000118, -7.738598018999937, 0.0 ], [ 113.234095926, -7.738599825999927, 0.0 ], [ 113.23410947900004, -7.738600954999981, 0.0 ], [ 113.234125968000058, -7.738601406999976, 0.0 ], [ 113.234144942000057, -7.738601858999971, 0.0 ], [ 113.234165046000044, -7.738602084999968, 0.0 ], [ 113.234188537000023, -7.73860366599996, 0.0 ], [ 113.234209544, -7.738607505999937, 0.0 ], [ 113.23422490400003, -7.738611571999968, 0.0 ], [ 113.234237779000068, -7.73861495999995, 0.0 ], [ 113.234256979000065, -7.738618573999929, 0.0 ], [ 113.234286570000108, -7.738625124999942, 0.0 ], [ 113.234330391000071, -7.738639354999975, 0.0 ], [ 113.234368565000068, -7.738655618999928, 0.0 ], [ 113.234401995000098, -7.738673914999936, 0.0 ], [ 113.234428649000051, -7.738690629999951, 0.0 ], [ 113.234458918000087, -7.738707345999956, 0.0 ], [ 113.234481732000063, -7.738720446999935, 0.0 ], [ 113.234500706000063, -7.738728126999945, 0.0 ], [ 113.234521487000052, -7.738730610999937, 0.0 ], [ 113.234542946000033, -7.738730836999935, 0.0 ], [ 113.234573440000077, -7.738731062999932, 0.0 ], [ 113.23460664400011, -7.738733773999968, 0.0 ], [ 113.234642785, -7.738739420999934, 0.0 ], [ 113.234669891000067, -7.738751843999978, 0.0 ], [ 113.234692931000041, -7.738767429999939, 0.0 ], [ 113.23471280900003, -7.738779627999975, 0.0 ], [ 113.234733138000024, -7.738786855999933, 0.0 ], [ 113.234758211000099, -7.738789566999969, 0.0 ], [ 113.234779444000083, -7.738789340999972, 0.0 ], [ 113.234804291000046, -7.738784822999946, 0.0 ], [ 113.234830945000112, -7.738779853999972, 0.0 ], [ 113.234861665000039, -7.738776238999947, 0.0 ], [ 113.234887641000114, -7.738781886999959, 0.0 ], [ 113.234910003000095, -7.738792728999954, 0.0 ], [ 113.234925815000111, -7.738812831999951, 0.0 ], [ 113.234939820000022, -7.73883270999994, 0.0 ], [ 113.234957439000027, -7.738853038999935, 0.0 ], [ 113.234982060000107, -7.738861396999937, 0.0 ], [ 113.235005325000088, -7.738861622999934, 0.0 ], [ 113.235032205000039, -7.738856878999968, 0.0 ], [ 113.235061796000082, -7.738850554999942, 0.0 ], [ 113.235091838000017, -7.738847843999963, 0.0 ], [ 113.235123236000049, -7.738850554999942, 0.0 ], [ 113.235151245000111, -7.738862525999934, 0.0 ], [ 113.235176770000066, -7.738881273999937, 0.0 ], [ 113.235197099000061, -7.738891438999929, 0.0 ], [ 113.235217654000053, -7.738885791999962, 0.0 ], [ 113.235234370000057, -7.738866365999968, 0.0 ], [ 113.235258539000029, -7.738843325999937, 0.0 ], [ 113.235287, -7.738828869999963, 0.0 ], [ 113.235318623000012, -7.738833387999932, 0.0 ], [ 113.235341889000097, -7.738856878999968, 0.0 ], [ 113.235350924000045, -7.738892116999978, 0.0 ], [ 113.235345277000079, -7.738931193999974, 0.0 ], [ 113.23533330600003, -7.73896620599993, 0.0 ], [ 113.235322463000102, -7.73899782899997, 0.0 ], [ 113.235316816000022, -7.739026064999962, 0.0 ], [ 113.235314558000027, -7.739050007999936, 0.0 ], [ 113.235311621000051, -7.739075758999945, 0.0 ], [ 113.235307555000077, -7.739104445999942, 0.0 ], [ 113.235299198, -7.739135390999934, 0.0 ], [ 113.235293099000046, -7.739164981999977, 0.0 ], [ 113.23528654800009, -7.739194797999971, 0.0 ], [ 113.235283612000103, -7.739226421999945, 0.0 ], [ 113.235287226000082, -7.739255334999939, 0.0 ], [ 113.235299649000012, -7.739281988999949, 0.0 ], [ 113.235320430000115, -7.739308642999958, 0.0 ], [ 113.235344600000076, -7.739315418999979, 0.0 ], [ 113.23536673600006, -7.739305931999979, 0.0 ], [ 113.235386840000047, -7.739289442999961, 0.0 ], [ 113.235400393000077, -7.739274985999941, 0.0 ], [ 113.235418011000093, -7.739260755999965, 0.0 ], [ 113.235439696000071, -7.739250364999975, 0.0 ], [ 113.235472223000102, -7.739240425999981, 0.0 ], [ 113.235500684000044, -7.739229583999929, 0.0 ], [ 113.235525531, -7.739216708999948, 0.0 ], [ 113.235549249000087, -7.739203155999974, 0.0 ], [ 113.235572740000066, -7.739191861999927, 0.0 ], [ 113.235595328000045, -7.739184181999974, 0.0 ], [ 113.235614754000039, -7.739178986999946, 0.0 ], [ 113.23563711700001, -7.739174920999972, 0.0 ], [ 113.235660382000106, -7.739175597999974, 0.0 ], [ 113.235683648000077, -7.739185988999964, 0.0 ], [ 113.235701267000081, -7.739203155999974, 0.0 ], [ 113.235712787000011, -7.739213997999968, 0.0 ], [ 113.235729502000027, -7.739220548999981, 0.0 ], [ 113.235750057000018, -7.739218515999937, 0.0 ], [ 113.235781681000049, -7.739214449999963, 0.0 ], [ 113.235806754, -7.739208350999945, 0.0 ], [ 113.235831827000084, -7.739203381999971, 0.0 ], [ 113.235851478000086, -7.739197056999956, 0.0 ], [ 113.235874744000057, -7.739188247999948, 0.0 ], [ 113.235895977000041, -7.739177630999961, 0.0 ], [ 113.235921050000115, -7.739169273999948, 0.0 ], [ 113.235942509000097, -7.739168821999954, 0.0 ], [ 113.235965097000076, -7.739178534999951, 0.0 ], [ 113.235986104000062, -7.739195927999958, 0.0 ], [ 113.236009595000041, -7.739216256999953, 0.0 ], [ 113.236028795000038, -7.739233423999963, 0.0 ], [ 113.23604573700004, -7.739246524999942, 0.0 ], [ 113.236060871000063, -7.739249461999975, 0.0 ], [ 113.236074875000099, -7.739243362999957, 0.0 ], [ 113.236087751000014, -7.73923184299997, 0.0 ], [ 113.236104014000034, -7.739221677999979, 0.0 ], [ 113.236122085000034, -7.739213094999968, 0.0 ], [ 113.236146254, -7.739207447999945, 0.0 ], [ 113.236168842000097, -7.739212642999973, 0.0 ], [ 113.236191656000074, -7.739225743999953, 0.0 ], [ 113.236214696000047, -7.739239974999975, 0.0 ], [ 113.236234800000034, -7.739244717999952, 0.0 ], [ 113.236256936000018, -7.739242458999968, 0.0 ], [ 113.236280202000103, -7.739240199999927, 0.0 ], [ 113.236310696000032, -7.739242458999968, 0.0 ], [ 113.236338027000102, -7.739247879999937, 0.0 ], [ 113.23635971200008, -7.73926120699997, 0.0 ], [ 113.236377105000088, -7.739274759999944, 0.0 ], [ 113.236396531000082, -7.739289893999967, 0.0 ], [ 113.236421152000048, -7.739304124999933, 0.0 ], [ 113.23643899700005, -7.739310675999945, 0.0 ], [ 113.236454357000071, -7.739308190999964, 0.0 ], [ 113.236465029000101, -7.739303125999982, 0.0 ], [ 113.236467726000114, -7.739645593999967, 0.0 ], [ 113.236462109000058, -7.73966825399998, 0.0 ], [ 113.236458507000066, -7.739682784999957, 0.0 ], [ 113.236452566000025, -7.739741255999945, 0.0 ], [ 113.236446004000072, -7.739805845999967, 0.0 ], [ 113.236449006000043, -7.739879120999944, 0.0 ], [ 113.236465214000077, -7.739962810999941, 0.0 ], [ 113.236486791000061, -7.740072588999965, 0.0 ], [ 113.236521353000057, -7.740150939999978, 0.0 ], [ 113.236574284000085, -7.740226574999951, 0.0 ], [ 113.2370750340001, -7.740286754999943, 0.0 ], [ 113.236934254000062, -7.74062701899993, 0.0 ], [ 113.236946555000031, -7.740661363999948, 0.0 ], [ 113.236955641, -7.740686732999961, 0.0 ], [ 113.236949904000085, -7.740746678999926, 0.0 ], [ 113.236917919, -7.740944488999958, 0.0 ], [ 113.23689514900002, -7.741175145999932, 0.0 ], [ 113.236874962000115, -7.741342890999931, 0.0 ], [ 113.236830899000097, -7.741531726999938, 0.0 ], [ 113.2367490580001, -7.74176947199993, 0.0 ], [ 113.236668358000088, -7.741996637999932, 0.0 ], [ 113.236650716000099, -7.742108609999946, 0.0 ], [ 113.236665677000019, -7.742409196999972, 0.0 ], [ 113.236673937000091, -7.74243093299998, 0.0 ], [ 113.236698592000039, -7.742444358999933, 0.0 ], [ 113.236767004000058, -7.742465779999975, 0.0 ], [ 113.23684903000003, -7.742489839999962, 0.0 ], [ 113.236876508000023, -7.742514185999937, 0.0 ], [ 113.236876752000057, -7.742560454999932, 0.0 ], [ 113.236879873000021, -7.742642134999926, 0.0 ], [ 113.236888466000096, -7.742712849999975, 0.0 ], [ 113.236897332000012, -7.742835256999967, 0.0 ], [ 113.236901142000079, -7.743047518999958, 0.0 ], [ 113.236883262000106, -7.743284385999971, 0.0 ], [ 113.236831202000076, -7.743543844999976, 0.0 ], [ 113.236840302000019, -7.743611484999974, 0.0 ], [ 113.236874668000041, -7.743850878999979, 0.0 ], [ 113.236923041000068, -7.744068058999972, 0.0 ], [ 113.236959064000075, -7.744168090999949, 0.0 ], [ 113.236973230000103, -7.744232903999944, 0.0 ], [ 113.236977474000014, -7.744626538999967, 0.0 ], [ 113.236991851000084, -7.74466044299993, 0.0 ], [ 113.237020455000106, -7.74469987599997, 0.0 ], [ 113.237032007000039, -7.744736686999943, 0.0 ], [ 113.237032396000018, -7.744810246999975, 0.0 ], [ 113.237024176000091, -7.744866861999981, 0.0 ], [ 113.237001774000078, -7.74492644399993, 0.0 ], [ 113.236690181000085, -7.746090165999931, 0.0 ], [ 113.236650356000041, -7.746289101999935, 0.0 ], [ 113.237108644000045, -7.746429391999925, 0.0 ], [ 113.237123303000089, -7.746304420999934, 0.0 ], [ 113.237800655000115, -7.746283059999939, 0.0 ], [ 113.237826238000025, -7.74628798699996, 0.0 ], [ 113.237789774000021, -7.746500731999959, 0.0 ], [ 113.237755772000014, -7.746599504999949, 0.0 ], [ 113.237783306000097, -7.746846615999971, 0.0 ], [ 113.237776240000017, -7.74727745399997, 0.0 ], [ 113.238123169, -7.74735777799998, 0.0 ], [ 113.237501246000079, -7.749144613999931, 0.0 ], [ 113.237106927000013, -7.74901962399997, 0.0 ], [ 113.237023038000075, -7.749336454999934, 0.0 ], [ 113.236645752000072, -7.749196372999961, 0.0 ], [ 113.236592623000092, -7.749366549999934, 0.0 ], [ 113.236474036000118, -7.749791827999957, 0.0 ], [ 113.236452090000057, -7.749796281999977, 0.0 ], [ 113.23597268900005, -7.749691528999961, 0.0 ], [ 113.235883990000048, -7.749918464999951, 0.0 ], [ 113.23581372000001, -7.750083128999961, 0.0 ], [ 113.235788332000084, -7.75008678699993, 0.0 ], [ 113.235534875000099, -7.750118030999943, 0.0 ], [ 113.235297399000046, -7.750133194999933, 0.0 ], [ 113.235099677000107, -7.750134232999926, 0.0 ], [ 113.234741216000089, -7.750078095999982, 0.0 ], [ 113.234697329000028, -7.750073807999968, 0.0 ], [ 113.234641461000024, -7.750135734999958, 0.0 ], [ 113.234565337000049, -7.750196592999941, 0.0 ], [ 113.234451164, -7.750283496999941, 0.0 ], [ 113.23438843100007, -7.750347266999938, 0.0 ], [ 113.234360606000109, -7.750398924999956, 0.0 ], [ 113.234334086000104, -7.750485277999928, 0.0 ], [ 113.234321031000036, -7.750560444999962, 0.0 ], [ 113.23429331300008, -7.75063225599996, 0.0 ], [ 113.234232146000068, -7.750752137999939, 0.0 ], [ 113.234219949000021, -7.750791422999953, 0.0 ], [ 113.23421897500009, -7.75081935299994, 0.0 ], [ 113.234226979000027, -7.750835035999955, 0.0 ], [ 113.234246158000019, -7.750858431999973, 0.0 ], [ 113.234288010000114, -7.750901951999936, 0.0 ], [ 113.234336658000075, -7.750958810999975, 0.0 ], [ 113.234357012000032, -7.750992322999934, 0.0 ], [ 113.234355083000082, -7.751051616999973, 0.0 ], [ 113.234339412000054, -7.751154992999943, 0.0 ], [ 113.234310706000088, -7.751181170999928, 0.0 ], [ 113.234270268000046, -7.751207500999953, 0.0 ], [ 113.234222657000032, -7.751248146999956, 0.0 ], [ 113.234169776000044, -7.75130960599995, 0.0 ], [ 113.234139206, -7.751336786999957, 0.0 ], [ 113.234096122000096, -7.751428107999971, 0.0 ], [ 113.233928255000023, -7.751493152999956, 0.0 ], [ 113.233883829000092, -7.751551376999942, 0.0 ], [ 113.233818938000013, -7.751636422999979, 0.0 ], [ 113.233780951000085, -7.751900777999936, 0.0 ], [ 113.233612039000036, -7.75217865299993, 0.0 ], [ 113.233559238000112, -7.752338347999967, 0.0 ], [ 113.233515389000104, -7.752470969999933, 0.0 ], [ 113.23333277800009, -7.752418428999931, 0.0 ], [ 113.233289400000103, -7.752425795999955, 0.0 ], [ 113.233212369000057, -7.752428097999939, 0.0 ], [ 113.233183624000048, -7.752432856999974, 0.0 ], [ 113.233143555000083, -7.752557599999932, 0.0 ], [ 113.233100586000091, -7.752642321999929, 0.0 ] ] ] ] } },
{ "type": "Feature", "properties": { "nm_kecamatan": "Kanigaran" }, "geometry": { "type": "MultiPolygon", "coordinates": [ [ [ [ 113.227870416000087, -7.771453150999946, 0.0 ], [ 113.227868833000116, -7.771569420999981, 0.0 ], [ 113.227863838000076, -7.77193608999994, 0.0 ], [ 113.227855572000067, -7.772543098999961, 0.0 ], [ 113.22785293700008, -7.772736557999963, 0.0 ], [ 113.227848763000111, -7.773043036999979, 0.0 ], [ 113.227849358000071, -7.773404975999938, 0.0 ], [ 113.227851588000021, -7.774763776999976, 0.0 ], [ 113.227848045000087, -7.775156934999927, 0.0 ], [ 113.227846544000045, -7.775323496999931, 0.0 ], [ 113.227844534000042, -7.775546795999958, 0.0 ], [ 113.227843186000086, -7.775696471999936, 0.0 ], [ 113.227841224000031, -7.77591407999995, 0.0 ], [ 113.22784, -7.77605, 0.0 ], [ 113.227848572000084, -7.776167161999979, 0.0 ], [ 113.227863588000105, -7.77637236399994, 0.0 ], [ 113.227870001000042, -7.77646, 0.0 ], [ 113.22788, -7.776540000999944, 0.0 ], [ 113.227890001000105, -7.776709998999934, 0.0 ], [ 113.227897085000109, -7.776770208999949, 0.0 ], [ 113.227910001000055, -7.77688, 0.0 ], [ 113.22791136, -7.776896320999981, 0.0 ], [ 113.22792, -7.777, 0.0 ], [ 113.227921256000059, -7.777016942999978, 0.0 ], [ 113.227930827000023, -7.77714616399993, 0.0 ], [ 113.227940000000103, -7.77727, 0.0 ], [ 113.22797, -7.777480001999947, 0.0 ], [ 113.227994294000041, -7.777722945999926, 0.0 ], [ 113.227999999000076, -7.77778, 0.0 ], [ 113.228015373000062, -7.778049899999928, 0.0 ], [ 113.228024094000034, -7.778218348999928, 0.0 ], [ 113.228046264000113, -7.778646545999948, 0.0 ], [ 113.228054622000059, -7.778807979999954, 0.0 ], [ 113.228065886000081, -7.779025513999954, 0.0 ], [ 113.22807531, -7.779207554999971, 0.0 ], [ 113.228076075000104, -7.779222340999979, 0.0 ], [ 113.228080271000067, -7.779303383999945, 0.0 ], [ 113.228082373, -7.77934397599995, 0.0 ], [ 113.228082441000083, -7.779345285999966, 0.0 ], [ 113.228086044000065, -7.779414884999937, 0.0 ], [ 113.228086052000094, -7.779415030999928, 0.0 ], [ 113.227961444000016, -7.779433114999961, 0.0 ], [ 113.227449383000021, -7.77937981499997, 0.0 ], [ 113.227007755000045, -7.779307478999954, 0.0 ], [ 113.226438587000075, -7.779166614999951, 0.0 ], [ 113.226013954000109, -7.779069386999936, 0.0 ], [ 113.226073896000116, -7.778397890999941, 0.0 ], [ 113.22610007000003, -7.778050488999952, 0.0 ], [ 113.226135409000108, -7.777680613999962, 0.0 ], [ 113.226135761000023, -7.777676913999926, 0.0 ], [ 113.22611109200011, -7.777670421999971, 0.0 ], [ 113.226102257000093, -7.777668097999936, 0.0 ], [ 113.226066372000105, -7.777658655999971, 0.0 ], [ 113.225961392000045, -7.777631026999927, 0.0 ], [ 113.225930510000012, -7.777622899999926, 0.0 ], [ 113.225909713000078, -7.777617426999939, 0.0 ], [ 113.22571890200004, -7.777556367999978, 0.0 ], [ 113.225612280000064, -7.777522248999958, 0.0 ], [ 113.225541855000074, -7.777502213999981, 0.0 ], [ 113.225389669000037, -7.777458920999948, 0.0 ], [ 113.225385896000034, -7.777457845999947, 0.0 ], [ 113.225336263000031, -7.777443726999934, 0.0 ], [ 113.225334568000108, -7.777443236999943, 0.0 ], [ 113.22533312600001, -7.777442820999966, 0.0 ], [ 113.225205906000042, -7.777406097999972, 0.0 ], [ 113.225123257000064, -7.777382239999952, 0.0 ], [ 113.225105455000062, -7.777377101999946, 0.0 ], [ 113.224949647000017, -7.777332970999964, 0.0 ], [ 113.224693809000087, -7.777260508999973, 0.0 ], [ 113.224428542000055, -7.777199189999976, 0.0 ], [ 113.224385545000018, -7.77718925299996, 0.0 ], [ 113.224273720000042, -7.777163401999928, 0.0 ], [ 113.224220295, -7.777151052999955, 0.0 ], [ 113.223997130000043, -7.777088612999933, 0.0 ], [ 113.223983793000116, -7.777084880999951, 0.0 ], [ 113.223841139000115, -7.777044966999938, 0.0 ], [ 113.223761060000015, -7.777022561999956, 0.0 ], [ 113.22368421200008, -7.777004617999978, 0.0 ], [ 113.223545370000011, -7.776972198999943, 0.0 ], [ 113.223401337000041, -7.776938566999945, 0.0 ], [ 113.223292307000065, -7.776913108999963, 0.0 ], [ 113.223217547000104, -7.776892649999979, 0.0 ], [ 113.222866514000089, -7.77679659699993, 0.0 ], [ 113.222814035000056, -7.776782236999964, 0.0 ], [ 113.222778869000081, -7.776780167999959, 0.0 ], [ 113.22273313200003, -7.776777477999929, 0.0 ], [ 113.222722618000034, -7.776775216999965, 0.0 ], [ 113.222419396000078, -7.776710015999981, 0.0 ], [ 113.222246727000083, -7.776672884999925, 0.0 ], [ 113.221984715000076, -7.776616544999968, 0.0 ], [ 113.221946614000103, -7.776607736999949, 0.0 ], [ 113.221716116000039, -7.776555007999946, 0.0 ], [ 113.221582556000044, -7.776524453999969, 0.0 ], [ 113.22156213400001, -7.776617491999957, 0.0 ], [ 113.221561140000063, -7.776622011999962, 0.0 ], [ 113.221035280000024, -7.776512555999943, 0.0 ], [ 113.221037382000077, -7.776501521999933, 0.0 ], [ 113.22105431600005, -7.776412620999963, 0.0 ], [ 113.220321442000113, -7.776241297999945, 0.0 ], [ 113.220290509000051, -7.776224641999931, 0.0 ], [ 113.22039044600001, -7.775965281999959, 0.0 ], [ 113.220257196000034, -7.775922449999939, 0.0 ], [ 113.220138223000049, -7.775884378999933, 0.0 ], [ 113.220168240000021, -7.77566560899993, 0.0 ], [ 113.220177148000062, -7.775581982999938, 0.0 ], [ 113.220200326000054, -7.77536435899998, 0.0 ], [ 113.220202504000099, -7.775343903999953, 0.0 ], [ 113.220209354000076, -7.77519222799998, 0.0 ], [ 113.22021582900004, -7.775048850999951, 0.0 ], [ 113.220216149000066, -7.774986293999973, 0.0 ], [ 113.220216273, -7.77496204299996, 0.0 ], [ 113.22021725400009, -7.774769636999963, 0.0 ], [ 113.220217733000027, -7.774675750999961, 0.0 ], [ 113.220216714000117, -7.774647717999926, 0.0 ], [ 113.220213925000053, -7.774571054999967, 0.0 ], [ 113.220172048000109, -7.774407347999954, 0.0 ], [ 113.220172048000109, -7.774346116999936, 0.0 ], [ 113.220172048000109, -7.774216990999946, 0.0 ], [ 113.220173069000111, -7.774188570999968, 0.0 ], [ 113.220174246000056, -7.774155816999951, 0.0 ], [ 113.220190262000074, -7.773710298999958, 0.0 ], [ 113.220192987000019, -7.773634500999947, 0.0 ], [ 113.220195229000069, -7.773606728999937, 0.0 ], [ 113.22022503300002, -7.773237738999967, 0.0 ], [ 113.220232960000089, -7.773139570999945, 0.0 ], [ 113.220236629000055, -7.773100693999936, 0.0 ], [ 113.220256169000095, -7.77289357199993, 0.0 ], [ 113.220270302000017, -7.772743762999937, 0.0 ], [ 113.220290069000043, -7.772534237999935, 0.0 ], [ 113.22029008100003, -7.772534114999928, 0.0 ], [ 113.220320298000047, -7.772228370999926, 0.0 ], [ 113.220335113000033, -7.772078475999933, 0.0 ], [ 113.2203447280001, -7.772013084999969, 0.0 ], [ 113.220352287000082, -7.771961682999972, 0.0 ], [ 113.220373184000096, -7.77181958999995, 0.0 ], [ 113.220382805000099, -7.771705840999971, 0.0 ], [ 113.22038731900011, -7.771652452999945, 0.0 ], [ 113.220405544000073, -7.771436971999947, 0.0 ], [ 113.22040723900011, -7.771404082999936, 0.0 ], [ 113.220415062000029, -7.771252325999967, 0.0 ], [ 113.220420352000019, -7.77120900999995, 0.0 ], [ 113.220441973000106, -7.771031988999937, 0.0 ], [ 113.220445519, -7.77100295799994, 0.0 ], [ 113.220457327000076, -7.770924241999978, 0.0 ], [ 113.220485495000048, -7.770736459999966, 0.0 ], [ 113.220508871000106, -7.770556561999967, 0.0 ], [ 113.220521914000074, -7.770456188999958, 0.0 ], [ 113.220529276000093, -7.770399528999974, 0.0 ], [ 113.220553495000104, -7.77012321199993, 0.0 ], [ 113.220557377000091, -7.770078918999957, 0.0 ], [ 113.220563825000113, -7.770005359999971, 0.0 ], [ 113.220571154000027, -7.769921730999954, 0.0 ], [ 113.220469012000081, -7.76995193099998, 0.0 ], [ 113.220431892000079, -7.769962903999954, 0.0 ], [ 113.220388685000103, -7.769976387999975, 0.0 ], [ 113.2203624120001, -7.769984585999964, 0.0 ], [ 113.220360104000065, -7.769985305999967, 0.0 ], [ 113.220320862000108, -7.76999755199995, 0.0 ], [ 113.220313646000022, -7.769999803999951, 0.0 ], [ 113.220261209000114, -7.770016166999937, 0.0 ], [ 113.220173792000082, -7.770044700999961, 0.0 ], [ 113.220072592000065, -7.770077732999937, 0.0 ], [ 113.220000330000062, -7.77010132099997, 0.0 ], [ 113.219916100000091, -7.770128814999964, 0.0 ], [ 113.21975833800002, -7.770180308999954, 0.0 ], [ 113.219710741000085, -7.770195845999979, 0.0 ], [ 113.219616285000029, -7.77022630099998, 0.0 ], [ 113.219584163000036, -7.770236658999977, 0.0 ], [ 113.219449069, -7.770280215999946, 0.0 ], [ 113.219423500000062, -7.770288459999961, 0.0 ], [ 113.219379658000094, -7.770302595999965, 0.0 ], [ 113.219372866000072, -7.77030478599994, 0.0 ], [ 113.219310047000022, -7.770325039999932, 0.0 ], [ 113.219303377000074, -7.770327191999968, 0.0 ], [ 113.219167205000076, -7.770328197999959, 0.0 ], [ 113.219163756000057, -7.770307258999935, 0.0 ], [ 113.21916001000011, -7.770202403999974, 0.0 ], [ 113.219158995000043, -7.770174008999959, 0.0 ], [ 113.219182791000094, -7.769919406999975, 0.0 ], [ 113.21920577800006, -7.769738059999952, 0.0 ], [ 113.219225621000078, -7.769581523999932, 0.0 ], [ 113.219258830000058, -7.769312526999954, 0.0 ], [ 113.219273210000097, -7.769196050999938, 0.0 ], [ 113.219276790000094, -7.769020639999951, 0.0 ], [ 113.21927797, -7.768962863999946, 0.0 ], [ 113.21886822700003, -7.768926616999977, 0.0 ], [ 113.218864894000035, -7.768762016999972, 0.0 ], [ 113.218857756000034, -7.768523594999976, 0.0 ], [ 113.218904870000074, -7.76826233099996, 0.0 ], [ 113.218932815000016, -7.768145308999976, 0.0 ], [ 113.218950555000106, -7.768071021999958, 0.0 ], [ 113.219000881000056, -7.768075582999927, 0.0 ], [ 113.219034193000084, -7.767409332999932, 0.0 ], [ 113.219067506000101, -7.76697151299993, 0.0 ], [ 113.21905322900011, -7.766633628999955, 0.0 ], [ 113.219012778000092, -7.766414718999954, 0.0 ], [ 113.218973387, -7.766216249999957, 0.0 ], [ 113.218950912000082, -7.766103008999949, 0.0 ], [ 113.218900943000108, -7.765836510999975, 0.0 ], [ 113.219029435000039, -7.765841268999964, 0.0 ], [ 113.219236546000047, -7.765859014999933, 0.0 ], [ 113.219242495000117, -7.765677581999967, 0.0 ], [ 113.219188957000028, -7.765665683999941, 0.0 ], [ 113.219194905000109, -7.765561582999965, 0.0 ], [ 113.219156240000075, -7.765528864999965, 0.0 ], [ 113.219218701000045, -7.765219534999972, 0.0 ], [ 113.219412031000047, -7.765237380999963, 0.0 ], [ 113.219423929000072, -7.765183842999932, 0.0 ], [ 113.219532881000077, -7.76443335099998, 0.0 ], [ 113.219616785000085, -7.763855389999947, 0.0 ], [ 113.219670084000086, -7.76345564099995, 0.0 ], [ 113.219748131000074, -7.763162491999935, 0.0 ], [ 113.219852827000068, -7.762783680999974, 0.0 ], [ 113.219944198, -7.762307788999976, 0.0 ], [ 113.219963234000033, -7.762212610999939, 0.0 ], [ 113.219908030000056, -7.762149792999935, 0.0 ], [ 113.219578714000022, -7.76211172099994, 0.0 ], [ 113.219609170000012, -7.761816669999973, 0.0 ], [ 113.219586327000115, -7.761801439999942, 0.0 ], [ 113.219515860000115, -7.761774483999943, 0.0 ], [ 113.219360204000054, -7.761726513999974, 0.0 ], [ 113.219068721000099, -7.761616463999928, 0.0 ], [ 113.219024511000043, -7.761598780999975, 0.0 ], [ 113.218949748000114, -7.761568874999966, 0.0 ], [ 113.218839697000021, -7.761515336999935, 0.0 ], [ 113.218676109000057, -7.761497490999943, 0.0 ], [ 113.218467906000114, -7.761485593999964, 0.0 ], [ 113.218108014000109, -7.761479644999952, 0.0 ], [ 113.218043400000056, -7.761469799999929, 0.0 ], [ 113.218040269000085, -7.761470516999964, 0.0 ], [ 113.218035012000087, -7.761471720999964, 0.0 ], [ 113.218023247000019, -7.761472271999935, 0.0 ], [ 113.21802062900008, -7.761472393999952, 0.0 ], [ 113.218011653000076, -7.761475429999962, 0.0 ], [ 113.218002102000014, -7.761483252999938, 0.0 ], [ 113.217991141000084, -7.761483934999944, 0.0 ], [ 113.217990451000105, -7.761483977999944, 0.0 ], [ 113.217981128000019, -7.76148455799995, 0.0 ], [ 113.217961349, -7.761485259999972, 0.0 ], [ 113.21794275100001, -7.761482366999928, 0.0 ], [ 113.217930787000114, -7.761487211999963, 0.0 ], [ 113.21789840200006, -7.761484392999932, 0.0 ], [ 113.217855836000012, -7.761483419999934, 0.0 ], [ 113.217791943000066, -7.761486610999953, 0.0 ], [ 113.21780848100002, -7.761523625999928, 0.0 ], [ 113.217822357000045, -7.761557947999961, 0.0 ], [ 113.217829592000044, -7.761575849999929, 0.0 ], [ 113.217828469000096, -7.761754909999979, 0.0 ], [ 113.217821329000117, -7.761973343999955, 0.0 ], [ 113.217824093000104, -7.762284148999981, 0.0 ], [ 113.217824187000019, -7.762294570999927, 0.0 ], [ 113.21783132500002, -7.762584388999926, 0.0 ], [ 113.217838462000032, -7.762757137999927, 0.0 ], [ 113.217822759000114, -7.762814244999959, 0.0 ], [ 113.217784211000094, -7.762927031999936, 0.0 ], [ 113.217767532000039, -7.76299107899996, 0.0 ], [ 113.217748519000111, -7.763064089999943, 0.0 ], [ 113.217735670000025, -7.763158314999941, 0.0 ], [ 113.217752802000064, -7.763268245999939, 0.0 ], [ 113.217784211000094, -7.763391026999955, 0.0 ], [ 113.217828469000096, -7.763455271999931, 0.0 ], [ 113.2178798650001, -7.763515234999943, 0.0 ], [ 113.217896998000015, -7.763595183999939, 0.0 ], [ 113.217914130000054, -7.763742234999938, 0.0 ], [ 113.217951249000066, -7.763903562999928, 0.0 ], [ 113.217974092000077, -7.763983511999982, 0.0 ], [ 113.217961242000115, -7.764127707999933, 0.0 ], [ 113.217922696000073, -7.764231927999958, 0.0 ], [ 113.217867016000014, -7.764300458999969, 0.0 ], [ 113.217787066000028, -7.764417525999932, 0.0 ], [ 113.217762795000112, -7.764486054999963, 0.0 ], [ 113.217749946000026, -7.764578854999968, 0.0 ], [ 113.217758512000046, -7.764673079999966, 0.0 ], [ 113.217765652000026, -7.764735899999948, 0.0 ], [ 113.217758512000046, -7.764832979999937, 0.0 ], [ 113.217759940000064, -7.764907218999952, 0.0 ], [ 113.217762795000112, -7.765255571999944, 0.0 ], [ 113.217761511000049, -7.765310823999926, 0.0 ], [ 113.217759940000064, -7.765378351999971, 0.0 ], [ 113.217762795000112, -7.765522547999979, 0.0 ], [ 113.217771360000029, -7.765561094999953, 0.0 ], [ 113.217781356000046, -7.765593931999945, 0.0 ], [ 113.217812763000097, -7.765701006999961, 0.0 ], [ 113.217869871000062, -7.765770963999955, 0.0 ], [ 113.217915557000083, -7.76582807099993, 0.0 ], [ 113.217945538000095, -7.76586804599998, 0.0 ], [ 113.217961242000115, -7.765915158999974, 0.0 ], [ 113.217971237000029, -7.766179278999971, 0.0 ], [ 113.217995388000077, -7.766580654999927, 0.0 ], [ 113.217953747000024, -7.766747216999931, 0.0 ], [ 113.217915081000115, -7.766922701999931, 0.0 ], [ 113.217956722000054, -7.767026802999965, 0.0 ], [ 113.218004311000072, -7.767166596999971, 0.0 ], [ 113.217986465000081, -7.767452133999939, 0.0 ], [ 113.217962671, -7.767583001999981, 0.0 ], [ 113.217929953000066, -7.767696026999943, 0.0 ], [ 113.217894261000083, -7.767847716999938, 0.0 ], [ 113.217885338000087, -7.767990484999928, 0.0 ], [ 113.217894261000083, -7.768079716999978, 0.0 ], [ 113.217906158, -7.768180842999925, 0.0 ], [ 113.217918055000041, -7.768290893999961, 0.0 ], [ 113.217864518000056, -7.768374172999927, 0.0 ], [ 113.217757443000096, -7.768558580999979, 0.0 ], [ 113.217671186000075, -7.768710272999954, 0.0 ], [ 113.217632520000052, -7.768722170999979, 0.0 ], [ 113.21754269500002, -7.768731686999956, 0.0 ], [ 113.21749391600008, -7.768736445999934, 0.0 ], [ 113.217473691, -7.768754292999972, 0.0 ], [ 113.217460604000053, -7.768784034999953, 0.0 ], [ 113.217445138000016, -7.768831624999962, 0.0 ], [ 113.217445138000016, -7.768873266999947, 0.0 ], [ 113.217460604000053, -7.768926802999943, 0.0 ], [ 113.217507003000037, -7.768991047999975, 0.0 ], [ 113.217554593000045, -7.769035067999937, 0.0 ], [ 113.217567680000116, -7.769099313999959, 0.0 ], [ 113.217568869000047, -7.76917188699997, 0.0 ], [ 113.217580767000072, -7.769244460999971, 0.0 ], [ 113.217606941000099, -7.769322982999938, 0.0 ], [ 113.217646202000083, -7.769363433999956, 0.0 ], [ 113.217712827000014, -7.769384849999938, 0.0 ], [ 113.217803246000017, -7.769397935999962, 0.0 ], [ 113.217854406000015, -7.769411022999975, 0.0 ], [ 113.217892477000078, -7.76944909499997, 0.0 ], [ 113.217899615000078, -7.769483596999976, 0.0 ], [ 113.217809136000028, -7.769727104999959, 0.0 ], [ 113.217803246000017, -7.769742959999974, 0.0 ], [ 113.217775882000069, -7.769840515999931, 0.0 ], [ 113.217694981000022, -7.769977334999965, 0.0 ], [ 113.217684273000032, -7.769998749999957, 0.0 ], [ 113.217616459000055, -7.77007578499996, 0.0 ], [ 113.217571250000105, -7.77013051299997, 0.0 ], [ 113.217521281000018, -7.770209034999937, 0.0 ], [ 113.217492727000035, -7.770294695999951, 0.0 ], [ 113.217473691, -7.770392253999944, 0.0 ], [ 113.217433241000094, -7.770466016999933, 0.0 ], [ 113.217385651000086, -7.77051836499993, 0.0 ], [ 113.217340441000033, -7.770582611999941, 0.0 ], [ 113.217302370000084, -7.770658753999953, 0.0 ], [ 113.217276196000057, -7.770722998999929, 0.0 ], [ 113.217269058000056, -7.770782484999927, 0.0 ], [ 113.217276196000057, -7.770839591999959, 0.0 ], [ 113.217295231000094, -7.770906216999947, 0.0 ], [ 113.21731902700003, -7.770975221999947, 0.0 ], [ 113.217330923000077, -7.771048986999972, 0.0 ], [ 113.217335682000112, -7.771129885999926, 0.0 ], [ 113.217335682000112, -7.771203649999961, 0.0 ], [ 113.217345201000057, -7.771284550999951, 0.0 ], [ 113.217361856000025, -7.771351175999939, 0.0 ], [ 113.217392789000087, -7.771413041999949, 0.0 ], [ 113.217442758000061, -7.771465391999925, 0.0 ], [ 113.217514143000017, -7.771515360999956, 0.0 ], [ 113.217573627000093, -7.771555809999938, 0.0 ], [ 113.21766642800003, -7.77166764499998, 0.0 ], [ 113.217740191000075, -7.771779478999974, 0.0 ], [ 113.217768743000079, -7.77187941699998, 0.0 ], [ 113.217802057000085, -7.771998389999965, 0.0 ], [ 113.217813954, -7.772086429999945, 0.0 ], [ 113.217835369000113, -7.772174469999925, 0.0 ], [ 113.217844887000069, -7.772272028999964, 0.0 ], [ 113.217821092, -7.772326754999938, 0.0 ], [ 113.217702119000023, -7.772429073999945, 0.0 ], [ 113.217621217000101, -7.772519491999958, 0.0 ], [ 113.217564110000012, -7.772574220999957, 0.0 ], [ 113.217449896000062, -7.772681296999963, 0.0 ], [ 113.217392789000087, -7.772771714999976, 0.0 ], [ 113.217345201000057, -7.772866892999957, 0.0 ], [ 113.217311491000032, -7.77293827699998, 0.0 ], [ 113.217376926000043, -7.773009660999946, 0.0 ], [ 113.217466157000104, -7.773149453999963, 0.0 ], [ 113.217558361000101, -7.773330888999965, 0.0 ], [ 113.217671385000017, -7.773583705999954, 0.0 ], [ 113.217763589000015, -7.773797856999977, 0.0 ], [ 113.217802255000038, -7.77396441999997, 0.0 ], [ 113.217823075000069, -7.774229133999938, 0.0 ], [ 113.21777548700004, -7.774684205999961, 0.0 ], [ 113.217633523000018, -7.774675333999937, 0.0 ], [ 113.217489951000061, -7.774666359999969, 0.0 ], [ 113.21725498, -7.774648513999978, 0.0 ], [ 113.21709733900002, -7.774633642999959, 0.0 ], [ 113.216836669000031, -7.774543487999949, 0.0 ], [ 113.216779087000077, -7.774526566999953, 0.0 ], [ 113.216552116000116, -7.774484212999937, 0.0 ], [ 113.216382223000096, -7.774478502999955, 0.0 ], [ 113.216356525000037, -7.774482784999975, 0.0 ], [ 113.216326543000037, -7.774488495999947, 0.0 ], [ 113.216169498000113, -7.774484212999937, 0.0 ], [ 113.216145228000073, -7.774452803999964, 0.0 ], [ 113.216119531000118, -7.774305754999943, 0.0 ], [ 113.215886932000103, -7.774306650999961, 0.0 ], [ 113.215749761000097, -7.774307180999926, 0.0 ], [ 113.215286481000021, -7.774269346999972, 0.0 ], [ 113.215240081000047, -7.77459414599997, 0.0 ], [ 113.214176463000058, -7.77454060599996, 0.0 ], [ 113.213045535000106, -7.77447807599998, 0.0 ], [ 113.213013601000057, -7.774819599999944, 0.0 ], [ 113.212434696000059, -7.774751187999925, 0.0 ], [ 113.210778592000111, -7.774576297999943, 0.0 ], [ 113.209999394000079, -7.774478897999927, 0.0 ], [ 113.209986352000101, -7.774477269999977, 0.0 ], [ 113.210107875000062, -7.773821215999931, 0.0 ], [ 113.209376191000047, -7.77369331899996, 0.0 ], [ 113.209326521000094, -7.773935429999938, 0.0 ], [ 113.209297966, -7.774081767999974, 0.0 ], [ 113.209250977000011, -7.774369284999977, 0.0 ], [ 113.208590179000112, -7.774269846999971, 0.0 ], [ 113.207862265000017, -7.774160308999967, 0.0 ], [ 113.207780107000076, -7.774130855999942, 0.0 ], [ 113.207704626, -7.774103795999963, 0.0 ], [ 113.207523191000064, -7.77400266899997, 0.0 ], [ 113.20745631200009, -7.773971708999966, 0.0 ], [ 113.207362577000026, -7.773928310999963, 0.0 ], [ 113.207301745000109, -7.773901819999935, 0.0 ], [ 113.20717817100001, -7.773848003999944, 0.0 ], [ 113.206928326000025, -7.773803390999944, 0.0 ], [ 113.206683315000078, -7.773763562999932, 0.0 ], [ 113.20669544000009, -7.773612009999965, 0.0 ], [ 113.206779610000012, -7.773416726999926, 0.0 ], [ 113.206856943000048, -7.773285858999941, 0.0 ], [ 113.206910480000033, -7.77313713999996, 0.0 ], [ 113.206919403000029, -7.772934885999973, 0.0 ], [ 113.206965560000071, -7.772745400999952, 0.0 ], [ 113.206975915000044, -7.772702888999959, 0.0 ], [ 113.206969968000067, -7.77256012099997, 0.0 ], [ 113.206916429000103, -7.772488736999946, 0.0 ], [ 113.206850994000092, -7.772423302999925, 0.0 ], [ 113.206818276000035, -7.772325150999961, 0.0 ], [ 113.206806379000113, -7.772212125999943, 0.0 ], [ 113.206788533, -7.772119922999934, 0.0 ], [ 113.206770687000017, -7.772015818999932, 0.0 ], [ 113.20676176500001, -7.771941460999926, 0.0 ], [ 113.206765929000085, -7.77180821099995, 0.0 ], [ 113.206725477000077, -7.771741585999962, 0.0 ], [ 113.206624410000018, -7.77169, 0.0 ], [ 113.206497049000063, -7.771624992999932, 0.0 ], [ 113.206321922000029, -7.771590093999976, 0.0 ], [ 113.206132754, -7.771575816999928, 0.0 ], [ 113.205818664000049, -7.771511573999931, 0.0 ], [ 113.205397500000117, -7.771386649999954, 0.0 ], [ 113.204972767000072, -7.771265299999925, 0.0 ], [ 113.204430249000097, -7.771115391999956, 0.0 ], [ 113.2041625600001, -7.771026163999977, 0.0 ], [ 113.203999329000112, -7.770982857999968, 0.0 ], [ 113.203675722000071, -7.770883869999977, 0.0 ], [ 113.20329881400005, -7.770779175999962, 0.0 ], [ 113.203302622000024, -7.77055074499998, 0.0 ], [ 113.203378765000025, -7.770219526999938, 0.0 ], [ 113.203388284000084, -7.770101502999978, 0.0 ], [ 113.203279779000013, -7.770038684999975, 0.0 ], [ 113.203022798, -7.769970156999932, 0.0 ], [ 113.202366066000081, -7.769795028999965, 0.0 ], [ 113.202257563000103, -7.769777896999926, 0.0 ], [ 113.201972123000019, -7.769732561999945, 0.0 ], [ 113.201548579000018, -7.769601689999945, 0.0 ], [ 113.20127018200003, -7.769530305999979, 0.0 ], [ 113.200987026, -7.769435126999952, 0.0 ], [ 113.200965612, -7.769423229999973, 0.0 ], [ 113.201029856000105, -7.769175765999933, 0.0 ], [ 113.201125035000018, -7.768823605999955, 0.0 ], [ 113.200744322000105, -7.768730808999976, 0.0 ], [ 113.200178010000059, -7.768583279999973, 0.0 ], [ 113.199756845000024, -7.768485723999959, 0.0 ], [ 113.199711636000075, -7.768464306999931, 0.0 ], [ 113.199670796000078, -7.768535716999963, 0.0 ], [ 113.199670796000078, -7.768633871999953, 0.0 ], [ 113.199679720000063, -7.768720125999948, 0.0 ], [ 113.199685668000029, -7.768874789999927, 0.0 ], [ 113.199700539000105, -7.769145453999954, 0.0 ], [ 113.199593463000042, -7.769160326999952, 0.0 ], [ 113.199605360000078, -7.769240631999935, 0.0 ], [ 113.199635104000095, -7.769332835999933, 0.0 ], [ 113.199676745000033, -7.769433962999926, 0.0 ], [ 113.199667822000038, -7.769552935999968, 0.0 ], [ 113.199671064000086, -7.769665008999937, 0.0 ], [ 113.199668208000048, -7.769717832999959, 0.0 ], [ 113.19965821400001, -7.769800637999936, 0.0 ], [ 113.199616812000045, -7.76988201599994, 0.0 ], [ 113.199609673000054, -7.769956254999954, 0.0 ], [ 113.199623950000046, -7.77006618799993, 0.0 ], [ 113.199602535000054, -7.770174689999976, 0.0 ], [ 113.199576837000109, -7.770260349999944, 0.0 ], [ 113.199552566000079, -7.770306035999965, 0.0 ], [ 113.199444063000101, -7.77037170899996, 0.0 ], [ 113.199401232000014, -7.770428815999935, 0.0 ], [ 113.199384101000078, -7.770457368999928, 0.0 ], [ 113.199351265000018, -7.770533035999961, 0.0 ], [ 113.199301296000044, -7.770732912999961, 0.0 ], [ 113.199277560000041, -7.770785020999938, 0.0 ], [ 113.199216170000113, -7.770802152999977, 0.0 ], [ 113.199153353000042, -7.770807863999948, 0.0 ], [ 113.199113377000117, -7.77085783299998, 0.0 ], [ 113.199099100000012, -7.770926360999965, 0.0 ], [ 113.199081968000087, -7.771034864999933, 0.0 ], [ 113.199081968000087, -7.771153679999941, 0.0 ], [ 113.199081968000087, -7.771177631999933, 0.0 ], [ 113.199064836000048, -7.771306122999931, 0.0 ], [ 113.199029145000054, -7.771388927999965, 0.0 ], [ 113.198994085000095, -7.771433659999957, 0.0 ], [ 113.19894634000002, -7.771494576999942, 0.0 ], [ 113.198886377, -7.771608790999949, 0.0 ], [ 113.198857823000026, -7.771714438999936, 0.0 ], [ 113.198750057000098, -7.771865074999937, 0.0 ], [ 113.198660827000026, -7.772085174999972, 0.0 ], [ 113.198595393, -7.772483733999934, 0.0 ], [ 113.19853471600004, -7.772784736999938, 0.0 ], [ 113.198449055000083, -7.773001266999927, 0.0 ], [ 113.198337221000088, -7.773122619999981, 0.0 ], [ 113.198170659000084, -7.773251110999979, 0.0 ], [ 113.19811117100005, -7.773358186999928, 0.0 ], [ 113.198042168000029, -7.77347716099996, 0.0 ], [ 113.197999337000056, -7.773527129999934, 0.0 ], [ 113.197992199000055, -7.773584236999966, 0.0 ], [ 113.197968404000108, -7.773638962999939, 0.0 ], [ 113.197975543000098, -7.773693689999959, 0.0 ], [ 113.198001717000011, -7.773848354999927, 0.0 ], [ 113.198029978000022, -7.773912315999951, 0.0 ], [ 113.198034489000065, -7.773922525999978, 0.0 ], [ 113.198046928000053, -7.773950671999955, 0.0 ], [ 113.198054065000065, -7.774057747999962, 0.0 ], [ 113.198006476000046, -7.774157686999956, 0.0 ], [ 113.197977923000053, -7.774210032999974, 0.0 ], [ 113.197932712000011, -7.774312349999946, 0.0 ], [ 113.197916055000064, -7.774414666999974, 0.0 ], [ 113.197908918000053, -7.774488429999963, 0.0 ], [ 113.197883219, -7.774612162999972, 0.0 ], [ 113.197945086000118, -7.774683545999949, 0.0 ], [ 113.197998012000085, -7.774745228999961, 0.0 ], [ 113.198045024000066, -7.774869145999958, 0.0 ], [ 113.198106889000087, -7.774926252999933, 0.0 ], [ 113.198202067000011, -7.775007152999933, 0.0 ], [ 113.198253892000025, -7.775096961999964, 0.0 ], [ 113.198202067000011, -7.775187991999928, 0.0 ], [ 113.198125925000113, -7.77518323299995, 0.0 ], [ 113.197940327000083, -7.775140404999945, 0.0 ], [ 113.197807077000107, -7.775097571999936, 0.0 ], [ 113.197555314000056, -7.775018895999949, 0.0 ], [ 113.197045648000085, -7.774859625999966, 0.0 ], [ 113.196968841000057, -7.774828487999969, 0.0 ], [ 113.196964036000054, -7.774826539999935, 0.0 ], [ 113.19651740900008, -7.774645474999943, 0.0 ], [ 113.196358545000066, -7.774547975999951, 0.0 ], [ 113.196255039000107, -7.774480161999975, 0.0 ], [ 113.196201502, -7.774473022999928, 0.0 ], [ 113.196187487000088, -7.774467977999961, 0.0 ], [ 113.196156001000077, -7.77445664499993, 0.0 ], [ 113.196122054000057, -7.774444421999931, 0.0 ], [ 113.196113221000019, -7.774441244999934, 0.0 ], [ 113.196112271000061, -7.774440900999934, 0.0 ], [ 113.196095764, -7.77435176299997, 0.0 ], [ 113.196094426000059, -7.77434453199993, 0.0 ], [ 113.195938531000024, -7.774315981999962, 0.0 ], [ 113.195725626000012, -7.774276990999965, 0.0 ], [ 113.195697535000022, -7.774271845999976, 0.0 ], [ 113.195613296000033, -7.774256418999926, 0.0 ], [ 113.195248459000027, -7.774189602999968, 0.0 ], [ 113.195171983000023, -7.774175596999953, 0.0 ], [ 113.194866623000053, -7.774119672999973, 0.0 ], [ 113.194858660000023, -7.774117962999981, 0.0 ], [ 113.194013017000088, -7.773936124999977, 0.0 ], [ 113.193634336000059, -7.773854699999958, 0.0 ], [ 113.193488915000103, -7.773823429999936, 0.0 ], [ 113.192878584000027, -7.773741338999969, 0.0 ], [ 113.192949598000041, -7.773374310999941, 0.0 ], [ 113.192988383000056, -7.773083694999968, 0.0 ], [ 113.19299632600007, -7.773037003999946, 0.0 ], [ 113.193020609000087, -7.772894255999972, 0.0 ], [ 113.193188257000088, -7.771908737999979, 0.0 ], [ 113.193200712000021, -7.771835515999953, 0.0 ], [ 113.193244315000015, -7.771579196999937, 0.0 ], [ 113.193257628000083, -7.771500936999928, 0.0 ], [ 113.193263982000076, -7.771463579999931, 0.0 ], [ 113.193268594000074, -7.771436470999959, 0.0 ], [ 113.193302856000059, -7.771235062999949, 0.0 ], [ 113.193320909000022, -7.771128935999968, 0.0 ], [ 113.193351398, -7.770949703999975, 0.0 ], [ 113.193412535000107, -7.770583793999947, 0.0 ], [ 113.193421088000036, -7.770534353999949, 0.0 ], [ 113.193486911000036, -7.77015386599993, 0.0 ], [ 113.1935100930001, -7.770019863999948, 0.0 ], [ 113.193574246000026, -7.769581492999976, 0.0 ], [ 113.193610030000059, -7.76933695699995, 0.0 ], [ 113.193642742000065, -7.769157543999938, 0.0 ], [ 113.19364955900005, -7.769120147999956, 0.0 ], [ 113.193521069000099, -7.769145847999937, 0.0 ], [ 113.193131311000116, -7.769097306999981, 0.0 ], [ 113.192329164000057, -7.768950983999957, 0.0 ], [ 113.192342538000048, -7.768827973999976, 0.0 ], [ 113.192351460000054, -7.768729820999965, 0.0 ], [ 113.192375009000102, -7.768598770999972, 0.0 ], [ 113.192419869000105, -7.768349107999938, 0.0 ], [ 113.192444243000068, -7.768174192999936, 0.0 ], [ 113.19247043300004, -7.767986239999971, 0.0 ], [ 113.192515047000029, -7.76764716699995, 0.0 ], [ 113.192523761000075, -7.767583197999954, 0.0 ], [ 113.19255939300001, -7.76732157899994, 0.0 ], [ 113.192628072000048, -7.766817329999981, 0.0 ], [ 113.192668658000116, -7.766553992999945, 0.0 ], [ 113.192747248000046, -7.766044073999979, 0.0 ], [ 113.192755969000018, -7.765987492999955, 0.0 ], [ 113.192860070000052, -7.765345037999964, 0.0 ], [ 113.192913607000037, -7.765208218999931, 0.0 ], [ 113.192970120000041, -7.765071401999933, 0.0 ], [ 113.193005811000035, -7.764958376999971, 0.0 ], [ 113.193011854000019, -7.764948535999963, 0.0 ], [ 113.193092167000032, -7.764817740999945, 0.0 ], [ 113.193163549000019, -7.76456789599996, 0.0 ], [ 113.193223036000063, -7.764303180999946, 0.0 ], [ 113.193220062000023, -7.76411877299995, 0.0 ], [ 113.193221829000095, -7.764031293999949, 0.0 ], [ 113.193226011000093, -7.763824314999965, 0.0 ], [ 113.193227516000093, -7.763793459999931, 0.0 ], [ 113.193231959000059, -7.763702366999951, 0.0 ], [ 113.193208165000101, -7.763550678999934, 0.0 ], [ 113.193205190000072, -7.76339601199993, 0.0 ], [ 113.193211139000027, -7.763235399999928, 0.0 ], [ 113.193217534000041, -7.763094563999971, 0.0 ], [ 113.193279995000012, -7.763088614999958, 0.0 ], [ 113.193278084000099, -7.762878398999931, 0.0 ], [ 113.193277021000085, -7.762761438999974, 0.0 ], [ 113.193303789000083, -7.762577030999978, 0.0 ], [ 113.19379670100011, -7.762657005999927, 0.0 ], [ 113.194488994000039, -7.762769330999959, 0.0 ], [ 113.19467, -7.762798699999962, 0.0 ], [ 113.194795555000042, -7.761921441999959, 0.0 ], [ 113.194844589000013, -7.761578831999941, 0.0 ], [ 113.194929250000087, -7.760987303999968, 0.0 ], [ 113.194939686000112, -7.760919312999931, 0.0 ], [ 113.194944570000075, -7.760887503999982, 0.0 ], [ 113.194980326000064, -7.76065456699996, 0.0 ], [ 113.194984168000019, -7.760629522999977, 0.0 ], [ 113.194984070000032, -7.760629507999965, 0.0 ], [ 113.194957356000032, -7.760626366999929, 0.0 ], [ 113.194597368000018, -7.760584028999972, 0.0 ], [ 113.193295163000016, -7.760430878999955, 0.0 ], [ 113.19329355900004, -7.760430689999964, 0.0 ], [ 113.193211303000112, -7.760421016999942, 0.0 ], [ 113.193221375, -7.760185612999976, 0.0 ], [ 113.193268411000076, -7.759086138999976, 0.0 ], [ 113.193281409000065, -7.758971448999944, 0.0 ], [ 113.193329088000041, -7.758550760999981, 0.0 ], [ 113.193346427000051, -7.758456176999971, 0.0 ], [ 113.193407609000019, -7.758122457999946, 0.0 ], [ 113.193521823000083, -7.757679877999976, 0.0 ], [ 113.193653883000025, -7.757098099999951, 0.0 ], [ 113.193714560000103, -7.756837550999933, 0.0 ], [ 113.193802897000069, -7.756600643999946, 0.0 ], [ 113.193833412000117, -7.756325111999956, 0.0 ], [ 113.193843348000087, -7.756235395999965, 0.0 ], [ 113.193864168, -7.755922556999963, 0.0 ], [ 113.193771369000046, -7.755876156999932, 0.0 ], [ 113.193771369000046, -7.755508531999965, 0.0 ], [ 113.193778509000026, -7.75511591999998, 0.0 ], [ 113.194028641000045, -7.755141020999929, 0.0 ], [ 113.194183968000061, -7.755156607999936, 0.0 ], [ 113.194222516000082, -7.754916760999947, 0.0 ], [ 113.194236792000083, -7.754835380999964, 0.0 ], [ 113.194243930000084, -7.75474543699994, 0.0 ], [ 113.19426106200001, -7.754571260999967, 0.0 ], [ 113.194242502000066, -7.754475606999961, 0.0 ], [ 113.194412397000065, -7.754491310999981, 0.0 ], [ 113.194449516000077, -7.754357108999955, 0.0 ], [ 113.194546598000102, -7.754357108999955, 0.0 ], [ 113.194533748000026, -7.754509870999925, 0.0 ], [ 113.194803579000109, -7.754541279999955, 0.0 ], [ 113.194812741000078, -7.754439914999978, 0.0 ], [ 113.194840358000079, -7.754018733999942, 0.0 ], [ 113.194843350000042, -7.75398667199994, 0.0 ], [ 113.195856312000046, -7.754011668999965, 0.0 ], [ 113.195933733000061, -7.754013576999967, 0.0 ], [ 113.196246264000024, -7.754021288999979, 0.0 ], [ 113.197211697000057, -7.754032093999967, 0.0 ], [ 113.197420658000055, -7.754034431999969, 0.0 ], [ 113.197655499, -7.754037060999963, 0.0 ], [ 113.197744562000025, -7.754038056999946, 0.0 ], [ 113.197843141000021, -7.754039159999934, 0.0 ], [ 113.197959541000046, -7.754040462999967, 0.0 ], [ 113.19816207000008, -7.754042729999981, 0.0 ], [ 113.198184851000065, -7.754042985999945, 0.0 ], [ 113.198227537000093, -7.75404346299996, 0.0 ], [ 113.198290327000109, -7.754037378999953, 0.0 ], [ 113.198371165000026, -7.754029546999959, 0.0 ], [ 113.198373369000024, -7.754029332999949, 0.0 ], [ 113.198544370000036, -7.754012766999949, 0.0 ], [ 113.198591234000105, -7.75400822499995, 0.0 ], [ 113.198701947000018, -7.753997497999933, 0.0 ], [ 113.198960900000088, -7.753972408999971, 0.0 ], [ 113.198979544000053, -7.75397060499995, 0.0 ], [ 113.199064492000048, -7.753972896999926, 0.0 ], [ 113.199110656000016, -7.753974143999926, 0.0 ], [ 113.199134166000022, -7.753974778999975, 0.0 ], [ 113.199193042000047, -7.753953199999955, 0.0 ], [ 113.199337119, -7.753947522999965, 0.0 ], [ 113.199551270000029, -7.753935625999929, 0.0 ], [ 113.199801233000017, -7.753915875999951, 0.0 ], [ 113.200039062000087, -7.753911389999928, 0.0 ], [ 113.200305679000053, -7.753906360999963, 0.0 ], [ 113.200635440000042, -7.75389981099994, 0.0 ], [ 113.201372153000079, -7.753885181999976, 0.0 ], [ 113.201659212000095, -7.753876853999941, 0.0 ], [ 113.201954908000062, -7.753868276999981, 0.0 ], [ 113.202684336000061, -7.753847119999932, 0.0 ], [ 113.202774845000022, -7.753844493999964, 0.0 ], [ 113.203731389000041, -7.753808800999934, 0.0 ], [ 113.205132984000102, -7.753747945999976, 0.0 ], [ 113.205457687000035, -7.753733847999968, 0.0 ], [ 113.206207217000042, -7.753686257999959, 0.0 ], [ 113.206595716000038, -7.753663404999941, 0.0 ], [ 113.207016235000083, -7.75363866899994, 0.0 ], [ 113.207484989000022, -7.753624392999939, 0.0 ], [ 113.208315420000076, -7.753593458999944, 0.0 ], [ 113.208376409000039, -7.753590663999944, 0.0 ], [ 113.208886491000044, -7.753567286999953, 0.0 ], [ 113.210269175, -7.753517275999968, 0.0 ], [ 113.210383173000082, -7.753513154999951, 0.0 ], [ 113.211159471000087, -7.753483408999955, 0.0 ], [ 113.212274844000035, -7.753420948999974, 0.0 ], [ 113.212837815000057, -7.753405747999977, 0.0 ], [ 113.213265489000037, -7.753394198999956, 0.0 ], [ 113.213262320000013, -7.753168725999956, 0.0 ], [ 113.213298012000109, -7.752816564999932, 0.0 ], [ 113.213369395000086, -7.752426335999928, 0.0 ], [ 113.21337182100001, -7.752413065999974, 0.0 ], [ 113.213409119000062, -7.752209021999931, 0.0 ], [ 113.213450297, -7.75198375399998, 0.0 ], [ 113.213562132000106, -7.751455515999965, 0.0 ], [ 113.213677054000073, -7.750895170999968, 0.0 ], [ 113.213843111000074, -7.749797708999949, 0.0 ], [ 113.213848725000048, -7.749760608999964, 0.0 ], [ 113.21387, -7.74962, 0.0 ], [ 113.213881965000041, -7.749195242999974, 0.0 ], [ 113.213892280000096, -7.748829103999981, 0.0 ], [ 113.21391, -7.748199998999951, 0.0 ], [ 113.21393, -7.747789998999963, 0.0 ], [ 113.21392275900007, -7.747737708999978, 0.0 ], [ 113.214937004000035, -7.747832886999959, 0.0 ], [ 113.215309053000055, -7.747868435999976, 0.0 ], [ 113.215513750000014, -7.747887993999939, 0.0 ], [ 113.215559307000035, -7.747377764999953, 0.0 ], [ 113.215615221, -7.74675151799994, 0.0 ], [ 113.215623814000082, -7.746646510999938, 0.0 ], [ 113.215679635000015, -7.745964296999944, 0.0 ], [ 113.215680611000039, -7.745953589999942, 0.0 ], [ 113.215729961000079, -7.745412877999968, 0.0 ], [ 113.215758635000043, -7.745098704999975, 0.0 ], [ 113.215764200000081, -7.745037749999938, 0.0 ], [ 113.215767177000089, -7.745005127999946, 0.0 ], [ 113.215767198000094, -7.745004897999934, 0.0 ], [ 113.215768738000065, -7.744986854999979, 0.0 ], [ 113.216707027000098, -7.745097563999934, 0.0 ], [ 113.218285100000116, -7.745282399999951, 0.0 ], [ 113.218248024000104, -7.745476760999964, 0.0 ], [ 113.218210903000113, -7.745945037999945, 0.0 ], [ 113.21815094100009, -7.74648184299997, 0.0 ], [ 113.218076702000076, -7.746995806999962, 0.0 ], [ 113.217912920000117, -7.74807218199993, 0.0 ], [ 113.217895185000089, -7.748188743999947, 0.0 ], [ 113.217846543000064, -7.748479816999975, 0.0 ], [ 113.217832083000076, -7.748566353999934, 0.0 ], [ 113.217782258000057, -7.748864512999944, 0.0 ], [ 113.217758161, -7.749008704999937, 0.0 ], [ 113.217712025000083, -7.749284789999933, 0.0 ], [ 113.217670325000086, -7.749534326999935, 0.0 ], [ 113.217648462000056, -7.749672226999962, 0.0 ], [ 113.217643230000022, -7.749705232999929, 0.0 ], [ 113.217579475000093, -7.750107380999964, 0.0 ], [ 113.21752640200009, -7.750442149999969, 0.0 ], [ 113.217438327000082, -7.750997695999956, 0.0 ], [ 113.2173887350001, -7.751308471999948, 0.0 ], [ 113.217385, -7.751307599999961, 0.0 ], [ 113.217366120000065, -7.751450201999944, 0.0 ], [ 113.217261338000071, -7.752241568999978, 0.0 ], [ 113.217151755000032, -7.753069209999978, 0.0 ], [ 113.217138141000078, -7.753172033999931, 0.0 ], [ 113.217137801000035, -7.753174599999966, 0.0 ], [ 113.217083194000111, -7.753489125999977, 0.0 ], [ 113.217057605000036, -7.753636507999943, 0.0 ], [ 113.217034100000092, -7.753771899999947, 0.0 ], [ 113.216998889000024, -7.753767636999953, 0.0 ], [ 113.216988118000017, -7.753836142999944, 0.0 ], [ 113.21699504500009, -7.75383695499994, 0.0 ], [ 113.21734552800001, -7.753878032999978, 0.0 ], [ 113.218005829000049, -7.754052922999961, 0.0 ], [ 113.218234986000084, -7.754144140999927, 0.0 ], [ 113.218420258000037, -7.75421788999995, 0.0 ], [ 113.218625072, -7.75429941799996, 0.0 ], [ 113.218625652000014, -7.754299648999961, 0.0 ], [ 113.218741081000076, -7.754345597999929, 0.0 ], [ 113.219021444000077, -7.754503155999942, 0.0 ], [ 113.21917135700005, -7.754587404999938, 0.0 ], [ 113.219172954000101, -7.754588301999945, 0.0 ], [ 113.219098166000094, -7.754670363999935, 0.0 ], [ 113.21906543800003, -7.754737804999934, 0.0 ], [ 113.219064511000056, -7.75473971599996, 0.0 ], [ 113.218944331000102, -7.754987356999948, 0.0 ], [ 113.218941121000057, -7.754993970999976, 0.0 ], [ 113.218874498000105, -7.755112943999961, 0.0 ], [ 113.218854188000023, -7.755170060999944, 0.0 ], [ 113.218840619000048, -7.755208224999933, 0.0 ], [ 113.218798354000114, -7.755327094999927, 0.0 ], [ 113.218698416000052, -7.755469862999973, 0.0 ], [ 113.218655586000068, -7.755593594999937, 0.0 ], [ 113.218617515, -7.755741121999961, 0.0 ], [ 113.218603238000014, -7.755888647999939, 0.0 ], [ 113.21862735000002, -7.756334588999948, 0.0 ], [ 113.219273844000099, -7.756510564999928, 0.0 ], [ 113.219535787000041, -7.756581865999976, 0.0 ], [ 113.22000777400001, -7.756704768999953, 0.0 ], [ 113.22004378400004, -7.75671319099996, 0.0 ], [ 113.220062856000027, -7.756714525999939, 0.0 ], [ 113.220077952000111, -7.756713011999977, 0.0 ], [ 113.220089082000072, -7.756709007999973, 0.0 ], [ 113.22014394100006, -7.756676434999974, 0.0 ], [ 113.220235485000103, -7.75661865099994, 0.0 ], [ 113.220279391000076, -7.756579765999959, 0.0 ], [ 113.220337419000089, -7.756456650999951, 0.0 ], [ 113.220372873000088, -7.756351257999938, 0.0 ], [ 113.22046897000007, -7.756065581999962, 0.0 ], [ 113.220477941000013, -7.756038910999962, 0.0 ], [ 113.22069109600011, -7.756111960999931, 0.0 ], [ 113.220720839000023, -7.756138728999929, 0.0 ], [ 113.220765454000116, -7.756165497999973, 0.0 ], [ 113.220869555000036, -7.756201189999956, 0.0 ], [ 113.22092606800004, -7.756183343999965, 0.0 ], [ 113.22099150400004, -7.756162523999933, 0.0 ], [ 113.221027195000033, -7.756150626999954, 0.0 ], [ 113.221107503000098, -7.75615954999995, 0.0 ], [ 113.221149142000058, -7.756171446999929, 0.0 ], [ 113.22165868400009, -7.756289873999947, 0.0 ], [ 113.222646418000068, -7.756519442999945, 0.0 ], [ 113.222711440000012, -7.756280577999974, 0.0 ], [ 113.222711608000054, -7.756279959999972, 0.0 ], [ 113.223035279000101, -7.75643654199996, 0.0 ], [ 113.223152377000019, -7.756493190999947, 0.0 ], [ 113.223473392000074, -7.756648487999939, 0.0 ], [ 113.223731797000028, -7.756773496999926, 0.0 ], [ 113.22420000000011, -7.757000000999938, 0.0 ], [ 113.224236929000085, -7.757017240999971, 0.0 ], [ 113.224954740000044, -7.757352353999977, 0.0 ], [ 113.225189047000072, -7.757461740999929, 0.0 ], [ 113.22586684700002, -7.757778174999942, 0.0 ], [ 113.226052530000061, -7.757871124999951, 0.0 ], [ 113.226290001000052, -7.75798999899996, 0.0 ], [ 113.226280181000106, -7.758017930999927, 0.0 ], [ 113.226181273000066, -7.758299309999927, 0.0 ], [ 113.226382965000084, -7.758387599999935, 0.0 ], [ 113.226297305000116, -7.758596990999933, 0.0 ], [ 113.226131901000031, -7.759027911999965, 0.0 ], [ 113.226116466, -7.759068125999931, 0.0 ], [ 113.226061363000099, -7.759239554999965, 0.0 ], [ 113.22603080500005, -7.759334622999972, 0.0 ], [ 113.225842299000078, -7.759263630999953, 0.0 ], [ 113.225783466000053, -7.759431, 0.0 ], [ 113.225734894000084, -7.75956918199995, 0.0 ], [ 113.225673214000039, -7.759715104999941, 0.0 ], [ 113.225615200000107, -7.759833551999975, 0.0 ], [ 113.225481006000109, -7.760143805999974, 0.0 ], [ 113.225374578000014, -7.760389873999941, 0.0 ], [ 113.225374059000046, -7.760391070999958, 0.0 ], [ 113.225326682000059, -7.760501330999944, 0.0 ], [ 113.22527350900009, -7.760721454999953, 0.0 ], [ 113.225262239000017, -7.760824165999963, 0.0 ], [ 113.225258998000072, -7.760892224999964, 0.0 ], [ 113.225257480000096, -7.760924102999979, 0.0 ], [ 113.225243203000105, -7.761033557999951, 0.0 ], [ 113.225215779000109, -7.761121708999951, 0.0 ], [ 113.225209891000077, -7.761140633999958, 0.0 ], [ 113.225289999000097, -7.761154911999938, 0.0 ], [ 113.225289999000097, -7.761171566999963, 0.0 ], [ 113.225321725000072, -7.761190602999932, 0.0 ], [ 113.225289999000097, -7.761228673999938, 0.0 ], [ 113.225289999000097, -7.76130005899995, 0.0 ], [ 113.225371694000046, -7.761338129999956, 0.0 ], [ 113.225331243000028, -7.761440445999938, 0.0 ], [ 113.225312208000105, -7.761528485999975, 0.0 ], [ 113.22530031000008, -7.761614148999968, 0.0 ], [ 113.225290794000102, -7.76164745899996, 0.0 ], [ 113.225302691000024, -7.761728361999928, 0.0 ], [ 113.225290794000102, -7.761792605999972, 0.0 ], [ 113.225288413000044, -7.761835437999935, 0.0 ], [ 113.225262239000017, -7.761878266999929, 0.0 ], [ 113.225250150000079, -7.76192834699998, 0.0 ], [ 113.22524558300006, -7.76194727099994, 0.0 ], [ 113.225247962000026, -7.76199010199997, 0.0 ], [ 113.225255101000016, -7.762047208999945, 0.0 ], [ 113.225240825000014, -7.762101935999965, 0.0 ], [ 113.225240825000014, -7.76214000799996, 0.0 ], [ 113.225226547000034, -7.762189975999945, 0.0 ], [ 113.225205132000042, -7.762237567999932, 0.0 ], [ 113.225186096000016, -7.762256600999933, 0.0 ], [ 113.22517657800006, -7.762313709999944, 0.0 ], [ 113.225174199000094, -7.762385091999931, 0.0 ], [ 113.225188476000085, -7.762430301999927, 0.0 ], [ 113.225190855000051, -7.762477892999925, 0.0 ], [ 113.225195615000075, -7.762527861999956, 0.0 ], [ 113.225188476000085, -7.762563551999961, 0.0 ], [ 113.225167380000016, -7.762595697999927, 0.0 ], [ 113.225138507000111, -7.762639694999962, 0.0 ], [ 113.225117092, -7.762682524999946, 0.0 ], [ 113.225117092, -7.762696912999957, 0.0 ], [ 113.225117092, -7.762713457999951, 0.0 ], [ 113.22512423, -7.762758667999947, 0.0 ], [ 113.225086159000057, -7.762784841999974, 0.0 ], [ 113.225057571000093, -7.762811323999927, 0.0 ], [ 113.225048890000039, -7.762871306999955, 0.0 ], [ 113.225043448000065, -7.762908903999971, 0.0 ], [ 113.225098056000093, -7.762949023999965, 0.0 ], [ 113.225150404000033, -7.76299423599994, 0.0 ], [ 113.225140886000077, -7.76306085899995, 0.0 ], [ 113.22512185000005, -7.763101311999947, 0.0 ], [ 113.225119471000085, -7.763144139999952, 0.0 ], [ 113.225117092, -7.763186970999925, 0.0 ], [ 113.225098056000093, -7.763241697999945, 0.0 ], [ 113.225101132000077, -7.763306258999933, 0.0 ], [ 113.22512628700008, -7.763311448999957, 0.0 ], [ 113.225308718000065, -7.763349090999952, 0.0 ], [ 113.225598060000038, -7.763444269999979, 0.0 ], [ 113.225586639000085, -7.763482340999929, 0.0 ], [ 113.225561891000098, -7.76351660499995, 0.0 ], [ 113.225552375, -7.763556579999943, 0.0 ], [ 113.225547173000109, -7.763598771999966, 0.0 ], [ 113.225546664000035, -7.763644143999954, 0.0 ], [ 113.225581404000081, -7.763658420999946, 0.0 ], [ 113.22559994900007, -7.763682211999935, 0.0 ], [ 113.225586469000064, -7.763738828999976, 0.0 ], [ 113.225572330000091, -7.763798212999973, 0.0 ], [ 113.2255593860001, -7.763852577999955, 0.0 ], [ 113.225555808000081, -7.763867608999931, 0.0 ], [ 113.225553810000065, -7.763875996999957, 0.0 ], [ 113.225485749000086, -7.764041037999959, 0.0 ], [ 113.225481467, -7.76407530299997, 0.0 ], [ 113.225466608000033, -7.764115235999952, 0.0 ], [ 113.225458624000112, -7.764136692999955, 0.0 ], [ 113.225450058000092, -7.764180950999958, 0.0 ], [ 113.225441492000073, -7.76422235299998, 0.0 ], [ 113.225441492000073, -7.764256617999933, 0.0 ], [ 113.225437209, -7.764283742999964, 0.0 ], [ 113.225432926000053, -7.764309441999956, 0.0 ], [ 113.225443548000044, -7.764339096999947, 0.0 ], [ 113.225425686000108, -7.764414122999938, 0.0 ], [ 113.225548769000056, -7.764448196999979, 0.0 ], [ 113.225608252000029, -7.764464661999966, 0.0 ], [ 113.225708904000044, -7.764497497999969, 0.0 ], [ 113.225848817000042, -7.764537472999962, 0.0 ], [ 113.226028703000111, -7.764571737999972, 0.0 ], [ 113.226129925, -7.764584142999979, 0.0 ], [ 113.226130405000049, -7.764572133999934, 0.0 ], [ 113.226141081000037, -7.764476058999946, 0.0 ], [ 113.226141826000116, -7.764469340999938, 0.0 ], [ 113.226144030000114, -7.764448196999979, 0.0 ], [ 113.226151344000073, -7.764377969999941, 0.0 ], [ 113.226143729000114, -7.764326573999938, 0.0 ], [ 113.226147381000033, -7.764267117999964, 0.0 ], [ 113.226147418000096, -7.764266491999933, 0.0 ], [ 113.226169110000114, -7.764267117999964, 0.0 ], [ 113.226200666000068, -7.764268027999947, 0.0 ], [ 113.226339886, -7.764272044999927, 0.0 ], [ 113.226419256000099, -7.764274332999946, 0.0 ], [ 113.226456747000043, -7.764275414999929, 0.0 ], [ 113.226467797000055, -7.764275054999928, 0.0 ], [ 113.226730386000099, -7.764266491999933, 0.0 ], [ 113.226730529000065, -7.764266447999944, 0.0 ], [ 113.226730823000025, -7.764266357999929, 0.0 ], [ 113.226931893000028, -7.764171403999967, 0.0 ], [ 113.227023895000116, -7.76403591899998, 0.0 ], [ 113.227126688000112, -7.763944546999937, 0.0 ], [ 113.227150361000099, -7.763929681999969, 0.0 ], [ 113.227186054000072, -7.763872572999958, 0.0 ], [ 113.227196761000073, -7.763801188999935, 0.0 ], [ 113.227218176000065, -7.763651282999945, 0.0 ], [ 113.227232453000056, -7.763569190999931, 0.0 ], [ 113.227261007000038, -7.763422853999941, 0.0 ], [ 113.227268145000039, -7.763330054999926, 0.0 ], [ 113.227246729000058, -7.76326580999995, 0.0 ], [ 113.227214607000064, -7.763197994999928, 0.0 ], [ 113.227213659000085, -7.76319136199993, 0.0 ], [ 113.227207468000074, -7.763148026999943, 0.0 ], [ 113.227218891, -7.763049020999972, 0.0 ], [ 113.227205565000077, -7.762997624999969, 0.0 ], [ 113.227197950000118, -7.762932904999957, 0.0 ], [ 113.22719414300002, -7.762891024999931, 0.0 ], [ 113.227184625000064, -7.762818688999971, 0.0 ], [ 113.227161784000032, -7.762790135999978, 0.0 ], [ 113.227169397000011, -7.762725416999956, 0.0 ], [ 113.227177011000094, -7.762610962999929, 0.0 ], [ 113.227187005000019, -7.762576697999975, 0.0 ], [ 113.227191289000075, -7.762533867999935, 0.0 ], [ 113.227201237000031, -7.76248050199996, 0.0 ], [ 113.227201713000113, -7.762477946999979, 0.0 ], [ 113.227206993000095, -7.762449634999939, 0.0 ], [ 113.227226041000108, -7.762313808999977, 0.0 ], [ 113.227239829000041, -7.762215495999953, 0.0 ], [ 113.227285624000046, -7.761884025999962, 0.0 ], [ 113.227246156000092, -7.761713155999928, 0.0 ], [ 113.227243182000052, -7.761629874999926, 0.0 ], [ 113.227264001000094, -7.761534696999945, 0.0 ], [ 113.227249131, -7.761427620999939, 0.0 ], [ 113.2272283100001, -7.761368134999941, 0.0 ], [ 113.227183696000111, -7.761284854999928, 0.0 ], [ 113.227130157000033, -7.761210494999943, 0.0 ], [ 113.22698441700004, -7.761162906999971, 0.0 ], [ 113.226907083000015, -7.76114208599995, 0.0 ], [ 113.226865443000065, -7.761085572999946, 0.0 ], [ 113.226847596000084, -7.761043932999939, 0.0 ], [ 113.226856520000069, -7.760987420999982, 0.0 ], [ 113.226895186000093, -7.760889267999971, 0.0 ], [ 113.226948724000067, -7.760707833999959, 0.0 ], [ 113.226989301000117, -7.760600595999961, 0.0 ], [ 113.226990364000017, -7.76059778399997, 0.0 ], [ 113.227037953000035, -7.760502604999942, 0.0 ], [ 113.227070671000092, -7.76045501599998, 0.0 ], [ 113.227115286000071, -7.76038660699993, 0.0 ], [ 113.227130532000047, -7.760361195999963, 0.0 ], [ 113.227186671000027, -7.760267633999945, 0.0 ], [ 113.22726995000005, -7.760160557999939, 0.0 ], [ 113.22733538600005, -7.760044558999937, 0.0 ], [ 113.227347283000086, -7.759973174999971, 0.0 ], [ 113.227382975000069, -7.759839330999966, 0.0 ], [ 113.227475178000077, -7.759681692999948, 0.0 ], [ 113.227549538000062, -7.759556769999961, 0.0 ], [ 113.227554434000012, -7.75949964199998, 0.0 ], [ 113.227558460000068, -7.759452668999927, 0.0 ], [ 113.227617948000102, -7.75928313199995, 0.0 ], [ 113.227653639000096, -7.759128466999925, 0.0 ], [ 113.22770717700007, -7.758961903999932, 0.0 ], [ 113.227757740000015, -7.758845907999955, 0.0 ], [ 113.227806368000074, -7.75871710499996, 0.0 ], [ 113.227807701000074, -7.758713573999955, 0.0 ], [ 113.22843294900008, -7.759008973999926, 0.0 ], [ 113.228836635000107, -7.759199695999939, 0.0 ], [ 113.228920339000069, -7.759235598999965, 0.0 ], [ 113.229210460000104, -7.759360045999927, 0.0 ], [ 113.229280052000036, -7.759393410999962, 0.0 ], [ 113.229627342000072, -7.759559919999958, 0.0 ], [ 113.229792334000081, -7.759628066999937, 0.0 ], [ 113.229781129000116, -7.759655144999954, 0.0 ], [ 113.22970667300001, -7.759835079999959, 0.0 ], [ 113.229636446000086, -7.75998723899994, 0.0 ], [ 113.229753470000105, -7.760040590999949, 0.0 ], [ 113.229720682000107, -7.760108575999936, 0.0 ], [ 113.229711433000034, -7.760127753999939, 0.0 ], [ 113.229756642000098, -7.760172963999935, 0.0 ], [ 113.229625771000087, -7.760420427999975, 0.0 ], [ 113.229590079000104, -7.760491098999978, 0.0 ], [ 113.229647494, -7.76052554599994, 0.0 ], [ 113.229654326000059, -7.760529644999963, 0.0 ], [ 113.229612922000115, -7.760629582999968, 0.0 ], [ 113.229687161000015, -7.760670984999933, 0.0 ], [ 113.229651174000082, -7.760720757999934, 0.0 ], [ 113.229558376000114, -7.760959893999939, 0.0 ], [ 113.229546954000057, -7.760984878999977, 0.0 ], [ 113.229630711000027, -7.761021997999933, 0.0 ], [ 113.229726366000023, -7.761084817999972, 0.0 ], [ 113.229861994000089, -7.761156199999959, 0.0 ], [ 113.229954318000068, -7.761217827999928, 0.0 ], [ 113.23003462600002, -7.761244596999973, 0.0 ], [ 113.23008539500006, -7.76126636999993, 0.0 ], [ 113.230134265000061, -7.761287329999959, 0.0 ], [ 113.230310345000021, -7.76136822999996, 0.0 ], [ 113.230479287000094, -7.76143723399997, 0.0 ], [ 113.230569706000097, -7.761453889999927, 0.0 ], [ 113.230579224000053, -7.761506237999981, 0.0 ], [ 113.230591122000078, -7.761565724999969, 0.0 ], [ 113.230588742, -7.761646627999937, 0.0 ], [ 113.23059588000001, -7.761725148999972, 0.0 ], [ 113.230626813000072, -7.761791774999949, 0.0 ], [ 113.230683102000057, -7.761860610999975, 0.0 ], [ 113.230525632000081, -7.762321940999925, 0.0 ], [ 113.230510695000021, -7.762365699999975, 0.0 ], [ 113.230470719000095, -7.762533213999973, 0.0 ], [ 113.230425036000042, -7.762746412999945, 0.0 ], [ 113.23031830900004, -7.763212344999943, 0.0 ], [ 113.230213612000057, -7.763364628999966, 0.0 ], [ 113.230175539000015, -7.763455048999958, 0.0 ], [ 113.230161265000106, -7.763559744999952, 0.0 ], [ 113.230133855000076, -7.763669379999953, 0.0 ], [ 113.230123193000054, -7.763712029999965, 0.0 ], [ 113.230110822000029, -7.763781303999963, 0.0 ], [ 113.230075603000046, -7.763978529999974, 0.0 ], [ 113.230089880000037, -7.76431641299996, 0.0 ], [ 113.230089880000037, -7.764430420999929, 0.0 ], [ 113.230089880000037, -7.76445918099995, 0.0 ], [ 113.230063265000013, -7.76461887399995, 0.0 ], [ 113.230061326000055, -7.764630502999978, 0.0 ], [ 113.230008978000114, -7.764858930999935, 0.0 ], [ 113.229985184000043, -7.765115912999931, 0.0 ], [ 113.22998141000005, -7.76517333299995, 0.0 ], [ 113.229974438000113, -7.765279411999927, 0.0 ], [ 113.229973286000018, -7.765296950999925, 0.0 ], [ 113.229919748000043, -7.765701457999967, 0.0 ], [ 113.230921016000025, -7.765884339999957, 0.0 ], [ 113.230937878000077, -7.765889209999955, 0.0 ], [ 113.231472730000064, -7.766043697999976, 0.0 ], [ 113.232094652000114, -7.76622333499995, 0.0 ], [ 113.232596543000113, -7.766368301999933, 0.0 ], [ 113.232685773000071, -7.76639804499996, 0.0 ], [ 113.232640590000074, -7.766508974999965, 0.0 ], [ 113.232579914000098, -7.76655037699993, 0.0 ], [ 113.232502104000105, -7.76659035199998, 0.0 ], [ 113.232452851000062, -7.766628900999933, 0.0 ], [ 113.232412108000062, -7.766668739999943, 0.0 ], [ 113.232388606000086, -7.766691716999958, 0.0 ], [ 113.232378610000069, -7.766733119999969, 0.0 ], [ 113.232387177000078, -7.766768097999943, 0.0 ], [ 113.232395030000021, -7.766794511999933, 0.0 ], [ 113.232398599000021, -7.766832343999965, 0.0 ], [ 113.232407165000041, -7.76688231199995, 0.0 ], [ 113.232385036000096, -7.766975826999953, 0.0 ], [ 113.232326501000102, -7.767115024999953, 0.0 ], [ 113.23228724, -7.767162850999966, 0.0 ], [ 113.232260114000042, -7.767197115999977, 0.0 ], [ 113.232242982000116, -7.767231378999952, 0.0 ], [ 113.232220853000058, -7.767261359999964, 0.0 ], [ 113.232198724000114, -7.767281347999926, 0.0 ], [ 113.232144473000062, -7.767354160999957, 0.0 ], [ 113.232071661000077, -7.767399844999943, 0.0 ], [ 113.232017409000036, -7.767447671999946, 0.0 ], [ 113.231967440000062, -7.767491929999949, 0.0 ], [ 113.23194245500008, -7.76752119799994, 0.0 ], [ 113.231934603000013, -7.767554033999943, 0.0 ], [ 113.231946502000028, -7.767630224999948, 0.0 ], [ 113.232003608000014, -7.767708270999947, 0.0 ], [ 113.232094560000064, -7.767758035999975, 0.0 ], [ 113.232205388000011, -7.767818677999969, 0.0 ], [ 113.232401454000069, -7.767881495999973, 0.0 ], [ 113.232475693000083, -7.767919566999979, 0.0 ], [ 113.232520903000022, -7.76798310099997, 0.0 ], [ 113.232519023, -7.768008043999941, 0.0 ], [ 113.232512934000056, -7.768088782999939, 0.0 ], [ 113.232424535000064, -7.768326930999933, 0.0 ], [ 113.232329357000026, -7.768544652999935, 0.0 ], [ 113.232306752000113, -7.768560117999925, 0.0 ], [ 113.232271061, -7.76856487699996, 0.0 ], [ 113.232213954000031, -7.76857558599994, 0.0 ], [ 113.232174692000058, -7.76859105099993, 0.0 ], [ 113.232162794000033, -7.768607707999934, 0.0 ], [ 113.232154466000111, -7.768646967999928, 0.0 ], [ 113.23213, -7.76875, 0.0 ], [ 113.232081385000015, -7.768895848999932, 0.0 ], [ 113.232092600000101, -7.76900388699994, 0.0 ], [ 113.232116395000048, -7.76906932199995, 0.0 ], [ 113.23214732800011, -7.769093117999944, 0.0 ], [ 113.232204435000085, -7.769120480999959, 0.0 ], [ 113.232336495000027, -7.769149035999931, 0.0 ], [ 113.23232526400011, -7.769206121999957, 0.0 ], [ 113.232322218000036, -7.769221607999953, 0.0 ], [ 113.232298424000078, -7.769262060999949, 0.0 ], [ 113.232287716000087, -7.769300131999955, 0.0 ], [ 113.232280578000086, -7.769345340999962, 0.0 ], [ 113.232278198000017, -7.76940482599997, 0.0 ], [ 113.232278198000017, -7.769447656999944, 0.0 ], [ 113.232284147000087, -7.769524988999933, 0.0 ], [ 113.232285337, -7.769622547999973, 0.0 ], [ 113.232281767000018, -7.769684414999972, 0.0 ], [ 113.232262137000021, -7.769744394999975, 0.0 ], [ 113.232225017000019, -7.769784371999947, 0.0 ], [ 113.232209313000112, -7.769822917999932, 0.0 ], [ 113.232182187000035, -7.769860036999944, 0.0 ], [ 113.232166483000015, -7.769928565999976, 0.0 ], [ 113.232145543000115, -7.769961401999979, 0.0 ], [ 113.232105568000065, -7.76997092199997, 0.0 ], [ 113.23207987, -7.76996711299995, 0.0 ], [ 113.232051318000117, -7.769938558999968, 0.0 ], [ 113.232033233000038, -7.769903342999953, 0.0 ], [ 113.232009438000091, -7.769849091999959, 0.0 ], [ 113.231989450000015, -7.769809116999966, 0.0 ], [ 113.231967560000044, -7.769776755999942, 0.0 ], [ 113.231949476000068, -7.769749153999953, 0.0 ], [ 113.231928537000044, -7.76972060199995, 0.0 ], [ 113.231896175000088, -7.769701565999981, 0.0 ], [ 113.231848587000059, -7.769718698999952, 0.0 ], [ 113.231815274000041, -7.769760575999953, 0.0 ], [ 113.231789576000097, -7.769813876999933, 0.0 ], [ 113.231759120000106, -7.76986717799997, 0.0 ], [ 113.231741035000027, -7.769910005999975, 0.0 ], [ 113.231659182000044, -7.770180312999969, 0.0 ], [ 113.231641098000068, -7.770311658999958, 0.0 ], [ 113.231658230000107, -7.770397321999951, 0.0 ], [ 113.231680121000068, -7.770434438999928, 0.0 ], [ 113.231718192000017, -7.770488690999969, 0.0 ], [ 113.231744842000012, -7.770522003999929, 0.0 ], [ 113.231754360000082, -7.770561977999932, 0.0 ], [ 113.231755312000018, -7.770599097999934, 0.0 ], [ 113.231737227000053, -7.77064573499996, 0.0 ], [ 113.23170867400006, -7.770671432999961, 0.0 ], [ 113.231653471000072, -7.770698084999935, 0.0 ], [ 113.231574474000013, -7.770727589999979, 0.0 ], [ 113.231513558000074, -7.77075328899997, 0.0 ], [ 113.231444333000013, -7.770762994999927, 0.0 ], [ 113.23136247900004, -7.770723019999934, 0.0 ], [ 113.231299661000094, -7.770696369999939, 0.0 ], [ 113.231208289000051, -7.770646876999933, 0.0 ], [ 113.231099786000073, -7.770627841999953, 0.0 ], [ 113.231004608000035, -7.770641166999951, 0.0 ], [ 113.230937983000103, -7.770660201999931, 0.0 ], [ 113.230901815000038, -7.77068875599997, 0.0 ], [ 113.230844708000063, -7.770734441999934, 0.0 ], [ 113.230831384000112, -7.770780126999966, 0.0 ], [ 113.230829480000011, -7.770835330999944, 0.0 ], [ 113.230846611000061, -7.770909569999958, 0.0 ], [ 113.230862501000047, -7.77098437199993, 0.0 ], [ 113.230850759000077, -7.77101470499997, 0.0 ], [ 113.23079331200006, -7.771088504999966, 0.0 ], [ 113.230743819000054, -7.771153226999957, 0.0 ], [ 113.230711458000087, -7.771183683999936, 0.0 ], [ 113.230679097, -7.771225561999927, 0.0 ], [ 113.230663870000058, -7.771261729999935, 0.0 ], [ 113.230610569000078, -7.771444472999974, 0.0 ], [ 113.230564213000093, -7.771658765999973, 0.0 ], [ 113.230560001000072, -7.771678239999972, 0.0 ], [ 113.230530778000116, -7.77181332899994, 0.0 ], [ 113.230508174000079, -7.772004874999936, 0.0 ], [ 113.230490326000108, -7.772091725999928, 0.0 ], [ 113.230492706000064, -7.772165488999974, 0.0 ], [ 113.230508174000079, -7.772244010999941, 0.0 ], [ 113.230524829000046, -7.77231420499993, 0.0 ], [ 113.230533158000071, -7.772342758999969, 0.0 ], [ 113.230533158000071, -7.772358224999948, 0.0 ], [ 113.23054038500004, -7.772393869999974, 0.0 ], [ 113.230547434000073, -7.77245903499994, 0.0 ], [ 113.230551241000057, -7.772506623999959, 0.0 ], [ 113.230541724000091, -7.77254088899997, 0.0 ], [ 113.230522688000065, -7.772592284999973, 0.0 ], [ 113.230505556000026, -7.772729341999934, 0.0 ], [ 113.230469388000074, -7.772809292999966, 0.0 ], [ 113.230452255000046, -7.772866398999952, 0.0 ], [ 113.23044844900005, -7.77290256699996, 0.0 ], [ 113.23044844900005, -7.772953962999964, 0.0 ], [ 113.230414184000097, -7.773005358999967, 0.0 ], [ 113.230334234000111, -7.772992033999969, 0.0 ], [ 113.230242864000047, -7.772997744999941, 0.0 ], [ 113.2301572020001, -7.773014877999969, 0.0 ], [ 113.230094385000029, -7.773028201999978, 0.0 ], [ 113.230048699, -7.773104346999958, 0.0 ], [ 113.229883088000065, -7.773033912999949, 0.0 ], [ 113.229898318000096, -7.773001185999931, 0.0 ], [ 113.229972556, -7.772841652999944, 0.0 ], [ 113.230039182000041, -7.772710305999965, 0.0 ], [ 113.229839305000041, -7.772662716999946, 0.0 ], [ 113.229824078000092, -7.77262464599994, 0.0 ], [ 113.229837402000044, -7.772487588999979, 0.0 ], [ 113.229519507000077, -7.772468552999953, 0.0 ], [ 113.22948524100002, -7.772352434999959, 0.0 ], [ 113.229431942000019, -7.772228704999975, 0.0 ], [ 113.229319632000056, -7.772072610999942, 0.0 ], [ 113.229169250000041, -7.77205928799998, 0.0 ], [ 113.229169998000089, -7.771980001999964, 0.0 ], [ 113.229173057000025, -7.77190128999996, 0.0 ], [ 113.228891329000021, -7.771827049999956, 0.0 ], [ 113.228897040000106, -7.771722353999962, 0.0 ], [ 113.228798054000094, -7.771684282999956, 0.0 ], [ 113.228797385, -7.77165952799993, 0.0 ], [ 113.228796149000118, -7.771613851999973, 0.0 ], [ 113.228797807000092, -7.771599564999974, 0.0 ], [ 113.228802946000087, -7.771555238999952, 0.0 ], [ 113.228811379000035, -7.771482503999948, 0.0 ], [ 113.228763143000037, -7.77146057899995, 0.0 ], [ 113.228705176000062, -7.771434229999954, 0.0 ], [ 113.228643865000095, -7.771406361999937, 0.0 ], [ 113.228474448000043, -7.771343543999933, 0.0 ], [ 113.228278209000109, -7.771311208999975, 0.0 ], [ 113.228139419000058, -7.771288339999955, 0.0 ], [ 113.22804201200006, -7.771279942999968, 0.0 ], [ 113.227918604000024, -7.771269304999976, 0.0 ], [ 113.227872920000095, -7.771269304999976, 0.0 ], [ 113.227872153000021, -7.771325704999981, 0.0 ], [ 113.227870416000087, -7.771453150999946, 0.0 ] ] ] ] } },
{ "type": "Feature", "properties": { "nm_kecamatan": "Kedopok" }, "geometry": { "type": "MultiPolygon", "coordinates": [ [ [ [ 113.215510000000108, -7.78398, 0.0 ], [ 113.21528, -7.784199998999952, 0.0 ], [ 113.215330001000098, -7.7848, 0.0 ], [ 113.215350001000047, -7.78486, 0.0 ], [ 113.215310001000034, -7.78507, 0.0 ], [ 113.215290001000085, -7.78545, 0.0 ], [ 113.21534, -7.78575, 0.0 ], [ 113.21539000100006, -7.786060001999942, 0.0 ], [ 113.21539000100006, -7.78624, 0.0 ], [ 113.21539000100006, -7.786330000999953, 0.0 ], [ 113.215290001000085, -7.786579998999969, 0.0 ], [ 113.21522, -7.786909998999931, 0.0 ], [ 113.21518, -7.787259998999957, 0.0 ], [ 113.21512, -7.787660001999939, 0.0 ], [ 113.215029998000091, -7.78778, 0.0 ], [ 113.21492000100011, -7.78782, 0.0 ], [ 113.214610001000096, -7.7879, 0.0 ], [ 113.21444, -7.78809999899994, 0.0 ], [ 113.214289998000027, -7.78837, 0.0 ], [ 113.214180001000045, -7.7885, 0.0 ], [ 113.21406, -7.788799998999934, 0.0 ], [ 113.21404, -7.78898, 0.0 ], [ 113.214115888000038, -7.789052282999933, 0.0 ], [ 113.214212257000099, -7.789195048999943, 0.0 ], [ 113.214287211000055, -7.789294985999959, 0.0 ], [ 113.214300588000015, -7.789313714999935, 0.0 ], [ 113.214322902000049, -7.789344954999933, 0.0 ], [ 113.214358592000053, -7.789427045999957, 0.0 ], [ 113.214369302000023, -7.789473444999942, 0.0 ], [ 113.214329999000029, -7.789610001999961, 0.0 ], [ 113.214176565000116, -7.789876763999928, 0.0 ], [ 113.214058781000062, -7.789980270999934, 0.0 ], [ 113.213983828000096, -7.789994546999935, 0.0 ], [ 113.213894599000014, -7.790012392999927, 0.0 ], [ 113.213833923000038, -7.790055223999957, 0.0 ], [ 113.213812507000057, -7.790098055999977, 0.0 ], [ 113.213783954000064, -7.790148024999951, 0.0 ], [ 113.21373755400009, -7.790194421999956, 0.0 ], [ 113.213691155000106, -7.790230113999939, 0.0 ], [ 113.213666632000013, -7.790246463999949, 0.0 ], [ 113.213605494000035, -7.79028722299995, 0.0 ], [ 113.213554891000058, -7.790309711999953, 0.0 ], [ 113.213541249000059, -7.790315774999954, 0.0 ], [ 113.213477003000094, -7.790351466999937, 0.0 ], [ 113.213427034, -7.79038001999993, 0.0 ], [ 113.213369927000031, -7.79042284999997, 0.0 ], [ 113.213305682000055, -7.790522787999976, 0.0 ], [ 113.213202770000066, -7.790665753999974, 0.0 ], [ 113.213133844000026, -7.790760073999934, 0.0 ], [ 113.213122906000081, -7.790813726999943, 0.0 ], [ 113.213124810000068, -7.790825147999954, 0.0 ], [ 113.213134652, -7.79086011399994, 0.0 ], [ 113.213143929000012, -7.79089307199996, 0.0 ], [ 113.213342565000062, -7.791171388999942, 0.0 ], [ 113.213378256000055, -7.791248721999978, 0.0 ], [ 113.213388422000094, -7.791363166999929, 0.0 ], [ 113.213400001000082, -7.79145, 0.0 ], [ 113.213377476, -7.791508560999944, 0.0 ], [ 113.213289026000098, -7.791504513999939, 0.0 ], [ 113.213232514000083, -7.791504513999939, 0.0 ], [ 113.213161130000117, -7.791501538999967, 0.0 ], [ 113.213024312000016, -7.791513436999935, 0.0 ], [ 113.212976721000018, -7.791510461999962, 0.0 ], [ 113.212917236000067, -7.791510461999962, 0.0 ], [ 113.212860723000063, -7.791510461999962, 0.0 ], [ 113.212780416000101, -7.791522359999931, 0.0 ], [ 113.212726878000012, -7.791537232999929, 0.0 ], [ 113.212667392000071, -7.791564, 0.0 ], [ 113.212625751000019, -7.791596717999937, 0.0 ], [ 113.212548418000097, -7.791641333999962, 0.0 ], [ 113.212506779000023, -7.791703793999943, 0.0 ], [ 113.212468620000095, -7.791811378999967, 0.0 ], [ 113.21244, -7.79184, 0.0 ], [ 113.212029999000038, -7.79232000199994, 0.0 ], [ 113.211969999000075, -7.792389998999965, 0.0 ], [ 113.211913314000071, -7.792386849999957, 0.0 ], [ 113.21179, -7.79238, 0.0 ], [ 113.21153, -7.792280001999927, 0.0 ], [ 113.211209999000062, -7.792180000999963, 0.0 ], [ 113.211081739000065, -7.792115398999954, 0.0 ], [ 113.211042476000102, -7.792101119999927, 0.0 ], [ 113.210996079000097, -7.792090411999936, 0.0 ], [ 113.210938972, -7.792086842999936, 0.0 ], [ 113.210871156000053, -7.792093981999926, 0.0 ], [ 113.210828326000069, -7.792093981999926, 0.0 ], [ 113.210717681, -7.792086842999936, 0.0 ], [ 113.210646297000039, -7.79206542999998, 0.0 ], [ 113.210592760000054, -7.792072566999934, 0.0 ], [ 113.21053565200009, -7.792101119999927, 0.0 ], [ 113.210398394000094, -7.792209966999962, 0.0 ], [ 113.21027, -7.792280001999927, 0.0 ], [ 113.209979998000108, -7.792369998999959, 0.0 ], [ 113.20893, -7.792670001999966, 0.0 ], [ 113.208869954000079, -7.792697293999936, 0.0 ], [ 113.208542021000085, -7.792779503999952, 0.0 ], [ 113.208298126000045, -7.792836015999967, 0.0 ], [ 113.208223768000039, -7.792850887999975, 0.0 ], [ 113.208170231000054, -7.792850887999975, 0.0 ], [ 113.208092898000018, -7.79284196499998, 0.0 ], [ 113.208018538000033, -7.792827093999961, 0.0 ], [ 113.207950131000075, -7.79280627299994, 0.0 ], [ 113.207899566000037, -7.79280627299994, 0.0 ], [ 113.207831157000101, -7.792830067999944, 0.0 ], [ 113.207679466000059, -7.792922271999942, 0.0 ], [ 113.207637827000099, -7.792957963999982, 0.0 ], [ 113.207575365000025, -7.793017449999979, 0.0 ], [ 113.207518854000114, -7.793085861999941, 0.0 ], [ 113.207465315000036, -7.793130474999941, 0.0 ], [ 113.207408803000021, -7.793192937999947, 0.0 ], [ 113.20738, -7.7933, 0.0 ], [ 113.20738, -7.793470001999935, 0.0 ], [ 113.207360000000108, -7.79372, 0.0 ], [ 113.207269999, -7.79402, 0.0 ], [ 113.207090000000107, -7.794339998999931, 0.0 ], [ 113.206919999000093, -7.794709998999963, 0.0 ], [ 113.20683, -7.794990000999974, 0.0 ], [ 113.2068, -7.79531, 0.0 ], [ 113.2068, -7.79595, 0.0 ], [ 113.206690001000084, -7.79652, 0.0 ], [ 113.20667000100002, -7.797009998999954, 0.0 ], [ 113.20656, -7.7973, 0.0 ], [ 113.20642999800009, -7.797499998999967, 0.0 ], [ 113.206280001000096, -7.79779, 0.0 ], [ 113.206159999000079, -7.79803, 0.0 ], [ 113.20605, -7.798259998999981, 0.0 ], [ 113.206, -7.79857, 0.0 ], [ 113.20658779300004, -7.799049692999972, 0.0 ], [ 113.206490925000026, -7.799337298999944, 0.0 ], [ 113.206438577000085, -7.799456271999929, 0.0 ], [ 113.20637195300003, -7.799584762999928, 0.0 ], [ 113.206333882000081, -7.799665663999974, 0.0 ], [ 113.206305327000109, -7.799765601999979, 0.0 ], [ 113.206305697000062, -7.799771145999955, 0.0 ], [ 113.20631008600003, -7.799836987999981, 0.0 ], [ 113.206400506000023, -7.799894094999956, 0.0 ], [ 113.206446905, -7.799919078999949, 0.0 ], [ 113.206870977000108, -7.800124607999976, 0.0 ], [ 113.20702868300009, -7.800201042999959, 0.0 ], [ 113.206765026000085, -7.800741903999949, 0.0 ], [ 113.206653919000019, -7.800943434999965, 0.0 ], [ 113.206529275000094, -7.801605396999946, 0.0 ], [ 113.206489999000041, -7.801749998999981, 0.0 ], [ 113.20631, -7.80232, 0.0 ], [ 113.206261605, -7.802495993999969, 0.0 ], [ 113.206237811000051, -7.802576894999959, 0.0 ], [ 113.206237811000051, -7.802634001999934, 0.0 ], [ 113.206180704000076, -7.802767251999967, 0.0 ], [ 113.206166426000095, -7.802857671999959, 0.0 ], [ 113.206133114000068, -7.80291478099997, 0.0 ], [ 113.206090284000084, -7.802938572999949, 0.0 ], [ 113.206028418000074, -7.802938572999949, 0.0 ], [ 113.205952275000072, -7.802929055999925, 0.0 ], [ 113.205899927000019, -7.802919537999969, 0.0 ], [ 113.205842820000044, -7.802933813999971, 0.0 ], [ 113.205838061, -7.802967126999931, 0.0 ], [ 113.205847580000068, -7.803052787999945, 0.0 ], [ 113.205861854000091, -7.803114653999955, 0.0 ], [ 113.205866615000105, -7.803214590999971, 0.0 ], [ 113.205871373000036, -7.803328804999978, 0.0 ], [ 113.205828544000042, -7.803471572999968, 0.0 ], [ 113.205742882000095, -7.803661929999976, 0.0 ], [ 113.205584658000021, -7.804180020999979, 0.0 ], [ 113.205288002000088, -7.80401485699997, 0.0 ], [ 113.20519084700004, -7.804090232999954, 0.0 ], [ 113.205102885000088, -7.804047131999937, 0.0 ], [ 113.205116941000028, -7.803974186999938, 0.0 ], [ 113.205062357000088, -7.803914151999948, 0.0 ], [ 113.20507663300009, -7.803823732999945, 0.0 ], [ 113.205128603000048, -7.803767949999951, 0.0 ], [ 113.205132747000107, -7.803694647999976, 0.0 ], [ 113.20513711500007, -7.803617406999933, 0.0 ], [ 113.205141973000082, -7.803531482999972, 0.0 ], [ 113.205146020000029, -7.80345990099994, 0.0 ], [ 113.20516464800005, -7.803356537999946, 0.0 ], [ 113.205181030000062, -7.80326563999995, 0.0 ], [ 113.205209041000103, -7.803110212999968, 0.0 ], [ 113.205230928000105, -7.80297879699998, 0.0 ], [ 113.205245334000097, -7.802884707999965, 0.0 ], [ 113.205152776000091, -7.80291478099997, 0.0 ], [ 113.205057361000058, -7.802900501999943, 0.0 ], [ 113.204953853, -7.802864811999939, 0.0 ], [ 113.204850346000057, -7.802814842999965, 0.0 ], [ 113.204753978000099, -7.802757735999933, 0.0 ], [ 113.204668318000017, -7.802707766999958, 0.0 ], [ 113.204625488000033, -7.802689919999978, 0.0 ], [ 113.204568380000069, -7.802672073999929, 0.0 ], [ 113.204480340000032, -7.802657797999927, 0.0 ], [ 113.204370886000106, -7.80265303799996, 0.0 ], [ 113.204218601000093, -7.802629242999956, 0.0 ], [ 113.204099627, -7.802600690999952, 0.0 ], [ 113.204013966000048, -7.802557859999979, 0.0 ], [ 113.203875007000079, -7.802513839999961, 0.0 ], [ 113.2037649560001, -7.802475172999948, 0.0 ], [ 113.203684649000024, -7.802445431999956, 0.0 ], [ 113.203598393000107, -7.802436508999961, 0.0 ], [ 113.20347942, -7.802442457999973, 0.0 ], [ 113.203303935, -7.802445431999956, 0.0 ], [ 113.203238501000101, -7.802442457999973, 0.0 ], [ 113.20315224400008, -7.802424610999935, 0.0 ], [ 113.203089783000109, -7.802400814999942, 0.0 ], [ 113.203045168000017, -7.802365122999959, 0.0 ], [ 113.203025827000033, -7.80235115399995, 0.0 ], [ 113.202991631000032, -7.802326457999925, 0.0 ], [ 113.202893477000089, -7.802266970999938, 0.0 ], [ 113.20278045200007, -7.802204509999967, 0.0 ], [ 113.202697173000047, -7.80214502299998, 0.0 ], [ 113.202634711000087, -7.80207958799997, 0.0 ], [ 113.202604969000049, -7.802040921999946, 0.0 ], [ 113.202575224000043, -7.802017128999978, 0.0 ], [ 113.202512764000062, -7.801987383999972, 0.0 ], [ 113.202441380000096, -7.801951691999932, 0.0 ], [ 113.202346202000058, -7.801910052999972, 0.0 ], [ 113.202283742000077, -7.801838667999959, 0.0 ], [ 113.202253997000071, -7.801740514999949, 0.0 ], [ 113.202246066000043, -7.801644740999961, 0.0 ], [ 113.202241307, -7.80158287699993, 0.0 ], [ 113.202188958000079, -7.801540044999967, 0.0 ], [ 113.201931977000072, -7.801435348999973, 0.0 ], [ 113.201993842000093, -7.80126224299994, 0.0 ], [ 113.201999791000048, -7.801101629999948, 0.0 ], [ 113.202059278000092, -7.800688199999968, 0.0 ], [ 113.202099821000047, -7.800504691999947, 0.0 ], [ 113.202115791000097, -7.80043240599997, 0.0 ], [ 113.202124714000092, -7.80033425299996, 0.0 ], [ 113.20215148300008, -7.80025692199996, 0.0 ], [ 113.202178252000067, -7.800197433999926, 0.0 ], [ 113.202213943000061, -7.800140921999969, 0.0 ], [ 113.202234765000071, -7.800105229999929, 0.0 ], [ 113.20225855800004, -7.800060616999929, 0.0 ], [ 113.202270456000065, -7.799998153999979, 0.0 ], [ 113.202267481000035, -7.799941642999954, 0.0 ], [ 113.202252611000063, -7.799891078999963, 0.0 ], [ 113.202222866000056, -7.799837541999977, 0.0 ], [ 113.202190149000103, -7.799792925999952, 0.0 ], [ 113.202172303000111, -7.799769130999948, 0.0 ], [ 113.202121740000052, -7.799730465999971, 0.0 ], [ 113.202071176000118, -7.799691798999959, 0.0 ], [ 113.202044407000017, -7.799673952999967, 0.0 ], [ 113.201987895000116, -7.79963528899998, 0.0 ], [ 113.201934358000017, -7.799590671999965, 0.0 ], [ 113.201880819000053, -7.799534161999929, 0.0 ], [ 113.201851076000025, -7.799477646999947, 0.0 ], [ 113.201830255, -7.799421136999968, 0.0 ], [ 113.201827281000078, -7.799376519999953, 0.0 ], [ 113.201827281000078, -7.79929621399998, 0.0 ], [ 113.201845805000062, -7.799178766999944, 0.0 ], [ 113.201617432000035, -7.79914378899997, 0.0 ], [ 113.201604762000102, -7.799139564999962, 0.0 ], [ 113.201167714, -7.79899388299998, 0.0 ], [ 113.200957278000033, -7.798891001999948, 0.0 ], [ 113.200950445000103, -7.798887660999981, 0.0 ], [ 113.200912728000048, -7.798869218999926, 0.0 ], [ 113.200860764000026, -7.798861822999982, 0.0 ], [ 113.200850056000036, -7.798951052999939, 0.0 ], [ 113.200803200000109, -7.799181037999972, 0.0 ], [ 113.200713832000019, -7.799619682999946, 0.0 ], [ 113.200700990000087, -7.79967402099993, 0.0 ], [ 113.200675167000099, -7.799783268999931, 0.0 ], [ 113.20066921800003, -7.799857626999938, 0.0 ], [ 113.20067219200007, -7.799929012999939, 0.0 ], [ 113.200675167000099, -7.799988497999948, 0.0 ], [ 113.200703487000055, -7.800103602999968, 0.0 ], [ 113.200709625000059, -7.800178031999963, 0.0 ], [ 113.200716806000059, -7.800265109999941, 0.0 ], [ 113.200698960000068, -7.800431671999945, 0.0 ], [ 113.200698960000068, -7.800491158999932, 0.0 ], [ 113.200690037000072, -7.800529824999956, 0.0 ], [ 113.200660294000045, -7.800547670999947, 0.0 ], [ 113.200610494000102, -7.800541030999966, 0.0 ], [ 113.200526450000098, -7.800529824999956, 0.0 ], [ 113.20049968100011, -7.800532799999928, 0.0 ], [ 113.200463990000117, -7.800571466999941, 0.0 ], [ 113.200443168000106, -7.800669619999951, 0.0 ], [ 113.200446142000033, -7.800743976999968, 0.0 ], [ 113.200449117000062, -7.800833205999936, 0.0 ], [ 113.200466964000043, -7.800898643999972, 0.0 ], [ 113.200469938000083, -7.800958127999934, 0.0 ], [ 113.200479988000097, -7.801066706999961, 0.0 ], [ 113.20036, -7.801459998999974, 0.0 ], [ 113.20033, -7.80160000099994, 0.0 ], [ 113.20032, -7.80167, 0.0 ], [ 113.20008000100006, -7.802770000999942, 0.0 ], [ 113.199902437000105, -7.803541330999963, 0.0 ], [ 113.199784372000067, -7.80399796599994, 0.0 ], [ 113.199719288000097, -7.804249690999939, 0.0 ], [ 113.199560728000051, -7.804867951999938, 0.0 ], [ 113.199534809000056, -7.804969007999944, 0.0 ], [ 113.199417027000095, -7.80566499899993, 0.0 ], [ 113.199361803000102, -7.805960606999975, 0.0 ], [ 113.199356350000016, -7.805989795999949, 0.0 ], [ 113.199320658000033, -7.806239638999955, 0.0 ], [ 113.199252843000068, -7.806450221999967, 0.0 ], [ 113.199234998000065, -7.806578711999975, 0.0 ], [ 113.199231428000076, -7.806746463999957, 0.0 ], [ 113.199261189000026, -7.806943191999949, 0.0 ], [ 113.19925, -7.80707, 0.0 ], [ 113.19923, -7.80724, 0.0 ], [ 113.199182643000086, -7.807472054999948, 0.0 ], [ 113.199081522000029, -7.807727993999947, 0.0 ], [ 113.199027984000054, -7.807874328999958, 0.0 ], [ 113.198945893000086, -7.807984973999964, 0.0 ], [ 113.198888786000111, -7.808102756999972, 0.0 ], [ 113.198815434000039, -7.808546677999971, 0.0 ], [ 113.19877, -7.80867, 0.0 ], [ 113.19868, -7.80892, 0.0 ], [ 113.198629998000115, -7.80919, 0.0 ], [ 113.198600001000045, -7.80934, 0.0 ], [ 113.198540001000083, -7.80964, 0.0 ], [ 113.19847, -7.810039998999969, 0.0 ], [ 113.198219998000013, -7.81148, 0.0 ], [ 113.19816305900008, -7.812106348999976, 0.0 ], [ 113.198126948000095, -7.81210047299993, 0.0 ], [ 113.197683382000037, -7.812045935999947, 0.0 ], [ 113.196944465000115, -7.811952084999973, 0.0 ], [ 113.196673235000048, -7.811966328999972, 0.0 ], [ 113.195863165000105, -7.811886853999965, 0.0 ], [ 113.195592446000092, -7.811912932999974, 0.0 ], [ 113.195448908000117, -7.811922444999936, 0.0 ], [ 113.195141099000011, -7.811942841999951, 0.0 ], [ 113.194799802000034, -7.811949951999964, 0.0 ], [ 113.19396796400008, -7.811967281999955, 0.0 ], [ 113.193668647000095, -7.811984651999978, 0.0 ], [ 113.193665484, -7.811985018999962, 0.0 ], [ 113.193450762000111, -7.81200991299994, 0.0 ], [ 113.193353846000036, -7.812013849999971, 0.0 ], [ 113.193205079000109, -7.812021490999939, 0.0 ], [ 113.192903857000033, -7.811988621999944, 0.0 ], [ 113.192820546, -7.81197459599997, 0.0 ], [ 113.191884781000113, -7.811817048999956, 0.0 ], [ 113.191870001000098, -7.811814873999936, 0.0 ], [ 113.19098684100004, -7.811684880999962, 0.0 ], [ 113.19060030300011, -7.811630672999968, 0.0 ], [ 113.189929082000049, -7.81153356599998, 0.0 ], [ 113.189862120000043, -7.811518343999978, 0.0 ], [ 113.189595197000017, -7.811457664999978, 0.0 ], [ 113.18893236100007, -7.811320206999937, 0.0 ], [ 113.188670996000042, -7.811277186999973, 0.0 ], [ 113.188328227000056, -7.811217327999941, 0.0 ], [ 113.187833274000013, -7.811155182999926, 0.0 ], [ 113.187470644000086, -7.811113499999976, 0.0 ], [ 113.186914026000068, -7.811031158999981, 0.0 ], [ 113.18686565400003, -7.811024002999943, 0.0 ], [ 113.186752887000011, -7.811007320999977, 0.0 ], [ 113.185991560000048, -7.810916095999971, 0.0 ], [ 113.185563149000018, -7.810872492999977, 0.0 ], [ 113.184811216000071, -7.810791248999976, 0.0 ], [ 113.18408773200008, -7.810718803999976, 0.0 ], [ 113.184055744000034, -7.810690410999939, 0.0 ], [ 113.183383527000046, -7.81067481599996, 0.0 ], [ 113.182733103000032, -7.810567105999951, 0.0 ], [ 113.181867578000038, -7.810502620999955, 0.0 ], [ 113.181761543000107, -7.810491168999931, 0.0 ], [ 113.181899999000052, -7.8097, 0.0 ], [ 113.182010000000105, -7.809130001999961, 0.0 ], [ 113.18207, -7.80858, 0.0 ], [ 113.182269999000027, -7.80754, 0.0 ], [ 113.18231, -7.807289998999977, 0.0 ], [ 113.182370000000105, -7.80693, 0.0 ], [ 113.1824, -7.806770001999951, 0.0 ], [ 113.18263, -7.80568, 0.0 ], [ 113.18272, -7.80525000199998, 0.0 ], [ 113.18276, -7.80481, 0.0 ], [ 113.18306, -7.802979998999945, 0.0 ], [ 113.183190001000071, -7.80205000199993, 0.0 ], [ 113.18324, -7.80176, 0.0 ], [ 113.183330001000058, -7.80122, 0.0 ], [ 113.183379998000078, -7.800880001999928, 0.0 ], [ 113.183399999000017, -7.80075, 0.0 ], [ 113.18349, -7.800249998999959, 0.0 ], [ 113.183660001000021, -7.799300000999949, 0.0 ], [ 113.183720001000097, -7.798999998999932, 0.0 ], [ 113.183789999000055, -7.798540001999982, 0.0 ], [ 113.18382, -7.79835, 0.0 ], [ 113.18391, -7.79782999899993, 0.0 ], [ 113.18393, -7.797700000999953, 0.0 ], [ 113.18413, -7.79617, 0.0 ], [ 113.184219999000106, -7.795469998999977, 0.0 ], [ 113.18433, -7.79472, 0.0 ], [ 113.18439, -7.794319998999981, 0.0 ], [ 113.18441, -7.794230001999949, 0.0 ], [ 113.184480001000111, -7.793800000999966, 0.0 ], [ 113.184569999000018, -7.79328, 0.0 ], [ 113.184770001000061, -7.7921, 0.0 ], [ 113.18479000100001, -7.79199, 0.0 ], [ 113.184805016000041, -7.791867733999936, 0.0 ], [ 113.184787398000026, -7.791549059999966, 0.0 ], [ 113.184792156000071, -7.791315872999974, 0.0 ], [ 113.184815950000029, -7.791106481999975, 0.0 ], [ 113.184934925000107, -7.790692453999952, 0.0 ], [ 113.185001549000049, -7.790364088999979, 0.0 ], [ 113.185106244000053, -7.79015945499998, 0.0 ], [ 113.185317424, -7.790240805999929, 0.0 ], [ 113.185331699000017, -7.790246304999926, 0.0 ], [ 113.185522056000082, -7.790308170999936, 0.0 ], [ 113.185677315000021, -7.790367885999956, 0.0 ], [ 113.185707653, -7.790379554999959, 0.0 ], [ 113.186050296000076, -7.790422385999932, 0.0 ], [ 113.186055138000029, -7.790423009999927, 0.0 ], [ 113.186265571000035, -7.790450163999935, 0.0 ], [ 113.186345350000011, -7.790460456999938, 0.0 ], [ 113.18640305100007, -7.790487087999963, 0.0 ], [ 113.186428688000092, -7.790498919999948, 0.0 ], [ 113.186469082000031, -7.79051756399997, 0.0 ], [ 113.186509887000057, -7.790523191999966, 0.0 ], [ 113.186607091000042, -7.790536599999939, 0.0 ], [ 113.186864072000049, -7.790607982999973, 0.0 ], [ 113.187111537000078, -7.790674607999961, 0.0 ], [ 113.187354241000094, -7.790745991999927, 0.0 ], [ 113.187439902000051, -7.790774545999966, 0.0 ], [ 113.187506527000096, -7.790774545999966, 0.0 ], [ 113.18760170500002, -7.79079834099997, 0.0 ], [ 113.187763508000103, -7.790822134999928, 0.0 ], [ 113.187815857000032, -7.790855447999945, 0.0 ], [ 113.187872965000111, -7.790879243999939, 0.0 ], [ 113.187881649000019, -7.790884308999978, 0.0 ], [ 113.187930072000086, -7.790912553999931, 0.0 ], [ 113.18802048900011, -7.790922071999944, 0.0 ], [ 113.188064590000067, -7.790927584999963, 0.0 ], [ 113.188093362000018, -7.790931180999962, 0.0 ], [ 113.18821084700005, -7.790945866999948, 0.0 ], [ 113.188316187000055, -7.79092719099998, 0.0 ], [ 113.188320001000079, -7.790869998999938, 0.0 ], [ 113.18848, -7.789989998999943, 0.0 ], [ 113.188549999000088, -7.789579998999955, 0.0 ], [ 113.18866, -7.78898, 0.0 ], [ 113.18868, -7.788830001999941, 0.0 ], [ 113.188810001000093, -7.78811, 0.0 ], [ 113.188850000000116, -7.78794, 0.0 ], [ 113.1888707170001, -7.787765166999975, 0.0 ], [ 113.188905665000107, -7.787726500999952, 0.0 ], [ 113.188953997000112, -7.787771115999931, 0.0 ], [ 113.190929114000028, -7.789007056999935, 0.0 ], [ 113.190983094000103, -7.78893487199997, 0.0 ], [ 113.190992609000091, -7.788882521999938, 0.0 ], [ 113.191035441000054, -7.788787343999957, 0.0 ], [ 113.191068753000081, -7.78867312999995, 0.0 ], [ 113.191501815000038, -7.787473881999972, 0.0 ], [ 113.191754038000113, -7.786743466999951, 0.0 ], [ 113.191983062000077, -7.786136703999944, 0.0 ], [ 113.19225669900004, -7.785396095999943, 0.0 ], [ 113.192594149000115, -7.784534538999935, 0.0 ], [ 113.192736764000074, -7.784126956999955, 0.0 ], [ 113.193021510000108, -7.783313176999968, 0.0 ], [ 113.193375047000018, -7.782302796999943, 0.0 ], [ 113.193556479000108, -7.781823930999963, 0.0 ], [ 113.1936019420001, -7.781689581999956, 0.0 ], [ 113.193755760000045, -7.781235015999926, 0.0 ], [ 113.193871757000011, -7.780946503999928, 0.0 ], [ 113.194015121, -7.780627061999951, 0.0 ], [ 113.194119817000114, -7.780289177999975, 0.0 ], [ 113.194186442000046, -7.780098820999967, 0.0 ], [ 113.194275951, -7.779920212999968, 0.0 ], [ 113.194332464000013, -7.779789344999926, 0.0 ], [ 113.194377078000116, -7.779676320999954, 0.0 ], [ 113.194412772000078, -7.779575190999935, 0.0 ], [ 113.194448463000072, -7.779471089999959, 0.0 ], [ 113.19448950900005, -7.779314047999947, 0.0 ], [ 113.194509734, -7.779180795999935, 0.0 ], [ 113.194543772000088, -7.77905074399996, 0.0 ], [ 113.194605394000064, -7.779062095999961, 0.0 ], [ 113.194612447000054, -7.779024843999935, 0.0 ], [ 113.194654089000096, -7.778935611999941, 0.0 ], [ 113.194695729000046, -7.778724434999958, 0.0 ], [ 113.194802804, -7.778379413999971, 0.0 ], [ 113.194874189000075, -7.778147415999968, 0.0 ], [ 113.194955008000079, -7.777947788999938, 0.0 ], [ 113.194968328000073, -7.777909880999971, 0.0 ], [ 113.195145689000014, -7.777405122999937, 0.0 ], [ 113.195435911000118, -7.776579162999951, 0.0 ], [ 113.195437985000012, -7.776573258999974, 0.0 ], [ 113.195501807000028, -7.776391620999959, 0.0 ], [ 113.195748082000023, -7.775726561999932, 0.0 ], [ 113.195878953000033, -7.775423179999962, 0.0 ], [ 113.195897441000056, -7.775343064999959, 0.0 ], [ 113.195902013000023, -7.775323255999979, 0.0 ], [ 113.19595033600001, -7.775113849999968, 0.0 ], [ 113.196057412000073, -7.774881852999954, 0.0 ], [ 113.196187487000088, -7.774467977999961, 0.0 ], [ 113.196201502, -7.774473022999928, 0.0 ], [ 113.196255039000107, -7.774480161999975, 0.0 ], [ 113.196358545000066, -7.774547975999951, 0.0 ], [ 113.19651740900008, -7.774645474999943, 0.0 ], [ 113.196964036000054, -7.774826539999935, 0.0 ], [ 113.196968841000057, -7.774828487999969, 0.0 ], [ 113.197045648000085, -7.774859625999966, 0.0 ], [ 113.197555314000056, -7.775018895999949, 0.0 ], [ 113.197807077000107, -7.775097571999936, 0.0 ], [ 113.197940327000083, -7.775140404999945, 0.0 ], [ 113.198125925000113, -7.77518323299995, 0.0 ], [ 113.198202067000011, -7.775187991999928, 0.0 ], [ 113.198253892000025, -7.775096961999964, 0.0 ], [ 113.198202067000011, -7.775007152999933, 0.0 ], [ 113.198106889000087, -7.774926252999933, 0.0 ], [ 113.198045024000066, -7.774869145999958, 0.0 ], [ 113.197998012000085, -7.774745228999961, 0.0 ], [ 113.197945086000118, -7.774683545999949, 0.0 ], [ 113.197883219, -7.774612162999972, 0.0 ], [ 113.197908918000053, -7.774488429999963, 0.0 ], [ 113.197916055000064, -7.774414666999974, 0.0 ], [ 113.197932712000011, -7.774312349999946, 0.0 ], [ 113.197977923000053, -7.774210032999974, 0.0 ], [ 113.198006476000046, -7.774157686999956, 0.0 ], [ 113.198054065000065, -7.774057747999962, 0.0 ], [ 113.198046928000053, -7.773950671999955, 0.0 ], [ 113.198034489000065, -7.773922525999978, 0.0 ], [ 113.198029978000022, -7.773912315999951, 0.0 ], [ 113.198001717000011, -7.773848354999927, 0.0 ], [ 113.197975543000098, -7.773693689999959, 0.0 ], [ 113.197968404000108, -7.773638962999939, 0.0 ], [ 113.197992199000055, -7.773584236999966, 0.0 ], [ 113.197999337000056, -7.773527129999934, 0.0 ], [ 113.198042168000029, -7.77347716099996, 0.0 ], [ 113.19811117100005, -7.773358186999928, 0.0 ], [ 113.198170659000084, -7.773251110999979, 0.0 ], [ 113.198337221000088, -7.773122619999981, 0.0 ], [ 113.198449055000083, -7.773001266999927, 0.0 ], [ 113.19853471600004, -7.772784736999938, 0.0 ], [ 113.198595393, -7.772483733999934, 0.0 ], [ 113.198660827000026, -7.772085174999972, 0.0 ], [ 113.198750057000098, -7.771865074999937, 0.0 ], [ 113.198857823000026, -7.771714438999936, 0.0 ], [ 113.198886377, -7.771608790999949, 0.0 ], [ 113.19894634000002, -7.771494576999942, 0.0 ], [ 113.198994085000095, -7.771433659999957, 0.0 ], [ 113.199029145000054, -7.771388927999965, 0.0 ], [ 113.199064836000048, -7.771306122999931, 0.0 ], [ 113.199081968000087, -7.771177631999933, 0.0 ], [ 113.199081968000087, -7.771153679999941, 0.0 ], [ 113.199081968000087, -7.771034864999933, 0.0 ], [ 113.199099100000012, -7.770926360999965, 0.0 ], [ 113.199113377000117, -7.77085783299998, 0.0 ], [ 113.199153353000042, -7.770807863999948, 0.0 ], [ 113.199216170000113, -7.770802152999977, 0.0 ], [ 113.199277560000041, -7.770785020999938, 0.0 ], [ 113.199301296000044, -7.770732912999961, 0.0 ], [ 113.199351265000018, -7.770533035999961, 0.0 ], [ 113.199384101000078, -7.770457368999928, 0.0 ], [ 113.199401232000014, -7.770428815999935, 0.0 ], [ 113.199444063000101, -7.77037170899996, 0.0 ], [ 113.199552566000079, -7.770306035999965, 0.0 ], [ 113.199576837000109, -7.770260349999944, 0.0 ], [ 113.199602535000054, -7.770174689999976, 0.0 ], [ 113.199623950000046, -7.77006618799993, 0.0 ], [ 113.199609673000054, -7.769956254999954, 0.0 ], [ 113.199616812000045, -7.76988201599994, 0.0 ], [ 113.19965821400001, -7.769800637999936, 0.0 ], [ 113.199668208000048, -7.769717832999959, 0.0 ], [ 113.199671064000086, -7.769665008999937, 0.0 ], [ 113.199667822000038, -7.769552935999968, 0.0 ], [ 113.199676745000033, -7.769433962999926, 0.0 ], [ 113.199635104000095, -7.769332835999933, 0.0 ], [ 113.199605360000078, -7.769240631999935, 0.0 ], [ 113.199593463000042, -7.769160326999952, 0.0 ], [ 113.199700539000105, -7.769145453999954, 0.0 ], [ 113.199685668000029, -7.768874789999927, 0.0 ], [ 113.199679720000063, -7.768720125999948, 0.0 ], [ 113.199670796000078, -7.768633871999953, 0.0 ], [ 113.199670796000078, -7.768535716999963, 0.0 ], [ 113.199711636000075, -7.768464306999931, 0.0 ], [ 113.199756845000024, -7.768485723999959, 0.0 ], [ 113.200178010000059, -7.768583279999973, 0.0 ], [ 113.200744322000105, -7.768730808999976, 0.0 ], [ 113.201125035000018, -7.768823605999955, 0.0 ], [ 113.201029856000105, -7.769175765999933, 0.0 ], [ 113.200965612, -7.769423229999973, 0.0 ], [ 113.200987026, -7.769435126999952, 0.0 ], [ 113.20127018200003, -7.769530305999979, 0.0 ], [ 113.201548579000018, -7.769601689999945, 0.0 ], [ 113.201972123000019, -7.769732561999945, 0.0 ], [ 113.202257563000103, -7.769777896999926, 0.0 ], [ 113.202366066000081, -7.769795028999965, 0.0 ], [ 113.203022798, -7.769970156999932, 0.0 ], [ 113.203279779000013, -7.770038684999975, 0.0 ], [ 113.203388284000084, -7.770101502999978, 0.0 ], [ 113.203378765000025, -7.770219526999938, 0.0 ], [ 113.203302622000024, -7.77055074499998, 0.0 ], [ 113.20329881400005, -7.770779175999962, 0.0 ], [ 113.203675722000071, -7.770883869999977, 0.0 ], [ 113.203999329000112, -7.770982857999968, 0.0 ], [ 113.2041625600001, -7.771026163999977, 0.0 ], [ 113.204430249000097, -7.771115391999956, 0.0 ], [ 113.204972767000072, -7.771265299999925, 0.0 ], [ 113.205397500000117, -7.771386649999954, 0.0 ], [ 113.205818664000049, -7.771511573999931, 0.0 ], [ 113.206132754, -7.771575816999928, 0.0 ], [ 113.206321922000029, -7.771590093999976, 0.0 ], [ 113.206497049000063, -7.771624992999932, 0.0 ], [ 113.206624410000018, -7.77169, 0.0 ], [ 113.206725477000077, -7.771741585999962, 0.0 ], [ 113.206765929000085, -7.77180821099995, 0.0 ], [ 113.20676176500001, -7.771941460999926, 0.0 ], [ 113.206770687000017, -7.772015818999932, 0.0 ], [ 113.206788533, -7.772119922999934, 0.0 ], [ 113.206806379000113, -7.772212125999943, 0.0 ], [ 113.206818276000035, -7.772325150999961, 0.0 ], [ 113.206850994000092, -7.772423302999925, 0.0 ], [ 113.206916429000103, -7.772488736999946, 0.0 ], [ 113.206969968000067, -7.77256012099997, 0.0 ], [ 113.206975915000044, -7.772702888999959, 0.0 ], [ 113.206965560000071, -7.772745400999952, 0.0 ], [ 113.206919403000029, -7.772934885999973, 0.0 ], [ 113.206910480000033, -7.77313713999996, 0.0 ], [ 113.206856943000048, -7.773285858999941, 0.0 ], [ 113.206779610000012, -7.773416726999926, 0.0 ], [ 113.20669544000009, -7.773612009999965, 0.0 ], [ 113.206683315000078, -7.773763562999932, 0.0 ], [ 113.206928326000025, -7.773803390999944, 0.0 ], [ 113.20717817100001, -7.773848003999944, 0.0 ], [ 113.207301745000109, -7.773901819999935, 0.0 ], [ 113.207362577000026, -7.773928310999963, 0.0 ], [ 113.20745631200009, -7.773971708999966, 0.0 ], [ 113.207523191000064, -7.77400266899997, 0.0 ], [ 113.207704626, -7.774103795999963, 0.0 ], [ 113.207780107000076, -7.774130855999942, 0.0 ], [ 113.207862265000017, -7.774160308999967, 0.0 ], [ 113.208590179000112, -7.774269846999971, 0.0 ], [ 113.209250977000011, -7.774369284999977, 0.0 ], [ 113.209297966, -7.774081767999974, 0.0 ], [ 113.209326521000094, -7.773935429999938, 0.0 ], [ 113.209376191000047, -7.77369331899996, 0.0 ], [ 113.210107875000062, -7.773821215999931, 0.0 ], [ 113.209986352000101, -7.774477269999977, 0.0 ], [ 113.209999394000079, -7.774478897999927, 0.0 ], [ 113.210778592000111, -7.774576297999943, 0.0 ], [ 113.212434696000059, -7.774751187999925, 0.0 ], [ 113.213013601000057, -7.774819599999944, 0.0 ], [ 113.213045535000106, -7.77447807599998, 0.0 ], [ 113.214176463000058, -7.77454060599996, 0.0 ], [ 113.215240081000047, -7.77459414599997, 0.0 ], [ 113.215286481000021, -7.774269346999972, 0.0 ], [ 113.215749761000097, -7.774307180999926, 0.0 ], [ 113.215886932000103, -7.774306650999961, 0.0 ], [ 113.216119531000118, -7.774305754999943, 0.0 ], [ 113.216145228000073, -7.774452803999964, 0.0 ], [ 113.216169498000113, -7.774484212999937, 0.0 ], [ 113.216326543000037, -7.774488495999947, 0.0 ], [ 113.216356525000037, -7.774482784999975, 0.0 ], [ 113.216382223000096, -7.774478502999955, 0.0 ], [ 113.216552116000116, -7.774484212999937, 0.0 ], [ 113.216779087000077, -7.774526566999953, 0.0 ], [ 113.216836669000031, -7.774543487999949, 0.0 ], [ 113.21709733900002, -7.774633642999959, 0.0 ], [ 113.21725498, -7.774648513999978, 0.0 ], [ 113.217489951000061, -7.774666359999969, 0.0 ], [ 113.217633523000018, -7.774675333999937, 0.0 ], [ 113.21777548700004, -7.774684205999961, 0.0 ], [ 113.217823075000069, -7.774229133999938, 0.0 ], [ 113.217802255000038, -7.77396441999997, 0.0 ], [ 113.217763589000015, -7.773797856999977, 0.0 ], [ 113.217671385000017, -7.773583705999954, 0.0 ], [ 113.217558361000101, -7.773330888999965, 0.0 ], [ 113.217466157000104, -7.773149453999963, 0.0 ], [ 113.217376926000043, -7.773009660999946, 0.0 ], [ 113.217311491000032, -7.77293827699998, 0.0 ], [ 113.217345201000057, -7.772866892999957, 0.0 ], [ 113.217392789000087, -7.772771714999976, 0.0 ], [ 113.217449896000062, -7.772681296999963, 0.0 ], [ 113.217564110000012, -7.772574220999957, 0.0 ], [ 113.217621217000101, -7.772519491999958, 0.0 ], [ 113.217702119000023, -7.772429073999945, 0.0 ], [ 113.217821092, -7.772326754999938, 0.0 ], [ 113.217844887000069, -7.772272028999964, 0.0 ], [ 113.217835369000113, -7.772174469999925, 0.0 ], [ 113.217813954, -7.772086429999945, 0.0 ], [ 113.217802057000085, -7.771998389999965, 0.0 ], [ 113.217768743000079, -7.77187941699998, 0.0 ], [ 113.217740191000075, -7.771779478999974, 0.0 ], [ 113.21766642800003, -7.77166764499998, 0.0 ], [ 113.217573627000093, -7.771555809999938, 0.0 ], [ 113.217514143000017, -7.771515360999956, 0.0 ], [ 113.217442758000061, -7.771465391999925, 0.0 ], [ 113.217392789000087, -7.771413041999949, 0.0 ], [ 113.217361856000025, -7.771351175999939, 0.0 ], [ 113.217345201000057, -7.771284550999951, 0.0 ], [ 113.217335682000112, -7.771203649999961, 0.0 ], [ 113.217335682000112, -7.771129885999926, 0.0 ], [ 113.217330923000077, -7.771048986999972, 0.0 ], [ 113.21731902700003, -7.770975221999947, 0.0 ], [ 113.217295231000094, -7.770906216999947, 0.0 ], [ 113.217276196000057, -7.770839591999959, 0.0 ], [ 113.217269058000056, -7.770782484999927, 0.0 ], [ 113.217276196000057, -7.770722998999929, 0.0 ], [ 113.217302370000084, -7.770658753999953, 0.0 ], [ 113.217340441000033, -7.770582611999941, 0.0 ], [ 113.217385651000086, -7.77051836499993, 0.0 ], [ 113.217433241000094, -7.770466016999933, 0.0 ], [ 113.217473691, -7.770392253999944, 0.0 ], [ 113.217492727000035, -7.770294695999951, 0.0 ], [ 113.217521281000018, -7.770209034999937, 0.0 ], [ 113.217571250000105, -7.77013051299997, 0.0 ], [ 113.217616459000055, -7.77007578499996, 0.0 ], [ 113.217684273000032, -7.769998749999957, 0.0 ], [ 113.217694981000022, -7.769977334999965, 0.0 ], [ 113.217775882000069, -7.769840515999931, 0.0 ], [ 113.217803246000017, -7.769742959999974, 0.0 ], [ 113.217809136000028, -7.769727104999959, 0.0 ], [ 113.217899615000078, -7.769483596999976, 0.0 ], [ 113.217892477000078, -7.76944909499997, 0.0 ], [ 113.217854406000015, -7.769411022999975, 0.0 ], [ 113.217803246000017, -7.769397935999962, 0.0 ], [ 113.217712827000014, -7.769384849999938, 0.0 ], [ 113.217646202000083, -7.769363433999956, 0.0 ], [ 113.217606941000099, -7.769322982999938, 0.0 ], [ 113.217580767000072, -7.769244460999971, 0.0 ], [ 113.217568869000047, -7.76917188699997, 0.0 ], [ 113.217567680000116, -7.769099313999959, 0.0 ], [ 113.217554593000045, -7.769035067999937, 0.0 ], [ 113.217507003000037, -7.768991047999975, 0.0 ], [ 113.217460604000053, -7.768926802999943, 0.0 ], [ 113.217445138000016, -7.768873266999947, 0.0 ], [ 113.217445138000016, -7.768831624999962, 0.0 ], [ 113.217460604000053, -7.768784034999953, 0.0 ], [ 113.217473691, -7.768754292999972, 0.0 ], [ 113.21749391600008, -7.768736445999934, 0.0 ], [ 113.21754269500002, -7.768731686999956, 0.0 ], [ 113.217632520000052, -7.768722170999979, 0.0 ], [ 113.217671186000075, -7.768710272999954, 0.0 ], [ 113.217757443000096, -7.768558580999979, 0.0 ], [ 113.217864518000056, -7.768374172999927, 0.0 ], [ 113.217918055000041, -7.768290893999961, 0.0 ], [ 113.217906158, -7.768180842999925, 0.0 ], [ 113.217894261000083, -7.768079716999978, 0.0 ], [ 113.217885338000087, -7.767990484999928, 0.0 ], [ 113.217894261000083, -7.767847716999938, 0.0 ], [ 113.217929953000066, -7.767696026999943, 0.0 ], [ 113.217962671, -7.767583001999981, 0.0 ], [ 113.217986465000081, -7.767452133999939, 0.0 ], [ 113.218004311000072, -7.767166596999971, 0.0 ], [ 113.217956722000054, -7.767026802999965, 0.0 ], [ 113.217915081000115, -7.766922701999931, 0.0 ], [ 113.217953747000024, -7.766747216999931, 0.0 ], [ 113.217995388000077, -7.766580654999927, 0.0 ], [ 113.217971237000029, -7.766179278999971, 0.0 ], [ 113.217961242000115, -7.765915158999974, 0.0 ], [ 113.217945538000095, -7.76586804599998, 0.0 ], [ 113.217915557000083, -7.76582807099993, 0.0 ], [ 113.217869871000062, -7.765770963999955, 0.0 ], [ 113.217812763000097, -7.765701006999961, 0.0 ], [ 113.217781356000046, -7.765593931999945, 0.0 ], [ 113.217771360000029, -7.765561094999953, 0.0 ], [ 113.217762795000112, -7.765522547999979, 0.0 ], [ 113.217759940000064, -7.765378351999971, 0.0 ], [ 113.217761511000049, -7.765310823999926, 0.0 ], [ 113.217762795000112, -7.765255571999944, 0.0 ], [ 113.217759940000064, -7.764907218999952, 0.0 ], [ 113.217758512000046, -7.764832979999937, 0.0 ], [ 113.217765652000026, -7.764735899999948, 0.0 ], [ 113.217758512000046, -7.764673079999966, 0.0 ], [ 113.217749946000026, -7.764578854999968, 0.0 ], [ 113.217762795000112, -7.764486054999963, 0.0 ], [ 113.217787066000028, -7.764417525999932, 0.0 ], [ 113.217867016000014, -7.764300458999969, 0.0 ], [ 113.217922696000073, -7.764231927999958, 0.0 ], [ 113.217961242000115, -7.764127707999933, 0.0 ], [ 113.217974092000077, -7.763983511999982, 0.0 ], [ 113.217951249000066, -7.763903562999928, 0.0 ], [ 113.217914130000054, -7.763742234999938, 0.0 ], [ 113.217896998000015, -7.763595183999939, 0.0 ], [ 113.2178798650001, -7.763515234999943, 0.0 ], [ 113.217828469000096, -7.763455271999931, 0.0 ], [ 113.217784211000094, -7.763391026999955, 0.0 ], [ 113.217752802000064, -7.763268245999939, 0.0 ], [ 113.217735670000025, -7.763158314999941, 0.0 ], [ 113.217748519000111, -7.763064089999943, 0.0 ], [ 113.217767532000039, -7.76299107899996, 0.0 ], [ 113.217784211000094, -7.762927031999936, 0.0 ], [ 113.217822759000114, -7.762814244999959, 0.0 ], [ 113.217838462000032, -7.762757137999927, 0.0 ], [ 113.21783132500002, -7.762584388999926, 0.0 ], [ 113.217824187000019, -7.762294570999927, 0.0 ], [ 113.217824093000104, -7.762284148999981, 0.0 ], [ 113.217821329000117, -7.761973343999955, 0.0 ], [ 113.217828469000096, -7.761754909999979, 0.0 ], [ 113.217829592000044, -7.761575849999929, 0.0 ], [ 113.217822357000045, -7.761557947999961, 0.0 ], [ 113.21780848100002, -7.761523625999928, 0.0 ], [ 113.217791943000066, -7.761486610999953, 0.0 ], [ 113.217855836000012, -7.761483419999934, 0.0 ], [ 113.21789840200006, -7.761484392999932, 0.0 ], [ 113.217930787000114, -7.761487211999963, 0.0 ], [ 113.21794275100001, -7.761482366999928, 0.0 ], [ 113.217961349, -7.761485259999972, 0.0 ], [ 113.217981128000019, -7.76148455799995, 0.0 ], [ 113.217990451000105, -7.761483977999944, 0.0 ], [ 113.217991141000084, -7.761483934999944, 0.0 ], [ 113.218002102000014, -7.761483252999938, 0.0 ], [ 113.218011653000076, -7.761475429999962, 0.0 ], [ 113.21802062900008, -7.761472393999952, 0.0 ], [ 113.218023247000019, -7.761472271999935, 0.0 ], [ 113.218035012000087, -7.761471720999964, 0.0 ], [ 113.218040269000085, -7.761470516999964, 0.0 ], [ 113.218043400000056, -7.761469799999929, 0.0 ], [ 113.218108014000109, -7.761479644999952, 0.0 ], [ 113.218467906000114, -7.761485593999964, 0.0 ], [ 113.218676109000057, -7.761497490999943, 0.0 ], [ 113.218839697000021, -7.761515336999935, 0.0 ], [ 113.218949748000114, -7.761568874999966, 0.0 ], [ 113.219024511000043, -7.761598780999975, 0.0 ], [ 113.219068721000099, -7.761616463999928, 0.0 ], [ 113.219360204000054, -7.761726513999974, 0.0 ], [ 113.219515860000115, -7.761774483999943, 0.0 ], [ 113.219586327000115, -7.761801439999942, 0.0 ], [ 113.219609170000012, -7.761816669999973, 0.0 ], [ 113.219578714000022, -7.76211172099994, 0.0 ], [ 113.219908030000056, -7.762149792999935, 0.0 ], [ 113.219963234000033, -7.762212610999939, 0.0 ], [ 113.219944198, -7.762307788999976, 0.0 ], [ 113.219852827000068, -7.762783680999974, 0.0 ], [ 113.219748131000074, -7.763162491999935, 0.0 ], [ 113.219670084000086, -7.76345564099995, 0.0 ], [ 113.219616785000085, -7.763855389999947, 0.0 ], [ 113.219532881000077, -7.76443335099998, 0.0 ], [ 113.219423929000072, -7.765183842999932, 0.0 ], [ 113.219412031000047, -7.765237380999963, 0.0 ], [ 113.219218701000045, -7.765219534999972, 0.0 ], [ 113.219156240000075, -7.765528864999965, 0.0 ], [ 113.219194905000109, -7.765561582999965, 0.0 ], [ 113.219188957000028, -7.765665683999941, 0.0 ], [ 113.219242495000117, -7.765677581999967, 0.0 ], [ 113.219236546000047, -7.765859014999933, 0.0 ], [ 113.219029435000039, -7.765841268999964, 0.0 ], [ 113.218900943000108, -7.765836510999975, 0.0 ], [ 113.218950912000082, -7.766103008999949, 0.0 ], [ 113.218973387, -7.766216249999957, 0.0 ], [ 113.219012778000092, -7.766414718999954, 0.0 ], [ 113.21905322900011, -7.766633628999955, 0.0 ], [ 113.219067506000101, -7.76697151299993, 0.0 ], [ 113.219034193000084, -7.767409332999932, 0.0 ], [ 113.219000881000056, -7.768075582999927, 0.0 ], [ 113.218950555000106, -7.768071021999958, 0.0 ], [ 113.218932815000016, -7.768145308999976, 0.0 ], [ 113.218904870000074, -7.76826233099996, 0.0 ], [ 113.218857756000034, -7.768523594999976, 0.0 ], [ 113.218864894000035, -7.768762016999972, 0.0 ], [ 113.21886822700003, -7.768926616999977, 0.0 ], [ 113.21927797, -7.768962863999946, 0.0 ], [ 113.219276790000094, -7.769020639999951, 0.0 ], [ 113.219273210000097, -7.769196050999938, 0.0 ], [ 113.219258830000058, -7.769312526999954, 0.0 ], [ 113.219225621000078, -7.769581523999932, 0.0 ], [ 113.21920577800006, -7.769738059999952, 0.0 ], [ 113.219182791000094, -7.769919406999975, 0.0 ], [ 113.219158995000043, -7.770174008999959, 0.0 ], [ 113.21916001000011, -7.770202403999974, 0.0 ], [ 113.219163756000057, -7.770307258999935, 0.0 ], [ 113.219167205000076, -7.770328197999959, 0.0 ], [ 113.219303377000074, -7.770327191999968, 0.0 ], [ 113.219310047000022, -7.770325039999932, 0.0 ], [ 113.219372866000072, -7.77030478599994, 0.0 ], [ 113.219379658000094, -7.770302595999965, 0.0 ], [ 113.219423500000062, -7.770288459999961, 0.0 ], [ 113.219449069, -7.770280215999946, 0.0 ], [ 113.219584163000036, -7.770236658999977, 0.0 ], [ 113.219616285000029, -7.77022630099998, 0.0 ], [ 113.219710741000085, -7.770195845999979, 0.0 ], [ 113.21975833800002, -7.770180308999954, 0.0 ], [ 113.219916100000091, -7.770128814999964, 0.0 ], [ 113.220000330000062, -7.77010132099997, 0.0 ], [ 113.220072592000065, -7.770077732999937, 0.0 ], [ 113.220173792000082, -7.770044700999961, 0.0 ], [ 113.220261209000114, -7.770016166999937, 0.0 ], [ 113.220313646000022, -7.769999803999951, 0.0 ], [ 113.220320862000108, -7.76999755199995, 0.0 ], [ 113.220360104000065, -7.769985305999967, 0.0 ], [ 113.2203624120001, -7.769984585999964, 0.0 ], [ 113.220388685000103, -7.769976387999975, 0.0 ], [ 113.220431892000079, -7.769962903999954, 0.0 ], [ 113.220469012000081, -7.76995193099998, 0.0 ], [ 113.220571154000027, -7.769921730999954, 0.0 ], [ 113.220563825000113, -7.770005359999971, 0.0 ], [ 113.220557377000091, -7.770078918999957, 0.0 ], [ 113.220553495000104, -7.77012321199993, 0.0 ], [ 113.220529276000093, -7.770399528999974, 0.0 ], [ 113.220521914000074, -7.770456188999958, 0.0 ], [ 113.220508871000106, -7.770556561999967, 0.0 ], [ 113.220485495000048, -7.770736459999966, 0.0 ], [ 113.220457327000076, -7.770924241999978, 0.0 ], [ 113.220445519, -7.77100295799994, 0.0 ], [ 113.220441973000106, -7.771031988999937, 0.0 ], [ 113.220420352000019, -7.77120900999995, 0.0 ], [ 113.220415062000029, -7.771252325999967, 0.0 ], [ 113.22040723900011, -7.771404082999936, 0.0 ], [ 113.220405544000073, -7.771436971999947, 0.0 ], [ 113.22038731900011, -7.771652452999945, 0.0 ], [ 113.220382805000099, -7.771705840999971, 0.0 ], [ 113.220373184000096, -7.77181958999995, 0.0 ], [ 113.220352287000082, -7.771961682999972, 0.0 ], [ 113.2203447280001, -7.772013084999969, 0.0 ], [ 113.220335113000033, -7.772078475999933, 0.0 ], [ 113.220320298000047, -7.772228370999926, 0.0 ], [ 113.22029008100003, -7.772534114999928, 0.0 ], [ 113.220290069000043, -7.772534237999935, 0.0 ], [ 113.220270302000017, -7.772743762999937, 0.0 ], [ 113.220256169000095, -7.77289357199993, 0.0 ], [ 113.220236629000055, -7.773100693999936, 0.0 ], [ 113.220232960000089, -7.773139570999945, 0.0 ], [ 113.22022503300002, -7.773237738999967, 0.0 ], [ 113.220195229000069, -7.773606728999937, 0.0 ], [ 113.220192987000019, -7.773634500999947, 0.0 ], [ 113.220190262000074, -7.773710298999958, 0.0 ], [ 113.220174246000056, -7.774155816999951, 0.0 ], [ 113.220173069000111, -7.774188570999968, 0.0 ], [ 113.220172048000109, -7.774216990999946, 0.0 ], [ 113.220172048000109, -7.774346116999936, 0.0 ], [ 113.220172048000109, -7.774407347999954, 0.0 ], [ 113.220213925000053, -7.774571054999967, 0.0 ], [ 113.220216714000117, -7.774647717999926, 0.0 ], [ 113.220217733000027, -7.774675750999961, 0.0 ], [ 113.22021725400009, -7.774769636999963, 0.0 ], [ 113.220216273, -7.77496204299996, 0.0 ], [ 113.220216149000066, -7.774986293999973, 0.0 ], [ 113.22021582900004, -7.775048850999951, 0.0 ], [ 113.220209354000076, -7.77519222799998, 0.0 ], [ 113.220202504000099, -7.775343903999953, 0.0 ], [ 113.220200326000054, -7.77536435899998, 0.0 ], [ 113.220177148000062, -7.775581982999938, 0.0 ], [ 113.220168240000021, -7.77566560899993, 0.0 ], [ 113.220138223000049, -7.775884378999933, 0.0 ], [ 113.220257196000034, -7.775922449999939, 0.0 ], [ 113.22039044600001, -7.775965281999959, 0.0 ], [ 113.220290509000051, -7.776224641999931, 0.0 ], [ 113.220321442000113, -7.776241297999945, 0.0 ], [ 113.22105431600005, -7.776412620999963, 0.0 ], [ 113.221037382000077, -7.776501521999933, 0.0 ], [ 113.221035280000024, -7.776512555999943, 0.0 ], [ 113.221561140000063, -7.776622011999962, 0.0 ], [ 113.22156213400001, -7.776617491999957, 0.0 ], [ 113.221582556000044, -7.776524453999969, 0.0 ], [ 113.221716116000039, -7.776555007999946, 0.0 ], [ 113.221946614000103, -7.776607736999949, 0.0 ], [ 113.221984715000076, -7.776616544999968, 0.0 ], [ 113.222246727000083, -7.776672884999925, 0.0 ], [ 113.222419396000078, -7.776710015999981, 0.0 ], [ 113.222722618000034, -7.776775216999965, 0.0 ], [ 113.22273313200003, -7.776777477999929, 0.0 ], [ 113.222778869000081, -7.776780167999959, 0.0 ], [ 113.222814035000056, -7.776782236999964, 0.0 ], [ 113.222866514000089, -7.77679659699993, 0.0 ], [ 113.223217547000104, -7.776892649999979, 0.0 ], [ 113.223292307000065, -7.776913108999963, 0.0 ], [ 113.223401337000041, -7.776938566999945, 0.0 ], [ 113.223545370000011, -7.776972198999943, 0.0 ], [ 113.22368421200008, -7.777004617999978, 0.0 ], [ 113.223761060000015, -7.777022561999956, 0.0 ], [ 113.223841139000115, -7.777044966999938, 0.0 ], [ 113.223983793000116, -7.777084880999951, 0.0 ], [ 113.223997130000043, -7.777088612999933, 0.0 ], [ 113.224220295, -7.777151052999955, 0.0 ], [ 113.224273720000042, -7.777163401999928, 0.0 ], [ 113.224385545000018, -7.77718925299996, 0.0 ], [ 113.224428542000055, -7.777199189999976, 0.0 ], [ 113.224693809000087, -7.777260508999973, 0.0 ], [ 113.224949647000017, -7.777332970999964, 0.0 ], [ 113.225105455000062, -7.777377101999946, 0.0 ], [ 113.225123257000064, -7.777382239999952, 0.0 ], [ 113.225205906000042, -7.777406097999972, 0.0 ], [ 113.22533312600001, -7.777442820999966, 0.0 ], [ 113.225334568000108, -7.777443236999943, 0.0 ], [ 113.225336263000031, -7.777443726999934, 0.0 ], [ 113.225385896000034, -7.777457845999947, 0.0 ], [ 113.225389669000037, -7.777458920999948, 0.0 ], [ 113.225541855000074, -7.777502213999981, 0.0 ], [ 113.225612280000064, -7.777522248999958, 0.0 ], [ 113.22571890200004, -7.777556367999978, 0.0 ], [ 113.225909713000078, -7.777617426999939, 0.0 ], [ 113.225930510000012, -7.777622899999926, 0.0 ], [ 113.225961392000045, -7.777631026999927, 0.0 ], [ 113.226066372000105, -7.777658655999971, 0.0 ], [ 113.226102257000093, -7.777668097999936, 0.0 ], [ 113.22611109200011, -7.777670421999971, 0.0 ], [ 113.226135761000023, -7.777676913999926, 0.0 ], [ 113.226135409000108, -7.777680613999962, 0.0 ], [ 113.22610007000003, -7.778050488999952, 0.0 ], [ 113.226073896000116, -7.778397890999941, 0.0 ], [ 113.226013954000109, -7.779069386999936, 0.0 ], [ 113.226438587000075, -7.779166614999951, 0.0 ], [ 113.227007755000045, -7.779307478999954, 0.0 ], [ 113.227449383000021, -7.77937981499997, 0.0 ], [ 113.227961444000016, -7.779433114999961, 0.0 ], [ 113.227969377000022, -7.779499230999932, 0.0 ], [ 113.227984286000037, -7.779623471999969, 0.0 ], [ 113.227988093000022, -7.779802406999977, 0.0 ], [ 113.227999999000076, -7.77997, 0.0 ], [ 113.228007256000069, -7.780228662999946, 0.0 ], [ 113.228036869000107, -7.780559694999965, 0.0 ], [ 113.228042486000049, -7.780622479999977, 0.0 ], [ 113.228071638000074, -7.780948375999969, 0.0 ], [ 113.228090537000071, -7.781159625999976, 0.0 ], [ 113.228133771000103, -7.781576711999946, 0.0 ], [ 113.228141099000027, -7.781647414999952, 0.0 ], [ 113.228182742000058, -7.78235233099997, 0.0 ], [ 113.228217379000057, -7.782622481999965, 0.0 ], [ 113.227784087000032, -7.782604129999982, 0.0 ], [ 113.227738444000011, -7.782646729999954, 0.0 ], [ 113.227605629000095, -7.782770692999975, 0.0 ], [ 113.227524830000107, -7.782869835999975, 0.0 ], [ 113.22682, -7.782820000999948, 0.0 ], [ 113.22574, -7.78283, 0.0 ], [ 113.225590001000114, -7.78283, 0.0 ], [ 113.225590001000114, -7.78291, 0.0 ], [ 113.22561999800007, -7.78356, 0.0 ], [ 113.225714451000044, -7.784942400999967, 0.0 ], [ 113.225730000000112, -7.78517, 0.0 ], [ 113.225745797000059, -7.78554911599997, 0.0 ], [ 113.225752337000017, -7.78570141299997, 0.0 ], [ 113.224221414000112, -7.785464328999979, 0.0 ], [ 113.223930540000083, -7.785385113999951, 0.0 ], [ 113.223869901000057, -7.78536859999997, 0.0 ], [ 113.224031056000058, -7.784753465999927, 0.0 ], [ 113.224095243000079, -7.784432534999951, 0.0 ], [ 113.224108390000083, -7.784366801999965, 0.0 ], [ 113.224126236000075, -7.784325162999949, 0.0 ], [ 113.224138132, -7.784137778999934, 0.0 ], [ 113.224158954000018, -7.783926601999951, 0.0 ], [ 113.223965936000013, -7.78384471499993, 0.0 ], [ 113.22394040800009, -7.783833884999979, 0.0 ], [ 113.223864495000043, -7.783801681999932, 0.0 ], [ 113.223895459, -7.783523014999957, 0.0 ], [ 113.223900187000027, -7.78348045499996, 0.0 ], [ 113.223708994000049, -7.783460900999955, 0.0 ], [ 113.223638447000098, -7.783453683999937, 0.0 ], [ 113.223659639000061, -7.78300748199996, 0.0 ], [ 113.223646148000057, -7.782939599999963, 0.0 ], [ 113.223626550000063, -7.782840974999942, 0.0 ], [ 113.223501626000029, -7.782838, 0.0 ], [ 113.223097673000098, -7.78287553499996, 0.0 ], [ 113.222829430000047, -7.782900458999961, 0.0 ], [ 113.222568666000029, -7.782911528999932, 0.0 ], [ 113.222198872000035, -7.782927228999938, 0.0 ], [ 113.221860000000106, -7.782933177999951, 0.0 ], [ 113.221793862000027, -7.782943777999947, 0.0 ], [ 113.221777203000102, -7.783027059999938, 0.0 ], [ 113.221772445000056, -7.783079407999935, 0.0 ], [ 113.22177006600009, -7.783115099999975, 0.0 ], [ 113.221772445000056, -7.783169826999938, 0.0 ], [ 113.221769605000077, -7.783229134999942, 0.0 ], [ 113.221765604000097, -7.783312684999942, 0.0 ], [ 113.221763604000103, -7.783331630999953, 0.0 ], [ 113.221746271000029, -7.783495812999945, 0.0 ], [ 113.221715338000081, -7.783633821999956, 0.0 ], [ 113.22170638700004, -7.783658357999968, 0.0 ], [ 113.221666553000091, -7.783767547999958, 0.0 ], [ 113.221665163000011, -7.783771355999932, 0.0 ], [ 113.221613561000026, -7.783912800999929, 0.0 ], [ 113.221603861000062, -7.783955761999948, 0.0 ], [ 113.221598934000099, -7.783977583999956, 0.0 ], [ 113.221486909000078, -7.784183477999932, 0.0 ], [ 113.22146043500004, -7.784298643999932, 0.0 ], [ 113.221440462000032, -7.784385529999952, 0.0 ], [ 113.221439321000048, -7.784390490999954, 0.0 ], [ 113.221429999000065, -7.784569998999928, 0.0 ], [ 113.221429999000065, -7.784609400999955, 0.0 ], [ 113.221465515000091, -7.784917302999929, 0.0 ], [ 113.221467874000041, -7.784937766999974, 0.0 ], [ 113.22145, -7.78515, 0.0 ], [ 113.221445661000075, -7.785176655999976, 0.0 ], [ 113.221405858000026, -7.785421159999942, 0.0 ], [ 113.221391284000106, -7.785473145999958, 0.0 ], [ 113.221310065000011, -7.785762834999957, 0.0 ], [ 113.221296554000105, -7.78581103099998, 0.0 ], [ 113.221244205000062, -7.786020421999979, 0.0 ], [ 113.221223575000067, -7.786139395999953, 0.0 ], [ 113.221203439000078, -7.786255511999968, 0.0 ], [ 113.221183319000033, -7.78637152999994, 0.0 ], [ 113.221172821000096, -7.786432067999954, 0.0 ], [ 113.221108576, -7.786703326999941, 0.0 ], [ 113.221070746, -7.786832293999964, 0.0 ], [ 113.221056229000055, -7.786881785999981, 0.0 ], [ 113.221018156000014, -7.78702455399997, 0.0 ], [ 113.221009557000116, -7.787055005999946, 0.0 ], [ 113.22099778300003, -7.787096712999926, 0.0 ], [ 113.220961049000039, -7.787226807999957, 0.0 ], [ 113.220919998000113, -7.78747, 0.0 ], [ 113.220911618000059, -7.787562211999955, 0.0 ], [ 113.220898926000018, -7.787688894999974, 0.0 ], [ 113.220895210000094, -7.787725996999939, 0.0 ], [ 113.220887394000101, -7.787804014999949, 0.0 ], [ 113.220782697000118, -7.788270388999933, 0.0 ], [ 113.220725092000066, -7.788377017999949, 0.0 ], [ 113.22067086200002, -7.788477402999945, 0.0 ], [ 113.220637549000116, -7.78860827099993, 0.0 ], [ 113.220652390000055, -7.788690387999964, 0.0 ], [ 113.220667226000046, -7.788772479999977, 0.0 ], [ 113.220673242000089, -7.788805767999975, 0.0 ], [ 113.220550201000037, -7.78910919599997, 0.0 ], [ 113.220392465000032, -7.789498188999971, 0.0 ], [ 113.220366291, -7.789590987999929, 0.0 ], [ 113.22030918300004, -7.789786103999973, 0.0 ], [ 113.220270566000067, -7.789885622999975, 0.0 ], [ 113.22024731800002, -7.789945527999976, 0.0 ], [ 113.220206868000105, -7.790104951999979, 0.0 ], [ 113.220152139000106, -7.790240580999978, 0.0 ], [ 113.220102171, -7.790490424999973, 0.0 ], [ 113.220085514000061, -7.790580843999976, 0.0 ], [ 113.219828534000044, -7.791213780999954, 0.0 ], [ 113.219814206000024, -7.791280857999936, 0.0 ], [ 113.219776185000114, -7.79145886699996, 0.0 ], [ 113.219657211000026, -7.791975209999976, 0.0 ], [ 113.219542212000079, -7.792454372999941, 0.0 ], [ 113.219514444000083, -7.792570072999979, 0.0 ], [ 113.219426404000046, -7.792860367999936, 0.0 ], [ 113.219286017000059, -7.79338860799993, 0.0 ], [ 113.219328846000053, -7.793407445999947, 0.0 ], [ 113.219887149000101, -7.793546616999947, 0.0 ], [ 113.220354989000043, -7.793663236999976, 0.0 ], [ 113.221092622000015, -7.793841698999927, 0.0 ], [ 113.221081706000064, -7.793903547999946, 0.0 ], [ 113.221074774000044, -7.793942825999977, 0.0 ], [ 113.221521996000092, -7.794051089999925, 0.0 ], [ 113.221491538, -7.794176726999979, 0.0 ], [ 113.221409686000015, -7.794565052999928, 0.0 ], [ 113.221301182000047, -7.795052368999961, 0.0 ], [ 113.221272628000065, -7.795206555999926, 0.0 ], [ 113.221209809000015, -7.79542737099996, 0.0 ], [ 113.221133667000117, -7.795747168999981, 0.0 ], [ 113.221119482000063, -7.795835831999966, 0.0 ], [ 113.221108634000075, -7.795903624999937, 0.0 ], [ 113.221103210000024, -7.795937525999932, 0.0 ], [ 113.221076561000018, -7.796097427999939, 0.0 ], [ 113.221027067000023, -7.796245903999932, 0.0 ], [ 113.220992803000058, -7.79638676899998, 0.0 ], [ 113.220956635000107, -7.796531439999967, 0.0 ], [ 113.220956295000065, -7.796646965999969, 0.0 ], [ 113.220947118000026, -7.796799842999974, 0.0 ], [ 113.220886203000077, -7.797011140999928, 0.0 ], [ 113.220834807000074, -7.797119642999974, 0.0 ], [ 113.220423637000067, -7.79700352499998, 0.0 ], [ 113.219820205000019, -7.796824590999961, 0.0 ], [ 113.219480484000087, -7.796719455999948, 0.0 ], [ 113.21907998000006, -7.796595512999943, 0.0 ], [ 113.21899595900004, -7.796569510999973, 0.0 ], [ 113.21855623600004, -7.796443875999955, 0.0 ], [ 113.218516737000073, -7.79662430299993, 0.0 ], [ 113.218448980000062, -7.796898630999976, 0.0 ], [ 113.218427829, -7.796984271999975, 0.0 ], [ 113.21841917800009, -7.797019292999948, 0.0 ], [ 113.218328758000098, -7.797345278999956, 0.0 ], [ 113.218338276000054, -7.79739524799993, 0.0 ], [ 113.218340656, -7.797552291999978, 0.0 ], [ 113.218183611000086, -7.798182848999943, 0.0 ], [ 113.218159315000094, -7.79828241499996, 0.0 ], [ 113.218062260000011, -7.798680156999978, 0.0 ], [ 113.218012291000036, -7.798999005999974, 0.0 ], [ 113.217936848000022, -7.799341774999959, 0.0 ], [ 113.217902835000018, -7.799496313999953, 0.0 ], [ 113.217791, -7.799946029999944, 0.0 ], [ 113.217688683, -7.800390988999936, 0.0 ], [ 113.217583988000115, -7.80088591699996, 0.0 ], [ 113.217516041000067, -7.801154126999961, 0.0 ], [ 113.217483148000042, -7.801283962999946, 0.0 ], [ 113.21744835800007, -7.801421295999944, 0.0 ], [ 113.217426943000078, -7.801590236999971, 0.0 ], [ 113.217315108000093, -7.801982847999966, 0.0 ], [ 113.217249880000054, -7.802280860999929, 0.0 ], [ 113.2172, -7.802440001999969, 0.0 ], [ 113.217131889000029, -7.802637199999936, 0.0 ], [ 113.217109488, -7.802869930999975, 0.0 ], [ 113.217048609000017, -7.802991739999925, 0.0 ], [ 113.217003400000067, -7.803082158999928, 0.0 ], [ 113.216946292000102, -7.80320113199997, 0.0 ], [ 113.216872529000057, -7.803339140999981, 0.0 ], [ 113.216834458000108, -7.803462872999944, 0.0 ], [ 113.216836836000084, -7.803565189999972, 0.0 ], [ 113.216858252000065, -7.803641332999973, 0.0 ], [ 113.216827856, -7.803731908999964, 0.0 ], [ 113.216820998000117, -7.803752342999928, 0.0 ], [ 113.216704291000042, -7.804100109999979, 0.0 ], [ 113.216572716000087, -7.804443212999956, 0.0 ], [ 113.216513231000022, -7.804704951999952, 0.0 ], [ 113.216466302000072, -7.804828252999926, 0.0 ], [ 113.216436829000031, -7.804905688999952, 0.0 ], [ 113.216391877000092, -7.805023800999948, 0.0 ], [ 113.216310369000098, -7.805175356999939, 0.0 ], [ 113.216180634000011, -7.805099004999931, 0.0 ], [ 113.21484, -7.804310000999976, 0.0 ], [ 113.21447, -7.804060001999972, 0.0 ], [ 113.21405, -7.803779998999971, 0.0 ], [ 113.213939999000104, -7.803719998999952, 0.0 ], [ 113.213882723000097, -7.803687542999967, 0.0 ], [ 113.213977087000103, -7.803540263999935, 0.0 ], [ 113.21399790800001, -7.803531340999939, 0.0 ], [ 113.214063341000042, -7.803534314999979, 0.0 ], [ 113.214099035000118, -7.803540263999935, 0.0 ], [ 113.214176366000061, -7.803567034999958, 0.0 ], [ 113.214226930000109, -7.803567034999958, 0.0 ], [ 113.214268571000048, -7.803558111999962, 0.0 ], [ 113.214327785000023, -7.803531464999935, 0.0 ], [ 113.214328057000102, -7.803531340999939, 0.0 ], [ 113.214369698000041, -7.803516468999931, 0.0 ], [ 113.214408365000054, -7.803507545999935, 0.0 ], [ 113.214601695000056, -7.803581903999941, 0.0 ], [ 113.214652259000104, -7.803593801999966, 0.0 ], [ 113.214699253000049, -7.80358130999997, 0.0 ], [ 113.214713531000029, -7.80353847899994, 0.0 ], [ 113.214806329000112, -7.803217251999968, 0.0 ], [ 113.214827745000093, -7.803067345999978, 0.0 ], [ 113.214817036000113, -7.803010238999946, 0.0 ], [ 113.214788483, -7.802988823999954, 0.0 ], [ 113.214738515000022, -7.802967407999972, 0.0 ], [ 113.214642146000074, -7.80294599299998, 0.0 ], [ 113.214513654000029, -7.80291030099994, 0.0 ], [ 113.214438702000052, -7.802881747999947, 0.0 ], [ 113.214363749000086, -7.802842488999943, 0.0 ], [ 113.214274518000025, -7.802792519999969, 0.0 ], [ 113.214188859000046, -7.802742550999938, 0.0 ], [ 113.214149833000079, -7.80270018899995, 0.0 ], [ 113.214176813000108, -7.802671165999925, 0.0 ], [ 113.214208934000112, -7.802649749999944, 0.0 ], [ 113.214286565000066, -7.802591155999949, 0.0 ], [ 113.214483943, -7.802342619999934, 0.0 ], [ 113.214535759000114, -7.802285436999966, 0.0 ], [ 113.21460357300009, -7.802239036999936, 0.0 ], [ 113.214678526000057, -7.802149806999978, 0.0 ], [ 113.214753478000034, -7.802071284999954, 0.0 ], [ 113.214814157000092, -7.80199276299993, 0.0 ], [ 113.214874832000078, -7.801839288999929, 0.0 ], [ 113.214946217000033, -7.801703657999951, 0.0 ], [ 113.215006892000019, -7.801610858999936, 0.0 ], [ 113.215071137000109, -7.801521629999968, 0.0 ], [ 113.215124675000084, -7.801418122999962, 0.0 ], [ 113.21519962900004, -7.801257508999981, 0.0 ], [ 113.215324551000094, -7.800861328999929, 0.0 ], [ 113.215410211000062, -7.800543670999957, 0.0 ], [ 113.215499440000031, -7.80027955099996, 0.0 ], [ 113.215595810000082, -7.800004722999972, 0.0 ], [ 113.215635070000076, -7.799826263999933, 0.0 ], [ 113.215702885000042, -7.799276607999957, 0.0 ], [ 113.215735008000024, -7.798991073999957, 0.0 ], [ 113.215820668000106, -7.798452124999926, 0.0 ], [ 113.215963434000059, -7.797691886999928, 0.0 ], [ 113.216131187000087, -7.796674666999934, 0.0 ], [ 113.216197381000029, -7.796122105999927, 0.0 ], [ 113.216233638000062, -7.795886100999951, 0.0 ], [ 113.216248734000033, -7.795787850999943, 0.0 ], [ 113.216267029000051, -7.795678467999949, 0.0 ], [ 113.216294830000038, -7.795512259999953, 0.0 ], [ 113.216337661000011, -7.795390907999945, 0.0 ], [ 113.216376922000109, -7.795265985999947, 0.0 ], [ 113.216459013000076, -7.795048264999934, 0.0 ], [ 113.216523259000041, -7.794866235999962, 0.0 ], [ 113.216537536000033, -7.79480912899993, 0.0 ], [ 113.216551812000034, -7.794762729999945, 0.0 ], [ 113.216566089000025, -7.794680637999932, 0.0 ], [ 113.216569658000026, -7.794612822999966, 0.0 ], [ 113.216569658000026, -7.794559285999981, 0.0 ], [ 113.216576795000037, -7.794473624999966, 0.0 ], [ 113.216616058000113, -7.794327287999977, 0.0 ], [ 113.216651749000107, -7.794220211999971, 0.0 ], [ 113.216751688000045, -7.793925158999969, 0.0 ], [ 113.216751688000045, -7.793844257999979, 0.0 ], [ 113.216775481000013, -7.793725284999937, 0.0 ], [ 113.216856383000049, -7.79343498999998, 0.0 ], [ 113.216865901, -7.793368365999982, 0.0 ], [ 113.216865901, -7.793335052999964, 0.0 ], [ 113.216865901, -7.793306498999925, 0.0 ], [ 113.21687066100003, -7.793239873999937, 0.0 ], [ 113.216894454000112, -7.793178007999927, 0.0 ], [ 113.216913490000024, -7.793111383999928, 0.0 ], [ 113.216923007000105, -7.793030481999949, 0.0 ], [ 113.216942043000017, -7.79296385899994, 0.0 ], [ 113.217014371, -7.792703275999941, 0.0 ], [ 113.217015078000031, -7.792700729999979, 0.0 ], [ 113.21706266700005, -7.792512751999936, 0.0 ], [ 113.217100738000113, -7.792374742999925, 0.0 ], [ 113.217157846000077, -7.792177248999963, 0.0 ], [ 113.217212573000097, -7.791982132999976, 0.0 ], [ 113.217364859000099, -7.791430096999932, 0.0 ], [ 113.217385464000017, -7.791352955999969, 0.0 ], [ 113.217516549000038, -7.790862200999925, 0.0 ], [ 113.217796136000061, -7.789963952999926, 0.0 ], [ 113.217819931, -7.789862825999933, 0.0 ], [ 113.217831766000018, -7.789823891999959, 0.0 ], [ 113.217846189000056, -7.789776453999934, 0.0 ], [ 113.218045979000067, -7.789119243999949, 0.0 ], [ 113.218242285000088, -7.78855531399995, 0.0 ], [ 113.218297354000015, -7.788340390999963, 0.0 ], [ 113.218317333000073, -7.788262414999963, 0.0 ], [ 113.218413606000013, -7.787886682999954, 0.0 ], [ 113.218618239000079, -7.787118119999946, 0.0 ], [ 113.218676503000097, -7.786920056999975, 0.0 ], [ 113.218711237000093, -7.786801986999933, 0.0 ], [ 113.21888574400009, -7.786208771999952, 0.0 ], [ 113.219196432000103, -7.784936429999959, 0.0 ], [ 113.219316431000038, -7.784016432999977, 0.0 ], [ 113.219331589000035, -7.783883683999932, 0.0 ], [ 113.219348314000058, -7.783737216999953, 0.0 ], [ 113.219358051000086, -7.78365195899994, 0.0 ], [ 113.219354481000096, -7.783580574999974, 0.0 ], [ 113.219325928000103, -7.783498483999949, 0.0 ], [ 113.219236697000042, -7.783323592999977, 0.0 ], [ 113.219190298000058, -7.783245070999953, 0.0 ], [ 113.219058238000116, -7.783102302999964, 0.0 ], [ 113.21897905600008, -7.783012793999944, 0.0 ], [ 113.218997561000037, -7.782948827999974, 0.0 ], [ 113.219004701000017, -7.782791783999926, 0.0 ], [ 113.219011839000018, -7.782624031999944, 0.0 ], [ 113.219007553000097, -7.782590618999961, 0.0 ], [ 113.218983198000046, -7.782400713999948, 0.0 ], [ 113.219115345000091, -7.782142190999934, 0.0 ], [ 113.219115345000091, -7.782081514999959, 0.0 ], [ 113.219115345000091, -7.78190662399993, 0.0 ], [ 113.2191046370001, -7.781471182999951, 0.0 ], [ 113.219122288000108, -7.78125936999993, 0.0 ], [ 113.219129205000058, -7.781176366999944, 0.0 ], [ 113.219140329000084, -7.781042879999973, 0.0 ], [ 113.2191046370001, -7.780814451999959, 0.0 ], [ 113.219033253000021, -7.780382580999969, 0.0 ], [ 113.218900448000113, -7.779994497999951, 0.0 ], [ 113.218811963, -7.77983173399997, 0.0 ], [ 113.218786416000057, -7.779758110999978, 0.0 ], [ 113.218767236000076, -7.779702835999956, 0.0 ], [ 113.218690611000056, -7.779531923999969, 0.0 ], [ 113.218650559000025, -7.779432970999949, 0.0 ], [ 113.218589485000052, -7.779383205999977, 0.0 ], [ 113.218586962000018, -7.779380489999937, 0.0 ], [ 113.218585915000062, -7.779379636999977, 0.0 ], [ 113.218462184000032, -7.779246386999944, 0.0 ], [ 113.218348103000039, -7.779119632999937, 0.0 ], [ 113.218356392000032, -7.778937294999935, 0.0 ], [ 113.2182, -7.77882, 0.0 ], [ 113.218120001000102, -7.778759998999931, 0.0 ], [ 113.21779, -7.77846, 0.0 ], [ 113.217789451000044, -7.778459175999956, 0.0 ], [ 113.217786431000036, -7.778456431999928, 0.0 ], [ 113.217706431000011, -7.778336430999957, 0.0 ], [ 113.217668652000043, -7.77813808999997, 0.0 ], [ 113.217509999000072, -7.77908999899995, 0.0 ], [ 113.21744, -7.77938, 0.0 ], [ 113.21744, -7.77979, 0.0 ], [ 113.21727, -7.78045, 0.0 ], [ 113.21717, -7.780629998999927, 0.0 ], [ 113.216990001000113, -7.7807, 0.0 ], [ 113.216955340000027, -7.780763203999925, 0.0 ], [ 113.216982347000112, -7.780875302999959, 0.0 ], [ 113.21700614000008, -7.78095858599994, 0.0 ], [ 113.21700614000008, -7.781059712999934, 0.0 ], [ 113.216994244000034, -7.78117868399994, 0.0 ], [ 113.216958550000072, -7.781267914999944, 0.0 ], [ 113.216922859000078, -7.781321451999929, 0.0 ], [ 113.21676224600003, -7.781523705999973, 0.0 ], [ 113.216559992000043, -7.781827086999954, 0.0 ], [ 113.216411275000041, -7.781975802999966, 0.0 ], [ 113.2162863530001, -7.782130467999934, 0.0 ], [ 113.216193554000029, -7.782263718999957, 0.0 ], [ 113.216111463000061, -7.782406485999957, 0.0 ], [ 113.216062685000111, -7.782501663999938, 0.0 ], [ 113.216029372000094, -7.782580186999951, 0.0 ], [ 113.216010336000068, -7.782632534999948, 0.0 ], [ 113.215981782000085, -7.782672986999955, 0.0 ], [ 113.215957988000014, -7.782696779999981, 0.0 ], [ 113.215899131000015, -7.782725010999968, 0.0 ], [ 113.215881623000087, -7.782758860999934, 0.0 ], [ 113.215867142000093, -7.782786856999962, 0.0 ], [ 113.215919521000046, -7.782807384999956, 0.0 ], [ 113.21595818600008, -7.782828205999976, 0.0 ], [ 113.216038494000031, -7.782843076999939, 0.0 ], [ 113.21607378300007, -7.782867548999945, 0.0 ], [ 113.216060827000092, -7.782916903999933, 0.0 ], [ 113.216010058000052, -7.783110311999963, 0.0 ], [ 113.215855394000073, -7.783574303999956, 0.0 ], [ 113.215754267000079, -7.783800352999947, 0.0 ], [ 113.215548071000057, -7.783872925999958, 0.0 ], [ 113.215510000000108, -7.78398, 0.0 ] ] ] ] } }
]
}
