{
"type": "FeatureCollection",
"name": "35.73_Kota_Malang_kecamatan",
"crs": { "type": "name", "properties": { "name": "urn:ogc:def:crs:EPSG::4979" } },
"features": [
{ "type": "Feature", "properties": { "nm_kecamatan": "Blimbing" }, "geometry": { "type": "MultiPolygon", "coordinates": [ [ [ [ 112.646838653000032, -7.99129278099997, 0.0 ], [ 112.646812826000087, -7.991388479999955, 0.0 ], [ 112.646783522000078, -7.991497061999951, 0.0 ], [ 112.646715548000088, -7.991780281999979, 0.0 ], [ 112.646657859000015, -7.992094246999955, 0.0 ], [ 112.646605276000059, -7.992214216999969, 0.0 ], [ 112.6465251730001, -7.992374884999947, 0.0 ], [ 112.646423223000056, -7.992527024999958, 0.0 ], [ 112.64637549300005, -7.992594200999974, 0.0 ], [ 112.646062089000111, -7.992961000999969, 0.0 ], [ 112.645827009000072, -7.993229003999943, 0.0 ], [ 112.644826641, -7.992837042999952, 0.0 ], [ 112.644253844000104, -7.992576682999982, 0.0 ], [ 112.64359527900001, -7.992223406999926, 0.0 ], [ 112.642946925000047, -7.991965086999926, 0.0 ], [ 112.64283359, -7.991899740999941, 0.0 ], [ 112.642495629000109, -7.991689409999935, 0.0 ], [ 112.641713520000053, -7.991150307999931, 0.0 ], [ 112.64125303600008, -7.990852167999947, 0.0 ], [ 112.640618876000076, -7.990494041999966, 0.0 ], [ 112.640393328000073, -7.990366668999968, 0.0 ], [ 112.640143176000038, -7.990176247999955, 0.0 ], [ 112.639713322000034, -7.989771921999932, 0.0 ], [ 112.63949022700001, -7.989561078999941, 0.0 ], [ 112.639194639000038, -7.989260386999945, 0.0 ], [ 112.638829110000074, -7.988874949999968, 0.0 ], [ 112.638553431000105, -7.988618161999966, 0.0 ], [ 112.6382226180001, -7.988315937999971, 0.0 ], [ 112.63800871300009, -7.988143894999951, 0.0 ], [ 112.637846878, -7.988066806999939, 0.0 ], [ 112.637622252000028, -7.987950409999939, 0.0 ], [ 112.63724038700002, -7.987803381999981, 0.0 ], [ 112.63568784000006, -7.987114864999967, 0.0 ], [ 112.635938463000116, -7.986407251999935, 0.0 ], [ 112.636317081000016, -7.985286733999942, 0.0 ], [ 112.636360464000063, -7.985163673999978, 0.0 ], [ 112.636404957000082, -7.985037462999969, 0.0 ], [ 112.636555340000086, -7.984610884999938, 0.0 ], [ 112.63678062300005, -7.983867803999942, 0.0 ], [ 112.63697877900006, -7.983308724999972, 0.0 ], [ 112.63708857600011, -7.982949320999978, 0.0 ], [ 112.637181368000029, -7.982748500999946, 0.0 ], [ 112.637245606000079, -7.982535783999936, 0.0 ], [ 112.637330689, -7.982353564999926, 0.0 ], [ 112.637535899000113, -7.981876461999946, 0.0 ], [ 112.637652400000093, -7.981601539999929, 0.0 ], [ 112.637847991000058, -7.981130854999947, 0.0 ], [ 112.63794362200008, -7.980858102999946, 0.0 ], [ 112.637967846000038, -7.980770249999978, 0.0 ], [ 112.638032434000024, -7.98053600999998, 0.0 ], [ 112.638122944000088, -7.980130641999949, 0.0 ], [ 112.638138706000063, -7.980060047999928, 0.0 ], [ 112.638229511000077, -7.979603770999972, 0.0 ], [ 112.638285085, -7.979392047999966, 0.0 ], [ 112.638328953000041, -7.979242768999939, 0.0 ], [ 112.638618095000083, -7.977998274999948, 0.0 ], [ 112.63864329, -7.977851993999934, 0.0 ], [ 112.638649595000061, -7.977622115999964, 0.0 ], [ 112.638614863000043, -7.977359007999951, 0.0 ], [ 112.638596421000102, -7.977043388999959, 0.0 ], [ 112.63859508500002, -7.976973245999943, 0.0 ], [ 112.63859556400007, -7.976559797999926, 0.0 ], [ 112.63858697, -7.976134409999929, 0.0 ], [ 112.638560712000071, -7.975519966999968, 0.0 ], [ 112.6385373170001, -7.974994322999976, 0.0 ], [ 112.638533020000068, -7.97463434499997, 0.0 ], [ 112.63852251600008, -7.974222327999939, 0.0 ], [ 112.638517073000116, -7.973994216999927, 0.0 ], [ 112.638511967000113, -7.973748070999932, 0.0 ], [ 112.638505384000041, -7.973498878999976, 0.0 ], [ 112.638504308000051, -7.973458169999958, 0.0 ], [ 112.638504416000046, -7.973424002999934, 0.0 ], [ 112.638506134000068, -7.972879091999971, 0.0 ], [ 112.638502120000112, -7.972582260999957, 0.0 ], [ 112.638498838000032, -7.972286887999928, 0.0 ], [ 112.638495555000077, -7.972008653999978, 0.0 ], [ 112.638478054000075, -7.971631232999925, 0.0 ], [ 112.638459820000094, -7.971218804999978, 0.0 ], [ 112.638440857000091, -7.970860345999938, 0.0 ], [ 112.638414967000017, -7.97035638899996, 0.0 ], [ 112.638386524000111, -7.969786792999969, 0.0 ], [ 112.638366467000083, -7.969494701999963, 0.0 ], [ 112.638349700000049, -7.969225015999939, 0.0 ], [ 112.638332774000105, -7.968977450999944, 0.0 ], [ 112.638322303000109, -7.96882590599995, 0.0 ], [ 112.638305194000054, -7.968629456999963, 0.0 ], [ 112.638292936000084, -7.968449591999956, 0.0 ], [ 112.638269696000066, -7.968171063999932, 0.0 ], [ 112.638269573000116, -7.968169585999931, 0.0 ], [ 112.638264456000115, -7.968089391999968, 0.0 ], [ 112.638261863000025, -7.968048757999952, 0.0 ], [ 112.638251571000069, -7.967883702999927, 0.0 ], [ 112.638253385000098, -7.967846741999949, 0.0 ], [ 112.638264953000089, -7.967790407999928, 0.0 ], [ 112.638297976000104, -7.967675688999975, 0.0 ], [ 112.638315031000047, -7.967638988999965, 0.0 ], [ 112.63833248800006, -7.967604810999944, 0.0 ], [ 112.63838037700009, -7.967527005999955, 0.0 ], [ 112.638410675000046, -7.967480131999935, 0.0 ], [ 112.638428698000098, -7.967443057999958, 0.0 ], [ 112.638438305000022, -7.967417442999931, 0.0 ], [ 112.638499142000114, -7.967177452999977, 0.0 ], [ 112.638501475000112, -7.967162860999963, 0.0 ], [ 112.638602400000082, -7.966962489999958, 0.0 ], [ 112.638678695000067, -7.966794531999938, 0.0 ], [ 112.638816815000041, -7.966539006999938, 0.0 ], [ 112.63886272000002, -7.966443893999951, 0.0 ], [ 112.638929339000015, -7.966309628999966, 0.0 ], [ 112.639018393000015, -7.966122526999925, 0.0 ], [ 112.639100578000011, -7.965964934999931, 0.0 ], [ 112.639196272000049, -7.965791784999965, 0.0 ], [ 112.639313484000013, -7.965582268999981, 0.0 ], [ 112.63944489000005, -7.965346677999946, 0.0 ], [ 112.639547008000022, -7.965146877999928, 0.0 ], [ 112.639584786000114, -7.965082239999958, 0.0 ], [ 112.639625110000111, -7.965001011999959, 0.0 ], [ 112.639503649000062, -7.964864944999931, 0.0 ], [ 112.639428456000019, -7.96476886499994, 0.0 ], [ 112.639354217, -7.964658219999933, 0.0 ], [ 112.639325663000022, -7.964611106999939, 0.0 ], [ 112.639269270000113, -7.964556140999946, 0.0 ], [ 112.639207880000072, -7.964504030999933, 0.0 ], [ 112.639113653000095, -7.964447637999967, 0.0 ], [ 112.639048694000053, -7.964423366999938, 0.0 ], [ 112.63900443600005, -7.964413373999946, 0.0 ], [ 112.638933766000036, -7.964401951999946, 0.0 ], [ 112.638855244000069, -7.964392671999974, 0.0 ], [ 112.638823121000087, -7.964386961999935, 0.0 ], [ 112.63867678400004, -7.964335564999942, 0.0 ], [ 112.63853116100006, -7.964280599999938, 0.0 ], [ 112.638414330000046, -7.964242289999959, 0.0 ], [ 112.638368644000025, -7.964218495999944, 0.0 ], [ 112.638347705000115, -7.964193748999946, 0.0 ], [ 112.638325814000041, -7.964163291999967, 0.0 ], [ 112.638319151000019, -7.964130931999932, 0.0 ], [ 112.638319151000019, -7.964090004999946, 0.0 ], [ 112.638328669000089, -7.964058595999973, 0.0 ], [ 112.638351512000099, -7.96401862099998, 0.0 ], [ 112.638410522000072, -7.963945333999959, 0.0 ], [ 112.638461919000065, -7.963912972999935, 0.0 ], [ 112.638506653000036, -7.963902502999929, 0.0 ], [ 112.638548531000083, -7.963898695999944, 0.0 ], [ 112.63861230100008, -7.963891081999975, 0.0 ], [ 112.638653228000067, -7.963884418999953, 0.0 ], [ 112.638719852, -7.963873949999936, 0.0 ], [ 112.638795043000073, -7.963853010999969, 0.0 ], [ 112.63885024700005, -7.963840636999976, 0.0 ], [ 112.638900691000117, -7.963821601999939, 0.0 ], [ 112.638932783000087, -7.963795888999925, 0.0 ], [ 112.639074865000111, -7.963699009999971, 0.0 ], [ 112.639080094000064, -7.963695444999928, 0.0 ], [ 112.639206135000109, -7.963596675999952, 0.0 ], [ 112.639326908000044, -7.963508536999939, 0.0 ], [ 112.639381385000092, -7.963457075999941, 0.0 ], [ 112.639439581000033, -7.96337535899994, 0.0 ], [ 112.639467023000066, -7.963319767999963, 0.0 ], [ 112.639518903000067, -7.963170323999975, 0.0 ], [ 112.639542973000061, -7.963068782999926, 0.0 ], [ 112.63955782700009, -7.962938024999971, 0.0 ], [ 112.639620645000036, -7.962779076999936, 0.0 ], [ 112.639666331000058, -7.962683897999966, 0.0 ], [ 112.639718458000061, -7.962599003999969, 0.0 ], [ 112.639727471000015, -7.96257140299997, 0.0 ], [ 112.639728584000068, -7.962558789999946, 0.0 ], [ 112.63972716, -7.96254347699994, 0.0 ], [ 112.639724641000043, -7.962534212999969, 0.0 ], [ 112.639718566000056, -7.962520737999967, 0.0 ], [ 112.639700107000067, -7.962488716999928, 0.0 ], [ 112.639670959000114, -7.962414358999979, 0.0 ], [ 112.639635267000017, -7.962338215999978, 0.0 ], [ 112.639609093000104, -7.962298359999977, 0.0 ], [ 112.639588867000043, -7.962284677999946, 0.0 ], [ 112.639571616000012, -7.962273969999956, 0.0 ], [ 112.639549011000099, -7.962268021999932, 0.0 ], [ 112.639535924000029, -7.962262072999977, 0.0 ], [ 112.639524027000107, -7.96224958099998, 0.0 ], [ 112.639517245000093, -7.962233638999976, 0.0 ], [ 112.639500113000054, -7.96219461499993, 0.0 ], [ 112.639462042000105, -7.96215273699994, 0.0 ], [ 112.639401128000031, -7.962113713999941, 0.0 ], [ 112.639284058000044, -7.962056606999965, 0.0 ], [ 112.639132725000081, -7.961966186999973, 0.0 ], [ 112.639027077000037, -7.961918597999954, 0.0 ], [ 112.638974728000107, -7.961902417999966, 0.0 ], [ 112.63893189800001, -7.961887188999981, 0.0 ], [ 112.638861466000094, -7.961851972999966, 0.0 ], [ 112.638802455000018, -7.961811997999973, 0.0 ], [ 112.638674916000014, -7.961728240999946, 0.0 ], [ 112.638537629000098, -7.961644748999959, 0.0 ], [ 112.638515315000063, -7.96163491599998, 0.0 ], [ 112.638449026000103, -7.961605563999967, 0.0 ], [ 112.638405182000042, -7.961587751999957, 0.0 ], [ 112.638377708, -7.961571496999966, 0.0 ], [ 112.63835146800011, -7.961551430999975, 0.0 ], [ 112.638319293000109, -7.961527068999942, 0.0 ], [ 112.638276405000056, -7.961492466999971, 0.0 ], [ 112.63825440800008, -7.961473140999942, 0.0 ], [ 112.638244392000047, -7.961461606999933, 0.0 ], [ 112.638232495000011, -7.961447329999942, 0.0 ], [ 112.638217029000089, -7.961431268999945, 0.0 ], [ 112.638140291000013, -7.961389627999949, 0.0 ], [ 112.638123747, -7.961380276999932, 0.0 ], [ 112.63810584600003, -7.961373184999957, 0.0 ], [ 112.638078425000117, -7.961369402999935, 0.0 ], [ 112.63804868200009, -7.961375350999958, 0.0 ], [ 112.638003472000037, -7.961387247999937, 0.0 ], [ 112.637951719000057, -7.961404499999958, 0.0 ], [ 112.63792197600003, -7.961420560999954, 0.0 ], [ 112.637894612000082, -7.961420560999954, 0.0 ], [ 112.637872602000016, -7.961411042999941, 0.0 ], [ 112.637846428000103, -7.961393791999967, 0.0 ], [ 112.637826797000116, -7.961366427999963, 0.0 ], [ 112.637782777000098, -7.961294449999968, 0.0 ], [ 112.637754224000105, -7.961251023999978, 0.0 ], [ 112.637738757000079, -7.961236152999959, 0.0 ], [ 112.637710203000097, -7.961226039999929, 0.0 ], [ 112.637672405000103, -7.961218440999971, 0.0 ], [ 112.637603642000045, -7.961197426999945, 0.0 ], [ 112.637576621000107, -7.961185565999926, 0.0 ], [ 112.637547124000093, -7.961165422999954, 0.0 ], [ 112.637484562000054, -7.961106029999939, 0.0 ], [ 112.637467467000079, -7.961089800999957, 0.0 ], [ 112.637419989000023, -7.961073415999977, 0.0 ], [ 112.637290249000102, -7.961028639999938, 0.0 ], [ 112.63725919, -7.96101792099995, 0.0 ], [ 112.637187833000098, -7.96099329499998, 0.0 ], [ 112.637151482000036, -7.96097362699993, 0.0 ], [ 112.637139109000032, -7.96095173599997, 0.0 ], [ 112.637112459000036, -7.960891772999958, 0.0 ], [ 112.637093400000026, -7.960832769999968, 0.0 ], [ 112.637079147, -7.960752812999942, 0.0 ], [ 112.637061063000033, -7.960717596999928, 0.0 ], [ 112.637031557000114, -7.960686187999954, 0.0 ], [ 112.636945911000112, -7.960616601999959, 0.0 ], [ 112.636916020000058, -7.960570084999972, 0.0 ], [ 112.636894685000016, -7.960536881999928, 0.0 ], [ 112.636964972000101, -7.960393602999943, 0.0 ], [ 112.637032787000066, -7.960229241999969, 0.0 ], [ 112.637064315000089, -7.96016261699998, 0.0 ], [ 112.637154734000092, -7.959910393999962, 0.0 ], [ 112.637255266000011, -7.959668283999974, 0.0 ], [ 112.63732010700005, -7.959451157999979, 0.0 ], [ 112.637357153000039, -7.959349571999951, 0.0 ], [ 112.637414690000014, -7.95919179699996, 0.0 ], [ 112.637477151000098, -7.959002629999929, 0.0 ], [ 112.637561622000021, -7.958743863999928, 0.0 ], [ 112.637635385000067, -7.95846844099998, 0.0 ], [ 112.637668698000084, -7.958326862999968, 0.0 ], [ 112.637775546000057, -7.957926712999949, 0.0 ], [ 112.637802784000087, -7.957847183999945, 0.0 ], [ 112.638055155000075, -7.95680178799995, 0.0 ], [ 112.638429891000101, -7.955253044999949, 0.0 ], [ 112.638497342000051, -7.954974277999952, 0.0 ], [ 112.63855172, -7.954749538999977, 0.0 ], [ 112.638685398, -7.95412411999996, 0.0 ], [ 112.638931556000102, -7.952975978999973, 0.0 ], [ 112.638931935000073, -7.952974211999958, 0.0 ], [ 112.638036266000086, -7.952819907999981, 0.0 ], [ 112.638070863000053, -7.952710490999948, 0.0 ], [ 112.638088022000034, -7.952347489999966, 0.0 ], [ 112.638121408000075, -7.952143098999954, 0.0 ], [ 112.63810568100007, -7.951803512999959, 0.0 ], [ 112.638093852000111, -7.951731729999949, 0.0 ], [ 112.638085495000041, -7.951621234999948, 0.0 ], [ 112.638083708000067, -7.951533681999933, 0.0 ], [ 112.63809849200004, -7.951449650999962, 0.0 ], [ 112.638099582000109, -7.951361368999926, 0.0 ], [ 112.638082738000094, -7.951219467999977, 0.0 ], [ 112.638078089000032, -7.951206777999971, 0.0 ], [ 112.638063296000041, -7.951184111999964, 0.0 ], [ 112.638059380000072, -7.951172143999941, 0.0 ], [ 112.638070465000055, -7.951006699999937, 0.0 ], [ 112.638051102000077, -7.950531836999971, 0.0 ], [ 112.638079911000091, -7.950342444999933, 0.0 ], [ 112.638054174000104, -7.95015241599998, 0.0 ], [ 112.638058346000093, -7.949994502999971, 0.0 ], [ 112.6380676980001, -7.949932264999973, 0.0 ], [ 112.638102214000014, -7.949864415999969, 0.0 ], [ 112.638103132000083, -7.949842635999971, 0.0 ], [ 112.638101364000022, -7.94969148399997, 0.0 ], [ 112.638098272000093, -7.94942709299994, 0.0 ], [ 112.638086865000105, -7.948451869999928, 0.0 ], [ 112.638078151000059, -7.947706865999976, 0.0 ], [ 112.638119296000013, -7.947602342999971, 0.0 ], [ 112.638162448000116, -7.947492719999957, 0.0 ], [ 112.638170081000112, -7.947474519999957, 0.0 ], [ 112.638176455, -7.94745932099994, 0.0 ], [ 112.638149091000059, -7.947351054999956, 0.0 ], [ 112.638114589000111, -7.947301085999925, 0.0 ], [ 112.63809436300005, -7.947268963999932, 0.0 ], [ 112.63803844600011, -7.94722851299997, 0.0 ], [ 112.638005134000082, -7.947213045999945, 0.0 ], [ 112.637949216000038, -7.947198769999943, 0.0 ], [ 112.637900437000098, -7.947183302999974, 0.0 ], [ 112.637880212000027, -7.947164266999948, 0.0 ], [ 112.637849279000079, -7.947132144999955, 0.0 ], [ 112.637805259000061, -7.947066708999955, 0.0 ], [ 112.637741014000085, -7.94700960199998, 0.0 ], [ 112.637620851000065, -7.946912044999976, 0.0 ], [ 112.637522105000016, -7.946829903999969, 0.0 ], [ 112.637407622000069, -7.946719773999973, 0.0 ], [ 112.637341482000011, -7.94666338199994, 0.0 ], [ 112.637257158000011, -7.946609785999954, 0.0 ], [ 112.637178058000018, -7.946569910999926, 0.0 ], [ 112.637123182000096, -7.946548053999948, 0.0 ], [ 112.637261047000038, -7.946262822999927, 0.0 ], [ 112.637263408000081, -7.94625924099995, 0.0 ], [ 112.637265745000036, -7.946256618999939, 0.0 ], [ 112.637267414, -7.946255277999967, 0.0 ], [ 112.637270664000084, -7.94625401299993, 0.0 ], [ 112.63727506500004, -7.946253572999979, 0.0 ], [ 112.637278151000032, -7.946254267999961, 0.0 ], [ 112.637602354000023, -7.946391810999955, 0.0 ], [ 112.637613937000083, -7.946394540999961, 0.0 ], [ 112.637624617000029, -7.946393274999934, 0.0 ], [ 112.637633793000077, -7.946390076999933, 0.0 ], [ 112.637644193000028, -7.946383308999941, 0.0 ], [ 112.637650999000016, -7.946376038999972, 0.0 ], [ 112.637673240000026, -7.946336508999934, 0.0 ], [ 112.637887120000073, -7.945905053999979, 0.0 ], [ 112.637914292, -7.945862835999947, 0.0 ], [ 112.63800639100009, -7.94573745799994, 0.0 ], [ 112.638025292000066, -7.945706315999928, 0.0 ], [ 112.638031001000058, -7.945694482999954, 0.0 ], [ 112.638136530000111, -7.945423881999943, 0.0 ], [ 112.638152542000057, -7.945390368999938, 0.0 ], [ 112.638153349000049, -7.945388846999947, 0.0 ], [ 112.638154008000015, -7.945386122999935, 0.0 ], [ 112.638153243000033, -7.945383025999945, 0.0 ], [ 112.638151596000057, -7.94537973499996, 0.0 ], [ 112.63814926900011, -7.945376816999953, 0.0 ], [ 112.638147517000107, -7.945375266999974, 0.0 ], [ 112.638144200000056, -7.945372720999956, 0.0 ], [ 112.638130155000113, -7.945364756999936, 0.0 ], [ 112.638123239000038, -7.945360380999944, 0.0 ], [ 112.638112458000023, -7.945353046999969, 0.0 ], [ 112.638033649000022, -7.945291022999982, 0.0 ], [ 112.638023695000015, -7.945282130999942, 0.0 ], [ 112.638002187000097, -7.94526435299997, 0.0 ], [ 112.637979407000103, -7.945248492999951, 0.0 ], [ 112.637964004000082, -7.945237070999951, 0.0 ], [ 112.637948608000102, -7.945227561999957, 0.0 ], [ 112.637885916000073, -7.945205595999937, 0.0 ], [ 112.637836115000027, -7.945179923999945, 0.0 ], [ 112.637731456000097, -7.945136967999929, 0.0 ], [ 112.637195201000054, -7.944851783999979, 0.0 ], [ 112.637181485000042, -7.944840301999932, 0.0 ], [ 112.637169197000048, -7.944822338999927, 0.0 ], [ 112.637162731000103, -7.944801105999943, 0.0 ], [ 112.637163547000114, -7.944781366999962, 0.0 ], [ 112.637167509000051, -7.944763609999939, 0.0 ], [ 112.63733602100001, -7.944269173999942, 0.0 ], [ 112.637425477000079, -7.94400320099993, 0.0 ], [ 112.637494881000066, -7.943721810999932, 0.0 ], [ 112.637677948000032, -7.943190348999963, 0.0 ], [ 112.63776981, -7.942906922999953, 0.0 ], [ 112.63782706500001, -7.94273026999997, 0.0 ], [ 112.637989821000019, -7.942251096999939, 0.0 ], [ 112.638126208000017, -7.941828296999972, 0.0 ], [ 112.638183106000042, -7.941685054999937, 0.0 ], [ 112.638572101000022, -7.941870254999969, 0.0 ], [ 112.638896365000051, -7.941325144999951, 0.0 ], [ 112.639056916000072, -7.941072976999976, 0.0 ], [ 112.639405922000037, -7.941232904999936, 0.0 ], [ 112.639546017000043, -7.941288833999977, 0.0 ], [ 112.639657191000083, -7.941339964999941, 0.0 ], [ 112.639939197000103, -7.940786040999967, 0.0 ], [ 112.640254056000117, -7.940167584999926, 0.0 ], [ 112.640538371000048, -7.939571880999949, 0.0 ], [ 112.640517334000037, -7.93942444399994, 0.0 ], [ 112.640510095000081, -7.939319112999954, 0.0 ], [ 112.640509866000116, -7.93900152599997, 0.0 ], [ 112.640889487000095, -7.938201841999955, 0.0 ], [ 112.641134306000026, -7.937663906999944, 0.0 ], [ 112.641338341000051, -7.93733730799994, 0.0 ], [ 112.641598560000034, -7.936878382999964, 0.0 ], [ 112.641731216000039, -7.936564938999936, 0.0 ], [ 112.641846976000011, -7.93634773399998, 0.0 ], [ 112.641871996000077, -7.936242848999939, 0.0 ], [ 112.641847383000027, -7.936208495999949, 0.0 ], [ 112.641927377000115, -7.936048848999974, 0.0 ], [ 112.641887536000013, -7.936008852999976, 0.0 ], [ 112.641896051000117, -7.935977782999942, 0.0 ], [ 112.64195772000005, -7.935817810999936, 0.0 ], [ 112.642011774000025, -7.935652045999973, 0.0 ], [ 112.642078298000115, -7.935484317999965, 0.0 ], [ 112.642138076000037, -7.935309917999973, 0.0 ], [ 112.642240137000044, -7.935147791999952, 0.0 ], [ 112.642317405000085, -7.935026911999955, 0.0 ], [ 112.642405989000054, -7.934918738999954, 0.0 ], [ 112.642470417000027, -7.934840064999946, 0.0 ], [ 112.642961614000114, -7.934231429999954, 0.0 ], [ 112.642980932000114, -7.934197602999973, 0.0 ], [ 112.642979743000069, -7.934138116999975, 0.0 ], [ 112.642963087000112, -7.934027471999968, 0.0 ], [ 112.642940710000062, -7.933889958999941, 0.0 ], [ 112.642913769000074, -7.933782617999952, 0.0 ], [ 112.642895015000022, -7.933728790999965, 0.0 ], [ 112.642874873000096, -7.93368553199997, 0.0 ], [ 112.642833910000036, -7.933621434999964, 0.0 ], [ 112.642770193000047, -7.933536172999936, 0.0 ], [ 112.642640376000031, -7.933340197999939, 0.0 ], [ 112.642608109000093, -7.933311855999932, 0.0 ], [ 112.642529947000071, -7.93326790499998, 0.0 ], [ 112.642476837000117, -7.933254160999979, 0.0 ], [ 112.64237597500005, -7.933188633999976, 0.0 ], [ 112.642328929000087, -7.933146954999927, 0.0 ], [ 112.642256386000099, -7.933058451999955, 0.0 ], [ 112.642208277, -7.933001254999965, 0.0 ], [ 112.642141459000072, -7.932906427999967, 0.0 ], [ 112.642104577000055, -7.932869546999939, 0.0 ], [ 112.642071265000027, -7.932848130999957, 0.0 ], [ 112.642032003000054, -7.932842182999934, 0.0 ], [ 112.64198560400007, -7.932842182999934, 0.0 ], [ 112.641935635000095, -7.932842182999934, 0.0 ], [ 112.641898754000067, -7.932830284999966, 0.0 ], [ 112.641876149000041, -7.932813628999952, 0.0 ], [ 112.641830939000101, -7.932748193999942, 0.0 ], [ 112.641783255000064, -7.932657773999949, 0.0 ], [ 112.641735975000074, -7.932537670999977, 0.0 ], [ 112.641600722000021, -7.932246482999972, 0.0 ], [ 112.641545082000107, -7.932052747999933, 0.0 ], [ 112.641539900000112, -7.932039582999948, 0.0 ], [ 112.641536915000074, -7.932017650999967, 0.0 ], [ 112.641600210000092, -7.931736070999932, 0.0 ], [ 112.641598087000034, -7.931714154999952, 0.0 ], [ 112.641592507000041, -7.931705458999943, 0.0 ], [ 112.641580852000061, -7.931696536999937, 0.0 ], [ 112.641502713000023, -7.931663508999975, 0.0 ], [ 112.641322893000051, -7.931625935999932, 0.0 ], [ 112.641051185000038, -7.931610346999946, 0.0 ], [ 112.640913319000106, -7.931578165999952, 0.0 ], [ 112.640673564000053, -7.931475797999951, 0.0 ], [ 112.640639996, -7.93145525999995, 0.0 ], [ 112.640624541000079, -7.931440222999981, 0.0 ], [ 112.640444941000055, -7.931265475999965, 0.0 ], [ 112.640398440000013, -7.931227289999981, 0.0 ], [ 112.640378815000076, -7.931213886999956, 0.0 ], [ 112.64034309200008, -7.931194606999952, 0.0 ], [ 112.640315635000093, -7.93118445999994, 0.0 ], [ 112.640292851000027, -7.931182122999928, 0.0 ], [ 112.640266852000082, -7.93118321299994, 0.0 ], [ 112.640253163000011, -7.931186217999937, 0.0 ], [ 112.640227935000098, -7.931197760999964, 0.0 ], [ 112.640208717000064, -7.931211965999978, 0.0 ], [ 112.640187538000077, -7.931232387999955, 0.0 ], [ 112.640166205000014, -7.931260602999942, 0.0 ], [ 112.640128200000049, -7.93129675299997, 0.0 ], [ 112.639797311000052, -7.931637495999951, 0.0 ], [ 112.639663874, -7.931654633999926, 0.0 ], [ 112.639629533000061, -7.931653086999972, 0.0 ], [ 112.639592413000059, -7.93163500299994, 0.0 ], [ 112.639538022000011, -7.931571012999939, 0.0 ], [ 112.639368449000017, -7.931304342999965, 0.0 ], [ 112.639296035000029, -7.931191380999962, 0.0 ], [ 112.639255405000085, -7.931146587999933, 0.0 ], [ 112.638703981000049, -7.930774243999963, 0.0 ], [ 112.63864383300006, -7.930769148999957, 0.0 ], [ 112.638562870000101, -7.930782353999973, 0.0 ], [ 112.638482030000091, -7.930792942999972, 0.0 ], [ 112.63844387000006, -7.930795063999938, 0.0 ], [ 112.638391932000104, -7.930792698999937, 0.0 ], [ 112.638362479000079, -7.930788352999969, 0.0 ], [ 112.638327003000086, -7.930772632999947, 0.0 ], [ 112.63828929400006, -7.930745353999953, 0.0 ], [ 112.638234566000051, -7.930683487999943, 0.0 ], [ 112.638203333000092, -7.930626994999955, 0.0 ], [ 112.638908290000018, -7.929577842999947, 0.0 ], [ 112.638743039000019, -7.929443678999974, 0.0 ], [ 112.639047784000013, -7.929084861999968, 0.0 ], [ 112.63931285600006, -7.928760849999946, 0.0 ], [ 112.639585030000035, -7.928412406999939, 0.0 ], [ 112.63968907200001, -7.928266062999967, 0.0 ], [ 112.639670165000098, -7.928248874999952, 0.0 ], [ 112.639739803000111, -7.928162317999977, 0.0 ], [ 112.639730184000086, -7.928142053999977, 0.0 ], [ 112.639725283000075, -7.928131729999961, 0.0 ], [ 112.639703086000054, -7.92808496899994, 0.0 ], [ 112.639648657000066, -7.927978124999981, 0.0 ], [ 112.639617129000044, -7.927923396999972, 0.0 ], [ 112.639545745000078, -7.92786212599998, 0.0 ], [ 112.639485664000063, -7.927818700999978, 0.0 ], [ 112.639419271000065, -7.927780915999961, 0.0 ], [ 112.638923289000104, -7.927598717999956, 0.0 ], [ 112.638857358000109, -7.927562307999949, 0.0 ], [ 112.638795339000012, -7.927510311999981, 0.0 ], [ 112.638708387000065, -7.927411765999977, 0.0 ], [ 112.638651757000048, -7.927316539999936, 0.0 ], [ 112.638507035000089, -7.927012022999975, 0.0 ], [ 112.638404610000066, -7.926803641999982, 0.0 ], [ 112.63839135, -7.926791487999935, 0.0 ], [ 112.638262859000065, -7.926678462999973, 0.0 ], [ 112.638249772000108, -7.926668349999943, 0.0 ], [ 112.638230141, -7.926661806999959, 0.0 ], [ 112.63819563900006, -7.926662401999977, 0.0 ], [ 112.638175414000102, -7.926666565999938, 0.0 ], [ 112.638126635000049, -7.926673703999938, 0.0 ], [ 112.638086779000105, -7.92666537599996, 0.0 ], [ 112.638045138000052, -7.926642770999933, 0.0 ], [ 112.637966021000011, -7.926605294999945, 0.0 ], [ 112.637897017000114, -7.926556515999948, 0.0 ], [ 112.637829797000109, -7.926501787999939, 0.0 ], [ 112.637806597, -7.926482157999942, 0.0 ], [ 112.637794105000012, -7.92645717299996, 0.0 ], [ 112.63778220800009, -7.926432188999968, 0.0 ], [ 112.637766146000104, -7.926396496999928, 0.0 ], [ 112.637726290000046, -7.926357830999962, 0.0 ], [ 112.637663235000105, -7.926313810999943, 0.0 ], [ 112.637619810000047, -7.926295964999952, 0.0 ], [ 112.637568056000077, -7.926275738999948, 0.0 ], [ 112.637498457000106, -7.926236477999964, 0.0 ], [ 112.637462170000049, -7.926210303999937, 0.0 ], [ 112.637420530000099, -7.926185319999945, 0.0 ], [ 112.637364369000011, -7.926127243999929, 0.0 ], [ 112.63731413000005, -7.92607563699994, 0.0 ], [ 112.637304600000107, -7.926065847999951, 0.0 ], [ 112.638114084000108, -7.924670447999972, 0.0 ], [ 112.638277083000048, -7.924340660999974, 0.0 ], [ 112.638392350000117, -7.924115778999976, 0.0 ], [ 112.638408201000061, -7.924084854999933, 0.0 ], [ 112.638512666000111, -7.924105975999964, 0.0 ], [ 112.638709216000052, -7.924170308999976, 0.0 ], [ 112.638739617000056, -7.924181818999955, 0.0 ], [ 112.638832173000083, -7.92421686299997, 0.0 ], [ 112.638927635000073, -7.924266650999925, 0.0 ], [ 112.639052806000109, -7.924360573999934, 0.0 ], [ 112.639104728, -7.924420492999957, 0.0 ], [ 112.639181892000011, -7.924512723999953, 0.0 ], [ 112.639224722000108, -7.924576969999976, 0.0 ], [ 112.639281829000083, -7.924631696999938, 0.0 ], [ 112.639374628000041, -7.924686424999948, 0.0 ], [ 112.639436494000051, -7.924698321999927, 0.0 ], [ 112.639488843000095, -7.92470783999994, 0.0 ], [ 112.639572124000097, -7.924698321999927, 0.0 ], [ 112.639611069000011, -7.924651465999943, 0.0 ], [ 112.639727093000033, -7.924434733999931, 0.0 ], [ 112.639772288000017, -7.924339072999942, 0.0 ], [ 112.639780527000084, -7.924298780999948, 0.0 ], [ 112.639764039000056, -7.924255782999978, 0.0 ], [ 112.639720465000096, -7.924159302999954, 0.0 ], [ 112.63965302500003, -7.92409545299995, 0.0 ], [ 112.63961646100006, -7.924072629999955, 0.0 ], [ 112.639588134000064, -7.924050542999964, 0.0 ], [ 112.639523447000101, -7.923986055999933, 0.0 ], [ 112.6394922180001, -7.923951236999926, 0.0 ], [ 112.639487756000108, -7.923944125999981, 0.0 ], [ 112.639480344000049, -7.923923126999966, 0.0 ], [ 112.63947393, -7.923867906999931, 0.0 ], [ 112.63948563200006, -7.923793039999964, 0.0 ], [ 112.639519775000053, -7.923684671999979, 0.0 ], [ 112.639538811000079, -7.923648979999939, 0.0 ], [ 112.639564985000106, -7.92359425199993, 0.0 ], [ 112.639695856000117, -7.923394377999955, 0.0 ], [ 112.639771998000015, -7.923303957999963, 0.0 ], [ 112.63984576200005, -7.923258747999967, 0.0 ], [ 112.639890971000113, -7.92323971299993, 0.0 ], [ 112.639993288000028, -7.923223055999927, 0.0 ], [ 112.640307988000018, -7.923158661999935, 0.0 ], [ 112.640677733000075, -7.923109646999933, 0.0 ], [ 112.640840376000028, -7.923087426999928, 0.0 ], [ 112.640914140000064, -7.923096944999941, 0.0 ], [ 112.641009318000101, -7.923127877999946, 0.0 ], [ 112.641128291000086, -7.923156431999928, 0.0 ], [ 112.641178260000061, -7.923158810999951, 0.0 ], [ 112.641260874000068, -7.923145766999937, 0.0 ], [ 112.641325677000054, -7.92309961199993, 0.0 ], [ 112.641528660000063, -7.922877460999928, 0.0 ], [ 112.641271690000053, -7.922862279999947, 0.0 ], [ 112.640786129000048, -7.922808983999971, 0.0 ], [ 112.640421334000052, -7.92280182899998, 0.0 ], [ 112.64028401500002, -7.922790997999925, 0.0 ], [ 112.639975550000031, -7.92272402499998, 0.0 ], [ 112.639892296000085, -7.922691190999956, 0.0 ], [ 112.639810313000112, -7.922646087999965, 0.0 ], [ 112.639319316000069, -7.922311505999971, 0.0 ], [ 112.639366428000017, -7.922139352999977, 0.0 ], [ 112.639551900000015, -7.921977770999945, 0.0 ], [ 112.6398703320001, -7.921636788999933, 0.0 ], [ 112.639877072000104, -7.921622494999951, 0.0 ], [ 112.639568967000059, -7.921177131999968, 0.0 ], [ 112.639384027, -7.920883547999949, 0.0 ], [ 112.639376313000071, -7.920851296999956, 0.0 ], [ 112.639388654000072, -7.920812871999942, 0.0 ], [ 112.639409004000072, -7.920783614999948, 0.0 ], [ 112.639620213000057, -7.920566991999976, 0.0 ], [ 112.639804551000111, -7.920840346999967, 0.0 ], [ 112.639981604000013, -7.921569009999928, 0.0 ], [ 112.643575872000042, -7.915642870999932, 0.0 ], [ 112.643670686000064, -7.915451840999935, 0.0 ], [ 112.644145581000089, -7.914592330999938, 0.0 ], [ 112.644954814000016, -7.913636400999962, 0.0 ], [ 112.645194605000029, -7.913873482999975, 0.0 ], [ 112.64600818100007, -7.914013288999968, 0.0 ], [ 112.646248652000054, -7.914345830999935, 0.0 ], [ 112.646250354000017, -7.914774687999966, 0.0 ], [ 112.646012341000073, -7.915061475999948, 0.0 ], [ 112.645870654000078, -7.915538540999933, 0.0 ], [ 112.646111503000043, -7.915966182999966, 0.0 ], [ 112.646113584000091, -7.916490321999959, 0.0 ], [ 112.646556423000106, -7.916862383999955, 0.0 ], [ 112.646785857000054, -7.917202290999967, 0.0 ], [ 112.647073965000118, -7.917534552999939, 0.0 ], [ 112.647983876000012, -7.917864448999978, 0.0 ], [ 112.648982990000036, -7.916574271999934, 0.0 ], [ 112.649496701000089, -7.916749555999957, 0.0 ], [ 112.650202164, -7.91699026799995, 0.0 ], [ 112.649879519000024, -7.918935259999955, 0.0 ], [ 112.649842718000059, -7.919383975999949, 0.0 ], [ 112.652187753000021, -7.92094622299993, 0.0 ], [ 112.65491221800005, -7.922181774999956, 0.0 ], [ 112.659545988000104, -7.924710482999956, 0.0 ], [ 112.661452661000112, -7.925515857999926, 0.0 ], [ 112.661726238000028, -7.925894178999954, 0.0 ], [ 112.662272809000115, -7.926542158999951, 0.0 ], [ 112.662881512000013, -7.926907208999978, 0.0 ], [ 112.663005569, -7.927445048999971, 0.0 ], [ 112.662762681000117, -7.927689104999956, 0.0 ], [ 112.662205541000048, -7.927743489999955, 0.0 ], [ 112.662261090000015, -7.92855940499993, 0.0 ], [ 112.662490390000016, -7.929270484999961, 0.0 ], [ 112.662666022000053, -7.929634458999942, 0.0 ], [ 112.662728247000018, -7.930143971999939, 0.0 ], [ 112.662731232000056, -7.930168410999954, 0.0 ], [ 112.662738091000051, -7.930224577999979, 0.0 ], [ 112.662770404000071, -7.930351344999963, 0.0 ], [ 112.662826533000043, -7.930571543999974, 0.0 ], [ 112.663090195000109, -7.931160896999927, 0.0 ], [ 112.663100017000033, -7.931446432999962, 0.0 ], [ 112.662944075000041, -7.93164674999997, 0.0 ], [ 112.662770133000095, -7.931703854999967, 0.0 ], [ 112.662535557000069, -7.931839397999966, 0.0 ], [ 112.662471523000022, -7.932169615999953, 0.0 ], [ 112.662550906000092, -7.932420973999967, 0.0 ], [ 112.662665296000114, -7.932711425999969, 0.0 ], [ 112.662775018000048, -7.932919451999965, 0.0 ], [ 112.663129142000116, -7.93327837399994, 0.0 ], [ 112.66331316000003, -7.933551099999931, 0.0 ], [ 112.663484807000032, -7.934001873999932, 0.0 ], [ 112.663515738000115, -7.934105981999949, 0.0 ], [ 112.663595804000011, -7.934526747999939, 0.0 ], [ 112.663692509000043, -7.934752181999954, 0.0 ], [ 112.663801860000035, -7.934886350999932, 0.0 ], [ 112.663963594000052, -7.935028988999932, 0.0 ], [ 112.664230970000062, -7.935462022999957, 0.0 ], [ 112.664428913000052, -7.935661306999975, 0.0 ], [ 112.664475759000084, -7.935708469999952, 0.0 ], [ 112.664690222000104, -7.935963806999951, 0.0 ], [ 112.664956761000099, -7.93618847099998, 0.0 ], [ 112.665183777000038, -7.936348203999955, 0.0 ], [ 112.665250256000036, -7.936625828999979, 0.0 ], [ 112.665164969000102, -7.937081968999962, 0.0 ], [ 112.664887951000082, -7.937486805999981, 0.0 ], [ 112.664775830000053, -7.937760805999972, 0.0 ], [ 112.664691846000096, -7.938002239999946, 0.0 ], [ 112.664808633, -7.93829268199994, 0.0 ], [ 112.664940165000075, -7.93856769599995, 0.0 ], [ 112.665049540000041, -7.938688755999976, 0.0 ], [ 112.665254866000055, -7.938866203999964, 0.0 ], [ 112.665377187000104, -7.938952317999963, 0.0 ], [ 112.665700096000023, -7.93911600499996, 0.0 ], [ 112.665844840000091, -7.939384547999964, 0.0 ], [ 112.665832370000089, -7.939519203999964, 0.0 ], [ 112.665793672000063, -7.939640856999972, 0.0 ], [ 112.665133596000032, -7.940099388999954, 0.0 ], [ 112.664759986000035, -7.940326614999947, 0.0 ], [ 112.664716689000102, -7.940383287999964, 0.0 ], [ 112.664721709000105, -7.940552587999946, 0.0 ], [ 112.664812339000036, -7.940902888999972, 0.0 ], [ 112.6649463440001, -7.941178977999925, 0.0 ], [ 112.665156696000054, -7.941508096999939, 0.0 ], [ 112.665300794000018, -7.941616090999958, 0.0 ], [ 112.665407368000047, -7.941691599999956, 0.0 ], [ 112.665520088000108, -7.94199290499995, 0.0 ], [ 112.665517915, -7.942548604999956, 0.0 ], [ 112.66551576400002, -7.943091286999959, 0.0 ], [ 112.665608101000089, -7.943307968999932, 0.0 ], [ 112.665940230000047, -7.94360622499994, 0.0 ], [ 112.666324464000013, -7.943843431999937, 0.0 ], [ 112.666738676000023, -7.943985055999974, 0.0 ], [ 112.667069761000107, -7.944005424999943, 0.0 ], [ 112.667239750000022, -7.94406115299995, 0.0 ], [ 112.66737932400008, -7.944104075999974, 0.0 ], [ 112.667483606000019, -7.944185649999952, 0.0 ], [ 112.66770448300008, -7.944360954999979, 0.0 ], [ 112.667733696000028, -7.944465068999932, 0.0 ], [ 112.667808258000036, -7.944632009999964, 0.0 ], [ 112.667827505000105, -7.945083391999958, 0.0 ], [ 112.667828259000089, -7.945270065999978, 0.0 ], [ 112.667846997000083, -7.94541001999994, 0.0 ], [ 112.668178027000067, -7.945620318999943, 0.0 ], [ 112.668448228000102, -7.945675643999948, 0.0 ], [ 112.668784336000044, -7.945865309999931, 0.0 ], [ 112.668890336000118, -7.946242576999964, 0.0 ], [ 112.668800453000017, -7.946633737999946, 0.0 ], [ 112.668653764000055, -7.946977305999951, 0.0 ], [ 112.668607900000097, -7.947037128999966, 0.0 ], [ 112.668493518000105, -7.947186321999936, 0.0 ], [ 112.668289813000115, -7.947430225999938, 0.0 ], [ 112.667967879000116, -7.947509713999978, 0.0 ], [ 112.667619157000104, -7.947363218999953, 0.0 ], [ 112.667340950000039, -7.947288760999982, 0.0 ], [ 112.667200954, -7.947382524999966, 0.0 ], [ 112.667088290000038, -7.947521921999964, 0.0 ], [ 112.667006261000097, -7.94769157099995, 0.0 ], [ 112.66696355900001, -7.947895775999939, 0.0 ], [ 112.66698180800006, -7.948099735999961, 0.0 ], [ 112.667208075000076, -7.948350050999977, 0.0 ], [ 112.667288108000093, -7.948500788999979, 0.0 ], [ 112.667319647000113, -7.94873651599994, 0.0 ], [ 112.667141936, -7.948954280999942, 0.0 ], [ 112.66674139700001, -7.948977583999977, 0.0 ], [ 112.666309089000038, -7.948671142999956, 0.0 ], [ 112.666063952000059, -7.948359521999976, 0.0 ], [ 112.666031811000039, -7.947955922999938, 0.0 ], [ 112.666161287000023, -7.94766449499997, 0.0 ], [ 112.666473531000065, -7.947333281999931, 0.0 ], [ 112.666558707000036, -7.946868463999976, 0.0 ], [ 112.666482906000056, -7.946412968999937, 0.0 ], [ 112.666256334000082, -7.946179559999962, 0.0 ], [ 112.666050368000015, -7.946067294999978, 0.0 ], [ 112.66591991100006, -7.94611563899997, 0.0 ], [ 112.665754709000112, -7.946190067999964, 0.0 ], [ 112.665403931000014, -7.946664719999944, 0.0 ], [ 112.664736709000067, -7.947505314999944, 0.0 ], [ 112.664133180000022, -7.947950512999967, 0.0 ], [ 112.663920737000012, -7.948161273999972, 0.0 ], [ 112.66398309300007, -7.948528501999931, 0.0 ], [ 112.664270385, -7.948871234999956, 0.0 ], [ 112.664442240000085, -7.948999908999951, 0.0 ], [ 112.664404575000049, -7.949377752999965, 0.0 ], [ 112.664665017000061, -7.950258022999947, 0.0 ], [ 112.664593114000013, -7.95078796699994, 0.0 ], [ 112.664490109000099, -7.951153054999963, 0.0 ], [ 112.663837432000037, -7.952375623999956, 0.0 ], [ 112.66362326400008, -7.95325345599997, 0.0 ], [ 112.663502984000047, -7.95367502299996, 0.0 ], [ 112.663274857000033, -7.954318412999953, 0.0 ], [ 112.663225714000077, -7.955095782999933, 0.0 ], [ 112.663302081000097, -7.955672863999951, 0.0 ], [ 112.663653448000105, -7.956213858999945, 0.0 ], [ 112.663805593, -7.956349933999945, 0.0 ], [ 112.663886201000082, -7.95668038599996, 0.0 ], [ 112.663800325000011, -7.958288772999936, 0.0 ], [ 112.663615246000063, -7.958832188999963, 0.0 ], [ 112.663537657, -7.959027854999931, 0.0 ], [ 112.663243875000035, -7.958950835999929, 0.0 ], [ 112.663102649000052, -7.958814716999939, 0.0 ], [ 112.66280155700008, -7.958445552999933, 0.0 ], [ 112.662515859000109, -7.958332973999973, 0.0 ], [ 112.662363740000046, -7.958407349999959, 0.0 ], [ 112.662016477000066, -7.958699648999925, 0.0 ], [ 112.661592416000076, -7.959365610999953, 0.0 ], [ 112.661486324000066, -7.96006067299993, 0.0 ], [ 112.661383244000035, -7.960408403999963, 0.0 ], [ 112.661105280000015, -7.96060053399998, 0.0 ], [ 112.660531421000087, -7.960841578999975, 0.0 ], [ 112.659970907000115, -7.961165104999964, 0.0 ], [ 112.65959353900007, -7.961522612999943, 0.0 ], [ 112.659494039000037, -7.961701008999967, 0.0 ], [ 112.659499063000112, -7.961852952999948, 0.0 ], [ 112.659556254000108, -7.961995917999957, 0.0 ], [ 112.659591923000107, -7.962217256999963, 0.0 ], [ 112.659676636000086, -7.962694413999941, 0.0 ], [ 112.659673237000106, -7.962946283999941, 0.0 ], [ 112.659453952000035, -7.963633029999926, 0.0 ], [ 112.659193514000094, -7.963851123999973, 0.0 ], [ 112.659010966000096, -7.963947407999967, 0.0 ], [ 112.658815230000073, -7.964000260999967, 0.0 ], [ 112.658675968000011, -7.964018174999978, 0.0 ], [ 112.658554005000042, -7.964023001999976, 0.0 ], [ 112.658462544000031, -7.964006010999981, 0.0 ], [ 112.658297141000048, -7.964032707999934, 0.0 ], [ 112.658236189000036, -7.964032951999968, 0.0 ], [ 112.658153607000031, -7.964085442999931, 0.0 ], [ 112.658045069000082, -7.964155304999963, 0.0 ], [ 112.658001694000063, -7.964211887999966, 0.0 ], [ 112.657923473000096, -7.964251343999933, 0.0 ], [ 112.657854159000067, -7.964329727999939, 0.0 ], [ 112.657784858000014, -7.964429896999945, 0.0 ], [ 112.657737215000111, -7.964503854999975, 0.0 ], [ 112.657676577000075, -7.964582293999968, 0.0 ], [ 112.657633573000112, -7.964712642999928, 0.0 ], [ 112.657611967000094, -7.964751872999955, 0.0 ], [ 112.65759473300011, -7.964799672999959, 0.0 ], [ 112.657499819, -7.965021443999944, 0.0 ], [ 112.657413302, -7.965173752999931, 0.0 ], [ 112.657387026000038, -7.965194115999964, 0.0 ], [ 112.657245714000055, -7.965342724999971, 0.0 ], [ 112.656969617000073, -7.965502514999969, 0.0 ], [ 112.656226638000021, -7.965679370999965, 0.0 ], [ 112.65600638300009, -7.965815891999966, 0.0 ], [ 112.655808410000077, -7.966030873999955, 0.0 ], [ 112.655539583000063, -7.966400786999941, 0.0 ], [ 112.655282741000065, -7.966835781999976, 0.0 ], [ 112.654966828000056, -7.967304168999931, 0.0 ], [ 112.654698856000095, -7.967721180999945, 0.0 ], [ 112.654615811000099, -7.968147608999971, 0.0 ], [ 112.654550531000041, -7.968485199999975, 0.0 ], [ 112.654532731000018, -7.968785839999953, 0.0 ], [ 112.654540663000034, -7.968948436999938, 0.0 ], [ 112.654608081000106, -7.969114998999942, 0.0 ], [ 112.654727054000091, -7.969289492999962, 0.0 ], [ 112.654921377000051, -7.96958692499993, 0.0 ], [ 112.654992761000017, -7.969793144999926, 0.0 ], [ 112.654996726000036, -7.970027125999934, 0.0 ], [ 112.655016555000088, -7.970217482999942, 0.0 ], [ 112.654984829000114, -7.970388010999955, 0.0 ], [ 112.654956643000105, -7.970448892999968, 0.0 ], [ 112.654885685000067, -7.970602161999977, 0.0 ], [ 112.654723088000082, -7.970800449999956, 0.0 ], [ 112.654560492000087, -7.970887696999966, 0.0 ], [ 112.654334443000039, -7.970967012999949, 0.0 ], [ 112.653965627000048, -7.971200992999968, 0.0 ], [ 112.653882345000056, -7.971256513999947, 0.0 ], [ 112.653814927000099, -7.971276342999943, 0.0 ], [ 112.653711817000044, -7.971232718999943, 0.0 ], [ 112.653576981000015, -7.971173232999945, 0.0 ], [ 112.653438179000091, -7.971121677999975, 0.0 ], [ 112.653303343000061, -7.971129608999945, 0.0 ], [ 112.653192302000093, -7.971161334999977, 0.0 ], [ 112.653057466000064, -7.971256513999947, 0.0 ], [ 112.652938493000079, -7.971442904999947, 0.0 ], [ 112.652863143000104, -7.971629295999946, 0.0 ], [ 112.652799691000041, -7.971823618999963, 0.0 ], [ 112.652708478000022, -7.972224160999929, 0.0 ], [ 112.652545881000037, -7.972922136999955, 0.0 ], [ 112.652430874000061, -7.973279055999967, 0.0 ], [ 112.652148327000077, -7.973864155999934, 0.0 ], [ 112.652147815000035, -7.973864900999956, 0.0 ], [ 112.652143398000021, -7.973871333999966, 0.0 ], [ 112.652003777, -7.974074666999968, 0.0 ], [ 112.651768243000106, -7.974216952999939, 0.0 ], [ 112.651733345000025, -7.974238034999928, 0.0 ], [ 112.65167039500011, -7.974270224999941, 0.0 ], [ 112.651593769000101, -7.974309408999943, 0.0 ], [ 112.651527497000075, -7.97435171099994, 0.0 ], [ 112.651444675000107, -7.974404575999927, 0.0 ], [ 112.651335235000033, -7.974499740999931, 0.0 ], [ 112.651189313000032, -7.974656764999963, 0.0 ], [ 112.651169062, -7.974682364999978, 0.0 ], [ 112.651085152000064, -7.974788433999947, 0.0 ], [ 112.651082410000072, -7.974791899999957, 0.0 ], [ 112.651077643, -7.974801282999977, 0.0 ], [ 112.6509870860001, -7.974979534999932, 0.0 ], [ 112.650975527000014, -7.975174182999979, 0.0 ], [ 112.650974794000035, -7.975186519999966, 0.0 ], [ 112.650976135000064, -7.975194878999957, 0.0 ], [ 112.651005326000018, -7.975376851999954, 0.0 ], [ 112.651046563000023, -7.975554493999937, 0.0 ], [ 112.651087803000109, -7.975700414999949, 0.0 ], [ 112.651106044000016, -7.975915331999943, 0.0 ], [ 112.651067184000112, -7.976109627999961, 0.0 ], [ 112.651052136000089, -7.976163631999952, 0.0 ], [ 112.651021750000041, -7.976272682999934, 0.0 ], [ 112.65101960100003, -7.976280396999925, 0.0 ], [ 112.651019863000101, -7.976284814999929, 0.0 ], [ 112.651027531000068, -7.976414157999955, 0.0 ], [ 112.651021186000094, -7.976548182999977, 0.0 ], [ 112.651011670000116, -7.976699654999948, 0.0 ], [ 112.650989464000077, -7.977024803999939, 0.0 ], [ 112.651003740000078, -7.977177069999925, 0.0 ], [ 112.65102198000011, -7.977365814999928, 0.0 ], [ 112.651028911000026, -7.977428061999944, 0.0 ], [ 112.651035990000082, -7.97749164499993, 0.0 ], [ 112.65103070400005, -7.977667172999929, 0.0 ], [ 112.651032290000103, -7.977838470999927, 0.0 ], [ 112.65103070400005, -7.977979633999951, 0.0 ], [ 112.651051323000047, -7.978227063999952, 0.0 ], [ 112.651083045000064, -7.978479253999978, 0.0 ], [ 112.651106836000054, -7.978693376999956, 0.0 ], [ 112.651125077000074, -7.978834538999934, 0.0 ], [ 112.65116235000005, -7.978961426999945, 0.0 ], [ 112.651208346000089, -7.979187445999969, 0.0 ], [ 112.651217863000056, -7.979332571999976, 0.0 ], [ 112.651208347000079, -7.97948166599997, 0.0 ], [ 112.651141731000052, -7.979933702999972, 0.0 ], [ 112.651056080000103, -7.980425392999962, 0.0 ], [ 112.65101960100003, -7.980574485999966, 0.0 ], [ 112.650930779000078, -7.98075847299998, 0.0 ], [ 112.650846716000046, -7.980917081999962, 0.0 ], [ 112.650708725000072, -7.981120101999977, 0.0 ], [ 112.650361369000052, -7.981660960999932, 0.0 ], [ 112.650320131000058, -7.981789434999939, 0.0 ], [ 112.650125040000034, -7.982333464999954, 0.0 ], [ 112.649896642000044, -7.982953628999951, 0.0 ], [ 112.649769882000101, -7.983297995999976, 0.0 ], [ 112.649769268000114, -7.983299363999947, 0.0 ], [ 112.649550872000077, -7.98378632899994, 0.0 ], [ 112.649289165000027, -7.984063894999963, 0.0 ], [ 112.649158312000054, -7.984206642999936, 0.0 ], [ 112.649021114000107, -7.984482623999952, 0.0 ], [ 112.648975646000054, -7.984602638999945, 0.0 ], [ 112.648968213000103, -7.984633509999981, 0.0 ], [ 112.648939430000041, -7.984753053999952, 0.0 ], [ 112.648954496000101, -7.98488231999994, 0.0 ], [ 112.649019527000064, -7.985189230999936, 0.0 ], [ 112.649062352000101, -7.985378768999965, 0.0 ], [ 112.649071869000068, -7.985400973999958, 0.0 ], [ 112.649148002000061, -7.985578615999941, 0.0 ], [ 112.649278062, -7.985846667999965, 0.0 ], [ 112.649484254000072, -7.986165471999925, 0.0 ], [ 112.649668243000065, -7.986439867999934, 0.0 ], [ 112.649790373000087, -7.986628610999958, 0.0 ], [ 112.649872850000065, -7.986858594999944, 0.0 ], [ 112.649851720000015, -7.986964809999961, 0.0 ], [ 112.649843993000104, -7.987003651999942, 0.0 ], [ 112.649843111000109, -7.987008083999967, 0.0 ], [ 112.6498262, -7.987081862999958, 0.0 ], [ 112.649825170000099, -7.987086354999974, 0.0 ], [ 112.649807027000065, -7.98716550499995, 0.0 ], [ 112.649683310000114, -7.98732094199994, 0.0 ], [ 112.649487428000043, -7.987358214999972, 0.0 ], [ 112.649370056000066, -7.987428002999934, 0.0 ], [ 112.649114694000104, -7.987629436999953, 0.0 ], [ 112.648959256000012, -7.987765841999931, 0.0 ], [ 112.648860918000082, -7.987878455999976, 0.0 ], [ 112.648724513000047, -7.988046580999935, 0.0 ], [ 112.648602384000014, -7.988205189999974, 0.0 ], [ 112.648524665000082, -7.988333663999981, 0.0 ], [ 112.648362085000031, -7.988590617999932, 0.0 ], [ 112.648298944000089, -7.98870906999997, 0.0 ], [ 112.64825978600004, -7.988782528999934, 0.0 ], [ 112.648199514000112, -7.988865005999969, 0.0 ], [ 112.648091659000102, -7.989029959999925, 0.0 ], [ 112.647975874000053, -7.989210773999957, 0.0 ], [ 112.647790300000111, -7.989485168999977, 0.0 ], [ 112.647652309000023, -7.989650122999933, 0.0 ], [ 112.647434221000026, -7.989761149999936, 0.0 ], [ 112.647362376000046, -7.989839108999945, 0.0 ], [ 112.64732240100011, -7.989882485999942, 0.0 ], [ 112.647271646000036, -7.990000649999956, 0.0 ], [ 112.64720502900002, -7.990148156999965, 0.0 ], [ 112.64709558800007, -7.990308351999943, 0.0 ], [ 112.646992095000087, -7.990537145999951, 0.0 ], [ 112.646943246000092, -7.990686742999969, 0.0 ], [ 112.646855644000084, -7.991164017999949, 0.0 ], [ 112.646838653000032, -7.99129278099997, 0.0 ] ] ] ] } },
{ "type": "Feature", "properties": { "nm_kecamatan": "Klojen" }, "geometry": { "type": "MultiPolygon", "coordinates": [ [ [ [ 112.628885323000077, -7.991133569999931, 0.0 ], [ 112.628561165000065, -7.991773259999945, 0.0 ], [ 112.62834181300002, -7.992281422999952, 0.0 ], [ 112.628154146000043, -7.992667723999944, 0.0 ], [ 112.627669136, -7.99374619799994, 0.0 ], [ 112.626879471000052, -7.99554, 0.0 ], [ 112.626691803000085, -7.995889741999974, 0.0 ], [ 112.626194607000116, -7.995647237999947, 0.0 ], [ 112.625930166000103, -7.996201706999955, 0.0 ], [ 112.625796118000039, -7.996779330999971, 0.0 ], [ 112.62576687100011, -7.997562899999934, 0.0 ], [ 112.625756150000029, -7.997669751999979, 0.0 ], [ 112.625730313000076, -7.997927265999976, 0.0 ], [ 112.625656640000102, -7.998001599999952, 0.0 ], [ 112.625553197000045, -7.999054763999936, 0.0 ], [ 112.625453045000086, -7.999291488999972, 0.0 ], [ 112.623773188000087, -7.999273082999935, 0.0 ], [ 112.623281634000023, -7.999267696999937, 0.0 ], [ 112.623253651000027, -7.99915421299994, 0.0 ], [ 112.623159661000045, -7.998897431999978, 0.0 ], [ 112.623177736000116, -7.998515880999946, 0.0 ], [ 112.623062053000012, -7.99818857799994, 0.0 ], [ 112.623137969000027, -7.997986047999973, 0.0 ], [ 112.623268112, -7.997978813999964, 0.0 ], [ 112.623542854000107, -7.998036679999927, 0.0 ], [ 112.623691071000053, -7.997991470999978, 0.0 ], [ 112.62373083600005, -7.997830532999956, 0.0 ], [ 112.623644076, -7.997492379999926, 0.0 ], [ 112.623665766000045, -7.99725910899997, 0.0 ], [ 112.62373083600005, -7.997071043999938, 0.0 ], [ 112.623842903000082, -7.996843196999976, 0.0 ], [ 112.624045346000116, -7.996488768999939, 0.0 ], [ 112.62423152000008, -7.996333253999978, 0.0 ], [ 112.624287553000045, -7.996195823999926, 0.0 ], [ 112.624247788000048, -7.996014991999971, 0.0 ], [ 112.624218868000071, -7.995870326999977, 0.0 ], [ 112.624135721000016, -7.995649713999967, 0.0 ], [ 112.623911588000055, -7.995089139999948, 0.0 ], [ 112.623918819000096, -7.994933624999931, 0.0 ], [ 112.623976660000039, -7.994597278999947, 0.0 ], [ 112.623958586000072, -7.994309764999969, 0.0 ], [ 112.623875438000027, -7.99417413599997, 0.0 ], [ 112.623719992000019, -7.993942672999935, 0.0 ], [ 112.623626, -7.993765457999928, 0.0 ], [ 112.623524780000025, -7.993530378999935, 0.0 ], [ 112.623513934000016, -7.993396563999966, 0.0 ], [ 112.623488629, -7.993042135999929, 0.0 ], [ 112.623405483000056, -7.992933636999965, 0.0 ], [ 112.623304263000023, -7.992857688999948, 0.0 ], [ 112.623022288000016, -7.992807055999947, 0.0 ], [ 112.622926490000054, -7.992720256999974, 0.0 ], [ 112.62285961200007, -7.992311579999978, 0.0 ], [ 112.622798156000044, -7.99201682599994, 0.0 ], [ 112.62275381500001, -7.991902582999955, 0.0 ], [ 112.622704178000049, -7.991774695999936, 0.0 ], [ 112.622666206000076, -7.991676863999942, 0.0 ], [ 112.622660784000118, -7.991421892999938, 0.0 ], [ 112.622617403000049, -7.990861317999929, 0.0 ], [ 112.622581253000021, -7.990716652999936, 0.0 ], [ 112.622581253000021, -7.990553905999946, 0.0 ], [ 112.622729469000092, -7.990302550999957, 0.0 ], [ 112.622758389000069, -7.990166927999951, 0.0 ], [ 112.622776465000015, -7.989949930999956, 0.0 ], [ 112.622606559000019, -7.989642517999926, 0.0 ], [ 112.622472802000061, -7.989385738999943, 0.0 ], [ 112.622433036000075, -7.989259157999982, 0.0 ], [ 112.622386040000038, -7.989049393999949, 0.0 ], [ 112.622302895000075, -7.98876187299993, 0.0 ], [ 112.622284819000015, -7.988557534999927, 0.0 ], [ 112.622340852000093, -7.988380323999934, 0.0 ], [ 112.622443882000084, -7.988213955999981, 0.0 ], [ 112.622611981000091, -7.988116307999974, 0.0 ], [ 112.62284153600001, -7.988156089999961, 0.0 ], [ 112.62296806300003, -7.988127156999951, 0.0 ], [ 112.623119895000059, -7.988025891999939, 0.0 ], [ 112.623199426000042, -7.987917393999965, 0.0 ], [ 112.623367525000049, -7.987628063999978, 0.0 ], [ 112.623304262000033, -7.987396600999944, 0.0 ], [ 112.623239190000049, -7.987277252999945, 0.0 ], [ 112.623119895000059, -7.987114504999965, 0.0 ], [ 112.622871097000029, -7.986595277999982, 0.0 ], [ 112.622833200000059, -7.986412668999947, 0.0 ], [ 112.622799572000076, -7.986206860999971, 0.0 ], [ 112.622706603000097, -7.98604458899996, 0.0 ], [ 112.622415827000054, -7.985662655999931, 0.0 ], [ 112.622322859000064, -7.985577561999946, 0.0 ], [ 112.622253625000099, -7.985488509999925, 0.0 ], [ 112.622257581000099, -7.985264890999929, 0.0 ], [ 112.622305056000073, -7.985128344999964, 0.0 ], [ 112.622342639000067, -7.985001693999948, 0.0 ], [ 112.622384178000061, -7.984902747999968, 0.0 ], [ 112.622454937000043, -7.984812932999944, 0.0 ], [ 112.622458559000052, -7.984808334999968, 0.0 ], [ 112.622469165000098, -7.984800285999938, 0.0 ], [ 112.622564960000091, -7.984727581999948, 0.0 ], [ 112.622632723000038, -7.984694986999955, 0.0 ], [ 112.622706305000065, -7.984659591999957, 0.0 ], [ 112.622859615000039, -7.984570152999936, 0.0 ], [ 112.622891903000095, -7.984532406999961, 0.0 ], [ 112.623037310000086, -7.984239843999944, 0.0 ], [ 112.623131064000063, -7.984014762999948, 0.0 ], [ 112.623166132000051, -7.983864111999935, 0.0 ], [ 112.623186171000043, -7.983733858999926, 0.0 ], [ 112.623263465000036, -7.98357926999995, 0.0 ], [ 112.623328715000071, -7.983387719999939, 0.0 ], [ 112.622670846, -7.98328262299998, 0.0 ], [ 112.622263978000092, -7.983239352999931, 0.0 ], [ 112.62205481, -7.983231076999971, 0.0 ], [ 112.621781648000024, -7.983236787999942, 0.0 ], [ 112.621611279000035, -7.983267244999979, 0.0 ], [ 112.621102074000078, -7.983402397999953, 0.0 ], [ 112.620579544000066, -7.983520419999934, 0.0 ], [ 112.620272118000116, -7.983573719999981, 0.0 ], [ 112.620116723000024, -7.983600813999942, 0.0 ], [ 112.619815959000107, -7.983608427999968, 0.0 ], [ 112.619389560000059, -7.983585584999958, 0.0 ], [ 112.618649072000039, -7.98354180299998, 0.0 ], [ 112.617813405000106, -7.983482791999961, 0.0 ], [ 112.616893981000089, -7.983431395999958, 0.0 ], [ 112.616134457000044, -7.983366674999957, 0.0 ], [ 112.615571001000035, -7.983370481999941, 0.0 ], [ 112.615119855000103, -7.98337619299997, 0.0 ], [ 112.614820995000059, -7.983425684999929, 0.0 ], [ 112.614521829000068, -7.98348389399996, 0.0 ], [ 112.614284129000112, -7.983542700999976, 0.0 ], [ 112.614420000000109, -7.98299, 0.0 ], [ 112.614510000000109, -7.98261, 0.0 ], [ 112.61458, -7.98233, 0.0 ], [ 112.614640001000112, -7.981990000999929, 0.0 ], [ 112.614682652000056, -7.981513379999967, 0.0 ], [ 112.614602127000012, -7.981079597999951, 0.0 ], [ 112.614268879000065, -7.980380588999935, 0.0 ], [ 112.613472305000073, -7.979018510999936, 0.0 ], [ 112.613248075000115, -7.978810295999949, 0.0 ], [ 112.612771121000037, -7.978064189999941, 0.0 ], [ 112.612610072000052, -7.97766139099997, 0.0 ], [ 112.612541936000071, -7.977259832999948, 0.0 ], [ 112.612523353000029, -7.976534795999953, 0.0 ], [ 112.612582817000089, -7.97612208299995, 0.0 ], [ 112.612854123000034, -7.974673248999977, 0.0 ], [ 112.613062395000043, -7.97324485799993, 0.0 ], [ 112.613267823000115, -7.971916085999965, 0.0 ], [ 112.613259938000056, -7.971862314999953, 0.0 ], [ 112.613243510000075, -7.971834627999954, 0.0 ], [ 112.613219395000101, -7.971805055999937, 0.0 ], [ 112.613187620000076, -7.971780298999931, 0.0 ], [ 112.613131854000017, -7.97175754899996, 0.0 ], [ 112.612540973000023, -7.97162683199997, 0.0 ], [ 112.612562563000097, -7.971567855999979, 0.0 ], [ 112.612616138000021, -7.971363136999969, 0.0 ], [ 112.612587312000073, -7.97125052399997, 0.0 ], [ 112.612687504000064, -7.971099331999937, 0.0 ], [ 112.612748636000106, -7.970934624999927, 0.0 ], [ 112.612819131000037, -7.970746634999955, 0.0 ], [ 112.612830783000049, -7.970578772999943, 0.0 ], [ 112.612833883, -7.970339003999925, 0.0 ], [ 112.612835381000082, -7.970147658999963, 0.0 ], [ 112.612742553000089, -7.970054871999935, 0.0 ], [ 112.612644172000046, -7.969912916999931, 0.0 ], [ 112.612596039000096, -7.969759064999948, 0.0 ], [ 112.612592337000024, -7.969604156999935, 0.0 ], [ 112.612609527000018, -7.96940219399994, 0.0 ], [ 112.612690718000067, -7.969166923999978, 0.0 ], [ 112.612683430000061, -7.968833741999958, 0.0 ], [ 112.612669520000054, -7.968587371999945, 0.0 ], [ 112.612778016000107, -7.968173602999968, 0.0 ], [ 112.612826978000044, -7.968037903999971, 0.0 ], [ 112.613020716000051, -7.967671008999957, 0.0 ], [ 112.612998556000093, -7.967334190999964, 0.0 ], [ 112.613000049000107, -7.967306625999981, 0.0 ], [ 112.613219131000051, -7.967361755999946, 0.0 ], [ 112.613238427000056, -7.967235851999931, 0.0 ], [ 112.613247948000094, -7.967132755999955, 0.0 ], [ 112.613187914000036, -7.966989214999955, 0.0 ], [ 112.613246096000012, -7.966833908999945, 0.0 ], [ 112.613288542000078, -7.966563363999967, 0.0 ], [ 112.613275987000065, -7.966519124999934, 0.0 ], [ 112.613263867000114, -7.966488070999958, 0.0 ], [ 112.613264973000014, -7.966464142999939, 0.0 ], [ 112.613266084000088, -7.966441410999948, 0.0 ], [ 112.61327188700011, -7.966391147999957, 0.0 ], [ 112.613299254000026, -7.966223394999929, 0.0 ], [ 112.613347916000066, -7.965722188999962, 0.0 ], [ 112.613343684000029, -7.965510179999967, 0.0 ], [ 112.613369904000024, -7.965234004999957, 0.0 ], [ 112.613373119000016, -7.965124954999965, 0.0 ], [ 112.613379189000057, -7.964958403999958, 0.0 ], [ 112.613402726000118, -7.964881160999937, 0.0 ], [ 112.613404511000113, -7.964813619999973, 0.0 ], [ 112.613409556000079, -7.964539538999929, 0.0 ], [ 112.61341014900006, -7.964507334999951, 0.0 ], [ 112.613381941000057, -7.964164105999942, 0.0 ], [ 112.613378867000051, -7.96391719099995, 0.0 ], [ 112.613867433000109, -7.963902588999929, 0.0 ], [ 112.61411702700002, -7.963905445999956, 0.0 ], [ 112.614238193, -7.963913959999957, 0.0 ], [ 112.614252089000047, -7.963914935999981, 0.0 ], [ 112.614293429000099, -7.963922655999966, 0.0 ], [ 112.614386633000095, -7.963952881999944, 0.0 ], [ 112.614650004000055, -7.964065294999955, 0.0 ], [ 112.614897264000092, -7.964164203999928, 0.0 ], [ 112.615107310000099, -7.964255635999962, 0.0 ], [ 112.615192018000016, -7.964307031999965, 0.0 ], [ 112.615243415, -7.964349861999949, 0.0 ], [ 112.615281724000056, -7.964387457999976, 0.0 ], [ 112.615362626000092, -7.964449323999929, 0.0 ], [ 112.615436389000024, -7.964489774999947, 0.0 ], [ 112.61551015200007, -7.964524276999953, 0.0 ], [ 112.615753535000067, -7.964609017999976, 0.0 ], [ 112.615864104000025, -7.96465501299997, 0.0 ], [ 112.616146756000035, -7.964825676999965, 0.0 ], [ 112.616344448000063, -7.964976213999932, 0.0 ], [ 112.616459619000011, -7.965050782999981, 0.0 ], [ 112.617251496000108, -7.965492230999928, 0.0 ], [ 112.61897727500002, -7.966454302999978, 0.0 ], [ 112.619349477000014, -7.966661794999936, 0.0 ], [ 112.619349983, -7.966660931999968, 0.0 ], [ 112.619621036000012, -7.966196902999968, 0.0 ], [ 112.620461054000089, -7.964970859999937, 0.0 ], [ 112.620834954000088, -7.964425136999978, 0.0 ], [ 112.620976434000113, -7.964267677999942, 0.0 ], [ 112.621443205000105, -7.963839807999932, 0.0 ], [ 112.621657108000022, -7.963706255999966, 0.0 ], [ 112.621895986000027, -7.963600157999963, 0.0 ], [ 112.621720224000114, -7.963315509999973, 0.0 ], [ 112.621457214000088, -7.962806235999949, 0.0 ], [ 112.621434079000096, -7.962745094999946, 0.0 ], [ 112.621277930000019, -7.962332423999953, 0.0 ], [ 112.621159724000108, -7.961890130999961, 0.0 ], [ 112.621135097000092, -7.961666523999952, 0.0 ], [ 112.621150860000057, -7.961105041999929, 0.0 ], [ 112.621179135000034, -7.960920094999949, 0.0 ], [ 112.621222998, -7.960784826999941, 0.0 ], [ 112.621324584000035, -7.960551927999973, 0.0 ], [ 112.621374880000076, -7.96045853499993, 0.0 ], [ 112.621679803, -7.96001628199997, 0.0 ], [ 112.620589381000059, -7.959121335999953, 0.0 ], [ 112.619798862000039, -7.95846268799994, 0.0 ], [ 112.61943950400007, -7.958210497999971, 0.0 ], [ 112.618751535000115, -7.957795311999973, 0.0 ], [ 112.617949766000038, -7.957326339999952, 0.0 ], [ 112.617090193000081, -7.956803363999938, 0.0 ], [ 112.61601109500009, -7.956191924999928, 0.0 ], [ 112.615980220000097, -7.956176469999946, 0.0 ], [ 112.615866684000025, -7.956107247999967, 0.0 ], [ 112.615776467000046, -7.956049862999976, 0.0 ], [ 112.615967682000019, -7.955853899999966, 0.0 ], [ 112.616116834000081, -7.955702119999955, 0.0 ], [ 112.616248737000092, -7.955558062999955, 0.0 ], [ 112.616399666, -7.955369911999981, 0.0 ], [ 112.616533361000052, -7.95519331099996, 0.0 ], [ 112.616571984000075, -7.955128565999928, 0.0 ], [ 112.616404707000015, -7.955064144999938, 0.0 ], [ 112.616373506000059, -7.955046811999978, 0.0 ], [ 112.616347819000111, -7.955028367999944, 0.0 ], [ 112.616334681000012, -7.955016478999937, 0.0 ], [ 112.616322905000061, -7.954996798999957, 0.0 ], [ 112.616317765000076, -7.954976185999953, 0.0 ], [ 112.616319427, -7.954963201999931, 0.0 ], [ 112.616326184000059, -7.954938780999953, 0.0 ], [ 112.616339113000095, -7.954912225999976, 0.0 ], [ 112.616414596000027, -7.954716649999966, 0.0 ], [ 112.61652136500004, -7.954410355999926, 0.0 ], [ 112.616603555000097, -7.95411275999993, 0.0 ], [ 112.616711513000041, -7.953737211999965, 0.0 ], [ 112.616815011000085, -7.953369344999942, 0.0 ], [ 112.61683400600009, -7.953301831999966, 0.0 ], [ 112.616874239000026, -7.953105007999966, 0.0 ], [ 112.616882537000038, -7.953033581999932, 0.0 ], [ 112.616882885000109, -7.952987479999933, 0.0 ], [ 112.616862053000091, -7.952823603999946, 0.0 ], [ 112.616817605000051, -7.952649092999934, 0.0 ], [ 112.61677884300002, -7.952555462999953, 0.0 ], [ 112.616724714000043, -7.952459977999979, 0.0 ], [ 112.616701377000027, -7.952383511999926, 0.0 ], [ 112.616703102000088, -7.95233374399993, 0.0 ], [ 112.61686811900006, -7.952185027999974, 0.0 ], [ 112.617086766000057, -7.951913311999931, 0.0 ], [ 112.616714599000034, -7.95152836099993, 0.0 ], [ 112.616680089000056, -7.951482261999956, 0.0 ], [ 112.616865422000046, -7.951261670999941, 0.0 ], [ 112.616922507000027, -7.951187053999945, 0.0 ], [ 112.615965822000021, -7.950391385999978, 0.0 ], [ 112.616469630000097, -7.949832261999973, 0.0 ], [ 112.61652403100004, -7.949863932999961, 0.0 ], [ 112.616616621000048, -7.949943514999973, 0.0 ], [ 112.616701395000064, -7.950049867999951, 0.0 ], [ 112.616801617000078, -7.950248659999943, 0.0 ], [ 112.616913779000015, -7.950389083999937, 0.0 ], [ 112.617499532000011, -7.950924759999964, 0.0 ], [ 112.617658621000032, -7.951027618999944, 0.0 ], [ 112.617894942000021, -7.951150608999967, 0.0 ], [ 112.618466321000028, -7.95139489099995, 0.0 ], [ 112.618714412000031, -7.951528245999953, 0.0 ], [ 112.618978060000018, -7.951693085999977, 0.0 ], [ 112.619370049000054, -7.952012786999944, 0.0 ], [ 112.619657707000101, -7.952283302999945, 0.0 ], [ 112.620209174000024, -7.952811666999935, 0.0 ], [ 112.620687236000094, -7.953229352999927, 0.0 ], [ 112.621076618000075, -7.95356955799997, 0.0 ], [ 112.621180989000095, -7.953675456999974, 0.0 ], [ 112.62125848200003, -7.953773052999964, 0.0 ], [ 112.621326171000078, -7.95388586699994, 0.0 ], [ 112.621412371000019, -7.953996049999944, 0.0 ], [ 112.621640008000099, -7.954219393999949, 0.0 ], [ 112.621904981000057, -7.954416684999956, 0.0 ], [ 112.622030314000085, -7.954492398999946, 0.0 ], [ 112.622429295000074, -7.954702790999931, 0.0 ], [ 112.622646157000077, -7.954817146999972, 0.0 ], [ 112.622795631000031, -7.954910659999939, 0.0 ], [ 112.62289386000009, -7.954983348999974, 0.0 ], [ 112.6229993930001, -7.955084648999957, 0.0 ], [ 112.623637958000018, -7.955857905999949, 0.0 ], [ 112.623652550000088, -7.95588295999994, 0.0 ], [ 112.623726790000092, -7.955985752999936, 0.0 ], [ 112.623818161000031, -7.95607141399995, 0.0 ], [ 112.623880979000091, -7.956099966999943, 0.0 ], [ 112.623968543000046, -7.956120906999956, 0.0 ], [ 112.624046589000045, -7.956117098999925, 0.0 ], [ 112.624147478000054, -7.956111388999943, 0.0 ], [ 112.624212200000102, -7.956105677999972, 0.0 ], [ 112.624294053000085, -7.956094256999961, 0.0 ], [ 112.624358774000029, -7.956079027999976, 0.0 ], [ 112.624433014000033, -7.956061895999937, 0.0 ], [ 112.624478699000065, -7.95604857099994, 0.0 ], [ 112.624524385000086, -7.956040956999971, 0.0 ], [ 112.624585299000046, -7.956040956999971, 0.0 ], [ 112.624632888000065, -7.95604857099994, 0.0 ], [ 112.624655731000075, -7.956069509999963, 0.0 ], [ 112.624707127000079, -7.956153266999934, 0.0 ], [ 112.624729185000092, -7.956203971999969, 0.0 ], [ 112.62475702800009, -7.956265755999937, 0.0 ], [ 112.624894374000064, -7.956280242999981, 0.0 ], [ 112.624988253000083, -7.956290145999958, 0.0 ], [ 112.62498969, -7.956313970999929, 0.0 ], [ 112.624991237000017, -7.956339628999956, 0.0 ], [ 112.62499932500009, -7.95644834899997, 0.0 ], [ 112.625023396000074, -7.956556707999937, 0.0 ], [ 112.625056210000025, -7.956601556999942, 0.0 ], [ 112.625376342000095, -7.956967772999974, 0.0 ], [ 112.625663161000034, -7.957283878999931, 0.0 ], [ 112.625897261000091, -7.957504375999974, 0.0 ], [ 112.625806971000088, -7.957668166999952, 0.0 ], [ 112.625796592000029, -7.957686993999971, 0.0 ], [ 112.62578799500011, -7.957703443999947, 0.0 ], [ 112.62594853600001, -7.957793725999977, 0.0 ], [ 112.626161590000038, -7.957913905999931, 0.0 ], [ 112.626434070000073, -7.958062121999944, 0.0 ], [ 112.626840931000061, -7.958264649999933, 0.0 ], [ 112.626926517000015, -7.958314247999965, 0.0 ], [ 112.62720235800009, -7.958463318999975, 0.0 ], [ 112.627334120000114, -7.958550454999965, 0.0 ], [ 112.62737031100005, -7.958582861999957, 0.0 ], [ 112.627396334000082, -7.958617334999929, 0.0 ], [ 112.627422556000056, -7.958662419999939, 0.0 ], [ 112.627444862000061, -7.958700768999961, 0.0 ], [ 112.627494299000091, -7.958737578999944, 0.0 ], [ 112.627593552, -7.958811479999952, 0.0 ], [ 112.627642716000082, -7.958840704999943, 0.0 ], [ 112.628607487000068, -7.959301663999952, 0.0 ], [ 112.628622, -7.959309086999951, 0.0 ], [ 112.628900998000063, -7.959451783999953, 0.0 ], [ 112.62988460400004, -7.959894883999937, 0.0 ], [ 112.630087144000072, -7.959973980999962, 0.0 ], [ 112.630460254000013, -7.960140287999934, 0.0 ], [ 112.630400153000096, -7.960295483999971, 0.0 ], [ 112.630706941000085, -7.960409633999973, 0.0 ], [ 112.631480669000098, -7.960739670999942, 0.0 ], [ 112.631083881000109, -7.961392931999967, 0.0 ], [ 112.630843241000093, -7.961674010999957, 0.0 ], [ 112.630510711000056, -7.962062420999928, 0.0 ], [ 112.630652201000089, -7.962138150999976, 0.0 ], [ 112.630792009000061, -7.962215178999941, 0.0 ], [ 112.630957796000075, -7.962303371999951, 0.0 ], [ 112.631071764000012, -7.962365190999947, 0.0 ], [ 112.631230638000034, -7.962450244999957, 0.0 ], [ 112.631231256000092, -7.962450572999956, 0.0 ], [ 112.631396913000117, -7.962538786999971, 0.0 ], [ 112.63150878600004, -7.962601161999942, 0.0 ], [ 112.631673037000041, -7.962695844999928, 0.0 ], [ 112.631735480000089, -7.962730957999952, 0.0 ], [ 112.631882609000058, -7.962813690999951, 0.0 ], [ 112.632045382000115, -7.962903605999941, 0.0 ], [ 112.632105799000101, -7.962936979999938, 0.0 ], [ 112.632239392000088, -7.96300961299994, 0.0 ], [ 112.632372985000075, -7.963081897999928, 0.0 ], [ 112.63253548900002, -7.963171903999978, 0.0 ], [ 112.632681582000032, -7.96325388799994, 0.0 ], [ 112.632852258000071, -7.963347732999978, 0.0 ], [ 112.632967763000011, -7.963414574999945, 0.0 ], [ 112.633088716000088, -7.963480020999953, 0.0 ], [ 112.633202545000017, -7.963539467999965, 0.0 ], [ 112.633327547000022, -7.963603658999943, 0.0 ], [ 112.63351638000006, -7.963707898999928, 0.0 ], [ 112.633633143000111, -7.963771950999956, 0.0 ], [ 112.63368046700009, -7.963798374999953, 0.0 ], [ 112.633795088000056, -7.963862376999941, 0.0 ], [ 112.634031826000069, -7.964002410999967, 0.0 ], [ 112.634173380000107, -7.964087742999936, 0.0 ], [ 112.634274570000116, -7.964147306999962, 0.0 ], [ 112.634316726000066, -7.964172120999933, 0.0 ], [ 112.634479551000027, -7.964261430999954, 0.0 ], [ 112.634515953, -7.964281396999979, 0.0 ], [ 112.63456196900006, -7.964305903999957, 0.0 ], [ 112.63468161500009, -7.96436962599995, 0.0 ], [ 112.634699301000069, -7.96437904499993, 0.0 ], [ 112.634780937000073, -7.964423486999976, 0.0 ], [ 112.634816971000078, -7.964443094999979, 0.0 ], [ 112.634968704000016, -7.964525193999975, 0.0 ], [ 112.635095252000042, -7.964280436999957, 0.0 ], [ 112.635167021000029, -7.96414370399998, 0.0 ], [ 112.635219258, -7.964044182999942, 0.0 ], [ 112.635219272000086, -7.964044156999933, 0.0 ], [ 112.635294836000071, -7.963885132999962, 0.0 ], [ 112.635341487, -7.963786954999932, 0.0 ], [ 112.63543698400008, -7.963593061999973, 0.0 ], [ 112.635517856000092, -7.963435790999938, 0.0 ], [ 112.635635561000072, -7.963162348999958, 0.0 ], [ 112.635683762000099, -7.963058215999979, 0.0 ], [ 112.635704521000093, -7.963013367999963, 0.0 ], [ 112.635765176000064, -7.962909475999936, 0.0 ], [ 112.635870603000058, -7.962707104999936, 0.0 ], [ 112.63594858700003, -7.962556325999969, 0.0 ], [ 112.636082539000085, -7.962255468999956, 0.0 ], [ 112.636135974000013, -7.962135345999968, 0.0 ], [ 112.636216849000107, -7.961938385999929, 0.0 ], [ 112.636296100000095, -7.961765415999935, 0.0 ], [ 112.636374266000075, -7.961635010999942, 0.0 ], [ 112.636473556000055, -7.961443461999977, 0.0 ], [ 112.636591256000088, -7.961210790999928, 0.0 ], [ 112.636894685000016, -7.960536881999928, 0.0 ], [ 112.636916020000058, -7.960570084999972, 0.0 ], [ 112.636945911000112, -7.960616601999959, 0.0 ], [ 112.637031557000114, -7.960686187999954, 0.0 ], [ 112.637061063000033, -7.960717596999928, 0.0 ], [ 112.637079147, -7.960752812999942, 0.0 ], [ 112.637093400000026, -7.960832769999968, 0.0 ], [ 112.637112459000036, -7.960891772999958, 0.0 ], [ 112.637139109000032, -7.96095173599997, 0.0 ], [ 112.637151482000036, -7.96097362699993, 0.0 ], [ 112.637187833000098, -7.96099329499998, 0.0 ], [ 112.63725919, -7.96101792099995, 0.0 ], [ 112.637290249000102, -7.961028639999938, 0.0 ], [ 112.637419989000023, -7.961073415999977, 0.0 ], [ 112.637467467000079, -7.961089800999957, 0.0 ], [ 112.637484562000054, -7.961106029999939, 0.0 ], [ 112.637547124000093, -7.961165422999954, 0.0 ], [ 112.637576621000107, -7.961185565999926, 0.0 ], [ 112.637603642000045, -7.961197426999945, 0.0 ], [ 112.637672405000103, -7.961218440999971, 0.0 ], [ 112.637710203000097, -7.961226039999929, 0.0 ], [ 112.637738757000079, -7.961236152999959, 0.0 ], [ 112.637754224000105, -7.961251023999978, 0.0 ], [ 112.637782777000098, -7.961294449999968, 0.0 ], [ 112.637826797000116, -7.961366427999963, 0.0 ], [ 112.637846428000103, -7.961393791999967, 0.0 ], [ 112.637872602000016, -7.961411042999941, 0.0 ], [ 112.637894612000082, -7.961420560999954, 0.0 ], [ 112.63792197600003, -7.961420560999954, 0.0 ], [ 112.637951719000057, -7.961404499999958, 0.0 ], [ 112.638003472000037, -7.961387247999937, 0.0 ], [ 112.63804868200009, -7.961375350999958, 0.0 ], [ 112.638078425000117, -7.961369402999935, 0.0 ], [ 112.63810584600003, -7.961373184999957, 0.0 ], [ 112.638123747, -7.961380276999932, 0.0 ], [ 112.638140291000013, -7.961389627999949, 0.0 ], [ 112.638217029000089, -7.961431268999945, 0.0 ], [ 112.638232495000011, -7.961447329999942, 0.0 ], [ 112.638244392000047, -7.961461606999933, 0.0 ], [ 112.63825440800008, -7.961473140999942, 0.0 ], [ 112.638276405000056, -7.961492466999971, 0.0 ], [ 112.638319293000109, -7.961527068999942, 0.0 ], [ 112.63835146800011, -7.961551430999975, 0.0 ], [ 112.638377708, -7.961571496999966, 0.0 ], [ 112.638405182000042, -7.961587751999957, 0.0 ], [ 112.638449026000103, -7.961605563999967, 0.0 ], [ 112.638515315000063, -7.96163491599998, 0.0 ], [ 112.638537629000098, -7.961644748999959, 0.0 ], [ 112.638674916000014, -7.961728240999946, 0.0 ], [ 112.638802455000018, -7.961811997999973, 0.0 ], [ 112.638861466000094, -7.961851972999966, 0.0 ], [ 112.63893189800001, -7.961887188999981, 0.0 ], [ 112.638974728000107, -7.961902417999966, 0.0 ], [ 112.639027077000037, -7.961918597999954, 0.0 ], [ 112.639132725000081, -7.961966186999973, 0.0 ], [ 112.639284058000044, -7.962056606999965, 0.0 ], [ 112.639401128000031, -7.962113713999941, 0.0 ], [ 112.639462042000105, -7.96215273699994, 0.0 ], [ 112.639500113000054, -7.96219461499993, 0.0 ], [ 112.639517245000093, -7.962233638999976, 0.0 ], [ 112.639524027000107, -7.96224958099998, 0.0 ], [ 112.639535924000029, -7.962262072999977, 0.0 ], [ 112.639549011000099, -7.962268021999932, 0.0 ], [ 112.639571616000012, -7.962273969999956, 0.0 ], [ 112.639588867000043, -7.962284677999946, 0.0 ], [ 112.639609093000104, -7.962298359999977, 0.0 ], [ 112.639635267000017, -7.962338215999978, 0.0 ], [ 112.639670959000114, -7.962414358999979, 0.0 ], [ 112.639700107000067, -7.962488716999928, 0.0 ], [ 112.639718566000056, -7.962520737999967, 0.0 ], [ 112.639724641000043, -7.962534212999969, 0.0 ], [ 112.63972716, -7.96254347699994, 0.0 ], [ 112.639728584000068, -7.962558789999946, 0.0 ], [ 112.639727471000015, -7.96257140299997, 0.0 ], [ 112.639718458000061, -7.962599003999969, 0.0 ], [ 112.639666331000058, -7.962683897999966, 0.0 ], [ 112.639620645000036, -7.962779076999936, 0.0 ], [ 112.63955782700009, -7.962938024999971, 0.0 ], [ 112.639542973000061, -7.963068782999926, 0.0 ], [ 112.639518903000067, -7.963170323999975, 0.0 ], [ 112.639467023000066, -7.963319767999963, 0.0 ], [ 112.639439581000033, -7.96337535899994, 0.0 ], [ 112.639381385000092, -7.963457075999941, 0.0 ], [ 112.639326908000044, -7.963508536999939, 0.0 ], [ 112.639206135000109, -7.963596675999952, 0.0 ], [ 112.639080094000064, -7.963695444999928, 0.0 ], [ 112.639074865000111, -7.963699009999971, 0.0 ], [ 112.638932783000087, -7.963795888999925, 0.0 ], [ 112.638900691000117, -7.963821601999939, 0.0 ], [ 112.63885024700005, -7.963840636999976, 0.0 ], [ 112.638795043000073, -7.963853010999969, 0.0 ], [ 112.638719852, -7.963873949999936, 0.0 ], [ 112.638653228000067, -7.963884418999953, 0.0 ], [ 112.63861230100008, -7.963891081999975, 0.0 ], [ 112.638548531000083, -7.963898695999944, 0.0 ], [ 112.638506653000036, -7.963902502999929, 0.0 ], [ 112.638461919000065, -7.963912972999935, 0.0 ], [ 112.638410522000072, -7.963945333999959, 0.0 ], [ 112.638351512000099, -7.96401862099998, 0.0 ], [ 112.638328669000089, -7.964058595999973, 0.0 ], [ 112.638319151000019, -7.964090004999946, 0.0 ], [ 112.638319151000019, -7.964130931999932, 0.0 ], [ 112.638325814000041, -7.964163291999967, 0.0 ], [ 112.638347705000115, -7.964193748999946, 0.0 ], [ 112.638368644000025, -7.964218495999944, 0.0 ], [ 112.638414330000046, -7.964242289999959, 0.0 ], [ 112.63853116100006, -7.964280599999938, 0.0 ], [ 112.63867678400004, -7.964335564999942, 0.0 ], [ 112.638823121000087, -7.964386961999935, 0.0 ], [ 112.638855244000069, -7.964392671999974, 0.0 ], [ 112.638933766000036, -7.964401951999946, 0.0 ], [ 112.63900443600005, -7.964413373999946, 0.0 ], [ 112.639048694000053, -7.964423366999938, 0.0 ], [ 112.639113653000095, -7.964447637999967, 0.0 ], [ 112.639207880000072, -7.964504030999933, 0.0 ], [ 112.639269270000113, -7.964556140999946, 0.0 ], [ 112.639325663000022, -7.964611106999939, 0.0 ], [ 112.639354217, -7.964658219999933, 0.0 ], [ 112.639428456000019, -7.96476886499994, 0.0 ], [ 112.639503649000062, -7.964864944999931, 0.0 ], [ 112.639625110000111, -7.965001011999959, 0.0 ], [ 112.639584786000114, -7.965082239999958, 0.0 ], [ 112.639547008000022, -7.965146877999928, 0.0 ], [ 112.63944489000005, -7.965346677999946, 0.0 ], [ 112.639313484000013, -7.965582268999981, 0.0 ], [ 112.639196272000049, -7.965791784999965, 0.0 ], [ 112.639100578000011, -7.965964934999931, 0.0 ], [ 112.639018393000015, -7.966122526999925, 0.0 ], [ 112.638929339000015, -7.966309628999966, 0.0 ], [ 112.63886272000002, -7.966443893999951, 0.0 ], [ 112.638816815000041, -7.966539006999938, 0.0 ], [ 112.638678695000067, -7.966794531999938, 0.0 ], [ 112.638602400000082, -7.966962489999958, 0.0 ], [ 112.638501475000112, -7.967162860999963, 0.0 ], [ 112.638499142000114, -7.967177452999977, 0.0 ], [ 112.638438305000022, -7.967417442999931, 0.0 ], [ 112.638428698000098, -7.967443057999958, 0.0 ], [ 112.638410675000046, -7.967480131999935, 0.0 ], [ 112.63838037700009, -7.967527005999955, 0.0 ], [ 112.63833248800006, -7.967604810999944, 0.0 ], [ 112.638315031000047, -7.967638988999965, 0.0 ], [ 112.638297976000104, -7.967675688999975, 0.0 ], [ 112.638264953000089, -7.967790407999928, 0.0 ], [ 112.638253385000098, -7.967846741999949, 0.0 ], [ 112.638251571000069, -7.967883702999927, 0.0 ], [ 112.638261863000025, -7.968048757999952, 0.0 ], [ 112.638264456000115, -7.968089391999968, 0.0 ], [ 112.638269573000116, -7.968169585999931, 0.0 ], [ 112.638269696000066, -7.968171063999932, 0.0 ], [ 112.638292936000084, -7.968449591999956, 0.0 ], [ 112.638305194000054, -7.968629456999963, 0.0 ], [ 112.638322303000109, -7.96882590599995, 0.0 ], [ 112.638332774000105, -7.968977450999944, 0.0 ], [ 112.638349700000049, -7.969225015999939, 0.0 ], [ 112.638366467000083, -7.969494701999963, 0.0 ], [ 112.638386524000111, -7.969786792999969, 0.0 ], [ 112.638414967000017, -7.97035638899996, 0.0 ], [ 112.638440857000091, -7.970860345999938, 0.0 ], [ 112.638459820000094, -7.971218804999978, 0.0 ], [ 112.638478054000075, -7.971631232999925, 0.0 ], [ 112.638495555000077, -7.972008653999978, 0.0 ], [ 112.638498838000032, -7.972286887999928, 0.0 ], [ 112.638502120000112, -7.972582260999957, 0.0 ], [ 112.638506134000068, -7.972879091999971, 0.0 ], [ 112.638504416000046, -7.973424002999934, 0.0 ], [ 112.638504308000051, -7.973458169999958, 0.0 ], [ 112.638505384000041, -7.973498878999976, 0.0 ], [ 112.638511967000113, -7.973748070999932, 0.0 ], [ 112.638517073000116, -7.973994216999927, 0.0 ], [ 112.63852251600008, -7.974222327999939, 0.0 ], [ 112.638533020000068, -7.97463434499997, 0.0 ], [ 112.6385373170001, -7.974994322999976, 0.0 ], [ 112.638560712000071, -7.975519966999968, 0.0 ], [ 112.63858697, -7.976134409999929, 0.0 ], [ 112.63859556400007, -7.976559797999926, 0.0 ], [ 112.63859508500002, -7.976973245999943, 0.0 ], [ 112.638596421000102, -7.977043388999959, 0.0 ], [ 112.638614863000043, -7.977359007999951, 0.0 ], [ 112.638649595000061, -7.977622115999964, 0.0 ], [ 112.63864329, -7.977851993999934, 0.0 ], [ 112.638618095000083, -7.977998274999948, 0.0 ], [ 112.638328953000041, -7.979242768999939, 0.0 ], [ 112.638285085, -7.979392047999966, 0.0 ], [ 112.638229511000077, -7.979603770999972, 0.0 ], [ 112.638138706000063, -7.980060047999928, 0.0 ], [ 112.638122944000088, -7.980130641999949, 0.0 ], [ 112.638032434000024, -7.98053600999998, 0.0 ], [ 112.637967846000038, -7.980770249999978, 0.0 ], [ 112.63794362200008, -7.980858102999946, 0.0 ], [ 112.637847991000058, -7.981130854999947, 0.0 ], [ 112.637652400000093, -7.981601539999929, 0.0 ], [ 112.637535899000113, -7.981876461999946, 0.0 ], [ 112.637330689, -7.982353564999926, 0.0 ], [ 112.637245606000079, -7.982535783999936, 0.0 ], [ 112.637181368000029, -7.982748500999946, 0.0 ], [ 112.63708857600011, -7.982949320999978, 0.0 ], [ 112.63697877900006, -7.983308724999972, 0.0 ], [ 112.63678062300005, -7.983867803999942, 0.0 ], [ 112.636555340000086, -7.984610884999938, 0.0 ], [ 112.636404957000082, -7.985037462999969, 0.0 ], [ 112.636360464000063, -7.985163673999978, 0.0 ], [ 112.636317081000016, -7.985286733999942, 0.0 ], [ 112.635938463000116, -7.986407251999935, 0.0 ], [ 112.63568784000006, -7.987114864999967, 0.0 ], [ 112.635552314000051, -7.987528114999975, 0.0 ], [ 112.635447857000031, -7.987782442999958, 0.0 ], [ 112.635331721000057, -7.988084768999954, 0.0 ], [ 112.635331576000112, -7.988085139999953, 0.0 ], [ 112.635331429000075, -7.988085510999952, 0.0 ], [ 112.63528076800003, -7.988213945999973, 0.0 ], [ 112.635219364000022, -7.988358203999951, 0.0 ], [ 112.635159769000097, -7.98853186499997, 0.0 ], [ 112.635096057000055, -7.988710542999968, 0.0 ], [ 112.63501898700008, -7.988914312999952, 0.0 ], [ 112.634959747000039, -7.98907444699995, 0.0 ], [ 112.634885568000072, -7.989272660999973, 0.0 ], [ 112.634811450000029, -7.989461839999933, 0.0 ], [ 112.634708391000117, -7.989709738999977, 0.0 ], [ 112.634606870000084, -7.989964234999945, 0.0 ], [ 112.634510277000118, -7.990263603999949, 0.0 ], [ 112.634435410000037, -7.990496242999939, 0.0 ], [ 112.634355867000068, -7.99072498299995, 0.0 ], [ 112.63426095300008, -7.990996678999977, 0.0 ], [ 112.634189838000111, -7.991245440999933, 0.0 ], [ 112.634085412000104, -7.991574465999975, 0.0 ], [ 112.634040405000064, -7.991720182999927, 0.0 ], [ 112.633966330000021, -7.99199217499995, 0.0 ], [ 112.63388326200004, -7.992279571999973, 0.0 ], [ 112.633826885000076, -7.992517235999969, 0.0 ], [ 112.633787990000087, -7.992676576999941, 0.0 ], [ 112.633737479000047, -7.992886606999946, 0.0 ], [ 112.63369144, -7.993057196999928, 0.0 ], [ 112.633648971000071, -7.99321839299995, 0.0 ], [ 112.633571067000048, -7.993494238999972, 0.0 ], [ 112.6315172730001, -7.992907872999979, 0.0 ], [ 112.63140141800011, -7.99284562899993, 0.0 ], [ 112.631186070000012, -7.992601918999981, 0.0 ], [ 112.631147074000069, -7.992520880999962, 0.0 ], [ 112.631101109000042, -7.992373635999968, 0.0 ], [ 112.631078832000071, -7.992161998999961, 0.0 ], [ 112.631100767000021, -7.991931679999936, 0.0 ], [ 112.63113123200003, -7.991804943999966, 0.0 ], [ 112.630954533000022, -7.991763511999977, 0.0 ], [ 112.630156337000017, -7.991551471999969, 0.0 ], [ 112.628889573000038, -7.991125157999932, 0.0 ], [ 112.628885323000077, -7.991133569999931, 0.0 ] ] ] ] } },
{ "type": "Feature", "properties": { "nm_kecamatan": "Kedungkandang" }, "geometry": { "type": "MultiPolygon", "coordinates": [ [ [ [ 112.645245350000096, -8.048322360999975, 0.0 ], [ 112.645094666000091, -8.048482973999967, 0.0 ], [ 112.644978561000016, -8.048555669999928, 0.0 ], [ 112.644657007000092, -8.04860152599997, 0.0 ], [ 112.644511611000098, -8.048663851999947, 0.0 ], [ 112.644361725000067, -8.048762627999963, 0.0 ], [ 112.644201323000061, -8.048832426999979, 0.0 ], [ 112.644041048000076, -8.048952217999954, 0.0 ], [ 112.643899911000062, -8.049068767999927, 0.0 ], [ 112.643626244000075, -8.049173462999931, 0.0 ], [ 112.643134821000103, -8.049446271999955, 0.0 ], [ 112.642635268000049, -8.049706637999975, 0.0 ], [ 112.642271638000011, -8.049800120999976, 0.0 ], [ 112.642150862000108, -8.049734701999967, 0.0 ], [ 112.641917643000056, -8.049629684999957, 0.0 ], [ 112.64169211300009, -8.049539553999978, 0.0 ], [ 112.640927123000097, -8.049292020999928, 0.0 ], [ 112.640720832000056, -8.049205065999956, 0.0 ], [ 112.640364453000075, -8.049111388999961, 0.0 ], [ 112.639621410000018, -8.04888952999994, 0.0 ], [ 112.639168961000109, -8.048679436999976, 0.0 ], [ 112.639012710000088, -8.04862835199998, 0.0 ], [ 112.63879109700008, -8.048581594999973, 0.0 ], [ 112.638517367000077, -8.048522209999931, 0.0 ], [ 112.638095602000021, -8.048333688999946, 0.0 ], [ 112.637669504000087, -8.048183966999943, 0.0 ], [ 112.637403023000047, -8.048066694999932, 0.0 ], [ 112.636850745000061, -8.047809536999978, 0.0 ], [ 112.636320324000053, -8.047573986999964, 0.0 ], [ 112.636050869000087, -8.047479777999968, 0.0 ], [ 112.636011215000053, -8.047384833999956, 0.0 ], [ 112.635902702000067, -8.047355071999959, 0.0 ], [ 112.635733148000099, -8.047325462999936, 0.0 ], [ 112.635602728000094, -8.047261164999952, 0.0 ], [ 112.635466547000078, -8.047178176999978, 0.0 ], [ 112.63538384200001, -8.047148311999933, 0.0 ], [ 112.635275335000074, -8.04710128399995, 0.0 ], [ 112.635133414000052, -8.047079248999978, 0.0 ], [ 112.635028773000045, -8.047044950999975, 0.0 ], [ 112.634915345000081, -8.047002009999972, 0.0 ], [ 112.634784557000103, -8.046976495999957, 0.0 ], [ 112.634610093000106, -8.046916349999947, 0.0 ], [ 112.634479166, -8.046856121999951, 0.0 ], [ 112.634348343000056, -8.046821928999975, 0.0 ], [ 112.634112948000052, -8.046770703999925, 0.0 ], [ 112.63397347700004, -8.046762580999939, 0.0 ], [ 112.633790140000087, -8.046672185999967, 0.0 ], [ 112.633022708000112, -8.046466863999967, 0.0 ], [ 112.631687985000099, -8.045990239999981, 0.0 ], [ 112.631696833000092, -8.045810062999976, 0.0 ], [ 112.631752383000048, -8.044678800999975, 0.0 ], [ 112.63170354600004, -8.043783658999928, 0.0 ], [ 112.631588870000087, -8.043297392999932, 0.0 ], [ 112.63137293300008, -8.042574315999957, 0.0 ], [ 112.631132462000096, -8.041926187999934, 0.0 ], [ 112.630954827000096, -8.041390179999951, 0.0 ], [ 112.63096594700005, -8.04106550399996, 0.0 ], [ 112.631089573000054, -8.040590675999965, 0.0 ], [ 112.631198499000106, -8.040069259999939, 0.0 ], [ 112.631259115000034, -8.039532305999955, 0.0 ], [ 112.631370247000064, -8.039132470999959, 0.0 ], [ 112.631456245000095, -8.038732554999967, 0.0 ], [ 112.631429616000105, -8.038283454999942, 0.0 ], [ 112.631352693000053, -8.037921792999953, 0.0 ], [ 112.63131282300003, -8.037360286999956, 0.0 ], [ 112.631158754000012, -8.036412223999946, 0.0 ], [ 112.630917398000065, -8.035952947999931, 0.0 ], [ 112.630886331000056, -8.035666226999979, 0.0 ], [ 112.630973596000103, -8.035171384999956, 0.0 ], [ 112.630872905000047, -8.034963950999952, 0.0 ], [ 112.630693583000038, -8.034791000999974, 0.0 ], [ 112.630396642000051, -8.034592480999947, 0.0 ], [ 112.629737691000059, -8.034291163999967, 0.0 ], [ 112.629570811, -8.034143023999945, 0.0 ], [ 112.629419458000029, -8.034085612999945, 0.0 ], [ 112.629392733000032, -8.034075475999941, 0.0 ], [ 112.629315552000094, -8.034087617999944, 0.0 ], [ 112.629314335000117, -8.034078397999963, 0.0 ], [ 112.629280179000034, -8.033819520999941, 0.0 ], [ 112.629309699000032, -8.033359852999979, 0.0 ], [ 112.629322351000042, -8.033014046999938, 0.0 ], [ 112.629260803000079, -8.03267838599993, 0.0 ], [ 112.62925658600011, -8.032235585999956, 0.0 ], [ 112.629240190000019, -8.032177131999958, 0.0 ], [ 112.629208088000041, -8.032062683999925, 0.0 ], [ 112.629303829000037, -8.031452053999942, 0.0 ], [ 112.629338143000041, -8.031093253999927, 0.0 ], [ 112.629365662000055, -8.030999367999925, 0.0 ], [ 112.629442314000016, -8.030215010999939, 0.0 ], [ 112.629319038000062, -8.02986270599996, 0.0 ], [ 112.629289851000067, -8.02946308199995, 0.0 ], [ 112.629360574000088, -8.029238575999955, 0.0 ], [ 112.629708574, -8.028647002999946, 0.0 ], [ 112.629891557000064, -8.028302387999929, 0.0 ], [ 112.630023235000067, -8.027922056999955, 0.0 ], [ 112.630073413000105, -8.027768064999975, 0.0 ], [ 112.63014862600005, -8.027339256999937, 0.0 ], [ 112.63028109000004, -8.027014846999975, 0.0 ], [ 112.630575207000106, -8.026755542999979, 0.0 ], [ 112.631239774000051, -8.026232444999948, 0.0 ], [ 112.6316506390001, -8.025808129999973, 0.0 ], [ 112.631934651000051, -8.025260334999928, 0.0 ], [ 112.632028950000063, -8.024884285999974, 0.0 ], [ 112.632616058000053, -8.024036777999981, 0.0 ], [ 112.632773248000035, -8.023837984999943, 0.0 ], [ 112.633040188000109, -8.023358940999969, 0.0 ], [ 112.633438219000027, -8.022400459999972, 0.0 ], [ 112.633508926000104, -8.022172058999956, 0.0 ], [ 112.633421533000046, -8.021578618999968, 0.0 ], [ 112.633419945000014, -8.02135458999993, 0.0 ], [ 112.633620945000075, -8.020729371999948, 0.0 ], [ 112.63368450300004, -8.020539500999973, 0.0 ], [ 112.633586783000055, -8.020307529999968, 0.0 ], [ 112.632706513000016, -8.019492440999954, 0.0 ], [ 112.632473733000097, -8.019194527999957, 0.0 ], [ 112.632288622000033, -8.018856100999926, 0.0 ], [ 112.631840542000077, -8.017633469999964, 0.0 ], [ 112.631776985000101, -8.01734588599993, 0.0 ], [ 112.631630008000116, -8.017083722999928, 0.0 ], [ 112.631735672000104, -8.016309945999978, 0.0 ], [ 112.631751561000101, -8.01581263099996, 0.0 ], [ 112.631707071000051, -8.015130213999953, 0.0 ], [ 112.631696742000031, -8.014960998999925, 0.0 ], [ 112.631766656000082, -8.014291292999928, 0.0 ], [ 112.631905687000085, -8.013967165999929, 0.0 ], [ 112.63193818600007, -8.013709232999929, 0.0 ], [ 112.631939829000089, -8.013649188999977, 0.0 ], [ 112.631692770000086, -8.01270322299996, 0.0 ], [ 112.631812736000029, -8.012213852999935, 0.0 ], [ 112.632119399000089, -8.011754671999938, 0.0 ], [ 112.632213146000026, -8.011365397999953, 0.0 ], [ 112.632149591000029, -8.010852990999979, 0.0 ], [ 112.631954944000086, -8.010289737999926, 0.0 ], [ 112.631626034000078, -8.009799572999952, 0.0 ], [ 112.631514809, -8.009440489999974, 0.0 ], [ 112.631274086000076, -8.007838914999979, 0.0 ], [ 112.631216090000066, -8.007370200999958, 0.0 ], [ 112.631158887000083, -8.007085791999941, 0.0 ], [ 112.631091755000057, -8.006547564999948, 0.0 ], [ 112.63122403300008, -8.006335847999935, 0.0 ], [ 112.631482408000011, -8.006120358999965, 0.0 ], [ 112.631529219000072, -8.006001706999939, 0.0 ], [ 112.631544319000113, -8.00563244999995, 0.0 ], [ 112.631332849000046, -8.005246088999968, 0.0 ], [ 112.631163869000034, -8.005009922999932, 0.0 ], [ 112.631102248000047, -8.004895743999953, 0.0 ], [ 112.631059558000061, -8.004722465999976, 0.0 ], [ 112.63105017800001, -8.004626808999944, 0.0 ], [ 112.631061761000069, -8.004522096999949, 0.0 ], [ 112.631109519, -8.004432850999933, 0.0 ], [ 112.631257413000071, -8.004329009999935, 0.0 ], [ 112.631079203000013, -8.00404356699994, 0.0 ], [ 112.631018636000022, -8.003923748999966, 0.0 ], [ 112.630990986000029, -8.003737439999952, 0.0 ], [ 112.630948852000074, -8.00359655699998, 0.0 ], [ 112.630539365000118, -8.003456330999938, 0.0 ], [ 112.631131871000093, -8.001875006999967, 0.0 ], [ 112.631574274000059, -8.000509616999977, 0.0 ], [ 112.631700675000047, -8.000209415999961, 0.0 ], [ 112.632231295000111, -7.998711042999957, 0.0 ], [ 112.632714068000041, -7.996842844999946, 0.0 ], [ 112.633247646000086, -7.994776255999966, 0.0 ], [ 112.633524193000085, -7.993828467999947, 0.0 ], [ 112.633548536000035, -7.993590969999957, 0.0 ], [ 112.633568342000103, -7.993505938999931, 0.0 ], [ 112.633571067000048, -7.993494238999972, 0.0 ], [ 112.633648971000071, -7.99321839299995, 0.0 ], [ 112.63369144, -7.993057196999928, 0.0 ], [ 112.633737479000047, -7.992886606999946, 0.0 ], [ 112.633787990000087, -7.992676576999941, 0.0 ], [ 112.633826885000076, -7.992517235999969, 0.0 ], [ 112.63388326200004, -7.992279571999973, 0.0 ], [ 112.633966330000021, -7.99199217499995, 0.0 ], [ 112.634040405000064, -7.991720182999927, 0.0 ], [ 112.634085412000104, -7.991574465999975, 0.0 ], [ 112.634189838000111, -7.991245440999933, 0.0 ], [ 112.63426095300008, -7.990996678999977, 0.0 ], [ 112.634355867000068, -7.99072498299995, 0.0 ], [ 112.634435410000037, -7.990496242999939, 0.0 ], [ 112.634510277000118, -7.990263603999949, 0.0 ], [ 112.634606870000084, -7.989964234999945, 0.0 ], [ 112.634708391000117, -7.989709738999977, 0.0 ], [ 112.634811450000029, -7.989461839999933, 0.0 ], [ 112.634885568000072, -7.989272660999973, 0.0 ], [ 112.634959747000039, -7.98907444699995, 0.0 ], [ 112.63501898700008, -7.988914312999952, 0.0 ], [ 112.635096057000055, -7.988710542999968, 0.0 ], [ 112.635159769000097, -7.98853186499997, 0.0 ], [ 112.635219364000022, -7.988358203999951, 0.0 ], [ 112.63528076800003, -7.988213945999973, 0.0 ], [ 112.635331429000075, -7.988085510999952, 0.0 ], [ 112.635331576000112, -7.988085139999953, 0.0 ], [ 112.635331721000057, -7.988084768999954, 0.0 ], [ 112.635447857000031, -7.987782442999958, 0.0 ], [ 112.635552314000051, -7.987528114999975, 0.0 ], [ 112.63568784000006, -7.987114864999967, 0.0 ], [ 112.63724038700002, -7.987803381999981, 0.0 ], [ 112.637622252000028, -7.987950409999939, 0.0 ], [ 112.637846878, -7.988066806999939, 0.0 ], [ 112.63800871300009, -7.988143894999951, 0.0 ], [ 112.6382226180001, -7.988315937999971, 0.0 ], [ 112.638553431000105, -7.988618161999966, 0.0 ], [ 112.638829110000074, -7.988874949999968, 0.0 ], [ 112.639194639000038, -7.989260386999945, 0.0 ], [ 112.63949022700001, -7.989561078999941, 0.0 ], [ 112.639713322000034, -7.989771921999932, 0.0 ], [ 112.640143176000038, -7.990176247999955, 0.0 ], [ 112.640393328000073, -7.990366668999968, 0.0 ], [ 112.640618876000076, -7.990494041999966, 0.0 ], [ 112.64125303600008, -7.990852167999947, 0.0 ], [ 112.641713520000053, -7.991150307999931, 0.0 ], [ 112.642495629000109, -7.991689409999935, 0.0 ], [ 112.64283359, -7.991899740999941, 0.0 ], [ 112.642946925000047, -7.991965086999926, 0.0 ], [ 112.64359527900001, -7.992223406999926, 0.0 ], [ 112.644253844000104, -7.992576682999982, 0.0 ], [ 112.644826641, -7.992837042999952, 0.0 ], [ 112.645827009000072, -7.993229003999943, 0.0 ], [ 112.646062089000111, -7.992961000999969, 0.0 ], [ 112.64637549300005, -7.992594200999974, 0.0 ], [ 112.646423223000056, -7.992527024999958, 0.0 ], [ 112.6465251730001, -7.992374884999947, 0.0 ], [ 112.646605276000059, -7.992214216999969, 0.0 ], [ 112.646657859000015, -7.992094246999955, 0.0 ], [ 112.646715548000088, -7.991780281999979, 0.0 ], [ 112.646783522000078, -7.991497061999951, 0.0 ], [ 112.646812826000087, -7.991388479999955, 0.0 ], [ 112.646838653000032, -7.99129278099997, 0.0 ], [ 112.646855644000084, -7.991164017999949, 0.0 ], [ 112.646943246000092, -7.990686742999969, 0.0 ], [ 112.646992095000087, -7.990537145999951, 0.0 ], [ 112.64709558800007, -7.990308351999943, 0.0 ], [ 112.64720502900002, -7.990148156999965, 0.0 ], [ 112.647271646000036, -7.990000649999956, 0.0 ], [ 112.64732240100011, -7.989882485999942, 0.0 ], [ 112.647362376000046, -7.989839108999945, 0.0 ], [ 112.647434221000026, -7.989761149999936, 0.0 ], [ 112.647652309000023, -7.989650122999933, 0.0 ], [ 112.647790300000111, -7.989485168999977, 0.0 ], [ 112.647975874000053, -7.989210773999957, 0.0 ], [ 112.648091659000102, -7.989029959999925, 0.0 ], [ 112.648199514000112, -7.988865005999969, 0.0 ], [ 112.64825978600004, -7.988782528999934, 0.0 ], [ 112.648298944000089, -7.98870906999997, 0.0 ], [ 112.648362085000031, -7.988590617999932, 0.0 ], [ 112.648524665000082, -7.988333663999981, 0.0 ], [ 112.648602384000014, -7.988205189999974, 0.0 ], [ 112.648724513000047, -7.988046580999935, 0.0 ], [ 112.648860918000082, -7.987878455999976, 0.0 ], [ 112.648959256000012, -7.987765841999931, 0.0 ], [ 112.649114694000104, -7.987629436999953, 0.0 ], [ 112.649370056000066, -7.987428002999934, 0.0 ], [ 112.649487428000043, -7.987358214999972, 0.0 ], [ 112.649683310000114, -7.98732094199994, 0.0 ], [ 112.649807027000065, -7.98716550499995, 0.0 ], [ 112.649825170000099, -7.987086354999974, 0.0 ], [ 112.6498262, -7.987081862999958, 0.0 ], [ 112.649843111000109, -7.987008083999967, 0.0 ], [ 112.649843993000104, -7.987003651999942, 0.0 ], [ 112.649851720000015, -7.986964809999961, 0.0 ], [ 112.649872850000065, -7.986858594999944, 0.0 ], [ 112.649790373000087, -7.986628610999958, 0.0 ], [ 112.649668243000065, -7.986439867999934, 0.0 ], [ 112.649484254000072, -7.986165471999925, 0.0 ], [ 112.649278062, -7.985846667999965, 0.0 ], [ 112.649148002000061, -7.985578615999941, 0.0 ], [ 112.649071869000068, -7.985400973999958, 0.0 ], [ 112.649062352000101, -7.985378768999965, 0.0 ], [ 112.649019527000064, -7.985189230999936, 0.0 ], [ 112.648954496000101, -7.98488231999994, 0.0 ], [ 112.648939430000041, -7.984753053999952, 0.0 ], [ 112.648968213000103, -7.984633509999981, 0.0 ], [ 112.648975646000054, -7.984602638999945, 0.0 ], [ 112.649021114000107, -7.984482623999952, 0.0 ], [ 112.649158312000054, -7.984206642999936, 0.0 ], [ 112.649289165000027, -7.984063894999963, 0.0 ], [ 112.649550872000077, -7.98378632899994, 0.0 ], [ 112.649769268000114, -7.983299363999947, 0.0 ], [ 112.649769882000101, -7.983297995999976, 0.0 ], [ 112.649896642000044, -7.982953628999951, 0.0 ], [ 112.650125040000034, -7.982333464999954, 0.0 ], [ 112.650320131000058, -7.981789434999939, 0.0 ], [ 112.650361369000052, -7.981660960999932, 0.0 ], [ 112.650708725000072, -7.981120101999977, 0.0 ], [ 112.650846716000046, -7.980917081999962, 0.0 ], [ 112.650930779000078, -7.98075847299998, 0.0 ], [ 112.65101960100003, -7.980574485999966, 0.0 ], [ 112.651056080000103, -7.980425392999962, 0.0 ], [ 112.651141731000052, -7.979933702999972, 0.0 ], [ 112.651208347000079, -7.97948166599997, 0.0 ], [ 112.651217863000056, -7.979332571999976, 0.0 ], [ 112.651208346000089, -7.979187445999969, 0.0 ], [ 112.65116235000005, -7.978961426999945, 0.0 ], [ 112.651125077000074, -7.978834538999934, 0.0 ], [ 112.651106836000054, -7.978693376999956, 0.0 ], [ 112.651083045000064, -7.978479253999978, 0.0 ], [ 112.651051323000047, -7.978227063999952, 0.0 ], [ 112.65103070400005, -7.977979633999951, 0.0 ], [ 112.651032290000103, -7.977838470999927, 0.0 ], [ 112.65103070400005, -7.977667172999929, 0.0 ], [ 112.651035990000082, -7.97749164499993, 0.0 ], [ 112.651028911000026, -7.977428061999944, 0.0 ], [ 112.65102198000011, -7.977365814999928, 0.0 ], [ 112.651003740000078, -7.977177069999925, 0.0 ], [ 112.650989464000077, -7.977024803999939, 0.0 ], [ 112.651011670000116, -7.976699654999948, 0.0 ], [ 112.651021186000094, -7.976548182999977, 0.0 ], [ 112.651027531000068, -7.976414157999955, 0.0 ], [ 112.651019863000101, -7.976284814999929, 0.0 ], [ 112.65101960100003, -7.976280396999925, 0.0 ], [ 112.651021750000041, -7.976272682999934, 0.0 ], [ 112.651052136000089, -7.976163631999952, 0.0 ], [ 112.651067184000112, -7.976109627999961, 0.0 ], [ 112.651106044000016, -7.975915331999943, 0.0 ], [ 112.651087803000109, -7.975700414999949, 0.0 ], [ 112.651046563000023, -7.975554493999937, 0.0 ], [ 112.651005326000018, -7.975376851999954, 0.0 ], [ 112.650976135000064, -7.975194878999957, 0.0 ], [ 112.650974794000035, -7.975186519999966, 0.0 ], [ 112.650975527000014, -7.975174182999979, 0.0 ], [ 112.6509870860001, -7.974979534999932, 0.0 ], [ 112.651077643, -7.974801282999977, 0.0 ], [ 112.651082410000072, -7.974791899999957, 0.0 ], [ 112.651085152000064, -7.974788433999947, 0.0 ], [ 112.651169062, -7.974682364999978, 0.0 ], [ 112.651189313000032, -7.974656764999963, 0.0 ], [ 112.651335235000033, -7.974499740999931, 0.0 ], [ 112.651444675000107, -7.974404575999927, 0.0 ], [ 112.651527497000075, -7.97435171099994, 0.0 ], [ 112.651593769000101, -7.974309408999943, 0.0 ], [ 112.65167039500011, -7.974270224999941, 0.0 ], [ 112.651733345000025, -7.974238034999928, 0.0 ], [ 112.651768243000106, -7.974216952999939, 0.0 ], [ 112.652003777, -7.974074666999968, 0.0 ], [ 112.652143398000021, -7.973871333999966, 0.0 ], [ 112.652147815000035, -7.973864900999956, 0.0 ], [ 112.652148327000077, -7.973864155999934, 0.0 ], [ 112.652430874000061, -7.973279055999967, 0.0 ], [ 112.652545881000037, -7.972922136999955, 0.0 ], [ 112.652708478000022, -7.972224160999929, 0.0 ], [ 112.652799691000041, -7.971823618999963, 0.0 ], [ 112.652863143000104, -7.971629295999946, 0.0 ], [ 112.652938493000079, -7.971442904999947, 0.0 ], [ 112.653057466000064, -7.971256513999947, 0.0 ], [ 112.653192302000093, -7.971161334999977, 0.0 ], [ 112.653303343000061, -7.971129608999945, 0.0 ], [ 112.653438179000091, -7.971121677999975, 0.0 ], [ 112.653576981000015, -7.971173232999945, 0.0 ], [ 112.653711817000044, -7.971232718999943, 0.0 ], [ 112.653814927000099, -7.971276342999943, 0.0 ], [ 112.653882345000056, -7.971256513999947, 0.0 ], [ 112.653965627000048, -7.971200992999968, 0.0 ], [ 112.654334443000039, -7.970967012999949, 0.0 ], [ 112.654560492000087, -7.970887696999966, 0.0 ], [ 112.654723088000082, -7.970800449999956, 0.0 ], [ 112.654885685000067, -7.970602161999977, 0.0 ], [ 112.654956643000105, -7.970448892999968, 0.0 ], [ 112.654984829000114, -7.970388010999955, 0.0 ], [ 112.655016555000088, -7.970217482999942, 0.0 ], [ 112.654996726000036, -7.970027125999934, 0.0 ], [ 112.654992761000017, -7.969793144999926, 0.0 ], [ 112.654921377000051, -7.96958692499993, 0.0 ], [ 112.654727054000091, -7.969289492999962, 0.0 ], [ 112.654608081000106, -7.969114998999942, 0.0 ], [ 112.654540663000034, -7.968948436999938, 0.0 ], [ 112.654532731000018, -7.968785839999953, 0.0 ], [ 112.654550531000041, -7.968485199999975, 0.0 ], [ 112.654615811000099, -7.968147608999971, 0.0 ], [ 112.654698856000095, -7.967721180999945, 0.0 ], [ 112.654966828000056, -7.967304168999931, 0.0 ], [ 112.655282741000065, -7.966835781999976, 0.0 ], [ 112.655539583000063, -7.966400786999941, 0.0 ], [ 112.655808410000077, -7.966030873999955, 0.0 ], [ 112.65600638300009, -7.965815891999966, 0.0 ], [ 112.656226638000021, -7.965679370999965, 0.0 ], [ 112.656969617000073, -7.965502514999969, 0.0 ], [ 112.657245714000055, -7.965342724999971, 0.0 ], [ 112.657387026000038, -7.965194115999964, 0.0 ], [ 112.657413302, -7.965173752999931, 0.0 ], [ 112.657435563000035, -7.96518279999998, 0.0 ], [ 112.657689729000026, -7.965286100999947, 0.0 ], [ 112.657759832000011, -7.96532939399998, 0.0 ], [ 112.657827586000053, -7.965346479999937, 0.0 ], [ 112.657899673000088, -7.965344021999954, 0.0 ], [ 112.657941129000051, -7.965330837999943, 0.0 ], [ 112.658015109000075, -7.965278290999947, 0.0 ], [ 112.658069745000034, -7.965269393999961, 0.0 ], [ 112.658139650000066, -7.96528213199997, 0.0 ], [ 112.658198672000026, -7.965303682999945, 0.0 ], [ 112.658235955, -7.965331828999979, 0.0 ], [ 112.658288575000029, -7.965379439999936, 0.0 ], [ 112.658338846000106, -7.965401025999938, 0.0 ], [ 112.658440793000068, -7.965421590999938, 0.0 ], [ 112.658460506000097, -7.965432359999966, 0.0 ], [ 112.658510803000013, -7.965460453999981, 0.0 ], [ 112.658795464000036, -7.965648614999964, 0.0 ], [ 112.658826061000013, -7.965650661999973, 0.0 ], [ 112.658871973000032, -7.96564830799997, 0.0 ], [ 112.658961460000114, -7.965639271999976, 0.0 ], [ 112.659007402000043, -7.965663043999939, 0.0 ], [ 112.659217661000071, -7.965817601999959, 0.0 ], [ 112.659395435000079, -7.965891289999945, 0.0 ], [ 112.659579417000032, -7.965965042999926, 0.0 ], [ 112.659629326000072, -7.965989612999977, 0.0 ], [ 112.65975408700001, -7.966048054999931, 0.0 ], [ 112.659838225000044, -7.966084872999943, 0.0 ], [ 112.659956691000048, -7.966121643999941, 0.0 ], [ 112.660087647000069, -7.966176986999926, 0.0 ], [ 112.660262731000103, -7.966288291999945, 0.0 ], [ 112.660395922000021, -7.966397142999938, 0.0 ], [ 112.660432503000038, -7.966399256999978, 0.0 ], [ 112.660446200000024, -7.966383290999943, 0.0 ], [ 112.660521360000075, -7.966289515999961, 0.0 ], [ 112.660619557000018, -7.966066285999943, 0.0 ], [ 112.660647453000024, -7.966028928999947, 0.0 ], [ 112.660681569000076, -7.966013333999967, 0.0 ], [ 112.660775130000047, -7.966050113999927, 0.0 ], [ 112.661027856000032, -7.966182531999948, 0.0 ], [ 112.660997948000045, -7.966277300999934, 0.0 ], [ 112.66092595300006, -7.966432535999957, 0.0 ], [ 112.660892796000098, -7.966574778999927, 0.0 ], [ 112.660893337000061, -7.966709020999929, 0.0 ], [ 112.660899673000017, -7.96685218999994, 0.0 ], [ 112.660980269000106, -7.966900954999971, 0.0 ], [ 112.66135681500009, -7.967062166999938, 0.0 ], [ 112.661619142000063, -7.967182522999963, 0.0 ], [ 112.661826886000085, -7.967269468999973, 0.0 ], [ 112.662265886000114, -7.96748729199993, 0.0 ], [ 112.662643837000019, -7.967681221999953, 0.0 ], [ 112.663287998000101, -7.967975692999971, 0.0 ], [ 112.663630911000041, -7.96814219099997, 0.0 ], [ 112.663688088000072, -7.968188426999973, 0.0 ], [ 112.663598162000085, -7.968385136999927, 0.0 ], [ 112.663913111000056, -7.968534750999936, 0.0 ], [ 112.663923250000039, -7.968920269999956, 0.0 ], [ 112.663526808000029, -7.969697464999967, 0.0 ], [ 112.663268319000053, -7.970210143999964, 0.0 ], [ 112.663095542000065, -7.970539664999933, 0.0 ], [ 112.662994519000108, -7.970797153999968, 0.0 ], [ 112.663049083000033, -7.970928465999975, 0.0 ], [ 112.663192748000029, -7.97101123799996, 0.0 ], [ 112.663451228000099, -7.971060806999958, 0.0 ], [ 112.663816233000034, -7.971126409999954, 0.0 ], [ 112.664033195000115, -7.97125650299995, 0.0 ], [ 112.664149177000013, -7.971336484999938, 0.0 ], [ 112.66436654000006, -7.971248827999943, 0.0 ], [ 112.664479596000092, -7.971204981999961, 0.0 ], [ 112.664627050000036, -7.971122666999975, 0.0 ], [ 112.664888648000101, -7.971062222999933, 0.0 ], [ 112.665259161000108, -7.971006493999937, 0.0 ], [ 112.665454346000047, -7.971019888999933, 0.0 ], [ 112.665473197000097, -7.971021182999948, 0.0 ], [ 112.665519866000068, -7.971020994999947, 0.0 ], [ 112.665592455000024, -7.971012928999926, 0.0 ], [ 112.665770934000079, -7.970908883999925, 0.0 ], [ 112.665861508000035, -7.97087235999993, 0.0 ], [ 112.665923639000084, -7.97084887699998, 0.0 ], [ 112.665980597000043, -7.970840873999975, 0.0 ], [ 112.66603247, -7.970832980999944, 0.0 ], [ 112.666133437000099, -7.970814494999956, 0.0 ], [ 112.666213711000069, -7.970783164999943, 0.0 ], [ 112.666345740000111, -7.970733546999952, 0.0 ], [ 112.666490875000022, -7.97072518899995, 0.0 ], [ 112.666674870000065, -7.970708989999935, 0.0 ], [ 112.666744789000063, -7.970688006999978, 0.0 ], [ 112.666967533000047, -7.970470692999982, 0.0 ], [ 112.667011386000013, -7.970421428999941, 0.0 ], [ 112.667101520000074, -7.970276425999941, 0.0 ], [ 112.667163420000065, -7.970196082999962, 0.0 ], [ 112.667196994000051, -7.970157255999936, 0.0 ], [ 112.667269330000067, -7.970105346999958, 0.0 ], [ 112.667323547000024, -7.970048266999981, 0.0 ], [ 112.667367422000098, -7.969986075999941, 0.0 ], [ 112.66742940600011, -7.969926433999944, 0.0 ], [ 112.667473310000105, -7.969890096999961, 0.0 ], [ 112.667532865000112, -7.969876929999941, 0.0 ], [ 112.667653457000029, -7.969865686999981, 0.0 ], [ 112.667776463000109, -7.969508743999938, 0.0 ], [ 112.667814841000109, -7.969382119999977, 0.0 ], [ 112.667873998, -7.969270779999931, 0.0 ], [ 112.667935857000089, -7.969180130999973, 0.0 ], [ 112.668033580000042, -7.968988631999935, 0.0 ], [ 112.668176433000099, -7.969044827999937, 0.0 ], [ 112.668847620000065, -7.969399838999948, 0.0 ], [ 112.670263417000115, -7.970104317999926, 0.0 ], [ 112.670201542000086, -7.970209160999957, 0.0 ], [ 112.66980817000001, -7.971008797999957, 0.0 ], [ 112.670199220000086, -7.971185671999933, 0.0 ], [ 112.670531585000049, -7.971313512999927, 0.0 ], [ 112.67088444400008, -7.970741304999933, 0.0 ], [ 112.671115620000023, -7.970851383999957, 0.0 ], [ 112.671187380000106, -7.970657456999959, 0.0 ], [ 112.671766613000045, -7.970928851999929, 0.0 ], [ 112.672048008000047, -7.971065937999981, 0.0 ], [ 112.67214402500008, -7.971117620999962, 0.0 ], [ 112.672274929000082, -7.971177931999932, 0.0 ], [ 112.672414579000019, -7.971255473999975, 0.0 ], [ 112.67288588200006, -7.971487977999971, 0.0 ], [ 112.673487838000028, -7.971737401999974, 0.0 ], [ 112.67367959, -7.971771340999965, 0.0 ], [ 112.674107873000025, -7.971686984999963, 0.0 ], [ 112.674292015000105, -7.971633808999968, 0.0 ], [ 112.67439717000002, -7.971596680999937, 0.0 ], [ 112.674465228000031, -7.971486208999977, 0.0 ], [ 112.674528383000052, -7.971475466999948, 0.0 ], [ 112.674628515000109, -7.97149079199994, 0.0 ], [ 112.674881644000038, -7.971573659999933, 0.0 ], [ 112.675170727000022, -7.971724814999959, 0.0 ], [ 112.675599740000052, -7.971930547999932, 0.0 ], [ 112.67648349500007, -7.972249789999978, 0.0 ], [ 112.676423505000116, -7.972431645999961, 0.0 ], [ 112.676283422000097, -7.972872459999962, 0.0 ], [ 112.676183201000072, -7.973129329999949, 0.0 ], [ 112.676080456000022, -7.973464133999926, 0.0 ], [ 112.675942944000099, -7.973801881999975, 0.0 ], [ 112.675822408000045, -7.974047352999946, 0.0 ], [ 112.675770957000054, -7.974213986999928, 0.0 ], [ 112.675748171, -7.974312072999965, 0.0 ], [ 112.675736701, -7.974323689999949, 0.0 ], [ 112.675667303000068, -7.974344129999963, 0.0 ], [ 112.675586939000027, -7.97450003299997, 0.0 ], [ 112.675581368000053, -7.974546249999946, 0.0 ], [ 112.675590173000046, -7.97457785499995, 0.0 ], [ 112.675645378000013, -7.974635305999925, 0.0 ], [ 112.675802001000079, -7.974729772999979, 0.0 ], [ 112.675984664000111, -7.974827026999947, 0.0 ], [ 112.676494001000037, -7.975123284999938, 0.0 ], [ 112.677033466000012, -7.975452596999958, 0.0 ], [ 112.677241885000058, -7.975483392999934, 0.0 ], [ 112.677385718000096, -7.975283930999979, 0.0 ], [ 112.677440583000021, -7.975257763999934, 0.0 ], [ 112.678121486, -7.975497185999927, 0.0 ], [ 112.678199430000063, -7.975444980999953, 0.0 ], [ 112.678338550000035, -7.975502001999928, 0.0 ], [ 112.678304517000015, -7.975666485999966, 0.0 ], [ 112.678695677000064, -7.975831958999947, 0.0 ], [ 112.678471055000045, -7.976284325999927, 0.0 ], [ 112.678570769000089, -7.976362026999936, 0.0 ], [ 112.678735635000066, -7.976349877999951, 0.0 ], [ 112.678765566000038, -7.976591846999952, 0.0 ], [ 112.679274824000117, -7.976556152999933, 0.0 ], [ 112.679587859000094, -7.976637598999957, 0.0 ], [ 112.679974789000084, -7.976884175999942, 0.0 ], [ 112.680141117000062, -7.976937107999959, 0.0 ], [ 112.680458323000039, -7.976867659999925, 0.0 ], [ 112.680633653000086, -7.976725833999978, 0.0 ], [ 112.681055086000015, -7.97584317999997, 0.0 ], [ 112.681278134000081, -7.975390456999946, 0.0 ], [ 112.681466387000114, -7.975263404999964, 0.0 ], [ 112.681905442000016, -7.975124666999932, 0.0 ], [ 112.682126441000037, -7.975086071999954, 0.0 ], [ 112.682418002000077, -7.975165523999976, 0.0 ], [ 112.682717923000041, -7.97529592799998, 0.0 ], [ 112.682995923000021, -7.97535120699996, 0.0 ], [ 112.683389393000084, -7.975258303999965, 0.0 ], [ 112.684151694000093, -7.974772652999945, 0.0 ], [ 112.684502886000018, -7.97467512999998, 0.0 ], [ 112.684824277000075, -7.974879571999963, 0.0 ], [ 112.685088158000099, -7.975359151999953, 0.0 ], [ 112.685544678000042, -7.975741852999931, 0.0 ], [ 112.685806948000049, -7.975809488999971, 0.0 ], [ 112.686750248000067, -7.975544664999973, 0.0 ], [ 112.686950583000112, -7.975646903999973, 0.0 ], [ 112.687212694000095, -7.975693927999941, 0.0 ], [ 112.687866598000028, -7.97567743299993, 0.0 ], [ 112.688406369000063, -7.97560580499993, 0.0 ], [ 112.688684857000112, -7.97556127799993, 0.0 ], [ 112.689346569, -7.97549774099997, 0.0 ], [ 112.689703582000107, -7.975470248999954, 0.0 ], [ 112.690035684, -7.975565726999946, 0.0 ], [ 112.690061056000104, -7.975573020999946, 0.0 ], [ 112.690217767000036, -7.975670011999966, 0.0 ], [ 112.690312432000042, -7.975992983999959, 0.0 ], [ 112.690340169000024, -7.976245354999946, 0.0 ], [ 112.690602191000039, -7.976361623999935, 0.0 ], [ 112.690531142000054, -7.976653631999966, 0.0 ], [ 112.690536213000087, -7.976813707999952, 0.0 ], [ 112.690550533000078, -7.97702265199996, 0.0 ], [ 112.690608879000024, -7.97711570599995, 0.0 ], [ 112.690565291000098, -7.977356073999943, 0.0 ], [ 112.690441941000017, -7.977770063999969, 0.0 ], [ 112.690539660000013, -7.978435453999964, 0.0 ], [ 112.690540099000032, -7.978542213999958, 0.0 ], [ 112.690466142000105, -7.979018285999928, 0.0 ], [ 112.6904056300001, -7.979489873999967, 0.0 ], [ 112.690372214000035, -7.980185450999954, 0.0 ], [ 112.690792629000043, -7.980388306999942, 0.0 ], [ 112.691749627000036, -7.980797881999933, 0.0 ], [ 112.692474168000103, -7.98111511299993, 0.0 ], [ 112.692700717000093, -7.981207296999969, 0.0 ], [ 112.693094157000019, -7.981361263999929, 0.0 ], [ 112.693770603000075, -7.981695412999954, 0.0 ], [ 112.693632484000091, -7.981991130999972, 0.0 ], [ 112.693422542, -7.982372027999929, 0.0 ], [ 112.693233787000054, -7.98290362299997, 0.0 ], [ 112.692987667000011, -7.983634872999971, 0.0 ], [ 112.693447844000048, -7.983884660999934, 0.0 ], [ 112.693410265000011, -7.98402176899998, 0.0 ], [ 112.693117442000016, -7.984636233999936, 0.0 ], [ 112.692873653000106, -7.985080367999956, 0.0 ], [ 112.692998806000105, -7.985213735999935, 0.0 ], [ 112.693131213000015, -7.985401043999957, 0.0 ], [ 112.69318131700004, -7.985453992999965, 0.0 ], [ 112.693366643000104, -7.985524197999951, 0.0 ], [ 112.693459831000041, -7.985686804999943, 0.0 ], [ 112.693385232000082, -7.985715495999955, 0.0 ], [ 112.693321370000035, -7.985772527999927, 0.0 ], [ 112.693300507000117, -7.985882447999927, 0.0 ], [ 112.693304491000049, -7.98597816399996, 0.0 ], [ 112.693209071000069, -7.986145159999978, 0.0 ], [ 112.693123557000035, -7.986120740999979, 0.0 ], [ 112.692971220000118, -7.986287969999978, 0.0 ], [ 112.692897144000085, -7.986461929999962, 0.0 ], [ 112.692872808000061, -7.986600339999939, 0.0 ], [ 112.692783331000101, -7.986812058999931, 0.0 ], [ 112.692216597000083, -7.986605194999981, 0.0 ], [ 112.692100298000014, -7.986878585999932, 0.0 ], [ 112.692033665000054, -7.987116426999933, 0.0 ], [ 112.691914083000029, -7.987464319999958, 0.0 ], [ 112.691758929000116, -7.98781940899994, 0.0 ], [ 112.691733502000034, -7.987892916999954, 0.0 ], [ 112.691709034000041, -7.987999325999965, 0.0 ], [ 112.691702221000014, -7.988070317999927, 0.0 ], [ 112.69175921100009, -7.988087802999928, 0.0 ], [ 112.691809095000053, -7.988105316999963, 0.0 ], [ 112.691869748000045, -7.988140504999933, 0.0 ], [ 112.691962382000042, -7.988168510999969, 0.0 ], [ 112.691951936, -7.988211040999943, 0.0 ], [ 112.691892204000055, -7.988399224999966, 0.0 ], [ 112.691850008000074, -7.988523425999972, 0.0 ], [ 112.691765370000098, -7.988711620999936, 0.0 ], [ 112.691730192000023, -7.988814638999941, 0.0 ], [ 112.691712903000052, -7.988938736999955, 0.0 ], [ 112.691663514000084, -7.989041722999957, 0.0 ], [ 112.6916461080001, -7.989137526999968, 0.0 ], [ 112.691596744000094, -7.989264648999949, 0.0 ], [ 112.691561934000106, -7.989438538999934, 0.0 ], [ 112.69151609000005, -7.989548560999935, 0.0 ], [ 112.691470232000029, -7.98965514799994, 0.0 ], [ 112.691424389000076, -7.989747451999961, 0.0 ], [ 112.691403393000087, -7.989843270999927, 0.0 ], [ 112.691322286000059, -7.99001734999996, 0.0 ], [ 112.691290625000079, -7.990102544999957, 0.0 ], [ 112.691270023000015, -7.990294003999963, 0.0 ], [ 112.691213587000107, -7.99041121099998, 0.0 ], [ 112.691196225000112, -7.990517681999961, 0.0 ], [ 112.691150249000088, -7.990595793999944, 0.0 ], [ 112.691126331000078, -7.990708618999975, 0.0 ], [ 112.691018162000091, -7.99094039299996, 0.0 ], [ 112.6909827610001, -7.991025602999969, 0.0 ], [ 112.690973182000107, -7.991096786999947, 0.0 ], [ 112.6909061, -7.991207799999927, 0.0 ], [ 112.690860677000046, -7.991365641999948, 0.0 ], [ 112.690829258, -7.991436913999962, 0.0 ], [ 112.690781900000047, -7.991506353999966, 0.0 ], [ 112.690754606000041, -7.991634921999946, 0.0 ], [ 112.690705524, -7.991757703999951, 0.0 ], [ 112.69061462500008, -7.991915279999944, 0.0 ], [ 112.69056756000009, -7.992055861999972, 0.0 ], [ 112.690524345000085, -7.992168675999949, 0.0 ], [ 112.690475081000045, -7.992265785999962, 0.0 ], [ 112.690430052000011, -7.992410246999953, 0.0 ], [ 112.690335344, -7.992551023999965, 0.0 ], [ 112.690281782000056, -7.99265773299993, 0.0 ], [ 112.690144160000045, -7.992984455999931, 0.0 ], [ 112.690006692000111, -7.993348783999977, 0.0 ], [ 112.689874971000108, -7.993728275999956, 0.0 ], [ 112.689650096000037, -7.994081028999972, 0.0 ], [ 112.689551209000115, -7.994278683999937, 0.0 ], [ 112.689366024000037, -7.994625398999972, 0.0 ], [ 112.689252029000045, -7.994895886999927, 0.0 ], [ 112.689092834, -7.995287965999978, 0.0 ], [ 112.688972917000115, -7.995591744999956, 0.0 ], [ 112.68879766900011, -7.99600874999993, 0.0 ], [ 112.688585621000016, -7.99657108599996, 0.0 ], [ 112.688453118000098, -7.996869944999958, 0.0 ], [ 112.6881589300001, -7.997246845999939, 0.0 ], [ 112.687908150000112, -7.99757601999994, 0.0 ], [ 112.687632614000108, -7.997905204999938, 0.0 ], [ 112.687411084000018, -7.998381337999945, 0.0 ], [ 112.687255959000026, -7.998781445999953, 0.0 ], [ 112.687099977000116, -7.998973096999975, 0.0 ], [ 112.686995700000011, -7.999042949999932, 0.0 ], [ 112.686515234000012, -7.99906561399996, 0.0 ], [ 112.686383023000076, -7.999254002999976, 0.0 ], [ 112.68614682000009, -7.999527069999942, 0.0 ], [ 112.685662893000085, -8.000200349999943, 0.0 ], [ 112.685005856000089, -8.001302739999971, 0.0 ], [ 112.684374842000011, -8.002623065999956, 0.0 ], [ 112.684039042000109, -8.00292275399994, 0.0 ], [ 112.683154597000112, -8.005459893999955, 0.0 ], [ 112.681201637000072, -8.005016400999978, 0.0 ], [ 112.680793044000097, -8.006207269999948, 0.0 ], [ 112.679139710000072, -8.005762456999946, 0.0 ], [ 112.678883772000063, -8.006825692999939, 0.0 ], [ 112.678891140000019, -8.006889575999935, 0.0 ], [ 112.679055320000089, -8.006981114999974, 0.0 ], [ 112.678946840000094, -8.008308168999974, 0.0 ], [ 112.67898290800008, -8.008421473999931, 0.0 ], [ 112.678897447000054, -8.009324008999954, 0.0 ], [ 112.678894601000025, -8.009352551999939, 0.0 ], [ 112.678893178000067, -8.009366822999937, 0.0 ], [ 112.678791978000049, -8.010381750999954, 0.0 ], [ 112.672079982000014, -8.009000230999959, 0.0 ], [ 112.672087454, -8.009199893999948, 0.0 ], [ 112.672076872000048, -8.009374408999975, 0.0 ], [ 112.672094166000079, -8.009470071999942, 0.0 ], [ 112.672114240000042, -8.009531914999968, 0.0 ], [ 112.672159681000039, -8.009596546999944, 0.0 ], [ 112.672290488000044, -8.009776183999975, 0.0 ], [ 112.672381893000079, -8.010015100999965, 0.0 ], [ 112.672464835000028, -8.010251250999943, 0.0 ], [ 112.672540352000055, -8.010683959999938, 0.0 ], [ 112.672574942000097, -8.010838583999941, 0.0 ], [ 112.672637776000101, -8.011004483999955, 0.0 ], [ 112.672672656000032, -8.01110188399997, 0.0 ], [ 112.672760180000068, -8.011214346999964, 0.0 ], [ 112.672859305000088, -8.011273789999962, 0.0 ], [ 112.672910662000049, -8.011394716999973, 0.0 ], [ 112.672935534000089, -8.011495863999926, 0.0 ], [ 112.672945171000038, -8.011712874999944, 0.0 ], [ 112.67295505300001, -8.012008080999976, 0.0 ], [ 112.67296417700004, -8.012099165999928, 0.0 ], [ 112.672890536000068, -8.012199356999929, 0.0 ], [ 112.672890766000023, -8.012255765999953, 0.0 ], [ 112.672880784000085, -8.01235741499994, 0.0 ], [ 112.672884052000086, -8.012461542999972, 0.0 ], [ 112.672918470000013, -8.012629003999962, 0.0 ], [ 112.672884838000073, -8.012928725999927, 0.0 ], [ 112.672881599000107, -8.013197858999945, 0.0 ], [ 112.672851667000032, -8.013341263999962, 0.0 ], [ 112.672808720000035, -8.01348472199993, 0.0 ], [ 112.672840026000017, -8.013531150999938, 0.0 ], [ 112.672899944000051, -8.01366035999996, 0.0 ], [ 112.672954453000102, -8.013857209999969, 0.0 ], [ 112.673011840000072, -8.01406254699998, 0.0 ], [ 112.673069053000063, -8.014317150999943, 0.0 ], [ 112.673056673000019, -8.014490858999977, 0.0 ], [ 112.67305718800003, -8.014616783999941, 0.0 ], [ 112.673068218000026, -8.014735162999955, 0.0 ], [ 112.673137541000074, -8.014987638999969, 0.0 ], [ 112.673172166000086, -8.015150760999973, 0.0 ], [ 112.673199147000105, -8.01523707299998, 0.0 ], [ 112.673169410000014, -8.015428208999936, 0.0 ], [ 112.673219537000023, -8.015961996999977, 0.0 ], [ 112.673211638000112, -8.016170399999965, 0.0 ], [ 112.673259199000086, -8.016369176999945, 0.0 ], [ 112.673302277000062, -8.016532263999977, 0.0 ], [ 112.673335424000015, -8.016608335999933, 0.0 ], [ 112.6733366630001, -8.016929611999956, 0.0 ], [ 112.673328377000075, -8.017025197999942, 0.0 ], [ 112.673320091000051, -8.017120693999971, 0.0 ], [ 112.673330412000041, -8.017193784999961, 0.0 ], [ 112.673342063000064, -8.017280973999959, 0.0 ], [ 112.673377724000034, -8.017367973999967, 0.0 ], [ 112.673321794000117, -8.017537519999962, 0.0 ], [ 112.67330913, -8.017641711999943, 0.0 ], [ 112.673318020000011, -8.017693836999968, 0.0 ], [ 112.673331536000092, -8.017797921999943, 0.0 ], [ 112.673310231000073, -8.017910917999927, 0.0 ], [ 112.673315208000076, -8.018067198999972, 0.0 ], [ 112.673307295000086, -8.018253906999973, 0.0 ], [ 112.673312059000068, -8.018358027999966, 0.0 ], [ 112.673238825000112, -8.018558017999965, 0.0 ], [ 112.673217432000115, -8.018649318999962, 0.0 ], [ 112.673197547000086, -8.019109533999938, 0.0 ], [ 112.673155945000076, -8.019600301999958, 0.0 ], [ 112.673109281000052, -8.019895736999956, 0.0 ], [ 112.673050445000058, -8.020122504999961, 0.0 ], [ 112.673044994000065, -8.020143512999937, 0.0 ], [ 112.673023473000057, -8.020221705999973, 0.0 ], [ 112.672967418000098, -8.020360877999963, 0.0 ], [ 112.672808885000109, -8.021011586999975, 0.0 ], [ 112.672646448000023, -8.021750269999927, 0.0 ], [ 112.672635266000043, -8.021813555999927, 0.0 ], [ 112.672552796000105, -8.022280301999956, 0.0 ], [ 112.672666432000028, -8.022375392999948, 0.0 ], [ 112.672443385000065, -8.023218463999967, 0.0 ], [ 112.672713871000042, -8.023330273999932, 0.0 ], [ 112.672853398000029, -8.023373098999969, 0.0 ], [ 112.673315984000055, -8.02357959099993, 0.0 ], [ 112.673264304000099, -8.023727422999968, 0.0 ], [ 112.674163649000093, -8.024244739999972, 0.0 ], [ 112.674560428000063, -8.024475241999937, 0.0 ], [ 112.675202703000082, -8.024848360999954, 0.0 ], [ 112.675883863000081, -8.025128990999974, 0.0 ], [ 112.675955510000108, -8.025217470999962, 0.0 ], [ 112.676180331000069, -8.02530171199993, 0.0 ], [ 112.676372535000041, -8.025457862999929, 0.0 ], [ 112.676808874000017, -8.025647099999958, 0.0 ], [ 112.676788126000019, -8.025674140999968, 0.0 ], [ 112.675817677000055, -8.026938969999946, 0.0 ], [ 112.675256489000049, -8.027807192999944, 0.0 ], [ 112.674622311, -8.028716029999941, 0.0 ], [ 112.674356446000047, -8.029002865999928, 0.0 ], [ 112.673953821000055, -8.029704196999944, 0.0 ], [ 112.673399611000036, -8.03099943899997, 0.0 ], [ 112.673147543000027, -8.031368028999964, 0.0 ], [ 112.672475288000101, -8.031054182999981, 0.0 ], [ 112.672095219000084, -8.030815897999958, 0.0 ], [ 112.671530859000086, -8.030564258999959, 0.0 ], [ 112.67139772400003, -8.030823161999933, 0.0 ], [ 112.671184875000108, -8.03119782999994, 0.0 ], [ 112.670993941, -8.031517174999976, 0.0 ], [ 112.670903464000048, -8.031781419999959, 0.0 ], [ 112.670170827000106, -8.031810881999945, 0.0 ], [ 112.669981522000057, -8.031943543999944, 0.0 ], [ 112.669765986000016, -8.032155321999937, 0.0 ], [ 112.669722596000042, -8.032300589999977, 0.0 ], [ 112.669634837000103, -8.032406533999961, 0.0 ], [ 112.669533980000097, -8.032931442999939, 0.0 ], [ 112.669466195000041, -8.033092629999942, 0.0 ], [ 112.669459341000106, -8.033154309999929, 0.0 ], [ 112.669497824000018, -8.033291019999979, 0.0 ], [ 112.669393228000104, -8.033797954999955, 0.0 ], [ 112.669308443000091, -8.034155829999975, 0.0 ], [ 112.669171919000064, -8.034409503999939, 0.0 ], [ 112.668974117000062, -8.034769826999934, 0.0 ], [ 112.66879335200008, -8.035033985999974, 0.0 ], [ 112.668512432000057, -8.035409471999969, 0.0 ], [ 112.668112189000112, -8.035818437999978, 0.0 ], [ 112.667899024, -8.036611477999941, 0.0 ], [ 112.667756898000107, -8.037142520999964, 0.0 ], [ 112.667603410000083, -8.037437395999973, 0.0 ], [ 112.667604291000089, -8.037726490999944, 0.0 ], [ 112.667469071000028, -8.038226769999937, 0.0 ], [ 112.666344528000081, -8.037981465999962, 0.0 ], [ 112.666188287000068, -8.03842704799996, 0.0 ], [ 112.665708530000074, -8.039497881999978, 0.0 ], [ 112.665215000000103, -8.04075011499998, 0.0 ], [ 112.663487800000098, -8.040166708999948, 0.0 ], [ 112.662476022000078, -8.039858199999969, 0.0 ], [ 112.661812957000052, -8.039617795999959, 0.0 ], [ 112.661484709000092, -8.040313758999957, 0.0 ], [ 112.661171842000044, -8.04105784199993, 0.0 ], [ 112.661042191000092, -8.041439854999965, 0.0 ], [ 112.660813778000033, -8.042110914999967, 0.0 ], [ 112.660499894000054, -8.042973336999978, 0.0 ], [ 112.660281154000018, -8.04355856799998, 0.0 ], [ 112.660058348, -8.044137396999929, 0.0 ], [ 112.659339853, -8.043917011999952, 0.0 ], [ 112.659011590000091, -8.043801360999964, 0.0 ], [ 112.658831105000104, -8.043805795999958, 0.0 ], [ 112.658727357000089, -8.043788948999975, 0.0 ], [ 112.658140691000085, -8.043739788999972, 0.0 ], [ 112.65792650700007, -8.043716607999954, 0.0 ], [ 112.657816772000047, -8.044693102999929, 0.0 ], [ 112.657744505000096, -8.044986200999972, 0.0 ], [ 112.65754890200003, -8.045320296999932, 0.0 ], [ 112.657494195000027, -8.04540630799994, 0.0 ], [ 112.657122162000064, -8.045067812999946, 0.0 ], [ 112.656886099000076, -8.044851714999936, 0.0 ], [ 112.656710788000055, -8.044583299999942, 0.0 ], [ 112.656528066000078, -8.044644785999935, 0.0 ], [ 112.656336279000016, -8.044610845999955, 0.0 ], [ 112.65615356100011, -8.044654974999958, 0.0 ], [ 112.656053132000011, -8.044810778999931, 0.0 ], [ 112.655977903, -8.045037896999929, 0.0 ], [ 112.655981825000026, -8.045101160999934, 0.0 ], [ 112.656076514, -8.045447916999933, 0.0 ], [ 112.656111868000039, -8.045643580999979, 0.0 ], [ 112.656109654000034, -8.046000942999967, 0.0 ], [ 112.656117244000029, -8.046138410999959, 0.0 ], [ 112.656163255000024, -8.046397764999938, 0.0 ], [ 112.656077285000038, -8.046466906999967, 0.0 ], [ 112.655977698000015, -8.046645848999958, 0.0 ], [ 112.655827215000045, -8.046928233999949, 0.0 ], [ 112.655690163000031, -8.047220870999979, 0.0 ], [ 112.655501794000088, -8.047605379999936, 0.0 ], [ 112.655399008000018, -8.047825557999943, 0.0 ], [ 112.655224404000023, -8.048118345999967, 0.0 ], [ 112.655094105000103, -8.04834243199997, 0.0 ], [ 112.654971204000049, -8.048638445999927, 0.0 ], [ 112.654851246000021, -8.048848567999926, 0.0 ], [ 112.654679804000011, -8.04909117099993, 0.0 ], [ 112.654621303000113, -8.049071970999933, 0.0 ], [ 112.654589953000027, -8.049033405999978, 0.0 ], [ 112.654464802, -8.048867121999933, 0.0 ], [ 112.654359410000097, -8.048758884999927, 0.0 ], [ 112.654187425000032, -8.048627864999958, 0.0 ], [ 112.653856015000088, -8.048493418999954, 0.0 ], [ 112.653669028000081, -8.04846316499993, 0.0 ], [ 112.653408304000095, -8.048456530999943, 0.0 ], [ 112.653318716000058, -8.04844522999997, 0.0 ], [ 112.653181994000079, -8.048321660999932, 0.0 ], [ 112.653087931000073, -8.048221333999948, 0.0 ], [ 112.652884953000012, -8.048047587999974, 0.0 ], [ 112.65265833400008, -8.047854680999933, 0.0 ], [ 112.652541203000055, -8.047766017999948, 0.0 ], [ 112.652443990000052, -8.047774183999934, 0.0 ], [ 112.65241693300004, -8.047816870999952, 0.0 ], [ 112.652351887, -8.048065282999971, 0.0 ], [ 112.652236955000035, -8.048519374999955, 0.0 ], [ 112.652078224000093, -8.04909306299993, 0.0 ], [ 112.651995830000033, -8.04945427399997, 0.0 ], [ 112.651927755000088, -8.049638512999934, 0.0 ], [ 112.651873993000095, -8.049773516999949, 0.0 ], [ 112.651847113000031, -8.049859685999934, 0.0 ], [ 112.651810543000011, -8.049935950999952, 0.0 ], [ 112.651769044000048, -8.050051287999963, 0.0 ], [ 112.651754557000118, -8.050112818999935, 0.0 ], [ 112.651730185000019, -8.050134973999945, 0.0 ], [ 112.65169030900006, -8.050078543999973, 0.0 ], [ 112.6516549050001, -8.050036469999952, 0.0 ], [ 112.651615579, -8.050004896999951, 0.0 ], [ 112.651571295000053, -8.050005075999934, 0.0 ], [ 112.651529359000051, -8.050012566999953, 0.0 ], [ 112.651489797000067, -8.050015075999966, 0.0 ], [ 112.651425885000094, -8.049971127999981, 0.0 ], [ 112.651366371000108, -8.049941986999954, 0.0 ], [ 112.651327019000064, -8.049922527999968, 0.0 ], [ 112.651245414000073, -8.049832094999942, 0.0 ], [ 112.651203444000089, -8.049812645999964, 0.0 ], [ 112.650826105000078, -8.049752781999928, 0.0 ], [ 112.650480575000074, -8.049604468999974, 0.0 ], [ 112.650152912000067, -8.049564111999928, 0.0 ], [ 112.649940271000105, -8.049405589999935, 0.0 ], [ 112.649748253000098, -8.04938909599997, 0.0 ], [ 112.649691471000096, -8.049369616999968, 0.0 ], [ 112.649629515000015, -8.04931001999995, 0.0 ], [ 112.649580051000044, -8.049268543999972, 0.0 ], [ 112.649530491000064, -8.049222096999927, 0.0 ], [ 112.649444088000109, -8.049166033999938, 0.0 ], [ 112.649461329000019, -8.049119317999953, 0.0 ], [ 112.649488254000062, -8.049062799999945, 0.0 ], [ 112.649507396000104, -8.048986605999971, 0.0 ], [ 112.649512264, -8.048932616999934, 0.0 ], [ 112.649482577000072, -8.048898383999926, 0.0 ], [ 112.649450286000047, -8.048886128999925, 0.0 ], [ 112.649413329000026, -8.048866750999935, 0.0 ], [ 112.649376461000088, -8.048869429999968, 0.0 ], [ 112.649339526000063, -8.048874369999965, 0.0 ], [ 112.649310098000115, -8.048903958999972, 0.0 ], [ 112.649273101000063, -8.048948855999981, 0.0 ], [ 112.649240320000104, -8.048981711999943, 0.0 ], [ 112.649187316000052, -8.048990060999927, 0.0 ], [ 112.649123845000076, -8.048962834999941, 0.0 ], [ 112.649024687000065, -8.048915772999976, 0.0 ], [ 112.648948387000019, -8.048897636999925, 0.0 ], [ 112.648861459000045, -8.04887827899995, 0.0 ], [ 112.648774037000067, -8.048829180999974, 0.0 ], [ 112.648657107000076, -8.048789964999969, 0.0 ], [ 112.648534975000075, -8.04870385199996, 0.0 ], [ 112.648470399000075, -8.048662074999982, 0.0 ], [ 112.64831842500007, -8.048595878999947, 0.0 ], [ 112.648104469000032, -8.048537344999943, 0.0 ], [ 112.647947857000077, -8.048471076999931, 0.0 ], [ 112.647778509000091, -8.048399887999949, 0.0 ], [ 112.647656797000081, -8.048417823999955, 0.0 ], [ 112.647622134000017, -8.048484769999959, 0.0 ], [ 112.647530649000032, -8.048596510999971, 0.0 ], [ 112.647482800000034, -8.048714132999976, 0.0 ], [ 112.647561801000052, -8.048826726999948, 0.0 ], [ 112.647581269000057, -8.048923828999932, 0.0 ], [ 112.647477988000105, -8.049096818999942, 0.0 ], [ 112.64742172900003, -8.049206700999946, 0.0 ], [ 112.647371829, -8.049316737999959, 0.0 ], [ 112.647324755000113, -8.049367098999937, 0.0 ], [ 112.647217773000079, -8.049383167999963, 0.0 ], [ 112.647132774000056, -8.049433861999944, 0.0 ], [ 112.647057638000092, -8.049518869999929, 0.0 ], [ 112.647017151000114, -8.049625704999926, 0.0 ], [ 112.646951214000069, -8.049673067999947, 0.0 ], [ 112.646875194000017, -8.049705917999972, 0.0 ], [ 112.646800008000014, -8.049778449999963, 0.0 ], [ 112.646746602, -8.049853967999979, 0.0 ], [ 112.646753607000051, -8.050013948999947, 0.0 ], [ 112.64667849600005, -8.050105102999964, 0.0 ], [ 112.646631626000044, -8.050205816999949, 0.0 ], [ 112.646597471000064, -8.050306298999942, 0.0 ], [ 112.646468587000072, -8.050382119999938, 0.0 ], [ 112.646380520000093, -8.050432645999933, 0.0 ], [ 112.646283368000013, -8.050549019999949, 0.0 ], [ 112.646227152000051, -8.050669568999979, 0.0 ], [ 112.646246384000051, -8.050782401999982, 0.0 ], [ 112.646376117000045, -8.050916849999965, 0.0 ], [ 112.646381047000091, -8.05137805499993, 0.0 ], [ 112.64629926200007, -8.051409751999927, 0.0 ], [ 112.646129206000069, -8.051422818999981, 0.0 ], [ 112.645912654000085, -8.051555582999981, 0.0 ], [ 112.645840244000055, -8.051574676999962, 0.0 ], [ 112.64571086400008, -8.05150929399997, 0.0 ], [ 112.645635360000028, -8.051503267999976, 0.0 ], [ 112.645650613000043, -8.051390296999955, 0.0 ], [ 112.645573481000042, -8.051054947999944, 0.0 ], [ 112.645462024000039, -8.050704005999933, 0.0 ], [ 112.645408085000099, -8.050573321999934, 0.0 ], [ 112.645391743, -8.050416451999979, 0.0 ], [ 112.645369032000076, -8.050275607999936, 0.0 ], [ 112.645349585000076, -8.050128061999942, 0.0 ], [ 112.645358415000032, -8.049980581999932, 0.0 ], [ 112.645439112000076, -8.049697936999962, 0.0 ], [ 112.645438289000026, -8.049493995999967, 0.0 ], [ 112.645437732, -8.049356045999957, 0.0 ], [ 112.645496552000054, -8.049120496999933, 0.0 ], [ 112.645518535000065, -8.048914113999956, 0.0 ], [ 112.645498835000012, -8.048685297999953, 0.0 ], [ 112.645490743000096, -8.048274277999951, 0.0 ], [ 112.645445940000059, -8.048145907999981, 0.0 ], [ 112.645245350000096, -8.048322360999975, 0.0 ] ] ] ] } },
{ "type": "Feature", "properties": { "nm_kecamatan": "Sukun" }, "geometry": { "type": "MultiPolygon", "coordinates": [ [ [ [ 112.614061283000069, -8.009899443999927, 0.0 ], [ 112.613943615000039, -8.010201215999928, 0.0 ], [ 112.613695387, -8.010570485999949, 0.0 ], [ 112.613485940000032, -8.010872616999961, 0.0 ], [ 112.613395210000022, -8.011158100999978, 0.0 ], [ 112.613250423000068, -8.011411522999936, 0.0 ], [ 112.61316540700011, -8.011761622999927, 0.0 ], [ 112.612967480000066, -8.01229206499994, 0.0 ], [ 112.61252193100006, -8.012966310999957, 0.0 ], [ 112.612151134000101, -8.013457380999967, 0.0 ], [ 112.610191216000089, -8.012583887999938, 0.0 ], [ 112.609913771000038, -8.013456542999961, 0.0 ], [ 112.609813155000097, -8.013968071999955, 0.0 ], [ 112.609308434000013, -8.013938672999927, 0.0 ], [ 112.608659936000095, -8.013849716999971, 0.0 ], [ 112.607898705000025, -8.013666440999941, 0.0 ], [ 112.607845259000101, -8.013653572999942, 0.0 ], [ 112.607692222000082, -8.013616727999931, 0.0 ], [ 112.606481146000078, -8.013450678999959, 0.0 ], [ 112.606471862000035, -8.013086210999973, 0.0 ], [ 112.606544736000046, -8.012461515999973, 0.0 ], [ 112.606825805000085, -8.011322484999937, 0.0 ], [ 112.606865542000037, -8.011161450999964, 0.0 ], [ 112.606512868000095, -8.010763244999964, 0.0 ], [ 112.606011219000038, -8.010715205999929, 0.0 ], [ 112.605506657000092, -8.009942871999954, 0.0 ], [ 112.604828259000101, -8.009570882999981, 0.0 ], [ 112.604349247000073, -8.008923292999953, 0.0 ], [ 112.603747002000091, -8.008800788999963, 0.0 ], [ 112.603324267000062, -8.00840818599994, 0.0 ], [ 112.60262177200002, -8.00829239899997, 0.0 ], [ 112.602398845000039, -8.00825565599996, 0.0 ], [ 112.602357663000021, -8.008182813999952, 0.0 ], [ 112.602020132, -8.007585795999944, 0.0 ], [ 112.601501605000067, -8.007275556999957, 0.0 ], [ 112.601480593000019, -8.007260649999978, 0.0 ], [ 112.600888718000078, -8.006840747999945, 0.0 ], [ 112.600403009000047, -8.006889550999972, 0.0 ], [ 112.600105648000067, -8.007015550999938, 0.0 ], [ 112.599780725000073, -8.006825923999941, 0.0 ], [ 112.599760184000047, -8.006813935999958, 0.0 ], [ 112.599053053000034, -8.006379488999926, 0.0 ], [ 112.598900624000066, -8.006353112999932, 0.0 ], [ 112.598347365000109, -8.00625737699994, 0.0 ], [ 112.597835047000103, -8.006097154999964, 0.0 ], [ 112.59765694500004, -8.006041455999934, 0.0 ], [ 112.597359775000086, -8.005967029999965, 0.0 ], [ 112.598266172000081, -8.003888135999944, 0.0 ], [ 112.598794450000014, -8.000560487999962, 0.0 ], [ 112.598924107000016, -7.999743771999931, 0.0 ], [ 112.599146243000064, -7.999355986999944, 0.0 ], [ 112.599263836000091, -7.999147242999925, 0.0 ], [ 112.599333971000078, -7.999006303999977, 0.0 ], [ 112.599416077000114, -7.998923899999966, 0.0 ], [ 112.599786390000077, -7.998805212999969, 0.0 ], [ 112.599933218000047, -7.998728343999971, 0.0 ], [ 112.599991764000038, -7.998646030999964, 0.0 ], [ 112.599997170000051, -7.998517095999944, 0.0 ], [ 112.599966846000029, -7.998431023999956, 0.0 ], [ 112.599961447000055, -7.998415699999953, 0.0 ], [ 112.599943545000087, -7.998364883999955, 0.0 ], [ 112.599942950000013, -7.998250797999958, 0.0 ], [ 112.599986150000063, -7.998146394999935, 0.0 ], [ 112.60045312200009, -7.997284943999944, 0.0 ], [ 112.601015281000059, -7.996144825999977, 0.0 ], [ 112.60103218900008, -7.996110534999957, 0.0 ], [ 112.601279966000106, -7.99570674499995, 0.0 ], [ 112.6014000240001, -7.995511092999948, 0.0 ], [ 112.601082279000025, -7.995260371999962, 0.0 ], [ 112.600969638000038, -7.995395688999963, 0.0 ], [ 112.600923496000064, -7.995397947999948, 0.0 ], [ 112.6007169290001, -7.995308254999941, 0.0 ], [ 112.600456706000045, -7.995192371999963, 0.0 ], [ 112.600347704000114, -7.995167751999929, 0.0 ], [ 112.600266181000052, -7.995207754999967, 0.0 ], [ 112.600222429000041, -7.995266324999932, 0.0 ], [ 112.600243990000081, -7.995424898999943, 0.0 ], [ 112.600304421000033, -7.995525780999969, 0.0 ], [ 112.600482200000101, -7.995822562999933, 0.0 ], [ 112.600566779000019, -7.99597167099995, 0.0 ], [ 112.600532299000065, -7.996259737999935, 0.0 ], [ 112.600475842000037, -7.996282918999952, 0.0 ], [ 112.600387849000072, -7.996274942999946, 0.0 ], [ 112.600373221000041, -7.99627136099997, 0.0 ], [ 112.6002955350001, -7.996252338999966, 0.0 ], [ 112.600197233000017, -7.996286077999969, 0.0 ], [ 112.600080147000085, -7.996336704999976, 0.0 ], [ 112.599938099000042, -7.99644989799998, 0.0 ], [ 112.599825364000026, -7.996542183999964, 0.0 ], [ 112.599708050000118, -7.996687734999966, 0.0 ], [ 112.599662268000088, -7.996763036999937, 0.0 ], [ 112.599662504000094, -7.996823605999964, 0.0 ], [ 112.599731665000036, -7.996835813999951, 0.0 ], [ 112.599825967000015, -7.996831289999932, 0.0 ], [ 112.599863754000012, -7.996854105999944, 0.0 ], [ 112.599872376, -7.99691672199998, 0.0 ], [ 112.59981674800008, -7.997152708999977, 0.0 ], [ 112.599710216000062, -7.99747378099994, 0.0 ], [ 112.599630358000013, -7.99726932699997, 0.0 ], [ 112.599545601000045, -7.997151498999926, 0.0 ], [ 112.599508559000014, -7.997127956999975, 0.0 ], [ 112.59947967100004, -7.997162240999955, 0.0 ], [ 112.599454740000056, -7.997261281999954, 0.0 ], [ 112.599445936000052, -7.997296258999938, 0.0 ], [ 112.599419843000078, -7.997356748999948, 0.0 ], [ 112.599390835, -7.997341130999928, 0.0 ], [ 112.59935633200007, -7.99727825399998, 0.0 ], [ 112.599329510000075, -7.997170687999926, 0.0 ], [ 112.599358101, -7.997060284999975, 0.0 ], [ 112.599362118000045, -7.997043160999965, 0.0 ], [ 112.599371050000059, -7.99700508899997, 0.0 ], [ 112.599286005000067, -7.996832205999965, 0.0 ], [ 112.599262307000117, -7.996816476999982, 0.0 ], [ 112.599267124000107, -7.996708878999925, 0.0 ], [ 112.599185047000105, -7.996606769999971, 0.0 ], [ 112.599005394000073, -7.996494551999945, 0.0 ], [ 112.598853913000085, -7.996433121999928, 0.0 ], [ 112.598832328000071, -7.996421515999941, 0.0 ], [ 112.598795823000046, -7.996401886999934, 0.0 ], [ 112.598790652000048, -7.996355211999969, 0.0 ], [ 112.598787683000069, -7.996328419999941, 0.0 ], [ 112.598818542000117, -7.996147132999965, 0.0 ], [ 112.598784090000095, -7.996097363999979, 0.0 ], [ 112.59867062, -7.996058477999952, 0.0 ], [ 112.598536221000018, -7.996061619999978, 0.0 ], [ 112.598433143000079, -7.995983186999979, 0.0 ], [ 112.598340714000074, -7.995931020999933, 0.0 ], [ 112.598200841000107, -7.995892235999975, 0.0 ], [ 112.5981214950001, -7.995819045999951, 0.0 ], [ 112.598073402000068, -7.995742840999981, 0.0 ], [ 112.597955126000102, -7.99562224899995, 0.0 ], [ 112.597884988000033, -7.995589522999978, 0.0 ], [ 112.597778082000104, -7.995545909999976, 0.0 ], [ 112.5975819250001, -7.995363330999965, 0.0 ], [ 112.59744175700007, -7.995372169999939, 0.0 ], [ 112.597250503000055, -7.995384229999956, 0.0 ], [ 112.597187506000068, -7.995341441999926, 0.0 ], [ 112.597214322000013, -7.995236050999949, 0.0 ], [ 112.597220363000019, -7.995212308999953, 0.0 ], [ 112.597194295, -7.995067855999935, 0.0 ], [ 112.597154898000099, -7.995034739999937, 0.0 ], [ 112.597088269000096, -7.995038974999943, 0.0 ], [ 112.59699433600008, -7.995099907999929, 0.0 ], [ 112.596899779000069, -7.995000558999948, 0.0 ], [ 112.596768196000085, -7.995003564999934, 0.0 ], [ 112.596704500000101, -7.995005019999951, 0.0 ], [ 112.59668939200003, -7.994928568999967, 0.0 ], [ 112.596670547000031, -7.994833204999964, 0.0 ], [ 112.596414600000116, -7.994667053999933, 0.0 ], [ 112.596395195000014, -7.994654456999967, 0.0 ], [ 112.596374044000072, -7.994628457999966, 0.0 ], [ 112.596314401000086, -7.994555143999946, 0.0 ], [ 112.596231238000087, -7.994365889999926, 0.0 ], [ 112.596041781000054, -7.994232644999954, 0.0 ], [ 112.595786255, -7.994112490999953, 0.0 ], [ 112.595599695000033, -7.994070179999937, 0.0 ], [ 112.59550553300005, -7.994053004999955, 0.0 ], [ 112.59530269600009, -7.993864212999938, 0.0 ], [ 112.595000077, -7.993828767999958, 0.0 ], [ 112.594847163000054, -7.993821492999928, 0.0 ], [ 112.594411421000018, -7.993751936999956, 0.0 ], [ 112.594221626000035, -7.993743176999942, 0.0 ], [ 112.594050681000112, -7.993715449999968, 0.0 ], [ 112.593891371000041, -7.993621592999943, 0.0 ], [ 112.593779822000101, -7.993614880999928, 0.0 ], [ 112.593511835000072, -7.993637249999949, 0.0 ], [ 112.593249469000057, -7.993604902999948, 0.0 ], [ 112.593135473000075, -7.993565112999931, 0.0 ], [ 112.59300048800003, -7.99362945799993, 0.0 ], [ 112.592860781000013, -7.99371036499997, 0.0 ], [ 112.592792061000068, -7.993715330999976, 0.0 ], [ 112.592647275000104, -7.99370169599996, 0.0 ], [ 112.592545317000031, -7.993718631999968, 0.0 ], [ 112.592422097000053, -7.993749843999979, 0.0 ], [ 112.592310493000014, -7.99372902999994, 0.0 ], [ 112.592172620000042, -7.993665735999969, 0.0 ], [ 112.591943994000076, -7.99344214499996, 0.0 ], [ 112.591876109000054, -7.99339241399997, 0.0 ], [ 112.591769191000026, -7.993345544999954, 0.0 ], [ 112.591597962000037, -7.99324459099995, 0.0 ], [ 112.591443448000064, -7.993171958999937, 0.0 ], [ 112.591285984000024, -7.992936250999946, 0.0 ], [ 112.590996038000071, -7.992793173999928, 0.0 ], [ 112.590867673000048, -7.992732193999927, 0.0 ], [ 112.590790491, -7.99271513399998, 0.0 ], [ 112.590693229000067, -7.992708455999946, 0.0 ], [ 112.590577041000074, -7.992720745999975, 0.0 ], [ 112.590370703000076, -7.992747485999928, 0.0 ], [ 112.590315985000075, -7.992698064999956, 0.0 ], [ 112.590094530000101, -7.992490989999965, 0.0 ], [ 112.589994727000089, -7.992446442999949, 0.0 ], [ 112.589849905000051, -7.992423404999954, 0.0 ], [ 112.589758474000064, -7.992438941999978, 0.0 ], [ 112.589736138000035, -7.992442736999976, 0.0 ], [ 112.589636610000071, -7.992469065999956, 0.0 ], [ 112.589434295000046, -7.992405874999974, 0.0 ], [ 112.58923917900006, -7.99234493299997, 0.0 ], [ 112.589283253000076, -7.992098232999979, 0.0 ], [ 112.589484506000076, -7.991550246999964, 0.0 ], [ 112.589622641, -7.991159624999966, 0.0 ], [ 112.589677150000057, -7.990304740999932, 0.0 ], [ 112.589704205000089, -7.990241082999944, 0.0 ], [ 112.589773697000055, -7.990165237999975, 0.0 ], [ 112.590115518000061, -7.989855556999942, 0.0 ], [ 112.590239263000058, -7.989535233999959, 0.0 ], [ 112.590438127000084, -7.989162548999957, 0.0 ], [ 112.5906397870001, -7.988720332999947, 0.0 ], [ 112.590922507000073, -7.987983089999943, 0.0 ], [ 112.590961601000117, -7.987880150999956, 0.0 ], [ 112.591009225000107, -7.987685828999929, 0.0 ], [ 112.59105149100003, -7.987513368999942, 0.0 ], [ 112.591063215000077, -7.987465531999931, 0.0 ], [ 112.59106590500005, -7.987460247999934, 0.0 ], [ 112.591217097000026, -7.987163262999957, 0.0 ], [ 112.591376409000077, -7.986621314999979, 0.0 ], [ 112.591498397, -7.986021198999936, 0.0 ], [ 112.591503953000029, -7.985968743999933, 0.0 ], [ 112.591292995000117, -7.985921641999937, 0.0 ], [ 112.591058025000052, -7.985893344999965, 0.0 ], [ 112.59074785200005, -7.98574040099993, 0.0 ], [ 112.590646360000051, -7.985703544999978, 0.0 ], [ 112.590208086000075, -7.985537711999939, 0.0 ], [ 112.590114400000061, -7.985469003999981, 0.0 ], [ 112.589907216000029, -7.985372887999972, 0.0 ], [ 112.589688276000061, -7.985331239999937, 0.0 ], [ 112.589525386000105, -7.985315863999972, 0.0 ], [ 112.589237283000102, -7.98533830699995, 0.0 ], [ 112.589143918000104, -7.985333331999925, 0.0 ], [ 112.589042424000013, -7.985315097999944, 0.0 ], [ 112.588833714000089, -7.985172338999973, 0.0 ], [ 112.588732210000103, -7.985151483999971, 0.0 ], [ 112.588470675000053, -7.985139198999946, 0.0 ], [ 112.588357187000042, -7.985075448999964, 0.0 ], [ 112.58825825200006, -7.985022670999967, 0.0 ], [ 112.588159810000093, -7.985097450999945, 0.0 ], [ 112.588106725000102, -7.985180102999948, 0.0 ], [ 112.588024998000037, -7.98543824799998, 0.0 ], [ 112.587916304000032, -7.985531328999969, 0.0 ], [ 112.587701302000028, -7.985676437999928, 0.0 ], [ 112.587671065000109, -7.985710093999955, 0.0 ], [ 112.587540645000104, -7.985948807999932, 0.0 ], [ 112.587426612000058, -7.986073369999929, 0.0 ], [ 112.587299130000019, -7.986201328999925, 0.0 ], [ 112.587188503000107, -7.986336001999973, 0.0 ], [ 112.587138070000037, -7.986369735999972, 0.0 ], [ 112.586848492000058, -7.986397696999973, 0.0 ], [ 112.586643443000071, -7.98650588299995, 0.0 ], [ 112.586576192000052, -7.986522865999973, 0.0 ], [ 112.586431210000114, -7.986496661999979, 0.0 ], [ 112.58616160300005, -7.986447341999963, 0.0 ], [ 112.586052546000019, -7.986562662999972, 0.0 ], [ 112.585901777000117, -7.986781384999972, 0.0 ], [ 112.585821115000044, -7.986811888999966, 0.0 ], [ 112.585655899000017, -7.986775637999926, 0.0 ], [ 112.585419923000018, -7.986719497999957, 0.0 ], [ 112.585140312000021, -7.986713789999953, 0.0 ], [ 112.58468188900008, -7.98661827199993, 0.0 ], [ 112.584439172000089, -7.986578971999961, 0.0 ], [ 112.584233373000075, -7.986492520999946, 0.0 ], [ 112.584113977000015, -7.986506719999966, 0.0 ], [ 112.583935880000013, -7.986621490999937, 0.0 ], [ 112.583731024000031, -7.986779939999963, 0.0 ], [ 112.583656786, -7.98675002899995, 0.0 ], [ 112.583545148000098, -7.986622987999965, 0.0 ], [ 112.583467799, -7.986640008999927, 0.0 ], [ 112.583353510000052, -7.986717650999935, 0.0 ], [ 112.583212266000032, -7.98676854699994, 0.0 ], [ 112.583141677000071, -7.986812390999944, 0.0 ], [ 112.583003695000116, -7.986836424999979, 0.0 ], [ 112.582926517000033, -7.986917269999935, 0.0 ], [ 112.582822645000078, -7.987058606999938, 0.0 ], [ 112.582748571000025, -7.987052109999979, 0.0 ], [ 112.582583097000111, -7.986948778999931, 0.0 ], [ 112.582444611000028, -7.986841908999963, 0.0 ], [ 112.582189869000103, -7.98665176999998, 0.0 ], [ 112.582115746000113, -7.986652053999933, 0.0 ], [ 112.581971136000107, -7.986702870999977, 0.0 ], [ 112.581725580000011, -7.986781015999952, 0.0 ], [ 112.581472907000034, -7.986778636999929, 0.0 ], [ 112.581176182000036, -7.98669922199997, 0.0 ], [ 112.580927855000027, -7.98658192299996, 0.0 ], [ 112.580759064000063, -7.986471822999931, 0.0 ], [ 112.580559674000028, -7.986301450999974, 0.0 ], [ 112.580468180000025, -7.986160860999973, 0.0 ], [ 112.580416638000088, -7.985906118999935, 0.0 ], [ 112.580308277000086, -7.985755467999979, 0.0 ], [ 112.580190180000045, -7.985698873999979, 0.0 ], [ 112.580099177000079, -7.985685841999953, 0.0 ], [ 112.579964432000111, -7.985676321999961, 0.0 ], [ 112.5798092980001, -7.985616524999955, 0.0 ], [ 112.579744448000042, -7.985401972999966, 0.0 ], [ 112.579713924000089, -7.985341698999946, 0.0 ], [ 112.579656592000106, -7.985331882999958, 0.0 ], [ 112.579585974000111, -7.985348877999968, 0.0 ], [ 112.579441702000054, -7.985507183999971, 0.0 ], [ 112.579384574000073, -7.985530906999941, 0.0 ], [ 112.57933731300011, -7.985514271999932, 0.0 ], [ 112.579286529000115, -7.985437260999959, 0.0 ], [ 112.579180460000089, -7.985201620999931, 0.0 ], [ 112.57912310200004, -7.985185024999964, 0.0 ], [ 112.578975048000075, -7.98521578499998, 0.0 ], [ 112.57893798900011, -7.985226051999973, 0.0 ], [ 112.578795855000067, -7.985045424999953, 0.0 ], [ 112.578600656000049, -7.985089744999925, 0.0 ], [ 112.578334790000099, -7.985137768999948, 0.0 ], [ 112.578247114000078, -7.985114598999928, 0.0 ], [ 112.578061369000011, -7.984991182999977, 0.0 ], [ 112.578038343000117, -7.984982012999978, 0.0 ], [ 112.577925331000074, -7.984937006999928, 0.0 ], [ 112.577833761000079, -7.984776346999979, 0.0 ], [ 112.577711926, -7.984622491999971, 0.0 ], [ 112.577610735, -7.984585902999981, 0.0 ], [ 112.577526670000111, -7.984626542999933, 0.0 ], [ 112.577450667000107, -7.984697893999964, 0.0 ], [ 112.577422629000012, -7.984724214999972, 0.0 ], [ 112.57738564400006, -7.984734390999961, 0.0 ], [ 112.577338317000113, -7.98468096199997, 0.0 ], [ 112.577305501000069, -7.984546921999936, 0.0 ], [ 112.577197969000053, -7.98410770199996, 0.0 ], [ 112.576975149000077, -7.98397095699994, 0.0 ], [ 112.576815144000079, -7.983869228999936, 0.0 ], [ 112.576467767000054, -7.983746427999961, 0.0 ], [ 112.576585501000068, -7.983674440999948, 0.0 ], [ 112.576781550000078, -7.983554569999967, 0.0 ], [ 112.577025245000073, -7.983010855999964, 0.0 ], [ 112.577105326000037, -7.982828566999956, 0.0 ], [ 112.576959222000028, -7.982743510999967, 0.0 ], [ 112.577333684000109, -7.981952675999935, 0.0 ], [ 112.577697755000031, -7.981377854999948, 0.0 ], [ 112.577798437000069, -7.98120416699993, 0.0 ], [ 112.577858227000092, -7.98121144199996, 0.0 ], [ 112.577969458000098, -7.980980125999963, 0.0 ], [ 112.578185431000065, -7.980755914999975, 0.0 ], [ 112.578352658000085, -7.980498348999959, 0.0 ], [ 112.578449462000094, -7.980249729999969, 0.0 ], [ 112.578479119, -7.980201160999968, 0.0 ], [ 112.578634669000053, -7.979824486999973, 0.0 ], [ 112.578765442000076, -7.979812867999954, 0.0 ], [ 112.579050292000034, -7.97904099699997, 0.0 ], [ 112.579278180000074, -7.979017797999973, 0.0 ], [ 112.579618644000107, -7.979094697999926, 0.0 ], [ 112.579958748000081, -7.979097106999973, 0.0 ], [ 112.58030283800008, -7.979144159999976, 0.0 ], [ 112.580568509000045, -7.979221344999928, 0.0 ], [ 112.580815681000104, -7.979350762999957, 0.0 ], [ 112.58106667900006, -7.979502496999942, 0.0 ], [ 112.581215811000106, -7.979655522999963, 0.0 ], [ 112.581433127000082, -7.97978134899995, 0.0 ], [ 112.581725059000064, -7.979899385999943, 0.0 ], [ 112.58202067600007, -7.979983868999966, 0.0 ], [ 112.582080627000096, -7.980013472999929, 0.0 ], [ 112.582297896000114, -7.98014662099996, 0.0 ], [ 112.582410471000117, -7.980265342999928, 0.0 ], [ 112.582549139000093, -7.980361634999952, 0.0 ], [ 112.582732583000052, -7.980431719999956, 0.0 ], [ 112.582863255, -7.980393972999934, 0.0 ], [ 112.583072991000108, -7.980493699999954, 0.0 ], [ 112.583233951000011, -7.98057128399995, 0.0 ], [ 112.583238063000067, -7.980668090999927, 0.0 ], [ 112.583230870000079, -7.980742519999978, 0.0 ], [ 112.58328705200006, -7.980764634999957, 0.0 ], [ 112.583413956000072, -7.980719489999956, 0.0 ], [ 112.583457086000067, -7.980731890999948, 0.0 ], [ 112.583513425000092, -7.980794958999979, 0.0 ], [ 112.583554849000052, -7.980869292999955, 0.0 ], [ 112.583581124000034, -7.980913851999958, 0.0 ], [ 112.583663341000033, -7.980898619999948, 0.0 ], [ 112.583730581000054, -7.980898362999937, 0.0 ], [ 112.583902835000117, -7.980975902999944, 0.0 ], [ 112.584123745000056, -7.981083, 0.0 ], [ 112.584344357000077, -7.981093364999936, 0.0 ], [ 112.584381854000071, -7.981119257999978, 0.0 ], [ 112.584464426000068, -7.981215763999955, 0.0 ], [ 112.584524302000091, -7.981245367999975, 0.0 ], [ 112.584591689000035, -7.981263732999935, 0.0 ], [ 112.584670349000021, -7.981315504999941, 0.0 ], [ 112.584760289000087, -7.981363616999943, 0.0 ], [ 112.584876189000056, -7.981374292999931, 0.0 ], [ 112.584996001000036, -7.981429702999947, 0.0 ], [ 112.585134611000058, -7.981511077999926, 0.0 ], [ 112.585258407000083, -7.981629755999961, 0.0 ], [ 112.58542685000009, -7.981688686999973, 0.0 ], [ 112.58551133900005, -7.981719732999977, 0.0 ], [ 112.585537542000111, -7.981745668999963, 0.0 ], [ 112.585608655000101, -7.981760312999938, 0.0 ], [ 112.586162194000053, -7.981851216999928, 0.0 ], [ 112.586489285000084, -7.981388271999947, 0.0 ], [ 112.586523057000022, -7.981417975999932, 0.0 ], [ 112.586594504000118, -7.981422492999968, 0.0 ], [ 112.586751813000092, -7.981464650999953, 0.0 ], [ 112.586940835000064, -7.981487611999967, 0.0 ], [ 112.587136380000061, -7.981553307999945, 0.0 ], [ 112.587449504, -7.981658059999972, 0.0 ], [ 112.587529052000036, -7.981687768999961, 0.0 ], [ 112.587634090000051, -7.981752275999952, 0.0 ], [ 112.587828044000048, -7.98183217199994, 0.0 ], [ 112.588444965, -7.982163212999978, 0.0 ], [ 112.588766487000044, -7.982311686999935, 0.0 ], [ 112.588941102000035, -7.982264548999979, 0.0 ], [ 112.589123637000057, -7.982311761999938, 0.0 ], [ 112.589330319000055, -7.982394861999978, 0.0 ], [ 112.589412549000031, -7.982402501999957, 0.0 ], [ 112.589454475000025, -7.982374405999963, 0.0 ], [ 112.589550036000105, -7.982212306999941, 0.0 ], [ 112.589620078000053, -7.982182114999944, 0.0 ], [ 112.589786436000054, -7.982185452999943, 0.0 ], [ 112.589959017000069, -7.982250693999958, 0.0 ], [ 112.590230082000062, -7.982387427999981, 0.0 ], [ 112.590432931, -7.982504352999968, 0.0 ], [ 112.590487307000103, -7.982586388999948, 0.0 ], [ 112.590568429000086, -7.982708776999971, 0.0 ], [ 112.590607101000046, -7.982762794999928, 0.0 ], [ 112.590642202000026, -7.982811824999942, 0.0 ], [ 112.590690577000032, -7.982884684999931, 0.0 ], [ 112.590708398000061, -7.982955543999935, 0.0 ], [ 112.590734257, -7.983058362999941, 0.0 ], [ 112.590785951000043, -7.98310311299997, 0.0 ], [ 112.590815458000066, -7.983128655999963, 0.0 ], [ 112.590882762000092, -7.983261421999941, 0.0 ], [ 112.590930173000061, -7.983354945999963, 0.0 ], [ 112.590968574000044, -7.983396118999963, 0.0 ], [ 112.590991085000041, -7.983420254999942, 0.0 ], [ 112.591127933000053, -7.983490242999949, 0.0 ], [ 112.591275148000022, -7.98361063699997, 0.0 ], [ 112.591349192000052, -7.983686832999979, 0.0 ], [ 112.591405132000091, -7.983762285999944, 0.0 ], [ 112.591456668000092, -7.983840105999946, 0.0 ], [ 112.591523653000081, -7.983889750999936, 0.0 ], [ 112.591788042000076, -7.984001918999979, 0.0 ], [ 112.591884244000084, -7.983831770999927, 0.0 ], [ 112.591890205000027, -7.983652025999959, 0.0 ], [ 112.591993125000045, -7.983478597999977, 0.0 ], [ 112.592150016, -7.983451414999934, 0.0 ], [ 112.592240283000024, -7.983467701999928, 0.0 ], [ 112.592417747000013, -7.983576768999967, 0.0 ], [ 112.592484807, -7.983684542999981, 0.0 ], [ 112.593360563000033, -7.983735231999958, 0.0 ], [ 112.593442608000032, -7.983695138999963, 0.0 ], [ 112.594051748000084, -7.983252346999961, 0.0 ], [ 112.594505122000101, -7.982702665999966, 0.0 ], [ 112.595183318000068, -7.981860927999946, 0.0 ], [ 112.595289289000107, -7.981683600999929, 0.0 ], [ 112.595374688000106, -7.981736970999975, 0.0 ], [ 112.595615038, -7.98182264999997, 0.0 ], [ 112.595890107000059, -7.98191172199995, 0.0 ], [ 112.59608895100007, -7.982056413999942, 0.0 ], [ 112.596104599000114, -7.982387951999954, 0.0 ], [ 112.596092368000086, -7.982821121999962, 0.0 ], [ 112.596121658000015, -7.983198712999979, 0.0 ], [ 112.59627892200001, -7.983402507999926, 0.0 ], [ 112.596446347000096, -7.983526618999974, 0.0 ], [ 112.596609767000018, -7.983505194999964, 0.0 ], [ 112.596703898000101, -7.983553378999943, 0.0 ], [ 112.596770870000114, -7.983792145999928, 0.0 ], [ 112.596868239000059, -7.983788334999929, 0.0 ], [ 112.596940996000058, -7.983725585999935, 0.0 ], [ 112.597301635, -7.983083686999976, 0.0 ], [ 112.59768202500004, -7.98242417299997, 0.0 ], [ 112.597911551000038, -7.981899038999927, 0.0 ], [ 112.598204759000055, -7.981164858999932, 0.0 ], [ 112.598264219000043, -7.981015974999934, 0.0 ], [ 112.597305057000085, -7.980591687999947, 0.0 ], [ 112.596831826000084, -7.980382353999971, 0.0 ], [ 112.597484082000051, -7.979107716999977, 0.0 ], [ 112.597494714000049, -7.979086939999945, 0.0 ], [ 112.596692027000017, -7.978742797999928, 0.0 ], [ 112.596396748000075, -7.978687861999958, 0.0 ], [ 112.596325941000032, -7.978674688999945, 0.0 ], [ 112.594720399000039, -7.977853687999925, 0.0 ], [ 112.592415934000087, -7.976675288999957, 0.0 ], [ 112.592032087, -7.976520456999936, 0.0 ], [ 112.591809836000039, -7.976424528999928, 0.0 ], [ 112.591752862000021, -7.976399937999929, 0.0 ], [ 112.591736099000059, -7.976383360999932, 0.0 ], [ 112.591612985000097, -7.976261615999931, 0.0 ], [ 112.591351321000047, -7.976175743999931, 0.0 ], [ 112.591072281000038, -7.976099659999932, 0.0 ], [ 112.591037452000023, -7.976090162999981, 0.0 ], [ 112.591026366000051, -7.976076035999938, 0.0 ], [ 112.590923652000015, -7.975945140999954, 0.0 ], [ 112.591632663000041, -7.974232615999938, 0.0 ], [ 112.591110836000098, -7.974061587999927, 0.0 ], [ 112.591714472000035, -7.973147516999973, 0.0 ], [ 112.591811890000031, -7.972999998999967, 0.0 ], [ 112.591826587000014, -7.972967553999979, 0.0 ], [ 112.591831486000046, -7.972956738999926, 0.0 ], [ 112.59188753400008, -7.972833003999938, 0.0 ], [ 112.592187329000012, -7.972916107999936, 0.0 ], [ 112.592496165000057, -7.973035066999955, 0.0 ], [ 112.592741647000025, -7.973114853999959, 0.0 ], [ 112.592953306000027, -7.97315146699998, 0.0 ], [ 112.593021730000032, -7.973167475999958, 0.0 ], [ 112.593128762000106, -7.973226097999941, 0.0 ], [ 112.593410214000073, -7.973420015999977, 0.0 ], [ 112.593614433000084, -7.973582678999946, 0.0 ], [ 112.593697894000115, -7.973676919999946, 0.0 ], [ 112.593769235000082, -7.973731791999967, 0.0 ], [ 112.59390746400004, -7.973695821999968, 0.0 ], [ 112.594160092000038, -7.973592422999957, 0.0 ], [ 112.594379318000051, -7.973709554999971, 0.0 ], [ 112.594855962000111, -7.973498847999963, 0.0 ], [ 112.594908476000114, -7.973475633999954, 0.0 ], [ 112.595160923000094, -7.973538214999962, 0.0 ], [ 112.59541579800009, -7.973397288999934, 0.0 ], [ 112.595772888000056, -7.97326871599995, 0.0 ], [ 112.596076025000116, -7.973229397999944, 0.0 ], [ 112.596408029000031, -7.973228118999941, 0.0 ], [ 112.596860077000088, -7.973207391999949, 0.0 ], [ 112.597185934000095, -7.973260196999945, 0.0 ], [ 112.597693156000105, -7.973156536999966, 0.0 ], [ 112.597920087000034, -7.973216050999952, 0.0 ], [ 112.598101859000053, -7.973183527999936, 0.0 ], [ 112.598360763000073, -7.973252500999934, 0.0 ], [ 112.598425117000033, -7.973395360999973, 0.0 ], [ 112.599028617000045, -7.973431181999956, 0.0 ], [ 112.599272696000071, -7.973438194999972, 0.0 ], [ 112.599313817000052, -7.973395817999972, 0.0 ], [ 112.599309389000041, -7.973276231999932, 0.0 ], [ 112.59924895600011, -7.973160929999949, 0.0 ], [ 112.59927267, -7.973085080999965, 0.0 ], [ 112.599396072000104, -7.972929200999943, 0.0 ], [ 112.599499830000013, -7.972857019999935, 0.0 ], [ 112.599631699000042, -7.972820620999926, 0.0 ], [ 112.599699546000011, -7.972784468999976, 0.0 ], [ 112.599715319000097, -7.972724651999954, 0.0 ], [ 112.599723149000056, -7.972660886999961, 0.0 ], [ 112.600109917000054, -7.972336473999974, 0.0 ], [ 112.600293439000097, -7.972196272999952, 0.0 ], [ 112.600473324000063, -7.972159687999977, 0.0 ], [ 112.600545241000077, -7.972131475999959, 0.0 ], [ 112.600752600000078, -7.97194733699996, 0.0 ], [ 112.600856388000011, -7.971883201999958, 0.0 ], [ 112.601055121000059, -7.971827197999971, 0.0 ], [ 112.601151166000022, -7.971887576999961, 0.0 ], [ 112.601212256000053, -7.971922055999926, 0.0 ], [ 112.601403773000015, -7.971895279999956, 0.0 ], [ 112.601534165000089, -7.971825345999946, 0.0 ], [ 112.601768947000096, -7.971711524999932, 0.0 ], [ 112.601908048000041, -7.971650235999959, 0.0 ], [ 112.602021081000089, -7.97159772699996, 0.0 ], [ 112.602177744000073, -7.971570994999979, 0.0 ], [ 112.602420899000094, -7.971514094999975, 0.0 ], [ 112.602641077000044, -7.971549133999929, 0.0 ], [ 112.602897243000029, -7.971568030999947, 0.0 ], [ 112.603077236000104, -7.971559379999974, 0.0 ], [ 112.603172850000078, -7.971451429999945, 0.0 ], [ 112.603220448000116, -7.971343575999981, 0.0 ], [ 112.603276607000112, -7.971187141999962, 0.0 ], [ 112.603285516000028, -7.97103586399993, 0.0 ], [ 112.603327843000102, -7.970534685999951, 0.0 ], [ 112.602973036000094, -7.970518430999959, 0.0 ], [ 112.602666848000013, -7.97036837099995, 0.0 ], [ 112.602448274000039, -7.970284146999973, 0.0 ], [ 112.602273989000082, -7.970202914999959, 0.0 ], [ 112.601580141000113, -7.969896780999932, 0.0 ], [ 112.601672531000077, -7.969459686999926, 0.0 ], [ 112.601704315, -7.969497442999966, 0.0 ], [ 112.601798380000105, -7.969279659999927, 0.0 ], [ 112.601008519000061, -7.968709193999928, 0.0 ], [ 112.60105851600008, -7.968545100999961, 0.0 ], [ 112.600840981000033, -7.968419918999928, 0.0 ], [ 112.6011582860001, -7.967716712999959, 0.0 ], [ 112.601877411000032, -7.968003856999928, 0.0 ], [ 112.602094512, -7.967709931999934, 0.0 ], [ 112.602500253000017, -7.967938348999951, 0.0 ], [ 112.602704482000036, -7.967584715999976, 0.0 ], [ 112.60274826300008, -7.96751493599993, 0.0 ], [ 112.602666365, -7.967476288999933, 0.0 ], [ 112.602616278000028, -7.967405697999936, 0.0 ], [ 112.60255204200007, -7.967331543999933, 0.0 ], [ 112.602498400000059, -7.967250388999958, 0.0 ], [ 112.602444900000023, -7.967186860999959, 0.0 ], [ 112.602380741000047, -7.967151670999954, 0.0 ], [ 112.602291936000029, -7.967144962999953, 0.0 ], [ 112.602217253000049, -7.96713458399995, 0.0 ], [ 112.602135410000074, -7.96711012999998, 0.0 ], [ 112.60198929, -7.967000945999928, 0.0 ], [ 112.601857270000096, -7.966863409999974, 0.0 ], [ 112.601650278000079, -7.966641185999947, 0.0 ], [ 112.60153613500006, -7.966542453999978, 0.0 ], [ 112.601400945000023, -7.966493435999951, 0.0 ], [ 112.601251510000111, -7.966455048999933, 0.0 ], [ 112.60110578900003, -7.966448560999936, 0.0 ], [ 112.600899568000045, -7.96642458599996, 0.0 ], [ 112.600771372000054, -7.966347153999948, 0.0 ], [ 112.60069726200004, -7.966195291999952, 0.0 ], [ 112.600621017000094, -7.966071733999968, 0.0 ], [ 112.600576399000033, -7.965983852999955, 0.0 ], [ 112.60053816300001, -7.965883291999944, 0.0 ], [ 112.600489340000081, -7.96579117899995, 0.0 ], [ 112.600457306000067, -7.965669709999929, 0.0 ], [ 112.60044434800011, -7.965587944999982, 0.0 ], [ 112.600439688000051, -7.965504882999937, 0.0 ], [ 112.600460419000115, -7.965431395999929, 0.0 ], [ 112.600474990000066, -7.965389391999963, 0.0 ], [ 112.600485356000036, -7.96534315599996, 0.0 ], [ 112.600489415000084, -7.965290706999951, 0.0 ], [ 112.600468129000092, -7.965240433999952, 0.0 ], [ 112.600419552000062, -7.96519234699997, 0.0 ], [ 112.600284823000038, -7.965204437999944, 0.0 ], [ 112.599981183000068, -7.965231780999943, 0.0 ], [ 112.599840115, -7.965244484999971, 0.0 ], [ 112.599686120000115, -7.965245078999942, 0.0 ], [ 112.599442235000083, -7.965228933999981, 0.0 ], [ 112.599305318, -7.96521671499994, 0.0 ], [ 112.599215444000038, -7.965204224999979, 0.0 ], [ 112.599176645000057, -7.96513196099994, 0.0 ], [ 112.599236123000082, -7.965020897999977, 0.0 ], [ 112.599414944000046, -7.964807127999961, 0.0 ], [ 112.599165691000053, -7.964274800999931, 0.0 ], [ 112.598823304, -7.96412351999993, 0.0 ], [ 112.598503976000075, -7.963842873999965, 0.0 ], [ 112.59843099200009, -7.96326782899996, 0.0 ], [ 112.598336437000057, -7.963186016999941, 0.0 ], [ 112.598051460000079, -7.963180695999938, 0.0 ], [ 112.598013282000011, -7.962883199999965, 0.0 ], [ 112.598009738000087, -7.962855587999968, 0.0 ], [ 112.597988529000077, -7.962690319999979, 0.0 ], [ 112.598439912000117, -7.962289179999971, 0.0 ], [ 112.598646729000052, -7.961715225999967, 0.0 ], [ 112.598837399000104, -7.961471396999968, 0.0 ], [ 112.599061305000077, -7.960810590999927, 0.0 ], [ 112.599302839000075, -7.960201878999953, 0.0 ], [ 112.599632236000048, -7.959801207999931, 0.0 ], [ 112.599299876000032, -7.959437802999958, 0.0 ], [ 112.599212206000061, -7.959299190999957, 0.0 ], [ 112.599210927000058, -7.958969223999929, 0.0 ], [ 112.599210085000095, -7.958752168999979, 0.0 ], [ 112.599122761000103, -7.958683075999943, 0.0 ], [ 112.599070213, -7.958613757999956, 0.0 ], [ 112.59900024, -7.958544597999946, 0.0 ], [ 112.598895624000079, -7.958510286999967, 0.0 ], [ 112.598686249000025, -7.958424215999969, 0.0 ], [ 112.598424664000049, -7.958355793999942, 0.0 ], [ 112.598215223000011, -7.958252364999964, 0.0 ], [ 112.598014498000111, -7.958140224999966, 0.0 ], [ 112.59779633100004, -7.958023811999965, 0.0 ], [ 112.597634889, -7.95795491299998, 0.0 ], [ 112.597712672000057, -7.957800565999946, 0.0 ], [ 112.597564419000037, -7.957738125999981, 0.0 ], [ 112.597429205000026, -7.957682234999936, 0.0 ], [ 112.597359367000081, -7.957647788999964, 0.0 ], [ 112.597272018000012, -7.957591622999928, 0.0 ], [ 112.597184761000108, -7.95753988599995, 0.0 ], [ 112.597062477, -7.957462247999956, 0.0 ], [ 112.596927313000037, -7.957419284999958, 0.0 ], [ 112.596857650000061, -7.957410873999947, 0.0 ], [ 112.596792267000069, -7.957406785999979, 0.0 ], [ 112.596386936000044, -7.957319387999974, 0.0 ], [ 112.596051587000034, -7.957322847999933, 0.0 ], [ 112.595611614000063, -7.957289823999929, 0.0 ], [ 112.595010242000058, -7.957179312999926, 0.0 ], [ 112.594390933000113, -7.956955954999955, 0.0 ], [ 112.593636277000087, -7.95664189799993, 0.0 ], [ 112.591297096000062, -7.955674918999932, 0.0 ], [ 112.59109374600007, -7.955590856999947, 0.0 ], [ 112.591351599000063, -7.954944115999979, 0.0 ], [ 112.590493080000101, -7.954673120999928, 0.0 ], [ 112.589097521000099, -7.954157467999948, 0.0 ], [ 112.589435462000097, -7.952924515999939, 0.0 ], [ 112.588951766000037, -7.952800885999977, 0.0 ], [ 112.588590183000065, -7.952749744999949, 0.0 ], [ 112.587936123000077, -7.952667266999981, 0.0 ], [ 112.587878645000046, -7.952501595999934, 0.0 ], [ 112.588122799000075, -7.951578363999943, 0.0 ], [ 112.588517658000114, -7.950462085999959, 0.0 ], [ 112.588359893000074, -7.950414593999938, 0.0 ], [ 112.588044239000055, -7.950306864999959, 0.0 ], [ 112.587676945000112, -7.950170402999959, 0.0 ], [ 112.587464571000055, -7.950158467999927, 0.0 ], [ 112.587245518000032, -7.950063114999978, 0.0 ], [ 112.587019861000044, -7.949942202999978, 0.0 ], [ 112.5868880700001, -7.94997796399997, 0.0 ], [ 112.586760394000066, -7.94999499599993, 0.0 ], [ 112.586435548000054, -7.950005818999955, 0.0 ], [ 112.586248692000026, -7.949939271999938, 0.0 ], [ 112.586113524000098, -7.94993336999994, 0.0 ], [ 112.585821465000095, -7.950107517999982, 0.0 ], [ 112.585635004000096, -7.950124320999976, 0.0 ], [ 112.58537428000011, -7.950083639999946, 0.0 ], [ 112.585197071000039, -7.950016965999964, 0.0 ], [ 112.584962208000093, -7.950108536999949, 0.0 ], [ 112.584648685000047, -7.950127090999956, 0.0 ], [ 112.584404473000063, -7.950023785999974, 0.0 ], [ 112.584072991000085, -7.949903456999948, 0.0 ], [ 112.583724025000038, -7.94974856999994, 0.0 ], [ 112.583550109000043, -7.949818662999974, 0.0 ], [ 112.583289263000097, -7.949941249999938, 0.0 ], [ 112.582871925000063, -7.950133863999952, 0.0 ], [ 112.582599560000062, -7.950119532999963, 0.0 ], [ 112.582509501000118, -7.950116621999939, 0.0 ], [ 112.582277622000106, -7.950050244999943, 0.0 ], [ 112.581884864000017, -7.949865236999926, 0.0 ], [ 112.581543360000069, -7.949744762999956, 0.0 ], [ 112.581048820000092, -7.949756860999969, 0.0 ], [ 112.58104886000001, -7.94975668099994, 0.0 ], [ 112.581450623000023, -7.94792935199996, 0.0 ], [ 112.581387747, -7.947915487999978, 0.0 ], [ 112.58153224900002, -7.947077706999949, 0.0 ], [ 112.581404507000116, -7.947057941999958, 0.0 ], [ 112.581327483000109, -7.947060314999931, 0.0 ], [ 112.581112873000052, -7.947147918999974, 0.0 ], [ 112.581011404000037, -7.947114041999953, 0.0 ], [ 112.5810051630001, -7.947085768999955, 0.0 ], [ 112.581047545000047, -7.947020968999936, 0.0 ], [ 112.581099941000048, -7.946954141999981, 0.0 ], [ 112.581190773000117, -7.946846667999978, 0.0 ], [ 112.58133245800002, -7.946777511999926, 0.0 ], [ 112.581371039000032, -7.946735597999975, 0.0 ], [ 112.581309072000067, -7.946666222999966, 0.0 ], [ 112.581218229000115, -7.94655591399993, 0.0 ], [ 112.581184915000108, -7.946449634999965, 0.0 ], [ 112.581241891000104, -7.946289674999946, 0.0 ], [ 112.581376663000015, -7.946055738999974, 0.0 ], [ 112.581576108000036, -7.945543021999981, 0.0 ], [ 112.581434306, -7.945015239999975, 0.0 ], [ 112.581864455000073, -7.945220176999953, 0.0 ], [ 112.581954968000105, -7.945244421999973, 0.0 ], [ 112.581795262000014, -7.945099388999949, 0.0 ], [ 112.581722571000114, -7.945025103999967, 0.0 ], [ 112.581769373000043, -7.945031590999974, 0.0 ], [ 112.581807750000053, -7.945036909999942, 0.0 ], [ 112.581860432000099, -7.945044211999971, 0.0 ], [ 112.582071094000071, -7.945048314999951, 0.0 ], [ 112.582182749000026, -7.945065832999944, 0.0 ], [ 112.582319657000085, -7.945097609999948, 0.0 ], [ 112.582488371000068, -7.945139809999944, 0.0 ], [ 112.582643894000057, -7.945168147999937, 0.0 ], [ 112.582757939000089, -7.944869856999958, 0.0 ], [ 112.582907719000104, -7.944503244999964, 0.0 ], [ 112.58310817600011, -7.944542270999932, 0.0 ], [ 112.583327718000078, -7.944038795999973, 0.0 ], [ 112.583555629000102, -7.944122847999949, 0.0 ], [ 112.583692800000108, -7.944167700999969, 0.0 ], [ 112.583749835000049, -7.944022023999935, 0.0 ], [ 112.58387893400004, -7.943644484999936, 0.0 ], [ 112.584058738000067, -7.943253423999977, 0.0 ], [ 112.58409072500001, -7.943180003999942, 0.0 ], [ 112.584140602000048, -7.943082349999941, 0.0 ], [ 112.58457137500011, -7.943255252999961, 0.0 ], [ 112.584670084000095, -7.943037004999951, 0.0 ], [ 112.584694558000024, -7.942982149999978, 0.0 ], [ 112.58553233400005, -7.94330193299993, 0.0 ], [ 112.585682273000089, -7.943353037999941, 0.0 ], [ 112.585647051000024, -7.943440203999955, 0.0 ], [ 112.585591777000104, -7.943590599999936, 0.0 ], [ 112.5854567, -7.943916477999949, 0.0 ], [ 112.585906476000105, -7.944058307999967, 0.0 ], [ 112.586204563000024, -7.944116814999973, 0.0 ], [ 112.586423629000024, -7.944123722999962, 0.0 ], [ 112.586414907000062, -7.944070131999979, 0.0 ], [ 112.586414526000112, -7.944032566999965, 0.0 ], [ 112.586420395, -7.943995837999978, 0.0 ], [ 112.586456663000035, -7.943887322999956, 0.0 ], [ 112.586474054000064, -7.943857325999943, 0.0 ], [ 112.586526880000065, -7.943793190999941, 0.0 ], [ 112.586541423000085, -7.943767517999959, 0.0 ], [ 112.586576921000074, -7.943689312999936, 0.0 ], [ 112.586585036000088, -7.943656322999971, 0.0 ], [ 112.58658979900008, -7.943628386999933, 0.0 ], [ 112.586599570000089, -7.943605901999945, 0.0 ], [ 112.58661298100003, -7.943583623999928, 0.0 ], [ 112.586652398000069, -7.943537080999931, 0.0 ], [ 112.58681773100011, -7.943374320999965, 0.0 ], [ 112.586883076000049, -7.943322155999965, 0.0 ], [ 112.587543476000064, -7.944135471999971, 0.0 ], [ 112.587931998000045, -7.944656005999946, 0.0 ], [ 112.588303170000017, -7.945106788999965, 0.0 ], [ 112.588513104000072, -7.945407431999968, 0.0 ], [ 112.589051545000075, -7.946079061999967, 0.0 ], [ 112.58941699200011, -7.946506123999939, 0.0 ], [ 112.589681201000076, -7.946781232999967, 0.0 ], [ 112.589749567000013, -7.946837230999961, 0.0 ], [ 112.589818225000045, -7.946877369999982, 0.0 ], [ 112.590661853000029, -7.947218649999968, 0.0 ], [ 112.591747854, -7.947642389999942, 0.0 ], [ 112.591978883000024, -7.947730186999934, 0.0 ], [ 112.593045921000112, -7.948128804999953, 0.0 ], [ 112.593814952000116, -7.948415935999947, 0.0 ], [ 112.594776378, -7.948809985999958, 0.0 ], [ 112.595680696000045, -7.949174347999929, 0.0 ], [ 112.596245429000078, -7.94937852399994, 0.0 ], [ 112.59666139, -7.94955652799996, 0.0 ], [ 112.597808069000052, -7.949984169999937, 0.0 ], [ 112.598041277000107, -7.950059904999932, 0.0 ], [ 112.598505895000017, -7.950164513999937, 0.0 ], [ 112.598841883000091, -7.950241699999935, 0.0 ], [ 112.598920543000077, -7.950255459999937, 0.0 ], [ 112.599088125000094, -7.950261157999932, 0.0 ], [ 112.599299301000087, -7.950260344999947, 0.0 ], [ 112.599395198000025, -7.95023605199998, 0.0 ], [ 112.599516416000029, -7.95018199499998, 0.0 ], [ 112.599641302, -7.950083424999946, 0.0 ], [ 112.59970449900004, -7.95004298899994, 0.0 ], [ 112.599769675000061, -7.950017856999978, 0.0 ], [ 112.599777442000118, -7.95001472499996, 0.0 ], [ 112.59982264000007, -7.949987001999943, 0.0 ], [ 112.599848164000036, -7.949960136999948, 0.0 ], [ 112.599883501000022, -7.949923214999956, 0.0 ], [ 112.59991485, -7.949901962999945, 0.0 ], [ 112.599942890000079, -7.94988974599994, 0.0 ], [ 112.600005069000076, -7.94987502999993, 0.0 ], [ 112.600037881000048, -7.949871365999968, 0.0 ], [ 112.600116533, -7.949861695999971, 0.0 ], [ 112.600159792000113, -7.949852224999972, 0.0 ], [ 112.600188688000117, -7.94983979999995, 0.0 ], [ 112.600269059000084, -7.949782849999963, 0.0 ], [ 112.600326049000046, -7.949741210999946, 0.0 ], [ 112.600336654000102, -7.949734103999958, 0.0 ], [ 112.600371375, -7.94971641799998, 0.0 ], [ 112.600403655000036, -7.949703590999945, 0.0 ], [ 112.600415174000091, -7.949703546999956, 0.0 ], [ 112.600447327000097, -7.949705258999927, 0.0 ], [ 112.600480022000056, -7.949717650999958, 0.0 ], [ 112.600524752000069, -7.949741880999966, 0.0 ], [ 112.60057521300007, -7.949758911999936, 0.0 ], [ 112.600612554, -7.949734365999973, 0.0 ], [ 112.600769044000117, -7.949846557999933, 0.0 ], [ 112.600796627000022, -7.949881079999955, 0.0 ], [ 112.600837439000088, -7.949948909999932, 0.0 ], [ 112.600861697000028, -7.949999010999932, 0.0 ], [ 112.600899813000069, -7.95010297999994, 0.0 ], [ 112.600968776000059, -7.950249846999952, 0.0 ], [ 112.601030116000061, -7.950398528999926, 0.0 ], [ 112.601081178000072, -7.950505827999962, 0.0 ], [ 112.601142976, -7.950615213999981, 0.0 ], [ 112.601244307000115, -7.950754779999954, 0.0 ], [ 112.601319389000082, -7.950870774999942, 0.0 ], [ 112.601358948000097, -7.950917882999931, 0.0 ], [ 112.601370251000048, -7.950927362999948, 0.0 ], [ 112.601403612000013, -7.950937244999977, 0.0 ], [ 112.601440133000096, -7.950931384999933, 0.0 ], [ 112.601698170000077, -7.950844018999931, 0.0 ], [ 112.602167936000114, -7.95065320599997, 0.0 ], [ 112.602305023000099, -7.95063917899995, 0.0 ], [ 112.602444987000013, -7.950590660999978, 0.0 ], [ 112.602633810000043, -7.950476047999928, 0.0 ], [ 112.602713477000066, -7.95041256899998, 0.0 ], [ 112.60281004, -7.95036201399995, 0.0 ], [ 112.60290163500008, -7.950346488999969, 0.0 ], [ 112.603052937000029, -7.950295485999959, 0.0 ], [ 112.60374549200003, -7.949921527999948, 0.0 ], [ 112.603804314000058, -7.950055917999975, 0.0 ], [ 112.603826023000011, -7.950128277999966, 0.0 ], [ 112.603851424000027, -7.950246488999937, 0.0 ], [ 112.603852035000045, -7.950307081999938, 0.0 ], [ 112.603842705000034, -7.950350155999956, 0.0 ], [ 112.603783497000109, -7.950577611999961, 0.0 ], [ 112.603761474000066, -7.950697488999936, 0.0 ], [ 112.603695223000045, -7.95105631499996, 0.0 ], [ 112.603633104000096, -7.951374266999949, 0.0 ], [ 112.603544436000107, -7.951776532999929, 0.0 ], [ 112.603474943000037, -7.952172983999958, 0.0 ], [ 112.603395791000025, -7.952554159999977, 0.0 ], [ 112.603361688000064, -7.952702063999936, 0.0 ], [ 112.60332048500004, -7.952892624999947, 0.0 ], [ 112.603285452000023, -7.953073135999944, 0.0 ], [ 112.603258088000075, -7.953157605999934, 0.0 ], [ 112.603237863000118, -7.953200436999964, 0.0 ], [ 112.603209309000022, -7.953246835999948, 0.0 ], [ 112.603164099000082, -7.953286096999932, 0.0 ], [ 112.60312602800002, -7.953313460999937, 0.0 ], [ 112.603073731000109, -7.953327516999934, 0.0 ], [ 112.603223708000087, -7.95351276599996, 0.0 ], [ 112.603366952000101, -7.953723322999963, 0.0 ], [ 112.603428683000061, -7.953795741999954, 0.0 ], [ 112.603483386000107, -7.953835800999968, 0.0 ], [ 112.603625272000045, -7.953900119999957, 0.0 ], [ 112.603742692000083, -7.953938772999948, 0.0 ], [ 112.603915125000071, -7.954020255999978, 0.0 ], [ 112.604033638000033, -7.954091403999939, 0.0 ], [ 112.604084386000068, -7.954133860999946, 0.0 ], [ 112.604203280000092, -7.954257506999966, 0.0 ], [ 112.604310085000066, -7.954381400999978, 0.0 ], [ 112.604339389000074, -7.95440290099998, 0.0 ], [ 112.604520682000043, -7.95444232899996, 0.0 ], [ 112.604679131000012, -7.95445846399997, 0.0 ], [ 112.604823162000116, -7.954469868999979, 0.0 ], [ 112.605104007000023, -7.954487922999931, 0.0 ], [ 112.60534880900002, -7.954494152999928, 0.0 ], [ 112.60557674800009, -7.954483701999948, 0.0 ], [ 112.605677004000086, -7.954468218999978, 0.0 ], [ 112.605777496000087, -7.954433532999929, 0.0 ], [ 112.605916438, -7.954375910999943, 0.0 ], [ 112.606257365000033, -7.954201428999966, 0.0 ], [ 112.606368891000102, -7.954161665999948, 0.0 ], [ 112.606404116000022, -7.954151253999953, 0.0 ], [ 112.606545707, -7.954130873999929, 0.0 ], [ 112.60676254100008, -7.95410936299993, 0.0 ], [ 112.606803809000098, -7.954109911999979, 0.0 ], [ 112.606883118000042, -7.954110967999952, 0.0 ], [ 112.607638132000034, -7.954197093999937, 0.0 ], [ 112.607837541000094, -7.954249023999978, 0.0 ], [ 112.607881122000094, -7.954255546999946, 0.0 ], [ 112.608219419000079, -7.95423174299998, 0.0 ], [ 112.608117830000083, -7.95431091599994, 0.0 ], [ 112.608078569000099, -7.954345417999946, 0.0 ], [ 112.608047636000038, -7.954396576999955, 0.0 ], [ 112.608013294000102, -7.954556924999963, 0.0 ], [ 112.607820404000108, -7.955303638999965, 0.0 ], [ 112.607802821000064, -7.955359289999933, 0.0 ], [ 112.607770548000076, -7.955430097999965, 0.0 ], [ 112.607732445000011, -7.955490508999958, 0.0 ], [ 112.607496395000112, -7.955786324999963, 0.0 ], [ 112.607456963000118, -7.955852085999936, 0.0 ], [ 112.607301205000113, -7.956175953999946, 0.0 ], [ 112.607296916000109, -7.956182488999957, 0.0 ], [ 112.607226246000096, -7.956333108999956, 0.0 ], [ 112.607204831000104, -7.956373083999949, 0.0 ], [ 112.607185557000093, -7.956435187999944, 0.0 ], [ 112.607183415, -7.956456602999936, 0.0 ], [ 112.607181988000093, -7.956510854999976, 0.0 ], [ 112.607179846, -7.95653012899993, 0.0 ], [ 112.607180982000045, -7.956573437999964, 0.0 ], [ 112.607168941000054, -7.956619648999947, 0.0 ], [ 112.607150656000044, -7.956659840999976, 0.0 ], [ 112.607053438000094, -7.956804931999955, 0.0 ], [ 112.606992755000078, -7.956887789999939, 0.0 ], [ 112.606944964000036, -7.956952680999962, 0.0 ], [ 112.606916410000053, -7.956985993999979, 0.0 ], [ 112.606900944000017, -7.957012762999966, 0.0 ], [ 112.606892021000021, -7.957034177999958, 0.0 ], [ 112.606887857000061, -7.957070463999969, 0.0 ], [ 112.606889641000066, -7.957104371999947, 0.0 ], [ 112.606892021000021, -7.957124001999944, 0.0 ], [ 112.606899754000096, -7.957137683999974, 0.0 ], [ 112.606909272000053, -7.957147796999948, 0.0 ], [ 112.606922359, -7.957157314999961, 0.0 ], [ 112.606940800000075, -7.95717575599997, 0.0 ], [ 112.606953292000071, -7.957198954999967, 0.0 ], [ 112.606966974000102, -7.957223344999932, 0.0 ], [ 112.606971138000063, -7.957245949999958, 0.0 ], [ 112.606969353000068, -7.95726736499995, 0.0 ], [ 112.606961620000106, -7.957289374999959, 0.0 ], [ 112.606950317000042, -7.957311384999969, 0.0 ], [ 112.606937825000045, -7.957326850999948, 0.0 ], [ 112.606921169000088, -7.957345291999957, 0.0 ], [ 112.606894586000067, -7.957356936999929, 0.0 ], [ 112.606871200000114, -7.957363732999966, 0.0 ], [ 112.606853949000083, -7.957374440999956, 0.0 ], [ 112.606841457000087, -7.95738455299994, 0.0 ], [ 112.606826585000022, -7.957404778999944, 0.0 ], [ 112.606743899000094, -7.957544571999961, 0.0 ], [ 112.60669694, -7.957617849999963, 0.0 ], [ 112.606615408000039, -7.957720651999978, 0.0 ], [ 112.606586370000059, -7.957768564999981, 0.0 ], [ 112.606550289000097, -7.957810860999928, 0.0 ], [ 112.606514281000045, -7.957834865999928, 0.0 ], [ 112.606454795000104, -7.957881265999958, 0.0 ], [ 112.606406016000051, -7.957908629999963, 0.0 ], [ 112.606376272000034, -7.957932423999978, 0.0 ], [ 112.606357237000111, -7.957965736999938, 0.0 ], [ 112.606352478000076, -7.957989530999953, 0.0 ], [ 112.606357237000111, -7.958012135999979, 0.0 ], [ 112.606372703000034, -7.958035930999927, 0.0 ], [ 112.606389359000104, -7.958050207999975, 0.0 ], [ 112.60640318500009, -7.958074017999934, 0.0 ], [ 112.606410909000033, -7.95811288699997, 0.0 ], [ 112.606411029000014, -7.958135919999961, 0.0 ], [ 112.606391248000023, -7.958182687999965, 0.0 ], [ 112.606376626000042, -7.958201151999958, 0.0 ], [ 112.606360801000051, -7.958211530999961, 0.0 ], [ 112.606324129000086, -7.958228499999962, 0.0 ], [ 112.606298359000107, -7.958233063999955, 0.0 ], [ 112.606279939000046, -7.958232055999929, 0.0 ], [ 112.606266521000066, -7.958235454999965, 0.0 ], [ 112.606238041000097, -7.958247263999965, 0.0 ], [ 112.606228487000067, -7.958253598999931, 0.0 ], [ 112.606210089000115, -7.958268654999927, 0.0 ], [ 112.606203416000085, -7.958275393999941, 0.0 ], [ 112.606179450000013, -7.958305821999943, 0.0 ], [ 112.606156527000053, -7.958339234999926, 0.0 ], [ 112.606106402000023, -7.958408807999945, 0.0 ], [ 112.60609510900008, -7.95842502499994, 0.0 ], [ 112.606060034000052, -7.958468583999945, 0.0 ], [ 112.605987734000109, -7.958558633999928, 0.0 ], [ 112.605967686000099, -7.958593564999944, 0.0 ], [ 112.605965300000094, -7.958599824999965, 0.0 ], [ 112.605960525000114, -7.958632056999932, 0.0 ], [ 112.605961136000019, -7.958648181999934, 0.0 ], [ 112.606255946000033, -7.958666850999975, 0.0 ], [ 112.606566217000022, -7.958683897999947, 0.0 ], [ 112.606618801000081, -7.958680165999965, 0.0 ], [ 112.606704227000023, -7.958650415999955, 0.0 ], [ 112.60672339100006, -7.958643741999936, 0.0 ], [ 112.606774947000076, -7.958644020999941, 0.0 ], [ 112.607068488000095, -7.958680413999957, 0.0 ], [ 112.60731321600008, -7.958719077999945, 0.0 ], [ 112.607473428000048, -7.958744816999967, 0.0 ], [ 112.607474632000049, -7.958745009999973, 0.0 ], [ 112.607460582000044, -7.958907261999968, 0.0 ], [ 112.607433514000036, -7.959352130999946, 0.0 ], [ 112.607401344000095, -7.959735198999965, 0.0 ], [ 112.607402058000048, -7.960005743999943, 0.0 ], [ 112.607422717000077, -7.960007491999932, 0.0 ], [ 112.607687001000045, -7.960020220999979, 0.0 ], [ 112.60781772200005, -7.960153504999937, 0.0 ], [ 112.608022906000087, -7.960281472999952, 0.0 ], [ 112.608280575000094, -7.96042325999997, 0.0 ], [ 112.608345983000049, -7.960468208999941, 0.0 ], [ 112.60854538600006, -7.960637283999972, 0.0 ], [ 112.608662611000113, -7.960729434999962, 0.0 ], [ 112.608707182000103, -7.960771632999979, 0.0 ], [ 112.608753789000048, -7.960839091999958, 0.0 ], [ 112.608778407000045, -7.960884566999937, 0.0 ], [ 112.608796900000016, -7.960949054999958, 0.0 ], [ 112.60879874200009, -7.960966155999927, 0.0 ], [ 112.608801374000109, -7.961111720999952, 0.0 ], [ 112.608797871000093, -7.96119786099996, 0.0 ], [ 112.608861323000042, -7.961243673999945, 0.0 ], [ 112.608887903000095, -7.96126940299996, 0.0 ], [ 112.608976834000032, -7.961334007999938, 0.0 ], [ 112.608998062000069, -7.961348523999959, 0.0 ], [ 112.609006899000065, -7.961383536999961, 0.0 ], [ 112.609073921000117, -7.961391233999962, 0.0 ], [ 112.609075094000104, -7.961391533999972, 0.0 ], [ 112.60912394200011, -7.961402218999979, 0.0 ], [ 112.609172587000103, -7.961409210999932, 0.0 ], [ 112.609206371000028, -7.961456927999961, 0.0 ], [ 112.609208939000041, -7.961499980999974, 0.0 ], [ 112.609225887000093, -7.961538193999957, 0.0 ], [ 112.60926912900004, -7.961549987999945, 0.0 ], [ 112.609273193000035, -7.961355050999941, 0.0 ], [ 112.609281448000047, -7.961355198999968, 0.0 ], [ 112.609439843000018, -7.96135697699998, 0.0 ], [ 112.60947829600002, -7.961371181999937, 0.0 ], [ 112.609483347000037, -7.961435756999947, 0.0 ], [ 112.609493451000048, -7.961564907999957, 0.0 ], [ 112.609488959000032, -7.961643873999947, 0.0 ], [ 112.60949387900007, -7.961674716999937, 0.0 ], [ 112.609501919000081, -7.961674685999981, 0.0 ], [ 112.609555674000035, -7.961674476999974, 0.0 ], [ 112.609609444000057, -7.961678096999947, 0.0 ], [ 112.609676750000062, -7.961706543999981, 0.0 ], [ 112.60968746900005, -7.961710566999955, 0.0 ], [ 112.609729086000016, -7.96172037499997, 0.0 ], [ 112.609770859000037, -7.96171574899995, 0.0 ], [ 112.609834221000028, -7.961717416999932, 0.0 ], [ 112.609891815000083, -7.96171719299997, 0.0 ], [ 112.609951345000013, -7.961699110999973, 0.0 ], [ 112.610144473000105, -7.961724192999952, 0.0 ], [ 112.610233767000068, -7.961742181999966, 0.0 ], [ 112.610325136000029, -7.961787282999978, 0.0 ], [ 112.61040933400011, -7.961839588999965, 0.0 ], [ 112.610459861000095, -7.961872885999981, 0.0 ], [ 112.610469684, -7.961930265999968, 0.0 ], [ 112.610522592000052, -7.961958768999978, 0.0 ], [ 112.610649986000112, -7.962010906999978, 0.0 ], [ 112.610729338000056, -7.962051269999961, 0.0 ], [ 112.6107918350001, -7.962077343999965, 0.0 ], [ 112.610863763000111, -7.962060316999953, 0.0 ], [ 112.610935569000048, -7.962012190999928, 0.0 ], [ 112.610993840000106, -7.961984933999929, 0.0 ], [ 112.611041423000074, -7.961979654999936, 0.0 ], [ 112.61106363600004, -7.961982082999953, 0.0 ], [ 112.611242268000069, -7.962011417999975, 0.0 ], [ 112.611272003000067, -7.962006993999978, 0.0 ], [ 112.611295449000067, -7.962000553999928, 0.0 ], [ 112.61134830900005, -7.961970262999955, 0.0 ], [ 112.611389369000108, -7.961956784999927, 0.0 ], [ 112.611515990000044, -7.961926201999972, 0.0 ], [ 112.611616780000077, -7.961925810999958, 0.0 ], [ 112.611770385000113, -7.961929998999949, 0.0 ], [ 112.61192643600009, -7.961946138999963, 0.0 ], [ 112.612044138000101, -7.961974389999966, 0.0 ], [ 112.612231648000034, -7.962057395999977, 0.0 ], [ 112.612332692000109, -7.962121596999964, 0.0 ], [ 112.612373675000072, -7.962169596999956, 0.0 ], [ 112.612406026000031, -7.962235361999944, 0.0 ], [ 112.612433390000092, -7.962270458999967, 0.0 ], [ 112.612486928000067, -7.96231269499998, 0.0 ], [ 112.612578537000104, -7.962378724999951, 0.0 ], [ 112.612589245000095, -7.962391811999964, 0.0 ], [ 112.612597573000016, -7.962413821999974, 0.0 ], [ 112.612601142000017, -7.96242690899993, 0.0 ], [ 112.612641593000035, -7.962561347999952, 0.0 ], [ 112.612669552000057, -7.962689243999932, 0.0 ], [ 112.612680854000018, -7.962774309999929, 0.0 ], [ 112.612691941000094, -7.962823664999974, 0.0 ], [ 112.612730359000011, -7.962966035999955, 0.0 ], [ 112.612806836, -7.963039627999933, 0.0 ], [ 112.612849558000107, -7.963078595999946, 0.0 ], [ 112.612861743000053, -7.96320008999993, 0.0 ], [ 112.612877057000105, -7.96327058199995, 0.0 ], [ 112.613173555000117, -7.963268329999948, 0.0 ], [ 112.613244431000112, -7.963272492999977, 0.0 ], [ 112.613263897000024, -7.963443280999968, 0.0 ], [ 112.613292779000062, -7.96360653399995, 0.0 ], [ 112.613329199000077, -7.963792392999949, 0.0 ], [ 112.613378867000051, -7.96391719099995, 0.0 ], [ 112.613381941000057, -7.964164105999942, 0.0 ], [ 112.61341014900006, -7.964507334999951, 0.0 ], [ 112.613409556000079, -7.964539538999929, 0.0 ], [ 112.613404511000113, -7.964813619999973, 0.0 ], [ 112.613402726000118, -7.964881160999937, 0.0 ], [ 112.613379189000057, -7.964958403999958, 0.0 ], [ 112.613373119000016, -7.965124954999965, 0.0 ], [ 112.613369904000024, -7.965234004999957, 0.0 ], [ 112.613343684000029, -7.965510179999967, 0.0 ], [ 112.613347916000066, -7.965722188999962, 0.0 ], [ 112.613299254000026, -7.966223394999929, 0.0 ], [ 112.61327188700011, -7.966391147999957, 0.0 ], [ 112.613266084000088, -7.966441410999948, 0.0 ], [ 112.613264973000014, -7.966464142999939, 0.0 ], [ 112.613263867000114, -7.966488070999958, 0.0 ], [ 112.613275987000065, -7.966519124999934, 0.0 ], [ 112.613288542000078, -7.966563363999967, 0.0 ], [ 112.613246096000012, -7.966833908999945, 0.0 ], [ 112.613187914000036, -7.966989214999955, 0.0 ], [ 112.613247948000094, -7.967132755999955, 0.0 ], [ 112.613238427000056, -7.967235851999931, 0.0 ], [ 112.613219131000051, -7.967361755999946, 0.0 ], [ 112.613000049000107, -7.967306625999981, 0.0 ], [ 112.612998556000093, -7.967334190999964, 0.0 ], [ 112.613020716000051, -7.967671008999957, 0.0 ], [ 112.612826978000044, -7.968037903999971, 0.0 ], [ 112.612778016000107, -7.968173602999968, 0.0 ], [ 112.612669520000054, -7.968587371999945, 0.0 ], [ 112.612683430000061, -7.968833741999958, 0.0 ], [ 112.612690718000067, -7.969166923999978, 0.0 ], [ 112.612609527000018, -7.96940219399994, 0.0 ], [ 112.612592337000024, -7.969604156999935, 0.0 ], [ 112.612596039000096, -7.969759064999948, 0.0 ], [ 112.612644172000046, -7.969912916999931, 0.0 ], [ 112.612742553000089, -7.970054871999935, 0.0 ], [ 112.612835381000082, -7.970147658999963, 0.0 ], [ 112.612833883, -7.970339003999925, 0.0 ], [ 112.612830783000049, -7.970578772999943, 0.0 ], [ 112.612819131000037, -7.970746634999955, 0.0 ], [ 112.612748636000106, -7.970934624999927, 0.0 ], [ 112.612687504000064, -7.971099331999937, 0.0 ], [ 112.612587312000073, -7.97125052399997, 0.0 ], [ 112.612616138000021, -7.971363136999969, 0.0 ], [ 112.612562563000097, -7.971567855999979, 0.0 ], [ 112.612540973000023, -7.97162683199997, 0.0 ], [ 112.613131854000017, -7.97175754899996, 0.0 ], [ 112.613187620000076, -7.971780298999931, 0.0 ], [ 112.613219395000101, -7.971805055999937, 0.0 ], [ 112.613243510000075, -7.971834627999954, 0.0 ], [ 112.613259938000056, -7.971862314999953, 0.0 ], [ 112.613267823000115, -7.971916085999965, 0.0 ], [ 112.613062395000043, -7.97324485799993, 0.0 ], [ 112.612854123000034, -7.974673248999977, 0.0 ], [ 112.612582817000089, -7.97612208299995, 0.0 ], [ 112.612523353000029, -7.976534795999953, 0.0 ], [ 112.612541936000071, -7.977259832999948, 0.0 ], [ 112.612610072000052, -7.97766139099997, 0.0 ], [ 112.612771121000037, -7.978064189999941, 0.0 ], [ 112.613248075000115, -7.978810295999949, 0.0 ], [ 112.613472305000073, -7.979018510999936, 0.0 ], [ 112.614268879000065, -7.980380588999935, 0.0 ], [ 112.614602127000012, -7.981079597999951, 0.0 ], [ 112.614682652000056, -7.981513379999967, 0.0 ], [ 112.614640001000112, -7.981990000999929, 0.0 ], [ 112.61458, -7.98233, 0.0 ], [ 112.614510000000109, -7.98261, 0.0 ], [ 112.614420000000109, -7.98299, 0.0 ], [ 112.614284129000112, -7.983542700999976, 0.0 ], [ 112.614521829000068, -7.98348389399996, 0.0 ], [ 112.614820995000059, -7.983425684999929, 0.0 ], [ 112.615119855000103, -7.98337619299997, 0.0 ], [ 112.615571001000035, -7.983370481999941, 0.0 ], [ 112.616134457000044, -7.983366674999957, 0.0 ], [ 112.616893981000089, -7.983431395999958, 0.0 ], [ 112.617813405000106, -7.983482791999961, 0.0 ], [ 112.618649072000039, -7.98354180299998, 0.0 ], [ 112.619389560000059, -7.983585584999958, 0.0 ], [ 112.619815959000107, -7.983608427999968, 0.0 ], [ 112.620116723000024, -7.983600813999942, 0.0 ], [ 112.620272118000116, -7.983573719999981, 0.0 ], [ 112.620579544000066, -7.983520419999934, 0.0 ], [ 112.621102074000078, -7.983402397999953, 0.0 ], [ 112.621611279000035, -7.983267244999979, 0.0 ], [ 112.621781648000024, -7.983236787999942, 0.0 ], [ 112.62205481, -7.983231076999971, 0.0 ], [ 112.622263978000092, -7.983239352999931, 0.0 ], [ 112.622670846, -7.98328262299998, 0.0 ], [ 112.623328715000071, -7.983387719999939, 0.0 ], [ 112.623263465000036, -7.98357926999995, 0.0 ], [ 112.623186171000043, -7.983733858999926, 0.0 ], [ 112.623166132000051, -7.983864111999935, 0.0 ], [ 112.623131064000063, -7.984014762999948, 0.0 ], [ 112.623037310000086, -7.984239843999944, 0.0 ], [ 112.622891903000095, -7.984532406999961, 0.0 ], [ 112.622859615000039, -7.984570152999936, 0.0 ], [ 112.622706305000065, -7.984659591999957, 0.0 ], [ 112.622632723000038, -7.984694986999955, 0.0 ], [ 112.622564960000091, -7.984727581999948, 0.0 ], [ 112.622469165000098, -7.984800285999938, 0.0 ], [ 112.622458559000052, -7.984808334999968, 0.0 ], [ 112.622454937000043, -7.984812932999944, 0.0 ], [ 112.622384178000061, -7.984902747999968, 0.0 ], [ 112.622342639000067, -7.985001693999948, 0.0 ], [ 112.622305056000073, -7.985128344999964, 0.0 ], [ 112.622257581000099, -7.985264890999929, 0.0 ], [ 112.622253625000099, -7.985488509999925, 0.0 ], [ 112.622322859000064, -7.985577561999946, 0.0 ], [ 112.622415827000054, -7.985662655999931, 0.0 ], [ 112.622706603000097, -7.98604458899996, 0.0 ], [ 112.622799572000076, -7.986206860999971, 0.0 ], [ 112.622833200000059, -7.986412668999947, 0.0 ], [ 112.622871097000029, -7.986595277999982, 0.0 ], [ 112.623119895000059, -7.987114504999965, 0.0 ], [ 112.623239190000049, -7.987277252999945, 0.0 ], [ 112.623304262000033, -7.987396600999944, 0.0 ], [ 112.623367525000049, -7.987628063999978, 0.0 ], [ 112.623199426000042, -7.987917393999965, 0.0 ], [ 112.623119895000059, -7.988025891999939, 0.0 ], [ 112.62296806300003, -7.988127156999951, 0.0 ], [ 112.62284153600001, -7.988156089999961, 0.0 ], [ 112.622611981000091, -7.988116307999974, 0.0 ], [ 112.622443882000084, -7.988213955999981, 0.0 ], [ 112.622340852000093, -7.988380323999934, 0.0 ], [ 112.622284819000015, -7.988557534999927, 0.0 ], [ 112.622302895000075, -7.98876187299993, 0.0 ], [ 112.622386040000038, -7.989049393999949, 0.0 ], [ 112.622433036000075, -7.989259157999982, 0.0 ], [ 112.622472802000061, -7.989385738999943, 0.0 ], [ 112.622606559000019, -7.989642517999926, 0.0 ], [ 112.622776465000015, -7.989949930999956, 0.0 ], [ 112.622758389000069, -7.990166927999951, 0.0 ], [ 112.622729469000092, -7.990302550999957, 0.0 ], [ 112.622581253000021, -7.990553905999946, 0.0 ], [ 112.622581253000021, -7.990716652999936, 0.0 ], [ 112.622617403000049, -7.990861317999929, 0.0 ], [ 112.622660784000118, -7.991421892999938, 0.0 ], [ 112.622666206000076, -7.991676863999942, 0.0 ], [ 112.622704178000049, -7.991774695999936, 0.0 ], [ 112.62275381500001, -7.991902582999955, 0.0 ], [ 112.622798156000044, -7.99201682599994, 0.0 ], [ 112.62285961200007, -7.992311579999978, 0.0 ], [ 112.622926490000054, -7.992720256999974, 0.0 ], [ 112.623022288000016, -7.992807055999947, 0.0 ], [ 112.623304263000023, -7.992857688999948, 0.0 ], [ 112.623405483000056, -7.992933636999965, 0.0 ], [ 112.623488629, -7.993042135999929, 0.0 ], [ 112.623513934000016, -7.993396563999966, 0.0 ], [ 112.623524780000025, -7.993530378999935, 0.0 ], [ 112.623626, -7.993765457999928, 0.0 ], [ 112.623719992000019, -7.993942672999935, 0.0 ], [ 112.623875438000027, -7.99417413599997, 0.0 ], [ 112.623958586000072, -7.994309764999969, 0.0 ], [ 112.623976660000039, -7.994597278999947, 0.0 ], [ 112.623918819000096, -7.994933624999931, 0.0 ], [ 112.623911588000055, -7.995089139999948, 0.0 ], [ 112.624135721000016, -7.995649713999967, 0.0 ], [ 112.624218868000071, -7.995870326999977, 0.0 ], [ 112.624247788000048, -7.996014991999971, 0.0 ], [ 112.624287553000045, -7.996195823999926, 0.0 ], [ 112.62423152000008, -7.996333253999978, 0.0 ], [ 112.624045346000116, -7.996488768999939, 0.0 ], [ 112.623842903000082, -7.996843196999976, 0.0 ], [ 112.62373083600005, -7.997071043999938, 0.0 ], [ 112.623665766000045, -7.99725910899997, 0.0 ], [ 112.623644076, -7.997492379999926, 0.0 ], [ 112.62373083600005, -7.997830532999956, 0.0 ], [ 112.623691071000053, -7.997991470999978, 0.0 ], [ 112.623542854000107, -7.998036679999927, 0.0 ], [ 112.623268112, -7.997978813999964, 0.0 ], [ 112.623137969000027, -7.997986047999973, 0.0 ], [ 112.623062053000012, -7.99818857799994, 0.0 ], [ 112.623177736000116, -7.998515880999946, 0.0 ], [ 112.623159661000045, -7.998897431999978, 0.0 ], [ 112.623253651000027, -7.99915421299994, 0.0 ], [ 112.623281634000023, -7.999267696999937, 0.0 ], [ 112.623773188000087, -7.999273082999935, 0.0 ], [ 112.625453045000086, -7.999291488999972, 0.0 ], [ 112.625553197000045, -7.999054763999936, 0.0 ], [ 112.625656640000102, -7.998001599999952, 0.0 ], [ 112.625730313000076, -7.997927265999976, 0.0 ], [ 112.625756150000029, -7.997669751999979, 0.0 ], [ 112.62576687100011, -7.997562899999934, 0.0 ], [ 112.625796118000039, -7.996779330999971, 0.0 ], [ 112.625930166000103, -7.996201706999955, 0.0 ], [ 112.626194607000116, -7.995647237999947, 0.0 ], [ 112.626691803000085, -7.995889741999974, 0.0 ], [ 112.626879471000052, -7.99554, 0.0 ], [ 112.627669136, -7.99374619799994, 0.0 ], [ 112.628154146000043, -7.992667723999944, 0.0 ], [ 112.62834181300002, -7.992281422999952, 0.0 ], [ 112.628561165000065, -7.991773259999945, 0.0 ], [ 112.628885323000077, -7.991133569999931, 0.0 ], [ 112.628889573000038, -7.991125157999932, 0.0 ], [ 112.630156337000017, -7.991551471999969, 0.0 ], [ 112.630954533000022, -7.991763511999977, 0.0 ], [ 112.63113123200003, -7.991804943999966, 0.0 ], [ 112.631100767000021, -7.991931679999936, 0.0 ], [ 112.631078832000071, -7.992161998999961, 0.0 ], [ 112.631101109000042, -7.992373635999968, 0.0 ], [ 112.631147074000069, -7.992520880999962, 0.0 ], [ 112.631186070000012, -7.992601918999981, 0.0 ], [ 112.63140141800011, -7.99284562899993, 0.0 ], [ 112.6315172730001, -7.992907872999979, 0.0 ], [ 112.633571067000048, -7.993494238999972, 0.0 ], [ 112.633568342000103, -7.993505938999931, 0.0 ], [ 112.633548536000035, -7.993590969999957, 0.0 ], [ 112.633524193000085, -7.993828467999947, 0.0 ], [ 112.633247646000086, -7.994776255999966, 0.0 ], [ 112.632714068000041, -7.996842844999946, 0.0 ], [ 112.632231295000111, -7.998711042999957, 0.0 ], [ 112.631700675000047, -8.000209415999961, 0.0 ], [ 112.631574274000059, -8.000509616999977, 0.0 ], [ 112.631131871000093, -8.001875006999967, 0.0 ], [ 112.630539365000118, -8.003456330999938, 0.0 ], [ 112.630948852000074, -8.00359655699998, 0.0 ], [ 112.630990986000029, -8.003737439999952, 0.0 ], [ 112.631018636000022, -8.003923748999966, 0.0 ], [ 112.631079203000013, -8.00404356699994, 0.0 ], [ 112.631257413000071, -8.004329009999935, 0.0 ], [ 112.631109519, -8.004432850999933, 0.0 ], [ 112.631061761000069, -8.004522096999949, 0.0 ], [ 112.63105017800001, -8.004626808999944, 0.0 ], [ 112.631059558000061, -8.004722465999976, 0.0 ], [ 112.631102248000047, -8.004895743999953, 0.0 ], [ 112.631163869000034, -8.005009922999932, 0.0 ], [ 112.631332849000046, -8.005246088999968, 0.0 ], [ 112.631544319000113, -8.00563244999995, 0.0 ], [ 112.631529219000072, -8.006001706999939, 0.0 ], [ 112.631482408000011, -8.006120358999965, 0.0 ], [ 112.63122403300008, -8.006335847999935, 0.0 ], [ 112.631091755000057, -8.006547564999948, 0.0 ], [ 112.631158887000083, -8.007085791999941, 0.0 ], [ 112.631216090000066, -8.007370200999958, 0.0 ], [ 112.631274086000076, -8.007838914999979, 0.0 ], [ 112.631514809, -8.009440489999974, 0.0 ], [ 112.631626034000078, -8.009799572999952, 0.0 ], [ 112.631954944000086, -8.010289737999926, 0.0 ], [ 112.632149591000029, -8.010852990999979, 0.0 ], [ 112.632213146000026, -8.011365397999953, 0.0 ], [ 112.632119399000089, -8.011754671999938, 0.0 ], [ 112.631812736000029, -8.012213852999935, 0.0 ], [ 112.631692770000086, -8.01270322299996, 0.0 ], [ 112.631939829000089, -8.013649188999977, 0.0 ], [ 112.63193818600007, -8.013709232999929, 0.0 ], [ 112.631905687000085, -8.013967165999929, 0.0 ], [ 112.631766656000082, -8.014291292999928, 0.0 ], [ 112.631696742000031, -8.014960998999925, 0.0 ], [ 112.631707071000051, -8.015130213999953, 0.0 ], [ 112.631751561000101, -8.01581263099996, 0.0 ], [ 112.631735672000104, -8.016309945999978, 0.0 ], [ 112.631630008000116, -8.017083722999928, 0.0 ], [ 112.631776985000101, -8.01734588599993, 0.0 ], [ 112.631840542000077, -8.017633469999964, 0.0 ], [ 112.632288622000033, -8.018856100999926, 0.0 ], [ 112.632473733000097, -8.019194527999957, 0.0 ], [ 112.632706513000016, -8.019492440999954, 0.0 ], [ 112.633586783000055, -8.020307529999968, 0.0 ], [ 112.63368450300004, -8.020539500999973, 0.0 ], [ 112.633620945000075, -8.020729371999948, 0.0 ], [ 112.633419945000014, -8.02135458999993, 0.0 ], [ 112.633421533000046, -8.021578618999968, 0.0 ], [ 112.633508926000104, -8.022172058999956, 0.0 ], [ 112.633438219000027, -8.022400459999972, 0.0 ], [ 112.633040188000109, -8.023358940999969, 0.0 ], [ 112.632773248000035, -8.023837984999943, 0.0 ], [ 112.632616058000053, -8.024036777999981, 0.0 ], [ 112.632028950000063, -8.024884285999974, 0.0 ], [ 112.631934651000051, -8.025260334999928, 0.0 ], [ 112.6316506390001, -8.025808129999973, 0.0 ], [ 112.631239774000051, -8.026232444999948, 0.0 ], [ 112.630575207000106, -8.026755542999979, 0.0 ], [ 112.63028109000004, -8.027014846999975, 0.0 ], [ 112.63014862600005, -8.027339256999937, 0.0 ], [ 112.630073413000105, -8.027768064999975, 0.0 ], [ 112.630023235000067, -8.027922056999955, 0.0 ], [ 112.629891557000064, -8.028302387999929, 0.0 ], [ 112.629708574, -8.028647002999946, 0.0 ], [ 112.629360574000088, -8.029238575999955, 0.0 ], [ 112.629289851000067, -8.02946308199995, 0.0 ], [ 112.629319038000062, -8.02986270599996, 0.0 ], [ 112.629442314000016, -8.030215010999939, 0.0 ], [ 112.629365662000055, -8.030999367999925, 0.0 ], [ 112.629338143000041, -8.031093253999927, 0.0 ], [ 112.629303829000037, -8.031452053999942, 0.0 ], [ 112.629208088000041, -8.032062683999925, 0.0 ], [ 112.629240190000019, -8.032177131999958, 0.0 ], [ 112.62925658600011, -8.032235585999956, 0.0 ], [ 112.629260803000079, -8.03267838599993, 0.0 ], [ 112.629322351000042, -8.033014046999938, 0.0 ], [ 112.629309699000032, -8.033359852999979, 0.0 ], [ 112.629280179000034, -8.033819520999941, 0.0 ], [ 112.629314335000117, -8.034078397999963, 0.0 ], [ 112.629315552000094, -8.034087617999944, 0.0 ], [ 112.629279552000071, -8.034093281999958, 0.0 ], [ 112.629122783000071, -8.03409824199997, 0.0 ], [ 112.628983356000049, -8.03408143799993, 0.0 ], [ 112.628896142000031, -8.034064425999929, 0.0 ], [ 112.628790319000018, -8.034033023999939, 0.0 ], [ 112.628696269000102, -8.034008806999964, 0.0 ], [ 112.628626877000102, -8.033940105999932, 0.0 ], [ 112.628598278000027, -8.033840324999971, 0.0 ], [ 112.628485104000106, -8.033728584999949, 0.0 ], [ 112.628358362000085, -8.033666166999978, 0.0 ], [ 112.628280821000089, -8.033561336999981, 0.0 ], [ 112.628153622000013, -8.033477947999927, 0.0 ], [ 112.627991966000081, -8.033401475999938, 0.0 ], [ 112.627963375000036, -8.033303592999971, 0.0 ], [ 112.62787167700003, -8.03326887999998, 0.0 ], [ 112.627744936000113, -8.033206462999942, 0.0 ], [ 112.627625057000046, -8.03310179999994, 0.0 ], [ 112.627505143, -8.032969383999955, 0.0 ], [ 112.627395733000071, -8.032807274999925, 0.0 ], [ 112.627180998000085, -8.032550750999974, 0.0 ], [ 112.62692766300006, -8.032293926999955, 0.0 ], [ 112.62659321600006, -8.031899018999979, 0.0 ], [ 112.626323826000089, -8.031536307999943, 0.0 ], [ 112.625855206000097, -8.030827602999977, 0.0 ], [ 112.625161030000072, -8.030300229999966, 0.0 ], [ 112.625143805000107, -8.029806160999954, 0.0 ], [ 112.624707828000055, -8.029461191999928, 0.0 ], [ 112.624111098000071, -8.029209699999967, 0.0 ], [ 112.623873272000083, -8.029071057999943, 0.0 ], [ 112.623459755000113, -8.028730609999968, 0.0 ], [ 112.623330200000055, -8.028769088999979, 0.0 ], [ 112.623062842000081, -8.028709393999975, 0.0 ], [ 112.622710952000034, -8.028497885999968, 0.0 ], [ 112.622566153000093, -8.028559296999958, 0.0 ], [ 112.622292700000116, -8.028584783999975, 0.0 ], [ 112.622195691000115, -8.02870060999993, 0.0 ], [ 112.622079706000022, -8.028677046999974, 0.0 ], [ 112.622069097, -8.02867489199997, 0.0 ], [ 112.621927280000023, -8.028739127999927, 0.0 ], [ 112.62191124800006, -8.028746389999981, 0.0 ], [ 112.621754106000026, -8.028996427999971, 0.0 ], [ 112.621608777, -8.029056394999941, 0.0 ], [ 112.621565338000096, -8.028967429999966, 0.0 ], [ 112.621662532000073, -8.028389106999953, 0.0 ], [ 112.621496587000024, -8.028343474999929, 0.0 ], [ 112.62154887500003, -8.028155051999931, 0.0 ], [ 112.621361098000079, -8.028055083999959, 0.0 ], [ 112.62083997600007, -8.02791186099995, 0.0 ], [ 112.620885123000107, -8.027601242999935, 0.0 ], [ 112.619799443000034, -8.02722573899996, 0.0 ], [ 112.618487880000089, -8.026760807999949, 0.0 ], [ 112.618094375000055, -8.02659863699995, 0.0 ], [ 112.617995552000025, -8.026917873999935, 0.0 ], [ 112.617681713000025, -8.026812794999955, 0.0 ], [ 112.618330436000065, -8.025233721999939, 0.0 ], [ 112.617827825000063, -8.024965665999957, 0.0 ], [ 112.618171240000038, -8.024114084999951, 0.0 ], [ 112.618511092000062, -8.023286703999929, 0.0 ], [ 112.61854109, -8.02321367199994, 0.0 ], [ 112.615101622000111, -8.021681389999969, 0.0 ], [ 112.614647472000115, -8.021352207999939, 0.0 ], [ 112.614303549000056, -8.021242541999925, 0.0 ], [ 112.614246681000054, -8.02131703799995, 0.0 ], [ 112.61420152300002, -8.021376194999959, 0.0 ], [ 112.613920999000015, -8.021386141999926, 0.0 ], [ 112.613920607000068, -8.021386155999949, 0.0 ], [ 112.613901043000055, -8.021360105999975, 0.0 ], [ 112.613714342000094, -8.021111507999933, 0.0 ], [ 112.613583481000092, -8.020818845999941, 0.0 ], [ 112.613416912000048, -8.020177460999946, 0.0 ], [ 112.613532054000075, -8.019651771999975, 0.0 ], [ 112.613774272000114, -8.019237141999952, 0.0 ], [ 112.615040796000017, -8.019214459999944, 0.0 ], [ 112.615450673000055, -8.019110697999963, 0.0 ], [ 112.615953654, -8.018603285999973, 0.0 ], [ 112.616595763000078, -8.017982144999962, 0.0 ], [ 112.617156461000036, -8.017524678999962, 0.0 ], [ 112.617544621000093, -8.017188304999934, 0.0 ], [ 112.618100826000045, -8.016503042999943, 0.0 ], [ 112.618169169000112, -8.01629909899998, 0.0 ], [ 112.618220221000115, -8.016146750999951, 0.0 ], [ 112.617831846000058, -8.015727995999953, 0.0 ], [ 112.617670943, -8.015545424999971, 0.0 ], [ 112.617514014000108, -8.015367363999928, 0.0 ], [ 112.617501211000103, -8.015099009999972, 0.0 ], [ 112.617791894000106, -8.014514141999939, 0.0 ], [ 112.618027792000021, -8.014083572999937, 0.0 ], [ 112.618041074000075, -8.014059329999952, 0.0 ], [ 112.618041808000044, -8.014057990999959, 0.0 ], [ 112.618094375000055, -8.013962043999982, 0.0 ], [ 112.618070003000071, -8.013719318999961, 0.0 ], [ 112.618418054000017, -8.012830745999963, 0.0 ], [ 112.618638995000083, -8.012409688999981, 0.0 ], [ 112.61875515600002, -8.011935525999945, 0.0 ], [ 112.6188591, -8.011549913999943, 0.0 ], [ 112.618828444000087, -8.011265698999978, 0.0 ], [ 112.618822608000073, -8.011211591999938, 0.0 ], [ 112.618657623000104, -8.01099039199994, 0.0 ], [ 112.618411581000032, -8.011003019999976, 0.0 ], [ 112.618200142000092, -8.010875478999935, 0.0 ], [ 112.617988426000011, -8.010677876999978, 0.0 ], [ 112.61755387900007, -8.010422748999929, 0.0 ], [ 112.617164959000092, -8.009863960999951, 0.0 ], [ 112.616533067000091, -8.00983460599997, 0.0 ], [ 112.616377913000065, -8.00982739799997, 0.0 ], [ 112.616238993000024, -8.009820943999955, 0.0 ], [ 112.615922753000063, -8.009293148999973, 0.0 ], [ 112.615503602000103, -8.009034250999946, 0.0 ], [ 112.615119993, -8.00894896799997, 0.0 ], [ 112.61489975500001, -8.008847041999957, 0.0 ], [ 112.614629722000018, -8.008864281999934, 0.0 ], [ 112.614340838000089, -8.00956485599994, 0.0 ], [ 112.61420132, -8.009807498999976, 0.0 ], [ 112.614061283000069, -8.009899443999927, 0.0 ] ] ] ] } },
{ "type": "Feature", "properties": { "nm_kecamatan": "Lowokwaru" }, "geometry": { "type": "MultiPolygon", "coordinates": [ [ [ [ 112.617949766000038, -7.957326339999952, 0.0 ], [ 112.618751535000115, -7.957795311999973, 0.0 ], [ 112.61943950400007, -7.958210497999971, 0.0 ], [ 112.619798862000039, -7.95846268799994, 0.0 ], [ 112.620589381000059, -7.959121335999953, 0.0 ], [ 112.621679803, -7.96001628199997, 0.0 ], [ 112.621374880000076, -7.96045853499993, 0.0 ], [ 112.621324584000035, -7.960551927999973, 0.0 ], [ 112.621222998, -7.960784826999941, 0.0 ], [ 112.621179135000034, -7.960920094999949, 0.0 ], [ 112.621150860000057, -7.961105041999929, 0.0 ], [ 112.621135097000092, -7.961666523999952, 0.0 ], [ 112.621159724000108, -7.961890130999961, 0.0 ], [ 112.621277930000019, -7.962332423999953, 0.0 ], [ 112.621434079000096, -7.962745094999946, 0.0 ], [ 112.621457214000088, -7.962806235999949, 0.0 ], [ 112.621720224000114, -7.963315509999973, 0.0 ], [ 112.621895986000027, -7.963600157999963, 0.0 ], [ 112.621657108000022, -7.963706255999966, 0.0 ], [ 112.621443205000105, -7.963839807999932, 0.0 ], [ 112.620976434000113, -7.964267677999942, 0.0 ], [ 112.620834954000088, -7.964425136999978, 0.0 ], [ 112.620461054000089, -7.964970859999937, 0.0 ], [ 112.619621036000012, -7.966196902999968, 0.0 ], [ 112.619349983, -7.966660931999968, 0.0 ], [ 112.619349477000014, -7.966661794999936, 0.0 ], [ 112.61897727500002, -7.966454302999978, 0.0 ], [ 112.617251496000108, -7.965492230999928, 0.0 ], [ 112.616459619000011, -7.965050782999981, 0.0 ], [ 112.616344448000063, -7.964976213999932, 0.0 ], [ 112.616146756000035, -7.964825676999965, 0.0 ], [ 112.615864104000025, -7.96465501299997, 0.0 ], [ 112.615753535000067, -7.964609017999976, 0.0 ], [ 112.61551015200007, -7.964524276999953, 0.0 ], [ 112.615436389000024, -7.964489774999947, 0.0 ], [ 112.615362626000092, -7.964449323999929, 0.0 ], [ 112.615281724000056, -7.964387457999976, 0.0 ], [ 112.615243415, -7.964349861999949, 0.0 ], [ 112.615192018000016, -7.964307031999965, 0.0 ], [ 112.615107310000099, -7.964255635999962, 0.0 ], [ 112.614897264000092, -7.964164203999928, 0.0 ], [ 112.614650004000055, -7.964065294999955, 0.0 ], [ 112.614386633000095, -7.963952881999944, 0.0 ], [ 112.614293429000099, -7.963922655999966, 0.0 ], [ 112.614252089000047, -7.963914935999981, 0.0 ], [ 112.614238193, -7.963913959999957, 0.0 ], [ 112.61411702700002, -7.963905445999956, 0.0 ], [ 112.613867433000109, -7.963902588999929, 0.0 ], [ 112.613378867000051, -7.96391719099995, 0.0 ], [ 112.613329199000077, -7.963792392999949, 0.0 ], [ 112.613292779000062, -7.96360653399995, 0.0 ], [ 112.613263897000024, -7.963443280999968, 0.0 ], [ 112.613244431000112, -7.963272492999977, 0.0 ], [ 112.613173555000117, -7.963268329999948, 0.0 ], [ 112.612877057000105, -7.96327058199995, 0.0 ], [ 112.612861743000053, -7.96320008999993, 0.0 ], [ 112.612849558000107, -7.963078595999946, 0.0 ], [ 112.612806836, -7.963039627999933, 0.0 ], [ 112.612730359000011, -7.962966035999955, 0.0 ], [ 112.612691941000094, -7.962823664999974, 0.0 ], [ 112.612680854000018, -7.962774309999929, 0.0 ], [ 112.612669552000057, -7.962689243999932, 0.0 ], [ 112.612641593000035, -7.962561347999952, 0.0 ], [ 112.612601142000017, -7.96242690899993, 0.0 ], [ 112.612597573000016, -7.962413821999974, 0.0 ], [ 112.612589245000095, -7.962391811999964, 0.0 ], [ 112.612578537000104, -7.962378724999951, 0.0 ], [ 112.612486928000067, -7.96231269499998, 0.0 ], [ 112.612433390000092, -7.962270458999967, 0.0 ], [ 112.612406026000031, -7.962235361999944, 0.0 ], [ 112.612373675000072, -7.962169596999956, 0.0 ], [ 112.612332692000109, -7.962121596999964, 0.0 ], [ 112.612231648000034, -7.962057395999977, 0.0 ], [ 112.612044138000101, -7.961974389999966, 0.0 ], [ 112.61192643600009, -7.961946138999963, 0.0 ], [ 112.611770385000113, -7.961929998999949, 0.0 ], [ 112.611616780000077, -7.961925810999958, 0.0 ], [ 112.611515990000044, -7.961926201999972, 0.0 ], [ 112.611389369000108, -7.961956784999927, 0.0 ], [ 112.61134830900005, -7.961970262999955, 0.0 ], [ 112.611295449000067, -7.962000553999928, 0.0 ], [ 112.611272003000067, -7.962006993999978, 0.0 ], [ 112.611242268000069, -7.962011417999975, 0.0 ], [ 112.61106363600004, -7.961982082999953, 0.0 ], [ 112.611041423000074, -7.961979654999936, 0.0 ], [ 112.610993840000106, -7.961984933999929, 0.0 ], [ 112.610935569000048, -7.962012190999928, 0.0 ], [ 112.610863763000111, -7.962060316999953, 0.0 ], [ 112.6107918350001, -7.962077343999965, 0.0 ], [ 112.610729338000056, -7.962051269999961, 0.0 ], [ 112.610649986000112, -7.962010906999978, 0.0 ], [ 112.610522592000052, -7.961958768999978, 0.0 ], [ 112.610469684, -7.961930265999968, 0.0 ], [ 112.610459861000095, -7.961872885999981, 0.0 ], [ 112.61040933400011, -7.961839588999965, 0.0 ], [ 112.610325136000029, -7.961787282999978, 0.0 ], [ 112.610233767000068, -7.961742181999966, 0.0 ], [ 112.610144473000105, -7.961724192999952, 0.0 ], [ 112.609951345000013, -7.961699110999973, 0.0 ], [ 112.609891815000083, -7.96171719299997, 0.0 ], [ 112.609834221000028, -7.961717416999932, 0.0 ], [ 112.609770859000037, -7.96171574899995, 0.0 ], [ 112.609729086000016, -7.96172037499997, 0.0 ], [ 112.60968746900005, -7.961710566999955, 0.0 ], [ 112.609676750000062, -7.961706543999981, 0.0 ], [ 112.609609444000057, -7.961678096999947, 0.0 ], [ 112.609555674000035, -7.961674476999974, 0.0 ], [ 112.609501919000081, -7.961674685999981, 0.0 ], [ 112.60949387900007, -7.961674716999937, 0.0 ], [ 112.609488959000032, -7.961643873999947, 0.0 ], [ 112.609493451000048, -7.961564907999957, 0.0 ], [ 112.609483347000037, -7.961435756999947, 0.0 ], [ 112.60947829600002, -7.961371181999937, 0.0 ], [ 112.609439843000018, -7.96135697699998, 0.0 ], [ 112.609281448000047, -7.961355198999968, 0.0 ], [ 112.609273193000035, -7.961355050999941, 0.0 ], [ 112.60926912900004, -7.961549987999945, 0.0 ], [ 112.609225887000093, -7.961538193999957, 0.0 ], [ 112.609208939000041, -7.961499980999974, 0.0 ], [ 112.609206371000028, -7.961456927999961, 0.0 ], [ 112.609172587000103, -7.961409210999932, 0.0 ], [ 112.60912394200011, -7.961402218999979, 0.0 ], [ 112.609075094000104, -7.961391533999972, 0.0 ], [ 112.609073921000117, -7.961391233999962, 0.0 ], [ 112.609006899000065, -7.961383536999961, 0.0 ], [ 112.608998062000069, -7.961348523999959, 0.0 ], [ 112.608976834000032, -7.961334007999938, 0.0 ], [ 112.608887903000095, -7.96126940299996, 0.0 ], [ 112.608861323000042, -7.961243673999945, 0.0 ], [ 112.608797871000093, -7.96119786099996, 0.0 ], [ 112.608801374000109, -7.961111720999952, 0.0 ], [ 112.60879874200009, -7.960966155999927, 0.0 ], [ 112.608796900000016, -7.960949054999958, 0.0 ], [ 112.608778407000045, -7.960884566999937, 0.0 ], [ 112.608753789000048, -7.960839091999958, 0.0 ], [ 112.608707182000103, -7.960771632999979, 0.0 ], [ 112.608662611000113, -7.960729434999962, 0.0 ], [ 112.60854538600006, -7.960637283999972, 0.0 ], [ 112.608345983000049, -7.960468208999941, 0.0 ], [ 112.608280575000094, -7.96042325999997, 0.0 ], [ 112.608022906000087, -7.960281472999952, 0.0 ], [ 112.60781772200005, -7.960153504999937, 0.0 ], [ 112.607687001000045, -7.960020220999979, 0.0 ], [ 112.607422717000077, -7.960007491999932, 0.0 ], [ 112.607402058000048, -7.960005743999943, 0.0 ], [ 112.607401344000095, -7.959735198999965, 0.0 ], [ 112.607433514000036, -7.959352130999946, 0.0 ], [ 112.607460582000044, -7.958907261999968, 0.0 ], [ 112.607474632000049, -7.958745009999973, 0.0 ], [ 112.607473428000048, -7.958744816999967, 0.0 ], [ 112.60731321600008, -7.958719077999945, 0.0 ], [ 112.607068488000095, -7.958680413999957, 0.0 ], [ 112.606774947000076, -7.958644020999941, 0.0 ], [ 112.60672339100006, -7.958643741999936, 0.0 ], [ 112.606704227000023, -7.958650415999955, 0.0 ], [ 112.606618801000081, -7.958680165999965, 0.0 ], [ 112.606566217000022, -7.958683897999947, 0.0 ], [ 112.606255946000033, -7.958666850999975, 0.0 ], [ 112.605961136000019, -7.958648181999934, 0.0 ], [ 112.605960525000114, -7.958632056999932, 0.0 ], [ 112.605965300000094, -7.958599824999965, 0.0 ], [ 112.605967686000099, -7.958593564999944, 0.0 ], [ 112.605987734000109, -7.958558633999928, 0.0 ], [ 112.606060034000052, -7.958468583999945, 0.0 ], [ 112.60609510900008, -7.95842502499994, 0.0 ], [ 112.606106402000023, -7.958408807999945, 0.0 ], [ 112.606156527000053, -7.958339234999926, 0.0 ], [ 112.606179450000013, -7.958305821999943, 0.0 ], [ 112.606203416000085, -7.958275393999941, 0.0 ], [ 112.606210089000115, -7.958268654999927, 0.0 ], [ 112.606228487000067, -7.958253598999931, 0.0 ], [ 112.606238041000097, -7.958247263999965, 0.0 ], [ 112.606266521000066, -7.958235454999965, 0.0 ], [ 112.606279939000046, -7.958232055999929, 0.0 ], [ 112.606298359000107, -7.958233063999955, 0.0 ], [ 112.606324129000086, -7.958228499999962, 0.0 ], [ 112.606360801000051, -7.958211530999961, 0.0 ], [ 112.606376626000042, -7.958201151999958, 0.0 ], [ 112.606391248000023, -7.958182687999965, 0.0 ], [ 112.606411029000014, -7.958135919999961, 0.0 ], [ 112.606410909000033, -7.95811288699997, 0.0 ], [ 112.60640318500009, -7.958074017999934, 0.0 ], [ 112.606389359000104, -7.958050207999975, 0.0 ], [ 112.606372703000034, -7.958035930999927, 0.0 ], [ 112.606357237000111, -7.958012135999979, 0.0 ], [ 112.606352478000076, -7.957989530999953, 0.0 ], [ 112.606357237000111, -7.957965736999938, 0.0 ], [ 112.606376272000034, -7.957932423999978, 0.0 ], [ 112.606406016000051, -7.957908629999963, 0.0 ], [ 112.606454795000104, -7.957881265999958, 0.0 ], [ 112.606514281000045, -7.957834865999928, 0.0 ], [ 112.606550289000097, -7.957810860999928, 0.0 ], [ 112.606586370000059, -7.957768564999981, 0.0 ], [ 112.606615408000039, -7.957720651999978, 0.0 ], [ 112.60669694, -7.957617849999963, 0.0 ], [ 112.606743899000094, -7.957544571999961, 0.0 ], [ 112.606826585000022, -7.957404778999944, 0.0 ], [ 112.606841457000087, -7.95738455299994, 0.0 ], [ 112.606853949000083, -7.957374440999956, 0.0 ], [ 112.606871200000114, -7.957363732999966, 0.0 ], [ 112.606894586000067, -7.957356936999929, 0.0 ], [ 112.606921169000088, -7.957345291999957, 0.0 ], [ 112.606937825000045, -7.957326850999948, 0.0 ], [ 112.606950317000042, -7.957311384999969, 0.0 ], [ 112.606961620000106, -7.957289374999959, 0.0 ], [ 112.606969353000068, -7.95726736499995, 0.0 ], [ 112.606971138000063, -7.957245949999958, 0.0 ], [ 112.606966974000102, -7.957223344999932, 0.0 ], [ 112.606953292000071, -7.957198954999967, 0.0 ], [ 112.606940800000075, -7.95717575599997, 0.0 ], [ 112.606922359, -7.957157314999961, 0.0 ], [ 112.606909272000053, -7.957147796999948, 0.0 ], [ 112.606899754000096, -7.957137683999974, 0.0 ], [ 112.606892021000021, -7.957124001999944, 0.0 ], [ 112.606889641000066, -7.957104371999947, 0.0 ], [ 112.606887857000061, -7.957070463999969, 0.0 ], [ 112.606892021000021, -7.957034177999958, 0.0 ], [ 112.606900944000017, -7.957012762999966, 0.0 ], [ 112.606916410000053, -7.956985993999979, 0.0 ], [ 112.606944964000036, -7.956952680999962, 0.0 ], [ 112.606992755000078, -7.956887789999939, 0.0 ], [ 112.607053438000094, -7.956804931999955, 0.0 ], [ 112.607150656000044, -7.956659840999976, 0.0 ], [ 112.607168941000054, -7.956619648999947, 0.0 ], [ 112.607180982000045, -7.956573437999964, 0.0 ], [ 112.607179846, -7.95653012899993, 0.0 ], [ 112.607181988000093, -7.956510854999976, 0.0 ], [ 112.607183415, -7.956456602999936, 0.0 ], [ 112.607185557000093, -7.956435187999944, 0.0 ], [ 112.607204831000104, -7.956373083999949, 0.0 ], [ 112.607226246000096, -7.956333108999956, 0.0 ], [ 112.607296916000109, -7.956182488999957, 0.0 ], [ 112.607301205000113, -7.956175953999946, 0.0 ], [ 112.607456963000118, -7.955852085999936, 0.0 ], [ 112.607496395000112, -7.955786324999963, 0.0 ], [ 112.607732445000011, -7.955490508999958, 0.0 ], [ 112.607770548000076, -7.955430097999965, 0.0 ], [ 112.607802821000064, -7.955359289999933, 0.0 ], [ 112.607820404000108, -7.955303638999965, 0.0 ], [ 112.608013294000102, -7.954556924999963, 0.0 ], [ 112.608047636000038, -7.954396576999955, 0.0 ], [ 112.608078569000099, -7.954345417999946, 0.0 ], [ 112.608117830000083, -7.95431091599994, 0.0 ], [ 112.608219419000079, -7.95423174299998, 0.0 ], [ 112.607881122000094, -7.954255546999946, 0.0 ], [ 112.607837541000094, -7.954249023999978, 0.0 ], [ 112.607638132000034, -7.954197093999937, 0.0 ], [ 112.606883118000042, -7.954110967999952, 0.0 ], [ 112.606803809000098, -7.954109911999979, 0.0 ], [ 112.60676254100008, -7.95410936299993, 0.0 ], [ 112.606545707, -7.954130873999929, 0.0 ], [ 112.606404116000022, -7.954151253999953, 0.0 ], [ 112.606368891000102, -7.954161665999948, 0.0 ], [ 112.606257365000033, -7.954201428999966, 0.0 ], [ 112.605916438, -7.954375910999943, 0.0 ], [ 112.605777496000087, -7.954433532999929, 0.0 ], [ 112.605677004000086, -7.954468218999978, 0.0 ], [ 112.60557674800009, -7.954483701999948, 0.0 ], [ 112.60534880900002, -7.954494152999928, 0.0 ], [ 112.605104007000023, -7.954487922999931, 0.0 ], [ 112.604823162000116, -7.954469868999979, 0.0 ], [ 112.604679131000012, -7.95445846399997, 0.0 ], [ 112.604520682000043, -7.95444232899996, 0.0 ], [ 112.604339389000074, -7.95440290099998, 0.0 ], [ 112.604310085000066, -7.954381400999978, 0.0 ], [ 112.604203280000092, -7.954257506999966, 0.0 ], [ 112.604084386000068, -7.954133860999946, 0.0 ], [ 112.604033638000033, -7.954091403999939, 0.0 ], [ 112.603915125000071, -7.954020255999978, 0.0 ], [ 112.603742692000083, -7.953938772999948, 0.0 ], [ 112.603625272000045, -7.953900119999957, 0.0 ], [ 112.603483386000107, -7.953835800999968, 0.0 ], [ 112.603428683000061, -7.953795741999954, 0.0 ], [ 112.603366952000101, -7.953723322999963, 0.0 ], [ 112.603223708000087, -7.95351276599996, 0.0 ], [ 112.603073731000109, -7.953327516999934, 0.0 ], [ 112.60312602800002, -7.953313460999937, 0.0 ], [ 112.603164099000082, -7.953286096999932, 0.0 ], [ 112.603209309000022, -7.953246835999948, 0.0 ], [ 112.603237863000118, -7.953200436999964, 0.0 ], [ 112.603258088000075, -7.953157605999934, 0.0 ], [ 112.603285452000023, -7.953073135999944, 0.0 ], [ 112.60332048500004, -7.952892624999947, 0.0 ], [ 112.603361688000064, -7.952702063999936, 0.0 ], [ 112.603395791000025, -7.952554159999977, 0.0 ], [ 112.603474943000037, -7.952172983999958, 0.0 ], [ 112.603544436000107, -7.951776532999929, 0.0 ], [ 112.603633104000096, -7.951374266999949, 0.0 ], [ 112.603695223000045, -7.95105631499996, 0.0 ], [ 112.603761474000066, -7.950697488999936, 0.0 ], [ 112.603783497000109, -7.950577611999961, 0.0 ], [ 112.603842705000034, -7.950350155999956, 0.0 ], [ 112.603852035000045, -7.950307081999938, 0.0 ], [ 112.603851424000027, -7.950246488999937, 0.0 ], [ 112.603826023000011, -7.950128277999966, 0.0 ], [ 112.603804314000058, -7.950055917999975, 0.0 ], [ 112.60374549200003, -7.949921527999948, 0.0 ], [ 112.603052937000029, -7.950295485999959, 0.0 ], [ 112.60290163500008, -7.950346488999969, 0.0 ], [ 112.60281004, -7.95036201399995, 0.0 ], [ 112.602713477000066, -7.95041256899998, 0.0 ], [ 112.602633810000043, -7.950476047999928, 0.0 ], [ 112.602444987000013, -7.950590660999978, 0.0 ], [ 112.602305023000099, -7.95063917899995, 0.0 ], [ 112.602167936000114, -7.95065320599997, 0.0 ], [ 112.601698170000077, -7.950844018999931, 0.0 ], [ 112.601440133000096, -7.950931384999933, 0.0 ], [ 112.601403612000013, -7.950937244999977, 0.0 ], [ 112.601370251000048, -7.950927362999948, 0.0 ], [ 112.601358948000097, -7.950917882999931, 0.0 ], [ 112.601319389000082, -7.950870774999942, 0.0 ], [ 112.601244307000115, -7.950754779999954, 0.0 ], [ 112.601142976, -7.950615213999981, 0.0 ], [ 112.601081178000072, -7.950505827999962, 0.0 ], [ 112.601030116000061, -7.950398528999926, 0.0 ], [ 112.600968776000059, -7.950249846999952, 0.0 ], [ 112.600899813000069, -7.95010297999994, 0.0 ], [ 112.600861697000028, -7.949999010999932, 0.0 ], [ 112.600837439000088, -7.949948909999932, 0.0 ], [ 112.600796627000022, -7.949881079999955, 0.0 ], [ 112.600769044000117, -7.949846557999933, 0.0 ], [ 112.600612554, -7.949734365999973, 0.0 ], [ 112.60057521300007, -7.949758911999936, 0.0 ], [ 112.600524752000069, -7.949741880999966, 0.0 ], [ 112.600480022000056, -7.949717650999958, 0.0 ], [ 112.600447327000097, -7.949705258999927, 0.0 ], [ 112.600415174000091, -7.949703546999956, 0.0 ], [ 112.600403655000036, -7.949703590999945, 0.0 ], [ 112.600371375, -7.94971641799998, 0.0 ], [ 112.600336654000102, -7.949734103999958, 0.0 ], [ 112.600326049000046, -7.949741210999946, 0.0 ], [ 112.600269059000084, -7.949782849999963, 0.0 ], [ 112.600188688000117, -7.94983979999995, 0.0 ], [ 112.600159792000113, -7.949852224999972, 0.0 ], [ 112.600116533, -7.949861695999971, 0.0 ], [ 112.600037881000048, -7.949871365999968, 0.0 ], [ 112.600005069000076, -7.94987502999993, 0.0 ], [ 112.599942890000079, -7.94988974599994, 0.0 ], [ 112.59991485, -7.949901962999945, 0.0 ], [ 112.599883501000022, -7.949923214999956, 0.0 ], [ 112.599848164000036, -7.949960136999948, 0.0 ], [ 112.59982264000007, -7.949987001999943, 0.0 ], [ 112.599777442000118, -7.95001472499996, 0.0 ], [ 112.599769675000061, -7.950017856999978, 0.0 ], [ 112.59970449900004, -7.95004298899994, 0.0 ], [ 112.599641302, -7.950083424999946, 0.0 ], [ 112.599516416000029, -7.95018199499998, 0.0 ], [ 112.599395198000025, -7.95023605199998, 0.0 ], [ 112.599299301000087, -7.950260344999947, 0.0 ], [ 112.599088125000094, -7.950261157999932, 0.0 ], [ 112.598920543000077, -7.950255459999937, 0.0 ], [ 112.598841883000091, -7.950241699999935, 0.0 ], [ 112.598505895000017, -7.950164513999937, 0.0 ], [ 112.598041277000107, -7.950059904999932, 0.0 ], [ 112.597808069000052, -7.949984169999937, 0.0 ], [ 112.59666139, -7.94955652799996, 0.0 ], [ 112.596245429000078, -7.94937852399994, 0.0 ], [ 112.595680696000045, -7.949174347999929, 0.0 ], [ 112.594776378, -7.948809985999958, 0.0 ], [ 112.593814952000116, -7.948415935999947, 0.0 ], [ 112.593045921000112, -7.948128804999953, 0.0 ], [ 112.591978883000024, -7.947730186999934, 0.0 ], [ 112.591747854, -7.947642389999942, 0.0 ], [ 112.590661853000029, -7.947218649999968, 0.0 ], [ 112.589818225000045, -7.946877369999982, 0.0 ], [ 112.589749567000013, -7.946837230999961, 0.0 ], [ 112.589681201000076, -7.946781232999967, 0.0 ], [ 112.58941699200011, -7.946506123999939, 0.0 ], [ 112.589051545000075, -7.946079061999967, 0.0 ], [ 112.588513104000072, -7.945407431999968, 0.0 ], [ 112.588303170000017, -7.945106788999965, 0.0 ], [ 112.587931998000045, -7.944656005999946, 0.0 ], [ 112.587543476000064, -7.944135471999971, 0.0 ], [ 112.586883076000049, -7.943322155999965, 0.0 ], [ 112.58681773100011, -7.943374320999965, 0.0 ], [ 112.586652398000069, -7.943537080999931, 0.0 ], [ 112.58661298100003, -7.943583623999928, 0.0 ], [ 112.586599570000089, -7.943605901999945, 0.0 ], [ 112.58658979900008, -7.943628386999933, 0.0 ], [ 112.586585036000088, -7.943656322999971, 0.0 ], [ 112.586576921000074, -7.943689312999936, 0.0 ], [ 112.586541423000085, -7.943767517999959, 0.0 ], [ 112.586526880000065, -7.943793190999941, 0.0 ], [ 112.586474054000064, -7.943857325999943, 0.0 ], [ 112.586456663000035, -7.943887322999956, 0.0 ], [ 112.586420395, -7.943995837999978, 0.0 ], [ 112.586414526000112, -7.944032566999965, 0.0 ], [ 112.586414907000062, -7.944070131999979, 0.0 ], [ 112.586423629000024, -7.944123722999962, 0.0 ], [ 112.586204563000024, -7.944116814999973, 0.0 ], [ 112.585906476000105, -7.944058307999967, 0.0 ], [ 112.5854567, -7.943916477999949, 0.0 ], [ 112.585591777000104, -7.943590599999936, 0.0 ], [ 112.585647051000024, -7.943440203999955, 0.0 ], [ 112.585682273000089, -7.943353037999941, 0.0 ], [ 112.58553233400005, -7.94330193299993, 0.0 ], [ 112.584694558000024, -7.942982149999978, 0.0 ], [ 112.584670084000095, -7.943037004999951, 0.0 ], [ 112.58457137500011, -7.943255252999961, 0.0 ], [ 112.584140602000048, -7.943082349999941, 0.0 ], [ 112.58409072500001, -7.943180003999942, 0.0 ], [ 112.584058738000067, -7.943253423999977, 0.0 ], [ 112.58387893400004, -7.943644484999936, 0.0 ], [ 112.583749835000049, -7.944022023999935, 0.0 ], [ 112.583692800000108, -7.944167700999969, 0.0 ], [ 112.583555629000102, -7.944122847999949, 0.0 ], [ 112.583327718000078, -7.944038795999973, 0.0 ], [ 112.58310817600011, -7.944542270999932, 0.0 ], [ 112.582907719000104, -7.944503244999964, 0.0 ], [ 112.582757939000089, -7.944869856999958, 0.0 ], [ 112.582643894000057, -7.945168147999937, 0.0 ], [ 112.582488371000068, -7.945139809999944, 0.0 ], [ 112.582319657000085, -7.945097609999948, 0.0 ], [ 112.582182749000026, -7.945065832999944, 0.0 ], [ 112.582071094000071, -7.945048314999951, 0.0 ], [ 112.581860432000099, -7.945044211999971, 0.0 ], [ 112.581807750000053, -7.945036909999942, 0.0 ], [ 112.581769373000043, -7.945031590999974, 0.0 ], [ 112.581722571000114, -7.945025103999967, 0.0 ], [ 112.581635560000109, -7.94493618499996, 0.0 ], [ 112.581561094000108, -7.944883671999946, 0.0 ], [ 112.581454883000106, -7.944841857999961, 0.0 ], [ 112.581374924000102, -7.944741722999936, 0.0 ], [ 112.581167832, -7.944663316999936, 0.0 ], [ 112.581029700000045, -7.944605711999941, 0.0 ], [ 112.580986770000095, -7.944468461999975, 0.0 ], [ 112.580871943000034, -7.944168485999967, 0.0 ], [ 112.58062686300002, -7.943856799999935, 0.0 ], [ 112.580474758000037, -7.943704323999953, 0.0 ], [ 112.580267727000091, -7.94364173799994, 0.0 ], [ 112.580176927000025, -7.943483604999926, 0.0 ], [ 112.580074342000103, -7.943411942999944, 0.0 ], [ 112.579957067, -7.943253909999953, 0.0 ], [ 112.579787353000029, -7.943249311999978, 0.0 ], [ 112.579585719000079, -7.943228922999936, 0.0 ], [ 112.579357651, -7.943219211999974, 0.0 ], [ 112.579049826000073, -7.943162251999979, 0.0 ], [ 112.579002011000057, -7.943136034999952, 0.0 ], [ 112.578746721000016, -7.942930973999978, 0.0 ], [ 112.578667147000033, -7.942931275999968, 0.0 ], [ 112.578481725000074, -7.942984775999946, 0.0 ], [ 112.578418034000038, -7.942953285999977, 0.0 ], [ 112.578274432000057, -7.942853481999975, 0.0 ], [ 112.578115096000033, -7.942785379999975, 0.0 ], [ 112.5780514920001, -7.94279619799994, 0.0 ], [ 112.577993642000024, -7.942923254999926, 0.0 ], [ 112.577956789000041, -7.942986767999969, 0.0 ], [ 112.577824251000038, -7.943003091999969, 0.0 ], [ 112.577659827000048, -7.942993138999952, 0.0 ], [ 112.57750031, -7.942877573999965, 0.0 ], [ 112.577271616000075, -7.942704051999954, 0.0 ], [ 112.577106426000114, -7.942493403999947, 0.0 ], [ 112.576949438000042, -7.942275944999949, 0.0 ], [ 112.576853747000087, -7.942207690999965, 0.0 ], [ 112.576588302, -7.942124168999953, 0.0 ], [ 112.576535156000091, -7.942092638999952, 0.0 ], [ 112.576396724, -7.941955748999931, 0.0 ], [ 112.576263521000101, -7.94179777599993, 0.0 ], [ 112.575966171, -7.941682732999936, 0.0 ], [ 112.57576433600002, -7.94160945699997, 0.0 ], [ 112.575684580000029, -7.941562205999958, 0.0 ], [ 112.575175763000061, -7.941632840999944, 0.0 ], [ 112.574839441000108, -7.941653280999958, 0.0 ], [ 112.573872887000107, -7.940813014999947, 0.0 ], [ 112.573579094000024, -7.940747860999977, 0.0 ], [ 112.573219880000011, -7.940491295999948, 0.0 ], [ 112.572867661000032, -7.940481146999957, 0.0 ], [ 112.571574854, -7.939947042999961, 0.0 ], [ 112.571465135000039, -7.939768998999966, 0.0 ], [ 112.570684265000068, -7.93923657299996, 0.0 ], [ 112.570273494000048, -7.939188581999929, 0.0 ], [ 112.57011487300008, -7.939209701999971, 0.0 ], [ 112.569244652000066, -7.939096182999947, 0.0 ], [ 112.568947246000107, -7.938946057999942, 0.0 ], [ 112.569262519000063, -7.938325778999967, 0.0 ], [ 112.569303332000118, -7.938201860999925, 0.0 ], [ 112.5694456330001, -7.93750674599994, 0.0 ], [ 112.569513334000021, -7.93699904999994, 0.0 ], [ 112.570009375000041, -7.936892941999929, 0.0 ], [ 112.570766556000081, -7.936742543999969, 0.0 ], [ 112.570704538000086, -7.936363259999951, 0.0 ], [ 112.570654790000049, -7.935985375999962, 0.0 ], [ 112.570813204000046, -7.935929812999973, 0.0 ], [ 112.571433830000046, -7.935762390999969, 0.0 ], [ 112.571641113000055, -7.935754646999953, 0.0 ], [ 112.572186577000025, -7.935862608999969, 0.0 ], [ 112.572573116000058, -7.935813143999951, 0.0 ], [ 112.572931804000063, -7.935736028999941, 0.0 ], [ 112.573235338000018, -7.935728100999938, 0.0 ], [ 112.573449433000064, -7.935761554999942, 0.0 ], [ 112.573519381000096, -7.935728021999978, 0.0 ], [ 112.573815499000034, -7.935520418999943, 0.0 ], [ 112.573849501000041, -7.935375913999962, 0.0 ], [ 112.57516952900005, -7.935756042999969, 0.0 ], [ 112.575377176000075, -7.935844213999928, 0.0 ], [ 112.575371471000039, -7.935897393999937, 0.0 ], [ 112.57567989100005, -7.935955259999957, 0.0 ], [ 112.575768670000116, -7.935937204999959, 0.0 ], [ 112.576619509000011, -7.936088663999953, 0.0 ], [ 112.577941490000057, -7.936195844999929, 0.0 ], [ 112.578729853000027, -7.93622232599995, 0.0 ], [ 112.578734590000067, -7.935915295999962, 0.0 ], [ 112.580023442000083, -7.935964374999969, 0.0 ], [ 112.580705038000019, -7.935979505999967, 0.0 ], [ 112.58175446700011, -7.936099552999963, 0.0 ], [ 112.582147394000117, -7.936117314999933, 0.0 ], [ 112.583296138000037, -7.936178126999948, 0.0 ], [ 112.584194651000075, -7.936162864999972, 0.0 ], [ 112.585087635000036, -7.936266230999934, 0.0 ], [ 112.585153232000039, -7.936307476999957, 0.0 ], [ 112.585196183000107, -7.93664524299993, 0.0 ], [ 112.585261391000017, -7.936643366999931, 0.0 ], [ 112.585308936000047, -7.936637497999925, 0.0 ], [ 112.585455597000077, -7.936619392999944, 0.0 ], [ 112.58561975900011, -7.936600777999956, 0.0 ], [ 112.585827051000024, -7.936615446999951, 0.0 ], [ 112.586006048000058, -7.936681933999978, 0.0 ], [ 112.586063035000052, -7.936681716999942, 0.0 ], [ 112.586415052, -7.936582286999965, 0.0 ], [ 112.586495278000029, -7.936576827999943, 0.0 ], [ 112.586552330000018, -7.936573988999953, 0.0 ], [ 112.586702675000083, -7.936599180999963, 0.0 ], [ 112.586943785000017, -7.936637044999941, 0.0 ], [ 112.587029286000075, -7.936641871999939, 0.0 ], [ 112.587288306, -7.936630577999949, 0.0 ], [ 112.58734792100006, -7.93663288099998, 0.0 ], [ 112.58750615200006, -7.936686519999967, 0.0 ], [ 112.587627885000074, -7.936680902999967, 0.0 ], [ 112.587738663000096, -7.936685722999925, 0.0 ], [ 112.587873452000053, -7.936710973999936, 0.0 ], [ 112.587953713000047, -7.936695208999936, 0.0 ], [ 112.588220115000013, -7.936580644999935, 0.0 ], [ 112.588377989000037, -7.936541258999966, 0.0 ], [ 112.588461106000068, -7.936587408999969, 0.0 ], [ 112.588538858000106, -7.936600039999973, 0.0 ], [ 112.588598463000039, -7.93659981299993, 0.0 ], [ 112.588737947000027, -7.936503813999934, 0.0 ], [ 112.588875240000107, -7.936480055999937, 0.0 ], [ 112.588981287000024, -7.936440867999977, 0.0 ], [ 112.589166338000041, -7.936369916999979, 0.0 ], [ 112.589404434000016, -7.936304549999932, 0.0 ], [ 112.58964779400003, -7.936246756999935, 0.0 ], [ 112.589795253000034, -7.936202346999949, 0.0 ], [ 112.589875524000036, -7.936189112999955, 0.0 ], [ 112.590171241, -7.936288692999938, 0.0 ], [ 112.590386346000059, -7.936293023999951, 0.0 ], [ 112.590760947000035, -7.936310214999935, 0.0 ], [ 112.591097937000086, -7.936368321999964, 0.0 ], [ 112.591572439000061, -7.936459441999943, 0.0 ], [ 112.591792848000068, -7.936520525999981, 0.0 ], [ 112.592062451000061, -7.936558186999946, 0.0 ], [ 112.592273962000036, -7.936542008999936, 0.0 ], [ 112.592914528000051, -7.936720273999981, 0.0 ], [ 112.593988324000065, -7.93703103699994, 0.0 ], [ 112.59400534800011, -7.936985227999969, 0.0 ], [ 112.59405915100001, -7.936837844999957, 0.0 ], [ 112.595008598000049, -7.937154324999938, 0.0 ], [ 112.595325353000021, -7.937298117999944, 0.0 ], [ 112.595691367000086, -7.93735746599998, 0.0 ], [ 112.596022630000107, -7.937442981999936, 0.0 ], [ 112.596266877000062, -7.937537601999963, 0.0 ], [ 112.5966551140001, -7.937696758999948, 0.0 ], [ 112.596969355000056, -7.937886574999936, 0.0 ], [ 112.597038318000045, -7.937695287999929, 0.0 ], [ 112.597107281000035, -7.937504000999979, 0.0 ], [ 112.597218967000117, -7.937220970999931, 0.0 ], [ 112.597497056000066, -7.937441843999977, 0.0 ], [ 112.597663345000115, -7.937567679999972, 0.0 ], [ 112.597862092000014, -7.937383668999928, 0.0 ], [ 112.597981261000086, -7.937372904999961, 0.0 ], [ 112.598113259000115, -7.937333705999947, 0.0 ], [ 112.598203590000026, -7.937253351999971, 0.0 ], [ 112.598332062000054, -7.936979206999979, 0.0 ], [ 112.598366322000061, -7.936923025999931, 0.0 ], [ 112.598534311000094, -7.936811364999926, 0.0 ], [ 112.598663281000086, -7.936666314999968, 0.0 ], [ 112.598810220000018, -7.936487654999951, 0.0 ], [ 112.598841251000067, -7.936466923999944, 0.0 ], [ 112.598965291000013, -7.93638128799995, 0.0 ], [ 112.598996232000104, -7.936337232999961, 0.0 ], [ 112.599084622000078, -7.935754695999947, 0.0 ], [ 112.599091711000028, -7.935576573999981, 0.0 ], [ 112.599068178000039, -7.935525043999974, 0.0 ], [ 112.598891634000097, -7.935435318999964, 0.0 ], [ 112.598748987000022, -7.935389399999963, 0.0 ], [ 112.598538580000081, -7.935245743999928, 0.0 ], [ 112.59838985500005, -7.935097600999939, 0.0 ], [ 112.598405211000113, -7.935045921999972, 0.0 ], [ 112.598652572000105, -7.934688782999956, 0.0 ], [ 112.5986937240001, -7.934616392999942, 0.0 ], [ 112.598675341000103, -7.934562220999965, 0.0 ], [ 112.598626063000097, -7.934544329999937, 0.0 ], [ 112.598506900000075, -7.934537102999968, 0.0 ], [ 112.598376743000017, -7.93437496699994, 0.0 ], [ 112.598298467000063, -7.934246171999973, 0.0 ], [ 112.598277067000026, -7.93414662999993, 0.0 ], [ 112.598194883000019, -7.933664281999938, 0.0 ], [ 112.598055863000013, -7.933220844999937, 0.0 ], [ 112.598213585000053, -7.933142853999925, 0.0 ], [ 112.598337445000084, -7.933010750999927, 0.0 ], [ 112.598435503000019, -7.932917439999926, 0.0 ], [ 112.598404164000044, -7.932645536999928, 0.0 ], [ 112.598409177, -7.932549327999936, 0.0 ], [ 112.598221088000059, -7.932452052999963, 0.0 ], [ 112.597963017000097, -7.932282090999934, 0.0 ], [ 112.597846512000046, -7.932207773999949, 0.0 ], [ 112.597770417000106, -7.932042899999942, 0.0 ], [ 112.597627338000052, -7.93202030499998, 0.0 ], [ 112.597593111000037, -7.931949198999973, 0.0 ], [ 112.597628576000034, -7.931876016999979, 0.0 ], [ 112.5977389950001, -7.931768735999981, 0.0 ], [ 112.597792148000053, -7.931647391999945, 0.0 ], [ 112.597750659000098, -7.931554977999951, 0.0 ], [ 112.597673670000063, -7.931526795999957, 0.0 ], [ 112.597501907000037, -7.931493553999928, 0.0 ], [ 112.597392610000043, -7.93142635199996, 0.0 ], [ 112.597413503000098, -7.931355937999967, 0.0 ], [ 112.597511398000051, -7.931239845999926, 0.0 ], [ 112.597469957000044, -7.93115981699998, 0.0 ], [ 112.597372991000043, -7.931051613999955, 0.0 ], [ 112.59740118700006, -7.930955316999928, 0.0 ], [ 112.597475936000023, -7.930829459999927, 0.0 ], [ 112.597524601000032, -7.930572165999934, 0.0 ], [ 112.59754125500001, -7.930372400999943, 0.0 ], [ 112.597584177000044, -7.930215928999928, 0.0 ], [ 112.597618465000096, -7.930050901999948, 0.0 ], [ 112.597670765000089, -7.930076736999979, 0.0 ], [ 112.597757956, -7.930093759999977, 0.0 ], [ 112.598028197000076, -7.930162152999969, 0.0 ], [ 112.598354149000102, -7.93020999099997, 0.0 ], [ 112.598525021000114, -7.930264480999938, 0.0 ], [ 112.598754510000049, -7.930295783999952, 0.0 ], [ 112.598821424000107, -7.930174566999938, 0.0 ], [ 112.598805356000071, -7.930080608999958, 0.0 ], [ 112.59889173900001, -7.929965736999975, 0.0 ], [ 112.598952104000091, -7.929891644999941, 0.0 ], [ 112.598963218000108, -7.929864752999947, 0.0 ], [ 112.5989852350001, -7.929737018999958, 0.0 ], [ 112.598994166000011, -7.929725774999952, 0.0 ], [ 112.599048016000097, -7.929707667999935, 0.0 ], [ 112.599066813000036, -7.929326997999965, 0.0 ], [ 112.599149033000117, -7.929102752999938, 0.0 ], [ 112.59914197, -7.928978023999946, 0.0 ], [ 112.599119123000037, -7.928890871999954, 0.0 ], [ 112.599123273000032, -7.928803526999957, 0.0 ], [ 112.599306660000025, -7.928574463999951, 0.0 ], [ 112.599330799000086, -7.928415350999956, 0.0 ], [ 112.599364201000071, -7.928350313999943, 0.0 ], [ 112.599554491000049, -7.928165973999967, 0.0 ], [ 112.599639445000093, -7.927971731999946, 0.0 ], [ 112.599696741000116, -7.927664773999936, 0.0 ], [ 112.599689157000057, -7.927463293999949, 0.0 ], [ 112.599643301000015, -7.927208261999965, 0.0 ], [ 112.599651920000042, -7.927097031999949, 0.0 ], [ 112.599711789000025, -7.926875133999943, 0.0 ], [ 112.599794372000019, -7.926744906999943, 0.0 ], [ 112.59990193100009, -7.926652734999948, 0.0 ], [ 112.600083618000099, -7.926564706999955, 0.0 ], [ 112.600085351000075, -7.926432620999947, 0.0 ], [ 112.600044218000107, -7.926258119999943, 0.0 ], [ 112.599937948000047, -7.926064341999961, 0.0 ], [ 112.599684450000041, -7.925779911999939, 0.0 ], [ 112.599282792000054, -7.925337753999941, 0.0 ], [ 112.598926835000043, -7.92497461399995, 0.0 ], [ 112.598770235000075, -7.924819720999949, 0.0 ], [ 112.598506598000085, -7.924601232999976, 0.0 ], [ 112.598239122000109, -7.924376250999956, 0.0 ], [ 112.598042781000117, -7.924213101999953, 0.0 ], [ 112.597763643, -7.923911772999929, 0.0 ], [ 112.597628900000018, -7.92378075299996, 0.0 ], [ 112.597352529000091, -7.923459704999971, 0.0 ], [ 112.597298575000082, -7.92343161499997, 0.0 ], [ 112.597122641000055, -7.923420988999965, 0.0 ], [ 112.596856124000055, -7.923444610999979, 0.0 ], [ 112.596722882000108, -7.923450816999946, 0.0 ], [ 112.596617744000014, -7.923414424999976, 0.0 ], [ 112.596557890000099, -7.923329946999957, 0.0 ], [ 112.596523547000061, -7.92324808199993, 0.0 ], [ 112.596542886000066, -7.923123702999931, 0.0 ], [ 112.596420435000027, -7.922999776999973, 0.0 ], [ 112.596133143000088, -7.922774777999962, 0.0 ], [ 112.596136093000041, -7.923055379999937, 0.0 ], [ 112.596129450000035, -7.923194535999926, 0.0 ], [ 112.596154956000078, -7.923312143999965, 0.0 ], [ 112.59561107400009, -7.923299761999942, 0.0 ], [ 112.594769234000069, -7.923263928999972, 0.0 ], [ 112.594647561000102, -7.923264394999933, 0.0 ], [ 112.594365661000097, -7.923313205999932, 0.0 ], [ 112.593639621000079, -7.923286239999925, 0.0 ], [ 112.59339904, -7.923325581999961, 0.0 ], [ 112.593389857000034, -7.923212792999948, 0.0 ], [ 112.593585961000031, -7.922109299999931, 0.0 ], [ 112.593463746000111, -7.921890990999941, 0.0 ], [ 112.593600558000048, -7.921451829999967, 0.0 ], [ 112.593922536000036, -7.920273724999959, 0.0 ], [ 112.59373387800008, -7.920143541999948, 0.0 ], [ 112.593871655000044, -7.919935990999932, 0.0 ], [ 112.593892846000017, -7.919904087999953, 0.0 ], [ 112.593766366000068, -7.919334937999963, 0.0 ], [ 112.593512872000019, -7.918971489999933, 0.0 ], [ 112.593420359000106, -7.91891172499993, 0.0 ], [ 112.593331476000117, -7.918901486999971, 0.0 ], [ 112.592866272000037, -7.918889070999967, 0.0 ], [ 112.592025793000062, -7.918582466999965, 0.0 ], [ 112.591876119000062, -7.918438030999937, 0.0 ], [ 112.591672955000035, -7.918230063999943, 0.0 ], [ 112.591406502000041, -7.91815270099994, 0.0 ], [ 112.59146648400008, -7.917900697999926, 0.0 ], [ 112.591482873000018, -7.917853217999948, 0.0 ], [ 112.591497325000091, -7.917811351999944, 0.0 ], [ 112.591517915000054, -7.917802484999982, 0.0 ], [ 112.591518045000043, -7.917802428999948, 0.0 ], [ 112.591571292000026, -7.917779498999948, 0.0 ], [ 112.591716150000025, -7.917717118999974, 0.0 ], [ 112.591779243000019, -7.917689948999964, 0.0 ], [ 112.592057150000073, -7.917497864999973, 0.0 ], [ 112.592475252000099, -7.917513716999963, 0.0 ], [ 112.592769407000105, -7.917588579999972, 0.0 ], [ 112.592968709000047, -7.917639301999941, 0.0 ], [ 112.593064786000014, -7.917789546999927, 0.0 ], [ 112.593091619, -7.917840856999931, 0.0 ], [ 112.593112933000043, -7.917881613999953, 0.0 ], [ 112.59325719800006, -7.918157477999955, 0.0 ], [ 112.59336234500006, -7.91831338399993, 0.0 ], [ 112.59342679800011, -7.918446854999956, 0.0 ], [ 112.593454464000047, -7.918504145999975, 0.0 ], [ 112.593504676000066, -7.918516450999959, 0.0 ], [ 112.593698564000078, -7.918563963999929, 0.0 ], [ 112.593994855, -7.918601975999934, 0.0 ], [ 112.594034748000013, -7.918609046999961, 0.0 ], [ 112.59418658200002, -7.918635957999982, 0.0 ], [ 112.594390241000042, -7.918753032999973, 0.0 ], [ 112.594479035000063, -7.918804075999958, 0.0 ], [ 112.594514684000046, -7.91888438899997, 0.0 ], [ 112.59458104700002, -7.919033896999963, 0.0 ], [ 112.594681058000106, -7.919259208999961, 0.0 ], [ 112.594750759000021, -7.919425719999936, 0.0 ], [ 112.594821854000088, -7.919595561999927, 0.0 ], [ 112.594878809000079, -7.919731623999951, 0.0 ], [ 112.595028099000046, -7.920048007999981, 0.0 ], [ 112.595106823000037, -7.920138833999943, 0.0 ], [ 112.595222600000056, -7.920238919999974, 0.0 ], [ 112.595525521000013, -7.920328344999973, 0.0 ], [ 112.595804171000054, -7.920309920999955, 0.0 ], [ 112.596091629000057, -7.920326177999925, 0.0 ], [ 112.596260933000053, -7.920343700999979, 0.0 ], [ 112.596298494000052, -7.920419521999975, 0.0 ], [ 112.596407762000013, -7.920640090999939, 0.0 ], [ 112.596410769000045, -7.920646159999933, 0.0 ], [ 112.596557028, -7.921301205999953, 0.0 ], [ 112.596646597000017, -7.921561241999939, 0.0 ], [ 112.596728784000106, -7.921799845999942, 0.0 ], [ 112.596966329000111, -7.922428415999946, 0.0 ], [ 112.596997342, -7.922486892999927, 0.0 ], [ 112.597111117000054, -7.922701421999932, 0.0 ], [ 112.597273253000026, -7.922876724999981, 0.0 ], [ 112.597495396000113, -7.922982188999981, 0.0 ], [ 112.597765381000045, -7.922917782999946, 0.0 ], [ 112.597791196000117, -7.922911624999927, 0.0 ], [ 112.597795593000114, -7.922899660999974, 0.0 ], [ 112.59793343900003, -7.922524604999978, 0.0 ], [ 112.598058334000029, -7.922176795999974, 0.0 ], [ 112.598171087000082, -7.922054861999925, 0.0 ], [ 112.598379738000062, -7.921958505999953, 0.0 ], [ 112.598606794000034, -7.92193795299994, 0.0 ], [ 112.598632348000024, -7.921935639999958, 0.0 ], [ 112.598780218000115, -7.92192225499997, 0.0 ], [ 112.598956653000073, -7.921945986999958, 0.0 ], [ 112.598984595000047, -7.921949745999939, 0.0 ], [ 112.599093877000087, -7.921964444999958, 0.0 ], [ 112.599364254000079, -7.922050285999944, 0.0 ], [ 112.599388511000029, -7.922063831999935, 0.0 ], [ 112.599582477000013, -7.922172144999934, 0.0 ], [ 112.599765740000066, -7.922274481999978, 0.0 ], [ 112.600093173, -7.922494622999977, 0.0 ], [ 112.600119765000045, -7.922565457999951, 0.0 ], [ 112.600211956000066, -7.922811030999981, 0.0 ], [ 112.600230085000021, -7.922993304999977, 0.0 ], [ 112.600230374000034, -7.923068008999962, 0.0 ], [ 112.600230555000053, -7.923114985999973, 0.0 ], [ 112.600204892000079, -7.923227997999959, 0.0 ], [ 112.600190490000045, -7.923244686999965, 0.0 ], [ 112.600092172000018, -7.923358610999969, 0.0 ], [ 112.599926979000088, -7.923437444999934, 0.0 ], [ 112.599840191000112, -7.92352456499998, 0.0 ], [ 112.599832609000032, -7.923564295999938, 0.0 ], [ 112.599813864000112, -7.923662519999937, 0.0 ], [ 112.599810357000024, -7.923680895999951, 0.0 ], [ 112.599822616000097, -7.923721326999953, 0.0 ], [ 112.599873514000024, -7.923889190999944, 0.0 ], [ 112.599885349000033, -7.923928222999962, 0.0 ], [ 112.599900627000011, -7.923937658999932, 0.0 ], [ 112.60002500600001, -7.924014473999932, 0.0 ], [ 112.600170563, -7.924065697999936, 0.0 ], [ 112.600269211000068, -7.924100413999952, 0.0 ], [ 112.600340090000032, -7.924083290999931, 0.0 ], [ 112.600634642000045, -7.924012132999962, 0.0 ], [ 112.600767876000077, -7.923967284999947, 0.0 ], [ 112.60083983700008, -7.923943061999978, 0.0 ], [ 112.601104352000107, -7.923854021999944, 0.0 ], [ 112.601072952000095, -7.923696035999967, 0.0 ], [ 112.60101054200004, -7.923382024999967, 0.0 ], [ 112.601312578000034, -7.923048180999956, 0.0 ], [ 112.601113811, -7.922760376999975, 0.0 ], [ 112.601436317000093, -7.922382698999968, 0.0 ], [ 112.601697800000011, -7.922140678999938, 0.0 ], [ 112.601867434000042, -7.921953253999959, 0.0 ], [ 112.601569589000064, -7.921591157999956, 0.0 ], [ 112.601473300000066, -7.921367417999932, 0.0 ], [ 112.601468968000063, -7.921136544999968, 0.0 ], [ 112.601582084000029, -7.921302542999967, 0.0 ], [ 112.601907198000049, -7.921657753999966, 0.0 ], [ 112.602111156000092, -7.921527964999939, 0.0 ], [ 112.60228865900001, -7.921615515999974, 0.0 ], [ 112.602472018000071, -7.921673663999968, 0.0 ], [ 112.602500183000075, -7.921682595999926, 0.0 ], [ 112.602677826000104, -7.921787232999975, 0.0 ], [ 112.602806686, -7.921791234999944, 0.0 ], [ 112.602872064000053, -7.921793265999952, 0.0 ], [ 112.603032525000117, -7.921863886999972, 0.0 ], [ 112.603189297000085, -7.921870063999961, 0.0 ], [ 112.603428096000016, -7.921950688999971, 0.0 ], [ 112.603602377000016, -7.922075588999974, 0.0 ], [ 112.603793250000081, -7.922081634999927, 0.0 ], [ 112.604007322000029, -7.92191790499993, 0.0 ], [ 112.604111840000087, -7.921890742999949, 0.0 ], [ 112.604286017000049, -7.921988521999936, 0.0 ], [ 112.604415699000015, -7.922028793999971, 0.0 ], [ 112.604651461000117, -7.922194228999956, 0.0 ], [ 112.604777703000082, -7.922234514999957, 0.0 ], [ 112.605084546000057, -7.922274014999971, 0.0 ], [ 112.605344296000112, -7.922473347999926, 0.0 ], [ 112.60556619800002, -7.922574376999933, 0.0 ], [ 112.605804431000024, -7.922508911999955, 0.0 ], [ 112.606111393000106, -7.92257905699995, 0.0 ], [ 112.607097692000025, -7.923091817999932, 0.0 ], [ 112.607599232000098, -7.92329392399995, 0.0 ], [ 112.607769401000041, -7.923380053999949, 0.0 ], [ 112.608100914000033, -7.923513384999978, 0.0 ], [ 112.608240297000066, -7.923567269999978, 0.0 ], [ 112.608916043000022, -7.923739319999981, 0.0 ], [ 112.609359708000056, -7.923918586999946, 0.0 ], [ 112.611044458000038, -7.924599326999953, 0.0 ], [ 112.612544935000074, -7.925253463999979, 0.0 ], [ 112.613102235000042, -7.92521659199997, 0.0 ], [ 112.611284063000085, -7.923521702999949, 0.0 ], [ 112.610890785000038, -7.92319207099996, 0.0 ], [ 112.609950505000029, -7.922403961999976, 0.0 ], [ 112.609946926000021, -7.921482769999955, 0.0 ], [ 112.610868665000112, -7.920720367999934, 0.0 ], [ 112.611046299, -7.920182799999964, 0.0 ], [ 112.611137564000046, -7.919906606999973, 0.0 ], [ 112.611115643000062, -7.91987053899993, 0.0 ], [ 112.611031429000036, -7.919731978999948, 0.0 ], [ 112.610644655000101, -7.919095608999953, 0.0 ], [ 112.610098251000068, -7.918393027999969, 0.0 ], [ 112.609770008000055, -7.917906571999936, 0.0 ], [ 112.610149882000087, -7.917688409999926, 0.0 ], [ 112.611293006000096, -7.91795493199993, 0.0 ], [ 112.61210987100003, -7.918168560999959, 0.0 ], [ 112.612382485000012, -7.918329960999927, 0.0 ], [ 112.61330935, -7.91886834099995, 0.0 ], [ 112.614670168000089, -7.919134011999972, 0.0 ], [ 112.615540607000071, -7.919239122999954, 0.0 ], [ 112.616302761000043, -7.919344652999939, 0.0 ], [ 112.616471698000055, -7.919336845999965, 0.0 ], [ 112.616554985000107, -7.91933299699997, 0.0 ], [ 112.617364043000066, -7.91929560799997, 0.0 ], [ 112.617721162000066, -7.919056277999971, 0.0 ], [ 112.617780990000028, -7.91901618299994, 0.0 ], [ 112.617820472000062, -7.91803796499994, 0.0 ], [ 112.618036184000061, -7.917549405999978, 0.0 ], [ 112.618469572000095, -7.917114243999947, 0.0 ], [ 112.619013185000085, -7.917003651999948, 0.0 ], [ 112.62064555500001, -7.917160036999974, 0.0 ], [ 112.621460512000112, -7.916885932999946, 0.0 ], [ 112.622110448000058, -7.916178719999948, 0.0 ], [ 112.622543194000059, -7.915581103999955, 0.0 ], [ 112.62308298500011, -7.914495079999938, 0.0 ], [ 112.62351650100004, -7.914113974999964, 0.0 ], [ 112.624276997000038, -7.913894229999926, 0.0 ], [ 112.624711522000098, -7.913675843999954, 0.0 ], [ 112.625252630000091, -7.913023292999981, 0.0 ], [ 112.625577487000101, -7.91264278999995, 0.0 ], [ 112.625359113000059, -7.912372704999939, 0.0 ], [ 112.624868813000035, -7.91221188999998, 0.0 ], [ 112.624487256000066, -7.911996680999948, 0.0 ], [ 112.62443204200008, -7.911780110999928, 0.0 ], [ 112.62453055200001, -7.911251145999927, 0.0 ], [ 112.625470452000059, -7.911091180999961, 0.0 ], [ 112.628026254000019, -7.91103348799993, 0.0 ], [ 112.628548103000071, -7.910985688999972, 0.0 ], [ 112.628557277000027, -7.910984848999931, 0.0 ], [ 112.62894273500001, -7.910949542999958, 0.0 ], [ 112.629610749000108, -7.910888356999976, 0.0 ], [ 112.630207116000065, -7.910846883999966, 0.0 ], [ 112.634242561000065, -7.914992483999981, 0.0 ], [ 112.637811951000117, -7.919076848999964, 0.0 ], [ 112.637759629000016, -7.919676626999944, 0.0 ], [ 112.63924500600001, -7.920286847999932, 0.0 ], [ 112.639594300000113, -7.920528564999927, 0.0 ], [ 112.639620213000057, -7.920566991999976, 0.0 ], [ 112.639409004000072, -7.920783614999948, 0.0 ], [ 112.639388654000072, -7.920812871999942, 0.0 ], [ 112.639376313000071, -7.920851296999956, 0.0 ], [ 112.639384027, -7.920883547999949, 0.0 ], [ 112.639568967000059, -7.921177131999968, 0.0 ], [ 112.639877072000104, -7.921622494999951, 0.0 ], [ 112.6398703320001, -7.921636788999933, 0.0 ], [ 112.639551900000015, -7.921977770999945, 0.0 ], [ 112.639366428000017, -7.922139352999977, 0.0 ], [ 112.639319316000069, -7.922311505999971, 0.0 ], [ 112.639810313000112, -7.922646087999965, 0.0 ], [ 112.639892296000085, -7.922691190999956, 0.0 ], [ 112.639975550000031, -7.92272402499998, 0.0 ], [ 112.64028401500002, -7.922790997999925, 0.0 ], [ 112.640421334000052, -7.92280182899998, 0.0 ], [ 112.640786129000048, -7.922808983999971, 0.0 ], [ 112.641271690000053, -7.922862279999947, 0.0 ], [ 112.641528660000063, -7.922877460999928, 0.0 ], [ 112.641325677000054, -7.92309961199993, 0.0 ], [ 112.641260874000068, -7.923145766999937, 0.0 ], [ 112.641178260000061, -7.923158810999951, 0.0 ], [ 112.641128291000086, -7.923156431999928, 0.0 ], [ 112.641009318000101, -7.923127877999946, 0.0 ], [ 112.640914140000064, -7.923096944999941, 0.0 ], [ 112.640840376000028, -7.923087426999928, 0.0 ], [ 112.640677733000075, -7.923109646999933, 0.0 ], [ 112.640307988000018, -7.923158661999935, 0.0 ], [ 112.639993288000028, -7.923223055999927, 0.0 ], [ 112.639890971000113, -7.92323971299993, 0.0 ], [ 112.63984576200005, -7.923258747999967, 0.0 ], [ 112.639771998000015, -7.923303957999963, 0.0 ], [ 112.639695856000117, -7.923394377999955, 0.0 ], [ 112.639564985000106, -7.92359425199993, 0.0 ], [ 112.639538811000079, -7.923648979999939, 0.0 ], [ 112.639519775000053, -7.923684671999979, 0.0 ], [ 112.63948563200006, -7.923793039999964, 0.0 ], [ 112.63947393, -7.923867906999931, 0.0 ], [ 112.639480344000049, -7.923923126999966, 0.0 ], [ 112.639487756000108, -7.923944125999981, 0.0 ], [ 112.6394922180001, -7.923951236999926, 0.0 ], [ 112.639523447000101, -7.923986055999933, 0.0 ], [ 112.639588134000064, -7.924050542999964, 0.0 ], [ 112.63961646100006, -7.924072629999955, 0.0 ], [ 112.63965302500003, -7.92409545299995, 0.0 ], [ 112.639720465000096, -7.924159302999954, 0.0 ], [ 112.639764039000056, -7.924255782999978, 0.0 ], [ 112.639780527000084, -7.924298780999948, 0.0 ], [ 112.639772288000017, -7.924339072999942, 0.0 ], [ 112.639727093000033, -7.924434733999931, 0.0 ], [ 112.639611069000011, -7.924651465999943, 0.0 ], [ 112.639572124000097, -7.924698321999927, 0.0 ], [ 112.639488843000095, -7.92470783999994, 0.0 ], [ 112.639436494000051, -7.924698321999927, 0.0 ], [ 112.639374628000041, -7.924686424999948, 0.0 ], [ 112.639281829000083, -7.924631696999938, 0.0 ], [ 112.639224722000108, -7.924576969999976, 0.0 ], [ 112.639181892000011, -7.924512723999953, 0.0 ], [ 112.639104728, -7.924420492999957, 0.0 ], [ 112.639052806000109, -7.924360573999934, 0.0 ], [ 112.638927635000073, -7.924266650999925, 0.0 ], [ 112.638832173000083, -7.92421686299997, 0.0 ], [ 112.638739617000056, -7.924181818999955, 0.0 ], [ 112.638709216000052, -7.924170308999976, 0.0 ], [ 112.638512666000111, -7.924105975999964, 0.0 ], [ 112.638408201000061, -7.924084854999933, 0.0 ], [ 112.638392350000117, -7.924115778999976, 0.0 ], [ 112.638277083000048, -7.924340660999974, 0.0 ], [ 112.638114084000108, -7.924670447999972, 0.0 ], [ 112.637304600000107, -7.926065847999951, 0.0 ], [ 112.63731413000005, -7.92607563699994, 0.0 ], [ 112.637364369000011, -7.926127243999929, 0.0 ], [ 112.637420530000099, -7.926185319999945, 0.0 ], [ 112.637462170000049, -7.926210303999937, 0.0 ], [ 112.637498457000106, -7.926236477999964, 0.0 ], [ 112.637568056000077, -7.926275738999948, 0.0 ], [ 112.637619810000047, -7.926295964999952, 0.0 ], [ 112.637663235000105, -7.926313810999943, 0.0 ], [ 112.637726290000046, -7.926357830999962, 0.0 ], [ 112.637766146000104, -7.926396496999928, 0.0 ], [ 112.63778220800009, -7.926432188999968, 0.0 ], [ 112.637794105000012, -7.92645717299996, 0.0 ], [ 112.637806597, -7.926482157999942, 0.0 ], [ 112.637829797000109, -7.926501787999939, 0.0 ], [ 112.637897017000114, -7.926556515999948, 0.0 ], [ 112.637966021000011, -7.926605294999945, 0.0 ], [ 112.638045138000052, -7.926642770999933, 0.0 ], [ 112.638086779000105, -7.92666537599996, 0.0 ], [ 112.638126635000049, -7.926673703999938, 0.0 ], [ 112.638175414000102, -7.926666565999938, 0.0 ], [ 112.63819563900006, -7.926662401999977, 0.0 ], [ 112.638230141, -7.926661806999959, 0.0 ], [ 112.638249772000108, -7.926668349999943, 0.0 ], [ 112.638262859000065, -7.926678462999973, 0.0 ], [ 112.63839135, -7.926791487999935, 0.0 ], [ 112.638404610000066, -7.926803641999982, 0.0 ], [ 112.638507035000089, -7.927012022999975, 0.0 ], [ 112.638651757000048, -7.927316539999936, 0.0 ], [ 112.638708387000065, -7.927411765999977, 0.0 ], [ 112.638795339000012, -7.927510311999981, 0.0 ], [ 112.638857358000109, -7.927562307999949, 0.0 ], [ 112.638923289000104, -7.927598717999956, 0.0 ], [ 112.639419271000065, -7.927780915999961, 0.0 ], [ 112.639485664000063, -7.927818700999978, 0.0 ], [ 112.639545745000078, -7.92786212599998, 0.0 ], [ 112.639617129000044, -7.927923396999972, 0.0 ], [ 112.639648657000066, -7.927978124999981, 0.0 ], [ 112.639703086000054, -7.92808496899994, 0.0 ], [ 112.639725283000075, -7.928131729999961, 0.0 ], [ 112.639730184000086, -7.928142053999977, 0.0 ], [ 112.639739803000111, -7.928162317999977, 0.0 ], [ 112.639670165000098, -7.928248874999952, 0.0 ], [ 112.63968907200001, -7.928266062999967, 0.0 ], [ 112.639585030000035, -7.928412406999939, 0.0 ], [ 112.63931285600006, -7.928760849999946, 0.0 ], [ 112.639047784000013, -7.929084861999968, 0.0 ], [ 112.638743039000019, -7.929443678999974, 0.0 ], [ 112.638908290000018, -7.929577842999947, 0.0 ], [ 112.638203333000092, -7.930626994999955, 0.0 ], [ 112.638234566000051, -7.930683487999943, 0.0 ], [ 112.63828929400006, -7.930745353999953, 0.0 ], [ 112.638327003000086, -7.930772632999947, 0.0 ], [ 112.638362479000079, -7.930788352999969, 0.0 ], [ 112.638391932000104, -7.930792698999937, 0.0 ], [ 112.63844387000006, -7.930795063999938, 0.0 ], [ 112.638482030000091, -7.930792942999972, 0.0 ], [ 112.638562870000101, -7.930782353999973, 0.0 ], [ 112.63864383300006, -7.930769148999957, 0.0 ], [ 112.638703981000049, -7.930774243999963, 0.0 ], [ 112.639255405000085, -7.931146587999933, 0.0 ], [ 112.639296035000029, -7.931191380999962, 0.0 ], [ 112.639368449000017, -7.931304342999965, 0.0 ], [ 112.639538022000011, -7.931571012999939, 0.0 ], [ 112.639592413000059, -7.93163500299994, 0.0 ], [ 112.639629533000061, -7.931653086999972, 0.0 ], [ 112.639663874, -7.931654633999926, 0.0 ], [ 112.639797311000052, -7.931637495999951, 0.0 ], [ 112.640128200000049, -7.93129675299997, 0.0 ], [ 112.640166205000014, -7.931260602999942, 0.0 ], [ 112.640187538000077, -7.931232387999955, 0.0 ], [ 112.640208717000064, -7.931211965999978, 0.0 ], [ 112.640227935000098, -7.931197760999964, 0.0 ], [ 112.640253163000011, -7.931186217999937, 0.0 ], [ 112.640266852000082, -7.93118321299994, 0.0 ], [ 112.640292851000027, -7.931182122999928, 0.0 ], [ 112.640315635000093, -7.93118445999994, 0.0 ], [ 112.64034309200008, -7.931194606999952, 0.0 ], [ 112.640378815000076, -7.931213886999956, 0.0 ], [ 112.640398440000013, -7.931227289999981, 0.0 ], [ 112.640444941000055, -7.931265475999965, 0.0 ], [ 112.640624541000079, -7.931440222999981, 0.0 ], [ 112.640639996, -7.93145525999995, 0.0 ], [ 112.640673564000053, -7.931475797999951, 0.0 ], [ 112.640913319000106, -7.931578165999952, 0.0 ], [ 112.641051185000038, -7.931610346999946, 0.0 ], [ 112.641322893000051, -7.931625935999932, 0.0 ], [ 112.641502713000023, -7.931663508999975, 0.0 ], [ 112.641580852000061, -7.931696536999937, 0.0 ], [ 112.641592507000041, -7.931705458999943, 0.0 ], [ 112.641598087000034, -7.931714154999952, 0.0 ], [ 112.641600210000092, -7.931736070999932, 0.0 ], [ 112.641536915000074, -7.932017650999967, 0.0 ], [ 112.641539900000112, -7.932039582999948, 0.0 ], [ 112.641545082000107, -7.932052747999933, 0.0 ], [ 112.641600722000021, -7.932246482999972, 0.0 ], [ 112.641735975000074, -7.932537670999977, 0.0 ], [ 112.641783255000064, -7.932657773999949, 0.0 ], [ 112.641830939000101, -7.932748193999942, 0.0 ], [ 112.641876149000041, -7.932813628999952, 0.0 ], [ 112.641898754000067, -7.932830284999966, 0.0 ], [ 112.641935635000095, -7.932842182999934, 0.0 ], [ 112.64198560400007, -7.932842182999934, 0.0 ], [ 112.642032003000054, -7.932842182999934, 0.0 ], [ 112.642071265000027, -7.932848130999957, 0.0 ], [ 112.642104577000055, -7.932869546999939, 0.0 ], [ 112.642141459000072, -7.932906427999967, 0.0 ], [ 112.642208277, -7.933001254999965, 0.0 ], [ 112.642256386000099, -7.933058451999955, 0.0 ], [ 112.642328929000087, -7.933146954999927, 0.0 ], [ 112.64237597500005, -7.933188633999976, 0.0 ], [ 112.642476837000117, -7.933254160999979, 0.0 ], [ 112.642529947000071, -7.93326790499998, 0.0 ], [ 112.642608109000093, -7.933311855999932, 0.0 ], [ 112.642640376000031, -7.933340197999939, 0.0 ], [ 112.642770193000047, -7.933536172999936, 0.0 ], [ 112.642833910000036, -7.933621434999964, 0.0 ], [ 112.642874873000096, -7.93368553199997, 0.0 ], [ 112.642895015000022, -7.933728790999965, 0.0 ], [ 112.642913769000074, -7.933782617999952, 0.0 ], [ 112.642940710000062, -7.933889958999941, 0.0 ], [ 112.642963087000112, -7.934027471999968, 0.0 ], [ 112.642979743000069, -7.934138116999975, 0.0 ], [ 112.642980932000114, -7.934197602999973, 0.0 ], [ 112.642961614000114, -7.934231429999954, 0.0 ], [ 112.642470417000027, -7.934840064999946, 0.0 ], [ 112.642405989000054, -7.934918738999954, 0.0 ], [ 112.642317405000085, -7.935026911999955, 0.0 ], [ 112.642240137000044, -7.935147791999952, 0.0 ], [ 112.642138076000037, -7.935309917999973, 0.0 ], [ 112.642078298000115, -7.935484317999965, 0.0 ], [ 112.642011774000025, -7.935652045999973, 0.0 ], [ 112.64195772000005, -7.935817810999936, 0.0 ], [ 112.641896051000117, -7.935977782999942, 0.0 ], [ 112.641887536000013, -7.936008852999976, 0.0 ], [ 112.641927377000115, -7.936048848999974, 0.0 ], [ 112.641847383000027, -7.936208495999949, 0.0 ], [ 112.641871996000077, -7.936242848999939, 0.0 ], [ 112.641846976000011, -7.93634773399998, 0.0 ], [ 112.641731216000039, -7.936564938999936, 0.0 ], [ 112.641598560000034, -7.936878382999964, 0.0 ], [ 112.641338341000051, -7.93733730799994, 0.0 ], [ 112.641134306000026, -7.937663906999944, 0.0 ], [ 112.640889487000095, -7.938201841999955, 0.0 ], [ 112.640509866000116, -7.93900152599997, 0.0 ], [ 112.640510095000081, -7.939319112999954, 0.0 ], [ 112.640517334000037, -7.93942444399994, 0.0 ], [ 112.640538371000048, -7.939571880999949, 0.0 ], [ 112.640254056000117, -7.940167584999926, 0.0 ], [ 112.639939197000103, -7.940786040999967, 0.0 ], [ 112.639657191000083, -7.941339964999941, 0.0 ], [ 112.639546017000043, -7.941288833999977, 0.0 ], [ 112.639405922000037, -7.941232904999936, 0.0 ], [ 112.639056916000072, -7.941072976999976, 0.0 ], [ 112.638896365000051, -7.941325144999951, 0.0 ], [ 112.638572101000022, -7.941870254999969, 0.0 ], [ 112.638183106000042, -7.941685054999937, 0.0 ], [ 112.638126208000017, -7.941828296999972, 0.0 ], [ 112.637989821000019, -7.942251096999939, 0.0 ], [ 112.63782706500001, -7.94273026999997, 0.0 ], [ 112.63776981, -7.942906922999953, 0.0 ], [ 112.637677948000032, -7.943190348999963, 0.0 ], [ 112.637494881000066, -7.943721810999932, 0.0 ], [ 112.637425477000079, -7.94400320099993, 0.0 ], [ 112.63733602100001, -7.944269173999942, 0.0 ], [ 112.637167509000051, -7.944763609999939, 0.0 ], [ 112.637163547000114, -7.944781366999962, 0.0 ], [ 112.637162731000103, -7.944801105999943, 0.0 ], [ 112.637169197000048, -7.944822338999927, 0.0 ], [ 112.637181485000042, -7.944840301999932, 0.0 ], [ 112.637195201000054, -7.944851783999979, 0.0 ], [ 112.637731456000097, -7.945136967999929, 0.0 ], [ 112.637836115000027, -7.945179923999945, 0.0 ], [ 112.637885916000073, -7.945205595999937, 0.0 ], [ 112.637948608000102, -7.945227561999957, 0.0 ], [ 112.637964004000082, -7.945237070999951, 0.0 ], [ 112.637979407000103, -7.945248492999951, 0.0 ], [ 112.638002187000097, -7.94526435299997, 0.0 ], [ 112.638023695000015, -7.945282130999942, 0.0 ], [ 112.638033649000022, -7.945291022999982, 0.0 ], [ 112.638112458000023, -7.945353046999969, 0.0 ], [ 112.638123239000038, -7.945360380999944, 0.0 ], [ 112.638130155000113, -7.945364756999936, 0.0 ], [ 112.638144200000056, -7.945372720999956, 0.0 ], [ 112.638147517000107, -7.945375266999974, 0.0 ], [ 112.63814926900011, -7.945376816999953, 0.0 ], [ 112.638151596000057, -7.94537973499996, 0.0 ], [ 112.638153243000033, -7.945383025999945, 0.0 ], [ 112.638154008000015, -7.945386122999935, 0.0 ], [ 112.638153349000049, -7.945388846999947, 0.0 ], [ 112.638152542000057, -7.945390368999938, 0.0 ], [ 112.638136530000111, -7.945423881999943, 0.0 ], [ 112.638031001000058, -7.945694482999954, 0.0 ], [ 112.638025292000066, -7.945706315999928, 0.0 ], [ 112.63800639100009, -7.94573745799994, 0.0 ], [ 112.637914292, -7.945862835999947, 0.0 ], [ 112.637887120000073, -7.945905053999979, 0.0 ], [ 112.637673240000026, -7.946336508999934, 0.0 ], [ 112.637650999000016, -7.946376038999972, 0.0 ], [ 112.637644193000028, -7.946383308999941, 0.0 ], [ 112.637633793000077, -7.946390076999933, 0.0 ], [ 112.637624617000029, -7.946393274999934, 0.0 ], [ 112.637613937000083, -7.946394540999961, 0.0 ], [ 112.637602354000023, -7.946391810999955, 0.0 ], [ 112.637278151000032, -7.946254267999961, 0.0 ], [ 112.63727506500004, -7.946253572999979, 0.0 ], [ 112.637270664000084, -7.94625401299993, 0.0 ], [ 112.637267414, -7.946255277999967, 0.0 ], [ 112.637265745000036, -7.946256618999939, 0.0 ], [ 112.637263408000081, -7.94625924099995, 0.0 ], [ 112.637261047000038, -7.946262822999927, 0.0 ], [ 112.637123182000096, -7.946548053999948, 0.0 ], [ 112.637178058000018, -7.946569910999926, 0.0 ], [ 112.637257158000011, -7.946609785999954, 0.0 ], [ 112.637341482000011, -7.94666338199994, 0.0 ], [ 112.637407622000069, -7.946719773999973, 0.0 ], [ 112.637522105000016, -7.946829903999969, 0.0 ], [ 112.637620851000065, -7.946912044999976, 0.0 ], [ 112.637741014000085, -7.94700960199998, 0.0 ], [ 112.637805259000061, -7.947066708999955, 0.0 ], [ 112.637849279000079, -7.947132144999955, 0.0 ], [ 112.637880212000027, -7.947164266999948, 0.0 ], [ 112.637900437000098, -7.947183302999974, 0.0 ], [ 112.637949216000038, -7.947198769999943, 0.0 ], [ 112.638005134000082, -7.947213045999945, 0.0 ], [ 112.63803844600011, -7.94722851299997, 0.0 ], [ 112.63809436300005, -7.947268963999932, 0.0 ], [ 112.638114589000111, -7.947301085999925, 0.0 ], [ 112.638149091000059, -7.947351054999956, 0.0 ], [ 112.638176455, -7.94745932099994, 0.0 ], [ 112.638170081000112, -7.947474519999957, 0.0 ], [ 112.638162448000116, -7.947492719999957, 0.0 ], [ 112.638119296000013, -7.947602342999971, 0.0 ], [ 112.638078151000059, -7.947706865999976, 0.0 ], [ 112.638086865000105, -7.948451869999928, 0.0 ], [ 112.638098272000093, -7.94942709299994, 0.0 ], [ 112.638101364000022, -7.94969148399997, 0.0 ], [ 112.638103132000083, -7.949842635999971, 0.0 ], [ 112.638102214000014, -7.949864415999969, 0.0 ], [ 112.6380676980001, -7.949932264999973, 0.0 ], [ 112.638058346000093, -7.949994502999971, 0.0 ], [ 112.638054174000104, -7.95015241599998, 0.0 ], [ 112.638079911000091, -7.950342444999933, 0.0 ], [ 112.638051102000077, -7.950531836999971, 0.0 ], [ 112.638070465000055, -7.951006699999937, 0.0 ], [ 112.638059380000072, -7.951172143999941, 0.0 ], [ 112.638063296000041, -7.951184111999964, 0.0 ], [ 112.638078089000032, -7.951206777999971, 0.0 ], [ 112.638082738000094, -7.951219467999977, 0.0 ], [ 112.638099582000109, -7.951361368999926, 0.0 ], [ 112.63809849200004, -7.951449650999962, 0.0 ], [ 112.638083708000067, -7.951533681999933, 0.0 ], [ 112.638085495000041, -7.951621234999948, 0.0 ], [ 112.638093852000111, -7.951731729999949, 0.0 ], [ 112.63810568100007, -7.951803512999959, 0.0 ], [ 112.638121408000075, -7.952143098999954, 0.0 ], [ 112.638088022000034, -7.952347489999966, 0.0 ], [ 112.638070863000053, -7.952710490999948, 0.0 ], [ 112.638036266000086, -7.952819907999981, 0.0 ], [ 112.638931935000073, -7.952974211999958, 0.0 ], [ 112.638931556000102, -7.952975978999973, 0.0 ], [ 112.638685398, -7.95412411999996, 0.0 ], [ 112.63855172, -7.954749538999977, 0.0 ], [ 112.638497342000051, -7.954974277999952, 0.0 ], [ 112.638429891000101, -7.955253044999949, 0.0 ], [ 112.638055155000075, -7.95680178799995, 0.0 ], [ 112.637802784000087, -7.957847183999945, 0.0 ], [ 112.637775546000057, -7.957926712999949, 0.0 ], [ 112.637668698000084, -7.958326862999968, 0.0 ], [ 112.637635385000067, -7.95846844099998, 0.0 ], [ 112.637561622000021, -7.958743863999928, 0.0 ], [ 112.637477151000098, -7.959002629999929, 0.0 ], [ 112.637414690000014, -7.95919179699996, 0.0 ], [ 112.637357153000039, -7.959349571999951, 0.0 ], [ 112.63732010700005, -7.959451157999979, 0.0 ], [ 112.637255266000011, -7.959668283999974, 0.0 ], [ 112.637154734000092, -7.959910393999962, 0.0 ], [ 112.637064315000089, -7.96016261699998, 0.0 ], [ 112.637032787000066, -7.960229241999969, 0.0 ], [ 112.636964972000101, -7.960393602999943, 0.0 ], [ 112.636894685000016, -7.960536881999928, 0.0 ], [ 112.636591256000088, -7.961210790999928, 0.0 ], [ 112.636473556000055, -7.961443461999977, 0.0 ], [ 112.636374266000075, -7.961635010999942, 0.0 ], [ 112.636296100000095, -7.961765415999935, 0.0 ], [ 112.636216849000107, -7.961938385999929, 0.0 ], [ 112.636135974000013, -7.962135345999968, 0.0 ], [ 112.636082539000085, -7.962255468999956, 0.0 ], [ 112.63594858700003, -7.962556325999969, 0.0 ], [ 112.635870603000058, -7.962707104999936, 0.0 ], [ 112.635765176000064, -7.962909475999936, 0.0 ], [ 112.635704521000093, -7.963013367999963, 0.0 ], [ 112.635683762000099, -7.963058215999979, 0.0 ], [ 112.635635561000072, -7.963162348999958, 0.0 ], [ 112.635517856000092, -7.963435790999938, 0.0 ], [ 112.63543698400008, -7.963593061999973, 0.0 ], [ 112.635341487, -7.963786954999932, 0.0 ], [ 112.635294836000071, -7.963885132999962, 0.0 ], [ 112.635219272000086, -7.964044156999933, 0.0 ], [ 112.635219258, -7.964044182999942, 0.0 ], [ 112.635167021000029, -7.96414370399998, 0.0 ], [ 112.635095252000042, -7.964280436999957, 0.0 ], [ 112.634968704000016, -7.964525193999975, 0.0 ], [ 112.634816971000078, -7.964443094999979, 0.0 ], [ 112.634780937000073, -7.964423486999976, 0.0 ], [ 112.634699301000069, -7.96437904499993, 0.0 ], [ 112.63468161500009, -7.96436962599995, 0.0 ], [ 112.63456196900006, -7.964305903999957, 0.0 ], [ 112.634515953, -7.964281396999979, 0.0 ], [ 112.634479551000027, -7.964261430999954, 0.0 ], [ 112.634316726000066, -7.964172120999933, 0.0 ], [ 112.634274570000116, -7.964147306999962, 0.0 ], [ 112.634173380000107, -7.964087742999936, 0.0 ], [ 112.634031826000069, -7.964002410999967, 0.0 ], [ 112.633795088000056, -7.963862376999941, 0.0 ], [ 112.63368046700009, -7.963798374999953, 0.0 ], [ 112.633633143000111, -7.963771950999956, 0.0 ], [ 112.63351638000006, -7.963707898999928, 0.0 ], [ 112.633327547000022, -7.963603658999943, 0.0 ], [ 112.633202545000017, -7.963539467999965, 0.0 ], [ 112.633088716000088, -7.963480020999953, 0.0 ], [ 112.632967763000011, -7.963414574999945, 0.0 ], [ 112.632852258000071, -7.963347732999978, 0.0 ], [ 112.632681582000032, -7.96325388799994, 0.0 ], [ 112.63253548900002, -7.963171903999978, 0.0 ], [ 112.632372985000075, -7.963081897999928, 0.0 ], [ 112.632239392000088, -7.96300961299994, 0.0 ], [ 112.632105799000101, -7.962936979999938, 0.0 ], [ 112.632045382000115, -7.962903605999941, 0.0 ], [ 112.631882609000058, -7.962813690999951, 0.0 ], [ 112.631735480000089, -7.962730957999952, 0.0 ], [ 112.631673037000041, -7.962695844999928, 0.0 ], [ 112.63150878600004, -7.962601161999942, 0.0 ], [ 112.631396913000117, -7.962538786999971, 0.0 ], [ 112.631231256000092, -7.962450572999956, 0.0 ], [ 112.631230638000034, -7.962450244999957, 0.0 ], [ 112.631071764000012, -7.962365190999947, 0.0 ], [ 112.630957796000075, -7.962303371999951, 0.0 ], [ 112.630792009000061, -7.962215178999941, 0.0 ], [ 112.630652201000089, -7.962138150999976, 0.0 ], [ 112.630510711000056, -7.962062420999928, 0.0 ], [ 112.630843241000093, -7.961674010999957, 0.0 ], [ 112.631083881000109, -7.961392931999967, 0.0 ], [ 112.631480669000098, -7.960739670999942, 0.0 ], [ 112.630706941000085, -7.960409633999973, 0.0 ], [ 112.630400153000096, -7.960295483999971, 0.0 ], [ 112.630460254000013, -7.960140287999934, 0.0 ], [ 112.630087144000072, -7.959973980999962, 0.0 ], [ 112.62988460400004, -7.959894883999937, 0.0 ], [ 112.628900998000063, -7.959451783999953, 0.0 ], [ 112.628622, -7.959309086999951, 0.0 ], [ 112.628607487000068, -7.959301663999952, 0.0 ], [ 112.627642716000082, -7.958840704999943, 0.0 ], [ 112.627593552, -7.958811479999952, 0.0 ], [ 112.627494299000091, -7.958737578999944, 0.0 ], [ 112.627444862000061, -7.958700768999961, 0.0 ], [ 112.627422556000056, -7.958662419999939, 0.0 ], [ 112.627396334000082, -7.958617334999929, 0.0 ], [ 112.62737031100005, -7.958582861999957, 0.0 ], [ 112.627334120000114, -7.958550454999965, 0.0 ], [ 112.62720235800009, -7.958463318999975, 0.0 ], [ 112.626926517000015, -7.958314247999965, 0.0 ], [ 112.626840931000061, -7.958264649999933, 0.0 ], [ 112.626434070000073, -7.958062121999944, 0.0 ], [ 112.626161590000038, -7.957913905999931, 0.0 ], [ 112.62594853600001, -7.957793725999977, 0.0 ], [ 112.62578799500011, -7.957703443999947, 0.0 ], [ 112.625796592000029, -7.957686993999971, 0.0 ], [ 112.625806971000088, -7.957668166999952, 0.0 ], [ 112.625897261000091, -7.957504375999974, 0.0 ], [ 112.625663161000034, -7.957283878999931, 0.0 ], [ 112.625376342000095, -7.956967772999974, 0.0 ], [ 112.625056210000025, -7.956601556999942, 0.0 ], [ 112.625023396000074, -7.956556707999937, 0.0 ], [ 112.62499932500009, -7.95644834899997, 0.0 ], [ 112.624991237000017, -7.956339628999956, 0.0 ], [ 112.62498969, -7.956313970999929, 0.0 ], [ 112.624988253000083, -7.956290145999958, 0.0 ], [ 112.624894374000064, -7.956280242999981, 0.0 ], [ 112.62475702800009, -7.956265755999937, 0.0 ], [ 112.624729185000092, -7.956203971999969, 0.0 ], [ 112.624707127000079, -7.956153266999934, 0.0 ], [ 112.624655731000075, -7.956069509999963, 0.0 ], [ 112.624632888000065, -7.95604857099994, 0.0 ], [ 112.624585299000046, -7.956040956999971, 0.0 ], [ 112.624524385000086, -7.956040956999971, 0.0 ], [ 112.624478699000065, -7.95604857099994, 0.0 ], [ 112.624433014000033, -7.956061895999937, 0.0 ], [ 112.624358774000029, -7.956079027999976, 0.0 ], [ 112.624294053000085, -7.956094256999961, 0.0 ], [ 112.624212200000102, -7.956105677999972, 0.0 ], [ 112.624147478000054, -7.956111388999943, 0.0 ], [ 112.624046589000045, -7.956117098999925, 0.0 ], [ 112.623968543000046, -7.956120906999956, 0.0 ], [ 112.623880979000091, -7.956099966999943, 0.0 ], [ 112.623818161000031, -7.95607141399995, 0.0 ], [ 112.623726790000092, -7.955985752999936, 0.0 ], [ 112.623652550000088, -7.95588295999994, 0.0 ], [ 112.623637958000018, -7.955857905999949, 0.0 ], [ 112.6229993930001, -7.955084648999957, 0.0 ], [ 112.62289386000009, -7.954983348999974, 0.0 ], [ 112.622795631000031, -7.954910659999939, 0.0 ], [ 112.622646157000077, -7.954817146999972, 0.0 ], [ 112.622429295000074, -7.954702790999931, 0.0 ], [ 112.622030314000085, -7.954492398999946, 0.0 ], [ 112.621904981000057, -7.954416684999956, 0.0 ], [ 112.621640008000099, -7.954219393999949, 0.0 ], [ 112.621412371000019, -7.953996049999944, 0.0 ], [ 112.621326171000078, -7.95388586699994, 0.0 ], [ 112.62125848200003, -7.953773052999964, 0.0 ], [ 112.621180989000095, -7.953675456999974, 0.0 ], [ 112.621076618000075, -7.95356955799997, 0.0 ], [ 112.620687236000094, -7.953229352999927, 0.0 ], [ 112.620209174000024, -7.952811666999935, 0.0 ], [ 112.619657707000101, -7.952283302999945, 0.0 ], [ 112.619370049000054, -7.952012786999944, 0.0 ], [ 112.618978060000018, -7.951693085999977, 0.0 ], [ 112.618714412000031, -7.951528245999953, 0.0 ], [ 112.618466321000028, -7.95139489099995, 0.0 ], [ 112.617894942000021, -7.951150608999967, 0.0 ], [ 112.617658621000032, -7.951027618999944, 0.0 ], [ 112.617499532000011, -7.950924759999964, 0.0 ], [ 112.616913779000015, -7.950389083999937, 0.0 ], [ 112.616801617000078, -7.950248659999943, 0.0 ], [ 112.616701395000064, -7.950049867999951, 0.0 ], [ 112.616616621000048, -7.949943514999973, 0.0 ], [ 112.61652403100004, -7.949863932999961, 0.0 ], [ 112.616469630000097, -7.949832261999973, 0.0 ], [ 112.615965822000021, -7.950391385999978, 0.0 ], [ 112.616922507000027, -7.951187053999945, 0.0 ], [ 112.616865422000046, -7.951261670999941, 0.0 ], [ 112.616680089000056, -7.951482261999956, 0.0 ], [ 112.616714599000034, -7.95152836099993, 0.0 ], [ 112.617086766000057, -7.951913311999931, 0.0 ], [ 112.61686811900006, -7.952185027999974, 0.0 ], [ 112.616703102000088, -7.95233374399993, 0.0 ], [ 112.616701377000027, -7.952383511999926, 0.0 ], [ 112.616724714000043, -7.952459977999979, 0.0 ], [ 112.61677884300002, -7.952555462999953, 0.0 ], [ 112.616817605000051, -7.952649092999934, 0.0 ], [ 112.616862053000091, -7.952823603999946, 0.0 ], [ 112.616882885000109, -7.952987479999933, 0.0 ], [ 112.616882537000038, -7.953033581999932, 0.0 ], [ 112.616874239000026, -7.953105007999966, 0.0 ], [ 112.61683400600009, -7.953301831999966, 0.0 ], [ 112.616815011000085, -7.953369344999942, 0.0 ], [ 112.616711513000041, -7.953737211999965, 0.0 ], [ 112.616603555000097, -7.95411275999993, 0.0 ], [ 112.61652136500004, -7.954410355999926, 0.0 ], [ 112.616414596000027, -7.954716649999966, 0.0 ], [ 112.616339113000095, -7.954912225999976, 0.0 ], [ 112.616326184000059, -7.954938780999953, 0.0 ], [ 112.616319427, -7.954963201999931, 0.0 ], [ 112.616317765000076, -7.954976185999953, 0.0 ], [ 112.616322905000061, -7.954996798999957, 0.0 ], [ 112.616334681000012, -7.955016478999937, 0.0 ], [ 112.616347819000111, -7.955028367999944, 0.0 ], [ 112.616373506000059, -7.955046811999978, 0.0 ], [ 112.616404707000015, -7.955064144999938, 0.0 ], [ 112.616571984000075, -7.955128565999928, 0.0 ], [ 112.616533361000052, -7.95519331099996, 0.0 ], [ 112.616399666, -7.955369911999981, 0.0 ], [ 112.616248737000092, -7.955558062999955, 0.0 ], [ 112.616116834000081, -7.955702119999955, 0.0 ], [ 112.615967682000019, -7.955853899999966, 0.0 ], [ 112.615776467000046, -7.956049862999976, 0.0 ], [ 112.615866684000025, -7.956107247999967, 0.0 ], [ 112.615980220000097, -7.956176469999946, 0.0 ], [ 112.61601109500009, -7.956191924999928, 0.0 ], [ 112.617090193000081, -7.956803363999938, 0.0 ], [ 112.617949766000038, -7.957326339999952, 0.0 ] ] ] ] } }
]
}
