{
"type": "FeatureCollection",
"name": "52.72_Kota_Bima_kecamatan",
"crs": { "type": "name", "properties": { "name": "urn:ogc:def:crs:EPSG::4979" } },
"features": [
{ "type": "Feature", "properties": { "nm_kecamatan": "Rasanae Barat" }, "geometry": { "type": "MultiPolygon", "coordinates": [ [ [ [ 118.711715937, -8.453466168999967, 0.0 ], [ 118.711720627000091, -8.453462313999978, 0.0 ], [ 118.71172453600002, -8.453459099999975, 0.0 ], [ 118.711742102000017, -8.453462858999956, 0.0 ], [ 118.711777124000037, -8.453470352999943, 0.0 ], [ 118.711810553000078, -8.453495723999936, 0.0 ], [ 118.711823525000113, -8.453531390999956, 0.0 ], [ 118.711848029000066, -8.453567007999936, 0.0 ], [ 118.711868638000055, -8.453591158999927, 0.0 ], [ 118.711900848000028, -8.453630568999927, 0.0 ], [ 118.711921508000046, -8.453666202999955, 0.0 ], [ 118.711939805000043, -8.45369726399997, 0.0 ], [ 118.712069128000053, -8.453644058999942, 0.0 ], [ 118.712079036000091, -8.453639983999949, 0.0 ], [ 118.712224644000116, -8.453580078999948, 0.0 ], [ 118.712245814000084, -8.453571368999974, 0.0 ], [ 118.71225125, -8.453530039999976, 0.0 ], [ 118.712299047000101, -8.453429711999945, 0.0 ], [ 118.7123756740001, -8.453396228999964, 0.0 ], [ 118.71237773200005, -8.453357326999935, 0.0 ], [ 118.712377755000034, -8.453356891999931, 0.0 ], [ 118.712380397000061, -8.453306956999938, 0.0 ], [ 118.712312024000084, -8.453239476999954, 0.0 ], [ 118.712283641000113, -8.453159859999971, 0.0 ], [ 118.712307298000042, -8.453076028999931, 0.0 ], [ 118.712359267000011, -8.453055865999943, 0.0 ], [ 118.712390225000036, -8.45305713099998, 0.0 ], [ 118.71239955100009, -8.453020697999932, 0.0 ], [ 118.712395380000089, -8.452982838999958, 0.0 ], [ 118.712422838000066, -8.452853140999935, 0.0 ], [ 118.712406662000035, -8.452817327999981, 0.0 ], [ 118.712422152000045, -8.452697648999958, 0.0 ], [ 118.712421845000108, -8.452627876999941, 0.0 ], [ 118.712391715000081, -8.452606079999953, 0.0 ], [ 118.712415498000041, -8.452520652999965, 0.0 ], [ 118.712395869000034, -8.452428239999961, 0.0 ], [ 118.712379626000029, -8.452377276999925, 0.0 ], [ 118.712318219000053, -8.45236344999995, 0.0 ], [ 118.712212876000081, -8.452339730999938, 0.0 ], [ 118.712215700000115, -8.45225359899996, 0.0 ], [ 118.712325827000086, -8.452271378999967, 0.0 ], [ 118.712446519000082, -8.452290863999963, 0.0 ], [ 118.712481602000025, -8.452255624999964, 0.0 ], [ 118.712665111000092, -8.452263954999978, 0.0 ], [ 118.712802020000026, -8.452270169999963, 0.0 ], [ 118.712939445000075, -8.452196206999929, 0.0 ], [ 118.712986388000104, -8.451944658999935, 0.0 ], [ 118.71348991900004, -8.451998250999964, 0.0 ], [ 118.713590855, -8.452008335999949, 0.0 ], [ 118.713674789000038, -8.452017927999975, 0.0 ], [ 118.714511984000069, -8.452107029999979, 0.0 ], [ 118.714572695000015, -8.452071677999982, 0.0 ], [ 118.714678424000112, -8.452074403999973, 0.0 ], [ 118.71466901000008, -8.452119100999937, 0.0 ], [ 118.714745491000031, -8.452140155999928, 0.0 ], [ 118.71477164800001, -8.452147356999944, 0.0 ], [ 118.714754356000071, -8.452281995999954, 0.0 ], [ 118.714743776000091, -8.452364373999956, 0.0 ], [ 118.714759709000077, -8.452367640999967, 0.0 ], [ 118.714865620000069, -8.452389357999948, 0.0 ], [ 118.714860061000081, -8.452441513999929, 0.0 ], [ 118.714853324000046, -8.452504725999972, 0.0 ], [ 118.714845873000058, -8.452574631999937, 0.0 ], [ 118.714847232000011, -8.452574794999975, 0.0 ], [ 118.714922080000065, -8.452583764999929, 0.0 ], [ 118.717260169000042, -8.452863947999958, 0.0 ], [ 118.71740296400003, -8.452881058999935, 0.0 ], [ 118.717570500000079, -8.452822492999928, 0.0 ], [ 118.717935916000101, -8.45287064799993, 0.0 ], [ 118.717954320000104, -8.45283242499994, 0.0 ], [ 118.717972950000103, -8.452793731999975, 0.0 ], [ 118.717981626000096, -8.452775713999927, 0.0 ], [ 118.717997316000037, -8.452730412999927, 0.0 ], [ 118.717998486000056, -8.452727035999942, 0.0 ], [ 118.718025158000046, -8.452650026999947, 0.0 ], [ 118.717964817000052, -8.452588093999964, 0.0 ], [ 118.717993362000016, -8.452523378999956, 0.0 ], [ 118.718009948000031, -8.452470677999941, 0.0 ], [ 118.71804824100002, -8.452437017999955, 0.0 ], [ 118.718068492000043, -8.452409169999953, 0.0 ], [ 118.718093615000043, -8.452374620999933, 0.0 ], [ 118.718088524000109, -8.452310053999952, 0.0 ], [ 118.718105099000013, -8.452254959999948, 0.0 ], [ 118.718092820000038, -8.452195208999967, 0.0 ], [ 118.718058888000087, -8.452128375999962, 0.0 ], [ 118.718041889, -8.452087782999968, 0.0 ], [ 118.718040633000101, -8.452086205999933, 0.0 ], [ 118.717988735000063, -8.452021033999927, 0.0 ], [ 118.71798354900011, -8.45193493599993, 0.0 ], [ 118.718019408000032, -8.451894111999934, 0.0 ], [ 118.71806967200007, -8.451850830999945, 0.0 ], [ 118.718124783, -8.451817097999935, 0.0 ], [ 118.718184583000038, -8.451757029999953, 0.0 ], [ 118.718174827000098, -8.451724060999936, 0.0 ], [ 118.71822743000007, -8.451666415999966, 0.0 ], [ 118.71827539700007, -8.451647067999943, 0.0 ], [ 118.718224012000064, -8.451429335999933, 0.0 ], [ 118.718214366000097, -8.451429377999943, 0.0 ], [ 118.718192069000111, -8.451367676999951, 0.0 ], [ 118.718203826000035, -8.451309813999956, 0.0 ], [ 118.718173661000037, -8.45128004299994, 0.0 ], [ 118.718117575000065, -8.451274308999928, 0.0 ], [ 118.718071384000041, -8.451242615999945, 0.0 ], [ 118.7180591770001, -8.451198811999973, 0.0 ], [ 118.718001376000075, -8.45122946999993, 0.0 ], [ 118.717886136000061, -8.45124911299996, 0.0 ], [ 118.717759237000109, -8.451240100999939, 0.0 ], [ 118.717657291000023, -8.451223323999955, 0.0 ], [ 118.717545624000081, -8.451181711999936, 0.0 ], [ 118.717462763000071, -8.45113422999998, 0.0 ], [ 118.717443365, -8.451094126999976, 0.0 ], [ 118.71744220700009, -8.451093465999975, 0.0 ], [ 118.717406753000091, -8.451073235999957, 0.0 ], [ 118.71738339, -8.45106852999993, 0.0 ], [ 118.717350961000079, -8.451061997999943, 0.0 ], [ 118.717329718000087, -8.451039125999955, 0.0 ], [ 118.717323813, -8.45101746399996, 0.0 ], [ 118.717314086000101, -8.450981780999939, 0.0 ], [ 118.717317422000065, -8.450922662999972, 0.0 ], [ 118.71731765100003, -8.450918610999963, 0.0 ], [ 118.717324908000023, -8.450820976999978, 0.0 ], [ 118.717327506000061, -8.450730233999934, 0.0 ], [ 118.717307, -8.450755683999944, 0.0 ], [ 118.717245207000019, -8.450817753999956, 0.0 ], [ 118.717157192000059, -8.450836081999967, 0.0 ], [ 118.717048995000027, -8.450818613999957, 0.0 ], [ 118.716966677000073, -8.45076714399994, 0.0 ], [ 118.716892245000054, -8.45068773099996, 0.0 ], [ 118.716841847000069, -8.450610203999929, 0.0 ], [ 118.716811489000065, -8.45053657699998, 0.0 ], [ 118.71678913900007, -8.450462914999946, 0.0 ], [ 118.716792808000037, -8.450387145999969, 0.0 ], [ 118.716823165000051, -8.450342623999973, 0.0 ], [ 118.716836573000023, -8.450322961999973, 0.0 ], [ 118.716836356000044, -8.450283024999976, 0.0 ], [ 118.716745906000028, -8.450307251999959, 0.0 ], [ 118.716620289000048, -8.450327322999954, 0.0 ], [ 118.716541081000059, -8.450323459999936, 0.0 ], [ 118.716485679000016, -8.450312985999972, 0.0 ], [ 118.716464099000063, -8.450196712999968, 0.0 ], [ 118.716405009000027, -8.450163799999928, 0.0 ], [ 118.716444704000082, -8.450093151999965, 0.0 ], [ 118.716424599000106, -8.450062165999952, 0.0 ], [ 118.716436479000095, -8.450034961999961, 0.0 ], [ 118.716422357000056, -8.45002975999995, 0.0 ], [ 118.716426814000101, -8.450017764999927, 0.0 ], [ 118.716433159000076, -8.450000688999978, 0.0 ], [ 118.716377502000114, -8.449843435999981, 0.0 ], [ 118.716327789000047, -8.44983012199998, 0.0 ], [ 118.716300029000081, -8.449895405999939, 0.0 ], [ 118.716299531000118, -8.449895195999943, 0.0 ], [ 118.716223527000011, -8.449863157999971, 0.0 ], [ 118.716232939000065, -8.449841022999976, 0.0 ], [ 118.716279057000065, -8.44973256399993, 0.0 ], [ 118.716267895000101, -8.449730252999927, 0.0 ], [ 118.71623520300011, -8.449791774999937, 0.0 ], [ 118.716189483000107, -8.449767688999941, 0.0 ], [ 118.716215833000092, -8.449718103999942, 0.0 ], [ 118.716209549000041, -8.449707732999968, 0.0 ], [ 118.716113392000011, -8.449657076999927, 0.0 ], [ 118.716097779000052, -8.44963912399993, 0.0 ], [ 118.715966137, -8.449487745999932, 0.0 ], [ 118.715834393000023, -8.449426316999961, 0.0 ], [ 118.715806994000104, -8.449453417999962, 0.0 ], [ 118.715755581000053, -8.449562728999979, 0.0 ], [ 118.715669690000027, -8.449522679999973, 0.0 ], [ 118.715679556000055, -8.449501701999964, 0.0 ], [ 118.715588880000041, -8.449456099999963, 0.0 ], [ 118.715500640000073, -8.449582795999959, 0.0 ], [ 118.715447428000061, -8.44954628499994, 0.0 ], [ 118.715508174000092, -8.449461046999943, 0.0 ], [ 118.715399074000061, -8.44939074499996, 0.0 ], [ 118.715385856000012, -8.449415443999953, 0.0 ], [ 118.715302370000018, -8.449371154999938, 0.0 ], [ 118.71529091900004, -8.44936095099996, 0.0 ], [ 118.715308044000039, -8.449321834999978, 0.0 ], [ 118.715257135000115, -8.449284165999927, 0.0 ], [ 118.715247676000104, -8.449260888999959, 0.0 ], [ 118.715206250000051, -8.449215463999963, 0.0 ], [ 118.715037776000031, -8.449230009999951, 0.0 ], [ 118.714972680000074, -8.449374976999934, 0.0 ], [ 118.714658464000081, -8.449225506999937, 0.0 ], [ 118.713591885000028, -8.448726289999968, 0.0 ], [ 118.713530259000095, -8.448693894999963, 0.0 ], [ 118.713249756000096, -8.448577247999935, 0.0 ], [ 118.713122962000057, -8.448519352999938, 0.0 ], [ 118.713051095000083, -8.448342449999927, 0.0 ], [ 118.712907162000079, -8.447988153999972, 0.0 ], [ 118.713335465000114, -8.447137495999925, 0.0 ], [ 118.71509031800008, -8.44794651199993, 0.0 ], [ 118.715459134000071, -8.447167238999953, 0.0 ], [ 118.715297607000025, -8.447082224999974, 0.0 ], [ 118.715007037000078, -8.446929292999926, 0.0 ], [ 118.715076515000078, -8.446773577999977, 0.0 ], [ 118.715215779000118, -8.446461456999941, 0.0 ], [ 118.715733776000093, -8.44532647099993, 0.0 ], [ 118.715930056000047, -8.444896400999937, 0.0 ], [ 118.715968694000026, -8.444811738999931, 0.0 ], [ 118.716025559000059, -8.444687143999943, 0.0 ], [ 118.716837416000089, -8.445055577999938, 0.0 ], [ 118.716892232000077, -8.445080453999935, 0.0 ], [ 118.716059243000018, -8.446827135999968, 0.0 ], [ 118.716048422000085, -8.446853447999956, 0.0 ], [ 118.716011963000028, -8.446942096999976, 0.0 ], [ 118.716070570000056, -8.446969407999973, 0.0 ], [ 118.716586557000028, -8.447209855999972, 0.0 ], [ 118.716664923000053, -8.447273304999953, 0.0 ], [ 118.716721248000113, -8.447332863999975, 0.0 ], [ 118.716744399000049, -8.447373533999951, 0.0 ], [ 118.716767658000094, -8.447414393999964, 0.0 ], [ 118.716804349000085, -8.447561753999935, 0.0 ], [ 118.716788879000092, -8.447685418999981, 0.0 ], [ 118.716739600000096, -8.447861064999927, 0.0 ], [ 118.716682394000031, -8.448054685999978, 0.0 ], [ 118.716653094000094, -8.448139838999964, 0.0 ], [ 118.716723266000031, -8.448161458999948, 0.0 ], [ 118.716722551000089, -8.448236492999968, 0.0 ], [ 118.716726265000034, -8.448238164999964, 0.0 ], [ 118.716722455000081, -8.448246560999962, 0.0 ], [ 118.716722212000036, -8.448272102999965, 0.0 ], [ 118.71672189800006, -8.448304997999969, 0.0 ], [ 118.716749892000053, -8.448316699999964, 0.0 ], [ 118.71688237, -8.448372074999952, 0.0 ], [ 118.716842849000045, -8.448486096999943, 0.0 ], [ 118.716820498000061, -8.448550580999949, 0.0 ], [ 118.716898050000054, -8.448615650999955, 0.0 ], [ 118.716865962000043, -8.448660614999937, 0.0 ], [ 118.716904080000063, -8.44867422699997, 0.0 ], [ 118.716915547000099, -8.448659248999945, 0.0 ], [ 118.716961731000083, -8.448671677999926, 0.0 ], [ 118.71695722000004, -8.448694662999969, 0.0 ], [ 118.717079738000052, -8.448756131999971, 0.0 ], [ 118.717062658000032, -8.448805581999977, 0.0 ], [ 118.71716897400006, -8.448854490999963, 0.0 ], [ 118.717194508000034, -8.448808250999946, 0.0 ], [ 118.717220458000043, -8.448761255999955, 0.0 ], [ 118.717290973000104, -8.448798838999949, 0.0 ], [ 118.71726882400003, -8.448842745999968, 0.0 ], [ 118.717218574000071, -8.448942360999979, 0.0 ], [ 118.717301462000023, -8.448968291999961, 0.0 ], [ 118.717337633000056, -8.448998035999978, 0.0 ], [ 118.71739720100004, -8.448949550999941, 0.0 ], [ 118.717499983000039, -8.448995104999938, 0.0 ], [ 118.717558028000099, -8.449032951999925, 0.0 ], [ 118.717678364000108, -8.449044909999941, 0.0 ], [ 118.71773006, -8.44904691399995, 0.0 ], [ 118.717747944000052, -8.448982828999931, 0.0 ], [ 118.717767264000031, -8.448913596999944, 0.0 ], [ 118.717859478000037, -8.44893910899998, 0.0 ], [ 118.717839742000024, -8.449009828999976, 0.0 ], [ 118.717809694000039, -8.449117502999968, 0.0 ], [ 118.717816317000029, -8.449123373999953, 0.0 ], [ 118.717860863000055, -8.449147247999974, 0.0 ], [ 118.717949135000026, -8.449186730999941, 0.0 ], [ 118.718013115000076, -8.449166514999945, 0.0 ], [ 118.718092666000075, -8.44911260799995, 0.0 ], [ 118.71813191800004, -8.448985979999975, 0.0 ], [ 118.718183718000091, -8.448988863999944, 0.0 ], [ 118.718250364000028, -8.449032320999947, 0.0 ], [ 118.71832189600002, -8.449038895999934, 0.0 ], [ 118.718316315000038, -8.449069426999927, 0.0 ], [ 118.718301724000071, -8.449150594999935, 0.0 ], [ 118.71835129100009, -8.449166224999942, 0.0 ], [ 118.718360389000054, -8.449137477999955, 0.0 ], [ 118.71839581200004, -8.449144313999966, 0.0 ], [ 118.71847071500008, -8.449165380999943, 0.0 ], [ 118.718739139000036, -8.449246049999942, 0.0 ], [ 118.718739673000073, -8.449366614999974, 0.0 ], [ 118.718797609000035, -8.449428366999939, 0.0 ], [ 118.71885196900007, -8.449463723999941, 0.0 ], [ 118.718912034000027, -8.449485277999941, 0.0 ], [ 118.718994950000024, -8.449458503999949, 0.0 ], [ 118.719009901000049, -8.449449251999965, 0.0 ], [ 118.719100604000118, -8.449097484999982, 0.0 ], [ 118.719075218000057, -8.44909415199993, 0.0 ], [ 118.719127188000016, -8.44885073699993, 0.0 ], [ 118.719129449000093, -8.448840146999942, 0.0 ], [ 118.719153514000027, -8.448839153999927, 0.0 ], [ 118.719160582000086, -8.448838861999945, 0.0 ], [ 118.719484017000013, -8.448956860999942, 0.0 ], [ 118.719480385000111, -8.448982609999973, 0.0 ], [ 118.71975485400003, -8.448590356999944, 0.0 ], [ 118.719783679000102, -8.448483839999938, 0.0 ], [ 118.719717211000102, -8.448394423999957, 0.0 ], [ 118.719630887000108, -8.448300505999953, 0.0 ], [ 118.719997459000069, -8.44840757999998, 0.0 ], [ 118.720811132000108, -8.448709414999939, 0.0 ], [ 118.72144942500006, -8.448973222999939, 0.0 ], [ 118.722228360000031, -8.449353469999949, 0.0 ], [ 118.72230469100009, -8.449330548999967, 0.0 ], [ 118.722496331000116, -8.449316323999938, 0.0 ], [ 118.72289244000001, -8.44942216499993, 0.0 ], [ 118.723190769000098, -8.449624473999961, 0.0 ], [ 118.723347230000059, -8.449812433999966, 0.0 ], [ 118.723364207000031, -8.449870920999956, 0.0 ], [ 118.72348803400007, -8.44897760899994, 0.0 ], [ 118.723480526000117, -8.448708044999933, 0.0 ], [ 118.723469475000115, -8.448634477999974, 0.0 ], [ 118.723626514000102, -8.448650079999936, 0.0 ], [ 118.724243294000075, -8.448778663999974, 0.0 ], [ 118.725085850000028, -8.448956720999945, 0.0 ], [ 118.726120909000088, -8.449175589999982, 0.0 ], [ 118.726354271000105, -8.449186947999976, 0.0 ], [ 118.726388696000072, -8.448662303999981, 0.0 ], [ 118.726393668000014, -8.448622671999942, 0.0 ], [ 118.726422172000071, -8.448373328999935, 0.0 ], [ 118.726475238000035, -8.447915780999949, 0.0 ], [ 118.726473449000082, -8.447650179999926, 0.0 ], [ 118.726508508000052, -8.447204817999932, 0.0 ], [ 118.726625831000092, -8.446504622999953, 0.0 ], [ 118.726670827000021, -8.446515030999933, 0.0 ], [ 118.726941384000042, -8.446543230999964, 0.0 ], [ 118.728487875000042, -8.446675998999979, 0.0 ], [ 118.728722957000059, -8.446733648999952, 0.0 ], [ 118.728797395000015, -8.446756800999935, 0.0 ], [ 118.729324373000054, -8.446938366999973, 0.0 ], [ 118.729782983000064, -8.446551259999978, 0.0 ], [ 118.730130026000097, -8.446850388999962, 0.0 ], [ 118.73019381000006, -8.446889445999943, 0.0 ], [ 118.730300217000035, -8.446964027999968, 0.0 ], [ 118.731040922000034, -8.447483201999944, 0.0 ], [ 118.731360199000051, -8.447772615999952, 0.0 ], [ 118.731564338000112, -8.44796720599993, 0.0 ], [ 118.731792623000047, -8.448198667999975, 0.0 ], [ 118.731818304000058, -8.448227305999978, 0.0 ], [ 118.732170398000108, -8.448619897999947, 0.0 ], [ 118.732316344000083, -8.448917255999959, 0.0 ], [ 118.732346592000113, -8.449021223999978, 0.0 ], [ 118.732452575000025, -8.449526230999936, 0.0 ], [ 118.732399795000106, -8.44987753199996, 0.0 ], [ 118.732391324000105, -8.449940759999947, 0.0 ], [ 118.732337447000077, -8.450544653999941, 0.0 ], [ 118.73246486700009, -8.450743949999946, 0.0 ], [ 118.73254217300007, -8.450803280999935, 0.0 ], [ 118.73261358700006, -8.450850793999962, 0.0 ], [ 118.73331832000008, -8.451113932999931, 0.0 ], [ 118.733776308000074, -8.451284937999958, 0.0 ], [ 118.734324413000081, -8.451498435999952, 0.0 ], [ 118.734563796000089, -8.451639830999966, 0.0 ], [ 118.734713335000038, -8.451752925999926, 0.0 ], [ 118.735329271000069, -8.451825564999979, 0.0 ], [ 118.736790017000089, -8.452032506999956, 0.0 ], [ 118.737432425000065, -8.452265525999962, 0.0 ], [ 118.738602612000022, -8.453071454999929, 0.0 ], [ 118.738811610000084, -8.453137197999979, 0.0 ], [ 118.739028389000055, -8.453119570999945, 0.0 ], [ 118.739476491000119, -8.453077770999926, 0.0 ], [ 118.739479723000045, -8.453077647999976, 0.0 ], [ 118.739535903000046, -8.45307487599996, 0.0 ], [ 118.739548724000088, -8.453024041999981, 0.0 ], [ 118.73968772, -8.45296482699996, 0.0 ], [ 118.739724538000019, -8.45304336199996, 0.0 ], [ 118.739767076000021, -8.45316810199995, 0.0 ], [ 118.739763361000087, -8.453270855999961, 0.0 ], [ 118.739763813000081, -8.453363119999949, 0.0 ], [ 118.739785610000013, -8.453417968999929, 0.0 ], [ 118.739824258000112, -8.453453700999944, 0.0 ], [ 118.739887721000059, -8.453460982999957, 0.0 ], [ 118.739952708000033, -8.453439105999962, 0.0 ], [ 118.739995731000022, -8.45342048699996, 0.0 ], [ 118.740017261000048, -8.453411168999935, 0.0 ], [ 118.740071783000076, -8.453396144999942, 0.0 ], [ 118.740124048000098, -8.453383655999971, 0.0 ], [ 118.740178704000073, -8.453373626999962, 0.0 ], [ 118.740238570000088, -8.453360784999973, 0.0 ], [ 118.740295385000081, -8.453358126999944, 0.0 ], [ 118.740350548000038, -8.453350146999981, 0.0 ], [ 118.740423351000118, -8.453352798999958, 0.0 ], [ 118.740517999000076, -8.453366046999975, 0.0 ], [ 118.740595517000088, -8.453393201999972, 0.0 ], [ 118.740636466000069, -8.453413179999927, 0.0 ], [ 118.740651477000029, -8.45348222299998, 0.0 ], [ 118.740633449000029, -8.453554229999952, 0.0 ], [ 118.740564695000103, -8.453624107999929, 0.0 ], [ 118.740435980000029, -8.453680399999939, 0.0 ], [ 118.740305969000019, -8.453753361999929, 0.0 ], [ 118.740274888000044, -8.453815316999965, 0.0 ], [ 118.740279154000063, -8.453844587999981, 0.0 ], [ 118.740297302000045, -8.453969119999954, 0.0 ], [ 118.740305293, -8.454115854999941, 0.0 ], [ 118.740305733000014, -8.454287613999952, 0.0 ], [ 118.740278547000116, -8.454478780999978, 0.0 ], [ 118.740237844000035, -8.454697895999971, 0.0 ], [ 118.740232819000084, -8.45485462299996, 0.0 ], [ 118.739983038000105, -8.454844962999971, 0.0 ], [ 118.739899077000018, -8.454878037999947, 0.0 ], [ 118.739866626000094, -8.454982618999964, 0.0 ], [ 118.73974467700009, -8.455032738999932, 0.0 ], [ 118.739575823000109, -8.455102135999937, 0.0 ], [ 118.739532458000099, -8.455206376999968, 0.0 ], [ 118.739393705000111, -8.455501260999938, 0.0 ], [ 118.739387745000045, -8.455513927999959, 0.0 ], [ 118.73857879000002, -8.455252783999981, 0.0 ], [ 118.738295488000063, -8.455153701999961, 0.0 ], [ 118.737967927000113, -8.455038668999975, 0.0 ], [ 118.737396150000109, -8.454788520999955, 0.0 ], [ 118.737209753000116, -8.454708473999972, 0.0 ], [ 118.736366732000079, -8.454346447999967, 0.0 ], [ 118.736007628000038, -8.454213821999929, 0.0 ], [ 118.735955138, -8.454195938999931, 0.0 ], [ 118.735775287000024, -8.45413466499997, 0.0 ], [ 118.735765334, -8.454157392999946, 0.0 ], [ 118.735833989000071, -8.454175405999933, 0.0 ], [ 118.735937841, -8.454223983999952, 0.0 ], [ 118.736025211000083, -8.454264851999937, 0.0 ], [ 118.736069632000067, -8.454284622999978, 0.0 ], [ 118.736105599000098, -8.454300630999967, 0.0 ], [ 118.736104708000084, -8.454302036999934, 0.0 ], [ 118.73572075300001, -8.454907769999977, 0.0 ], [ 118.735687957000096, -8.454959507999945, 0.0 ], [ 118.735612974000105, -8.455073292999941, 0.0 ], [ 118.735567950000018, -8.455141615999935, 0.0 ], [ 118.735509897000043, -8.455230458999949, 0.0 ], [ 118.735343919000115, -8.455484466999962, 0.0 ], [ 118.735320636000097, -8.455519577999951, 0.0 ], [ 118.735291351000114, -8.455563739999945, 0.0 ], [ 118.735573952000095, -8.455739329999972, 0.0 ], [ 118.735637309000026, -8.455778230999954, 0.0 ], [ 118.735763346000113, -8.455855618999976, 0.0 ], [ 118.735762810000097, -8.455856673999961, 0.0 ], [ 118.735764566000057, -8.455857763999973, 0.0 ], [ 118.735757866000085, -8.455870902999948, 0.0 ], [ 118.735602137000114, -8.456176293999931, 0.0 ], [ 118.735579876000088, -8.456219948999944, 0.0 ], [ 118.735469459000115, -8.456417985999963, 0.0 ], [ 118.735464044000082, -8.45643208599995, 0.0 ], [ 118.73531785800003, -8.456812789999958, 0.0 ], [ 118.735292469000115, -8.456878909999944, 0.0 ], [ 118.735253086000057, -8.456964519999929, 0.0 ], [ 118.735158381000019, -8.457170394999935, 0.0 ], [ 118.735155879000104, -8.45717583499993, 0.0 ], [ 118.735130247000029, -8.457221219999951, 0.0 ], [ 118.735035848000052, -8.457388368999943, 0.0 ], [ 118.734991516000036, -8.457454543999972, 0.0 ], [ 118.73495653000009, -8.457506766999927, 0.0 ], [ 118.734955569000022, -8.457508754999935, 0.0 ], [ 118.734913349000067, -8.457596173999946, 0.0 ], [ 118.734879627000055, -8.457665996999935, 0.0 ], [ 118.734630899000081, -8.45753683199996, 0.0 ], [ 118.734391332000087, -8.457412423999926, 0.0 ], [ 118.734260998000082, -8.457344741999975, 0.0 ], [ 118.734212865000018, -8.45731974499995, 0.0 ], [ 118.733997962000103, -8.457228291999968, 0.0 ], [ 118.733983685000112, -8.457222215999934, 0.0 ], [ 118.733811678000052, -8.457149017999939, 0.0 ], [ 118.733660692000058, -8.457084764999934, 0.0 ], [ 118.733345990000089, -8.456950841999969, 0.0 ], [ 118.733264537000082, -8.456916179999951, 0.0 ], [ 118.733201951000069, -8.457149017999939, 0.0 ], [ 118.733166965, -8.45727917499994, 0.0 ], [ 118.733157120000101, -8.457315802999972, 0.0 ], [ 118.733124322000094, -8.457437822999964, 0.0 ], [ 118.733113869000022, -8.45747671099997, 0.0 ], [ 118.733113421000098, -8.457478377999962, 0.0 ], [ 118.733013719000041, -8.457436667999957, 0.0 ], [ 118.732865077000042, -8.457374482999967, 0.0 ], [ 118.732758684000032, -8.457330765999927, 0.0 ], [ 118.732611411000107, -8.457316873999957, 0.0 ], [ 118.732540917000051, -8.457310968999934, 0.0 ], [ 118.732516261000114, -8.457307897999954, 0.0 ], [ 118.732475886000088, -8.457304088999933, 0.0 ], [ 118.732286158000079, -8.457279632999928, 0.0 ], [ 118.732282600000076, -8.45727917399995, 0.0 ], [ 118.732281471000078, -8.457279028999949, 0.0 ], [ 118.732163167000067, -8.457264682999948, 0.0 ], [ 118.732160819000114, -8.45726439799995, 0.0 ], [ 118.732041744000071, -8.457211920999953, 0.0 ], [ 118.732037213000012, -8.457269180999958, 0.0 ], [ 118.732009639000012, -8.457617612999968, 0.0 ], [ 118.731937755000104, -8.45803590099996, 0.0 ], [ 118.731906957000092, -8.458215114999973, 0.0 ], [ 118.731876918000012, -8.458389906999969, 0.0 ], [ 118.731861892000097, -8.458477341999981, 0.0 ], [ 118.731821324000066, -8.45927142599993, 0.0 ], [ 118.731837597000094, -8.459446367999931, 0.0 ], [ 118.731894001000114, -8.459611439999946, 0.0 ], [ 118.731867291000071, -8.459716617999959, 0.0 ], [ 118.731749199000092, -8.460181640999963, 0.0 ], [ 118.731738662000112, -8.460223133999932, 0.0 ], [ 118.731736008000098, -8.460267301999977, 0.0 ], [ 118.731721114000038, -8.460515148999946, 0.0 ], [ 118.731730482000103, -8.460579663999965, 0.0 ], [ 118.73171831500008, -8.460616796999943, 0.0 ], [ 118.731634012000086, -8.460745036999981, 0.0 ], [ 118.731645101000026, -8.461205299999961, 0.0 ], [ 118.73169753500008, -8.461413481999955, 0.0 ], [ 118.731694490000109, -8.461433067999963, 0.0 ], [ 118.731689784000082, -8.461456202999955, 0.0 ], [ 118.731684188000031, -8.461492198999963, 0.0 ], [ 118.731524274000094, -8.46145192299997, 0.0 ], [ 118.731361887000048, -8.461370952999971, 0.0 ], [ 118.731317477000061, -8.461350544999959, 0.0 ], [ 118.731065492000084, -8.461234750999949, 0.0 ], [ 118.730963805000101, -8.461592752999934, 0.0 ], [ 118.730908301000113, -8.462269029999959, 0.0 ], [ 118.730899893000014, -8.462509601999955, 0.0 ], [ 118.73089630000004, -8.462612416999946, 0.0 ], [ 118.730869059000042, -8.462952519999931, 0.0 ], [ 118.730853563000096, -8.463063610999939, 0.0 ], [ 118.730833981000046, -8.463203996999937, 0.0 ], [ 118.730809344000022, -8.463432317999946, 0.0 ], [ 118.730728767000073, -8.46351128799995, 0.0 ], [ 118.730629380000096, -8.463577380999936, 0.0 ], [ 118.730466652000018, -8.463712120999958, 0.0 ], [ 118.730421443000068, -8.463749554999936, 0.0 ], [ 118.730318675000035, -8.46387200199996, 0.0 ], [ 118.730261471000063, -8.463943140999959, 0.0 ], [ 118.730212802000096, -8.464048544999969, 0.0 ], [ 118.730189227000096, -8.464187807999963, 0.0 ], [ 118.730182900000045, -8.464319006999972, 0.0 ], [ 118.730160657000056, -8.464546064999979, 0.0 ], [ 118.730166220000115, -8.464553147999936, 0.0 ], [ 118.730003386000021, -8.464554763999956, 0.0 ], [ 118.729902301000038, -8.464552537999964, 0.0 ], [ 118.729551025000092, -8.464615394999953, 0.0 ], [ 118.729345435000027, -8.464663625999947, 0.0 ], [ 118.729141125000069, -8.46474700899995, 0.0 ], [ 118.728920515000027, -8.464858858999946, 0.0 ], [ 118.728738838000027, -8.464922433999959, 0.0 ], [ 118.728515403000074, -8.464967888999979, 0.0 ], [ 118.728253777000077, -8.464972340999964, 0.0 ], [ 118.728054301000043, -8.464941543999942, 0.0 ], [ 118.72802738200005, -8.464935117999971, 0.0 ], [ 118.727925865000088, -8.464910883999949, 0.0 ], [ 118.727762657000085, -8.465087514999937, 0.0 ], [ 118.727639534000105, -8.465069682999967, 0.0 ], [ 118.727540678000082, -8.465332128999933, 0.0 ], [ 118.727481115000046, -8.46555473799998, 0.0 ], [ 118.727432855000075, -8.465855203999979, 0.0 ], [ 118.727342044000011, -8.466289466999967, 0.0 ], [ 118.727047120000066, -8.466565111999955, 0.0 ], [ 118.726740773000074, -8.466845537999973, 0.0 ], [ 118.72658221800009, -8.466979099999946, 0.0 ], [ 118.726392521000093, -8.467138893999959, 0.0 ], [ 118.72603016100004, -8.467504507999934, 0.0 ], [ 118.725910518000092, -8.468050897999944, 0.0 ], [ 118.725828377000084, -8.468514002999939, 0.0 ], [ 118.72579905900011, -8.468820628999936, 0.0 ], [ 118.725802177000105, -8.468937045999951, 0.0 ], [ 118.725869582000087, -8.469092312999976, 0.0 ], [ 118.725906361000057, -8.469586246999938, 0.0 ], [ 118.72590661400011, -8.469617609999943, 0.0 ], [ 118.725907985000049, -8.469787937999968, 0.0 ], [ 118.725637250000091, -8.469695820999959, 0.0 ], [ 118.725617601000067, -8.469761672999937, 0.0 ], [ 118.725433921000104, -8.470377264999968, 0.0 ], [ 118.725256088000037, -8.470757565999975, 0.0 ], [ 118.725016051000011, -8.471270890999961, 0.0 ], [ 118.724864689000015, -8.471594581999966, 0.0 ], [ 118.724622516000068, -8.472145600999966, 0.0 ], [ 118.724298163000071, -8.472883606999972, 0.0 ], [ 118.724030389000063, -8.473492877999945, 0.0 ], [ 118.723256765000087, -8.474829899999975, 0.0 ], [ 118.722181093000017, -8.47542641299998, 0.0 ], [ 118.721703231000106, -8.475765555999942, 0.0 ], [ 118.720975986000099, -8.476256626999941, 0.0 ], [ 118.720637516000011, -8.476485177999962, 0.0 ], [ 118.719807676000073, -8.476797911999938, 0.0 ], [ 118.71954066100011, -8.476929985999959, 0.0 ], [ 118.719130377000056, -8.477132923999932, 0.0 ], [ 118.718607672000076, -8.477376018999962, 0.0 ], [ 118.718024810000088, -8.477647090999938, 0.0 ], [ 118.716753576000087, -8.478186221999977, 0.0 ], [ 118.716702050000094, -8.478208073999951, 0.0 ], [ 118.715487896000013, -8.478885513999955, 0.0 ], [ 118.715993645000026, -8.479316120999954, 0.0 ], [ 118.716525064000052, -8.479768583999942, 0.0 ], [ 118.717235681000034, -8.480373620999956, 0.0 ], [ 118.717819588000111, -8.480870773999925, 0.0 ], [ 118.718928254000048, -8.483056139999974, 0.0 ], [ 118.719026139000107, -8.483140032999927, 0.0 ], [ 118.71971034, -8.483726432999958, 0.0 ], [ 118.719787047000068, -8.483865517999959, 0.0 ], [ 118.720198068000059, -8.484610785999962, 0.0 ], [ 118.720392405000098, -8.484963160999939, 0.0 ], [ 118.721109775000059, -8.485839316999943, 0.0 ], [ 118.721798233000072, -8.486426096999935, 0.0 ], [ 118.722315016000039, -8.486671949999959, 0.0 ], [ 118.72250486300004, -8.486934800999961, 0.0 ], [ 118.722581006000041, -8.48720130099997, 0.0 ], [ 118.722581006000041, -8.487543942999935, 0.0 ], [ 118.722466792000091, -8.487810442999944, 0.0 ], [ 118.722295471000052, -8.488248263999935, 0.0 ], [ 118.722124149000024, -8.488655627999947, 0.0 ], [ 118.722067042000049, -8.488941162999936, 0.0 ], [ 118.722009935000074, -8.489245733999951, 0.0 ], [ 118.721990900000037, -8.489645482999947, 0.0 ], [ 118.722009935000074, -8.48987391199995, 0.0 ], [ 118.7220289710001, -8.49040691099998, 0.0 ], [ 118.721876685000097, -8.490863766999951, 0.0 ], [ 118.721835741000064, -8.49096054499995, 0.0 ], [ 118.72166729300011, -8.491358694999974, 0.0 ], [ 118.721495972000071, -8.491834587999961, 0.0 ], [ 118.721438865000096, -8.49212012299995, 0.0 ], [ 118.721495972000071, -8.492634085999953, 0.0 ], [ 118.721457900000019, -8.492862514999956, 0.0 ], [ 118.721343686000068, -8.493243227999926, 0.0 ], [ 118.721173549000014, -8.493948725999928, 0.0 ], [ 118.721016436000014, -8.494141105999972, 0.0 ], [ 118.720914914000105, -8.495011295999973, 0.0 ], [ 118.721010757000045, -8.495082518999936, 0.0 ], [ 118.721310393000067, -8.49530518399996, 0.0 ], [ 118.721359681000081, -8.49582703699997, 0.0 ], [ 118.721448198000076, -8.496596696999973, 0.0 ], [ 118.721650913000076, -8.498690341999975, 0.0 ], [ 118.722001686000112, -8.498823381999955, 0.0 ], [ 118.722372882000059, -8.498994702999937, 0.0 ], [ 118.722801185000094, -8.499023256999976, 0.0 ], [ 118.723243765, -8.498980425999946, 0.0 ], [ 118.723700622000024, -8.498780551999971, 0.0 ], [ 118.723929050000038, -8.498809104999964, 0.0 ], [ 118.724328799000091, -8.498894765999978, 0.0 ], [ 118.724671442000044, -8.498937595999962, 0.0 ], [ 118.724985531000016, -8.499137470999926, 0.0 ], [ 118.725528048000115, -8.499337344999958, 0.0 ], [ 118.725927797000054, -8.499537219999979, 0.0 ], [ 118.726170502000059, -8.499608603999945, 0.0 ], [ 118.726256163000016, -8.499737094999944, 0.0 ], [ 118.726256163000016, -8.499922692999974, 0.0 ], [ 118.726156225000068, -8.500122567999938, 0.0 ], [ 118.726056288000109, -8.500308164999979, 0.0 ], [ 118.725870690000079, -8.500522316999934, 0.0 ], [ 118.725813583000104, -8.50062225399995, 0.0 ], [ 118.7260705650001, -8.500722191999955, 0.0 ], [ 118.726398930000073, -8.50080785199998, 0.0 ], [ 118.726613082000085, -8.50096489699996, 0.0 ], [ 118.726827233000108, -8.501121940999951, 0.0 ], [ 118.727112769000087, -8.501150494999933, 0.0 ], [ 118.727312643000118, -8.501250431999949, 0.0 ], [ 118.727475279000032, -8.501612404999946, 0.0 ], [ 118.727206374000048, -8.501613597999949, 0.0 ], [ 118.726303508000115, -8.501982389999966, 0.0 ], [ 118.726071243000092, -8.502060223999933, 0.0 ], [ 118.72595719900005, -8.502161340999976, 0.0 ], [ 118.725922132000051, -8.502192432999948, 0.0 ], [ 118.725857201000053, -8.502250002999972, 0.0 ], [ 118.725261031000059, -8.502568407999945, 0.0 ], [ 118.724824344000012, -8.502478064999934, 0.0 ], [ 118.724798889000112, -8.502478277999955, 0.0 ], [ 118.724789328000043, -8.502476413999943, 0.0 ], [ 118.724709131000054, -8.502457978999928, 0.0 ], [ 118.72462336600006, -8.502438262999931, 0.0 ], [ 118.724322366000024, -8.502374667999959, 0.0 ], [ 118.724276234000058, -8.502364919999934, 0.0 ], [ 118.724254909000024, -8.50235910899994, 0.0 ], [ 118.724122599000111, -8.502323048999926, 0.0 ], [ 118.7240021880001, -8.502290234999975, 0.0 ], [ 118.723988502000111, -8.502286503999926, 0.0 ], [ 118.723652103000063, -8.502212959999952, 0.0 ], [ 118.723641671000109, -8.502212662999966, 0.0 ], [ 118.723410784000066, -8.502206098999977, 0.0 ], [ 118.723267696000107, -8.502202030999968, 0.0 ], [ 118.723068594000097, -8.502237305999927, 0.0 ], [ 118.722501299000101, -8.502317157999926, 0.0 ], [ 118.722232356000063, -8.502281797999956, 0.0 ], [ 118.722205642000063, -8.502278285999978, 0.0 ], [ 118.721330556000112, -8.502163229999951, 0.0 ], [ 118.721259306000093, -8.502153861999943, 0.0 ], [ 118.72103745600009, -8.502124692999928, 0.0 ], [ 118.720892052000067, -8.502105574999973, 0.0 ], [ 118.720624211000086, -8.502019211999936, 0.0 ], [ 118.720605832000047, -8.501942476999943, 0.0 ], [ 118.720567551000045, -8.501826454999957, 0.0 ], [ 118.72033731800002, -8.501275522999947, 0.0 ], [ 118.720069293000051, -8.50115190899993, 0.0 ], [ 118.720065311000099, -8.501149123999937, 0.0 ], [ 118.719898775000047, -8.501032664999968, 0.0 ], [ 118.719873966000023, -8.50101531599995, 0.0 ], [ 118.719738445000075, -8.500825577999933, 0.0 ], [ 118.71969126800002, -8.500759527999946, 0.0 ], [ 118.719565584000065, -8.500462348999974, 0.0 ], [ 118.719484054000077, -8.50036838099993, 0.0 ], [ 118.719337746000065, -8.500267048999945, 0.0 ], [ 118.719037699000069, -8.500063676999957, 0.0 ], [ 118.719024053000112, -8.500054477999981, 0.0 ], [ 118.718943854000031, -8.500000420999982, 0.0 ], [ 118.718894556, -8.499967190999939, 0.0 ], [ 118.71865707500001, -8.499807116999932, 0.0 ], [ 118.718518305000089, -8.499723982999967, 0.0 ], [ 118.71826640800009, -8.49957307699998, 0.0 ], [ 118.718225148000101, -8.499548358999959, 0.0 ], [ 118.717891025000085, -8.499341131999927, 0.0 ], [ 118.717646695000099, -8.499189594999962, 0.0 ], [ 118.717636483000092, -8.499183260999928, 0.0 ], [ 118.717521076000025, -8.49908058099993, 0.0 ], [ 118.717507043000069, -8.49905995599994, 0.0 ], [ 118.717334503000075, -8.499055454999962, 0.0 ], [ 118.716605624000067, -8.499238222999963, 0.0 ], [ 118.716564995000113, -8.49924841099994, 0.0 ], [ 118.716380892000075, -8.499302865999937, 0.0 ], [ 118.716244554000014, -8.499288710999963, 0.0 ], [ 118.716090350000059, -8.499192348999941, 0.0 ], [ 118.71602993800002, -8.499108864999926, 0.0 ], [ 118.715995226000018, -8.498873949999961, 0.0 ], [ 118.715990006000084, -8.498657918999982, 0.0 ], [ 118.715984656000046, -8.498436280999954, 0.0 ], [ 118.715982213000075, -8.498335047999944, 0.0 ], [ 118.715965735000054, -8.498258917999976, 0.0 ], [ 118.715948313000013, -8.498178418999942, 0.0 ], [ 118.715872418000117, -8.498052020999978, 0.0 ], [ 118.715828982000062, -8.497979680999947, 0.0 ], [ 118.715820044000111, -8.497961678999957, 0.0 ], [ 118.715715353000064, -8.497750848999942, 0.0 ], [ 118.715713866000101, -8.497747853999954, 0.0 ], [ 118.715680508000105, -8.49768067499997, 0.0 ], [ 118.715567531000033, -8.497489268999971, 0.0 ], [ 118.715494362000072, -8.497365300999945, 0.0 ], [ 118.715483508000034, -8.497346910999966, 0.0 ], [ 118.715343186000041, -8.497165633999941, 0.0 ], [ 118.714877348000073, -8.496850882999979, 0.0 ], [ 118.714833094000028, -8.496820992999972, 0.0 ], [ 118.714798839000082, -8.496797855999944, 0.0 ], [ 118.714718916000038, -8.496743875999925, 0.0 ], [ 118.714660165000055, -8.49670419499995, 0.0 ], [ 118.714582200000109, -8.496651534999955, 0.0 ], [ 118.714390967000099, -8.496452217999945, 0.0 ], [ 118.714357436000114, -8.496336403999976, 0.0 ], [ 118.714349699000081, -8.496309681999946, 0.0 ], [ 118.714323120000017, -8.496217882999929, 0.0 ], [ 118.714320666000049, -8.496209412999974, 0.0 ], [ 118.714297879000014, -8.496169240999961, 0.0 ], [ 118.714293747000056, -8.496163602999957, 0.0 ], [ 118.714293907000069, -8.496162240999979, 0.0 ], [ 118.714222650000011, -8.496036627999956, 0.0 ], [ 118.714221670000029, -8.496034900999973, 0.0 ], [ 118.714135641000098, -8.49588324399997, 0.0 ], [ 118.714082500000018, -8.495789563999949, 0.0 ], [ 118.713959066000029, -8.495679008999957, 0.0 ], [ 118.713953780000111, -8.495674273999953, 0.0 ], [ 118.713941185000067, -8.495667473999958, 0.0 ], [ 118.713924986000052, -8.495658727999967, 0.0 ], [ 118.713906284000018, -8.495647935999955, 0.0 ], [ 118.713632439000094, -8.495489912999972, 0.0 ], [ 118.713581630000022, -8.495460593999951, 0.0 ], [ 118.713570503000028, -8.495455388999972, 0.0 ], [ 118.71342276900009, -8.495386282999959, 0.0 ], [ 118.713423496000019, -8.495383704999938, 0.0 ], [ 118.713512440000045, -8.495363742999928, 0.0 ], [ 118.713544537000075, -8.495363787999963, 0.0 ], [ 118.713549271000034, -8.495363793999957, 0.0 ], [ 118.713566444000094, -8.495363818999977, 0.0 ], [ 118.713569723000091, -8.495326329999955, 0.0 ], [ 118.713578531000053, -8.49528973699995, 0.0 ], [ 118.713592675000086, -8.495254840999962, 0.0 ], [ 118.71361184400007, -8.49522240899995, 0.0 ], [ 118.713635617000023, -8.495193153999935, 0.0 ], [ 118.713625419000095, -8.495183594999958, 0.0 ], [ 118.713536848000103, -8.495100581999964, 0.0 ], [ 118.713574385000015, -8.49506635299997, 0.0 ], [ 118.71361609500002, -8.495037303999936, 0.0 ], [ 118.713661261000084, -8.495013931999949, 0.0 ], [ 118.713709108000103, -8.494996638999964, 0.0 ], [ 118.713758816000109, -8.494985719999931, 0.0 ], [ 118.713809530000049, -8.494981365999934, 0.0 ], [ 118.713834838000025, -8.494980615999964, 0.0 ], [ 118.713849967000101, -8.49491635499993, 0.0 ], [ 118.713941504000104, -8.494941130999962, 0.0 ], [ 118.713985939000054, -8.49495315799993, 0.0 ], [ 118.714055266000059, -8.494980921999968, 0.0 ], [ 118.714065252000069, -8.49492091299993, 0.0 ], [ 118.714037794000092, -8.494833422999932, 0.0 ], [ 118.713833098, -8.494285533999971, 0.0 ], [ 118.713772498000026, -8.494125771999961, 0.0 ], [ 118.713744403000078, -8.494051702999968, 0.0 ], [ 118.713691008000069, -8.493910933999928, 0.0 ], [ 118.713671972000043, -8.493916644999956, 0.0 ], [ 118.713658647000102, -8.493880476999948, 0.0 ], [ 118.713677683000014, -8.493869054999948, 0.0 ], [ 118.713651033000019, -8.493787201999965, 0.0 ], [ 118.713623709000103, -8.493583272999956, 0.0 ], [ 118.713651741000035, -8.493567858999938, 0.0 ], [ 118.713653837000038, -8.493566706999957, 0.0 ], [ 118.713569967000012, -8.492942108999955, 0.0 ], [ 118.713548967000065, -8.492846672999974, 0.0 ], [ 118.713634125000112, -8.49278572399993, 0.0 ], [ 118.713637733000041, -8.492775883999968, 0.0 ], [ 118.713575071000037, -8.492453036999962, 0.0 ], [ 118.713427662000072, -8.492523229999961, 0.0 ], [ 118.712900002000083, -8.492774488999942, 0.0 ], [ 118.712865586000021, -8.492600007999954, 0.0 ], [ 118.71338787000002, -8.49233666899994, 0.0 ], [ 118.713537811000037, -8.492261066999959, 0.0 ], [ 118.713532545000021, -8.492233935999934, 0.0 ], [ 118.713480921000041, -8.492036661999975, 0.0 ], [ 118.713354737000031, -8.491672067999957, 0.0 ], [ 118.713132836000113, -8.491050683999958, 0.0 ], [ 118.712912360000018, -8.49049015199995, 0.0 ], [ 118.712817868000116, -8.490249431999928, 0.0 ], [ 118.712776477000034, -8.490148194999961, 0.0 ], [ 118.712730106000095, -8.49004912099997, 0.0 ], [ 118.712678869000115, -8.489952451999955, 0.0 ], [ 118.712625154000079, -8.489862224999968, 0.0 ], [ 118.712622892000013, -8.489858424999966, 0.0 ], [ 118.712562310000067, -8.489767269999959, 0.0 ], [ 118.712497273000054, -8.489679210999952, 0.0 ], [ 118.712440436000065, -8.489609738999945, 0.0 ], [ 118.712427939, -8.489594462999946, 0.0 ], [ 118.712364782, -8.48951429799996, 0.0 ], [ 118.712296274000096, -8.489438613999937, 0.0 ], [ 118.712222735000068, -8.489367762999962, 0.0 ], [ 118.712222386, -8.489367469999934, 0.0 ], [ 118.712144508000051, -8.48930207899997, 0.0 ], [ 118.712061958000049, -8.48924186499994, 0.0 ], [ 118.711975471000073, -8.48918740299996, 0.0 ], [ 118.711885450000068, -8.489138947999948, 0.0 ], [ 118.711792316000015, -8.489096726999946, 0.0 ], [ 118.711718574000088, -8.489069178999955, 0.0 ], [ 118.711696504000088, -8.489060933999951, 0.0 ], [ 118.711620968000034, -8.489037368999959, 0.0 ], [ 118.711547827000118, -8.489007232999938, 0.0 ], [ 118.711477656000056, -8.488970762999941, 0.0 ], [ 118.711411008000027, -8.488928246999933, 0.0 ], [ 118.71134840600007, -8.488880016999929, 0.0 ], [ 118.711312500000076, -8.488843656999961, 0.0 ], [ 118.711280634000104, -8.48880374099997, 0.0 ], [ 118.71125315900008, -8.488760709999951, 0.0 ], [ 118.711230381000064, -8.488715042999956, 0.0 ], [ 118.711212551000017, -8.488667243999942, 0.0 ], [ 118.711199867000119, -8.488617843999975, 0.0 ], [ 118.711192935000099, -8.488499219999937, 0.0 ], [ 118.711201907000031, -8.488430328999925, 0.0 ], [ 118.711217629000089, -8.488362647999963, 0.0 ], [ 118.71123994800007, -8.488296828999978, 0.0 ], [ 118.71126864900009, -8.48823350999993, 0.0 ], [ 118.711395496000023, -8.487990165999975, 0.0 ], [ 118.711438276000081, -8.487891073999947, 0.0 ], [ 118.711471371000016, -8.487804648999941, 0.0 ], [ 118.71147686900008, -8.487790291999943, 0.0 ], [ 118.711511208000047, -8.487687996999966, 0.0 ], [ 118.711526704000107, -8.487619213999949, 0.0 ], [ 118.711535869000045, -8.487549315999956, 0.0 ], [ 118.711538629000074, -8.487478877999934, 0.0 ], [ 118.711534959, -8.487408480999932, 0.0 ], [ 118.711526619000097, -8.487347437999972, 0.0 ], [ 118.711512861000074, -8.487287374999937, 0.0 ], [ 118.711501448000035, -8.487252287999979, 0.0 ], [ 118.711493796000013, -8.48722876599993, 0.0 ], [ 118.711439406000068, -8.487101260999964, 0.0 ], [ 118.711309458000073, -8.486840600999926, 0.0 ], [ 118.711098069000059, -8.486473743999966, 0.0 ], [ 118.711096936000104, -8.48647219999998, 0.0 ], [ 118.711070455000026, -8.486430045999953, 0.0 ], [ 118.711050105000027, -8.486384641999962, 0.0 ], [ 118.711036279000041, -8.486336865999931, 0.0 ], [ 118.711029244000088, -8.486287642999969, 0.0 ], [ 118.711029137000082, -8.486237923999965, 0.0 ], [ 118.711035627000115, -8.486190259999944, 0.0 ], [ 118.71105839300003, -8.486023084999943, 0.0 ], [ 118.711103417000118, -8.485646609999947, 0.0 ], [ 118.711141139, -8.485347415999968, 0.0 ], [ 118.711169665000057, -8.485006398999928, 0.0 ], [ 118.71117050700002, -8.484889891999956, 0.0 ], [ 118.711171527000033, -8.484748628999967, 0.0 ], [ 118.711131224000042, -8.484464729999956, 0.0 ], [ 118.711120459000085, -8.484410636999939, 0.0 ], [ 118.71109436100005, -8.484279494999953, 0.0 ], [ 118.711020714000028, -8.483926964999966, 0.0 ], [ 118.710991553000099, -8.48381741299994, 0.0 ], [ 118.710948808000012, -8.483607009999957, 0.0 ], [ 118.710864416000049, -8.483191623999971, 0.0 ], [ 118.710821170000031, -8.482952410999928, 0.0 ], [ 118.71076993600002, -8.482713378999961, 0.0 ], [ 118.710762899000088, -8.48268055099993, 0.0 ], [ 118.710757434000016, -8.482663112999944, 0.0 ], [ 118.710704406000104, -8.482493915999953, 0.0 ], [ 118.710556255000029, -8.482273284999962, 0.0 ], [ 118.710216045000038, -8.481762645999936, 0.0 ], [ 118.710124008000093, -8.481629176999945, 0.0 ], [ 118.710040704000107, -8.481504405999942, 0.0 ], [ 118.709896895000043, -8.481302633999974, 0.0 ], [ 118.709758374000103, -8.481131000999937, 0.0 ], [ 118.70967432000009, -8.481037847999971, 0.0 ], [ 118.709653738000043, -8.481015037999953, 0.0 ], [ 118.709562805000019, -8.480926524999973, 0.0 ], [ 118.709571493000112, -8.480891002999954, 0.0 ], [ 118.709533864000036, -8.480854631999932, 0.0 ], [ 118.709576206000065, -8.480812104999927, 0.0 ], [ 118.709699479000051, -8.480808288999981, 0.0 ], [ 118.709833316000072, -8.480773982999949, 0.0 ], [ 118.70985448600004, -8.480768556999976, 0.0 ], [ 118.709879750000027, -8.480753402999937, 0.0 ], [ 118.709945552000022, -8.480713933999937, 0.0 ], [ 118.710315428000058, -8.480474089999973, 0.0 ], [ 118.710355668000034, -8.480426457999954, 0.0 ], [ 118.71041328900003, -8.480356340999947, 0.0 ], [ 118.710478833000025, -8.480276581999931, 0.0 ], [ 118.710567104, -8.48015855899996, 0.0 ], [ 118.710656515000096, -8.480087548999961, 0.0 ], [ 118.71070316700002, -8.480023753999944, 0.0 ], [ 118.710710302000052, -8.480013995999968, 0.0 ], [ 118.710839871000076, -8.47986874299994, 0.0 ], [ 118.710844075000068, -8.479791057999932, 0.0 ], [ 118.710852826000064, -8.479564456999981, 0.0 ], [ 118.710853777000011, -8.479539831999944, 0.0 ], [ 118.710867145000066, -8.479302942999936, 0.0 ], [ 118.710868553000068, -8.479238962999943, 0.0 ], [ 118.710868159000029, -8.479209198999968, 0.0 ], [ 118.710868103000053, -8.479204985999957, 0.0 ], [ 118.7108683780001, -8.479204974999959, 0.0 ], [ 118.710867595000082, -8.47916662199998, 0.0 ], [ 118.71087022200004, -8.479096400999936, 0.0 ], [ 118.710876652000024, -8.479017225999939, 0.0 ], [ 118.710889440000074, -8.478938819999939, 0.0 ], [ 118.710908507000113, -8.478861688999928, 0.0 ], [ 118.710933727000111, -8.478786329999934, 0.0 ], [ 118.711035480000078, -8.478431834999981, 0.0 ], [ 118.711056886000051, -8.478356703999964, 0.0 ], [ 118.711060984000028, -8.47833649699993, 0.0 ], [ 118.711072410000043, -8.478280156999972, 0.0 ], [ 118.711081965000062, -8.478202643999964, 0.0 ], [ 118.711085490000073, -8.478124629999968, 0.0 ], [ 118.711082966000049, -8.47804657699993, 0.0 ], [ 118.711074407000069, -8.477968949999934, 0.0 ], [ 118.711059866000028, -8.477892209999936, 0.0 ], [ 118.71103942600007, -8.477816813999937, 0.0 ], [ 118.711013210000033, -8.477743210999961, 0.0 ], [ 118.710908681000092, -8.477469759999963, 0.0 ], [ 118.710803035000026, -8.47724816799996, 0.0 ], [ 118.710729496000113, -8.477093918999969, 0.0 ], [ 118.710597295000071, -8.476908312999967, 0.0 ], [ 118.710499142000117, -8.476717955999959, 0.0 ], [ 118.710476491, -8.476669164999976, 0.0 ], [ 118.710435016000019, -8.476579827999956, 0.0 ], [ 118.710402297000087, -8.476529264999954, 0.0 ], [ 118.71033146700006, -8.476561643999958, 0.0 ], [ 118.710089993000111, -8.476672031999954, 0.0 ], [ 118.710060250000083, -8.476612545999956, 0.0 ], [ 118.71029545600004, -8.476510553999958, 0.0 ], [ 118.710396349, -8.476466803999926, 0.0 ], [ 118.710288010000113, -8.476200041999959, 0.0 ], [ 118.71026753700005, -8.476165194999965, 0.0 ], [ 118.710263147000092, -8.476158430999931, 0.0 ], [ 118.710193844000059, -8.476051662999964, 0.0 ], [ 118.7101151600001, -8.475941501999955, 0.0 ], [ 118.710049278000042, -8.475857437999935, 0.0 ], [ 118.709903682000117, -8.475804665999931, 0.0 ], [ 118.709705726000038, -8.475595017999979, 0.0 ], [ 118.709624276000113, -8.475650395999935, 0.0 ], [ 118.709298352000019, -8.475300165999954, 0.0 ], [ 118.709455754000032, -8.475197532999971, 0.0 ], [ 118.709255150000104, -8.474936652999929, 0.0 ], [ 118.709215164000057, -8.474871383999925, 0.0 ], [ 118.709181206000039, -8.474802815999965, 0.0 ], [ 118.709153548000018, -8.474731496999937, 0.0 ], [ 118.709123486000067, -8.47460945399996, 0.0 ], [ 118.709103652000067, -8.474506045999931, 0.0 ], [ 118.70909981200009, -8.474486027999944, 0.0 ], [ 118.70909210700006, -8.47443033299993, 0.0 ], [ 118.709090833000118, -8.474411888999953, 0.0 ], [ 118.709086980000052, -8.474356124999929, 0.0 ], [ 118.709087654000086, -8.474281742999949, 0.0 ], [ 118.709094124000103, -8.474207637999939, 0.0 ], [ 118.709106352000049, -8.474134256999946, 0.0 ], [ 118.709124263000035, -8.474062040999968, 0.0 ], [ 118.709150897000086, -8.473983181999927, 0.0 ], [ 118.709167129000093, -8.473935122999933, 0.0 ], [ 118.709223464000047, -8.47378748899996, 0.0 ], [ 118.709285493000039, -8.473642133999931, 0.0 ], [ 118.709323231000099, -8.473571531999937, 0.0 ], [ 118.709365052000066, -8.473503247999929, 0.0 ], [ 118.709410812000101, -8.473437513999954, 0.0 ], [ 118.709460356000022, -8.473374560999957, 0.0 ], [ 118.709513513000047, -8.473314598999934, 0.0 ], [ 118.710216545000094, -8.472548398999947, 0.0 ], [ 118.710265850000042, -8.472503352999979, 0.0 ], [ 118.710311791000095, -8.472468405999962, 0.0 ], [ 118.710364346, -8.47239013899997, 0.0 ], [ 118.710508933000028, -8.472280657999931, 0.0 ], [ 118.710529584000028, -8.472265020999941, 0.0 ], [ 118.71059212900002, -8.472281491999979, 0.0 ], [ 118.710625154000013, -8.472214071999929, 0.0 ], [ 118.710633930000085, -8.472025047999978, 0.0 ], [ 118.710635515000035, -8.471945111999958, 0.0 ], [ 118.710636154000099, -8.471912896999982, 0.0 ], [ 118.710645828000111, -8.47186034799995, 0.0 ], [ 118.710676042000046, -8.471696225999949, 0.0 ], [ 118.710630977000051, -8.47168549099996, 0.0 ], [ 118.7105774260001, -8.471672733999981, 0.0 ], [ 118.710583987000064, -8.471526780999966, 0.0 ], [ 118.710063475000084, -8.471210152999959, 0.0 ], [ 118.710045084000058, -8.471239073999925, 0.0 ], [ 118.709989062000091, -8.471203758999934, 0.0 ], [ 118.710082071000102, -8.47105750999998, 0.0 ], [ 118.71013240000002, -8.471089235999955, 0.0 ], [ 118.710116032000087, -8.471114974999978, 0.0 ], [ 118.710608910000019, -8.471425679999982, 0.0 ], [ 118.710703944000102, -8.47148558799995, 0.0 ], [ 118.7107343240001, -8.471291683999937, 0.0 ], [ 118.710696462000101, -8.471251021999933, 0.0 ], [ 118.710664227000052, -8.471205809999958, 0.0 ], [ 118.710650926000085, -8.471180801999935, 0.0 ], [ 118.710638164000102, -8.471156807999932, 0.0 ], [ 118.710618716000113, -8.471104852999929, 0.0 ], [ 118.710606212000016, -8.471050822999928, 0.0 ], [ 118.710600864000071, -8.470995632999973, 0.0 ], [ 118.71068200600007, -8.470870881999929, 0.0 ], [ 118.710721805000048, -8.470809034999945, 0.0 ], [ 118.710765698000046, -8.470749996999928, 0.0 ], [ 118.710813485000017, -8.470694033999962, 0.0 ], [ 118.710864945000026, -8.470641402999945, 0.0 ], [ 118.710919850000096, -8.470592340999929, 0.0 ], [ 118.710976122000034, -8.470555519999948, 0.0 ], [ 118.711035676000051, -8.470524232999935, 0.0 ], [ 118.711097965000022, -8.47049876799997, 0.0 ], [ 118.711162419000061, -8.470479358999967, 0.0 ], [ 118.711228442000106, -8.470466185999953, 0.0 ], [ 118.711295429000074, -8.470459367999979, 0.0 ], [ 118.711362765000104, -8.470458969999981, 0.0 ], [ 118.711429830000043, -8.470464991999961, 0.0 ], [ 118.711496006000061, -8.470477381999956, 0.0 ], [ 118.711571437000089, -8.470489323999971, 0.0 ], [ 118.711645667000084, -8.470507232999978, 0.0 ], [ 118.711718222000059, -8.470530989999929, 0.0 ], [ 118.711788637000041, -8.470560445999979, 0.0 ], [ 118.711856462000014, -8.470595411999966, 0.0 ], [ 118.711921261000043, -8.470635663999929, 0.0 ], [ 118.71198262300004, -8.470680946999948, 0.0 ], [ 118.712040153000089, -8.470730965999962, 0.0 ], [ 118.711983334000024, -8.470922741999971, 0.0 ], [ 118.711695214000088, -8.471895191999977, 0.0 ], [ 118.711571400000025, -8.47231308399995, 0.0 ], [ 118.71165579500007, -8.472576441999934, 0.0 ], [ 118.711782842000048, -8.472642361999931, 0.0 ], [ 118.711878474000059, -8.472704133999969, 0.0 ], [ 118.711976923000066, -8.472761353999942, 0.0 ], [ 118.712077970000109, -8.472813891999976, 0.0 ], [ 118.712181390000069, -8.472861633999969, 0.0 ], [ 118.712286954000092, -8.472904473999961, 0.0 ], [ 118.712394427000049, -8.472942315999944, 0.0 ], [ 118.71250357100007, -8.472975075999955, 0.0 ], [ 118.712531762000026, -8.472982385999956, 0.0 ], [ 118.713299304000088, -8.473181397999952, 0.0 ], [ 118.713545816000078, -8.473255206999966, 0.0 ], [ 118.713661200000047, -8.473289663999935, 0.0 ], [ 118.713777878000087, -8.473319487999959, 0.0 ], [ 118.713895664, -8.473344631999964, 0.0 ], [ 118.714014368000107, -8.473365057999956, 0.0 ], [ 118.714133798000034, -8.473380728999928, 0.0 ], [ 118.714302263000036, -8.47340091999996, 0.0 ], [ 118.714401205000058, -8.473412777999954, 0.0 ], [ 118.714463825000053, -8.473412279999934, 0.0 ], [ 118.714504023000018, -8.473411959999964, 0.0 ], [ 118.714606659000083, -8.473405745999969, 0.0 ], [ 118.714708820000055, -8.473394152999958, 0.0 ], [ 118.714810226000054, -8.473377211999946, 0.0 ], [ 118.714910592000024, -8.473354970999935, 0.0 ], [ 118.715009642000041, -8.473327492999942, 0.0 ], [ 118.71510709800009, -8.473294849999945, 0.0 ], [ 118.715165686000091, -8.473266198999966, 0.0 ], [ 118.715263274000108, -8.473218475999943, 0.0 ], [ 118.715422024000077, -8.473147558999926, 0.0 ], [ 118.715583157000083, -8.473082182999974, 0.0 ], [ 118.715746474000071, -8.473022426999933, 0.0 ], [ 118.715911784000014, -8.472968364999929, 0.0 ], [ 118.716551604000074, -8.472736104999967, 0.0 ], [ 118.7168563890001, -8.472625464999965, 0.0 ], [ 118.716854031000025, -8.472616571999936, 0.0 ], [ 118.716846709000038, -8.472588952999956, 0.0 ], [ 118.716853693000076, -8.47253868599995, 0.0 ], [ 118.716853576000062, -8.472512372999972, 0.0 ], [ 118.716867855000032, -8.472481210999945, 0.0 ], [ 118.716870142000062, -8.472454883999944, 0.0 ], [ 118.716877127000089, -8.472404617999928, 0.0 ], [ 118.716898581, -8.472366247999958, 0.0 ], [ 118.716917717000115, -8.472347026999955, 0.0 ], [ 118.716958543000032, -8.472342062999928, 0.0 ], [ 118.716989800000079, -8.472346709999954, 0.0 ], [ 118.71702348000008, -8.47235613099997, 0.0 ], [ 118.717061934000071, -8.472358353999937, 0.0 ], [ 118.717088333000106, -8.472351060999927, 0.0 ], [ 118.717143532000023, -8.472336463999966, 0.0 ], [ 118.717167484000015, -8.472319613999957, 0.0 ], [ 118.717174619000048, -8.472302837999962, 0.0 ], [ 118.717162499000096, -8.472278967999955, 0.0 ], [ 118.717157608000093, -8.472259851999979, 0.0 ], [ 118.717157502000077, -8.472235930999943, 0.0 ], [ 118.717186239000057, -8.472214274999942, 0.0 ], [ 118.717207843000097, -8.472209395999926, 0.0 ], [ 118.717246306000106, -8.472214010999949, 0.0 ], [ 118.717270365000104, -8.47222108099993, 0.0 ], [ 118.717299264000076, -8.472235307999938, 0.0 ], [ 118.717313711000088, -8.47224241899994, 0.0 ], [ 118.717340098000022, -8.472232735999967, 0.0 ], [ 118.717354430000114, -8.47221353499998, 0.0 ], [ 118.717371058000026, -8.472170401999961, 0.0 ], [ 118.717378086000053, -8.472129701999961, 0.0 ], [ 118.717402059000051, -8.47211763699994, 0.0 ], [ 118.717438080000079, -8.472112692999929, 0.0 ], [ 118.717476479000084, -8.472102954999968, 0.0 ], [ 118.717502878000118, -8.472095663999937, 0.0 ], [ 118.717534071000046, -8.472085956999933, 0.0 ], [ 118.717558014000019, -8.472066714999926, 0.0 ], [ 118.717601714000011, -8.472057353999958, 0.0 ], [ 118.71760362200007, -8.472056944999963, 0.0 ], [ 118.717617997000048, -8.472047312999962, 0.0 ], [ 118.717627566000033, -8.472037700999977, 0.0 ], [ 118.717649062000078, -8.472008899999935, 0.0 ], [ 118.717665817000011, -8.471994473999928, 0.0 ], [ 118.717716253000049, -8.471989466999958, 0.0 ], [ 118.717754697000032, -8.471989297999926, 0.0 ], [ 118.717788324000026, -8.471986757999957, 0.0 ], [ 118.717809905000081, -8.471977094999943, 0.0 ], [ 118.717836261000116, -8.471960231999958, 0.0 ], [ 118.717845787000101, -8.471941052999966, 0.0 ], [ 118.717867221, -8.471897897999952, 0.0 ], [ 118.717871962000117, -8.471883524999953, 0.0 ], [ 118.717915127000083, -8.471864195999956, 0.0 ], [ 118.717955888, -8.471844879999935, 0.0 ], [ 118.71797261100005, -8.471823274999963, 0.0 ], [ 118.717965212000081, -8.471780248999949, 0.0 ], [ 118.717974654000045, -8.471741931999929, 0.0 ], [ 118.718010566000089, -8.471713066999939, 0.0 ], [ 118.718034551000073, -8.471703393999974, 0.0 ], [ 118.718075408000118, -8.471705603999965, 0.0 ], [ 118.718116254000051, -8.471705424999925, 0.0 ], [ 118.718137783000088, -8.471683799999937, 0.0 ], [ 118.718180926000059, -8.471659688999978, 0.0 ], [ 118.718202466000093, -8.471640457999968, 0.0 ], [ 118.718221612000093, -8.471623626999929, 0.0 ], [ 118.718264830000066, -8.471616258999973, 0.0 ], [ 118.718298468000057, -8.471616110999946, 0.0 ], [ 118.718329682000103, -8.471611190999965, 0.0 ], [ 118.718365712000036, -8.471608639999943, 0.0 ], [ 118.718418562000011, -8.471606014999963, 0.0 ], [ 118.71848336100004, -8.471588982999947, 0.0 ], [ 118.718526513000029, -8.47156726399993, 0.0 ], [ 118.718574451000109, -8.471540738999977, 0.0 ], [ 118.718617572000085, -8.471511842999973, 0.0 ], [ 118.71864633000007, -8.471494969999981, 0.0 ], [ 118.718694280000022, -8.47147083599998, 0.0 ], [ 118.718725396000082, -8.471444385999973, 0.0 ], [ 118.718749296000055, -8.471415573999934, 0.0 ], [ 118.718761214000097, -8.471393991999946, 0.0 ], [ 118.718770666000069, -8.471358066999926, 0.0 ], [ 118.718777716000091, -8.471322151999971, 0.0 ], [ 118.718796883000095, -8.471310107999955, 0.0 ], [ 118.718820889000085, -8.471305216999951, 0.0 ], [ 118.718856962000018, -8.47131223599996, 0.0 ], [ 118.718883476000087, -8.471331255999928, 0.0 ], [ 118.718900456000028, -8.471367064999981, 0.0 ], [ 118.718919762000041, -8.471386117999941, 0.0 ], [ 118.718951029000095, -8.471393156999966, 0.0 ], [ 118.718979862000083, -8.471393029999945, 0.0 ], [ 118.719018263000066, -8.471383290999938, 0.0 ], [ 118.719032605000052, -8.47136648399993, 0.0 ], [ 118.719051783000054, -8.471356828999944, 0.0 ], [ 118.719044480000093, -8.471335331999967, 0.0 ], [ 118.719039505000069, -8.471297077999964, 0.0 ], [ 118.719056163000118, -8.47126112199993, 0.0 ], [ 118.719065626000088, -8.471227589999955, 0.0 ], [ 118.719070251000062, -8.471186901999943, 0.0 ], [ 118.71907736300011, -8.47116534099996, 0.0 ], [ 118.719089196000027, -8.471124620999944, 0.0 ], [ 118.71911065200004, -8.471086249999928, 0.0 ], [ 118.719134594000025, -8.471067007999977, 0.0 ], [ 118.719177884000032, -8.471076384999947, 0.0 ], [ 118.719218837000085, -8.471100127999932, 0.0 ], [ 118.719250115000023, -8.471109559999945, 0.0 ], [ 118.719281351000063, -8.471109421999927, 0.0 ], [ 118.719300518000068, -8.471097375999932, 0.0 ], [ 118.719326905000116, -8.471087689999933, 0.0 ], [ 118.719384549000097, -8.47108265199995, 0.0 ], [ 118.719408501000089, -8.471065801999941, 0.0 ], [ 118.719427629000052, -8.471044187999951, 0.0 ], [ 118.719441948000053, -8.471022593999976, 0.0 ], [ 118.719473077000089, -8.470998534999978, 0.0 ], [ 118.719506609000064, -8.470974464999927, 0.0 ], [ 118.719549753000024, -8.470950353999967, 0.0 ], [ 118.719547201000069, -8.470916873999954, 0.0 ], [ 118.719554261000098, -8.47088335199993, 0.0 ], [ 118.719587833000105, -8.470868848999942, 0.0 ], [ 118.719616666000093, -8.470868721999977, 0.0 ], [ 118.71964554300007, -8.470878164999931, 0.0 ], [ 118.719667230000027, -8.470892423999942, 0.0 ], [ 118.71968645100003, -8.470892338999931, 0.0 ], [ 118.719696020000015, -8.470882726999946, 0.0 ], [ 118.719717474000049, -8.470844356999976, 0.0 ], [ 118.719734082000059, -8.470796439999958, 0.0 ], [ 118.719750773000101, -8.470767659999979, 0.0 ], [ 118.719767495000042, -8.470746056999928, 0.0 ], [ 118.719793892000098, -8.470738763999975, 0.0 ], [ 118.719817836000061, -8.470719520999978, 0.0 ], [ 118.719820131, -8.470695587999955, 0.0 ], [ 118.719817581000029, -8.470662107999942, 0.0 ], [ 118.719839046000061, -8.47062613099996, 0.0 ], [ 118.719860670000116, -8.470626035999942, 0.0 ], [ 118.719882325000071, -8.470633115999931, 0.0 ], [ 118.719901622000066, -8.470649777999938, 0.0 ], [ 118.719923331000018, -8.470668818999968, 0.0 ], [ 118.719942607, -8.470680695999931, 0.0 ], [ 118.719954641000072, -8.470685427999967, 0.0 ], [ 118.719973873000072, -8.470687735999945, 0.0 ], [ 118.719988268000066, -8.470682886999953, 0.0 ], [ 118.72000786000001, -8.470668408999927, 0.0 ], [ 118.719976073000112, -8.470642272999953, 0.0 ], [ 118.719959149000033, -8.47061842599993, 0.0 ], [ 118.719942214000071, -8.470592185999976, 0.0 ], [ 118.719942013000036, -8.470546733999981, 0.0 ], [ 118.719953919000091, -8.470522758999948, 0.0 ], [ 118.71998028400003, -8.470508290999931, 0.0 ], [ 118.720009074000018, -8.470498594999981, 0.0 ], [ 118.720047444000102, -8.470481680999967, 0.0 ], [ 118.720078637000029, -8.470471974999953, 0.0 ], [ 118.72011223200002, -8.470462256999951, 0.0 ], [ 118.720150589000013, -8.470442950999939, 0.0 ], [ 118.720181782000054, -8.470433243999935, 0.0 ], [ 118.720210592000058, -8.470428331999926, 0.0 ], [ 118.720229795000023, -8.470423462999975, 0.0 ], [ 118.720273031000033, -8.470420880999939, 0.0 ], [ 118.720301832000018, -8.470413577999977, 0.0 ], [ 118.720316206, -8.47040394499993, 0.0 ], [ 118.720337799000049, -8.470396673999971, 0.0 ], [ 118.720383387000084, -8.470382119999954, 0.0 ], [ 118.720407393000073, -8.470377228999951, 0.0 ], [ 118.720436203000077, -8.470372317999932, 0.0 ], [ 118.720465036000064, -8.470372190999967, 0.0 ], [ 118.720476923000092, -8.470343431999936, 0.0 ], [ 118.720495984000081, -8.470307463999973, 0.0 ], [ 118.720507879000024, -8.47028109799993, 0.0 ], [ 118.720527018000098, -8.470261876999928, 0.0 ], [ 118.72054378200005, -8.470249840999941, 0.0 ], [ 118.720565343000089, -8.470235393999928, 0.0 ], [ 118.720594145000064, -8.470228089999978, 0.0 ], [ 118.720620521000114, -8.47021601199998, 0.0 ], [ 118.720642092000048, -8.470203956999967, 0.0 ], [ 118.720656475000055, -8.470196716999965, 0.0 ], [ 118.720670861000031, -8.470189475999973, 0.0 ], [ 118.720692420000091, -8.470175027999971, 0.0 ], [ 118.720716394000078, -8.470162960999971, 0.0 ], [ 118.720735585000057, -8.470155700999953, 0.0 ], [ 118.720764375000044, -8.470146005999936, 0.0 ], [ 118.720807548000039, -8.470129068999938, 0.0 ], [ 118.720824315000073, -8.47011703499993, 0.0 ], [ 118.720848204000049, -8.470085830999949, 0.0 ], [ 118.720867329000043, -8.470064216999958, 0.0 ], [ 118.720888827000067, -8.470035413999938, 0.0 ], [ 118.720898361000081, -8.470018626999945, 0.0 ], [ 118.720913196000083, -8.470014212999956, 0.0 ], [ 118.720905517, -8.470006633999958, 0.0 ], [ 118.720890985000096, -8.469980383999939, 0.0 ], [ 118.720895672000097, -8.469954048999966, 0.0 ], [ 118.720907601000022, -8.469934858999977, 0.0 ], [ 118.720929182000077, -8.469925194999973, 0.0 ], [ 118.720948372000066, -8.469917932999977, 0.0 ], [ 118.720965181000111, -8.469915466999964, 0.0 ], [ 118.720986762000052, -8.46990580399995, 0.0 ], [ 118.721027566000089, -8.469896054999936, 0.0 ], [ 118.721044384000038, -8.469895980999979, 0.0 ], [ 118.721056356000076, -8.469886358999929, 0.0 ], [ 118.721058621000111, -8.469855250999956, 0.0 ], [ 118.721060917000045, -8.469831316999944, 0.0 ], [ 118.72106318200008, -8.46980020899997, 0.0 ], [ 118.721072717000084, -8.469783421999978, 0.0 ], [ 118.721084688000019, -8.469773799999928, 0.0 ], [ 118.721106260000056, -8.469761744999971, 0.0 ], [ 118.721127810000098, -8.469744902999935, 0.0 ], [ 118.721139716000039, -8.469720928999948, 0.0 ], [ 118.721149168000011, -8.469685003999928, 0.0 ], [ 118.721163509, -8.469668196999976, 0.0 ], [ 118.721177883000109, -8.469658563999928, 0.0 ], [ 118.721199475000049, -8.469651290999934, 0.0 ], [ 118.721230657000092, -8.469639193999967, 0.0 ], [ 118.721254663000082, -8.469634303999953, 0.0 ], [ 118.721271441000113, -8.469624659999965, 0.0 ], [ 118.721292989000062, -8.469607820999954, 0.0 ], [ 118.721312189000059, -8.469602950999956, 0.0 ], [ 118.72135541800003, -8.469597975999932, 0.0 ], [ 118.721372066000072, -8.469559626999967, 0.0 ], [ 118.721379168000112, -8.469535672999939, 0.0 ], [ 118.721391127000061, -8.469523660999926, 0.0 ], [ 118.721429433000026, -8.469492393999928, 0.0 ], [ 118.721443828000019, -8.469487544999936, 0.0 ], [ 118.721463017000019, -8.469480282999939, 0.0 ], [ 118.72148939300007, -8.469468204999941, 0.0 ], [ 118.721510966000096, -8.469456149999928, 0.0 ], [ 118.721539702000086, -8.469434493999927, 0.0 ], [ 118.721580515000028, -8.469427136999968, 0.0 ], [ 118.721597324000072, -8.469424670999956, 0.0 ], [ 118.721616503000064, -8.46941501699996, 0.0 ], [ 118.721633280000106, -8.469405374999951, 0.0 ], [ 118.721647621000102, -8.469388565999964, 0.0 ], [ 118.721657137000079, -8.469366993999927, 0.0 ], [ 118.721666693000088, -8.469354990999932, 0.0 ], [ 118.721678644, -8.469340584999941, 0.0 ], [ 118.721693038000012, -8.469335736999938, 0.0 ], [ 118.721736265000118, -8.46933076199997, 0.0 ], [ 118.721755519000112, -8.469337853999946, 0.0 ], [ 118.721581646000118, -8.469142036999926, 0.0 ], [ 118.721767244000034, -8.46892431699996, 0.0 ], [ 118.72201351800004, -8.468663765999963, 0.0 ], [ 118.722156285000096, -8.468471029999932, 0.0 ], [ 118.722224101000052, -8.468328261999943, 0.0 ], [ 118.722281208000027, -8.468171217999952, 0.0 ], [ 118.722327607000011, -8.468007034999971, 0.0 ], [ 118.722356161000107, -8.467874974999972, 0.0 ], [ 118.722320468000021, -8.467825005999941, 0.0 ], [ 118.722302623000019, -8.467767898999966, 0.0 ], [ 118.722299054000018, -8.467732206999926, 0.0 ], [ 118.722306192000019, -8.467685807999942, 0.0 ], [ 118.722327607000011, -8.467653684999959, 0.0 ], [ 118.722366868000108, -8.467614423999976, 0.0 ], [ 118.722395422000091, -8.467585869999937, 0.0 ], [ 118.722413268000082, -8.467564454999945, 0.0 ], [ 118.722459667000066, -8.467289626999957, 0.0 ], [ 118.722466805000067, -8.467032644999961, 0.0 ], [ 118.722488221000049, -8.466782801999955, 0.0 ], [ 118.722484651000059, -8.46655080499994, 0.0 ], [ 118.722473944000058, -8.466390190999959, 0.0 ], [ 118.722463237000056, -8.466290253999944, 0.0 ], [ 118.722448960000065, -8.466143916999954, 0.0 ], [ 118.722452528000076, -8.466015425999956, 0.0 ], [ 118.7224546650001, -8.465854856999954, 0.0 ], [ 118.722520344000031, -8.465687059999937, 0.0 ], [ 118.722509636000041, -8.465633521999962, 0.0 ], [ 118.722491790000049, -8.46557641499993, 0.0 ], [ 118.722509636000041, -8.465537154999936, 0.0 ], [ 118.722552467000014, -8.465519307999955, 0.0 ], [ 118.722577451, -8.465505031999953, 0.0 ], [ 118.722644248000051, -8.465334680999945, 0.0 ], [ 118.722761265000031, -8.465331251999942, 0.0 ], [ 118.722770653000111, -8.465280974999928, 0.0 ], [ 118.722861877000014, -8.46528400099993, 0.0 ], [ 118.722898054000098, -8.465285200999972, 0.0 ], [ 118.722919402000116, -8.465125267999952, 0.0 ], [ 118.722929995000072, -8.465046580999967, 0.0 ], [ 118.722956487000033, -8.464849794999964, 0.0 ], [ 118.723010112000111, -8.464451460999953, 0.0 ], [ 118.723013620000074, -8.464413924999974, 0.0 ], [ 118.722989073, -8.464411282999947, 0.0 ], [ 118.718809875000034, -8.46396146099994, 0.0 ], [ 118.717678832000047, -8.463970408999955, 0.0 ], [ 118.717307219000077, -8.463973348999957, 0.0 ], [ 118.716891185, -8.463956810999946, 0.0 ], [ 118.716321907000065, -8.463934180999956, 0.0 ], [ 118.716223403000072, -8.463930264999931, 0.0 ], [ 118.71613784300007, -8.463870834999966, 0.0 ], [ 118.716027024000027, -8.463804339999967, 0.0 ], [ 118.715990814000065, -8.463766222999936, 0.0 ], [ 118.715966449, -8.463689778999935, 0.0 ], [ 118.715932418000079, -8.46360141599996, 0.0 ], [ 118.71592385100007, -8.463541241999962, 0.0 ], [ 118.715915060000043, -8.463479489999941, 0.0 ], [ 118.71588818500004, -8.463379133999979, 0.0 ], [ 118.715880501000015, -8.463271518999932, 0.0 ], [ 118.715870265000035, -8.463130421999949, 0.0 ], [ 118.715889127000082, -8.463049004999959, 0.0 ], [ 118.715922680000062, -8.463029718999962, 0.0 ], [ 118.715978078000035, -8.46306057399994, 0.0 ], [ 118.716049989000112, -8.463021983999965, 0.0 ], [ 118.716102498000055, -8.462942809999959, 0.0 ], [ 118.716145036000057, -8.462782344999937, 0.0 ], [ 118.716180264000059, -8.46258725399997, 0.0 ], [ 118.716151441000079, -8.462589772999934, 0.0 ], [ 118.71612252400007, -8.462570760999938, 0.0 ], [ 118.716108013000053, -8.462549295999963, 0.0 ], [ 118.716076736000105, -8.462539862999961, 0.0 ], [ 118.716043142000103, -8.462549579999973, 0.0 ], [ 118.716012087000081, -8.462590384999942, 0.0 ], [ 118.715995470000053, -8.46263590999996, 0.0 ], [ 118.715974035000045, -8.462679063999929, 0.0 ], [ 118.715935615000035, -8.462684015999969, 0.0 ], [ 118.715904338000087, -8.462674584999945, 0.0 ], [ 118.715875442000083, -8.462660357999937, 0.0 ], [ 118.71584895, -8.462646121999967, 0.0 ], [ 118.715820033000114, -8.462627109999971, 0.0 ], [ 118.715788724000049, -8.462610501999961, 0.0 ], [ 118.715724953000063, -8.462588055999959, 0.0 ], [ 118.715710431000048, -8.462564197999939, 0.0 ], [ 118.715695824000022, -8.462521201999948, 0.0 ], [ 118.715695676000109, -8.462487711999927, 0.0 ], [ 118.715685896000082, -8.462449478999929, 0.0 ], [ 118.715681017000065, -8.462432753999963, 0.0 ], [ 118.715671332000056, -8.46241605199998, 0.0 ], [ 118.715654439000105, -8.462399379999965, 0.0 ], [ 118.715642310000021, -8.462373118999949, 0.0 ], [ 118.71563729200011, -8.46232529699995, 0.0 ], [ 118.715637165000089, -8.462296590999927, 0.0 ], [ 118.715637006000065, -8.462260707999974, 0.0 ], [ 118.715636921000055, -8.462241570999936, 0.0 ], [ 118.715634402000092, -8.462215267999966, 0.0 ], [ 118.715627110000014, -8.462196160999952, 0.0 ], [ 118.715600563000066, -8.462169962999951, 0.0 ], [ 118.715578845000095, -8.462148529999979, 0.0 ], [ 118.715559581000093, -8.462139044999958, 0.0 ], [ 118.715537905000019, -8.462127178999935, 0.0 ], [ 118.71552340300002, -8.462108103999981, 0.0 ], [ 118.715523286, -8.462081790999946, 0.0 ], [ 118.715530410000042, -8.462062620999973, 0.0 ], [ 118.715537533000088, -8.462043452999978, 0.0 ], [ 118.715537438000069, -8.462021922999952, 0.0 ], [ 118.715525297000113, -8.461993269999937, 0.0 ], [ 118.715513189000035, -8.461971792999975, 0.0 ], [ 118.715510648000077, -8.461940704999961, 0.0 ], [ 118.715512935000106, -8.461914379999939, 0.0 ], [ 118.715505611000026, -8.461888098999964, 0.0 ], [ 118.715462199000058, -8.461851209999963, 0.0 ], [ 118.71543332300007, -8.461841766999953, 0.0 ], [ 118.71539481800005, -8.461827582999945, 0.0 ], [ 118.715365954000049, -8.46182053299998, 0.0 ], [ 118.715339515000096, -8.461818256999948, 0.0 ], [ 118.715301040000099, -8.461811248999936, 0.0 ], [ 118.715269763000038, -8.461801817999969, 0.0 ], [ 118.715238455000076, -8.46178520899997, 0.0 ], [ 118.715207147000115, -8.461768599999971, 0.0 ], [ 118.715180663000069, -8.461756755999943, 0.0 ], [ 118.715154129000098, -8.461732949999941, 0.0 ], [ 118.715130017000092, -8.46171391799993, 0.0 ], [ 118.715115474000072, -8.461685274999979, 0.0 ], [ 118.715093702000104, -8.461651879999977, 0.0 ], [ 118.715076820000036, -8.46163760099995, 0.0 ], [ 118.715040770000087, -8.461635366999928, 0.0 ], [ 118.715002327000093, -8.461635534999971, 0.0 ], [ 118.714975898000034, -8.461635650999938, 0.0 ], [ 118.714956708000045, -8.461642911999945, 0.0 ], [ 118.714935180000111, -8.461664535999944, 0.0 ], [ 118.714921565000054, -8.461675174999925, 0.0 ], [ 118.714913630000069, -8.461681375999945, 0.0 ], [ 118.714894409000067, -8.461681460999955, 0.0 ], [ 118.714877548000118, -8.461671964999937, 0.0 ], [ 118.714848726000014, -8.461674483999957, 0.0 ], [ 118.714824795000027, -8.461696118999953, 0.0 ], [ 118.7147984180001, -8.461708195999961, 0.0 ], [ 118.714769555000089, -8.461701145999939, 0.0 ], [ 118.71474781400002, -8.461674926999933, 0.0 ], [ 118.714716528000054, -8.461663103999967, 0.0 ], [ 118.714673269000059, -8.461660900999959, 0.0 ], [ 118.714644394000061, -8.461651457999949, 0.0 ], [ 118.714627449000091, -8.461622825999939, 0.0 ], [ 118.714621661000024, -8.461600199999964, 0.0 ], [ 118.714617669000063, -8.46158459399993, 0.0 ], [ 118.71461518000001, -8.46153267699998, 0.0 ], [ 118.714506485000015, -8.461531783999931, 0.0 ], [ 118.71448358400005, -8.461531595999929, 0.0 ], [ 118.71444313500001, -8.461512634999963, 0.0 ], [ 118.71441221200007, -8.461474494999948, 0.0 ], [ 118.714410042000054, -8.461471704999951, 0.0 ], [ 118.71434841700011, -8.461392481999951, 0.0 ], [ 118.714290499000072, -8.461335322999957, 0.0 ], [ 118.714278848000049, -8.461308581999958, 0.0 ], [ 118.714309213000092, -8.461220414999957, 0.0 ], [ 118.714319423, -8.461197553999966, 0.0 ], [ 118.714262674000111, -8.461178276999931, 0.0 ], [ 118.714224189000106, -8.461168876999977, 0.0 ], [ 118.71416406000003, -8.461154786999941, 0.0 ], [ 118.714132783000082, -8.461145354999928, 0.0 ], [ 118.714101538000023, -8.461143098999969, 0.0 ], [ 118.714053368, -8.461116996999976, 0.0 ], [ 118.714014778000092, -8.461083674999941, 0.0 ], [ 118.713980982000066, -8.461047938999968, 0.0 ], [ 118.713947197000039, -8.461014596999973, 0.0 ], [ 118.713911040000085, -8.460988439999937, 0.0 ], [ 118.713870099000019, -8.46096708999994, 0.0 ], [ 118.713826767000114, -8.46094814199995, 0.0 ], [ 118.713788293000107, -8.460941133999938, 0.0 ], [ 118.713740155000096, -8.460922206999953, 0.0 ], [ 118.713701575000073, -8.460891277999963, 0.0 ], [ 118.713694251000106, -8.460864994999952, 0.0 ], [ 118.713648506000027, -8.46084366599996, 0.0 ], [ 118.713600230000111, -8.460793640999952, 0.0 ], [ 118.713624173000085, -8.460774397999955, 0.0 ], [ 118.713640917000021, -8.46075757899996, 0.0 ], [ 118.713648008000064, -8.460731232999933, 0.0 ], [ 118.713647850000029, -8.46069534999998, 0.0 ], [ 118.713630883000064, -8.460661933999972, 0.0 ], [ 118.713613969000107, -8.460640477999959, 0.0 ], [ 118.713580237000087, -8.460619095999959, 0.0 ], [ 118.713544187000025, -8.460616861999938, 0.0 ], [ 118.713481664000028, -8.460605173999966, 0.0 ], [ 118.713450345000069, -8.460586173999957, 0.0 ], [ 118.713418995000097, -8.460559996999962, 0.0 ], [ 118.713418889000081, -8.460536074999936, 0.0 ], [ 118.713430529000107, -8.460510427999964, 0.0 ], [ 118.713453044000062, -8.460385932999941, 0.0 ], [ 118.713464205000037, -8.460301676999961, 0.0 ], [ 118.713481157000047, -8.460223138999936, 0.0 ], [ 118.713486939000063, -8.460208293999926, 0.0 ], [ 118.713468877000082, -8.460203535999938, 0.0 ], [ 118.713425470000061, -8.460167842999965, 0.0 ], [ 118.71342271900005, -8.460088911999947, 0.0 ], [ 118.713422539000021, -8.460048244999939, 0.0 ], [ 118.71340771000007, -8.459955013999945, 0.0 ], [ 118.713381065000021, -8.459906089999947, 0.0 ], [ 118.713356891000103, -8.459872703999963, 0.0 ], [ 118.713318289000085, -8.459836990999975, 0.0 ], [ 118.713289373000066, -8.459817978999979, 0.0 ], [ 118.713217315000065, -8.459823079999978, 0.0 ], [ 118.713166965000028, -8.459847221999951, 0.0 ], [ 118.713118870000017, -8.459837863999951, 0.0 ], [ 118.713121135000051, -8.459806754999931, 0.0 ], [ 118.713140144000022, -8.459758826999973, 0.0 ], [ 118.713139986000101, -8.459722944999953, 0.0 ], [ 118.713139827000077, -8.459687061999944, 0.0 ], [ 118.713120437000043, -8.459648871999946, 0.0 ], [ 118.713098728000091, -8.459629828999937, 0.0 ], [ 118.713091363000103, -8.45959397799993, 0.0 ], [ 118.71309349, -8.459531770999945, 0.0 ], [ 118.713093363000098, -8.459503063999932, 0.0 ], [ 118.713102774000049, -8.459457570999973, 0.0 ], [ 118.713100202000078, -8.459419306999962, 0.0 ], [ 118.713073635000114, -8.459388323999974, 0.0 ], [ 118.713035245000015, -8.459400452999944, 0.0 ], [ 118.712987330000033, -8.459431761999952, 0.0 ], [ 118.71292753900002, -8.459494221999933, 0.0 ], [ 118.712891731000013, -8.459547007999959, 0.0 ], [ 118.712855829000091, -8.459578263999958, 0.0 ], [ 118.712793435000094, -8.459595281999952, 0.0 ], [ 118.712750239000115, -8.459607431999927, 0.0 ], [ 118.712670952000053, -8.459607779999942, 0.0 ], [ 118.712627673000043, -8.459600793999925, 0.0 ], [ 118.712593888000015, -8.459567449999952, 0.0 ], [ 118.712581642000032, -8.459514874999968, 0.0 ], [ 118.712576667, -8.459476620999965, 0.0 ], [ 118.712562061000085, -8.459433624999974, 0.0 ], [ 118.712533103000055, -8.459405044999926, 0.0 ], [ 118.712504154000044, -8.459378856999933, 0.0 ], [ 118.712496830000077, -8.459352574999969, 0.0 ], [ 118.712499096000101, -8.459321465999949, 0.0 ], [ 118.712503753000078, -8.459287953999933, 0.0 ], [ 118.712457196000059, -8.459286962999954, 0.0 ], [ 118.712436266000054, -8.459307985999942, 0.0 ], [ 118.712382232000095, -8.459314202999963, 0.0 ], [ 118.712318978000098, -8.459272616999954, 0.0 ], [ 118.712288760000092, -8.459230883999965, 0.0 ], [ 118.712270476000072, -8.459171158999936, 0.0 ], [ 118.712237216000062, -8.45912046899997, 0.0 ], [ 118.712198106000073, -8.459105689999944, 0.0 ], [ 118.712153123, -8.459120837999933, 0.0 ], [ 118.712090145000047, -8.459142045999954, 0.0 ], [ 118.712067653000076, -8.459146863999933, 0.0 ], [ 118.712033136000059, -8.459154256999966, 0.0 ], [ 118.711958159, -8.459178506999933, 0.0 ], [ 118.71188607900001, -8.459178822999945, 0.0 ], [ 118.711832020000088, -8.45917905899995, 0.0 ], [ 118.711792977000073, -8.459179229999961, 0.0 ], [ 118.711738852000053, -8.45916451599993, 0.0 ], [ 118.711675728000046, -8.459152829999937, 0.0 ], [ 118.711627571, -8.459129118999954, 0.0 ], [ 118.711612408000065, -8.459096292999959, 0.0 ], [ 118.71159723400001, -8.459060474999944, 0.0 ], [ 118.711572753000041, -8.459028801999978, 0.0 ], [ 118.711548706000031, -8.458953036999958, 0.0 ], [ 118.711545543000057, -8.458917167999971, 0.0 ], [ 118.711543512000048, -8.458874934999926, 0.0 ], [ 118.711542237000117, -8.458848405999959, 0.0 ], [ 118.711538065000013, -8.45881762199997, 0.0 ], [ 118.711467061, -8.458827803999952, 0.0 ], [ 118.711437754000031, -8.458827930999973, 0.0 ], [ 118.71141900900011, -8.458828012999959, 0.0 ], [ 118.711346890000073, -8.458819357999971, 0.0 ], [ 118.711283834000028, -8.458822624999925, 0.0 ], [ 118.711214758000096, -8.458822926999972, 0.0 ], [ 118.711184566000043, -8.45878717599993, 0.0 ], [ 118.711184434000074, -8.458757273999936, 0.0 ], [ 118.711199429000089, -8.458722009999974, 0.0 ], [ 118.711220104000063, -8.458673388999955, 0.0 ], [ 118.711213953000083, -8.458640522999929, 0.0 ], [ 118.711210672000107, -8.458577741999932, 0.0 ], [ 118.711210328000107, -8.458499994999954, 0.0 ], [ 118.711210077000032, -8.45844318099995, 0.0 ], [ 118.711209840000038, -8.45838935699993, 0.0 ], [ 118.711221437000063, -8.458333294999932, 0.0 ], [ 118.711405779000074, -8.458333298999946, 0.0 ], [ 118.711437673000091, -8.458295815999975, 0.0 ], [ 118.711473555000111, -8.458259775999977, 0.0 ], [ 118.711503394000033, -8.458215786999972, 0.0 ], [ 118.71151924500009, -8.458177840999952, 0.0 ], [ 118.711534954000058, -8.458107998999935, 0.0 ], [ 118.711546677000115, -8.45804216099998, 0.0 ], [ 118.711562457000014, -8.457988267999951, 0.0 ], [ 118.711566171000072, -8.457922464999967, 0.0 ], [ 118.711575953000079, -8.45787059099996, 0.0 ], [ 118.711606899000117, -8.45785316599995, 0.0 ], [ 118.711611710000057, -8.457818307999958, 0.0 ], [ 118.711619944000063, -8.457758647999981, 0.0 ], [ 118.711623907000103, -8.457708644999968, 0.0 ], [ 118.711629957000014, -8.457632294999939, 0.0 ], [ 118.711632532000067, -8.457562431999975, 0.0 ], [ 118.711626479000074, -8.457523496999954, 0.0 ], [ 118.711662158000081, -8.457441606999964, 0.0 ], [ 118.711747159000083, -8.457417205999946, 0.0 ], [ 118.711886659000015, -8.457450085999938, 0.0 ], [ 118.711958823000032, -8.457468907999953, 0.0 ], [ 118.712055034000059, -8.45749240899994, 0.0 ], [ 118.712134363000018, -8.457501630999957, 0.0 ], [ 118.712247403000106, -8.457527450999976, 0.0 ], [ 118.712302695000062, -8.457534384999974, 0.0 ], [ 118.71230008200007, -8.457486552999967, 0.0 ], [ 118.712304507000113, -8.457400412999959, 0.0 ], [ 118.712323379000054, -8.457321386999979, 0.0 ], [ 118.712346973000081, -8.457223202999955, 0.0 ], [ 118.712346603000015, -8.457139476999942, 0.0 ], [ 118.712305621000041, -8.45710855699997, 0.0 ], [ 118.712288958000045, -8.457077629999958, 0.0 ], [ 118.712233804000107, -8.457101792999936, 0.0 ], [ 118.712176182, -8.457111613999928, 0.0 ], [ 118.712092344000098, -8.457169394999937, 0.0 ], [ 118.712032373000056, -8.457191186999978, 0.0 ], [ 118.712003288, -8.457133900999963, 0.0 ], [ 118.712019337000015, -8.457072441999969, 0.0 ], [ 118.712024552000116, -8.45705247199993, 0.0 ], [ 118.712065186000018, -8.457004449999943, 0.0 ], [ 118.712109140000052, -8.456997519999959, 0.0 ], [ 118.712127613, -8.456994607999945, 0.0 ], [ 118.712134716000037, -8.456976182999938, 0.0 ], [ 118.712144240000043, -8.456951474999926, 0.0 ], [ 118.712122343000033, -8.456889372999967, 0.0 ], [ 118.712165526000035, -8.456874830999936, 0.0 ], [ 118.712199227000042, -8.45688903599995, 0.0 ], [ 118.712232091000033, -8.456888892999928, 0.0 ], [ 118.712244876000113, -8.456888836999951, 0.0 ], [ 118.712253832000101, -8.456859853999958, 0.0 ], [ 118.712256720000028, -8.456850508999935, 0.0 ], [ 118.712232525000104, -8.456812338999953, 0.0 ], [ 118.712268438000024, -8.456783475999941, 0.0 ], [ 118.712297121, -8.456749858999956, 0.0 ], [ 118.712294571000029, -8.456716378999943, 0.0 ], [ 118.712272694000035, -8.456659061999972, 0.0 ], [ 118.712250869000059, -8.456613703999949, 0.0 ], [ 118.712207612000043, -8.45661150199993, 0.0 ], [ 118.712142677000088, -8.456597432999956, 0.0 ], [ 118.712125658000105, -8.456552054999975, 0.0 ], [ 118.712161529000014, -8.456513621999932, 0.0 ], [ 118.712219002000097, -8.456470310999975, 0.0 ], [ 118.712261953000052, -8.456403140999953, 0.0 ], [ 118.712324337000041, -8.45638372999997, 0.0 ], [ 118.712374718000092, -8.456366762999949, 0.0 ], [ 118.712387368, -8.456356365999966, 0.0 ], [ 118.712401052000018, -8.456345117999945, 0.0 ], [ 118.712415204000081, -8.456285249999951, 0.0 ], [ 118.712419809000039, -8.45623977799994, 0.0 ], [ 118.71238840500007, -8.456201639999961, 0.0 ], [ 118.712357927000085, -8.456194194999966, 0.0 ], [ 118.712321058000043, -8.456185188999939, 0.0 ], [ 118.712275281000075, -8.456156682999961, 0.0 ], [ 118.712260518000107, -8.456078042999934, 0.0 ], [ 118.712286694000113, -8.456020514999977, 0.0 ], [ 118.712300930000083, -8.455979785999943, 0.0 ], [ 118.712286532, -8.455847877999929, 0.0 ], [ 118.712242184000047, -8.455780291999929, 0.0 ], [ 118.712197837000076, -8.455712705999929, 0.0 ], [ 118.71220939400007, -8.455645782999966, 0.0 ], [ 118.712209551000115, -8.455644875999951, 0.0 ], [ 118.712208238000017, -8.455644169999971, 0.0 ], [ 118.712165398000025, -8.455621145999942, 0.0 ], [ 118.712137032000101, -8.455545516999962, 0.0 ], [ 118.712137281000082, -8.455545166999968, 0.0 ], [ 118.712176830000089, -8.455489523999972, 0.0 ], [ 118.712264944000026, -8.455493124999975, 0.0 ], [ 118.712300860000028, -8.455465058999948, 0.0 ], [ 118.712224390000074, -8.45537767899998, 0.0 ], [ 118.712139910000019, -8.455290332999937, 0.0 ], [ 118.712063528000044, -8.45522288799998, 0.0 ], [ 118.712039220000065, -8.455159201999948, 0.0 ], [ 118.712022798000021, -8.455067571999962, 0.0 ], [ 118.711954758000047, -8.455075842999975, 0.0 ], [ 118.711898856000062, -8.455111970999951, 0.0 ], [ 118.711814711000102, -8.455100377999941, 0.0 ], [ 118.711738364000098, -8.455040906999955, 0.0 ], [ 118.711701973000118, -8.454961324999942, 0.0 ], [ 118.71159469700001, -8.454843690999951, 0.0 ], [ 118.71159332700006, -8.454842188999976, 0.0 ], [ 118.711496765000106, -8.454738948999932, 0.0 ], [ 118.711487448000071, -8.454647289999969, 0.0 ], [ 118.711484207000012, -8.45461540499997, 0.0 ], [ 118.711548048000054, -8.454563293999968, 0.0 ], [ 118.711555600000111, -8.454459597999971, 0.0 ], [ 118.711543094000035, -8.454348014999937, 0.0 ], [ 118.71148745500011, -8.454035547999979, 0.0 ], [ 118.711461776000078, -8.454024176999951, 0.0 ], [ 118.711448856000061, -8.453999991999979, 0.0 ], [ 118.71143070200003, -8.453951588999928, 0.0 ], [ 118.711420209000039, -8.45389677299994, 0.0 ], [ 118.71142260900001, -8.453859763999958, 0.0 ], [ 118.711422445000039, -8.453822764999927, 0.0 ], [ 118.711440199000094, -8.453780583999958, 0.0 ], [ 118.711434899000096, -8.453741054999966, 0.0 ], [ 118.711432144000014, -8.453697687999977, 0.0 ], [ 118.7114409510001, -8.453660649999961, 0.0 ], [ 118.711466506000079, -8.453643951999936, 0.0 ], [ 118.711503525000012, -8.453611892999959, 0.0 ], [ 118.711518801000011, -8.453588861999947, 0.0 ], [ 118.711527613000044, -8.453553098999976, 0.0 ], [ 118.711559519000048, -8.453523614999938, 0.0 ], [ 118.711586327000077, -8.453500531999964, 0.0 ], [ 118.711602833000029, -8.453466011999978, 0.0 ], [ 118.711650199000019, -8.453455597999948, 0.0 ], [ 118.711689978000095, -8.453468182999927, 0.0 ], [ 118.711710492000066, -8.453470644999982, 0.0 ], [ 118.711715937, -8.453466168999967, 0.0 ] ] ], [ [ [ 118.696329655000113, -8.449925660999952, 0.0 ], [ 118.695796398000084, -8.449756623999974, 0.0 ], [ 118.69679391000011, -8.44933104699993, 0.0 ], [ 118.69708067800002, -8.449142725999934, 0.0 ], [ 118.697291290000067, -8.448974297999939, 0.0 ], [ 118.697481647000018, -8.44870779799993, 0.0 ], [ 118.698447077000083, -8.446054011999934, 0.0 ], [ 118.698447602000101, -8.44605422199993, 0.0 ], [ 118.698448900000017, -8.446054741999944, 0.0 ], [ 118.698606992, -8.446118009999964, 0.0 ], [ 118.698682979000068, -8.446183036999969, 0.0 ], [ 118.698719836, -8.44633031099994, 0.0 ], [ 118.698720018000017, -8.446331036999936, 0.0 ], [ 118.69870701900004, -8.446492, 0.0 ], [ 118.698630023000078, -8.446704980999925, 0.0 ], [ 118.698630002000073, -8.446705037999948, 0.0 ], [ 118.698630980000075, -8.446842978999939, 0.0 ], [ 118.698668763000114, -8.447095376999926, 0.0 ], [ 118.698669007000035, -8.447097009999936, 0.0 ], [ 118.69860699700007, -8.447436989999972, 0.0 ], [ 118.698454034000065, -8.447987989999945, 0.0 ], [ 118.698404651000033, -8.448186736999958, 0.0 ], [ 118.698402187000056, -8.448196653999958, 0.0 ], [ 118.698373032000063, -8.448313989999974, 0.0 ], [ 118.698373019000087, -8.448314040999946, 0.0 ], [ 118.698373025000024, -8.448315430999969, 0.0 ], [ 118.698373026000013, -8.448315631999947, 0.0 ], [ 118.698373032000063, -8.448317023999948, 0.0 ], [ 118.698388879000049, -8.448468332999937, 0.0 ], [ 118.6984179640001, -8.448746032999964, 0.0 ], [ 118.698456012000065, -8.449261987999932, 0.0 ], [ 118.698456015000033, -8.449262033999958, 0.0 ], [ 118.698456546000102, -8.449267232999944, 0.0 ], [ 118.698467236000056, -8.449371863999943, 0.0 ], [ 118.698471035000011, -8.449409044999982, 0.0 ], [ 118.698486794000019, -8.449449485999935, 0.0 ], [ 118.69848683500004, -8.449449591999951, 0.0 ], [ 118.69849238300003, -8.449463829999956, 0.0 ], [ 118.698546992000047, -8.449603971999977, 0.0 ], [ 118.698683994000021, -8.449785979999945, 0.0 ], [ 118.698710866000056, -8.449814062999963, 0.0 ], [ 118.698816846000113, -8.449924824999925, 0.0 ], [ 118.698816990000068, -8.449924974999931, 0.0 ], [ 118.698803479000048, -8.450191477999965, 0.0 ], [ 118.698789969000018, -8.450457981999932, 0.0 ], [ 118.698700025000107, -8.450677041999938, 0.0 ], [ 118.698651565000091, -8.450661680999929, 0.0 ], [ 118.696329655000113, -8.449925660999952, 0.0 ] ] ] ] } },
{ "type": "Feature", "properties": { "nm_kecamatan": "Rasanae Timur" }, "geometry": { "type": "MultiPolygon", "coordinates": [ [ [ [ 118.824886945000117, -8.506690822999929, 0.0 ], [ 118.824946493000084, -8.507893313999944, 0.0 ], [ 118.824980842000059, -8.508586948999948, 0.0 ], [ 118.825028469000017, -8.509548709999933, 0.0 ], [ 118.825028489000033, -8.509549118999928, 0.0 ], [ 118.82503404900001, -8.509661386999937, 0.0 ], [ 118.824584615000049, -8.510381944999949, 0.0 ], [ 118.823984874000075, -8.511555194999971, 0.0 ], [ 118.823619506000114, -8.512493276999976, 0.0 ], [ 118.823203348000106, -8.51375263999995, 0.0 ], [ 118.822990512000047, -8.514509548999968, 0.0 ], [ 118.822559666000075, -8.515909205999947, 0.0 ], [ 118.822152469000116, -8.517125219999969, 0.0 ], [ 118.821886495000058, -8.517793845999961, 0.0 ], [ 118.821663416000092, -8.518354637999948, 0.0 ], [ 118.821247287, -8.519173904999946, 0.0 ], [ 118.821160668000061, -8.519344437999962, 0.0 ], [ 118.821083504000057, -8.519496355999934, 0.0 ], [ 118.821001613000021, -8.519657580999933, 0.0 ], [ 118.820897228000035, -8.51986309199998, 0.0 ], [ 118.820430950000059, -8.520801646999928, 0.0 ], [ 118.819596034000028, -8.52200935999997, 0.0 ], [ 118.818861259000073, -8.522788333999927, 0.0 ], [ 118.818304986000044, -8.523249495999949, 0.0 ], [ 118.818295127000056, -8.523256970999967, 0.0 ], [ 118.818123088000107, -8.523387407999962, 0.0 ], [ 118.817252097000051, -8.524093695999966, 0.0 ], [ 118.8161793270001, -8.52476756599998, 0.0 ], [ 118.815005494000047, -8.525408454999933, 0.0 ], [ 118.812557704000028, -8.526857858999961, 0.0 ], [ 118.811384173000079, -8.527565640999967, 0.0 ], [ 118.810110523000048, -8.528441054999973, 0.0 ], [ 118.809273513000107, -8.52921407499997, 0.0 ], [ 118.808267132000083, -8.529720360999931, 0.0 ], [ 118.807595799000069, -8.529957650999961, 0.0 ], [ 118.80605076300003, -8.530332634999979, 0.0 ], [ 118.804976290000013, -8.53067206299994, 0.0 ], [ 118.80390206300001, -8.53104493799998, 0.0 ], [ 118.802693797000074, -8.531518698999946, 0.0 ], [ 118.802090513000053, -8.531956284999978, 0.0 ], [ 118.801623280000058, -8.532198751999942, 0.0 ], [ 118.801312430000053, -8.532360064999978, 0.0 ], [ 118.800424820000103, -8.530799444999957, 0.0 ], [ 118.797989026000096, -8.526933936999967, 0.0 ], [ 118.797149366000099, -8.52573025099997, 0.0 ], [ 118.796754700000065, -8.524810920999926, 0.0 ], [ 118.79653007200011, -8.524369175999936, 0.0 ], [ 118.796331742, -8.523204091999958, 0.0 ], [ 118.796012442, -8.521552502999953, 0.0 ], [ 118.795837679000101, -8.52037396299994, 0.0 ], [ 118.795721679000053, -8.518784324999956, 0.0 ], [ 118.795051826000076, -8.517546997999943, 0.0 ], [ 118.794939274000058, -8.517447386999947, 0.0 ], [ 118.794384994000097, -8.516956832999938, 0.0 ], [ 118.792856498000106, -8.515784026999938, 0.0 ], [ 118.791143071000079, -8.514538020999964, 0.0 ], [ 118.790147757000113, -8.513863049999941, 0.0 ], [ 118.790143470000089, -8.513860141999942, 0.0 ], [ 118.790118469000049, -8.513843187999953, 0.0 ], [ 118.787874152000086, -8.51443536599993, 0.0 ], [ 118.78485759900002, -8.514449232999937, 0.0 ], [ 118.783786995000014, -8.514272440999946, 0.0 ], [ 118.782728665000036, -8.513368177999951, 0.0 ], [ 118.782261156000118, -8.512690992999978, 0.0 ], [ 118.781754184000079, -8.512340066999968, 0.0 ], [ 118.781069725000066, -8.512003538999977, 0.0 ], [ 118.78060511000001, -8.51195132099997, 0.0 ], [ 118.779854623, -8.512104210999951, 0.0 ], [ 118.779445706000047, -8.512282708999976, 0.0 ], [ 118.779364449000013, -8.512432532999981, 0.0 ], [ 118.779187589000117, -8.512582794999958, 0.0 ], [ 118.778915310000116, -8.512774253999964, 0.0 ], [ 118.778574241000115, -8.512857333999932, 0.0 ], [ 118.778356658, -8.513062128999934, 0.0 ], [ 118.778590784000016, -8.513482242999942, 0.0 ], [ 118.77885204200004, -8.513861471999974, 0.0 ], [ 118.778772604000096, -8.514405298999975, 0.0 ], [ 118.77861090600004, -8.514881569999943, 0.0 ], [ 118.778475582000056, -8.515153921999968, 0.0 ], [ 118.778122609000093, -8.515617481999925, 0.0 ], [ 118.777714629000116, -8.515999773999965, 0.0 ], [ 118.77718372400011, -8.516382626999928, 0.0 ], [ 118.776747986000032, -8.516669939999929, 0.0 ], [ 118.77618920000009, -8.516930639999941, 0.0 ], [ 118.775588061, -8.516892628999926, 0.0 ], [ 118.775068306000094, -8.516731963999973, 0.0 ], [ 118.774821147000011, -8.516447773999971, 0.0 ], [ 118.774698437000097, -8.516037695999955, 0.0 ], [ 118.774503319000019, -8.515385640999966, 0.0 ], [ 118.774488222000059, -8.515335190999963, 0.0 ], [ 118.774417740000104, -8.514859980999972, 0.0 ], [ 118.774047350000046, -8.514508418999981, 0.0 ], [ 118.773282695000034, -8.514552668999954, 0.0 ], [ 118.772735071000056, -8.514725397999939, 0.0 ], [ 118.772066183000106, -8.514854597999943, 0.0 ], [ 118.77167897400011, -8.51495108599994, 0.0 ], [ 118.77145560800011, -8.515006746999973, 0.0 ], [ 118.770685865000019, -8.515198557999952, 0.0 ], [ 118.769643511000027, -8.515227424999978, 0.0 ], [ 118.767104623000023, -8.51435979699994, 0.0 ], [ 118.766996775000052, -8.514322940999932, 0.0 ], [ 118.766048408000074, -8.513700152999945, 0.0 ], [ 118.765608704000101, -8.513261942999975, 0.0 ], [ 118.765270178000037, -8.51292456699997, 0.0 ], [ 118.765159701000016, -8.512814464999963, 0.0 ], [ 118.764815288000023, -8.51292456699997, 0.0 ], [ 118.764380902000084, -8.513063431999967, 0.0 ], [ 118.76251772, -8.513659053999959, 0.0 ], [ 118.762058231000083, -8.513805943999955, 0.0 ], [ 118.761399102000041, -8.514016654999978, 0.0 ], [ 118.761240014, -8.51406751199994, 0.0 ], [ 118.760897371000056, -8.514177047999965, 0.0 ], [ 118.760591546000114, -8.514274813999975, 0.0 ], [ 118.760213801000077, -8.514395571999955, 0.0 ], [ 118.759973261000027, -8.515429903999973, 0.0 ], [ 118.759288979000075, -8.514982557999929, 0.0 ], [ 118.759085585000093, -8.514913092999961, 0.0 ], [ 118.758513711000091, -8.514717780999945, 0.0 ], [ 118.758088024000017, -8.514585807999936, 0.0 ], [ 118.757850327000028, -8.514512115999935, 0.0 ], [ 118.757220539000059, -8.514233908999927, 0.0 ], [ 118.756811262000042, -8.514086827999961, 0.0 ], [ 118.756480858000032, -8.513730416999977, 0.0 ], [ 118.756546402000026, -8.51306380799997, 0.0 ], [ 118.756814207000048, -8.512668441999949, 0.0 ], [ 118.756929430000014, -8.512301356999956, 0.0 ], [ 118.757067361000054, -8.511687120999966, 0.0 ], [ 118.757338362000041, -8.511152460999938, 0.0 ], [ 118.757602588000054, -8.510759968999935, 0.0 ], [ 118.757895176000034, -8.510404628999936, 0.0 ], [ 118.7581169770001, -8.510135257999934, 0.0 ], [ 118.758014252000066, -8.509686848999934, 0.0 ], [ 118.758164154000042, -8.508346913999958, 0.0 ], [ 118.758161561000065, -8.508010959999979, 0.0 ], [ 118.758151042, -8.506648110999947, 0.0 ], [ 118.75814330500009, -8.505645625999932, 0.0 ], [ 118.758143146000066, -8.505625104999979, 0.0 ], [ 118.7581451100001, -8.505595605999929, 0.0 ], [ 118.758150937000096, -8.505354171999954, 0.0 ], [ 118.758946291000029, -8.50495747399998, 0.0 ], [ 118.7590479160001, -8.504551398999979, 0.0 ], [ 118.758929501000011, -8.504225676999965, 0.0 ], [ 118.759020267000096, -8.504022747999954, 0.0 ], [ 118.758915880000018, -8.503777228999979, 0.0 ], [ 118.758876250000071, -8.503466178999929, 0.0 ], [ 118.75889139200001, -8.503233643999977, 0.0 ], [ 118.758837900000117, -8.50299847499997, 0.0 ], [ 118.758830793000016, -8.502967227999932, 0.0 ], [ 118.758887820000041, -8.502779180999937, 0.0 ], [ 118.758985708000068, -8.502351810999926, 0.0 ], [ 118.758955791000062, -8.502069914999936, 0.0 ], [ 118.758643965000033, -8.501945173999957, 0.0 ], [ 118.758210175000045, -8.501779083999963, 0.0 ], [ 118.758114055000078, -8.501742281999952, 0.0 ], [ 118.757702272000074, -8.501674305999927, 0.0 ], [ 118.757153454000104, -8.501943773999926, 0.0 ], [ 118.75660463600002, -8.502213241999925, 0.0 ], [ 118.756597639, -8.501975817999949, 0.0 ], [ 118.756606129000033, -8.501711581999928, 0.0 ], [ 118.75660382, -8.501466899999969, 0.0 ], [ 118.756601489000104, -8.501219935999927, 0.0 ], [ 118.756684709000069, -8.500701444999947, 0.0 ], [ 118.756564745000105, -8.499842463999926, 0.0 ], [ 118.756560119000028, -8.499812529999929, 0.0 ], [ 118.756435485000111, -8.499093392999953, 0.0 ], [ 118.756423294000115, -8.499014736999925, 0.0 ], [ 118.756418401000019, -8.498983163999981, 0.0 ], [ 118.756543899, -8.49846236999997, 0.0 ], [ 118.756554989000051, -8.498444497999969, 0.0 ], [ 118.756615263000072, -8.497811200999934, 0.0 ], [ 118.756612827000026, -8.497794215999932, 0.0 ], [ 118.756528198000069, -8.49740183199998, 0.0 ], [ 118.756319917000042, -8.497103341999946, 0.0 ], [ 118.75630582000008, -8.497091687999955, 0.0 ], [ 118.756273512, -8.49704219299997, 0.0 ], [ 118.755827861000057, -8.496742691999941, 0.0 ], [ 118.755774274000032, -8.496721516999969, 0.0 ], [ 118.755583030000025, -8.496397214999945, 0.0 ], [ 118.755560062000086, -8.496358266999948, 0.0 ], [ 118.755550335000066, -8.49630314999996, 0.0 ], [ 118.755545086000097, -8.496273404999954, 0.0 ], [ 118.755540967000115, -8.49625006499997, 0.0 ], [ 118.755533225000022, -8.496206197999982, 0.0 ], [ 118.755539316000068, -8.495875867999928, 0.0 ], [ 118.755515090000017, -8.49570233399993, 0.0 ], [ 118.755498850000095, -8.495586, 0.0 ], [ 118.75548690800008, -8.495500454999956, 0.0 ], [ 118.755651399000044, -8.495388226999978, 0.0 ], [ 118.755898451, -8.495042961999957, 0.0 ], [ 118.756082375, -8.49481130099997, 0.0 ], [ 118.756199769000091, -8.494663437999975, 0.0 ], [ 118.756456113000013, -8.494389719999958, 0.0 ], [ 118.756934623, -8.49367366499996, 0.0 ], [ 118.756821387000059, -8.493448557999955, 0.0 ], [ 118.756598494000059, -8.493038478999949, 0.0 ], [ 118.756461087000048, -8.492529807999972, 0.0 ], [ 118.756410431000063, -8.492212675999951, 0.0 ], [ 118.756272091000028, -8.491899444999945, 0.0 ], [ 118.756225854000036, -8.491794754999944, 0.0 ], [ 118.75614001100007, -8.491658368999936, 0.0 ], [ 118.755958706000115, -8.491370313999937, 0.0 ], [ 118.755675401000076, -8.490993380999953, 0.0 ], [ 118.755666477000091, -8.490981506999958, 0.0 ], [ 118.755462931000011, -8.49083462599998, 0.0 ], [ 118.755744486000026, -8.490245060999939, 0.0 ], [ 118.755830655000068, -8.490066814999977, 0.0 ], [ 118.755926827000053, -8.489818254999932, 0.0 ], [ 118.755930010000043, -8.489803021999933, 0.0 ], [ 118.75593746800007, -8.489782282999954, 0.0 ], [ 118.755940051000039, -8.489772716999937, 0.0 ], [ 118.755993943000021, -8.489573127999961, 0.0 ], [ 118.756032788000084, -8.489464644999941, 0.0 ], [ 118.756031777000089, -8.489454255999931, 0.0 ], [ 118.756034692000071, -8.48943285699994, 0.0 ], [ 118.756102249000037, -8.489182877999951, 0.0 ], [ 118.756115460000046, -8.48915935399998, 0.0 ], [ 118.756129193000106, -8.489141220999954, 0.0 ], [ 118.756126592000101, -8.489136168999948, 0.0 ], [ 118.756130075000101, -8.489129486999957, 0.0 ], [ 118.756164480000052, -8.489043650999974, 0.0 ], [ 118.75616883500004, -8.488957139999968, 0.0 ], [ 118.756178522000027, -8.488864535999937, 0.0 ], [ 118.756180564000033, -8.488845012999946, 0.0 ], [ 118.756169703000069, -8.488733242999956, 0.0 ], [ 118.756168955000021, -8.488715583999976, 0.0 ], [ 118.75614981800004, -8.48856958999994, 0.0 ], [ 118.756156992000115, -8.488506513999937, 0.0 ], [ 118.756260257, -8.488407163999966, 0.0 ], [ 118.756387173, -8.48829800599998, 0.0 ], [ 118.756424895, -8.488265560999935, 0.0 ], [ 118.75642803900007, -8.48822955199995, 0.0 ], [ 118.756444768000051, -8.488250024999957, 0.0 ], [ 118.756479309000042, -8.48829229699993, 0.0 ], [ 118.756511132000014, -8.488331241999958, 0.0 ], [ 118.7565440730001, -8.488356188999944, 0.0 ], [ 118.756548123000016, -8.488288032999947, 0.0 ], [ 118.756549668000048, -8.488262021999958, 0.0 ], [ 118.756556635000038, -8.488211670999931, 0.0 ], [ 118.756657332000032, -8.488193500999955, 0.0 ], [ 118.756763851000073, -8.488197981999974, 0.0 ], [ 118.756981403000054, -8.488212708999981, 0.0 ], [ 118.757150676000037, -8.488238887999955, 0.0 ], [ 118.757162260000086, -8.488240788999974, 0.0 ], [ 118.757303672000035, -8.488241218999974, 0.0 ], [ 118.757353876000025, -8.488241370999958, 0.0 ], [ 118.757416288000059, -8.48823424099993, 0.0 ], [ 118.757544353000071, -8.488219609999931, 0.0 ], [ 118.757561580000015, -8.488208031999932, 0.0 ], [ 118.757608915000105, -8.488196089999974, 0.0 ], [ 118.757724896000013, -8.488166829999955, 0.0 ], [ 118.757774433, -8.488089185999968, 0.0 ], [ 118.75792264200004, -8.488023256999952, 0.0 ], [ 118.757944064000071, -8.488008300999979, 0.0 ], [ 118.758051467000087, -8.48789452099993, 0.0 ], [ 118.758061150000117, -8.48787624299996, 0.0 ], [ 118.75809000400011, -8.487851375999981, 0.0 ], [ 118.758186606000095, -8.487708439999949, 0.0 ], [ 118.758371763000014, -8.487655887999949, 0.0 ], [ 118.758421695000038, -8.487730447999979, 0.0 ], [ 118.758477004000042, -8.487598585999933, 0.0 ], [ 118.7584758160001, -8.487580467999976, 0.0 ], [ 118.758533515000067, -8.48745323199995, 0.0 ], [ 118.758541178000087, -8.487442929999929, 0.0 ], [ 118.758644081000057, -8.487345372999926, 0.0 ], [ 118.75866420300008, -8.48732860299998, 0.0 ], [ 118.758841206000056, -8.48723528599993, 0.0 ], [ 118.758862050000062, -8.487227986999926, 0.0 ], [ 118.758923490000029, -8.487085997999941, 0.0 ], [ 118.758927695000011, -8.487080436999975, 0.0 ], [ 118.758969506000085, -8.486920424999937, 0.0 ], [ 118.758978089000038, -8.486898327999938, 0.0 ], [ 118.759061305000046, -8.486759975999973, 0.0 ], [ 118.759065743000065, -8.486754019999978, 0.0 ], [ 118.759199248000073, -8.486678396999935, 0.0 ], [ 118.759148701000072, -8.486188432999938, 0.0 ], [ 118.759231510000063, -8.485575390999941, 0.0 ], [ 118.75928473700003, -8.485339780999936, 0.0 ], [ 118.759298802000103, -8.485277520999944, 0.0 ], [ 118.759314701000108, -8.485207145999937, 0.0 ], [ 118.759580964000065, -8.48490961899995, 0.0 ], [ 118.759675381000079, -8.484924808999949, 0.0 ], [ 118.760415069000032, -8.485043812999947, 0.0 ], [ 118.760865398000078, -8.485293222999928, 0.0 ], [ 118.760975528000017, -8.485339780999936, 0.0 ], [ 118.761278866000112, -8.485468019999928, 0.0 ], [ 118.761623442000086, -8.485715322999965, 0.0 ], [ 118.761780188000102, -8.48582781999994, 0.0 ], [ 118.762251407, -8.486162888999957, 0.0 ], [ 118.762365575000103, -8.486323462999962, 0.0 ], [ 118.762368346000017, -8.48634040099995, 0.0 ], [ 118.762168438000117, -8.486534708999955, 0.0 ], [ 118.762142885000117, -8.486554670999965, 0.0 ], [ 118.76212780600008, -8.486581482999952, 0.0 ], [ 118.762010733000011, -8.486789650999981, 0.0 ], [ 118.762166239000067, -8.487021777999928, 0.0 ], [ 118.762430264000045, -8.487237476999951, 0.0 ], [ 118.762471899000047, -8.487232723999966, 0.0 ], [ 118.762847322000084, -8.487287089999938, 0.0 ], [ 118.762905047000118, -8.487296642999979, 0.0 ], [ 118.762978879000116, -8.487320447999934, 0.0 ], [ 118.763300127000093, -8.48741201799993, 0.0 ], [ 118.763316038000085, -8.48742615499998, 0.0 ], [ 118.763537542000108, -8.487732009999945, 0.0 ], [ 118.763584294000111, -8.487773379999965, 0.0 ], [ 118.763599208000073, -8.487790383999936, 0.0 ], [ 118.763950302000012, -8.488190675999931, 0.0 ], [ 118.76396542100008, -8.488204006999979, 0.0 ], [ 118.764244175000044, -8.488544914999977, 0.0 ], [ 118.764264051000055, -8.488569221999967, 0.0 ], [ 118.764460335000081, -8.488809271999969, 0.0 ], [ 118.764543329000048, -8.488811068999951, 0.0 ], [ 118.764464769000028, -8.488237039999944, 0.0 ], [ 118.764461591000099, -8.488213818999952, 0.0 ], [ 118.764526985000089, -8.487671915999954, 0.0 ], [ 118.764435071000094, -8.487066551999931, 0.0 ], [ 118.764392513000075, -8.486741971999948, 0.0 ], [ 118.764336875000026, -8.486278528999947, 0.0 ], [ 118.76433290600005, -8.486017954999966, 0.0 ], [ 118.764330831000052, -8.485881725999946, 0.0 ], [ 118.764340370000014, -8.485844980999957, 0.0 ], [ 118.764395922000062, -8.485433085999944, 0.0 ], [ 118.764558585000032, -8.485111382999946, 0.0 ], [ 118.764600042000097, -8.485059112999977, 0.0 ], [ 118.764862486000084, -8.484834459999945, 0.0 ], [ 118.764975569000057, -8.484796861999939, 0.0 ], [ 118.764985965000051, -8.484795305999967, 0.0 ], [ 118.765019379000023, -8.48477767199995, 0.0 ], [ 118.765033520000088, -8.48476922499998, 0.0 ], [ 118.765087797000092, -8.484703063999973, 0.0 ], [ 118.765147777000038, -8.484629952999967, 0.0 ], [ 118.765389737000078, -8.484413747999952, 0.0 ], [ 118.765401304000079, -8.484400164999954, 0.0 ], [ 118.765499139000099, -8.484285276999969, 0.0 ], [ 118.765512842000021, -8.48426918499996, 0.0 ], [ 118.765566216000025, -8.484206507999943, 0.0 ], [ 118.765590465000059, -8.484181519999936, 0.0 ], [ 118.765600419000066, -8.484172886999943, 0.0 ], [ 118.765897726000048, -8.483975646999966, 0.0 ], [ 118.765929806000031, -8.483956019999937, 0.0 ], [ 118.766266317000031, -8.483731534999947, 0.0 ], [ 118.76627781500008, -8.483729814999947, 0.0 ], [ 118.766300260000094, -8.483718731999943, 0.0 ], [ 118.766345777000083, -8.483704184999965, 0.0 ], [ 118.766568415000052, -8.483624174999932, 0.0 ], [ 118.766603141000019, -8.483618981999939, 0.0 ], [ 118.766614717000039, -8.483617250999941, 0.0 ], [ 118.767002660000117, -8.483527827999978, 0.0 ], [ 118.767008467000096, -8.483526959999949, 0.0 ], [ 118.767154348000076, -8.483473517999926, 0.0 ], [ 118.767678068, -8.483403127999964, 0.0 ], [ 118.767976827000098, -8.482961883999963, 0.0 ], [ 118.767996932000074, -8.482941609999955, 0.0 ], [ 118.768308651000098, -8.482664716999977, 0.0 ], [ 118.768327335000095, -8.482661924999945, 0.0 ], [ 118.768767056000115, -8.482467328999974, 0.0 ], [ 118.769226898000056, -8.482407922999926, 0.0 ], [ 118.769252117000065, -8.482404154999927, 0.0 ], [ 118.769564567000089, -8.482329510999932, 0.0 ], [ 118.769597389000069, -8.482315252999967, 0.0 ], [ 118.769746526000063, -8.482179342999927, 0.0 ], [ 118.769856802000049, -8.482028371999945, 0.0 ], [ 118.769988289000025, -8.482047459999933, 0.0 ], [ 118.77005404800002, -8.482015639999929, 0.0 ], [ 118.770132198000056, -8.481977823999955, 0.0 ], [ 118.770146731000068, -8.481968169999959, 0.0 ], [ 118.770261386000016, -8.481890398999951, 0.0 ], [ 118.770375570000056, -8.481811275999974, 0.0 ], [ 118.770470514000067, -8.481741579999948, 0.0 ], [ 118.770574631000045, -8.48159893299993, 0.0 ], [ 118.770580883000093, -8.481589593999956, 0.0 ], [ 118.770730412000034, -8.481406998999944, 0.0 ], [ 118.77074385100002, -8.481396061999931, 0.0 ], [ 118.770803504000014, -8.481332423999959, 0.0 ], [ 118.770842872000117, -8.48129042599993, 0.0 ], [ 118.771049953000102, -8.481064816999947, 0.0 ], [ 118.771094197000025, -8.481014185999982, 0.0 ], [ 118.771129648000056, -8.480973615999972, 0.0 ], [ 118.771181600000091, -8.480909009999948, 0.0 ], [ 118.771263778000048, -8.480806813999948, 0.0 ], [ 118.771292594000101, -8.480743498999971, 0.0 ], [ 118.77134739600001, -8.480623084999934, 0.0 ], [ 118.771558268000035, -8.480282978999981, 0.0 ], [ 118.77156230300011, -8.480271967999954, 0.0 ], [ 118.7716986800001, -8.479998169999931, 0.0 ], [ 118.771703167000055, -8.479997497999932, 0.0 ], [ 118.77185380100002, -8.479734390999965, 0.0 ], [ 118.77191098600008, -8.479634508999936, 0.0 ], [ 118.77195521200008, -8.479587014999936, 0.0 ], [ 118.772051347000115, -8.479483775999938, 0.0 ], [ 118.772069922000014, -8.479368410999939, 0.0 ], [ 118.772088628, -8.479252235999979, 0.0 ], [ 118.772134365000056, -8.479099858999973, 0.0 ], [ 118.772286198000074, -8.479030309999928, 0.0 ], [ 118.772308641000109, -8.479020029999958, 0.0 ], [ 118.77234825700009, -8.478997761999949, 0.0 ], [ 118.772485204000077, -8.478920782999978, 0.0 ], [ 118.772637769000085, -8.478729052999938, 0.0 ], [ 118.77289651000001, -8.478593369999942, 0.0 ], [ 118.773093971000094, -8.478517781999926, 0.0 ], [ 118.773109088000069, -8.478508898999962, 0.0 ], [ 118.77313777400002, -8.478500236999935, 0.0 ], [ 118.773327401000074, -8.478442980999944, 0.0 ], [ 118.773485827000059, -8.478441339999961, 0.0 ], [ 118.773511389000078, -8.478432399999974, 0.0 ], [ 118.773712054000043, -8.478293312999938, 0.0 ], [ 118.773733814000025, -8.478284780999957, 0.0 ], [ 118.773737825000012, -8.47827985999993, 0.0 ], [ 118.773884032000069, -8.478100472999927, 0.0 ], [ 118.77390657, -8.478080524999939, 0.0 ], [ 118.774115147000089, -8.477867863999961, 0.0 ], [ 118.774124791000077, -8.477854789999981, 0.0 ], [ 118.774234823000029, -8.477755918999947, 0.0 ], [ 118.774244428000088, -8.477748528999939, 0.0 ], [ 118.774368880000111, -8.477675915999953, 0.0 ], [ 118.774385388000042, -8.477663667999934, 0.0 ], [ 118.774482011000032, -8.477591979999943, 0.0 ], [ 118.774565041000074, -8.477498881999963, 0.0 ], [ 118.77454194500001, -8.47745434199993, 0.0 ], [ 118.77452155900005, -8.477415029999975, 0.0 ], [ 118.774601035000046, -8.477347411999972, 0.0 ], [ 118.774602157000118, -8.477346456999953, 0.0 ], [ 118.77470998900003, -8.477235090999955, 0.0 ], [ 118.774785275000113, -8.477156484999966, 0.0 ], [ 118.774791826000069, -8.47714964499994, 0.0 ], [ 118.774913983000033, -8.477042512999958, 0.0 ], [ 118.77499156600004, -8.476973267999938, 0.0 ], [ 118.775008060000118, -8.47689418799996, 0.0 ], [ 118.775059549000048, -8.476803826999969, 0.0 ], [ 118.775133550000078, -8.476726157999963, 0.0 ], [ 118.77516502900005, -8.476645400999928, 0.0 ], [ 118.775247738000076, -8.476656955999943, 0.0 ], [ 118.775305262000074, -8.476675718999957, 0.0 ], [ 118.775322495000069, -8.476642321999975, 0.0 ], [ 118.775346450000029, -8.476583150999943, 0.0 ], [ 118.775374077000038, -8.476529505999963, 0.0 ], [ 118.775400128000115, -8.476478919999977, 0.0 ], [ 118.775442344000112, -8.47639933399995, 0.0 ], [ 118.775490474000094, -8.476298032999978, 0.0 ], [ 118.775403637000068, -8.47624928099998, 0.0 ], [ 118.775349688, -8.47616241399993, 0.0 ], [ 118.775507529000038, -8.476102081999954, 0.0 ], [ 118.775733061000096, -8.476068466999948, 0.0 ], [ 118.775852029000021, -8.476078467999969, 0.0 ], [ 118.775884120000114, -8.476081165999972, 0.0 ], [ 118.775935013000094, -8.476085443999978, 0.0 ], [ 118.77595878000011, -8.47609125799994, 0.0 ], [ 118.77595881000002, -8.476091266999958, 0.0 ], [ 118.775970671000096, -8.476095205999968, 0.0 ], [ 118.775978178000059, -8.476097698999979, 0.0 ], [ 118.775989077000077, -8.476100396999925, 0.0 ], [ 118.776004485000044, -8.47610420999996, 0.0 ], [ 118.776027576000047, -8.476109925999936, 0.0 ], [ 118.77604094000003, -8.476113232999978, 0.0 ], [ 118.776076117000116, -8.476121939999928, 0.0 ], [ 118.77608723000003, -8.476124690999939, 0.0 ], [ 118.776127038000027, -8.476134543999933, 0.0 ], [ 118.776130872000067, -8.476135492999958, 0.0 ], [ 118.776161607000063, -8.476143099999945, 0.0 ], [ 118.776228736, -8.476159714999937, 0.0 ], [ 118.776267974, -8.476169426999945, 0.0 ], [ 118.776382366, -8.476219268999955, 0.0 ], [ 118.77639746300008, -8.476225846999967, 0.0 ], [ 118.776504308000085, -8.476272399999971, 0.0 ], [ 118.776700891000019, -8.476355492999971, 0.0 ], [ 118.776714297000012, -8.476361490999977, 0.0 ], [ 118.776936806000094, -8.476461039999947, 0.0 ], [ 118.777192892000016, -8.476575120999939, 0.0 ], [ 118.777433998000106, -8.476700698999935, 0.0 ], [ 118.777662454000051, -8.476854535999962, 0.0 ], [ 118.777838799000051, -8.47690560999996, 0.0 ], [ 118.77785279200009, -8.476909182999975, 0.0 ], [ 118.777861069000096, -8.476911296999958, 0.0 ], [ 118.777933217000054, -8.476955085999975, 0.0 ], [ 118.778030948000037, -8.477014400999963, 0.0 ], [ 118.778031408000061, -8.477018689999966, 0.0 ], [ 118.778129687000046, -8.47711994499997, 0.0 ], [ 118.77817253, -8.477151090999939, 0.0 ], [ 118.778390323000053, -8.477309425999977, 0.0 ], [ 118.778614923000077, -8.477445281999962, 0.0 ], [ 118.778619842000012, -8.477449030999935, 0.0 ], [ 118.778768494000019, -8.477495948999945, 0.0 ], [ 118.778857573000096, -8.477524064999955, 0.0 ], [ 118.778871162000087, -8.477530748999925, 0.0 ], [ 118.778904940000075, -8.477530058999946, 0.0 ], [ 118.779014133000032, -8.477566614999944, 0.0 ], [ 118.779170082000064, -8.477618824999979, 0.0 ], [ 118.779194977000088, -8.477619317999938, 0.0 ], [ 118.779245730000071, -8.47763271599996, 0.0 ], [ 118.779421074000084, -8.477735068999948, 0.0 ], [ 118.779458351000017, -8.477756828999929, 0.0 ], [ 118.779502578, -8.477763625999955, 0.0 ], [ 118.779754866000076, -8.477802399999973, 0.0 ], [ 118.779769501000033, -8.477809770999954, 0.0 ], [ 118.780063943000073, -8.477952513999981, 0.0 ], [ 118.780082151000101, -8.477958915999977, 0.0 ], [ 118.78019998700006, -8.478035589999934, 0.0 ], [ 118.780332167000097, -8.478121595999937, 0.0 ], [ 118.780340463000016, -8.478120358999945, 0.0 ], [ 118.780544016000022, -8.478201196999976, 0.0 ], [ 118.780549078000035, -8.478213076999964, 0.0 ], [ 118.78055851900001, -8.478228452999929, 0.0 ], [ 118.780812911000112, -8.478279120999957, 0.0 ], [ 118.780953446000012, -8.478307111999925, 0.0 ], [ 118.780965741000045, -8.478314492999971, 0.0 ], [ 118.780975131000105, -8.478320129999929, 0.0 ], [ 118.781014225000035, -8.478325107999979, 0.0 ], [ 118.781064432000107, -8.478339152999979, 0.0 ], [ 118.781093094000084, -8.478340248999928, 0.0 ], [ 118.781245165000087, -8.478314492999971, 0.0 ], [ 118.781355240000039, -8.478295849999938, 0.0 ], [ 118.781382933000032, -8.478291725999952, 0.0 ], [ 118.78139451800007, -8.478306072999942, 0.0 ], [ 118.781408779000117, -8.478314492999971, 0.0 ], [ 118.781430576000048, -8.478327362999948, 0.0 ], [ 118.781559447000063, -8.478485347999936, 0.0 ], [ 118.781560116000037, -8.478490352999927, 0.0 ], [ 118.781501893000041, -8.47870659299997, 0.0 ], [ 118.781497346000037, -8.478723478999939, 0.0 ], [ 118.781495713000027, -8.478743063999957, 0.0 ], [ 118.78148972200006, -8.478763210999944, 0.0 ], [ 118.781489487000044, -8.47879196599996, 0.0 ], [ 118.781473745000085, -8.478905807999979, 0.0 ], [ 118.781470786000114, -8.478927208999949, 0.0 ], [ 118.781466471000044, -8.47895841199994, 0.0 ], [ 118.781461104000073, -8.478997221999975, 0.0 ], [ 118.781458003000012, -8.479019648999952, 0.0 ], [ 118.781458689000033, -8.479024068999934, 0.0 ], [ 118.781464093000068, -8.479036724999958, 0.0 ], [ 118.781512234000047, -8.479149466999957, 0.0 ], [ 118.781530172000089, -8.479155530999947, 0.0 ], [ 118.781601896000097, -8.479132662999973, 0.0 ], [ 118.781622978000087, -8.479119803999936, 0.0 ], [ 118.781637936000038, -8.47910438599996, 0.0 ], [ 118.781657129000109, -8.479088293999951, 0.0 ], [ 118.781673315000035, -8.479081459999975, 0.0 ], [ 118.781761435000021, -8.478996954999957, 0.0 ], [ 118.781790508000086, -8.478988117999961, 0.0 ], [ 118.781820100000118, -8.478983704999962, 0.0 ], [ 118.781953984000097, -8.478807727999936, 0.0 ], [ 118.781974287000025, -8.47879065199993, 0.0 ], [ 118.782092445000103, -8.478705583999954, 0.0 ], [ 118.782241967000118, -8.478597935999971, 0.0 ], [ 118.782268062000071, -8.478589181999951, 0.0 ], [ 118.782333537000113, -8.478569677999928, 0.0 ], [ 118.782559592000098, -8.478632449999964, 0.0 ], [ 118.782568695, -8.478654870999947, 0.0 ], [ 118.782600719000015, -8.478687173999958, 0.0 ], [ 118.782783394000035, -8.478871437999942, 0.0 ], [ 118.78292809300001, -8.478972329999976, 0.0 ], [ 118.783125330000075, -8.479109854999933, 0.0 ], [ 118.783228496000106, -8.479318693999971, 0.0 ], [ 118.783225620000053, -8.479333345999976, 0.0 ], [ 118.783149311000102, -8.479456632999927, 0.0 ], [ 118.783093178000058, -8.479547322999963, 0.0 ], [ 118.782996228000115, -8.479751634999957, 0.0 ], [ 118.782982508000032, -8.47991620199997, 0.0 ], [ 118.782983868000088, -8.479925626999943, 0.0 ], [ 118.782990938000012, -8.479943762999937, 0.0 ], [ 118.783115551000037, -8.480211964999967, 0.0 ], [ 118.783135833000074, -8.480235671999935, 0.0 ], [ 118.783260747000099, -8.480317920999937, 0.0 ], [ 118.783279280000102, -8.480332447999956, 0.0 ], [ 118.78331791100004, -8.480339604999926, 0.0 ], [ 118.783532336, -8.480303311999933, 0.0 ], [ 118.783544732000109, -8.480301462999932, 0.0 ], [ 118.783573, -8.480288627999926, 0.0 ], [ 118.783698008000101, -8.48014737699998, 0.0 ], [ 118.78369667100003, -8.480125291999968, 0.0 ], [ 118.783686059000047, -8.480090965999977, 0.0 ], [ 118.783678761000033, -8.480042165999976, 0.0 ], [ 118.783678122000083, -8.480004946999941, 0.0 ], [ 118.78367366000009, -8.479745192999928, 0.0 ], [ 118.783655732000057, -8.479449045999957, 0.0 ], [ 118.78364436600009, -8.479413905999934, 0.0 ], [ 118.783634838000012, -8.479182211999955, 0.0 ], [ 118.783643238000082, -8.479164243999946, 0.0 ], [ 118.783836573000031, -8.479022444999941, 0.0 ], [ 118.783845887000098, -8.479015334999929, 0.0 ], [ 118.784236544, -8.479153878999966, 0.0 ], [ 118.784512798000037, -8.47942433999998, 0.0 ], [ 118.78485425100007, -8.479632114999959, 0.0 ], [ 118.78508961700004, -8.47979648699993, 0.0 ], [ 118.785108678000029, -8.479824716999929, 0.0 ], [ 118.785246947000019, -8.48011871999995, 0.0 ], [ 118.78525672, -8.480147098999964, 0.0 ], [ 118.785336357, -8.480532657999959, 0.0 ], [ 118.785335158000066, -8.480580023999948, 0.0 ], [ 118.785393683000052, -8.480921278999972, 0.0 ], [ 118.785418039000092, -8.480976101999943, 0.0 ], [ 118.785597591000055, -8.481380261999959, 0.0 ], [ 118.785597738000092, -8.481380467999941, 0.0 ], [ 118.785613990000115, -8.481403192999949, 0.0 ], [ 118.785668901, -8.481477392999977, 0.0 ], [ 118.785785582000017, -8.481635062999942, 0.0 ], [ 118.785801233000029, -8.481632727999965, 0.0 ], [ 118.785840357000097, -8.481626892999941, 0.0 ], [ 118.785915398000043, -8.481595423999977, 0.0 ], [ 118.785991893000073, -8.481563344999927, 0.0 ], [ 118.786010322000038, -8.481544155999927, 0.0 ], [ 118.786039196000047, -8.481531616999973, 0.0 ], [ 118.786092004000011, -8.481490720999943, 0.0 ], [ 118.786150025000097, -8.481465503999971, 0.0 ], [ 118.786276186, -8.481338153999957, 0.0 ], [ 118.786295794000011, -8.481293077999965, 0.0 ], [ 118.786309961000029, -8.481257078999931, 0.0 ], [ 118.786473765000096, -8.48104361299994, 0.0 ], [ 118.78650234700001, -8.480995746999952, 0.0 ], [ 118.786538138000083, -8.480972901999962, 0.0 ], [ 118.787019340000029, -8.480741833999957, 0.0 ], [ 118.787062218000074, -8.480708575999927, 0.0 ], [ 118.787421374000019, -8.480409128999952, 0.0 ], [ 118.787452776, -8.48039519699995, 0.0 ], [ 118.787675849000038, -8.480352692999929, 0.0 ], [ 118.787872431000096, -8.480351156999973, 0.0 ], [ 118.788343501000099, -8.480747444999963, 0.0 ], [ 118.788636025000073, -8.480893222999953, 0.0 ], [ 118.788654298000097, -8.480907489999936, 0.0 ], [ 118.788887515000056, -8.481147827999962, 0.0 ], [ 118.788908172000106, -8.481185585999981, 0.0 ], [ 118.789018456, -8.481378031999952, 0.0 ], [ 118.789063607000116, -8.481628344999933, 0.0 ], [ 118.789133596000056, -8.481769459999953, 0.0 ], [ 118.789265949000082, -8.481832302999976, 0.0 ], [ 118.789386007000076, -8.48184047999996, 0.0 ], [ 118.789405100000067, -8.481837631999952, 0.0 ], [ 118.789562257000057, -8.481793926999956, 0.0 ], [ 118.789581420000104, -8.481791068999939, 0.0 ], [ 118.78973411000004, -8.481736140999942, 0.0 ], [ 118.789742370000113, -8.481734908999954, 0.0 ], [ 118.789911203000088, -8.481647265999925, 0.0 ], [ 118.790094368000041, -8.481574445999968, 0.0 ], [ 118.790296039000054, -8.481513114999927, 0.0 ], [ 118.790458910000098, -8.481399365999948, 0.0 ], [ 118.79058017300008, -8.481344055999955, 0.0 ], [ 118.79069405700011, -8.481296909999969, 0.0 ], [ 118.790628894000065, -8.481184510999981, 0.0 ], [ 118.790607641000065, -8.481077943999935, 0.0 ], [ 118.790601247000041, -8.480977159999952, 0.0 ], [ 118.79060013600008, -8.480967888999942, 0.0 ], [ 118.790571944000021, -8.480856298999981, 0.0 ], [ 118.790514053000038, -8.480730490999974, 0.0 ], [ 118.790432376000012, -8.480648262999978, 0.0 ], [ 118.790373476000013, -8.480606872999942, 0.0 ], [ 118.790329382000095, -8.480602422999937, 0.0 ], [ 118.790291970000112, -8.480653229999973, 0.0 ], [ 118.790263436000032, -8.480701973999942, 0.0 ], [ 118.790197978000037, -8.480685129999927, 0.0 ], [ 118.79019189600001, -8.480683063999948, 0.0 ], [ 118.790124550000087, -8.48066019099997, 0.0 ], [ 118.790051439000081, -8.48066807999993, 0.0 ], [ 118.789994496000077, -8.480709523999963, 0.0 ], [ 118.789968034000026, -8.480566669999973, 0.0 ], [ 118.789972963000082, -8.480495962999953, 0.0 ], [ 118.789920334000044, -8.48048765599998, 0.0 ], [ 118.789928350000082, -8.480444037999973, 0.0 ], [ 118.789915898000118, -8.480348921999962, 0.0 ], [ 118.789897752000115, -8.480254811999941, 0.0 ], [ 118.789905054000087, -8.480160886999954, 0.0 ], [ 118.789886996000064, -8.48007897399998, 0.0 ], [ 118.789899807000097, -8.480066461999968, 0.0 ], [ 118.78999675600005, -8.479971775999957, 0.0 ], [ 118.790127831000063, -8.47987051299998, 0.0 ], [ 118.790328223000074, -8.479882757999974, 0.0 ], [ 118.790489047000051, -8.479858774999968, 0.0 ], [ 118.790636060000111, -8.479817658999934, 0.0 ], [ 118.790750860000117, -8.479705265999939, 0.0 ], [ 118.790831782000055, -8.47962604199995, 0.0 ], [ 118.790831252000089, -8.479619528999933, 0.0 ], [ 118.790818624000053, -8.479310061999968, 0.0 ], [ 118.790752428000019, -8.479122256999972, 0.0 ], [ 118.790884049000056, -8.478823867999949, 0.0 ], [ 118.790882979000116, -8.478809005999949, 0.0 ], [ 118.791097641000079, -8.478437285999973, 0.0 ], [ 118.791166098000076, -8.478331243999946, 0.0 ], [ 118.791194973000074, -8.478072649999945, 0.0 ], [ 118.791176778000022, -8.477974243999938, 0.0 ], [ 118.791178535000086, -8.477761083999951, 0.0 ], [ 118.791262319000111, -8.477519211999947, 0.0 ], [ 118.791484107000088, -8.477336553999976, 0.0 ], [ 118.791711, -8.477165917999969, 0.0 ], [ 118.791961422000099, -8.477055020999956, 0.0 ], [ 118.792088205000027, -8.476946988999941, 0.0 ], [ 118.792242610000017, -8.476815418999934, 0.0 ], [ 118.792494416000068, -8.47668564199995, 0.0 ], [ 118.792662419000067, -8.476618792999943, 0.0 ], [ 118.792870655000115, -8.476535933999969, 0.0 ], [ 118.79287574600005, -8.476520640999979, 0.0 ], [ 118.793151192000096, -8.476413782999941, 0.0 ], [ 118.79338390700002, -8.476297716999966, 0.0 ], [ 118.793396767000104, -8.476295800999935, 0.0 ], [ 118.793705255000077, -8.476242399999933, 0.0 ], [ 118.793724689000101, -8.476246956999944, 0.0 ], [ 118.793981764000023, -8.476245791999929, 0.0 ], [ 118.793994559000112, -8.476251284999933, 0.0 ], [ 118.794286063000072, -8.476325061999944, 0.0 ], [ 118.794292409000036, -8.476324116999933, 0.0 ], [ 118.794336825000073, -8.476317498999947, 0.0 ], [ 118.794580396000015, -8.476104582999938, 0.0 ], [ 118.794612961000098, -8.476092263999931, 0.0 ], [ 118.795084028000019, -8.475715940999976, 0.0 ], [ 118.795091313000057, -8.47570701099994, 0.0 ], [ 118.795368120000035, -8.475360480999939, 0.0 ], [ 118.795483449000017, -8.475200170999926, 0.0 ], [ 118.795611929000074, -8.475021579999975, 0.0 ], [ 118.795728347000022, -8.474678426999958, 0.0 ], [ 118.795764796000071, -8.474515614999973, 0.0 ], [ 118.79604008900003, -8.474312682999937, 0.0 ], [ 118.796040833, -8.474312134999934, 0.0 ], [ 118.796067123000057, -8.474292754999965, 0.0 ], [ 118.796540884000024, -8.474156418999939, 0.0 ], [ 118.796575377000067, -8.474159550999957, 0.0 ], [ 118.796961728000042, -8.474110307999979, 0.0 ], [ 118.797009096000011, -8.474103258999946, 0.0 ], [ 118.797442474000036, -8.474079870999958, 0.0 ], [ 118.797455963000061, -8.474077862999934, 0.0 ], [ 118.797849644000053, -8.473942370999964, 0.0 ], [ 118.798005863000071, -8.473888605999946, 0.0 ], [ 118.798026849000053, -8.47386880199997, 0.0 ], [ 118.798054389000072, -8.47385634799997, 0.0 ], [ 118.798369034000075, -8.473674400999926, 0.0 ], [ 118.799186015000032, -8.473318210999935, 0.0 ], [ 118.799451092000027, -8.473210542999936, 0.0 ], [ 118.800081301000091, -8.472897203999935, 0.0 ], [ 118.800393139000107, -8.472710669999969, 0.0 ], [ 118.800744226, -8.472535337999943, 0.0 ], [ 118.801016956000012, -8.472453431999952, 0.0 ], [ 118.801288127000021, -8.472371993999957, 0.0 ], [ 118.801452799000117, -8.472364991999939, 0.0 ], [ 118.8014672810001, -8.472364375999973, 0.0 ], [ 118.801592732000017, -8.472359041999937, 0.0 ], [ 118.801679886000102, -8.47206764799995, 0.0 ], [ 118.801676006000093, -8.472054611999965, 0.0 ], [ 118.801672725000117, -8.472043589999942, 0.0 ], [ 118.801575415000116, -8.471716660999959, 0.0 ], [ 118.801485628000023, -8.471348134999971, 0.0 ], [ 118.801738843000066, -8.471153156999947, 0.0 ], [ 118.801953296000079, -8.471143851999955, 0.0 ], [ 118.801974010000094, -8.471152061999931, 0.0 ], [ 118.802642404000039, -8.471119997999949, 0.0 ], [ 118.803240496000058, -8.470974732999935, 0.0 ], [ 118.803813269000102, -8.470832903999963, 0.0 ], [ 118.803851703000078, -8.470827179999958, 0.0 ], [ 118.804369829000052, -8.470647415999963, 0.0 ], [ 118.804389215000015, -8.470655983999961, 0.0 ], [ 118.804977794000024, -8.470883551999975, 0.0 ], [ 118.80500535300007, -8.470868368999959, 0.0 ], [ 118.805024357000093, -8.470865537999941, 0.0 ], [ 118.805536542000027, -8.470943129999966, 0.0 ], [ 118.806054224000036, -8.470844245999956, 0.0 ], [ 118.806110846000024, -8.470835810999972, 0.0 ], [ 118.806646126000032, -8.470784482999932, 0.0 ], [ 118.806727360000082, -8.470776692999948, 0.0 ], [ 118.806756653000093, -8.470783211999958, 0.0 ], [ 118.806803717000093, -8.470776199999932, 0.0 ], [ 118.807255499, -8.470708890999958, 0.0 ], [ 118.807274322000012, -8.47070608699994, 0.0 ], [ 118.807320676000018, -8.47068829899996, 0.0 ], [ 118.807377177000035, -8.470679880999967, 0.0 ], [ 118.807796259000042, -8.47049689499994, 0.0 ], [ 118.807842053000059, -8.470445845999961, 0.0 ], [ 118.808027136000078, -8.470227935999958, 0.0 ], [ 118.808054826000102, -8.470178458999953, 0.0 ], [ 118.808073801000091, -8.470164259999933, 0.0 ], [ 118.808243988000072, -8.469920197999954, 0.0 ], [ 118.80827290700006, -8.469892572999981, 0.0 ], [ 118.808282656000074, -8.469891120999932, 0.0 ], [ 118.808357638000075, -8.469498943999952, 0.0 ], [ 118.80847630300002, -8.469109995999929, 0.0 ], [ 118.808506698000087, -8.46909285199996, 0.0 ], [ 118.808608210000102, -8.469052456999975, 0.0 ], [ 118.808618362000061, -8.469050946999971, 0.0 ], [ 118.809093933000099, -8.469005165999931, 0.0 ], [ 118.809164934000023, -8.468994601999952, 0.0 ], [ 118.809693439000057, -8.468941188999963, 0.0 ], [ 118.809723825000106, -8.468936667999969, 0.0 ], [ 118.809794723000095, -8.468926117999956, 0.0 ], [ 118.81036119800001, -8.468778635999968, 0.0 ], [ 118.810422151000012, -8.468769565999935, 0.0 ], [ 118.810483103000024, -8.46876049499997, 0.0 ], [ 118.81052373700004, -8.46875444899996, 0.0 ], [ 118.810869109, -8.468703052999956, 0.0 ], [ 118.810899581000058, -8.46869851799994, 0.0 ], [ 118.810919672000068, -8.468708196999955, 0.0 ], [ 118.811312900000075, -8.468636548999939, 0.0 ], [ 118.81174726900008, -8.468871650999972, 0.0 ], [ 118.812203316000023, -8.469165937999946, 0.0 ], [ 118.812638811000056, -8.468969649999963, 0.0 ], [ 118.812676377000116, -8.468952036999951, 0.0 ], [ 118.813081993000083, -8.468684990999975, 0.0 ], [ 118.813122020000037, -8.468679033999933, 0.0 ], [ 118.813763375, -8.468410057999961, 0.0 ], [ 118.813805094000031, -8.46841634599997, 0.0 ], [ 118.814161434000084, -8.468622123999978, 0.0 ], [ 118.814195623000046, -8.468665562999945, 0.0 ], [ 118.815013533000069, -8.46893425199994, 0.0 ], [ 118.816050597000071, -8.469197746999953, 0.0 ], [ 118.816767838000032, -8.469227792999959, 0.0 ], [ 118.81709902700004, -8.468903, 0.0 ], [ 118.817157725000015, -8.467741527999976, 0.0 ], [ 118.816969802000017, -8.466788117999954, 0.0 ], [ 118.816949309000051, -8.46597014699995, 0.0 ], [ 118.817244755000047, -8.465221816999929, 0.0 ], [ 118.817222684000058, -8.464604618999942, 0.0 ], [ 118.817084384000054, -8.46411821199996, 0.0 ], [ 118.818105369000023, -8.46343858399996, 0.0 ], [ 118.818926347000115, -8.462922621999951, 0.0 ], [ 118.8197742750001, -8.462611305999928, 0.0 ], [ 118.82011869300004, -8.462484853999968, 0.0 ], [ 118.820729006000079, -8.462101942999936, 0.0 ], [ 118.821299750000094, -8.461926995999931, 0.0 ], [ 118.821800014000019, -8.461690454999939, 0.0 ], [ 118.82180504300004, -8.461667958999953, 0.0 ], [ 118.822329509000042, -8.461169195999958, 0.0 ], [ 118.82236398200007, -8.46113024899995, 0.0 ], [ 118.822382451000067, -8.461116205999929, 0.0 ], [ 118.822886072000074, -8.460836165999979, 0.0 ], [ 118.822923809000031, -8.460807563999936, 0.0 ], [ 118.822934339000085, -8.460805993999941, 0.0 ], [ 118.823006760000112, -8.46077711099997, 0.0 ], [ 118.823816696000108, -8.460454087999949, 0.0 ], [ 118.824396068000055, -8.460250210999959, 0.0 ], [ 118.824959246000049, -8.460047682999971, 0.0 ], [ 118.8249699590001, -8.460046085999977, 0.0 ], [ 118.825344905000065, -8.459990179999977, 0.0 ], [ 118.825385586000039, -8.459960274999958, 0.0 ], [ 118.826017341000011, -8.459854140999937, 0.0 ], [ 118.826038791000087, -8.459850941999946, 0.0 ], [ 118.826412933000029, -8.45977125099995, 0.0 ], [ 118.826542460000042, -8.459465349999959, 0.0 ], [ 118.826591593000103, -8.459118767999939, 0.0 ], [ 118.826561483000091, -8.458891956999935, 0.0 ], [ 118.826525023000045, -8.458649955999931, 0.0 ], [ 118.826463947000093, -8.458358125999951, 0.0 ], [ 118.826623636000022, -8.45813803599998, 0.0 ], [ 118.826951066000106, -8.458089233999942, 0.0 ], [ 118.827132205000112, -8.458123884999964, 0.0 ], [ 118.827195145000019, -8.457878691999952, 0.0 ], [ 118.827326948000064, -8.457516609999971, 0.0 ], [ 118.827346745000114, -8.457487942999933, 0.0 ], [ 118.827472825000086, -8.457261648999975, 0.0 ], [ 118.827377134000017, -8.457204759999968, 0.0 ], [ 118.827350634000027, -8.457196395999972, 0.0 ], [ 118.827170778000095, -8.457090928999946, 0.0 ], [ 118.827126472000032, -8.457064947999982, 0.0 ], [ 118.827092769000046, -8.457030311999972, 0.0 ], [ 118.826934510000115, -8.456930540999963, 0.0 ], [ 118.826612439000087, -8.45676130399994, 0.0 ], [ 118.826356454, -8.456592659999956, 0.0 ], [ 118.826227882000012, -8.45647792699998, 0.0 ], [ 118.826222424000093, -8.456473055999936, 0.0 ], [ 118.826462746000061, -8.456017222999947, 0.0 ], [ 118.826568898000119, -8.455691830999967, 0.0 ], [ 118.826675049000073, -8.455366438999931, 0.0 ], [ 118.82915613800003, -8.454597778999926, 0.0 ], [ 118.829616639000051, -8.45474709399997, 0.0 ], [ 118.83108112900004, -8.455221945999938, 0.0 ], [ 118.831327160000114, -8.455359847999944, 0.0 ], [ 118.831860945000017, -8.455659038999954, 0.0 ], [ 118.83228998300001, -8.455519967999976, 0.0 ], [ 118.83292666400007, -8.455313589999946, 0.0 ], [ 118.833567090000088, -8.454673469999932, 0.0 ], [ 118.834009268000045, -8.45468402299997, 0.0 ], [ 118.834526484000094, -8.455158723999944, 0.0 ], [ 118.834653554000056, -8.455275349999965, 0.0 ], [ 118.834888338000042, -8.455490834999978, 0.0 ], [ 118.834917587000064, -8.455487510999944, 0.0 ], [ 118.835055168000054, -8.455512931999976, 0.0 ], [ 118.836023368000042, -8.455691826999953, 0.0 ], [ 118.836052477000067, -8.455688518999978, 0.0 ], [ 118.836553245000118, -8.455993752999973, 0.0 ], [ 118.836772564000057, -8.456127434999928, 0.0 ], [ 118.837259360000076, -8.456310920999954, 0.0 ], [ 118.838080347000073, -8.456620370999929, 0.0 ], [ 118.840193847000023, -8.45704114199998, 0.0 ], [ 118.84151819300007, -8.457341449999944, 0.0 ], [ 118.841648208000038, -8.457370931999947, 0.0 ], [ 118.843883148000032, -8.45772565599998, 0.0 ], [ 118.845568153000045, -8.45825032099998, 0.0 ], [ 118.847032836000039, -8.458348354999941, 0.0 ], [ 118.848118045000092, -8.458400788999938, 0.0 ], [ 118.8481628400001, -8.458401909999964, 0.0 ], [ 118.848776021000049, -8.458417255999962, 0.0 ], [ 118.849165790000029, -8.458427010999969, 0.0 ], [ 118.850457753000114, -8.457900605999953, 0.0 ], [ 118.851576972000089, -8.456971212999974, 0.0 ], [ 118.852303758000062, -8.456251219999956, 0.0 ], [ 118.853456600000072, -8.455935784999951, 0.0 ], [ 118.85437390200002, -8.456138062999969, 0.0 ], [ 118.855309934000047, -8.456546512999978, 0.0 ], [ 118.856816422000065, -8.456133748999946, 0.0 ], [ 118.858052117000057, -8.455412979999949, 0.0 ], [ 118.859201866000035, -8.454785823999941, 0.0 ], [ 118.859718057, -8.454670974999942, 0.0 ], [ 118.860642336000069, -8.454465329999948, 0.0 ], [ 118.861825490000115, -8.454394437999952, 0.0 ], [ 118.863916748000065, -8.453606285999967, 0.0 ], [ 118.865823028000023, -8.453695459999949, 0.0 ], [ 118.866009813, -8.453692769999975, 0.0 ], [ 118.86766371300007, -8.453668949999951, 0.0 ], [ 118.868513178000057, -8.453402583999946, 0.0 ], [ 118.869243227000084, -8.453173662999973, 0.0 ], [ 118.869499350000069, -8.45309335099995, 0.0 ], [ 118.870083837000038, -8.452895224999963, 0.0 ], [ 118.871432050000067, -8.452662306999969, 0.0 ], [ 118.872336234000045, -8.451785920999953, 0.0 ], [ 118.872892513000011, -8.451246743999945, 0.0 ], [ 118.874136017000069, -8.450541673999965, 0.0 ], [ 118.875865242000032, -8.450786562999951, 0.0 ], [ 118.878038767000021, -8.450187562999929, 0.0 ], [ 118.878169036000031, -8.45021688099996, 0.0 ], [ 118.878331942000045, -8.450198333999936, 0.0 ], [ 118.879980825000075, -8.449667456999975, 0.0 ], [ 118.880037067000103, -8.449649348999969, 0.0 ], [ 118.880168069000092, -8.449634429999946, 0.0 ], [ 118.880266322000011, -8.449623240999927, 0.0 ], [ 118.881923635000021, -8.448906989999955, 0.0 ], [ 118.882103249000011, -8.448829364999938, 0.0 ], [ 118.882162016000052, -8.448820799999964, 0.0 ], [ 118.882547410000029, -8.449637245999952, 0.0 ], [ 118.882804571000065, -8.450710342999969, 0.0 ], [ 118.88292732900004, -8.451282730999935, 0.0 ], [ 118.883277982000095, -8.451842084999953, 0.0 ], [ 118.88415688300006, -8.452470517999927, 0.0 ], [ 118.885599578000097, -8.45249543999995, 0.0 ], [ 118.886296695000055, -8.45283804099995, 0.0 ], [ 118.886543915000061, -8.453663113999937, 0.0 ], [ 118.886537522000026, -8.453753735999953, 0.0 ], [ 118.886521775, -8.45397696699996, 0.0 ], [ 118.886414604000038, -8.454750177999927, 0.0 ], [ 118.886226354000087, -8.455393900999979, 0.0 ], [ 118.88604121700007, -8.455801478999945, 0.0 ], [ 118.885860987000115, -8.456198252999968, 0.0 ], [ 118.885661841000115, -8.456537528999945, 0.0 ], [ 118.88551579600005, -8.456786337999972, 0.0 ], [ 118.885057308000114, -8.457534417999966, 0.0 ], [ 118.884668547000047, -8.458234146999928, 0.0 ], [ 118.884080213000061, -8.459082019999926, 0.0 ], [ 118.883885061000115, -8.459368465999944, 0.0 ], [ 118.883526619, -8.459894591999955, 0.0 ], [ 118.883260982000024, -8.460306204999938, 0.0 ], [ 118.882907468000099, -8.460853983999925, 0.0 ], [ 118.882616374, -8.461523927999963, 0.0 ], [ 118.882582999000078, -8.461600738999948, 0.0 ], [ 118.88257661800003, -8.461617478999926, 0.0 ], [ 118.882518013000094, -8.461771214999942, 0.0 ], [ 118.882287542000086, -8.462375796999936, 0.0 ], [ 118.882131038000011, -8.462853500999927, 0.0 ], [ 118.882018084000038, -8.463198274999968, 0.0 ], [ 118.881904329, -8.463952477999953, 0.0 ], [ 118.881787229000111, -8.464690830999928, 0.0 ], [ 118.881772302000059, -8.465286687999935, 0.0 ], [ 118.881766687000095, -8.465510843999937, 0.0 ], [ 118.881715820000068, -8.465862586999947, 0.0 ], [ 118.881638299000087, -8.466398647999938, 0.0 ], [ 118.881684630000109, -8.467843978999952, 0.0 ], [ 118.881700036000097, -8.468076579999945, 0.0 ], [ 118.881740997000065, -8.468695001999947, 0.0 ], [ 118.882007825000073, -8.469528059999959, 0.0 ], [ 118.882231101000116, -8.470155009999928, 0.0 ], [ 118.882581967000078, -8.470774338999945, 0.0 ], [ 118.883015098000101, -8.471640702999935, 0.0 ], [ 118.883108176000064, -8.471795913999927, 0.0 ], [ 118.883294481, -8.472106585999938, 0.0 ], [ 118.883501931000069, -8.472452518999944, 0.0 ], [ 118.883614692000037, -8.47263408699996, 0.0 ], [ 118.883774441000014, -8.472891315999959, 0.0 ], [ 118.883886829000062, -8.473072284999944, 0.0 ], [ 118.884007950000068, -8.47326731499993, 0.0 ], [ 118.884280547000117, -8.473645752999971, 0.0 ], [ 118.884626110000113, -8.474125486999981, 0.0 ], [ 118.884972986000093, -8.474683599999935, 0.0 ], [ 118.885317026000052, -8.475237149999941, 0.0 ], [ 118.885784030000082, -8.475968362999936, 0.0 ], [ 118.886069236000026, -8.476414925999961, 0.0 ], [ 118.886264021000102, -8.476680791999968, 0.0 ], [ 118.886667846000023, -8.477231979999942, 0.0 ], [ 118.886989845000016, -8.477701730999968, 0.0 ], [ 118.88711395200005, -8.477882784999963, 0.0 ], [ 118.887228167000103, -8.478049408999937, 0.0 ], [ 118.887273445, -8.478116741999941, 0.0 ], [ 118.887785471000029, -8.478878169999973, 0.0 ], [ 118.887905276000083, -8.479056330999981, 0.0 ], [ 118.888160854000034, -8.479485506999936, 0.0 ], [ 118.888243044000092, -8.47962352299993, 0.0 ], [ 118.888340345000074, -8.479786912999941, 0.0 ], [ 118.888437645000067, -8.479950302999953, 0.0 ], [ 118.888508119000107, -8.480042723999929, 0.0 ], [ 118.888600276000034, -8.480163580999942, 0.0 ], [ 118.888814073000049, -8.48044509999994, 0.0 ], [ 118.889008981000075, -8.480701747999944, 0.0 ], [ 118.889512486000058, -8.481364742999972, 0.0 ], [ 118.889539639000077, -8.481400397999948, 0.0 ], [ 118.890227857000014, -8.482304097999929, 0.0 ], [ 118.890732172000071, -8.483270122999954, 0.0 ], [ 118.891187485000046, -8.484066294999934, 0.0 ], [ 118.891377845000079, -8.484399162999978, 0.0 ], [ 118.892383796000104, -8.485630894999929, 0.0 ], [ 118.892405899000096, -8.485657957999933, 0.0 ], [ 118.892498173000035, -8.485777639999981, 0.0 ], [ 118.892795775000081, -8.486163640999962, 0.0 ], [ 118.893437313000049, -8.486934351999935, 0.0 ], [ 118.893437444000028, -8.48693450899998, 0.0 ], [ 118.893493573000114, -8.487001939999971, 0.0 ], [ 118.894221306000077, -8.487960682999926, 0.0 ], [ 118.895019181000066, -8.488751451999974, 0.0 ], [ 118.895049791000019, -8.488781788999972, 0.0 ], [ 118.895956628000022, -8.489791762999971, 0.0 ], [ 118.895999629000016, -8.489839653999979, 0.0 ], [ 118.895999305000032, -8.489839727999936, 0.0 ], [ 118.895936981000091, -8.489853904999961, 0.0 ], [ 118.895329491000098, -8.489992099999938, 0.0 ], [ 118.895216833000063, -8.490007600999945, 0.0 ], [ 118.894797579000056, -8.490065285999947, 0.0 ], [ 118.894494519000091, -8.490106983999965, 0.0 ], [ 118.894234123000047, -8.490142811999931, 0.0 ], [ 118.894018580000079, -8.490172468999958, 0.0 ], [ 118.893790411000055, -8.490188712999952, 0.0 ], [ 118.89270724000005, -8.490265828999952, 0.0 ], [ 118.891360272000043, -8.490288137999926, 0.0 ], [ 118.891220664000116, -8.490290449999975, 0.0 ], [ 118.890553773000079, -8.489436054999942, 0.0 ], [ 118.890486948000103, -8.489198686999941, 0.0 ], [ 118.890408856000022, -8.488921295999944, 0.0 ], [ 118.890056104000109, -8.48822789999997, 0.0 ], [ 118.889584561000106, -8.487683763999939, 0.0 ], [ 118.889521452000054, -8.487610939999968, 0.0 ], [ 118.888258240000027, -8.487103286999968, 0.0 ], [ 118.886356862000071, -8.486553383999933, 0.0 ], [ 118.885206955000058, -8.486336519999952, 0.0 ], [ 118.881954759000109, -8.485663839999972, 0.0 ], [ 118.880707440000037, -8.485537902999965, 0.0 ], [ 118.880269031000012, -8.48549363799998, 0.0 ], [ 118.880165040000065, -8.485464922999938, 0.0 ], [ 118.879063281000072, -8.484661099999926, 0.0 ], [ 118.878276573000107, -8.483899832999953, 0.0 ], [ 118.877505270000029, -8.483430603999977, 0.0 ], [ 118.876665071000048, -8.48317035599996, 0.0 ], [ 118.876091745000053, -8.483159204999936, 0.0 ], [ 118.875434594000012, -8.483162364999941, 0.0 ], [ 118.875063264000119, -8.483174136999935, 0.0 ], [ 118.874917329000027, -8.483178762999955, 0.0 ], [ 118.874470515000098, -8.483306100999926, 0.0 ], [ 118.873829098000101, -8.483670847999974, 0.0 ], [ 118.873576755000045, -8.48389582599998, 0.0 ], [ 118.873550446000081, -8.483919280999942, 0.0 ], [ 118.87330221000002, -8.484140594999928, 0.0 ], [ 118.872672528000066, -8.485090136999929, 0.0 ], [ 118.872270186000037, -8.485688024999945, 0.0 ], [ 118.871725705000017, -8.486041200999978, 0.0 ], [ 118.871064168000089, -8.486281040999927, 0.0 ], [ 118.871029834000069, -8.486279128999968, 0.0 ], [ 118.871018811000113, -8.486281170999973, 0.0 ], [ 118.870936548000032, -8.486296391999929, 0.0 ], [ 118.870831997000096, -8.486320164999938, 0.0 ], [ 118.870824895000055, -8.486321934999978, 0.0 ], [ 118.870440755000118, -8.486417692999964, 0.0 ], [ 118.870283536000102, -8.486474846999954, 0.0 ], [ 118.870254387000045, -8.486485443999982, 0.0 ], [ 118.870116251000013, -8.486535660999948, 0.0 ], [ 118.869883323000067, -8.486620337999966, 0.0 ], [ 118.869648042000108, -8.486716900999966, 0.0 ], [ 118.869505218000086, -8.486775517999945, 0.0 ], [ 118.869374336000078, -8.486819288999925, 0.0 ], [ 118.869110359000047, -8.486933348999969, 0.0 ], [ 118.868873584000085, -8.487060588999952, 0.0 ], [ 118.868769231000101, -8.487168666999935, 0.0 ], [ 118.868678400000022, -8.487262740999938, 0.0 ], [ 118.868569705000027, -8.487375314999952, 0.0 ], [ 118.868540450000069, -8.48746065499995, 0.0 ], [ 118.8685363190001, -8.487478315999965, 0.0 ], [ 118.868528590000096, -8.487511354999981, 0.0 ], [ 118.868514244000039, -8.487572679999971, 0.0 ], [ 118.868490691000034, -8.487673358999928, 0.0 ], [ 118.868487077000054, -8.487688808999962, 0.0 ], [ 118.868452341000079, -8.48789818399996, 0.0 ], [ 118.868431771000019, -8.488022165999951, 0.0 ], [ 118.868429476000074, -8.488036000999955, 0.0 ], [ 118.868354871000065, -8.488485675999925, 0.0 ], [ 118.868309818000057, -8.488568715999975, 0.0 ], [ 118.868251919000045, -8.488675432999969, 0.0 ], [ 118.868186738000077, -8.488795573999937, 0.0 ], [ 118.868172480000112, -8.488821851999944, 0.0 ], [ 118.868150615000104, -8.488851499999953, 0.0 ], [ 118.868097861000024, -8.488923031999946, 0.0 ], [ 118.86809366600005, -8.488928719999933, 0.0 ], [ 118.867929904000107, -8.488915317999954, 0.0 ], [ 118.867845811000052, -8.488908435999974, 0.0 ], [ 118.867539093000119, -8.488974870999925, 0.0 ], [ 118.867437794000011, -8.488996811999925, 0.0 ], [ 118.867290266000055, -8.489144435999947, 0.0 ], [ 118.867126643, -8.489308163999965, 0.0 ], [ 118.867047318000118, -8.489387540999928, 0.0 ], [ 118.866974412000104, -8.489460493999957, 0.0 ], [ 118.866942208000069, -8.489492718999941, 0.0 ], [ 118.866763940000055, -8.489667704999931, 0.0 ], [ 118.866751584000099, -8.489679833999958, 0.0 ], [ 118.866735099000039, -8.489696014999936, 0.0 ], [ 118.86668171000008, -8.489745642999935, 0.0 ], [ 118.866632997000011, -8.489790924999966, 0.0 ], [ 118.866541904000087, -8.489907605999974, 0.0 ], [ 118.866535534000036, -8.489915764999978, 0.0 ], [ 118.866327933000093, -8.490050977999942, 0.0 ], [ 118.866180512000028, -8.490182610999966, 0.0 ], [ 118.866004143000055, -8.490431180999963, 0.0 ], [ 118.865779506000081, -8.490655019999963, 0.0 ], [ 118.865484725000101, -8.490769285999932, 0.0 ], [ 118.86530940900002, -8.49079424599995, 0.0 ], [ 118.865083489000085, -8.490696114999935, 0.0 ], [ 118.864926544000014, -8.49062152099998, 0.0 ], [ 118.864600515, -8.490681185999961, 0.0 ], [ 118.864223336, -8.490777583999943, 0.0 ], [ 118.864040321000061, -8.490802995999957, 0.0 ], [ 118.863495273000012, -8.490951004999943, 0.0 ], [ 118.863215685000114, -8.49104301999995, 0.0 ], [ 118.862933158000033, -8.491301444999976, 0.0 ], [ 118.862779649000117, -8.491462813999931, 0.0 ], [ 118.862384842000097, -8.491802010999947, 0.0 ], [ 118.861636813000018, -8.492114254999933, 0.0 ], [ 118.861318777000065, -8.492265353999926, 0.0 ], [ 118.860805352000057, -8.492757579999932, 0.0 ], [ 118.860670918000096, -8.492861810999955, 0.0 ], [ 118.860296565000112, -8.492895168999951, 0.0 ], [ 118.860129968000024, -8.492928284999948, 0.0 ], [ 118.859988477000115, -8.493068151999978, 0.0 ], [ 118.859946400000013, -8.493257638999978, 0.0 ], [ 118.859931180000103, -8.493495247999931, 0.0 ], [ 118.859857740000052, -8.493657219999932, 0.0 ], [ 118.859436713000036, -8.493949717999953, 0.0 ], [ 118.859001614000022, -8.494190389999972, 0.0 ], [ 118.858641728000066, -8.494635483999957, 0.0 ], [ 118.858495915000049, -8.494798415999981, 0.0 ], [ 118.858415650000097, -8.494853874999933, 0.0 ], [ 118.858079126, -8.494628792999947, 0.0 ], [ 118.857850816000109, -8.49453230499995, 0.0 ], [ 118.857507729000076, -8.494511483999929, 0.0 ], [ 118.857247298000061, -8.494594237999934, 0.0 ], [ 118.85702888000003, -8.494753238999976, 0.0 ], [ 118.856905027000039, -8.49483550399998, 0.0 ], [ 118.856903654, -8.494834580999964, 0.0 ], [ 118.856875828000057, -8.494815875999961, 0.0 ], [ 118.856326484000078, -8.494446588999949, 0.0 ], [ 118.856260973000076, -8.494397583999955, 0.0 ], [ 118.856231488000049, -8.494388502999925, 0.0 ], [ 118.85574646300006, -8.493846541999972, 0.0 ], [ 118.855519765000054, -8.493773595999926, 0.0 ], [ 118.855504094000025, -8.493772306999972, 0.0 ], [ 118.855213418000062, -8.493748402999927, 0.0 ], [ 118.855031143000019, -8.493682640999964, 0.0 ], [ 118.85490508700002, -8.493552167999951, 0.0 ], [ 118.854448358000013, -8.493379810999954, 0.0 ], [ 118.854145336000101, -8.493470078999962, 0.0 ], [ 118.853718613000069, -8.493646126999977, 0.0 ], [ 118.853433136000035, -8.493698773999938, 0.0 ], [ 118.853356972000029, -8.493700717999957, 0.0 ], [ 118.852722248000077, -8.493579519999969, 0.0 ], [ 118.852391749000049, -8.493516411999963, 0.0 ], [ 118.851338866000106, -8.493159712999955, 0.0 ], [ 118.851002588000028, -8.493007662999958, 0.0 ], [ 118.850792237000064, -8.492843912999945, 0.0 ], [ 118.85053280000011, -8.492514766999932, 0.0 ], [ 118.850303733000032, -8.49240967999998, 0.0 ], [ 118.850041044000022, -8.492417455999941, 0.0 ], [ 118.84993582900006, -8.492464740999935, 0.0 ], [ 118.849781458000052, -8.492659868999965, 0.0 ], [ 118.849747534000016, -8.492814202999966, 0.0 ], [ 118.849130604000038, -8.493773250999936, 0.0 ], [ 118.849056866000069, -8.493934616999979, 0.0 ], [ 118.849003775000028, -8.494402531999981, 0.0 ], [ 118.848981036000055, -8.494726697999965, 0.0 ], [ 118.848929472, -8.494918137999946, 0.0 ], [ 118.848849039000015, -8.495086759999936, 0.0 ], [ 118.848689615000012, -8.495203590999949, 0.0 ], [ 118.848496220000015, -8.495256511999969, 0.0 ], [ 118.848151703000099, -8.495221684999933, 0.0 ], [ 118.848076703000061, -8.495138711999971, 0.0 ], [ 118.848052560000042, -8.494921467999973, 0.0 ], [ 118.84792685900004, -8.494426636999947, 0.0 ], [ 118.847618992000093, -8.493972115999952, 0.0 ], [ 118.847404313000084, -8.493712216999938, 0.0 ], [ 118.846563099000036, -8.493297308999956, 0.0 ], [ 118.846359485000107, -8.493216589999975, 0.0 ], [ 118.846193240000048, -8.493227005999927, 0.0 ], [ 118.8459617420001, -8.493460659999926, 0.0 ], [ 118.845800709000059, -8.493867979999948, 0.0 ], [ 118.84569238600011, -8.494051704999947, 0.0 ], [ 118.84551117500007, -8.494206573999975, 0.0 ], [ 118.84521802200004, -8.494264983999926, 0.0 ], [ 118.844958405000057, -8.494235871999933, 0.0 ], [ 118.844353417000093, -8.493660558999977, 0.0 ], [ 118.844019625000101, -8.493365211999958, 0.0 ], [ 118.843760665000104, -8.493175006999934, 0.0 ], [ 118.843508313000029, -8.493088667999928, 0.0 ], [ 118.843390724000074, -8.493094965999944, 0.0 ], [ 118.842448585000056, -8.494786504999979, 0.0 ], [ 118.842231536000099, -8.49511027099993, 0.0 ], [ 118.842122472000028, -8.49521912299997, 0.0 ], [ 118.841692175000048, -8.495310716999938, 0.0 ], [ 118.841551032000098, -8.495325496999953, 0.0 ], [ 118.840920659000062, -8.495295595999949, 0.0 ], [ 118.840713133, -8.495329711999943, 0.0 ], [ 118.840749906000042, -8.495901469999978, 0.0 ], [ 118.840793198000028, -8.496212152999931, 0.0 ], [ 118.840679248000015, -8.496452553999973, 0.0 ], [ 118.840591541000094, -8.496549623999954, 0.0 ], [ 118.840394319000097, -8.496606175999943, 0.0 ], [ 118.840054982000083, -8.496616466999967, 0.0 ], [ 118.839616313000079, -8.496563743999957, 0.0 ], [ 118.839001540000027, -8.496313060999967, 0.0 ], [ 118.838787170000046, -8.496212797999931, 0.0 ], [ 118.838784774000032, -8.496212802999935, 0.0 ], [ 118.838635787000044, -8.496213114999932, 0.0 ], [ 118.838486231000047, -8.496317003999934, 0.0 ], [ 118.838072791000059, -8.496461849999946, 0.0 ], [ 118.837252855000088, -8.496619181999961, 0.0 ], [ 118.836957368000071, -8.496635654999977, 0.0 ], [ 118.83675130600011, -8.496647141999972, 0.0 ], [ 118.836584951000077, -8.496656415999951, 0.0 ], [ 118.836156540000047, -8.496624352999959, 0.0 ], [ 118.835677145000091, -8.49667773799996, 0.0 ], [ 118.835197831000073, -8.49674816199996, 0.0 ], [ 118.834941773000082, -8.496936823999931, 0.0 ], [ 118.834927237000102, -8.49748221699997, 0.0 ], [ 118.835286721000102, -8.497711784999979, 0.0 ], [ 118.835278082000059, -8.497718508999981, 0.0 ], [ 118.833813115000112, -8.498858667999968, 0.0 ], [ 118.832668336000097, -8.499749630999929, 0.0 ], [ 118.8289875910001, -8.502614294999944, 0.0 ], [ 118.828888414000062, -8.503099210999949, 0.0 ], [ 118.827694560000054, -8.503851680999958, 0.0 ], [ 118.82639817200004, -8.504382589999977, 0.0 ], [ 118.82572196600006, -8.504851664999933, 0.0 ], [ 118.825548558000037, -8.504971955999963, 0.0 ], [ 118.825085309000087, -8.505720990999976, 0.0 ], [ 118.824886945000117, -8.506690822999929, 0.0 ] ] ] ] } },
{ "type": "Feature", "properties": { "nm_kecamatan": "Asakota" }, "geometry": { "type": "MultiPolygon", "coordinates": [ [ [ [ 118.740720193000016, -8.40288256499997, 0.0 ], [ 118.740925083000093, -8.403419288999942, 0.0 ], [ 118.741517559000044, -8.40383669199997, 0.0 ], [ 118.742546745000027, -8.403798533999975, 0.0 ], [ 118.742619820000073, -8.403779507999957, 0.0 ], [ 118.742620441000099, -8.403779345999965, 0.0 ], [ 118.743794020000109, -8.403473792999932, 0.0 ], [ 118.744804678000037, -8.40306609199996, 0.0 ], [ 118.745607543, -8.402821125999935, 0.0 ], [ 118.745866329000023, -8.402742166999928, 0.0 ], [ 118.748036898, -8.40227336199996, 0.0 ], [ 118.74999859400009, -8.401946132999967, 0.0 ], [ 118.749999304000085, -8.401946014999965, 0.0 ], [ 118.750101099000062, -8.401946600999963, 0.0 ], [ 118.750356419000013, -8.401948070999936, 0.0 ], [ 118.75067343, -8.401968188999945, 0.0 ], [ 118.750926744000026, -8.401866070999972, 0.0 ], [ 118.751099208000028, -8.401746963999926, 0.0 ], [ 118.751129135000042, -8.401726295999936, 0.0 ], [ 118.751311458000032, -8.401545743999975, 0.0 ], [ 118.751507815000082, -8.401295511999933, 0.0 ], [ 118.751652743000022, -8.401057080999976, 0.0 ], [ 118.751867300000072, -8.400709355999936, 0.0 ], [ 118.752077840000084, -8.400368140999944, 0.0 ], [ 118.75249902600001, -8.399625240999967, 0.0 ], [ 118.752578062000111, -8.399485833999961, 0.0 ], [ 118.752805385000102, -8.399257614999954, 0.0 ], [ 118.753102845000058, -8.399096505999978, 0.0 ], [ 118.753134441000043, -8.399079392999965, 0.0 ], [ 118.753266026, -8.399057865999964, 0.0 ], [ 118.753449863000014, -8.399027789999934, 0.0 ], [ 118.753451444, -8.399027530999945, 0.0 ], [ 118.753603459000033, -8.399022391999949, 0.0 ], [ 118.753603596000062, -8.399022386999945, 0.0 ], [ 118.753882742000087, -8.399012951999964, 0.0 ], [ 118.754821763000109, -8.399059309999927, 0.0 ], [ 118.755849519000094, -8.399172987999975, 0.0 ], [ 118.756611576000068, -8.399278446999972, 0.0 ], [ 118.757193470000061, -8.399368420999963, 0.0 ], [ 118.757194877000074, -8.399368638999931, 0.0 ], [ 118.757246396000028, -8.399376604999929, 0.0 ], [ 118.757247085000017, -8.399376738999933, 0.0 ], [ 118.757881331000021, -8.399499987999945, 0.0 ], [ 118.758005118000028, -8.399520557999949, 0.0 ], [ 118.759371263000048, -8.39974757899995, 0.0 ], [ 118.759582634000026, -8.399782703999961, 0.0 ], [ 118.760598907000031, -8.399966941999935, 0.0 ], [ 118.761519278000037, -8.40016607299998, 0.0 ], [ 118.762178417000086, -8.400321254999938, 0.0 ], [ 118.762345712000069, -8.400356000999977, 0.0 ], [ 118.763189633000025, -8.40053127699997, 0.0 ], [ 118.763768838000033, -8.400638760999925, 0.0 ], [ 118.763769229000104, -8.400638833999949, 0.0 ], [ 118.763962212000024, -8.40067464599997, 0.0 ], [ 118.764575815000057, -8.40081863599994, 0.0 ], [ 118.76513078000005, -8.400946160999979, 0.0 ], [ 118.765595695000115, -8.401168930999972, 0.0 ], [ 118.765655892000041, -8.401197774999957, 0.0 ], [ 118.765773791000015, -8.401269550999928, 0.0 ], [ 118.766282008000076, -8.401578947999951, 0.0 ], [ 118.766421872000024, -8.401686177999977, 0.0 ], [ 118.769730018000018, -8.402733133999959, 0.0 ], [ 118.770563776000017, -8.40310476999997, 0.0 ], [ 118.770977356000117, -8.403366108999933, 0.0 ], [ 118.771072279, -8.403426089999925, 0.0 ], [ 118.77120375700008, -8.403749106999953, 0.0 ], [ 118.771259813000029, -8.404642012999943, 0.0 ], [ 118.771276281000041, -8.405405652999946, 0.0 ], [ 118.77130692500009, -8.406428116999962, 0.0 ], [ 118.771361162000062, -8.406919755999979, 0.0 ], [ 118.771688016000098, -8.40757961199995, 0.0 ], [ 118.772079732000066, -8.408370411999954, 0.0 ], [ 118.772894004000023, -8.409133255999961, 0.0 ], [ 118.773092449000046, -8.409385333999978, 0.0 ], [ 118.773443632000067, -8.409841324999945, 0.0 ], [ 118.773570087000053, -8.410075735999953, 0.0 ], [ 118.773807763000036, -8.41048884099996, 0.0 ], [ 118.773963475000073, -8.410667605999947, 0.0 ], [ 118.774093616000073, -8.410834009999974, 0.0 ], [ 118.774151958000061, -8.411164472999928, 0.0 ], [ 118.774443724000093, -8.41159179999994, 0.0 ], [ 118.774633476000076, -8.41178849299996, 0.0 ], [ 118.774657805000061, -8.411807550999981, 0.0 ], [ 118.775889114000051, -8.41252352999993, 0.0 ], [ 118.777020238000091, -8.412906802999942, 0.0 ], [ 118.778780525000116, -8.413375344999963, 0.0 ], [ 118.78017920100001, -8.413796894999962, 0.0 ], [ 118.780830408000043, -8.413877524999975, 0.0 ], [ 118.781074317000048, -8.413137817999939, 0.0 ], [ 118.781676471000083, -8.412869192999949, 0.0 ], [ 118.782035828000062, -8.41271338599995, 0.0 ], [ 118.782052087000011, -8.412707968999939, 0.0 ], [ 118.782553185000097, -8.412587439999982, 0.0 ], [ 118.78404036400002, -8.412733036999953, 0.0 ], [ 118.784333600000082, -8.412764977999927, 0.0 ], [ 118.784397587000058, -8.412779695999973, 0.0 ], [ 118.785468059000095, -8.412955115999978, 0.0 ], [ 118.785913236000056, -8.413041629999952, 0.0 ], [ 118.787182563000101, -8.412788174999946, 0.0 ], [ 118.788199695000117, -8.412261515999944, 0.0 ], [ 118.789224756000067, -8.41199200799997, 0.0 ], [ 118.789428421000025, -8.412024850999956, 0.0 ], [ 118.789491967000117, -8.412145169999974, 0.0 ], [ 118.789435016000084, -8.412405942999953, 0.0 ], [ 118.789251995000086, -8.412647991999961, 0.0 ], [ 118.789141655000094, -8.412889708999955, 0.0 ], [ 118.789147673000116, -8.413145370999928, 0.0 ], [ 118.789224242000046, -8.413904689999981, 0.0 ], [ 118.789688971000032, -8.414998799999978, 0.0 ], [ 118.790095001000054, -8.415443848999928, 0.0 ], [ 118.790648865000094, -8.416312777999963, 0.0 ], [ 118.791327260000116, -8.417103653999959, 0.0 ], [ 118.791791043000103, -8.417561013999943, 0.0 ], [ 118.792056654000021, -8.418032419999975, 0.0 ], [ 118.792609123000034, -8.418514218999974, 0.0 ], [ 118.792710687000067, -8.419151712999962, 0.0 ], [ 118.792740425000034, -8.420255733999966, 0.0 ], [ 118.793039134000082, -8.420867791999967, 0.0 ], [ 118.793271065000113, -8.421156591999932, 0.0 ], [ 118.793896890000042, -8.421647376999942, 0.0 ], [ 118.794547556000111, -8.421973426999955, 0.0 ], [ 118.795317170000089, -8.422498695999934, 0.0 ], [ 118.795745428000032, -8.423225288999959, 0.0 ], [ 118.796513690000097, -8.423456789999932, 0.0 ], [ 118.796881528000085, -8.423878136999974, 0.0 ], [ 118.797189918000072, -8.424205746999974, 0.0 ], [ 118.797497497000109, -8.424357099999952, 0.0 ], [ 118.797920099000066, -8.424691400999961, 0.0 ], [ 118.798073650000106, -8.424905764999949, 0.0 ], [ 118.798567477, -8.42505072299997, 0.0 ], [ 118.799110844000097, -8.425244527999951, 0.0 ], [ 118.799606825000069, -8.425855672999944, 0.0 ], [ 118.800077923000117, -8.426417857999979, 0.0 ], [ 118.801113418000114, -8.426388570999961, 0.0 ], [ 118.802251222000109, -8.427661837999949, 0.0 ], [ 118.802990796000017, -8.427469934999976, 0.0 ], [ 118.803906813000026, -8.42695817699996, 0.0 ], [ 118.805432758000052, -8.42609615899994, 0.0 ], [ 118.806187397000031, -8.425359550999929, 0.0 ], [ 118.806258071000116, -8.425099336999949, 0.0 ], [ 118.806568902000095, -8.425531811999974, 0.0 ], [ 118.806844236000074, -8.425929308999969, 0.0 ], [ 118.806905893000021, -8.426513923999948, 0.0 ], [ 118.807298987000081, -8.427112544999943, 0.0 ], [ 118.807669720000035, -8.427651526999966, 0.0 ], [ 118.808050749000017, -8.427878497999927, 0.0 ], [ 118.808484720000024, -8.428225904999977, 0.0 ], [ 118.808929015000103, -8.42845217799993, 0.0 ], [ 118.809245960000112, -8.428697993999947, 0.0 ], [ 118.809568079000087, -8.428833494999935, 0.0 ], [ 118.809783063000054, -8.429112260999943, 0.0 ], [ 118.809955539000043, -8.429352834999975, 0.0 ], [ 118.809878461000039, -8.429685204999942, 0.0 ], [ 118.809549056000037, -8.430157177999945, 0.0 ], [ 118.809538735000046, -8.43016236699998, 0.0 ], [ 118.809324678000053, -8.430450117999953, 0.0 ], [ 118.809045071000014, -8.430630881999946, 0.0 ], [ 118.808971922000069, -8.430678171999944, 0.0 ], [ 118.808563545000084, -8.431045175999941, 0.0 ], [ 118.808108175000029, -8.43153022499996, 0.0 ], [ 118.808084938000093, -8.431556083999965, 0.0 ], [ 118.807907084000021, -8.431754000999945, 0.0 ], [ 118.80772536500001, -8.431956218999971, 0.0 ], [ 118.807681683000055, -8.432004828999936, 0.0 ], [ 118.807384275000118, -8.432166214999938, 0.0 ], [ 118.807087548000027, -8.432417688999976, 0.0 ], [ 118.806746384, -8.43269543599996, 0.0 ], [ 118.806686261000095, -8.432918764999954, 0.0 ], [ 118.806474195000078, -8.433054099999936, 0.0 ], [ 118.806249259000083, -8.433254520999981, 0.0 ], [ 118.806032778000031, -8.433384933999946, 0.0 ], [ 118.805816507000031, -8.433521086999974, 0.0 ], [ 118.805633274000115, -8.433654329999968, 0.0 ], [ 118.805372398000031, -8.433705724999982, 0.0 ], [ 118.805186849000052, -8.433689725999955, 0.0 ], [ 118.804973852000103, -8.433741784999938, 0.0 ], [ 118.804803969000091, -8.433816132999937, 0.0 ], [ 118.804565669000112, -8.43395531799996, 0.0 ], [ 118.804437144000076, -8.434108142999946, 0.0 ], [ 118.804301305000081, -8.434163789999957, 0.0 ], [ 118.80415628500009, -8.434223198999973, 0.0 ], [ 118.803820219000045, -8.434338037999964, 0.0 ], [ 118.803555503000098, -8.43437346199994, 0.0 ], [ 118.803344097000036, -8.434401752999975, 0.0 ], [ 118.802988053000036, -8.434532045999958, 0.0 ], [ 118.802612195000052, -8.434582718999934, 0.0 ], [ 118.802528266000081, -8.434597992999954, 0.0 ], [ 118.802165089000027, -8.434664085999941, 0.0 ], [ 118.801708981000047, -8.434858211999938, 0.0 ], [ 118.801185595000106, -8.435086747999947, 0.0 ], [ 118.80074262800008, -8.435173870999961, 0.0 ], [ 118.800475138000024, -8.435262236999961, 0.0 ], [ 118.800299884000083, -8.435178352999969, 0.0 ], [ 118.800278509, -8.435223010999948, 0.0 ], [ 118.800164342000016, -8.435121245999937, 0.0 ], [ 118.799836077, -8.435002345999976, 0.0 ], [ 118.79957158000002, -8.435005536999938, 0.0 ], [ 118.799350496000102, -8.434860611999966, 0.0 ], [ 118.799126723000086, -8.434723531999964, 0.0 ], [ 118.798676711000098, -8.434670342999937, 0.0 ], [ 118.798157672000116, -8.434618906999958, 0.0 ], [ 118.797688847000018, -8.434508324999967, 0.0 ], [ 118.797182759000066, -8.434721713999977, 0.0 ], [ 118.797170126000083, -8.43473568099995, 0.0 ], [ 118.796702143000061, -8.435123478999969, 0.0 ], [ 118.796205298000018, -8.435477189999972, 0.0 ], [ 118.795667843000047, -8.435782138999969, 0.0 ], [ 118.795252462, -8.436118397999962, 0.0 ], [ 118.795237730000053, -8.436115728999937, 0.0 ], [ 118.794858019000117, -8.436437776999981, 0.0 ], [ 118.794483925, -8.436606964999953, 0.0 ], [ 118.794075034000116, -8.436581915999966, 0.0 ], [ 118.793510983000033, -8.436594812999942, 0.0 ], [ 118.793479668000032, -8.436601960999951, 0.0 ], [ 118.793457191000016, -8.436599807999926, 0.0 ], [ 118.793427196000039, -8.436596935999944, 0.0 ], [ 118.793075512000087, -8.436810451999975, 0.0 ], [ 118.792524754000056, -8.436823208999954, 0.0 ], [ 118.79249491500002, -8.436818104999929, 0.0 ], [ 118.792479977000085, -8.436815548999959, 0.0 ], [ 118.791986685000097, -8.436807672999976, 0.0 ], [ 118.791560701000094, -8.436684115999981, 0.0 ], [ 118.791062258000011, -8.436654357999942, 0.0 ], [ 118.791054161000034, -8.436653588999945, 0.0 ], [ 118.790636113, -8.436658419999958, 0.0 ], [ 118.790619397000114, -8.436658647999934, 0.0 ], [ 118.790209911000034, -8.436606769999969, 0.0 ], [ 118.790152589000058, -8.436594604999925, 0.0 ], [ 118.789848812000059, -8.436423497999954, 0.0 ], [ 118.789823627000033, -8.436419025999953, 0.0 ], [ 118.78932348, -8.436294154999928, 0.0 ], [ 118.788826617000041, -8.436240735999945, 0.0 ], [ 118.788124209000102, -8.43639092199993, 0.0 ], [ 118.78756488800002, -8.43639160999993, 0.0 ], [ 118.787051838000025, -8.436414930999945, 0.0 ], [ 118.786571081000034, -8.436452435999968, 0.0 ], [ 118.785989289000099, -8.436470244999953, 0.0 ], [ 118.785970604000113, -8.436484056999973, 0.0 ], [ 118.785431138000035, -8.43651983899997, 0.0 ], [ 118.784977957000024, -8.436451728999941, 0.0 ], [ 118.784522560000028, -8.436552337999956, 0.0 ], [ 118.784108361000108, -8.436534979999976, 0.0 ], [ 118.78358976700008, -8.436529288999964, 0.0 ], [ 118.783209347000025, -8.43650553699996, 0.0 ], [ 118.782824997000034, -8.436550925999938, 0.0 ], [ 118.782798877000118, -8.436562479999964, 0.0 ], [ 118.782417626000097, -8.436675583999943, 0.0 ], [ 118.782400426000095, -8.43668564799998, 0.0 ], [ 118.782132525000065, -8.436870173999978, 0.0 ], [ 118.782104939000078, -8.436901301999967, 0.0 ], [ 118.78183127200009, -8.437096735999944, 0.0 ], [ 118.781783668000116, -8.437120832999938, 0.0 ], [ 118.781758669000055, -8.437146150999979, 0.0 ], [ 118.781438741000102, -8.437232718999951, 0.0 ], [ 118.781415367000022, -8.437253676999944, 0.0 ], [ 118.781127261000051, -8.437228381999944, 0.0 ], [ 118.781089937000047, -8.437231420999979, 0.0 ], [ 118.78080013400006, -8.437320840999973, 0.0 ], [ 118.780444930000044, -8.437464199999965, 0.0 ], [ 118.779941278000024, -8.437587657999927, 0.0 ], [ 118.779664101000094, -8.43768984999997, 0.0 ], [ 118.779297386000053, -8.43779632299993, 0.0 ], [ 118.778799764000041, -8.438407837999932, 0.0 ], [ 118.778360858000042, -8.439353530999938, 0.0 ], [ 118.777968496000085, -8.440376914999945, 0.0 ], [ 118.777878993000058, -8.44080020499996, 0.0 ], [ 118.777726653000059, -8.441385483999966, 0.0 ], [ 118.77770393600008, -8.441472762999979, 0.0 ], [ 118.777435020000098, -8.442356984999947, 0.0 ], [ 118.777425597000047, -8.44240300499996, 0.0 ], [ 118.777235621000045, -8.442830482999966, 0.0 ], [ 118.777042526000059, -8.44306415799997, 0.0 ], [ 118.776867151000033, -8.443268748999969, 0.0 ], [ 118.776554517000022, -8.443219448999969, 0.0 ], [ 118.776331665000043, -8.443040896999946, 0.0 ], [ 118.776025495000113, -8.442837552999947, 0.0 ], [ 118.775743189000082, -8.442599563999977, 0.0 ], [ 118.775421849000054, -8.442556364999973, 0.0 ], [ 118.775409567000111, -8.442555110999933, 0.0 ], [ 118.775105336000024, -8.442536315999973, 0.0 ], [ 118.7750122220001, -8.442530562999934, 0.0 ], [ 118.774987510000074, -8.442524656999979, 0.0 ], [ 118.774829235000084, -8.44260266699996, 0.0 ], [ 118.774684137, -8.442674181999962, 0.0 ], [ 118.774671762000025, -8.442690682999967, 0.0 ], [ 118.774370925000085, -8.442798478999975, 0.0 ], [ 118.774358842000083, -8.442797317999975, 0.0 ], [ 118.774120664000066, -8.442699550999976, 0.0 ], [ 118.773792582000056, -8.442518130999929, 0.0 ], [ 118.773393318000103, -8.442443530999981, 0.0 ], [ 118.773105632000011, -8.44230799199994, 0.0 ], [ 118.77290464400005, -8.442092988999946, 0.0 ], [ 118.772899363000079, -8.44207604199994, 0.0 ], [ 118.772616448, -8.441580608999971, 0.0 ], [ 118.772280209000087, -8.441287054999975, 0.0 ], [ 118.771813349000013, -8.441137108999953, 0.0 ], [ 118.771782515000041, -8.441122064999945, 0.0 ], [ 118.771202860000017, -8.440928907999933, 0.0 ], [ 118.771162863000086, -8.440953682999975, 0.0 ], [ 118.770746210000084, -8.44098883199996, 0.0 ], [ 118.770679437000013, -8.440908726999965, 0.0 ], [ 118.770645156000114, -8.440920536999954, 0.0 ], [ 118.77063148000002, -8.440925246999939, 0.0 ], [ 118.7702147010001, -8.44065588199993, 0.0 ], [ 118.769648728000107, -8.440303422999932, 0.0 ], [ 118.769282977000103, -8.440275751999934, 0.0 ], [ 118.769044094000037, -8.440224848999947, 0.0 ], [ 118.768815024000105, -8.440331704999949, 0.0 ], [ 118.768608052000104, -8.440397880999967, 0.0 ], [ 118.768571435000013, -8.440421252999954, 0.0 ], [ 118.768359049000082, -8.440430078999952, 0.0 ], [ 118.768163163000054, -8.440243176999957, 0.0 ], [ 118.76798292, -8.440101593999941, 0.0 ], [ 118.767612650000046, -8.439929333999942, 0.0 ], [ 118.767598906000103, -8.439920686999926, 0.0 ], [ 118.767287939000084, -8.439812975999928, 0.0 ], [ 118.766983118000098, -8.439760322999973, 0.0 ], [ 118.766731112000116, -8.439863363999962, 0.0 ], [ 118.766376307000087, -8.44003665799994, 0.0 ], [ 118.766169672000046, -8.440292810999949, 0.0 ], [ 118.766149945000052, -8.440316750999955, 0.0 ], [ 118.766023924000024, -8.440535047999958, 0.0 ], [ 118.765935796, -8.440743581999925, 0.0 ], [ 118.766010228000027, -8.441121419999945, 0.0 ], [ 118.765895131000093, -8.441307536999943, 0.0 ], [ 118.765657430000033, -8.441595305999954, 0.0 ], [ 118.76553599500005, -8.441642085999945, 0.0 ], [ 118.765408415000024, -8.44151408099998, 0.0 ], [ 118.765303912000036, -8.441278745999966, 0.0 ], [ 118.764985807000016, -8.441370911999968, 0.0 ], [ 118.764655908, -8.441456649999964, 0.0 ], [ 118.764330396000105, -8.441582705999963, 0.0 ], [ 118.763897258000043, -8.441822092999928, 0.0 ], [ 118.763890790000119, -8.441821605999962, 0.0 ], [ 118.763428588000011, -8.44205256999993, 0.0 ], [ 118.763413638000088, -8.442062206999935, 0.0 ], [ 118.763128142000028, -8.442216238999947, 0.0 ], [ 118.763119847000098, -8.44222661799995, 0.0 ], [ 118.762846386000092, -8.44243389199994, 0.0 ], [ 118.762818947000028, -8.442452056999969, 0.0 ], [ 118.762805273000026, -8.442461108999964, 0.0 ], [ 118.762518803000034, -8.442647446999956, 0.0 ], [ 118.762186108000037, -8.442829633999963, 0.0 ], [ 118.761842193, -8.442922211999928, 0.0 ], [ 118.761824516000047, -8.442929230999937, 0.0 ], [ 118.761492359000044, -8.442961337999975, 0.0 ], [ 118.761486511000044, -8.442960409999955, 0.0 ], [ 118.76108145, -8.442946817999939, 0.0 ], [ 118.761075485000106, -8.442945880999957, 0.0 ], [ 118.760716307000052, -8.442870118999963, 0.0 ], [ 118.760241221000115, -8.442746516999932, 0.0 ], [ 118.760042328000054, -8.442809089999969, 0.0 ], [ 118.759817071000043, -8.442910606999931, 0.0 ], [ 118.759588925000116, -8.443062788999953, 0.0 ], [ 118.759354792000067, -8.443209981999928, 0.0 ], [ 118.759152888000017, -8.443338603999962, 0.0 ], [ 118.759003852000092, -8.443417701999977, 0.0 ], [ 118.75869534800006, -8.443612694999956, 0.0 ], [ 118.758391449000101, -8.443833877999964, 0.0 ], [ 118.758383809000065, -8.443841281999937, 0.0 ], [ 118.758155623000107, -8.444034491999957, 0.0 ], [ 118.757922831000087, -8.444283533999965, 0.0 ], [ 118.757889089000059, -8.444319630999928, 0.0 ], [ 118.757881908000059, -8.444327353999938, 0.0 ], [ 118.757678823000106, -8.444599637999943, 0.0 ], [ 118.757415876000096, -8.444797474999973, 0.0 ], [ 118.757384510000065, -8.444805557999928, 0.0 ], [ 118.757146051000063, -8.444861266999965, 0.0 ], [ 118.756984733000081, -8.444878162999942, 0.0 ], [ 118.756979505000118, -8.444878296999946, 0.0 ], [ 118.756791006000071, -8.444911692999938, 0.0 ], [ 118.756522822000079, -8.444926904999932, 0.0 ], [ 118.756338805000041, -8.444899562999979, 0.0 ], [ 118.756204219000097, -8.444847860999971, 0.0 ], [ 118.756017807000035, -8.444794280999929, 0.0 ], [ 118.755995987, -8.444791768999949, 0.0 ], [ 118.755957060000014, -8.444798290999927, 0.0 ], [ 118.755909522000024, -8.444806255999936, 0.0 ], [ 118.755796105000059, -8.444794669999965, 0.0 ], [ 118.755361626000081, -8.444750288999956, 0.0 ], [ 118.75498716200002, -8.444528196999954, 0.0 ], [ 118.754939907000107, -8.444476429999952, 0.0 ], [ 118.754472398000075, -8.443964280999978, 0.0 ], [ 118.754436885000018, -8.443960119999929, 0.0 ], [ 118.754408051000041, -8.443909470999927, 0.0 ], [ 118.754370797000092, -8.443816668999943, 0.0 ], [ 118.754308223000066, -8.44368846499998, 0.0 ], [ 118.754192689000092, -8.443598469999927, 0.0 ], [ 118.754175918000101, -8.443671337999945, 0.0 ], [ 118.754142966000018, -8.443812382999965, 0.0 ], [ 118.754119391000017, -8.443922100999941, 0.0 ], [ 118.753889885000035, -8.443874207999954, 0.0 ], [ 118.753863706000061, -8.443866143999969, 0.0 ], [ 118.753511858000024, -8.443729746999963, 0.0 ], [ 118.753455525000049, -8.443699868999943, 0.0 ], [ 118.753222427000082, -8.44355795499996, 0.0 ], [ 118.753125732000058, -8.443470570999978, 0.0 ], [ 118.752886125000032, -8.443254063999973, 0.0 ], [ 118.752860083000087, -8.443287660999943, 0.0 ], [ 118.752807350000012, -8.44335569499998, 0.0 ], [ 118.752800754000077, -8.443364204999966, 0.0 ], [ 118.752700360000063, -8.443493727999964, 0.0 ], [ 118.752619946000095, -8.443597472999954, 0.0 ], [ 118.752332189000072, -8.44396871999993, 0.0 ], [ 118.752324906000013, -8.443977328999949, 0.0 ], [ 118.752263082000013, -8.444057860999976, 0.0 ], [ 118.752207834000046, -8.444129816999975, 0.0 ], [ 118.751926464, -8.444496271999981, 0.0 ], [ 118.751925825000058, -8.444496026999957, 0.0 ], [ 118.751811042000099, -8.444612638999956, 0.0 ], [ 118.751664073000029, -8.444723420999935, 0.0 ], [ 118.751541626000062, -8.444821855999976, 0.0 ], [ 118.751443812000048, -8.444932417999951, 0.0 ], [ 118.7512605820001, -8.445177957999931, 0.0 ], [ 118.751052610000102, -8.44538689999996, 0.0 ], [ 118.750759111000093, -8.445706348999977, 0.0 ], [ 118.750600127000098, -8.445878363999952, 0.0 ], [ 118.750467549000064, -8.446018960999936, 0.0 ], [ 118.750379975000101, -8.446111831999929, 0.0 ], [ 118.750135190000037, -8.44633317399996, 0.0 ], [ 118.749976261000029, -8.446517424999968, 0.0 ], [ 118.749903134000078, -8.44665234799993, 0.0 ], [ 118.749854530000107, -8.446774925999932, 0.0 ], [ 118.749842903000058, -8.446921809999935, 0.0 ], [ 118.749794464000047, -8.44708109499993, 0.0 ], [ 118.749746522, -8.447350501999949, 0.0 ], [ 118.749685904000103, -8.447534312999949, 0.0 ], [ 118.749686400000087, -8.447644434999972, 0.0 ], [ 118.749576461000061, -8.447791758999927, 0.0 ], [ 118.74951623000004, -8.448061220999932, 0.0 ], [ 118.749406622000038, -8.448281958999928, 0.0 ], [ 118.749309192000055, -8.448478170999977, 0.0 ], [ 118.74928516500006, -8.448600637999959, 0.0 ], [ 118.749224603000016, -8.44879668599998, 0.0 ], [ 118.749200521000034, -8.448906916999931, 0.0 ], [ 118.749201348000042, -8.449090453999929, 0.0 ], [ 118.749177652000071, -8.449286336999933, 0.0 ], [ 118.74916608, -8.449445456999968, 0.0 ], [ 118.749163355000064, -8.44947209999998, 0.0 ], [ 118.749007788000085, -8.449375990999954, 0.0 ], [ 118.748959894000109, -8.449377818999949, 0.0 ], [ 118.748868906000098, -8.449376715999961, 0.0 ], [ 118.748788864000062, -8.449382205999939, 0.0 ], [ 118.748711175000039, -8.449384174999977, 0.0 ], [ 118.748622409000063, -8.449379516999954, 0.0 ], [ 118.7485531210001, -8.449384733999977, 0.0 ], [ 118.748488214000076, -8.449396683999964, 0.0 ], [ 118.74840568500008, -8.44937719099994, 0.0 ], [ 118.74830440900007, -8.449374944999931, 0.0 ], [ 118.748303393000015, -8.44937445599993, 0.0 ], [ 118.748289096, -8.449492352999926, 0.0 ], [ 118.748271037000109, -8.44962338299996, 0.0 ], [ 118.74826615500001, -8.449676446999945, 0.0 ], [ 118.74826117300006, -8.449730601999931, 0.0 ], [ 118.748243302000105, -8.449847439999928, 0.0 ], [ 118.748215496000057, -8.449920633999966, 0.0 ], [ 118.748178487000018, -8.449944659999971, 0.0 ], [ 118.748120610000115, -8.449972413999944, 0.0 ], [ 118.748076557000104, -8.449973120999971, 0.0 ], [ 118.748018590000015, -8.450004036999928, 0.0 ], [ 118.748042141000042, -8.450079344999949, 0.0 ], [ 118.748028834000024, -8.450144447999946, 0.0 ], [ 118.748003569000048, -8.450231691999932, 0.0 ], [ 118.747989179000115, -8.45031595599994, 0.0 ], [ 118.747975452000105, -8.450375740999959, 0.0 ], [ 118.747953694000103, -8.45043026899998, 0.0 ], [ 118.747917539000014, -8.450475082999958, 0.0 ], [ 118.747856046000038, -8.450523486999941, 0.0 ], [ 118.747817305000012, -8.450578988999951, 0.0 ], [ 118.747820857000079, -8.450670724999952, 0.0 ], [ 118.747869903000037, -8.450768902999926, 0.0 ], [ 118.74787351000009, -8.450856931999965, 0.0 ], [ 118.747834685000043, -8.450904271999946, 0.0 ], [ 118.747778585000106, -8.450925698999981, 0.0 ], [ 118.747703201000036, -8.450926838999976, 0.0 ], [ 118.747638495000047, -8.450938324999981, 0.0 ], [ 118.747581955000101, -8.450976978999961, 0.0 ], [ 118.747526438000023, -8.451023894999935, 0.0 ], [ 118.747425382000074, -8.451079319999963, 0.0 ], [ 118.747303715000044, -8.451114770999936, 0.0 ], [ 118.747126844000036, -8.451153861999956, 0.0 ], [ 118.747028404000048, -8.451159504999964, 0.0 ], [ 118.746908647000055, -8.451165935999938, 0.0 ], [ 118.746794627000099, -8.451157642999931, 0.0 ], [ 118.746722068000054, -8.451152013999945, 0.0 ], [ 118.746718502000022, -8.451148424999928, 0.0 ], [ 118.746671595000066, -8.451089796999952, 0.0 ], [ 118.746585606000053, -8.450971813999956, 0.0 ], [ 118.746540768000045, -8.450915343999952, 0.0 ], [ 118.746510229000023, -8.450876882999978, 0.0 ], [ 118.746428232000085, -8.450773117999972, 0.0 ], [ 118.746328392, -8.45066583299996, 0.0 ], [ 118.74623874800011, -8.450620860999948, 0.0 ], [ 118.746136230000047, -8.450625434999949, 0.0 ], [ 118.745997258000102, -8.450700738999956, 0.0 ], [ 118.745930840000028, -8.450774120999938, 0.0 ], [ 118.745886885000118, -8.450806965999959, 0.0 ], [ 118.74580719800008, -8.450817024999935, 0.0 ], [ 118.745678029000032, -8.450828028999979, 0.0 ], [ 118.745562199, -8.450833736999925, 0.0 ], [ 118.745464606000041, -8.450818746999971, 0.0 ], [ 118.745360209000069, -8.450808502999962, 0.0 ], [ 118.745296627000016, -8.450783949999959, 0.0 ], [ 118.745219675000044, -8.45083965699996, 0.0 ], [ 118.745187801000043, -8.450940489999937, 0.0 ], [ 118.745164317000103, -8.451002019999976, 0.0 ], [ 118.745097481000016, -8.451005201999976, 0.0 ], [ 118.74503246800009, -8.451001770999937, 0.0 ], [ 118.744925826000099, -8.450979513999926, 0.0 ], [ 118.744874814000013, -8.450984525999957, 0.0 ], [ 118.744814203000033, -8.450947318999965, 0.0 ], [ 118.744791251000038, -8.450933229999976, 0.0 ], [ 118.744680337000091, -8.450855513999954, 0.0 ], [ 118.744548918000078, -8.450793967999971, 0.0 ], [ 118.744483663000096, -8.450767090999932, 0.0 ], [ 118.744424802000026, -8.45077208999993, 0.0 ], [ 118.744231311000021, -8.450695277999955, 0.0 ], [ 118.744010631000037, -8.450607144999935, 0.0 ], [ 118.743779654000036, -8.450514899999973, 0.0 ], [ 118.743291100000079, -8.450372387999948, 0.0 ], [ 118.743280530000106, -8.450370233999934, 0.0 ], [ 118.742999920000102, -8.450313059999928, 0.0 ], [ 118.742424719000041, -8.45019586199993, 0.0 ], [ 118.741831601000058, -8.450139991999947, 0.0 ], [ 118.741754181000033, -8.450132698999937, 0.0 ], [ 118.741694088000031, -8.450220350999928, 0.0 ], [ 118.741705375000038, -8.450396153999975, 0.0 ], [ 118.741694095000071, -8.450672904999976, 0.0 ], [ 118.741676762000111, -8.451286490999962, 0.0 ], [ 118.741670444000079, -8.451334815999928, 0.0 ], [ 118.741600988000073, -8.451866023999969, 0.0 ], [ 118.741502134000029, -8.45215509999997, 0.0 ], [ 118.741366363000111, -8.452321927999947, 0.0 ], [ 118.741181574000052, -8.452417991999937, 0.0 ], [ 118.740963305000037, -8.452443247999952, 0.0 ], [ 118.740650911000102, -8.452518486999963, 0.0 ], [ 118.740440146000083, -8.452641744999937, 0.0 ], [ 118.740385942000103, -8.452663666999968, 0.0 ], [ 118.740157367000052, -8.452756099999931, 0.0 ], [ 118.740046352000036, -8.452807246999953, 0.0 ], [ 118.739908207000099, -8.452870893999943, 0.0 ], [ 118.73968772, -8.45296482699996, 0.0 ], [ 118.739548724000088, -8.453024041999981, 0.0 ], [ 118.739535903000046, -8.45307487599996, 0.0 ], [ 118.739479723000045, -8.453077647999976, 0.0 ], [ 118.739476491000119, -8.453077770999926, 0.0 ], [ 118.739028389000055, -8.453119570999945, 0.0 ], [ 118.738811610000084, -8.453137197999979, 0.0 ], [ 118.738602612000022, -8.453071454999929, 0.0 ], [ 118.737432425000065, -8.452265525999962, 0.0 ], [ 118.736790017000089, -8.452032506999956, 0.0 ], [ 118.735329271000069, -8.451825564999979, 0.0 ], [ 118.734713335000038, -8.451752925999926, 0.0 ], [ 118.734563796000089, -8.451639830999966, 0.0 ], [ 118.734324413000081, -8.451498435999952, 0.0 ], [ 118.733776308000074, -8.451284937999958, 0.0 ], [ 118.73331832000008, -8.451113932999931, 0.0 ], [ 118.73261358700006, -8.450850793999962, 0.0 ], [ 118.73254217300007, -8.450803280999935, 0.0 ], [ 118.73246486700009, -8.450743949999946, 0.0 ], [ 118.732337447000077, -8.450544653999941, 0.0 ], [ 118.732391324000105, -8.449940759999947, 0.0 ], [ 118.732399795000106, -8.44987753199996, 0.0 ], [ 118.732452575000025, -8.449526230999936, 0.0 ], [ 118.732346592000113, -8.449021223999978, 0.0 ], [ 118.732316344000083, -8.448917255999959, 0.0 ], [ 118.732170398000108, -8.448619897999947, 0.0 ], [ 118.731818304000058, -8.448227305999978, 0.0 ], [ 118.731792623000047, -8.448198667999975, 0.0 ], [ 118.731564338000112, -8.44796720599993, 0.0 ], [ 118.731360199000051, -8.447772615999952, 0.0 ], [ 118.731040922000034, -8.447483201999944, 0.0 ], [ 118.730300217000035, -8.446964027999968, 0.0 ], [ 118.73019381000006, -8.446889445999943, 0.0 ], [ 118.730130026000097, -8.446850388999962, 0.0 ], [ 118.729782983000064, -8.446551259999978, 0.0 ], [ 118.729324373000054, -8.446938366999973, 0.0 ], [ 118.728797395000015, -8.446756800999935, 0.0 ], [ 118.728722957000059, -8.446733648999952, 0.0 ], [ 118.728487875000042, -8.446675998999979, 0.0 ], [ 118.726941384000042, -8.446543230999964, 0.0 ], [ 118.726670827000021, -8.446515030999933, 0.0 ], [ 118.726625831000092, -8.446504622999953, 0.0 ], [ 118.726508508000052, -8.447204817999932, 0.0 ], [ 118.726473449000082, -8.447650179999926, 0.0 ], [ 118.726475238000035, -8.447915780999949, 0.0 ], [ 118.726422172000071, -8.448373328999935, 0.0 ], [ 118.726393668000014, -8.448622671999942, 0.0 ], [ 118.726388696000072, -8.448662303999981, 0.0 ], [ 118.726354271000105, -8.449186947999976, 0.0 ], [ 118.726120909000088, -8.449175589999982, 0.0 ], [ 118.725085850000028, -8.448956720999945, 0.0 ], [ 118.724243294000075, -8.448778663999974, 0.0 ], [ 118.723626514000102, -8.448650079999936, 0.0 ], [ 118.723469475000115, -8.448634477999974, 0.0 ], [ 118.723480526000117, -8.448708044999933, 0.0 ], [ 118.72348803400007, -8.44897760899994, 0.0 ], [ 118.723364207000031, -8.449870920999956, 0.0 ], [ 118.723347230000059, -8.449812433999966, 0.0 ], [ 118.723190769000098, -8.449624473999961, 0.0 ], [ 118.72289244000001, -8.44942216499993, 0.0 ], [ 118.722496331000116, -8.449316323999938, 0.0 ], [ 118.72230469100009, -8.449330548999967, 0.0 ], [ 118.722228360000031, -8.449353469999949, 0.0 ], [ 118.72144942500006, -8.448973222999939, 0.0 ], [ 118.720811132000108, -8.448709414999939, 0.0 ], [ 118.719997459000069, -8.44840757999998, 0.0 ], [ 118.719630887000108, -8.448300505999953, 0.0 ], [ 118.719636835000074, -8.448104200999978, 0.0 ], [ 118.719553554000072, -8.448009021999951, 0.0 ], [ 118.719375095000032, -8.447967381999945, 0.0 ], [ 118.71934950900004, -8.447952761999943, 0.0 ], [ 118.719628262000015, -8.447286305999967, 0.0 ], [ 118.719727772000056, -8.446970095999973, 0.0 ], [ 118.719698560000097, -8.446884104999981, 0.0 ], [ 118.719624938000038, -8.446890674999963, 0.0 ], [ 118.719078144000036, -8.446870081999975, 0.0 ], [ 118.719047919000104, -8.446801445999938, 0.0 ], [ 118.719041970000035, -8.446670574999928, 0.0 ], [ 118.719053867000071, -8.446498063999968, 0.0 ], [ 118.719051237000031, -8.446455979999939, 0.0 ], [ 118.718906254000103, -8.446304120999969, 0.0 ], [ 118.71887042700007, -8.44622086399994, 0.0 ], [ 118.718869973000096, -8.44622097599995, 0.0 ], [ 118.718770618, -8.44611258599997, 0.0 ], [ 118.718625139000096, -8.446030249999978, 0.0 ], [ 118.718507009000064, -8.445825006999939, 0.0 ], [ 118.718426181000041, -8.445585538999978, 0.0 ], [ 118.718408816000078, -8.445534092999935, 0.0 ], [ 118.718491590000099, -8.445169636999935, 0.0 ], [ 118.718408802000113, -8.444921208999972, 0.0 ], [ 118.718171595000058, -8.444867196999951, 0.0 ], [ 118.718048, -8.444828059999963, 0.0 ], [ 118.71801499500009, -8.444544209999947, 0.0 ], [ 118.718001377000064, -8.444519377999939, 0.0 ], [ 118.718016863000116, -8.44430669299993, 0.0 ], [ 118.717982783000025, -8.444206369999961, 0.0 ], [ 118.717977490000067, -8.444096350999928, 0.0 ], [ 118.717977152000117, -8.444019801999957, 0.0 ], [ 118.717957635000062, -8.443952904999946, 0.0 ], [ 118.717866212000104, -8.443924598999956, 0.0 ], [ 118.717846483000017, -8.443809858999941, 0.0 ], [ 118.717870086000062, -8.443714066999974, 0.0 ], [ 118.717927472000042, -8.443651616999944, 0.0 ], [ 118.718004353000083, -8.443651279999926, 0.0 ], [ 118.718056722000028, -8.443541008999944, 0.0 ], [ 118.718089977000091, -8.443454742999961, 0.0 ], [ 118.718065613000022, -8.44337829899996, 0.0 ], [ 118.717993431000082, -8.443354692999947, 0.0 ], [ 118.71794059900003, -8.44331124699994, 0.0 ], [ 118.71793750300003, -8.443311764999976, 0.0 ], [ 118.717841040000053, -8.443267167999977, 0.0 ], [ 118.717814305000047, -8.44319791099997, 0.0 ], [ 118.717799371000069, -8.443080756999962, 0.0 ], [ 118.717767684000023, -8.442978031999928, 0.0 ], [ 118.717735995000112, -8.442875304999973, 0.0 ], [ 118.717764297000031, -8.442755569999974, 0.0 ], [ 118.717792800000097, -8.442681285999981, 0.0 ], [ 118.717731536000088, -8.442410037999935, 0.0 ], [ 118.717613346, -8.442305297999951, 0.0 ], [ 118.717581521000056, -8.442171473999963, 0.0 ], [ 118.717461171000082, -8.442121764999968, 0.0 ], [ 118.717608093000081, -8.441660617999958, 0.0 ], [ 118.717761527000107, -8.441585786999951, 0.0 ], [ 118.717932075000022, -8.441577862999964, 0.0 ], [ 118.718078619000039, -8.441574827999943, 0.0 ], [ 118.718219865000037, -8.441373555999974, 0.0 ], [ 118.718252909000057, -8.441326468999932, 0.0 ], [ 118.71830508700009, -8.441173137999954, 0.0 ], [ 118.718347825000023, -8.441058124999927, 0.0 ], [ 118.718424198000093, -8.440942962999941, 0.0 ], [ 118.718553299000064, -8.44079886399993, 0.0 ], [ 118.718663615000082, -8.440752927999938, 0.0 ], [ 118.718778734000011, -8.44070697099994, 0.0 ], [ 118.718884625000101, -8.440747173999966, 0.0 ], [ 118.718964258000028, -8.440825767999968, 0.0 ], [ 118.719065492000027, -8.440899481999963, 0.0 ], [ 118.719164334000084, -8.440975599999945, 0.0 ], [ 118.719236812000076, -8.441066185999944, 0.0 ], [ 118.71930941700009, -8.441185478999955, 0.0 ], [ 118.719356521, -8.441242684999963, 0.0 ], [ 118.719354330000101, -8.441290538999965, 0.0 ], [ 118.719393109000066, -8.44136691999995, 0.0 ], [ 118.719712486000049, -8.441329634999931, 0.0 ], [ 118.72004615100002, -8.44126358099993, 0.0 ], [ 118.720394273000011, -8.441207031999966, 0.0 ], [ 118.720789203000095, -8.441140707999978, 0.0 ], [ 118.720849287000078, -8.441145227999925, 0.0 ], [ 118.721043839000117, -8.441132412999934, 0.0 ], [ 118.721248032000062, -8.44112673199993, 0.0 ], [ 118.721377853000035, -8.44114529999996, 0.0 ], [ 118.721519751000073, -8.441178166999975, 0.0 ], [ 118.721640099000069, -8.441227874999981, 0.0 ], [ 118.722283728000093, -8.441440345999979, 0.0 ], [ 118.722507544000109, -8.441525482999964, 0.0 ], [ 118.722596183000064, -8.44146767899997, 0.0 ], [ 118.722688683000115, -8.441196952999974, 0.0 ], [ 118.722697605, -8.441041419999976, 0.0 ], [ 118.722676412000055, -8.440931882999962, 0.0 ], [ 118.722677962000034, -8.440919032999943, 0.0 ], [ 118.722677996000016, -8.440919292999979, 0.0 ], [ 118.722678033000079, -8.440918984999939, 0.0 ], [ 118.722790974000077, -8.44060400099994, 0.0 ], [ 118.722813620000011, -8.440570032999972, 0.0 ], [ 118.723035060000029, -8.440385585999934, 0.0 ], [ 118.72311856400006, -8.440253646999963, 0.0 ], [ 118.72312510900008, -8.440102811999964, 0.0 ], [ 118.723219822000033, -8.44006182499993, 0.0 ], [ 118.72332108, -8.439870002999953, 0.0 ], [ 118.723338802000058, -8.439852200999951, 0.0 ], [ 118.723458614000037, -8.439731845999972, 0.0 ], [ 118.723637742000051, -8.439491836999935, 0.0 ], [ 118.723649198000089, -8.43936619599998, 0.0 ], [ 118.723744820000093, -8.439258124999981, 0.0 ], [ 118.723816126000088, -8.439084375999926, 0.0 ], [ 118.723845548000099, -8.43894669499997, 0.0 ], [ 118.723964479000074, -8.438677047999931, 0.0 ], [ 118.723972917000083, -8.438626699999929, 0.0 ], [ 118.723991011000066, -8.438593023999942, 0.0 ], [ 118.724402477000012, -8.437583675999974, 0.0 ], [ 118.724403496000036, -8.437583071999939, 0.0 ], [ 118.724450962000105, -8.437451291999935, 0.0 ], [ 118.724467712000092, -8.43734842899994, 0.0 ], [ 118.724474351000026, -8.437307656999963, 0.0 ], [ 118.724485647000051, -8.437146131999953, 0.0 ], [ 118.724461117000033, -8.43703261099995, 0.0 ], [ 118.724502339000082, -8.436847032999935, 0.0 ], [ 118.724561787000084, -8.436846770999978, 0.0 ], [ 118.724598439000033, -8.436846609999975, 0.0 ], [ 118.72462664000011, -8.436433829999942, 0.0 ], [ 118.724625711000044, -8.436224514999935, 0.0 ], [ 118.724625233000097, -8.436116867999942, 0.0 ], [ 118.724570258000085, -8.436112548999972, 0.0 ], [ 118.724553132000096, -8.436111203999928, 0.0 ], [ 118.724522252000042, -8.435919962999947, 0.0 ], [ 118.724530710000067, -8.435918051999977, 0.0 ], [ 118.724576255000102, -8.435907764999968, 0.0 ], [ 118.724556963000055, -8.43562078399998, 0.0 ], [ 118.724520528000085, -8.435531236999964, 0.0 ], [ 118.724465968000118, -8.43541784699994, 0.0 ], [ 118.724368887000082, -8.435196993999966, 0.0 ], [ 118.724295831000063, -8.434976034999977, 0.0 ], [ 118.724186884, -8.43478812799998, 0.0 ], [ 118.724126318000117, -8.434674763999965, 0.0 ], [ 118.724062157000049, -8.434617936999928, 0.0 ], [ 118.724055983000085, -8.434604025999931, 0.0 ], [ 118.723719533, -8.434053133999953, 0.0 ], [ 118.723552156000096, -8.433871111999963, 0.0 ], [ 118.723431085000016, -8.433658138999931, 0.0 ], [ 118.723303445000056, -8.433317808999959, 0.0 ], [ 118.723218007000014, -8.433013176999964, 0.0 ], [ 118.723181991000047, -8.432633984999939, 0.0 ], [ 118.723053032000053, -8.432392019999952, 0.0 ], [ 118.723002988000076, -8.432335018999936, 0.0 ], [ 118.722473346000015, -8.43168398499995, 0.0 ], [ 118.721589028000039, -8.430724044999977, 0.0 ], [ 118.72113661800006, -8.430387288999952, 0.0 ], [ 118.720813297000063, -8.43016483599996, 0.0 ], [ 118.720777314000088, -8.430176954999979, 0.0 ], [ 118.720753268000067, -8.430172275999951, 0.0 ], [ 118.720711606, -8.430086895999978, 0.0 ], [ 118.720648506000089, -8.430024616999958, 0.0 ], [ 118.720347327000013, -8.429828579999935, 0.0 ], [ 118.720160845, -8.429763610999942, 0.0 ], [ 118.719980477000036, -8.429722537999965, 0.0 ], [ 118.719854321000071, -8.429717110999945, 0.0 ], [ 118.719679800000108, -8.429640128999949, 0.0 ], [ 118.719535309000094, -8.429563014999928, 0.0 ], [ 118.719527501000016, -8.42955797999997, 0.0 ], [ 118.719420613000011, -8.429468585999928, 0.0 ], [ 118.719341592000092, -8.429419173999975, 0.0 ], [ 118.719318393000094, -8.429388654999968, 0.0 ], [ 118.719276085000047, -8.429383098999949, 0.0 ], [ 118.719203199000049, -8.429383417999929, 0.0 ], [ 118.71918349900011, -8.429383503999929, 0.0 ], [ 118.719039051000095, -8.429349689999981, 0.0 ], [ 118.718741467000086, -8.429013017999978, 0.0 ], [ 118.71864306100008, -8.42890168699995, 0.0 ], [ 118.718560914000022, -8.428796788999932, 0.0 ], [ 118.718062019000058, -8.428531038999949, 0.0 ], [ 118.717682037000031, -8.428363028999968, 0.0 ], [ 118.717376331000082, -8.42821827299997, 0.0 ], [ 118.717376029000093, -8.428218254999933, 0.0 ], [ 118.717130902, -8.428133225999943, 0.0 ], [ 118.716962541000044, -8.428090902999941, 0.0 ], [ 118.716876031000083, -8.428086496999981, 0.0 ], [ 118.716765941000062, -8.428182667999977, 0.0 ], [ 118.716627464000112, -8.428379435999943, 0.0 ], [ 118.716499396000017, -8.428587676999939, 0.0 ], [ 118.716241021000087, -8.428876997999964, 0.0 ], [ 118.715851287000078, -8.429212451999945, 0.0 ], [ 118.715716735000115, -8.429371281999977, 0.0 ], [ 118.715525670000034, -8.429467451999926, 0.0 ], [ 118.715405758000088, -8.429515820999939, 0.0 ], [ 118.71531561900008, -8.429545208999969, 0.0 ], [ 118.715257018000102, -8.429564314999936, 0.0 ], [ 118.715127728000084, -8.429665353999951, 0.0 ], [ 118.714940884000043, -8.429790565999951, 0.0 ], [ 118.714792416000023, -8.429901256999926, 0.0 ], [ 118.714653538000107, -8.43000712199995, 0.0 ], [ 118.714413818000025, -8.430127780999953, 0.0 ], [ 118.714349773000095, -8.430221121999978, 0.0 ], [ 118.714170019000107, -8.430311959999926, 0.0 ], [ 118.713524027000062, -8.430454985999972, 0.0 ], [ 118.713360972000032, -8.430460036999932, 0.0 ], [ 118.713149908000105, -8.430448475999981, 0.0 ], [ 118.712870998000085, -8.430156003999969, 0.0 ], [ 118.712751384000057, -8.429969378999942, 0.0 ], [ 118.712537882000106, -8.429769363999981, 0.0 ], [ 118.712325023000062, -8.429682992999972, 0.0 ], [ 118.712236557000097, -8.429531492999956, 0.0 ], [ 118.712157172000047, -8.429516491999948, 0.0 ], [ 118.712067870000055, -8.429423584999938, 0.0 ], [ 118.712071990000027, -8.429268071999957, 0.0 ], [ 118.712099035000051, -8.429168990999926, 0.0 ], [ 118.712099296000019, -8.429154041999936, 0.0 ], [ 118.712136046000069, -8.429083590999937, 0.0 ], [ 118.712157279000053, -8.428994986999953, 0.0 ], [ 118.71214046800003, -8.428929252999978, 0.0 ], [ 118.712144876000025, -8.428921036999952, 0.0 ], [ 118.71219657100005, -8.428824679999934, 0.0 ], [ 118.712259654000036, -8.428782826999964, 0.0 ], [ 118.712314552000066, -8.428701251999939, 0.0 ], [ 118.712352760000044, -8.428648455999962, 0.0 ], [ 118.712381316, -8.428586133999943, 0.0 ], [ 118.712446024000087, -8.42854996799997, 0.0 ], [ 118.712513030000082, -8.428489869999964, 0.0 ], [ 118.712555800000018, -8.428382032999934, 0.0 ], [ 118.712591363000115, -8.428274227999964, 0.0 ], [ 118.712610267000059, -8.42820237899997, 0.0 ], [ 118.712646009000082, -8.428135239999961, 0.0 ], [ 118.712657811000099, -8.428087343999948, 0.0 ], [ 118.712654668000027, -8.428081461999966, 0.0 ], [ 118.712686006000013, -8.427943208999977, 0.0 ], [ 118.712707112000089, -8.42782589799998, 0.0 ], [ 118.712706575000084, -8.427703895999969, 0.0 ], [ 118.712677303000078, -8.427603550999947, 0.0 ], [ 118.712634356000081, -8.427540008999927, 0.0 ], [ 118.712604943000088, -8.427316387999952, 0.0 ], [ 118.712620284000081, -8.427203101999964, 0.0 ], [ 118.712610306000101, -8.427119416999972, 0.0 ], [ 118.712542521000046, -8.427002493999964, 0.0 ], [ 118.712443579000023, -8.426902451999979, 0.0 ], [ 118.71236396200004, -8.426826247999941, 0.0 ], [ 118.712274787000069, -8.426762046999954, 0.0 ], [ 118.712139661000037, -8.426628670999946, 0.0 ], [ 118.712045413000055, -8.426503489999959, 0.0 ], [ 118.711970443000041, -8.426391382999952, 0.0 ], [ 118.711924680000038, -8.426365267999927, 0.0 ], [ 118.711885947000042, -8.426298454999937, 0.0 ], [ 118.711861679000094, -8.426243539999973, 0.0 ], [ 118.711796640000102, -8.426209104999941, 0.0 ], [ 118.711755010000047, -8.426128022999933, 0.0 ], [ 118.711671999000032, -8.425793013999964, 0.0 ], [ 118.711693009000101, -8.425650005999955, 0.0 ], [ 118.711750757000118, -8.425574691999941, 0.0 ], [ 118.711864829000092, -8.425475614999925, 0.0 ], [ 118.711950080000065, -8.425476205999928, 0.0 ], [ 118.7120437640001, -8.425473404999934, 0.0 ], [ 118.712146817000075, -8.425415541999939, 0.0 ], [ 118.712216372000057, -8.425388923999947, 0.0 ], [ 118.712283503000094, -8.425357531999964, 0.0 ], [ 118.712333817000058, -8.425326213999938, 0.0 ], [ 118.712391445000094, -8.425318785999934, 0.0 ], [ 118.712484919000076, -8.425268140999947, 0.0 ], [ 118.71255206, -8.425239141999953, 0.0 ], [ 118.712619181000036, -8.425205357999971, 0.0 ], [ 118.712703109000017, -8.425169107999977, 0.0 ], [ 118.712815750000118, -8.425106418999974, 0.0 ], [ 118.712885210000081, -8.425058271999944, 0.0 ], [ 118.712913818000061, -8.425007909999977, 0.0 ], [ 118.712956830000053, -8.424955092999937, 0.0 ], [ 118.71292706600002, -8.424928489999957, 0.0 ], [ 118.712870753000061, -8.424872947999972, 0.0 ], [ 118.712895737000053, -8.424847962999934, 0.0 ], [ 118.712958348000029, -8.424906628999963, 0.0 ], [ 118.713108699000031, -8.424749215999952, 0.0 ], [ 118.713233620000096, -8.42460763899993, 0.0 ], [ 118.713369250000028, -8.424472008999942, 0.0 ], [ 118.713463239000021, -8.424404193999976, 0.0 ], [ 118.713487190000023, -8.424375577999967, 0.0 ], [ 118.713473946000022, -8.424353035999957, 0.0 ], [ 118.71352748400011, -8.424314963999961, 0.0 ], [ 118.713552901000071, -8.424340530999928, 0.0 ], [ 118.713563176000093, -8.424270943999943, 0.0 ], [ 118.713531053000111, -8.424181713999928, 0.0 ], [ 118.713545994000015, -8.424173606999943, 0.0 ], [ 118.71356912400006, -8.424207888999945, 0.0 ], [ 118.713584591000085, -8.424237631999972, 0.0 ], [ 118.713622663000024, -8.424203129999967, 0.0 ], [ 118.713684529000034, -8.424099028999933, 0.0 ], [ 118.713744015000088, -8.423983623999959, 0.0 ], [ 118.713800208000066, -8.423877612999945, 0.0 ], [ 118.713823251, -8.42373794599996, 0.0 ], [ 118.713861322000071, -8.423676078999961, 0.0 ], [ 118.713882729000034, -8.423598952999953, 0.0 ], [ 118.713895989000093, -8.423446025999965, 0.0 ], [ 118.713879168000062, -8.42328525299996, 0.0 ], [ 118.713913671000114, -8.423282872999948, 0.0 ], [ 118.713943414000028, -8.423203160999947, 0.0 ], [ 118.713949955000089, -8.423163915999965, 0.0 ], [ 118.713950552000028, -8.423160330999963, 0.0 ], [ 118.713948486000049, -8.423160902999939, 0.0 ], [ 118.713917527000035, -8.423097354999982, 0.0 ], [ 118.713858993000031, -8.42304452999997, 0.0 ], [ 118.713684816000068, -8.422761849999972, 0.0 ], [ 118.713542048000022, -8.422536277999939, 0.0 ], [ 118.713480658000094, -8.422479170999964, 0.0 ], [ 118.713427834000072, -8.422434911999972, 0.0 ], [ 118.713376438000068, -8.422407786999941, 0.0 ], [ 118.713336463000019, -8.422383515999968, 0.0 ], [ 118.713258701000086, -8.422357450999925, 0.0 ], [ 118.713229717000104, -8.422319786999935, 0.0 ], [ 118.713242236000042, -8.422273584999971, 0.0 ], [ 118.713217966000116, -8.422223616999929, 0.0 ], [ 118.713179418000095, -8.422212194999929, 0.0 ], [ 118.713141166000014, -8.422204717999932, 0.0 ], [ 118.71311563200004, -8.42217153699994, 0.0 ], [ 118.713100897000118, -8.422110829999951, 0.0 ], [ 118.713069487000098, -8.42206942699994, 0.0 ], [ 118.71303522300002, -8.422032307999928, 0.0 ], [ 118.713022374000047, -8.421996615999944, 0.0 ], [ 118.712999531000037, -8.421988049999982, 0.0 ], [ 118.712973565000084, -8.421990483999934, 0.0 ], [ 118.712929031000044, -8.421942873999967, 0.0 ], [ 118.712899094000022, -8.42191086899993, 0.0 ], [ 118.712878179000086, -8.421863841999937, 0.0 ], [ 118.712872468000114, -8.421828149999953, 0.0 ], [ 118.712846770000056, -8.421795313999951, 0.0 ], [ 118.712816788000055, -8.421771042999978, 0.0 ], [ 118.712786808000033, -8.421741061999967, 0.0 ], [ 118.712755399000116, -8.421716790999938, 0.0 ], [ 118.712728272000049, -8.421675388999972, 0.0 ], [ 118.712698292000027, -8.421665394999934, 0.0 ], [ 118.712669482000024, -8.421665394999934, 0.0 ], [ 118.712556952000114, -8.421604004999949, 0.0 ], [ 118.712421322000068, -8.421526909999955, 0.0 ], [ 118.712384203000056, -8.421431255999948, 0.0 ], [ 118.712308536000023, -8.421416978999957, 0.0 ], [ 118.712228586000037, -8.421396990999938, 0.0 ], [ 118.712168623000025, -8.421289915999978, 0.0 ], [ 118.712135505000106, -8.421226468999976, 0.0 ], [ 118.711978265000084, -8.421173371999942, 0.0 ], [ 118.711848574000101, -8.42120218599996, 0.0 ], [ 118.7114463260001, -8.421039786999927, 0.0 ], [ 118.711328542000047, -8.421004095999933, 0.0 ], [ 118.711125099000014, -8.420939849999968, 0.0 ], [ 118.710811011000033, -8.420718559999955, 0.0 ], [ 118.710621010000068, -8.420565993999958, 0.0 ], [ 118.71049145500001, -8.42051619199998, 0.0 ], [ 118.710428227000079, -8.420478531999947, 0.0 ], [ 118.710279914000012, -8.420390193999935, 0.0 ], [ 118.710087178000094, -8.420308102999968, 0.0 ], [ 118.710015577000036, -8.420291320999979, 0.0 ], [ 118.709282955000049, -8.420119603999979, 0.0 ], [ 118.709217996, -8.420096976999957, 0.0 ], [ 118.70920813400005, -8.420101517999967, 0.0 ], [ 118.709078881000096, -8.420101089999946, 0.0 ], [ 118.708975375000023, -8.420151057999931, 0.0 ], [ 118.708875437000074, -8.420204595999962, 0.0 ], [ 118.708736239000018, -8.420275979999928, 0.0 ], [ 118.708558361000087, -8.420400977999975, 0.0 ], [ 118.708541013000058, -8.420408987999963, 0.0 ], [ 118.70852466100007, -8.420437637999953, 0.0 ], [ 118.708383603000016, -8.420547238999973, 0.0 ], [ 118.708267746000047, -8.420560958999943, 0.0 ], [ 118.708247973000084, -8.420563299999969, 0.0 ], [ 118.708115913000029, -8.420598991999952, 0.0 ], [ 118.707998130000078, -8.420652529999927, 0.0 ], [ 118.707973146000086, -8.420727482999951, 0.0 ], [ 118.707933885000102, -8.420820281999966, 0.0 ], [ 118.707866070000023, -8.420934495999973, 0.0 ], [ 118.707812532000048, -8.42102372599993, 0.0 ], [ 118.70780477400001, -8.421029156999964, 0.0 ], [ 118.707741149000071, -8.421073693999972, 0.0 ], [ 118.707700824000085, -8.421059867999929, 0.0 ], [ 118.707616227000017, -8.421030863999931, 0.0 ], [ 118.707557335000047, -8.421034432999932, 0.0 ], [ 118.707432413000106, -8.421062986999971, 0.0 ], [ 118.707339615000024, -8.42116292399993, 0.0 ], [ 118.707257523000067, -8.421284276999927, 0.0 ], [ 118.707236108000075, -8.421430612999927, 0.0 ], [ 118.707161155000108, -8.421548396999981, 0.0 ], [ 118.707061217000046, -8.42164476499994, 0.0 ], [ 118.706961280000087, -8.421751839999956, 0.0 ], [ 118.70687562, -8.421791101999929, 0.0 ], [ 118.706690022000089, -8.421769686999937, 0.0 ], [ 118.70651513100006, -8.421812516999978, 0.0 ], [ 118.706383071000118, -8.421894608999935, 0.0 ], [ 118.706079008000074, -8.421952077999947, 0.0 ], [ 118.70591193700011, -8.421862485999952, 0.0 ], [ 118.705779877000055, -8.421880331999944, 0.0 ], [ 118.705712299000083, -8.421890728999927, 0.0 ], [ 118.705687079000086, -8.421894608999935, 0.0 ], [ 118.705640679000112, -8.421891038999945, 0.0 ], [ 118.705608557, -8.421819655999968, 0.0 ], [ 118.705604987000015, -8.421733994999954, 0.0 ], [ 118.705669233000094, -8.421659041999931, 0.0 ], [ 118.705779877000055, -8.421637626999939, 0.0 ], [ 118.705876166000053, -8.421648324999978, 0.0 ], [ 118.705876246000116, -8.42164833399994, 0.0 ], [ 118.706004737000058, -8.421630488999938, 0.0 ], [ 118.706047567000041, -8.421619779999958, 0.0 ], [ 118.706097536000016, -8.421605503999956, 0.0 ], [ 118.706154643000104, -8.421559103999925, 0.0 ], [ 118.706226027000071, -8.421555535999971, 0.0 ], [ 118.706279564000056, -8.421523412999932, 0.0 ], [ 118.706343810000021, -8.421430612999927, 0.0 ], [ 118.706345486000032, -8.421428099999957, 0.0 ], [ 118.706393779000109, -8.421355659999961, 0.0 ], [ 118.706458024000085, -8.42134852199996, 0.0 ], [ 118.706484725000109, -8.421362762999934, 0.0 ], [ 118.70651156200006, -8.421377075999942, 0.0 ], [ 118.706607930000018, -8.421366368999941, 0.0 ], [ 118.706650760000116, -8.421334245999958, 0.0 ], [ 118.706729283000072, -8.421316399999967, 0.0 ], [ 118.706795313000043, -8.42130033799998, 0.0 ], [ 118.706877404000011, -8.421203969999965, 0.0 ], [ 118.706909527000107, -8.42111473999995, 0.0 ], [ 118.707002326000065, -8.421064770999976, 0.0 ], [ 118.707102263000024, -8.421036217999927, 0.0 ], [ 118.707220046000089, -8.420925572999977, 0.0 ], [ 118.707323553000037, -8.42077923599993, 0.0 ], [ 118.707380660000013, -8.420529392999981, 0.0 ], [ 118.707372488000033, -8.420427239999981, 0.0 ], [ 118.707369953000011, -8.420395547999931, 0.0 ], [ 118.707412783000109, -8.42027419599998, 0.0 ], [ 118.707437767000101, -8.420149273999925, 0.0 ], [ 118.707509151000068, -8.420013643999937, 0.0 ], [ 118.707512844, -8.420005993999951, 0.0 ], [ 118.707609089000016, -8.419806630999972, 0.0 ], [ 118.707676903000106, -8.419635309999933, 0.0 ], [ 118.707758995000063, -8.419389035999927, 0.0 ], [ 118.707823240000039, -8.41916060799997, 0.0 ], [ 118.707851793000032, -8.41897500999994, 0.0 ], [ 118.70784108600003, -8.41881796499996, 0.0 ], [ 118.70784108600003, -8.418710889999943, 0.0 ], [ 118.707808926000098, -8.41862944899998, 0.0 ], [ 118.707808637000085, -8.418629345999932, 0.0 ], [ 118.707806703000074, -8.418627790999949, 0.0 ], [ 118.707707717000062, -8.418548193999925, 0.0 ], [ 118.707593503000112, -8.418448255999976, 0.0 ], [ 118.707457874000056, -8.418309058999967, 0.0 ], [ 118.707282984000017, -8.418259088999946, 0.0 ], [ 118.707040278000022, -8.418273365999937, 0.0 ], [ 118.706790435000016, -8.418269796999937, 0.0 ], [ 118.706669082000076, -8.418266227999936, 0.0 ], [ 118.70659769800011, -8.418262658999936, 0.0 ], [ 118.706437085000061, -8.418237673999954, 0.0 ], [ 118.706305025, -8.418237673999954, 0.0 ], [ 118.706205088000047, -8.418248381999945, 0.0 ], [ 118.706033766000019, -8.418244812999944, 0.0 ], [ 118.705973510000035, -8.418278111999939, 0.0 ], [ 118.705969506000088, -8.418280324999955, 0.0 ], [ 118.705782138000018, -8.418291211999929, 0.0 ], [ 118.705613845000016, -8.418250626999964, 0.0 ], [ 118.705418704000067, -8.418175559999952, 0.0 ], [ 118.704869006000081, -8.418071002999966, 0.0 ], [ 118.704772347000016, -8.418066420999935, 0.0 ], [ 118.704657209000061, -8.418029914999977, 0.0 ], [ 118.704616031000114, -8.417874447999964, 0.0 ], [ 118.70448594100003, -8.41779992599993, 0.0 ], [ 118.704455471000074, -8.417726584999969, 0.0 ], [ 118.704480081000042, -8.417629200999954, 0.0 ], [ 118.704528717000017, -8.417436747999943, 0.0 ], [ 118.704641742000035, -8.417169057999956, 0.0 ], [ 118.704671486000052, -8.416954906999933, 0.0 ], [ 118.704665288000115, -8.416766284999937, 0.0 ], [ 118.704608793000034, -8.416597191999927, 0.0 ], [ 118.704604815000039, -8.416585285999929, 0.0 ], [ 118.704590026, -8.41652995499993, 0.0 ], [ 118.704543390000026, -8.416478654999935, 0.0 ], [ 118.70447002700007, -8.416397953999933, 0.0 ], [ 118.704222033000065, -8.416325989999962, 0.0 ], [ 118.703877028000079, -8.416310941999939, 0.0 ], [ 118.703335998000057, -8.416310937999981, 0.0 ], [ 118.70272701600004, -8.416352988999961, 0.0 ], [ 118.702357994000067, -8.416376012999933, 0.0 ], [ 118.702335123000012, -8.416370038999958, 0.0 ], [ 118.702060969000058, -8.416298423999933, 0.0 ], [ 118.701723133000087, -8.416226305999942, 0.0 ], [ 118.701703007000106, -8.416222009999956, 0.0 ], [ 118.701651007, -8.416195929999958, 0.0 ], [ 118.701610030000097, -8.416173959999981, 0.0 ], [ 118.701375683000037, -8.416030733999946, 0.0 ], [ 118.701193655000111, -8.415766613999949, 0.0 ], [ 118.701125027000103, -8.415595983999935, 0.0 ], [ 118.70100091900008, -8.415561384999933, 0.0 ], [ 118.700883135000026, -8.415361510999958, 0.0 ], [ 118.700886705000016, -8.415204466999967, 0.0 ], [ 118.700965226000108, -8.415033144999938, 0.0 ], [ 118.701007574000073, -8.414920218999953, 0.0 ], [ 118.701050888000054, -8.414804716999981, 0.0 ], [ 118.701136520000091, -8.41427411199993, 0.0 ], [ 118.701218639000103, -8.414128354999946, 0.0 ], [ 118.701175029000069, -8.414031991999934, 0.0 ], [ 118.701174618000096, -8.414031635999947, 0.0 ], [ 118.701101094000023, -8.413967979999939, 0.0 ], [ 118.701060614000085, -8.413925768999945, 0.0 ], [ 118.701050038000062, -8.413920000999951, 0.0 ], [ 118.700915496000107, -8.413846626999941, 0.0 ], [ 118.700801282000043, -8.413784760999931, 0.0 ], [ 118.700591889000066, -8.41374430999997, 0.0 ], [ 118.700463398000011, -8.413741930999947, 0.0 ], [ 118.700363340000081, -8.413738585999965, 0.0 ], [ 118.700350452000066, -8.413738154999976, 0.0 ], [ 118.700308023000048, -8.41372694599994, 0.0 ], [ 118.699988696000105, -8.413719325999978, 0.0 ], [ 118.699662710000098, -8.413683633999938, 0.0 ], [ 118.699474732000112, -8.413548003999949, 0.0 ], [ 118.699210612000115, -8.413414754999962, 0.0 ], [ 118.698972666000031, -8.41290079099997, 0.0 ], [ 118.69872401300006, -8.412492713999939, 0.0 ], [ 118.698583004000056, -8.412087007999958, 0.0 ], [ 118.698457513000108, -8.41199897499996, 0.0 ], [ 118.698331402, -8.411856207999961, 0.0 ], [ 118.698183875000041, -8.411592087999963, 0.0 ], [ 118.698067281000021, -8.411316069999941, 0.0 ], [ 118.697957826000106, -8.410654579999971, 0.0 ], [ 118.697853130000112, -8.410285762999933, 0.0 ], [ 118.697826956000085, -8.410045437999941, 0.0 ], [ 118.697836473000052, -8.409837234999941, 0.0 ], [ 118.697929273000113, -8.409682569999973, 0.0 ], [ 118.697966797000049, -8.40965208199998, 0.0 ], [ 118.698005416000115, -8.409620703999963, 0.0 ], [ 118.698069660000101, -8.409456521999971, 0.0 ], [ 118.698102973000118, -8.409323271999938, 0.0 ], [ 118.698107398000047, -8.409254551999936, 0.0 ], [ 118.698062318000098, -8.409223527999927, 0.0 ], [ 118.698010174000046, -8.409187641999949, 0.0 ], [ 118.697934032000035, -8.409130534999974, 0.0 ], [ 118.697950687000116, -8.40889139899997, 0.0 ], [ 118.6979935170001, -8.408665349999978, 0.0 ], [ 118.698017313000037, -8.408527341999957, 0.0 ], [ 118.698112491000074, -8.408389332999946, 0.0 ], [ 118.698207669000112, -8.408238236999978, 0.0 ], [ 118.698471790000099, -8.408090710999943, 0.0 ], [ 118.698574106000024, -8.408033603999968, 0.0 ], [ 118.698835384000063, -8.407771630999946, 0.0 ], [ 118.698845978, -8.407761008999955, 0.0 ], [ 118.698849001000099, -8.407754920999935, 0.0 ], [ 118.698922697000057, -8.407606489999978, 0.0 ], [ 118.699065465000103, -8.407552952999936, 0.0 ], [ 118.699335748000067, -8.407460485999934, 0.0 ], [ 118.699442824000016, -8.40742776899998, 0.0 ], [ 118.699576669000066, -8.407436691999976, 0.0 ], [ 118.69973101700009, -8.407467561999965, 0.0 ], [ 118.699755128000106, -8.407472383999959, 0.0 ], [ 118.699903725000013, -8.40752568399995, 0.0 ], [ 118.699953592000043, -8.40751649799995, 0.0 ], [ 118.700066481000022, -8.407495702999938, 0.0 ], [ 118.700139292000017, -8.407538532999979, 0.0 ], [ 118.700155468000048, -8.407563302999961, 0.0 ], [ 118.700184977000049, -8.407608489999973, 0.0 ], [ 118.700328959000103, -8.407660027999952, 0.0 ], [ 118.700665554000011, -8.407694921999962, 0.0 ], [ 118.700709649000032, -8.407716992999951, 0.0 ], [ 118.70074391300011, -8.407725558999971, 0.0 ], [ 118.700801020000085, -8.407722702999934, 0.0 ], [ 118.700833857000021, -8.407738406999954, 0.0 ], [ 118.700890964000109, -8.407746972999973, 0.0 ], [ 118.700959492000038, -8.407748401999982, 0.0 ], [ 118.701002323000012, -8.407744117999925, 0.0 ], [ 118.70104372600008, -8.407756967999944, 0.0 ], [ 118.701099404000047, -8.407744117999925, 0.0 ], [ 118.70116650600005, -8.407716992999951, 0.0 ], [ 118.701200770000014, -8.407701287999942, 0.0 ], [ 118.701222487000109, -8.407667623999941, 0.0 ], [ 118.701222487000109, -8.407638047999967, 0.0 ], [ 118.701222487000109, -8.407628362999958, 0.0 ], [ 118.701224867000064, -8.407380898999975, 0.0 ], [ 118.701224867000064, -8.407350559999941, 0.0 ], [ 118.701205831000038, -8.407345801999952, 0.0 ], [ 118.701186795000012, -8.407304160999956, 0.0 ], [ 118.701184291000118, -8.407234437999932, 0.0 ], [ 118.701288393000027, -8.407109515999935, 0.0 ], [ 118.701401417000056, -8.407038131999968, 0.0 ], [ 118.701478750000092, -8.407038131999968, 0.0 ], [ 118.701523365000071, -8.40711843899993, 0.0 ], [ 118.70152943800008, -8.407207554999957, 0.0 ], [ 118.701548474000106, -8.407249194999963, 0.0 ], [ 118.701554422000072, -8.40738958399993, 0.0 ], [ 118.701561561000062, -8.407488330999968, 0.0 ], [ 118.701576903000046, -8.407531870999946, 0.0 ], [ 118.701635184000111, -8.407556005999936, 0.0 ], [ 118.701640036000072, -8.40755801499995, 0.0 ], [ 118.701644183000099, -8.407555902999945, 0.0 ], [ 118.701776347000077, -8.407540302999962, 0.0 ], [ 118.701911499000062, -8.407507941999938, 0.0 ], [ 118.702040942000053, -8.407439412999963, 0.0 ], [ 118.70214373500005, -8.407368980999934, 0.0 ], [ 118.702179903000115, -8.407285224999953, 0.0 ], [ 118.702198939000027, -8.407226213999934, 0.0 ], [ 118.702202746000012, -8.407176720999928, 0.0 ], [ 118.702221782000038, -8.407155781999961, 0.0 ], [ 118.702257949000114, -8.407112, 0.0 ], [ 118.702305538000019, -8.40695590699994, 0.0 ], [ 118.702326478000032, -8.406866438999941, 0.0 ], [ 118.702334092000115, -8.406824560999951, 0.0 ], [ 118.702335996000102, -8.406775067999945, 0.0 ], [ 118.702312371000062, -8.406773380999937, 0.0 ], [ 118.702311419000011, -8.406773394999959, 0.0 ], [ 118.702274826, -8.40677394599993, 0.0 ], [ 118.702274844000044, -8.406720815999961, 0.0 ], [ 118.702285551000045, -8.406657998999947, 0.0 ], [ 118.702301256000055, -8.406616595999935, 0.0 ], [ 118.702324098000076, -8.406580903999952, 0.0 ], [ 118.702345513000068, -8.40656662799995, 0.0 ], [ 118.702378992000035, -8.406561375999956, 0.0 ], [ 118.702381919000118, -8.406560916999979, 0.0 ], [ 118.702405475000091, -8.406537359999959, 0.0 ], [ 118.702421180000101, -8.406519513999967, 0.0 ], [ 118.702447592000112, -8.406462763999969, 0.0 ], [ 118.702466152000056, -8.406416363999938, 0.0 ], [ 118.702546697000116, -8.406287277999979, 0.0 ], [ 118.702599045000056, -8.406184961999941, 0.0 ], [ 118.702687085000093, -8.406094541999948, 0.0 ], [ 118.702718018000041, -8.406058850999955, 0.0 ], [ 118.702766797000095, -8.405919651999966, 0.0 ], [ 118.702773936000085, -8.405772124999942, 0.0 ], [ 118.702821524000115, -8.405726914999946, 0.0 ], [ 118.702840560000027, -8.405641254999978, 0.0 ], [ 118.70283198300001, -8.405588719999969, 0.0 ], [ 118.702831933000084, -8.405585794999979, 0.0 ], [ 118.702830686000084, -8.405513476999943, 0.0 ], [ 118.702943472000015, -8.405409257999963, 0.0 ], [ 118.703140333000078, -8.405284491999964, 0.0 ], [ 118.703148998000074, -8.405279, 0.0 ], [ 118.703161163000118, -8.405266320999942, 0.0 ], [ 118.703274693000026, -8.405147992999957, 0.0 ], [ 118.703384624000023, -8.405052337999962, 0.0 ], [ 118.703433165000092, -8.405012363999958, 0.0 ], [ 118.703481113000066, -8.405011068999954, 0.0 ], [ 118.70348497100008, -8.405010964999974, 0.0 ], [ 118.703663057000085, -8.40493227099995, 0.0 ], [ 118.703797936000115, -8.404943120999974, 0.0 ], [ 118.703903584000045, -8.404953113999966, 0.0 ], [ 118.704056346000016, -8.404987378999976, 0.0 ], [ 118.70415842500006, -8.404980240999976, 0.0 ], [ 118.70427263900001, -8.404960252999956, 0.0 ], [ 118.704331810000099, -8.404927124999972, 0.0 ], [ 118.704463947000022, -8.404947403999927, 0.0 ], [ 118.704518200000052, -8.404975956999976, 0.0 ], [ 118.70459672100003, -8.404977384999938, 0.0 ], [ 118.704613853000069, -8.404941692999955, 0.0 ], [ 118.70464383500007, -8.404931699999963, 0.0 ], [ 118.704702369000074, -8.404955969999946, 0.0 ], [ 118.704719502000103, -8.404947403999927, 0.0 ], [ 118.704728068, -8.404897435999942, 0.0 ], [ 118.704784071000063, -8.404892700999937, 0.0 ], [ 118.70481372900008, -8.404930271999945, 0.0 ], [ 118.704830861000119, -8.404948831999945, 0.0 ], [ 118.704835387000116, -8.404946493999944, 0.0 ], [ 118.704922946000011, -8.404918849999945, 0.0 ], [ 118.704978625000081, -8.404924560999973, 0.0 ], [ 118.705065713000067, -8.404920277999963, 0.0 ], [ 118.705149946, -8.404928843999926, 0.0 ], [ 118.705305563000024, -8.404957397999965, 0.0 ], [ 118.705477598000016, -8.404991661999929, 0.0 ], [ 118.705638926, -8.405033064999941, 0.0 ], [ 118.705714592000049, -8.405078750999962, 0.0 ], [ 118.70576884400009, -8.405107303999955, 0.0 ], [ 118.705861643000048, -8.405152989999976, 0.0 ], [ 118.706027253000116, -8.405232938999973, 0.0 ], [ 118.706150034000075, -8.405278624999937, 0.0 ], [ 118.70623141100009, -8.405291473999966, 0.0 ], [ 118.706317643000034, -8.405313174999947, 0.0 ], [ 118.706400448000068, -8.405323167999939, 0.0 ], [ 118.706488964000073, -8.405338872999948, 0.0 ], [ 118.706556065000086, -8.405340299999978, 0.0 ], [ 118.706594612000117, -8.405340299999978, 0.0 ], [ 118.706647436000026, -8.405340299999978, 0.0 ], [ 118.70671310900002, -8.405353149999939, 0.0 ], [ 118.706777355000099, -8.405383130999951, 0.0 ], [ 118.706834462000074, -8.40540740199998, 0.0 ], [ 118.706905846000041, -8.405423104999954, 0.0 ], [ 118.706961525000111, -8.405468791999965, 0.0 ], [ 118.707034032000024, -8.405471291999959, 0.0 ], [ 118.707034150000027, -8.405468367999958, 0.0 ], [ 118.707035062000045, -8.405445763999978, 0.0 ], [ 118.707065519000025, -8.405421969999963, 0.0 ], [ 118.707097880000106, -8.40544290899993, 0.0 ], [ 118.707124530000101, -8.405476220999958, 0.0 ], [ 118.707139758000039, -8.40550191899996, 0.0 ], [ 118.707142407000106, -8.405514502999949, 0.0 ], [ 118.707143565000024, -8.405520003999925, 0.0 ], [ 118.707158973000105, -8.405543172999955, 0.0 ], [ 118.707213224000043, -8.405568871999947, 0.0 ], [ 118.707250344000045, -8.405597425999929, 0.0 ], [ 118.707291747000113, -8.40563168999995, 0.0 ], [ 118.707336005000116, -8.40563597199997, 0.0 ], [ 118.707365986000013, -8.405655959999933, 0.0 ], [ 118.707400250000092, -8.405678802999944, 0.0 ], [ 118.707458785000085, -8.405698789999974, 0.0 ], [ 118.707497332000116, -8.405710210999928, 0.0 ], [ 118.70754016300009, -8.405737337999938, 0.0 ], [ 118.707594414000027, -8.405740192999929, 0.0 ], [ 118.707627250000087, -8.405773029999978, 0.0 ], [ 118.707652949000021, -8.405803010999932, 0.0 ], [ 118.707702918000109, -8.405825852999953, 0.0 ], [ 118.707745748000093, -8.405855834999954, 0.0 ], [ 118.70779286100003, -8.405887243999928, 0.0 ], [ 118.707849968, -8.405902947999948, 0.0 ], [ 118.707891370000084, -8.40590865799993, 0.0 ], [ 118.707932484000025, -8.405854183999963, 0.0 ], [ 118.707933694000076, -8.40585172599998, 0.0 ], [ 118.707962055000053, -8.405794102999948, 0.0 ], [ 118.708049620000111, -8.40582836699997, 0.0 ], [ 118.708042005000038, -8.405864534999978, 0.0 ], [ 118.708099305000019, -8.405892617999939, 0.0 ], [ 118.708089370000039, -8.405918069999927, 0.0 ], [ 118.708068656000023, -8.405971133999969, 0.0 ], [ 118.708327541000017, -8.406081540999935, 0.0 ], [ 118.708332651000092, -8.406082651999952, 0.0 ], [ 118.708589460000098, -8.406193970999936, 0.0 ], [ 118.708872021000047, -8.406324840999957, 0.0 ], [ 118.709104018000062, -8.406414070999972, 0.0 ], [ 118.709380631000045, -8.40650627499997, 0.0 ], [ 118.709719704, -8.406643093999946, 0.0 ], [ 118.71004390600001, -8.40674422099994, 0.0 ], [ 118.710210468000014, -8.406779913999969, 0.0 ], [ 118.710455553000088, -8.406845347999933, 0.0 ], [ 118.710705396000094, -8.406889963999959, 0.0 ], [ 118.710916573000077, -8.406898886999954, 0.0 ], [ 118.711047443000098, -8.406866167999965, 0.0 ], [ 118.711151545, -8.406848322999963, 0.0 ], [ 118.711279440000112, -8.406848322999963, 0.0 ], [ 118.71136569600003, -8.406872116999978, 0.0 ], [ 118.711392465000017, -8.406818579999936, 0.0 ], [ 118.711460875000057, -8.406836424999938, 0.0 ], [ 118.711523336000027, -8.40687509199995, 0.0 ], [ 118.711615540000025, -8.406845347999933, 0.0 ], [ 118.711686923000116, -8.406791810999948, 0.0 ], [ 118.711701795000067, -8.406732323999961, 0.0 ], [ 118.711761282000111, -8.406714477999969, 0.0 ], [ 118.711820768000052, -8.406675811999946, 0.0 ], [ 118.711889177000103, -8.406547914999976, 0.0 ], [ 118.711960562000058, -8.406446787999926, 0.0 ], [ 118.711874306000027, -8.406372430999966, 0.0 ], [ 118.711820768000052, -8.406271303999972, 0.0 ], [ 118.711859435000065, -8.406214790999968, 0.0 ], [ 118.711909105000018, -8.406170176999979, 0.0 ], [ 118.711873414000024, -8.406110689999934, 0.0 ], [ 118.711751467000113, -8.406103253999959, 0.0 ], [ 118.711784184000066, -8.406019972999957, 0.0 ], [ 118.71181987500006, -8.405895050999959, 0.0 ], [ 118.711864491000028, -8.405767155999968, 0.0 ], [ 118.711897208000096, -8.405677925999953, 0.0 ], [ 118.711852660000091, -8.405670890999943, 0.0 ], [ 118.711852189000069, -8.405670862999955, 0.0 ], [ 118.711820708000118, -8.405669002999957, 0.0 ], [ 118.711830601000088, -8.40563242099995, 0.0 ], [ 118.711857462000012, -8.405637905999981, 0.0 ], [ 118.712037715000065, -8.405674712999939, 0.0 ], [ 118.712058654000089, -8.405640448999975, 0.0 ], [ 118.712047233000021, -8.405575727999974, 0.0 ], [ 118.712009162000072, -8.405568112999958, 0.0 ], [ 118.712026294000111, -8.40550910199994, 0.0 ], [ 118.712115761000064, -8.405518620999942, 0.0 ], [ 118.712151929000015, -8.405486258999929, 0.0 ], [ 118.712212844000078, -8.405478645999949, 0.0 ], [ 118.712132894000092, -8.40530542099998, 0.0 ], [ 118.712070076000032, -8.405141713999967, 0.0 ], [ 118.712037715000065, -8.405051293999975, 0.0 ], [ 118.711961573000053, -8.405013222999969, 0.0 ], [ 118.711915887000032, -8.404990380999948, 0.0 ], [ 118.71184926300009, -8.404963729999963, 0.0 ], [ 118.711803576000079, -8.404959922999979, 0.0 ], [ 118.711752180000076, -8.404975150999974, 0.0 ], [ 118.711676004000083, -8.40497166199998, 0.0 ], [ 118.711416180000015, -8.404918844999941, 0.0 ], [ 118.71137365800007, -8.40491020099995, 0.0 ], [ 118.710938405000093, -8.404832383999974, 0.0 ], [ 118.710742336000067, -8.404744819999962, 0.0 ], [ 118.710595994000073, -8.404663950999975, 0.0 ], [ 118.710579556000084, -8.404643116999978, 0.0 ], [ 118.710554478000063, -8.404611331999945, 0.0 ], [ 118.710520214000098, -8.404557079999961, 0.0 ], [ 118.71046310700001, -8.40451853299993, 0.0 ], [ 118.710423132000074, -8.404482840999947, 0.0 ], [ 118.710374591000118, -8.404444293999973, 0.0 ], [ 118.710343182000088, -8.404422878999981, 0.0 ], [ 118.710299618000022, -8.40441938999993, 0.0 ], [ 118.710296016000029, -8.404419100999974, 0.0 ], [ 118.710294140000087, -8.404417401999979, 0.0 ], [ 118.710196013000086, -8.404403129999935, 0.0 ], [ 118.710039920000099, -8.404309854999951, 0.0 ], [ 118.709836238000094, -8.404119497999943, 0.0 ], [ 118.709807322000074, -8.404040158999976, 0.0 ], [ 118.709801586000026, -8.404033781999942, 0.0 ], [ 118.70971345800001, -8.403935802999968, 0.0 ], [ 118.709633508000024, -8.403848238999956, 0.0 ], [ 118.709517391000077, -8.403749252999944, 0.0 ], [ 118.709317515000066, -8.403566510999951, 0.0 ], [ 118.709121448000019, -8.403414224999949, 0.0 ], [ 118.708955902000071, -8.403272859999959, 0.0 ], [ 118.708952030000091, -8.403269553999962, 0.0 ], [ 118.708951842000033, -8.403270158999931, 0.0 ], [ 118.708781840000029, -8.403157064999959, 0.0 ], [ 118.70867119400009, -8.403092818999937, 0.0 ], [ 118.708560550000016, -8.403003588999979, 0.0 ], [ 118.708442766000076, -8.402921497999955, 0.0 ], [ 118.7083820900001, -8.402882236999972, 0.0 ], [ 118.708253611000032, -8.402759110999966, 0.0 ], [ 118.708248213000047, -8.402753937999933, 0.0 ], [ 118.707982417000039, -8.402352785999938, 0.0 ], [ 118.707978887000081, -8.402344483999968, 0.0 ], [ 118.707864557000107, -8.402075599999932, 0.0 ], [ 118.707682528000078, -8.401775787999952, 0.0 ], [ 118.707557607000012, -8.401479544999972, 0.0 ], [ 118.707514777000029, -8.401290377999942, 0.0 ], [ 118.707454100000064, -8.401065518999928, 0.0 ], [ 118.707393118000027, -8.40092382499995, 0.0 ], [ 118.707392660000096, -8.400922761999936, 0.0 ], [ 118.707250657000031, -8.400719306999974, 0.0 ], [ 118.70722567200005, -8.400501585999962, 0.0 ], [ 118.707254225000042, -8.400308849999931, 0.0 ], [ 118.707293487000015, -8.400044729999934, 0.0 ], [ 118.707372008000107, -8.399784178999937, 0.0 ], [ 118.707489792000047, -8.399584303999973, 0.0 ], [ 118.707561176000013, -8.399480796999967, 0.0 ], [ 118.707675390000077, -8.399398705999943, 0.0 ], [ 118.707818158, -8.399402275999932, 0.0 ], [ 118.70788777700011, -8.39943593299995, 0.0 ], [ 118.707892023000113, -8.399437985999953, 0.0 ], [ 118.7080490190001, -8.399470932999975, 0.0 ], [ 118.708117970000103, -8.399591442999963, 0.0 ], [ 118.708292860000029, -8.399719932999972, 0.0 ], [ 118.708453474000066, -8.399873408999952, 0.0 ], [ 118.708573041000022, -8.399962638999966, 0.0 ], [ 118.708733656000049, -8.40000189999995, 0.0 ], [ 118.708897838000098, -8.400030452999943, 0.0 ], [ 118.709028232000037, -8.399980485999947, 0.0 ], [ 118.709033178000027, -8.399980149999976, 0.0 ], [ 118.709133404000113, -8.399973345999967, 0.0 ], [ 118.709477064000112, -8.400216944999954, 0.0 ], [ 118.709494022000058, -8.40022896499994, 0.0 ], [ 118.709625953000113, -8.400323126999979, 0.0 ], [ 118.709786032000011, -8.400335991999953, 0.0 ], [ 118.710125640000115, -8.400523001999943, 0.0 ], [ 118.710204162000082, -8.400501585999962, 0.0 ], [ 118.710261269000057, -8.400455186999977, 0.0 ], [ 118.71018631600009, -8.400383802999954, 0.0 ], [ 118.710097009000037, -8.400311952999971, 0.0 ], [ 118.710097589000043, -8.400308388999974, 0.0 ], [ 118.710114933000114, -8.400201773999981, 0.0 ], [ 118.710222009000063, -8.400101836999966, 0.0 ], [ 118.710461465000094, -8.399648617999958, 0.0 ], [ 118.710364776, -8.39961821199995, 0.0 ], [ 118.710236285000065, -8.399532550999936, 0.0 ], [ 118.710375483, -8.39931482999998, 0.0 ], [ 118.710525389000054, -8.399104247999958, 0.0 ], [ 118.710647774000108, -8.399133985999981, 0.0 ], [ 118.710716342000069, -8.399150646999942, 0.0 ], [ 118.710794863000046, -8.398845480999967, 0.0 ], [ 118.710855540000011, -8.398645606999935, 0.0 ], [ 118.710855540000011, -8.398463577999962, 0.0 ], [ 118.7109126470001, -8.398324379999963, 0.0 ], [ 118.710926923000102, -8.39811022799995, 0.0 ], [ 118.710855540000011, -8.397974598999951, 0.0 ], [ 118.710759172000053, -8.397860383999955, 0.0 ], [ 118.710677080000096, -8.397674786999971, 0.0 ], [ 118.710680649000096, -8.397578417999966, 0.0 ], [ 118.710555728000031, -8.397478480999951, 0.0 ], [ 118.71043080600009, -8.397410666999974, 0.0 ], [ 118.710330869000018, -8.397360697999943, 0.0 ], [ 118.710202377000087, -8.39732857499996, 0.0 ], [ 118.710098872000117, -8.397300020999978, 0.0 ], [ 118.70991988600008, -8.397286038999937, 0.0 ], [ 118.709913272000108, -8.397285521999947, 0.0 ], [ 118.709701382000048, -8.397251718999939, 0.0 ], [ 118.709403949000034, -8.397161298999947, 0.0 ], [ 118.709249285000055, -8.397020909999981, 0.0 ], [ 118.709094619000098, -8.396973321999951, 0.0 ], [ 118.708821358000023, -8.396869946999971, 0.0 ], [ 118.70879664600011, -8.396861541999954, 0.0 ], [ 118.70858660500005, -8.396790102999944, 0.0 ], [ 118.707498050000027, -8.396576159999938, 0.0 ], [ 118.707369991000064, -8.396550991999959, 0.0 ], [ 118.707282985, -8.396531932999949, 0.0 ], [ 118.707001031000118, -8.396480996999969, 0.0 ], [ 118.7069629880001, -8.39647899299996, 0.0 ], [ 118.7067853530001, -8.396530741999982, 0.0 ], [ 118.706561683000018, -8.396464116999937, 0.0 ], [ 118.706432631000098, -8.39636672499995, 0.0 ], [ 118.706262801000094, -8.396353681999926, 0.0 ], [ 118.706242386000099, -8.396349138999938, 0.0 ], [ 118.706034077000027, -8.396302788999947, 0.0 ], [ 118.705877033000093, -8.396255200999974, 0.0 ], [ 118.705758060000107, -8.396255200999974, 0.0 ], [ 118.705631949, -8.396233784999936, 0.0 ], [ 118.705459855000072, -8.396209404999979, 0.0 ], [ 118.705449145000102, -8.396207887999935, 0.0 ], [ 118.705361166000102, -8.396194761999936, 0.0 ], [ 118.705191272000093, -8.39612337799997, 0.0 ], [ 118.70498099800011, -8.396018959999935, 0.0 ], [ 118.704865643000062, -8.395917256999951, 0.0 ], [ 118.704788311000016, -8.395845872999928, 0.0 ], [ 118.704654466000079, -8.395655516999966, 0.0 ], [ 118.704620418000104, -8.395536069999935, 0.0 ], [ 118.704614506000098, -8.395525176999968, 0.0 ], [ 118.704476998000018, -8.395271828999967, 0.0 ], [ 118.704399665000096, -8.395182598999952, 0.0 ], [ 118.704243395000049, -8.395032956999955, 0.0 ], [ 118.704235011000037, -8.395024928999931, 0.0 ], [ 118.704009968000037, -8.394838962999927, 0.0 ], [ 118.703947458000016, -8.394804504999968, 0.0 ], [ 118.703944892000095, -8.394800114999953, 0.0 ], [ 118.70390592800004, -8.394733475999942, 0.0 ], [ 118.703719286000023, -8.394675753999934, 0.0 ], [ 118.703706995000061, -8.394671952999943, 0.0 ], [ 118.703550495000059, -8.394590707999953, 0.0 ], [ 118.703342968000015, -8.394341951999934, 0.0 ], [ 118.703214206000098, -8.394195645999957, 0.0 ], [ 118.703211698000018, -8.394189820999941, 0.0 ], [ 118.703128141000093, -8.393995842999971, 0.0 ], [ 118.703047834000017, -8.39386645899998, 0.0 ], [ 118.702940758000068, -8.393753434999951, 0.0 ], [ 118.702792061000082, -8.393679039999938, 0.0 ], [ 118.702768488000061, -8.393686224999954, 0.0 ], [ 118.702723632000016, -8.393699896999976, 0.0 ], [ 118.70267009500003, -8.393643384999962, 0.0 ], [ 118.702646300000083, -8.393554154999947, 0.0 ], [ 118.702667022000014, -8.393424, 0.0 ], [ 118.702667561000112, -8.393422845999964, 0.0 ], [ 118.702702812000098, -8.393347439999957, 0.0 ], [ 118.702699838000058, -8.393139236999957, 0.0 ], [ 118.702640351000014, -8.39299944399994, 0.0 ], [ 118.702507197000045, -8.392820600999926, 0.0 ], [ 118.702505965000114, -8.392818945999977, 0.0 ], [ 118.702453260000084, -8.392726700999958, 0.0 ], [ 118.702452975000028, -8.392723226999976, 0.0 ], [ 118.702442559000019, -8.39259642199994, 0.0 ], [ 118.702383072000089, -8.39249826899993, 0.0 ], [ 118.702274764000094, -8.392411316999926, 0.0 ], [ 118.702171895000106, -8.392328732999943, 0.0 ], [ 118.702061845000117, -8.392239502999928, 0.0 ], [ 118.701930974000106, -8.391933146999975, 0.0 ], [ 118.701814976000037, -8.39155838299996, 0.0 ], [ 118.701734669000075, -8.391318948999981, 0.0 ], [ 118.701594876000058, -8.391185104999977, 0.0 ], [ 118.701478877000113, -8.390970952999965, 0.0 ], [ 118.701318263000076, -8.390664597999944, 0.0 ], [ 118.701300417000084, -8.390440035999973, 0.0 ], [ 118.701356930000088, -8.390279421999935, 0.0 ], [ 118.701469954000117, -8.390118807999954, 0.0 ], [ 118.70167518300002, -8.389880861999927, 0.0 ], [ 118.701842020000072, -8.389737244999935, 0.0 ], [ 118.701843761000077, -8.389735745999928, 0.0 ], [ 118.701999384000032, -8.389578967999967, 0.0 ], [ 118.702043999000011, -8.38947189199996, 0.0 ], [ 118.702020204000064, -8.389281535999942, 0.0 ], [ 118.701978564000115, -8.389064409999946, 0.0 ], [ 118.701978564000115, -8.388847283999951, 0.0 ], [ 118.701957743000094, -8.38855431199994, 0.0 ], [ 118.70198748700011, -8.388304468999934, 0.0 ], [ 118.702105865000021, -8.388091804999931, 0.0 ], [ 118.702215915000011, -8.387949036999942, 0.0 ], [ 118.702308119, -8.387800320999929, 0.0 ], [ 118.702421143000038, -8.387666475999936, 0.0 ], [ 118.702486579000038, -8.38758319599998, 0.0 ], [ 118.702563912000073, -8.38748206799994, 0.0 ], [ 118.70263529500005, -8.387395812999955, 0.0 ], [ 118.702739396000084, -8.387321453999959, 0.0 ], [ 118.70287324200001, -8.38727683999997, 0.0 ], [ 118.703063598000085, -8.387217352999926, 0.0 ], [ 118.70328964700002, -8.387131096999951, 0.0 ], [ 118.703546926000058, -8.387055251999925, 0.0 ], [ 118.703829487, -8.386974944999963, 0.0 ], [ 118.704076356000087, -8.38693627899994, 0.0 ], [ 118.704370814000072, -8.386888689999978, 0.0 ], [ 118.704709887000035, -8.386829202999934, 0.0 ], [ 118.70497608900007, -8.386799459999963, 0.0 ], [ 118.70534490600005, -8.386751870999944, 0.0 ], [ 118.705591775000016, -8.386701307999942, 0.0 ], [ 118.705731569000022, -8.38666264099993, 0.0 ], [ 118.705939772000079, -8.386570436999932, 0.0 ], [ 118.706189615000085, -8.386454438999976, 0.0 ], [ 118.706281819000083, -8.386400899999956, 0.0 ], [ 118.706467715000031, -8.386289362999946, 0.0 ], [ 118.70664617400007, -8.386104954999951, 0.0 ], [ 118.706720532000077, -8.385971109999957, 0.0 ], [ 118.706765147000056, -8.385843213999976, 0.0 ], [ 118.706831037000029, -8.385703354999976, 0.0 ], [ 118.706855249000114, -8.385676889999957, 0.0 ], [ 118.706886563000012, -8.385618337999972, 0.0 ], [ 118.706894385000055, -8.385550881999961, 0.0 ], [ 118.706895225000039, -8.38554363999998, 0.0 ], [ 118.706900459000053, -8.385483201999932, 0.0 ], [ 118.706943289000037, -8.385456551999937, 0.0 ], [ 118.706949012000109, -8.385456551999937, 0.0 ], [ 118.707010866000019, -8.385456551999937, 0.0 ], [ 118.707033709000029, -8.385374697999964, 0.0 ], [ 118.707067021000057, -8.385286181999959, 0.0 ], [ 118.707096933000116, -8.385201120999966, 0.0 ], [ 118.707112707000078, -8.385156263999932, 0.0 ], [ 118.707154586000115, -8.385062988999948, 0.0 ], [ 118.707236637000051, -8.384959877999961, 0.0 ], [ 118.707242963000112, -8.384951928999953, 0.0 ], [ 118.707280697000101, -8.384895569999969, 0.0 ], [ 118.707328286, -8.384766127999967, 0.0 ], [ 118.707356840000102, -8.384729959999959, 0.0 ], [ 118.707400622000023, -8.384623358999931, 0.0 ], [ 118.707465343000081, -8.384487730999979, 0.0 ], [ 118.707511029000102, -8.384370660999934, 0.0 ], [ 118.707531968000012, -8.38425882599995, 0.0 ], [ 118.707563377000042, -8.384170310999934, 0.0 ], [ 118.707610966000061, -8.384127479999961, 0.0 ], [ 118.70764576800002, -8.38409599299996, 0.0 ], [ 118.707670929000074, -8.384073228999966, 0.0 ], [ 118.70775801700006, -8.384034680999946, 0.0 ], [ 118.70778753500008, -8.384027301999936, 0.0 ], [ 118.707876038000109, -8.38400517599996, 0.0 ], [ 118.708041002000073, -8.383922023999958, 0.0 ], [ 118.708476138000037, -8.383702587999949, 0.0 ], [ 118.708699808, -8.383619306999947, 0.0 ], [ 118.709477891, -8.383319493999977, 0.0 ], [ 118.709924041000022, -8.383132706999959, 0.0 ], [ 118.710345205000067, -8.382973282999956, 0.0 ], [ 118.710816002000115, -8.382750930999975, 0.0 ], [ 118.710828093000032, -8.382741755999973, 0.0 ], [ 118.710969814, -8.382634209999935, 0.0 ], [ 118.711198242000023, -8.382503338999982, 0.0 ], [ 118.71128628200006, -8.382462887999964, 0.0 ], [ 118.711360045000106, -8.382436714999926, 0.0 ], [ 118.711731363000013, -8.382204953999974, 0.0 ], [ 118.711780971000053, -8.382173991999935, 0.0 ], [ 118.711807194000016, -8.382147885999927, 0.0 ], [ 118.712053658000059, -8.38190252499993, 0.0 ], [ 118.712205944000061, -8.38175975799993, 0.0 ], [ 118.712453921000019, -8.381528110999966, 0.0 ], [ 118.712469020000071, -8.381514005999975, 0.0 ], [ 118.712553344000071, -8.381408787999931, 0.0 ], [ 118.712653282000019, -8.381244604999949, 0.0 ], [ 118.712736563000021, -8.381108974999961, 0.0 ], [ 118.712869813000111, -8.380894822999949, 0.0 ], [ 118.712922161000051, -8.38070446699993, 0.0 ], [ 118.712912643000095, -8.380618805999973, 0.0 ], [ 118.712850777000085, -8.380386808999958, 0.0 ], [ 118.712720692000062, -8.380089537999936, 0.0 ], [ 118.712720018000027, -8.380087996999976, 0.0 ], [ 118.712631867000027, -8.37975030299998, 0.0 ], [ 118.712622349000071, -8.37958373999993, 0.0 ], [ 118.712676769000041, -8.379473362999931, 0.0 ], [ 118.712676975000022, -8.379472943999929, 0.0 ], [ 118.712765117000117, -8.379314861999944, 0.0 ], [ 118.712869813000111, -8.379214923999939, 0.0 ], [ 118.712870984, -8.379211735999945, 0.0 ], [ 118.713061360000097, -8.37908286399994, 0.0 ], [ 118.713135123000029, -8.378916301999936, 0.0 ], [ 118.713173194000092, -8.378785431999972, 0.0 ], [ 118.713230301000067, -8.37865931999994, 0.0 ], [ 118.713249337000093, -8.378523690999941, 0.0 ], [ 118.713294547000032, -8.378426132999948, 0.0 ], [ 118.713375628000108, -8.378274949999934, 0.0 ], [ 118.713539631000117, -8.378134648999946, 0.0 ], [ 118.713701434000086, -8.377918117999968, 0.0 ], [ 118.713806131000069, -8.377780109999946, 0.0 ], [ 118.713932243000045, -8.377706345999968, 0.0 ], [ 118.713994108000065, -8.377579044999948, 0.0 ], [ 118.714036939000039, -8.377495763999946, 0.0 ], [ 118.714141634000043, -8.377324442999964, 0.0 ], [ 118.71423681300007, -8.377112670999963, 0.0 ], [ 118.714277264000089, -8.377005594999957, 0.0 ], [ 118.714289929000074, -8.376921307999964, 0.0 ], [ 118.714291495000111, -8.376915494999935, 0.0 ], [ 118.714335561000098, -8.376751943999977, 0.0 ], [ 118.714406944000075, -8.376628211999957, 0.0 ], [ 118.714509262000092, -8.37639026599993, 0.0 ], [ 118.71456076000004, -8.376332503999947, 0.0 ], [ 118.714685342000053, -8.376192770999978, 0.0 ], [ 118.714749587000028, -8.376092833999962, 0.0 ], [ 118.71477100200002, -8.375964341999975, 0.0 ], [ 118.714892355000075, -8.375663340999949, 0.0 ], [ 118.715118996000115, -8.375076261999936, 0.0 ], [ 118.715119159000096, -8.375072930999977, 0.0 ], [ 118.715123163000044, -8.374991142999932, 0.0 ], [ 118.715182649000099, -8.37490786199993, 0.0 ], [ 118.715355958000032, -8.374764761999927, 0.0 ], [ 118.715364293000107, -8.374757879999947, 0.0 ], [ 118.71551506000003, -8.374648976999936, 0.0 ], [ 118.715614997000102, -8.374544279999952, 0.0 ], [ 118.715738729, -8.374430066999935, 0.0 ], [ 118.715795836000098, -8.374332507999952, 0.0 ], [ 118.71579943100005, -8.374326045999965, 0.0 ], [ 118.715850564000107, -8.374306333999925, 0.0 ], [ 118.715891015000011, -8.374265883999954, 0.0 ], [ 118.715922894000073, -8.374178273999973, 0.0 ], [ 118.716007608000041, -8.374152620999951, 0.0 ], [ 118.716090889000043, -8.374062201999948, 0.0 ], [ 118.716128961000095, -8.373964642999965, 0.0 ], [ 118.716162273, -8.373843290999957, 0.0 ], [ 118.716228898000054, -8.373752871999955, 0.0 ], [ 118.71630028200002, -8.373686245999977, 0.0 ], [ 118.716357389000109, -8.373588688999973, 0.0 ], [ 118.716407358000083, -8.373476853999932, 0.0 ], [ 118.716459705000034, -8.373412608999956, 0.0 ], [ 118.716483501000084, -8.373353121999969, 0.0 ], [ 118.716500157000041, -8.373278168999946, 0.0 ], [ 118.716564402000017, -8.373187748999953, 0.0 ], [ 118.716642924000098, -8.373094949999938, 0.0 ], [ 118.7167262050001, -8.373014048999948, 0.0 ], [ 118.7167952100001, -8.372930767999947, 0.0 ], [ 118.716833281000049, -8.372857004999958, 0.0 ], [ 118.71690228500006, -8.372780861999956, 0.0 ], [ 118.716975097000045, -8.37267021699995, 0.0 ], [ 118.717065517000037, -8.372498895999968, 0.0 ], [ 118.717151177, -8.372368024999957, 0.0 ], [ 118.717312980000088, -8.372127699999965, 0.0 ], [ 118.717329637000034, -8.372030141999971, 0.0 ], [ 118.717327257000079, -8.371965895999949, 0.0 ], [ 118.717401020000011, -8.371876665999935, 0.0 ], [ 118.717486681000082, -8.371810041999936, 0.0 ], [ 118.717574721, -8.371714862999966, 0.0 ], [ 118.717600896000022, -8.371648238999967, 0.0 ], [ 118.717648484000051, -8.371574474999932, 0.0 ], [ 118.717784114000096, -8.371474536999926, 0.0 ], [ 118.717861446000029, -8.37140672299995, 0.0 ], [ 118.717923312000039, -8.37138054899998, 0.0 ], [ 118.717966143000012, -8.371335338999927, 0.0 ], [ 118.718035147000023, -8.371313923999935, 0.0 ], [ 118.718101772000068, -8.371266333999927, 0.0 ], [ 118.718149361000087, -8.371228262999978, 0.0 ], [ 118.718225504000088, -8.371206848999975, 0.0 ], [ 118.718292129000019, -8.371161638999979, 0.0 ], [ 118.718375410000021, -8.371114048999971, 0.0 ], [ 118.718453932000102, -8.371066459999952, 0.0 ], [ 118.718499142000042, -8.371006972999965, 0.0 ], [ 118.718515798000112, -8.370942727999932, 0.0 ], [ 118.718551490000095, -8.370909415999961, 0.0 ], [ 118.718606217000115, -8.370909415999961, 0.0 ], [ 118.718651427000054, -8.370918932999928, 0.0 ], [ 118.718699016000073, -8.370828513999982, 0.0 ], [ 118.718706155000064, -8.370780923999973, 0.0 ], [ 118.718729949000021, -8.370680986999957, 0.0 ], [ 118.71877753900003, -8.370604843999956, 0.0 ], [ 118.718820369000014, -8.37054059899998, 0.0 ], [ 118.718885524000029, -8.370413594999945, 0.0 ], [ 118.718936487000065, -8.370330016999958, 0.0 ], [ 118.718976937000093, -8.37019438699997, 0.0 ], [ 118.718969800000082, -8.370130142999926, 0.0 ], [ 118.718962661000091, -8.370037342999979, 0.0 ], [ 118.718955523000091, -8.369973097999946, 0.0 ], [ 118.718905554000116, -8.369923128999972, 0.0 ], [ 118.718898415000012, -8.369877919999965, 0.0 ], [ 118.718898415000012, -8.369741099999942, 0.0 ], [ 118.718907933000082, -8.369645921999961, 0.0 ], [ 118.718922210000073, -8.369534086999977, 0.0 ], [ 118.718888897000056, -8.36944604699994, 0.0 ], [ 118.718862724000019, -8.369343729999969, 0.0 ], [ 118.718836550000105, -8.369262827999933, 0.0 ], [ 118.718836550000105, -8.369203341999935, 0.0 ], [ 118.718827031000046, -8.369092696999928, 0.0 ], [ 118.718812755000044, -8.36902607199994, 0.0 ], [ 118.718803237000088, -8.368949929999928, 0.0 ], [ 118.718800857000019, -8.368890442999941, 0.0 ], [ 118.718800857000019, -8.368838094999944, 0.0 ], [ 118.718829411000115, -8.368738157999928, 0.0 ], [ 118.718850826000107, -8.368621563999966, 0.0 ], [ 118.718855585000028, -8.368519246999938, 0.0 ], [ 118.718836550000105, -8.368413360999966, 0.0 ], [ 118.718746130000113, -8.368341976999943, 0.0 ], [ 118.718674746000033, -8.368296767999936, 0.0 ], [ 118.718598603000032, -8.368294387999981, 0.0 ], [ 118.718550901000071, -8.368309451999949, 0.0 ], [ 118.718550121000021, -8.368309697999962, 0.0 ], [ 118.718439566000029, -8.368360765999967, 0.0 ], [ 118.718363704000012, -8.368392517999951, 0.0 ], [ 118.718290373000059, -8.368376894999926, 0.0 ], [ 118.718119053, -8.368495867999968, 0.0 ], [ 118.718026967000014, -8.368627928999956, 0.0 ], [ 118.717943687000115, -8.368723106999937, 0.0 ], [ 118.717853029000025, -8.368852390999962, 0.0 ], [ 118.717810437000026, -8.368932499999971, 0.0 ], [ 118.717739053000059, -8.369119287999979, 0.0 ], [ 118.71768432500005, -8.369259675999956, 0.0 ], [ 118.717643874000032, -8.369369130999928, 0.0 ], [ 118.717572490000066, -8.369526175999965, 0.0 ], [ 118.717470174000027, -8.369747465999978, 0.0 ], [ 118.717358339000043, -8.370002066999973, 0.0 ], [ 118.717246504000059, -8.370259049999959, 0.0 ], [ 118.717153705000101, -8.37047795999996, 0.0 ], [ 118.717108495000048, -8.37053982599997, 0.0 ], [ 118.717025214000046, -8.370508892999965, 0.0 ], [ 118.717060907000018, -8.370439888999954, 0.0 ], [ 118.717132290000109, -8.370261428999981, 0.0 ], [ 118.71726792000004, -8.370002066999973, 0.0 ], [ 118.717391651000071, -8.369742706999943, 0.0 ], [ 118.71750824500009, -8.369497621999926, 0.0 ], [ 118.717582008000022, -8.369316782999931, 0.0 ], [ 118.717672428000014, -8.369107389999954, 0.0 ], [ 118.71774619100006, -8.368901566999966, 0.0 ], [ 118.717784263000112, -8.368813526999929, 0.0 ], [ 118.717886580000027, -8.368658861999961, 0.0 ], [ 118.718103110000015, -8.368418536999968, 0.0 ], [ 118.718314154000041, -8.368274741999926, 0.0 ], [ 118.718473950000089, -8.368079467999962, 0.0 ], [ 118.718474318000062, -8.368077522999954, 0.0 ], [ 118.71850900700008, -8.367893943999945, 0.0 ], [ 118.718491161000088, -8.367763073999981, 0.0 ], [ 118.71857444200009, -8.367655998999965, 0.0 ], [ 118.7187053130001, -8.367578665999929, 0.0 ], [ 118.718961104000073, -8.367507281999963, 0.0 ], [ 118.719288280000114, -8.367519179999931, 0.0 ], [ 118.719621405000112, -8.367429949999973, 0.0 ], [ 118.719954529, -8.367245540999932, 0.0 ], [ 118.720317397000031, -8.366971902999978, 0.0 ], [ 118.720579138000062, -8.366686367999932, 0.0 ], [ 118.720823032000112, -8.366394883999931, 0.0 ], [ 118.721025286000099, -8.366103399999929, 0.0 ], [ 118.721190361000026, -8.365907837999941, 0.0 ], [ 118.721380718000091, -8.365765070999942, 0.0 ], [ 118.721538358000089, -8.365634200999978, 0.0 ], [ 118.721776304000059, -8.36547656099998, 0.0 ], [ 118.721993430000111, -8.365321895999955, 0.0 ], [ 118.722154043000046, -8.36523266599994, 0.0 ], [ 118.72227896600009, -8.365191024999945, 0.0 ], [ 118.722447015000057, -8.365143435999926, 0.0 ], [ 118.722670089000076, -8.365033385999936, 0.0 ], [ 118.722982394000041, -8.36478354299993, 0.0 ], [ 118.723148955000056, -8.364608057999931, 0.0 ], [ 118.723312544, -8.364407290999964, 0.0 ], [ 118.723491004000039, -8.364178266999943, 0.0 ], [ 118.723642694000091, -8.363990884999964, 0.0 ], [ 118.723725975000093, -8.363874886999952, 0.0 ], [ 118.723867256000062, -8.363620581999953, 0.0 ], [ 118.724051663000068, -8.363358839999933, 0.0 ], [ 118.724224175000018, -8.362972178999939, 0.0 ], [ 118.724277712000116, -8.362774384999966, 0.0 ], [ 118.724381813000036, -8.362595925999926, 0.0 ], [ 118.724459146000072, -8.362432337999962, 0.0 ], [ 118.724530530000038, -8.362310390999937, 0.0 ], [ 118.724601914000118, -8.36225090399995, 0.0 ], [ 118.724747656000091, -8.362108135999961, 0.0 ], [ 118.72485770600008, -8.362001060999944, 0.0 ], [ 118.724997499000096, -8.361841933999926, 0.0 ], [ 118.725113498000042, -8.361728909999954, 0.0 ], [ 118.72530236800003, -8.361541526999929, 0.0 ], [ 118.725567083000101, -8.361357118999933, 0.0 ], [ 118.725718774000029, -8.361235170999976, 0.0 ], [ 118.726031077000016, -8.360986814999933, 0.0 ], [ 118.726403257000015, -8.360713431999955, 0.0 ], [ 118.726957970000058, -8.360402993999969, 0.0 ], [ 118.727632993000043, -8.359960992999959, 0.0 ], [ 118.727923111000109, -8.359704535999981, 0.0 ], [ 118.727961030000074, -8.359671015999936, 0.0 ], [ 118.727961663000087, -8.359670272999949, 0.0 ], [ 118.728407445000016, -8.359274078999931, 0.0 ], [ 118.728650151000011, -8.35896712899995, 0.0 ], [ 118.728814334000049, -8.358710146999954, 0.0 ], [ 118.72900707000008, -8.358281843999976, 0.0 ], [ 118.729072260000066, -8.357754650999937, 0.0 ], [ 118.729108165000071, -8.35750775799994, 0.0 ], [ 118.729107919000057, -8.35750647499998, 0.0 ], [ 118.729057038000064, -8.357240829999967, 0.0 ], [ 118.729095110000117, -8.356998124999961, 0.0 ], [ 118.729142698000032, -8.356822044999944, 0.0 ], [ 118.729190288000041, -8.356679276999955, 0.0 ], [ 118.729275316000098, -8.356539743999974, 0.0 ], [ 118.729375886000071, -8.35637470599994, 0.0 ], [ 118.729456788000107, -8.356017786999928, 0.0 ], [ 118.729475824000019, -8.355701318999934, 0.0 ], [ 118.729456033000019, -8.355243946999963, 0.0 ], [ 118.729455857000062, -8.355243581999957, 0.0 ], [ 118.729371127000036, -8.355068381999956, 0.0 ], [ 118.728876200000059, -8.35384771799994, 0.0 ], [ 118.728339005000066, -8.352990013999943, 0.0 ], [ 118.72804398300002, -8.352683955999964, 0.0 ], [ 118.7278030330001, -8.352416983999944, 0.0 ], [ 118.727350965000028, -8.351796622999927, 0.0 ], [ 118.727208197000095, -8.351530123999964, 0.0 ], [ 118.727175024000076, -8.351359017999926, 0.0 ], [ 118.727078994000067, -8.351157943999965, 0.0 ], [ 118.726975661000097, -8.35098732199998, 0.0 ], [ 118.726956625000071, -8.350854071999947, 0.0 ], [ 118.727041635000091, -8.350697311999966, 0.0 ], [ 118.727289504000055, -8.350459154999953, 0.0 ], [ 118.727297993000093, -8.350450997999928, 0.0 ], [ 118.72730866400002, -8.350439230999939, 0.0 ], [ 118.727484865000065, -8.350244930999963, 0.0 ], [ 118.72772757000007, -8.350102161999928, 0.0 ], [ 118.727834900000062, -8.35006393499998, 0.0 ], [ 118.727845964000039, -8.350059993999935, 0.0 ], [ 118.728306011000086, -8.349608989999979, 0.0 ], [ 118.728556506000018, -8.349274951999973, 0.0 ], [ 118.72856098200009, -8.349268983999934, 0.0 ], [ 118.728561871000011, -8.349266861999979, 0.0 ], [ 118.728771503000075, -8.348950787999968, 0.0 ], [ 118.728828610000051, -8.34861766299997, 0.0 ], [ 118.728800057000058, -8.348336886999959, 0.0 ], [ 118.728740570000014, -8.348170323999966, 0.0 ], [ 118.728671565000013, -8.348068006999938, 0.0 ], [ 118.728575982000052, -8.347940707999953, 0.0 ], [ 118.728560519000098, -8.347920114999965, 0.0 ], [ 118.728526975000023, -8.347868989999938, 0.0 ], [ 118.728521107, -8.347862216999943, 0.0 ], [ 118.728447897000024, -8.347777712999971, 0.0 ], [ 118.728345197000067, -8.347748330999934, 0.0 ], [ 118.728336966000029, -8.347745975999942, 0.0 ], [ 118.728162361000045, -8.347777712999971, 0.0 ], [ 118.728007696000077, -8.347815783999977, 0.0 ], [ 118.727843514000028, -8.347834819999946, 0.0 ], [ 118.727636500000017, -8.347775333999948, 0.0 ], [ 118.727472317000093, -8.347644463999927, 0.0 ], [ 118.727384277000056, -8.347499316999972, 0.0 ], [ 118.727321978000077, -8.347308006999981, 0.0 ], [ 118.727219031000118, -8.34696305999995, 0.0 ], [ 118.727219591000107, -8.346961963999945, 0.0 ], [ 118.727277598000114, -8.346848533999946, 0.0 ], [ 118.727331136000089, -8.346794995999971, 0.0 ], [ 118.727343034000114, -8.346693868999978, 0.0 ], [ 118.727289495000036, -8.346610587999976, 0.0 ], [ 118.727166804000035, -8.346538212999974, 0.0 ], [ 118.72714127900008, -8.346556742999951, 0.0 ], [ 118.727140963000011, -8.346556971999973, 0.0 ], [ 118.727096922000101, -8.346462383999949, 0.0 ], [ 118.727063446000102, -8.34639048799994, 0.0 ], [ 118.727140035000048, -8.346335957999941, 0.0 ], [ 118.727177503, -8.34633628499995, 0.0 ], [ 118.727253804000043, -8.346336949999966, 0.0 ], [ 118.727264957000102, -8.346264573999974, 0.0 ], [ 118.72722034200001, -8.346196164999981, 0.0 ], [ 118.727216487000078, -8.346187391999933, 0.0 ], [ 118.727164574000085, -8.346069260999968, 0.0 ], [ 118.727253060000066, -8.345990936999954, 0.0 ], [ 118.727314765000074, -8.345990936999954, 0.0 ], [ 118.727380956000047, -8.345990936999954, 0.0 ], [ 118.727408298000114, -8.345896319999952, 0.0 ], [ 118.727517775000024, -8.345874937999952, 0.0 ], [ 118.727607004000106, -8.34579165699995, 0.0 ], [ 118.727604030000066, -8.345717297999954, 0.0 ], [ 118.727645671000118, -8.345642940999937, 0.0 ], [ 118.727740850000032, -8.345613196999977, 0.0 ], [ 118.727796509000086, -8.345570972999951, 0.0 ], [ 118.727949053000088, -8.345534376999979, 0.0 ], [ 118.728005564000114, -8.345486788999949, 0.0 ], [ 118.728017461000036, -8.345421352999949, 0.0 ], [ 118.728029359000061, -8.345385661999956, 0.0 ], [ 118.728094794000071, -8.345397558999935, 0.0 ], [ 118.728154281000116, -8.345317251999973, 0.0 ], [ 118.728186998000069, -8.345254789999956, 0.0 ], [ 118.728213767000057, -8.345225046999929, 0.0 ], [ 118.728195921000065, -8.345162586999948, 0.0 ], [ 118.728201870000021, -8.345094176999964, 0.0 ], [ 118.728210793000017, -8.345025766999981, 0.0 ], [ 118.728198896000094, -8.344945460999952, 0.0 ], [ 118.728195921000065, -8.344817564999971, 0.0 ], [ 118.728195921000065, -8.344731309999929, 0.0 ], [ 118.728189973000099, -8.344671822999942, 0.0 ], [ 118.728175326000041, -8.344591630999957, 0.0 ], [ 118.728174748000015, -8.344589778999932, 0.0 ], [ 118.72813584000005, -8.344465106999962, 0.0 ], [ 118.728189378000025, -8.344355056999973, 0.0 ], [ 118.728352230000041, -8.344170001999942, 0.0 ], [ 118.72840868500009, -8.344164092999961, 0.0 ], [ 118.728410439000072, -8.344163908999974, 0.0 ], [ 118.728442175000055, -8.344179523999969, 0.0 ], [ 118.728522205000104, -8.34423191999997, 0.0 ], [ 118.728587640000114, -8.344205150999926, 0.0 ], [ 118.728554922000058, -8.344145664999928, 0.0 ], [ 118.728581691000045, -8.344121869999981, 0.0 ], [ 118.728727434, -8.344124843999964, 0.0 ], [ 118.72877204800011, -8.344035614999939, 0.0 ], [ 118.728745279, -8.343964230999973, 0.0 ], [ 118.728718511000011, -8.34389284699995, 0.0 ], [ 118.728706613000099, -8.343812539999931, 0.0 ], [ 118.728742305000083, -8.343720335999933, 0.0 ], [ 118.728775022000036, -8.343648951999967, 0.0 ], [ 118.728849381000032, -8.343645977999927, 0.0 ], [ 118.728902919, -8.343613259999927, 0.0 ], [ 118.728920765000112, -8.343479414999933, 0.0 ], [ 118.728914816000042, -8.343416954999952, 0.0 ], [ 118.728883793000023, -8.343355405999944, 0.0 ], [ 118.728930045000084, -8.343299847999958, 0.0 ], [ 118.728932833000044, -8.343293524999979, 0.0 ], [ 118.728983235000101, -8.343179196999927, 0.0 ], [ 118.729011789000083, -8.343095915999982, 0.0 ], [ 118.729114779000042, -8.343074970999965, 0.0 ], [ 118.729117758000029, -8.34307436499995, 0.0 ], [ 118.729235458000062, -8.343017392999968, 0.0 ], [ 118.729263359000015, -8.342899470999953, 0.0 ], [ 118.72933192500011, -8.342817108999952, 0.0 ], [ 118.729399104000095, -8.342812936999962, 0.0 ], [ 118.729476418000104, -8.342830922999951, 0.0 ], [ 118.729533525000079, -8.342750020999972, 0.0 ], [ 118.729614427000115, -8.34269291399994, 0.0 ], [ 118.729757194000058, -8.342588217999946, 0.0 ], [ 118.729852373000085, -8.342497797999954, 0.0 ], [ 118.729952310000044, -8.342412137999929, 0.0 ], [ 118.730018936000079, -8.342335994999928, 0.0 ], [ 118.730142667000109, -8.342274129999964, 0.0 ], [ 118.730280676, -8.342274129999964, 0.0 ], [ 118.730423444000053, -8.342221780999978, 0.0 ], [ 118.730498397000019, -8.342148017999932, 0.0 ], [ 118.730465679000076, -8.342026070999964, 0.0 ], [ 118.730456756000081, -8.341933866999966, 0.0 ], [ 118.730510294000055, -8.341817867999964, 0.0 ], [ 118.730578704000095, -8.341722688999937, 0.0 ], [ 118.730647113000032, -8.341663202999939, 0.0 ], [ 118.730760137000061, -8.341606690999981, 0.0 ], [ 118.730789881000078, -8.341570997999952, 0.0 ], [ 118.730795316000012, -8.341514837999966, 0.0 ], [ 118.730951012000105, -8.34145196399993, 0.0 ], [ 118.730952637000087, -8.341450272999964, 0.0 ], [ 118.731134724000071, -8.341467759999944, 0.0 ], [ 118.73122752300003, -8.341457051999953, 0.0 ], [ 118.731273923000117, -8.341410652999969, 0.0 ], [ 118.731273923000117, -8.341310715999953, 0.0 ], [ 118.731298907000109, -8.34123933099994, 0.0 ], [ 118.731320322000101, -8.341171516999964, 0.0 ], [ 118.731323892000091, -8.34108942599994, 0.0 ], [ 118.731323892000091, -8.341028748999975, 0.0 ], [ 118.731398845000058, -8.340944277999938, 0.0 ], [ 118.731467849000069, -8.340913345999979, 0.0 ], [ 118.731532094000045, -8.340856237999958, 0.0 ], [ 118.731605857000091, -8.340820545999975, 0.0 ], [ 118.731686759000013, -8.340794372999937, 0.0 ], [ 118.731734349000021, -8.34078961299997, 0.0 ], [ 118.731824768000024, -8.340796750999971, 0.0 ], [ 118.731867598, -8.340791992999925, 0.0 ], [ 118.731889013000114, -8.340818166999952, 0.0 ], [ 118.731927085000052, -8.340834822999966, 0.0 ], [ 118.731969915000036, -8.340820545999975, 0.0 ], [ 118.731984192000027, -8.340768197999978, 0.0 ], [ 118.73202226300009, -8.340732505999938, 0.0 ], [ 118.732048437000117, -8.340694434999932, 0.0 ], [ 118.732007986000099, -8.340626619999966, 0.0 ], [ 118.731984192000027, -8.340548097999942, 0.0 ], [ 118.731991330000028, -8.340469575999975, 0.0 ], [ 118.732031781000046, -8.340424365999979, 0.0 ], [ 118.732088888000021, -8.340381535999938, 0.0 ], [ 118.732165031000022, -8.340336325999942, 0.0 ], [ 118.732257830000094, -8.340322049999941, 0.0 ], [ 118.732331593000026, -8.34031491099995, 0.0 ], [ 118.7323530970001, -8.340283632999956, 0.0 ], [ 118.732357794000109, -8.340280351999979, 0.0 ], [ 118.732468412000117, -8.340203075999966, 0.0 ], [ 118.732558832000109, -8.340157866999959, 0.0 ], [ 118.732825331000072, -8.340203075999966, 0.0 ], [ 118.732912241, -8.340264806999926, 0.0 ], [ 118.732917366000038, -8.340268446999971, 0.0 ], [ 118.732974988000024, -8.34027593199994, 0.0 ], [ 118.733116815000017, -8.340338705999955, 0.0 ], [ 118.733231029000081, -8.340374396999948, 0.0 ], [ 118.733264342000098, -8.340429124999957, 0.0 ], [ 118.733314311000072, -8.340426745999935, 0.0 ], [ 118.733414248000031, -8.340426745999935, 0.0 ], [ 118.733480872000086, -8.340383914999961, 0.0 ], [ 118.733552256000053, -8.340336325999942, 0.0 ], [ 118.733659713000065, -8.340301960999966, 0.0 ], [ 118.733756891000098, -8.340295874999981, 0.0 ], [ 118.73383303300011, -8.340274459999932, 0.0 ], [ 118.733997215000045, -8.340222110999946, 0.0 ], [ 118.734085256000071, -8.340217352999957, 0.0 ], [ 118.734300835000113, -8.340212593999979, 0.0 ], [ 118.734407446000091, -8.340242789999934, 0.0 ], [ 118.734485207000034, -8.340227036999977, 0.0 ], [ 118.734638718000042, -8.340195937999965, 0.0 ], [ 118.734698483000102, -8.340228363999927, 0.0 ], [ 118.734786245, -8.340200696999943, 0.0 ], [ 118.734893321000072, -8.34022687099997, 0.0 ], [ 118.735071780000112, -8.340333946999976, 0.0 ], [ 118.735131267000042, -8.340383914999961, 0.0 ], [ 118.735198172000082, -8.34041059499998, 0.0 ], [ 118.735283553000045, -8.34037677699996, 0.0 ], [ 118.735345418000065, -8.340426745999935, 0.0 ], [ 118.735409664000031, -8.340455298999927, 0.0 ], [ 118.735450037000078, -8.34053315999995, 0.0 ], [ 118.735451839, -8.340536635999968, 0.0 ], [ 118.735536965000051, -8.340593307999939, 0.0 ], [ 118.735657995000111, -8.340593959999978, 0.0 ], [ 118.736219870000014, -8.340590927999926, 0.0 ], [ 118.736426883000036, -8.340569512999934, 0.0 ], [ 118.736605419000057, -8.340507203999948, 0.0 ], [ 118.736608766000018, -8.340506035999965, 0.0 ], [ 118.736608942000089, -8.340506387999937, 0.0 ], [ 118.736609179000084, -8.340506612999945, 0.0 ], [ 118.736617403000082, -8.340617625999926, 0.0 ], [ 118.736621433000096, -8.340672026999925, 0.0 ], [ 118.736637847000111, -8.340893592999976, 0.0 ], [ 118.736641021000082, -8.340936437999972, 0.0 ], [ 118.736646636000046, -8.341012213999932, 0.0 ], [ 118.736648458000104, -8.34103678699995, 0.0 ], [ 118.736650423000015, -8.341063309999981, 0.0 ], [ 118.73668964500007, -8.341352082999947, 0.0 ], [ 118.736658007000074, -8.341862190999962, 0.0 ], [ 118.736657772000058, -8.341865981999945, 0.0 ], [ 118.736621912000032, -8.342126630999928, 0.0 ], [ 118.736611614000026, -8.342327376999947, 0.0 ], [ 118.736620144000085, -8.342618381999955, 0.0 ], [ 118.736660332000042, -8.342760083999963, 0.0 ], [ 118.736669624000115, -8.342772406999927, 0.0 ], [ 118.736879119000037, -8.343050266999967, 0.0 ], [ 118.737220824000019, -8.343590890999963, 0.0 ], [ 118.737315024000054, -8.34370493299997, 0.0 ], [ 118.737404511000022, -8.343717781999942, 0.0 ], [ 118.737679392000018, -8.343757249999953, 0.0 ], [ 118.737967838000031, -8.343796432999966, 0.0 ], [ 118.73797958900002, -8.343798029999959, 0.0 ], [ 118.738405517000047, -8.344016825999972, 0.0 ], [ 118.738879127000018, -8.344314162999979, 0.0 ], [ 118.739272449000055, -8.344564265999963, 0.0 ], [ 118.739282595000077, -8.344571297999948, 0.0 ], [ 118.739535098000033, -8.344746273999931, 0.0 ], [ 118.739487642000086, -8.345308964999958, 0.0 ], [ 118.73946907800007, -8.345529076999981, 0.0 ], [ 118.739530530000025, -8.345683296999937, 0.0 ], [ 118.739726824000059, -8.345911058999945, 0.0 ], [ 118.739763230000108, -8.345953299999962, 0.0 ], [ 118.740013886000042, -8.34626828599994, 0.0 ], [ 118.740267755000104, -8.34672438399997, 0.0 ], [ 118.740246574000025, -8.347367562999978, 0.0 ], [ 118.74018060800006, -8.347638710999945, 0.0 ], [ 118.74014468200005, -8.347786381999981, 0.0 ], [ 118.740078701000016, -8.348068076999937, 0.0 ], [ 118.740064930000017, -8.348126868999941, 0.0 ], [ 118.73998989200004, -8.348704636999969, 0.0 ], [ 118.739950382000075, -8.34900885299993, 0.0 ], [ 118.73996114800002, -8.349293553999928, 0.0 ], [ 118.740022676000081, -8.349591820999933, 0.0 ], [ 118.74013392400002, -8.349772430999963, 0.0 ], [ 118.740432614000042, -8.350070387999949, 0.0 ], [ 118.740606890000095, -8.350186879999967, 0.0 ], [ 118.740643968000086, -8.350201661999961, 0.0 ], [ 118.740842608000094, -8.350249946999952, 0.0 ], [ 118.741022381000107, -8.35037454899998, 0.0 ], [ 118.741084982000075, -8.350417936999975, 0.0 ], [ 118.741129426000043, -8.350462653999955, 0.0 ], [ 118.741227375000108, -8.350561204999963, 0.0 ], [ 118.741348866000067, -8.35086322199993, 0.0 ], [ 118.741401291000102, -8.35140711899993, 0.0 ], [ 118.741410022000082, -8.351735165999969, 0.0 ], [ 118.741415027000016, -8.351923193999937, 0.0 ], [ 118.741433496000013, -8.352284396999949, 0.0 ], [ 118.741475272000116, -8.352500671999962, 0.0 ], [ 118.741696080000111, -8.353430681999953, 0.0 ], [ 118.741713866000055, -8.35349316199995, 0.0 ], [ 118.741862586000025, -8.354015584999956, 0.0 ], [ 118.741890651000062, -8.354733490999934, 0.0 ], [ 118.741898322000111, -8.354929714999969, 0.0 ], [ 118.741902187000051, -8.355028568999955, 0.0 ], [ 118.741931219000094, -8.355296580999948, 0.0 ], [ 118.741965413000116, -8.355432822999944, 0.0 ], [ 118.742025061000049, -8.355670479999958, 0.0 ], [ 118.742150385000059, -8.356068427999958, 0.0 ], [ 118.742241345000025, -8.356357258999935, 0.0 ], [ 118.742256978000114, -8.356558749999976, 0.0 ], [ 118.742264402000046, -8.35665443399995, 0.0 ], [ 118.74230000700004, -8.357113310999978, 0.0 ], [ 118.742254477000074, -8.357423873999949, 0.0 ], [ 118.742215506000093, -8.357851882999967, 0.0 ], [ 118.742214930000046, -8.357862007999927, 0.0 ], [ 118.742203017000065, -8.358071353999946, 0.0 ], [ 118.742183737000119, -8.358283705999952, 0.0 ], [ 118.742180020000092, -8.358324649999929, 0.0 ], [ 118.74217499100007, -8.358380031999957, 0.0 ], [ 118.74221916700003, -8.358680679999964, 0.0 ], [ 118.742362196000045, -8.359066169999949, 0.0 ], [ 118.74244240400003, -8.359264382999982, 0.0 ], [ 118.742660194000109, -8.35988684299997, 0.0 ], [ 118.7426905210001, -8.359973515999968, 0.0 ], [ 118.742716550000068, -8.360129039999947, 0.0 ], [ 118.742719696000108, -8.360213905999956, 0.0 ], [ 118.742722598000114, -8.360387070999934, 0.0 ], [ 118.742774886, -8.360488647999944, 0.0 ], [ 118.743048750000071, -8.361020664999955, 0.0 ], [ 118.743169655000088, -8.361255539999945, 0.0 ], [ 118.74324092400002, -8.361388585999975, 0.0 ], [ 118.743420763000017, -8.361682993999977, 0.0 ], [ 118.74350073700009, -8.361807709999937, 0.0 ], [ 118.74361078600009, -8.362201418999973, 0.0 ], [ 118.743611429000111, -8.362203901999976, 0.0 ], [ 118.743661081000027, -8.362395405999962, 0.0 ], [ 118.743685448000065, -8.36248939099994, 0.0 ], [ 118.743748860000096, -8.362688353999943, 0.0 ], [ 118.743822606000094, -8.362919742999964, 0.0 ], [ 118.743884186000059, -8.363183692999939, 0.0 ], [ 118.743886096000097, -8.363191878999942, 0.0 ], [ 118.743962834000058, -8.363521784999932, 0.0 ], [ 118.743994316000112, -8.363615178999964, 0.0 ], [ 118.743999680000115, -8.36362300299993, 0.0 ], [ 118.744199239000068, -8.363817162999965, 0.0 ], [ 118.744225523000068, -8.363838956999928, 0.0 ], [ 118.744452546000048, -8.364027196999928, 0.0 ], [ 118.744469482000113, -8.364069423999979, 0.0 ], [ 118.744499848000032, -8.364074324999933, 0.0 ], [ 118.744615094000096, -8.364235017999931, 0.0 ], [ 118.744713401000013, -8.364483443999973, 0.0 ], [ 118.744806977000053, -8.364719908999973, 0.0 ], [ 118.74483022000004, -8.364816213999973, 0.0 ], [ 118.744855362000067, -8.36498209399997, 0.0 ], [ 118.74492968900006, -8.36514723099998, 0.0 ], [ 118.744946493000043, -8.36518667799993, 0.0 ], [ 118.745010975000014, -8.36533805199997, 0.0 ], [ 118.745040097000015, -8.365393151999967, 0.0 ], [ 118.745112659000029, -8.36553044599998, 0.0 ], [ 118.74514045, -8.36560013999997, 0.0 ], [ 118.74518399100009, -8.365713825999933, 0.0 ], [ 118.745222605000095, -8.365814644999944, 0.0 ], [ 118.745284372000015, -8.365915580999967, 0.0 ], [ 118.745313575000068, -8.366000576999966, 0.0 ], [ 118.745343741000056, -8.366059631999974, 0.0 ], [ 118.745347425000091, -8.366066844999978, 0.0 ], [ 118.745373316000041, -8.366125733999979, 0.0 ], [ 118.745389156000101, -8.366161766999937, 0.0 ], [ 118.745402433000095, -8.366204981999942, 0.0 ], [ 118.745424070000013, -8.366275406999932, 0.0 ], [ 118.745452524000029, -8.366362189999961, 0.0 ], [ 118.745484336000118, -8.366459212999928, 0.0 ], [ 118.745494886000074, -8.366549046999978, 0.0 ], [ 118.745501943000022, -8.366633443999945, 0.0 ], [ 118.745505554000033, -8.366854111999942, 0.0 ], [ 118.745506359000046, -8.366903307999962, 0.0 ], [ 118.745503607000046, -8.366957641999932, 0.0 ], [ 118.745496988000014, -8.367003657999931, 0.0 ], [ 118.745491578000042, -8.367027546999964, 0.0 ], [ 118.745487654000044, -8.367149378999954, 0.0 ], [ 118.74554162700008, -8.367404196999928, 0.0 ], [ 118.745547300000112, -8.367428392999955, 0.0 ], [ 118.745558051000103, -8.367569534999973, 0.0 ], [ 118.745549292000078, -8.367663835999963, 0.0 ], [ 118.745544493000011, -8.36771549499997, 0.0 ], [ 118.745547891000115, -8.367820097999981, 0.0 ], [ 118.745543534000035, -8.367909851999968, 0.0 ], [ 118.745542230000069, -8.368022820999954, 0.0 ], [ 118.745547113000043, -8.36804473199993, 0.0 ], [ 118.745568641000091, -8.36814134499997, 0.0 ], [ 118.74557746000005, -8.368211438999936, 0.0 ], [ 118.745651444000032, -8.368556138999963, 0.0 ], [ 118.745733270000073, -8.368808618999935, 0.0 ], [ 118.745733078000058, -8.368876802999978, 0.0 ], [ 118.745732872000076, -8.368949710999971, 0.0 ], [ 118.745740713000032, -8.36898575999993, 0.0 ], [ 118.745765628000072, -8.369096387999946, 0.0 ], [ 118.745826395000108, -8.36921719399993, 0.0 ], [ 118.745849850000013, -8.369348676999948, 0.0 ], [ 118.746460417000094, -8.376384198999972, 0.0 ], [ 118.746607163000022, -8.376584987999934, 0.0 ], [ 118.746664975000044, -8.376664090999952, 0.0 ], [ 118.746665590000021, -8.376666538999928, 0.0 ], [ 118.746862736000026, -8.37745173899998, 0.0 ], [ 118.746821628000021, -8.378285077999976, 0.0 ], [ 118.746699557000056, -8.379260186999943, 0.0 ], [ 118.746551750000094, -8.379723507999927, 0.0 ], [ 118.746550791000118, -8.379726514999959, 0.0 ], [ 118.746396055000105, -8.380229590999932, 0.0 ], [ 118.746395881000012, -8.380230157999961, 0.0 ], [ 118.74604953700009, -8.381356190999952, 0.0 ], [ 118.745870647000061, -8.381753666999941, 0.0 ], [ 118.745503257000109, -8.382569968999974, 0.0 ], [ 118.745342427000082, -8.382927314999961, 0.0 ], [ 118.745215754000014, -8.383208769999953, 0.0 ], [ 118.745002288000023, -8.383583865999981, 0.0 ], [ 118.744554547, -8.384370622999938, 0.0 ], [ 118.743784218000087, -8.385512903999938, 0.0 ], [ 118.743507767000096, -8.385858236999979, 0.0 ], [ 118.74343658500004, -8.385947155999929, 0.0 ], [ 118.742801910000026, -8.38673997099994, 0.0 ], [ 118.742376535000062, -8.387606152999979, 0.0 ], [ 118.742135955000094, -8.388096041999972, 0.0 ], [ 118.74154739200003, -8.390121589999978, 0.0 ], [ 118.741546459, -8.390376196999966, 0.0 ], [ 118.741540019000013, -8.392132771999968, 0.0 ], [ 118.741615886000091, -8.392780986999981, 0.0 ], [ 118.741686378000054, -8.393383281999945, 0.0 ], [ 118.741848603000108, -8.394769348999944, 0.0 ], [ 118.741914270000052, -8.395794136999939, 0.0 ], [ 118.741968915000029, -8.396646912999927, 0.0 ], [ 118.742265877000023, -8.398688744999959, 0.0 ], [ 118.742152550000014, -8.399910234999936, 0.0 ], [ 118.74186523100002, -8.40040294399995, 0.0 ], [ 118.741843627000094, -8.400435536999964, 0.0 ], [ 118.741404095, -8.401098640999976, 0.0 ], [ 118.741217354000014, -8.40142356399997, 0.0 ], [ 118.741107478000117, -8.401614744999961, 0.0 ], [ 118.740784543000018, -8.402176640999926, 0.0 ], [ 118.740767211000048, -8.402366771999937, 0.0 ], [ 118.740761611000039, -8.402428208999936, 0.0 ], [ 118.740726275000043, -8.402815845999953, 0.0 ], [ 118.740726242000051, -8.402816209999969, 0.0 ], [ 118.740720193000016, -8.40288256499997, 0.0 ] ] ] ] } },
{ "type": "Feature", "properties": { "nm_kecamatan": "Raba" }, "geometry": { "type": "MultiPolygon", "coordinates": [ [ [ [ 118.758114055000078, -8.501742281999952, 0.0 ], [ 118.758210175000045, -8.501779083999963, 0.0 ], [ 118.758643965000033, -8.501945173999957, 0.0 ], [ 118.758955791000062, -8.502069914999936, 0.0 ], [ 118.758985708000068, -8.502351810999926, 0.0 ], [ 118.758887820000041, -8.502779180999937, 0.0 ], [ 118.758830793000016, -8.502967227999932, 0.0 ], [ 118.758837900000117, -8.50299847499997, 0.0 ], [ 118.75889139200001, -8.503233643999977, 0.0 ], [ 118.758876250000071, -8.503466178999929, 0.0 ], [ 118.758915880000018, -8.503777228999979, 0.0 ], [ 118.759020267000096, -8.504022747999954, 0.0 ], [ 118.758929501000011, -8.504225676999965, 0.0 ], [ 118.7590479160001, -8.504551398999979, 0.0 ], [ 118.758946291000029, -8.50495747399998, 0.0 ], [ 118.758150937000096, -8.505354171999954, 0.0 ], [ 118.7581451100001, -8.505595605999929, 0.0 ], [ 118.758143146000066, -8.505625104999979, 0.0 ], [ 118.75814330500009, -8.505645625999932, 0.0 ], [ 118.758151042, -8.506648110999947, 0.0 ], [ 118.758161561000065, -8.508010959999979, 0.0 ], [ 118.758164154000042, -8.508346913999958, 0.0 ], [ 118.758014252000066, -8.509686848999934, 0.0 ], [ 118.7581169770001, -8.510135257999934, 0.0 ], [ 118.757895176000034, -8.510404628999936, 0.0 ], [ 118.757602588000054, -8.510759968999935, 0.0 ], [ 118.757338362000041, -8.511152460999938, 0.0 ], [ 118.757067361000054, -8.511687120999966, 0.0 ], [ 118.756929430000014, -8.512301356999956, 0.0 ], [ 118.756814207000048, -8.512668441999949, 0.0 ], [ 118.756546402000026, -8.51306380799997, 0.0 ], [ 118.756480858000032, -8.513730416999977, 0.0 ], [ 118.756811262000042, -8.514086827999961, 0.0 ], [ 118.757220539000059, -8.514233908999927, 0.0 ], [ 118.757850327000028, -8.514512115999935, 0.0 ], [ 118.758088024000017, -8.514585807999936, 0.0 ], [ 118.758513711000091, -8.514717780999945, 0.0 ], [ 118.759085585000093, -8.514913092999961, 0.0 ], [ 118.759288979000075, -8.514982557999929, 0.0 ], [ 118.759973261000027, -8.515429903999973, 0.0 ], [ 118.759841630000096, -8.515995923999981, 0.0 ], [ 118.759841456000117, -8.51599667399995, 0.0 ], [ 118.75967167500005, -8.516726740999957, 0.0 ], [ 118.75962516900006, -8.516926718999969, 0.0 ], [ 118.759518809000042, -8.517083660999958, 0.0 ], [ 118.759077688000048, -8.517734562999976, 0.0 ], [ 118.758760335000034, -8.518202837999979, 0.0 ], [ 118.75850235900009, -8.518947070999957, 0.0 ], [ 118.757957948000012, -8.52051763999998, 0.0 ], [ 118.757273005000116, -8.520407272999933, 0.0 ], [ 118.756336865000094, -8.520241351999971, 0.0 ], [ 118.755605917000025, -8.520040415999972, 0.0 ], [ 118.755091977, -8.519906577999961, 0.0 ], [ 118.75440677600011, -8.519739516999948, 0.0 ], [ 118.754276296000057, -8.519713882999952, 0.0 ], [ 118.753826446000062, -8.519625506999944, 0.0 ], [ 118.753555178000056, -8.519556402999967, 0.0 ], [ 118.751940546000014, -8.519457644999932, 0.0 ], [ 118.749249036000037, -8.518978674999971, 0.0 ], [ 118.744097435000072, -8.517805366999937, 0.0 ], [ 118.742787589000045, -8.517644343999962, 0.0 ], [ 118.741678488000048, -8.517348874999925, 0.0 ], [ 118.740603596000028, -8.517186790999972, 0.0 ], [ 118.740366266000024, -8.517125430999954, 0.0 ], [ 118.739417447000051, -8.516896426999949, 0.0 ], [ 118.734355995000101, -8.515170687999955, 0.0 ], [ 118.733981092000022, -8.515012851999927, 0.0 ], [ 118.732535001000088, -8.514384998999958, 0.0 ], [ 118.732534917000066, -8.514384961999951, 0.0 ], [ 118.732030207000093, -8.51412013099997, 0.0 ], [ 118.731423577000101, -8.51358867099998, 0.0 ], [ 118.731069307000098, -8.513210602999948, 0.0 ], [ 118.72967075400004, -8.511960532999979, 0.0 ], [ 118.729482815000097, -8.511710909999977, 0.0 ], [ 118.729248519000066, -8.511399714999925, 0.0 ], [ 118.72889413900009, -8.51092902299996, 0.0 ], [ 118.728726895000023, -8.510657787999946, 0.0 ], [ 118.728726755000025, -8.51065756099996, 0.0 ], [ 118.728726506000044, -8.510654710999972, 0.0 ], [ 118.728451285, -8.507504635999965, 0.0 ], [ 118.728891064000095, -8.506471025999929, 0.0 ], [ 118.729077694000011, -8.505460640999956, 0.0 ], [ 118.728922499000078, -8.504361752999955, 0.0 ], [ 118.728212913000107, -8.503053888999943, 0.0 ], [ 118.728212119000091, -8.503052424999964, 0.0 ], [ 118.727956336000034, -8.502580980999937, 0.0 ], [ 118.728191860000038, -8.502349720999973, 0.0 ], [ 118.728414706000081, -8.502353229999926, 0.0 ], [ 118.728453916000035, -8.502353847999927, 0.0 ], [ 118.728621739000118, -8.502356490999944, 0.0 ], [ 118.728921461000027, -8.502334463999944, 0.0 ], [ 118.729092642000069, -8.502321883999969, 0.0 ], [ 118.729547259000014, -8.502288472999965, 0.0 ], [ 118.729711562000034, -8.502276397999935, 0.0 ], [ 118.729785205000098, -8.502270985999928, 0.0 ], [ 118.730052948000093, -8.502251308999973, 0.0 ], [ 118.730781036000053, -8.502028540999959, 0.0 ], [ 118.731334252000011, -8.501915964999966, 0.0 ], [ 118.732292265000069, -8.501721016999966, 0.0 ], [ 118.732810166000036, -8.501575030999959, 0.0 ], [ 118.732903975000113, -8.501548587999935, 0.0 ], [ 118.733733113000085, -8.501579613999979, 0.0 ], [ 118.735878375000084, -8.50161911899994, 0.0 ], [ 118.736090227000091, -8.501175943999954, 0.0 ], [ 118.736154528000043, -8.501079064999942, 0.0 ], [ 118.736357917000078, -8.500772624999968, 0.0 ], [ 118.736625051000033, -8.500493373999973, 0.0 ], [ 118.736669947000109, -8.500446440999951, 0.0 ], [ 118.736698720000049, -8.500416362999943, 0.0 ], [ 118.736893808000104, -8.500172834999944, 0.0 ], [ 118.737139570000068, -8.49986605099997, 0.0 ], [ 118.737250056000107, -8.499805135999964, 0.0 ], [ 118.737479799000084, -8.499742599999934, 0.0 ], [ 118.737626241000044, -8.49968946499996, 0.0 ], [ 118.737622305000059, -8.499694556999941, 0.0 ], [ 118.737710480000032, -8.499658899999929, 0.0 ], [ 118.738074787000073, -8.499511574999929, 0.0 ], [ 118.738595040000064, -8.499328506999973, 0.0 ], [ 118.738951687000053, -8.499285868999948, 0.0 ], [ 118.739591112000085, -8.499314304999928, 0.0 ], [ 118.739633579000042, -8.49933399899993, 0.0 ], [ 118.739966769000034, -8.499539840999944, 0.0 ], [ 118.740056511000034, -8.499549581999929, 0.0 ], [ 118.740124326000114, -8.499521028999936, 0.0 ], [ 118.740154867000115, -8.499340323999945, 0.0 ], [ 118.740167156000098, -8.499267615999941, 0.0 ], [ 118.740753874, -8.498699833999979, 0.0 ], [ 118.740880828000059, -8.498605839999925, 0.0 ], [ 118.741055189, -8.49858937099998, 0.0 ], [ 118.741070405000073, -8.498576411999977, 0.0 ], [ 118.741265753000107, -8.498306313999933, 0.0 ], [ 118.741303825000045, -8.498273000999973, 0.0 ], [ 118.741538265000031, -8.498207839999964, 0.0 ], [ 118.741559849000055, -8.498180898999976, 0.0 ], [ 118.741585317000045, -8.498127158999978, 0.0 ], [ 118.741591806000088, -8.498100197999975, 0.0 ], [ 118.74164622, -8.497874119999949, 0.0 ], [ 118.741670827, -8.497771882999928, 0.0 ], [ 118.741702894000014, -8.497377454999935, 0.0 ], [ 118.741712122000081, -8.497261274999971, 0.0 ], [ 118.741658467000093, -8.497032741999931, 0.0 ], [ 118.741675400000076, -8.49681955799997, 0.0 ], [ 118.741723324000077, -8.496732299999962, 0.0 ], [ 118.742023380000091, -8.496530833999941, 0.0 ], [ 118.742056448000085, -8.496508630999926, 0.0 ], [ 118.742149247000043, -8.496468179999965, 0.0 ], [ 118.742495459000111, -8.496412262999968, 0.0 ], [ 118.742591590000075, -8.496363955999925, 0.0 ], [ 118.743516754000098, -8.495899048999945, 0.0 ], [ 118.743586267000069, -8.495864117999929, 0.0 ], [ 118.743915997000045, -8.495698424999944, 0.0 ], [ 118.744039484000041, -8.495628906999968, 0.0 ], [ 118.744090998000047, -8.495599906999928, 0.0 ], [ 118.744457443000101, -8.495393615999944, 0.0 ], [ 118.744621626000026, -8.495355067999981, 0.0 ], [ 118.744697293000058, -8.495349357999942, 0.0 ], [ 118.744802280000044, -8.495358416999977, 0.0 ], [ 118.744806941000093, -8.49535743499996, 0.0 ], [ 118.744823694000047, -8.495360264999931, 0.0 ], [ 118.745100888000024, -8.495407098999976, 0.0 ], [ 118.745106081000017, -8.495403635999935, 0.0 ], [ 118.745176096000023, -8.495356958999935, 0.0 ], [ 118.745200825000097, -8.495340473999931, 0.0 ], [ 118.745167712000011, -8.495301840999957, 0.0 ], [ 118.745086611000033, -8.495207223999955, 0.0 ], [ 118.745075997000072, -8.495199690999925, 0.0 ], [ 118.74499004300003, -8.495138684999972, 0.0 ], [ 118.7449608390001, -8.495117956999934, 0.0 ], [ 118.744878367000069, -8.49505942199994, 0.0 ], [ 118.744794357000046, -8.494999794999956, 0.0 ], [ 118.744580862000021, -8.494884476999971, 0.0 ], [ 118.744344404000117, -8.494756754999969, 0.0 ], [ 118.744339117000095, -8.494753898999932, 0.0 ], [ 118.744322455000088, -8.494744898999954, 0.0 ], [ 118.744306148000078, -8.494736090999936, 0.0 ], [ 118.744249041000103, -8.494617117999951, 0.0 ], [ 118.744257426000104, -8.494576866999978, 0.0 ], [ 118.74426104600002, -8.494559489999972, 0.0 ], [ 118.744272835000061, -8.494502903999944, 0.0 ], [ 118.74428853400002, -8.494466272999944, 0.0 ], [ 118.744343952, -8.494336964999945, 0.0 ], [ 118.744358496000018, -8.49430302899998, 0.0 ], [ 118.744430744000056, -8.494094312999948, 0.0 ], [ 118.744486987000073, -8.493931832999976, 0.0 ], [ 118.744540020000045, -8.493845968999949, 0.0 ], [ 118.744586924000032, -8.493770029999951, 0.0 ], [ 118.744745023000064, -8.49359766699996, 0.0 ], [ 118.744744697000101, -8.49349099899996, 0.0 ], [ 118.744727957, -8.493069709999929, 0.0 ], [ 118.744723214000032, -8.492950343999951, 0.0 ], [ 118.744714766000016, -8.492737746999978, 0.0 ], [ 118.744679074000032, -8.492565235999962, 0.0 ], [ 118.744589844000075, -8.492458159999956, 0.0 ], [ 118.744518461000098, -8.492386775999933, 0.0 ], [ 118.743907117000049, -8.49205395499996, 0.0 ], [ 118.743626962, -8.49164091199998, 0.0 ], [ 118.743583712000031, -8.49157293899998, 0.0 ], [ 118.743556221000063, -8.491545640999959, 0.0 ], [ 118.74319016000004, -8.491003078999938, 0.0 ], [ 118.743141534000074, -8.490914723999936, 0.0 ], [ 118.742993785000067, -8.490475504999949, 0.0 ], [ 118.742977576000044, -8.490445669999929, 0.0 ], [ 118.74304070900007, -8.490230384999961, 0.0 ], [ 118.74344102900011, -8.489556153999956, 0.0 ], [ 118.743687505000025, -8.489338538999959, 0.0 ], [ 118.743705744000067, -8.489268049999964, 0.0 ], [ 118.743736809000097, -8.489147985999978, 0.0 ], [ 118.743772615000012, -8.489009598999928, 0.0 ], [ 118.743752572000062, -8.488832852999963, 0.0 ], [ 118.74372401800008, -8.488757899999939, 0.0 ], [ 118.743699034000088, -8.488668669999981, 0.0 ], [ 118.743645496000113, -8.488540178999926, 0.0 ], [ 118.743556266000041, -8.488436671999978, 0.0 ], [ 118.743474175000074, -8.488336734999962, 0.0 ], [ 118.743463467000083, -8.488240366999946, 0.0 ], [ 118.743488451000076, -8.488001230999942, 0.0 ], [ 118.743509867000057, -8.48783347899996, 0.0 ], [ 118.743663342000104, -8.48753723599998, 0.0 ], [ 118.743741864000071, -8.48735877699994, 0.0 ], [ 118.743870355000013, -8.487105363999945, 0.0 ], [ 118.743977431000076, -8.48701970299993, 0.0 ], [ 118.744095214000026, -8.486980441999947, 0.0 ], [ 118.74421656700008, -8.486966165999945, 0.0 ], [ 118.744398595, -8.486941180999963, 0.0 ], [ 118.744512809000071, -8.486891212999979, 0.0 ], [ 118.744680561000109, -8.486773428999982, 0.0 ], [ 118.745035101000099, -8.486336202999951, 0.0 ], [ 118.745293088000039, -8.485958290999974, 0.0 ], [ 118.745388451000053, -8.485718732999942, 0.0 ], [ 118.745388451000053, -8.485652107999954, 0.0 ], [ 118.74539796900001, -8.485585482999966, 0.0 ], [ 118.745412246000114, -8.485528375999934, 0.0 ], [ 118.746016290000057, -8.484706410999934, 0.0 ], [ 118.746131837, -8.484597321999956, 0.0 ], [ 118.746146446000012, -8.484573732999934, 0.0 ], [ 118.746264623000116, -8.484414522999941, 0.0 ], [ 118.746306778000076, -8.484371585999952, 0.0 ], [ 118.746590555000012, -8.483966735999957, 0.0 ], [ 118.746629816000109, -8.483920336999972, 0.0 ], [ 118.746704769000075, -8.483891782999933, 0.0 ], [ 118.747173105000115, -8.483893798999929, 0.0 ], [ 118.747616583000081, -8.482938933999947, 0.0 ], [ 118.747773335000034, -8.482938933999947, 0.0 ], [ 118.747816457000113, -8.482938933999947, 0.0 ], [ 118.74793477500009, -8.482814110999925, 0.0 ], [ 118.747968338000078, -8.482719612999972, 0.0 ], [ 118.748018768000065, -8.482577628999934, 0.0 ], [ 118.748091124000098, -8.482293265999942, 0.0 ], [ 118.748107283000081, -8.48210961999996, 0.0 ], [ 118.7480896510001, -8.481927623999979, 0.0 ], [ 118.74809549500003, -8.48174796099994, 0.0 ], [ 118.748101574000088, -8.481561063999948, 0.0 ], [ 118.748107561000097, -8.481433950999929, 0.0 ], [ 118.748122355000078, -8.481396820999976, 0.0 ], [ 118.747796644000118, -8.481213104999938, 0.0 ], [ 118.74777215000006, -8.481188609999947, 0.0 ], [ 118.74774310600003, -8.481159566999963, 0.0 ], [ 118.747713363000116, -8.481103054999949, 0.0 ], [ 118.74770444, -8.481007875999978, 0.0 ], [ 118.747695517000011, -8.480933517999972, 0.0 ], [ 118.74770444, -8.480865108999978, 0.0 ], [ 118.747897771000112, -8.480484394999962, 0.0 ], [ 118.747945360000017, -8.48036839599996, 0.0 ], [ 118.747948335000046, -8.480255371999931, 0.0 ], [ 118.74791859100003, -8.480210756999952, 0.0 ], [ 118.747823413000106, -8.480151269999965, 0.0 ], [ 118.747436751, -8.479960912999957, 0.0 ], [ 118.747311829000068, -8.479862760999936, 0.0 ], [ 118.747234496000033, -8.47979137699997, 0.0 ], [ 118.747222599000111, -8.479731889999925, 0.0 ], [ 118.747241857000063, -8.479572553999958, 0.0 ], [ 118.747307249000073, -8.479508455999962, 0.0 ], [ 118.747349732000089, -8.479466813999977, 0.0 ], [ 118.747348514, -8.479454921999945, 0.0 ], [ 118.747392364, -8.479313383999965, 0.0 ], [ 118.747407005000014, -8.479294190999951, 0.0 ], [ 118.747425907000093, -8.479279745999975, 0.0 ], [ 118.747444865000034, -8.479265256999952, 0.0 ], [ 118.747640118000049, -8.479142800999966, 0.0 ], [ 118.747668391000047, -8.479132869999944, 0.0 ], [ 118.747733341000071, -8.479122917999973, 0.0 ], [ 118.747976363000021, -8.479001900999947, 0.0 ], [ 118.747986233, -8.478996792999965, 0.0 ], [ 118.748024569000108, -8.478986562999978, 0.0 ], [ 118.748044400000026, -8.47897631099994, 0.0 ], [ 118.748192177000078, -8.478777425999965, 0.0 ], [ 118.748203846000024, -8.478761383999938, 0.0 ], [ 118.74822804300004, -8.478723755999965, 0.0 ], [ 118.748253183000088, -8.478680409999981, 0.0 ], [ 118.748312055000042, -8.478366335999965, 0.0 ], [ 118.748155390000079, -8.478278909999972, 0.0 ], [ 118.747875242000077, -8.478142257999934, 0.0 ], [ 118.7476641290001, -8.478114915999981, 0.0 ], [ 118.747232567000083, -8.478057717999945, 0.0 ], [ 118.74684219300002, -8.477950688999954, 0.0 ], [ 118.746788467000101, -8.477935958999979, 0.0 ], [ 118.746572103000062, -8.477851662999967, 0.0 ], [ 118.746319857000117, -8.477775103999932, 0.0 ], [ 118.745920836000096, -8.477766558999974, 0.0 ], [ 118.745653359000016, -8.477817721999941, 0.0 ], [ 118.745246633000079, -8.477766558999974, 0.0 ], [ 118.7448279460001, -8.477663340999925, 0.0 ], [ 118.744362269000021, -8.477558916999953, 0.0 ], [ 118.744407568000042, -8.477291628999978, 0.0 ], [ 118.744529465000028, -8.476928423999937, 0.0 ], [ 118.744552378000094, -8.476892634999956, 0.0 ], [ 118.744726641000057, -8.476638843999979, 0.0 ], [ 118.744726590000027, -8.476614370999926, 0.0 ], [ 118.744906523000054, -8.476100698999971, 0.0 ], [ 118.744906892000017, -8.47603645099997, 0.0 ], [ 118.74490696700002, -8.476023557999952, 0.0 ], [ 118.745123138000054, -8.475660683999934, 0.0 ], [ 118.7451812810001, -8.475563081999951, 0.0 ], [ 118.74518244300009, -8.47549579899993, 0.0 ], [ 118.745205866000106, -8.475396719999935, 0.0 ], [ 118.745404676000021, -8.474555732999931, 0.0 ], [ 118.745432378000032, -8.474482574999968, 0.0 ], [ 118.745459837000112, -8.474423734999959, 0.0 ], [ 118.745576320000055, -8.474245837999945, 0.0 ], [ 118.745579829, -8.474240478999945, 0.0 ], [ 118.745579969000119, -8.474240265999981, 0.0 ], [ 118.745632417000024, -8.474266805999946, 0.0 ], [ 118.745703302000038, -8.474284777999969, 0.0 ], [ 118.746123389000104, -8.474391288999925, 0.0 ], [ 118.746142780000014, -8.474404238999966, 0.0 ], [ 118.74638041500009, -8.474449358999948, 0.0 ], [ 118.746723236000093, -8.474465170999963, 0.0 ], [ 118.74693684600004, -8.474475023999958, 0.0 ], [ 118.746961386000066, -8.47448779299998, 0.0 ], [ 118.747034914000096, -8.474513250999962, 0.0 ], [ 118.747083988000099, -8.474519599999951, 0.0 ], [ 118.747323242000107, -8.474532289999956, 0.0 ], [ 118.747341112000072, -8.474544934999926, 0.0 ], [ 118.747419909000087, -8.474563854999928, 0.0 ], [ 118.747577954, -8.474582720999933, 0.0 ], [ 118.747595060000094, -8.474601514999961, 0.0 ], [ 118.747636062000083, -8.474626480999973, 0.0 ], [ 118.747707286000036, -8.474651342999948, 0.0 ], [ 118.747784784000032, -8.474669921999975, 0.0 ], [ 118.747822645000042, -8.474676297999963, 0.0 ], [ 118.747825978000037, -8.474676859999931, 0.0 ], [ 118.747832043000017, -8.474677880999934, 0.0 ], [ 118.748331176000079, -8.47476194199993, 0.0 ], [ 118.748772368000118, -8.474758083999973, 0.0 ], [ 118.748994711000023, -8.474755898999945, 0.0 ], [ 118.749317115000053, -8.474689366999939, 0.0 ], [ 118.74931738500004, -8.474689497999975, 0.0 ], [ 118.749646839000093, -8.474620409999943, 0.0 ], [ 118.749757241000111, -8.474588953999955, 0.0 ], [ 118.749768234000044, -8.474585821999938, 0.0 ], [ 118.749780366000095, -8.474576168999931, 0.0 ], [ 118.749790167000015, -8.474566473999971, 0.0 ], [ 118.749928233000105, -8.474529750999977, 0.0 ], [ 118.750033658, -8.474444270999982, 0.0 ], [ 118.750039182000023, -8.47443657599996, 0.0 ], [ 118.750047610000024, -8.474423693999938, 0.0 ], [ 118.750120819000017, -8.474301767999975, 0.0 ], [ 118.750124133000099, -8.474293595999939, 0.0 ], [ 118.750128259, -8.474277168999947, 0.0 ], [ 118.750151263000021, -8.474215281999932, 0.0 ], [ 118.750166850000028, -8.474173346999976, 0.0 ], [ 118.750167738000073, -8.474164733999942, 0.0 ], [ 118.750168927000118, -8.474153202999958, 0.0 ], [ 118.75018999100007, -8.474076922999927, 0.0 ], [ 118.750190621000115, -8.47407095899996, 0.0 ], [ 118.750208333000046, -8.473979764999967, 0.0 ], [ 118.750219195000113, -8.473922624999943, 0.0 ], [ 118.750230479000038, -8.473874011999953, 0.0 ], [ 118.750233365000099, -8.47385503199996, 0.0 ], [ 118.75023486300006, -8.473845185999949, 0.0 ], [ 118.75032571700001, -8.473750247999931, 0.0 ], [ 118.750348640000084, -8.473746869999957, 0.0 ], [ 118.750449901000025, -8.47374687599995, 0.0 ], [ 118.750461152000071, -8.47374687699994, 0.0 ], [ 118.750474328000109, -8.473657767999953, 0.0 ], [ 118.750500834000036, -8.473609954999972, 0.0 ], [ 118.750516794000077, -8.473585540999977, 0.0 ], [ 118.750536870000019, -8.47349421499996, 0.0 ], [ 118.750603797000053, -8.473408798999969, 0.0 ], [ 118.750646435000021, -8.47337760299996, 0.0 ], [ 118.750667970000109, -8.473361846999978, 0.0 ], [ 118.750673378000101, -8.473358685999926, 0.0 ], [ 118.75070594400006, -8.473333261999926, 0.0 ], [ 118.750716774000011, -8.473229021999941, 0.0 ], [ 118.750716768000075, -8.473222368999927, 0.0 ], [ 118.750742232000107, -8.473130896999976, 0.0 ], [ 118.750753893000024, -8.47307871199996, 0.0 ], [ 118.750738215000069, -8.472993646999953, 0.0 ], [ 118.750725755000076, -8.47292602999994, 0.0 ], [ 118.750723594000078, -8.472923814999945, 0.0 ], [ 118.75070410100011, -8.472849509999946, 0.0 ], [ 118.750701897000113, -8.472840338999958, 0.0 ], [ 118.750686194000082, -8.472765660999926, 0.0 ], [ 118.750681679000081, -8.472760913999934, 0.0 ], [ 118.750640185000066, -8.472681202999979, 0.0 ], [ 118.750635543000044, -8.472676285999967, 0.0 ], [ 118.750623896000093, -8.472663949999969, 0.0 ], [ 118.750599863000048, -8.472611445999974, 0.0 ], [ 118.750599657000066, -8.472601316999942, 0.0 ], [ 118.750603285000011, -8.472569459999931, 0.0 ], [ 118.750611760000083, -8.472495029999948, 0.0 ], [ 118.750607887000115, -8.472411566999938, 0.0 ], [ 118.750579445000085, -8.472330937999971, 0.0 ], [ 118.75057938000009, -8.472328111999957, 0.0 ], [ 118.75055868000004, -8.472230687999968, 0.0 ], [ 118.75054912500002, -8.472141728999929, 0.0 ], [ 118.750527318000081, -8.472046802999955, 0.0 ], [ 118.750514183000064, -8.471945406999964, 0.0 ], [ 118.750513985000111, -8.471939955999972, 0.0 ], [ 118.750512497000045, -8.471831286999929, 0.0 ], [ 118.750506939000047, -8.471814155999937, 0.0 ], [ 118.750501235000115, -8.47179402699993, 0.0 ], [ 118.750494812000056, -8.471691012999941, 0.0 ], [ 118.7505246610001, -8.471604598999932, 0.0 ], [ 118.750555322000082, -8.471533908999959, 0.0 ], [ 118.750578332000032, -8.471477680999953, 0.0 ], [ 118.750578211000061, -8.471472934999952, 0.0 ], [ 118.75056802600011, -8.471429784999941, 0.0 ], [ 118.750502814000015, -8.471401925999942, 0.0 ], [ 118.750505948000068, -8.471353606999969, 0.0 ], [ 118.750505849000092, -8.471351108999954, 0.0 ], [ 118.750529150000034, -8.471290393999936, 0.0 ], [ 118.750528974000076, -8.471285265999938, 0.0 ], [ 118.750541288000022, -8.471230774999981, 0.0 ], [ 118.750540872000101, -8.471217622999973, 0.0 ], [ 118.750557302000061, -8.471126324999943, 0.0 ], [ 118.750577664000048, -8.471068256999956, 0.0 ], [ 118.750502550000078, -8.47102063899996, 0.0 ], [ 118.750456034000081, -8.470987672999968, 0.0 ], [ 118.750397716000066, -8.470934840999973, 0.0 ], [ 118.750396489000082, -8.47093388199994, 0.0 ], [ 118.750350487000105, -8.470897957999966, 0.0 ], [ 118.75031725100007, -8.470878107999965, 0.0 ], [ 118.75027904, -8.470864745999961, 0.0 ], [ 118.750340670000014, -8.470746920999943, 0.0 ], [ 118.750374911000108, -8.470693604999951, 0.0 ], [ 118.750428816000067, -8.470549003999963, 0.0 ], [ 118.750553984000021, -8.470413053999948, 0.0 ], [ 118.750632445000065, -8.470235255999967, 0.0 ], [ 118.750726016000044, -8.470117108999943, 0.0 ], [ 118.750728270000081, -8.47011355199993, 0.0 ], [ 118.750730146000024, -8.47011059099998, 0.0 ], [ 118.750735144000032, -8.470102702999952, 0.0 ], [ 118.750845463000019, -8.469970789999934, 0.0 ], [ 118.750922143000025, -8.469855098999972, 0.0 ], [ 118.750928819000023, -8.469789105999951, 0.0 ], [ 118.750934510000093, -8.469729914999959, 0.0 ], [ 118.750946247000115, -8.469607834999977, 0.0 ], [ 118.750960319000114, -8.46949352799993, 0.0 ], [ 118.751024081000082, -8.469416648999982, 0.0 ], [ 118.751031071000057, -8.469408220999981, 0.0 ], [ 118.751099481000097, -8.469303332999971, 0.0 ], [ 118.751218172000108, -8.469175710999934, 0.0 ], [ 118.751251549000017, -8.469156323999925, 0.0 ], [ 118.751302979000116, -8.469126449999976, 0.0 ], [ 118.751338809000117, -8.469069764999972, 0.0 ], [ 118.75135066900009, -8.468955318999974, 0.0 ], [ 118.751337187000104, -8.468857469999932, 0.0 ], [ 118.751280625000049, -8.468762575999961, 0.0 ], [ 118.751277297000115, -8.468756991999953, 0.0 ], [ 118.751277106000089, -8.468756789999929, 0.0 ], [ 118.751206450000041, -8.468682053999942, 0.0 ], [ 118.751177676000111, -8.468669379999938, 0.0 ], [ 118.751150012000039, -8.468647071999953, 0.0 ], [ 118.751106521000111, -8.468627697999977, 0.0 ], [ 118.751063564000106, -8.468598707999945, 0.0 ], [ 118.750983273000088, -8.468472665999968, 0.0 ], [ 118.750891863000106, -8.468399904999956, 0.0 ], [ 118.750891538000019, -8.468399645999966, 0.0 ], [ 118.750888571000019, -8.46839728499998, 0.0 ], [ 118.750789620000091, -8.468338550999931, 0.0 ], [ 118.750717322000014, -8.468339452999942, 0.0 ], [ 118.750646897000024, -8.468340330999979, 0.0 ], [ 118.750567231000105, -8.468357460999925, 0.0 ], [ 118.750490260000106, -8.468369396999947, 0.0 ], [ 118.750472218000027, -8.468369895999956, 0.0 ], [ 118.750468762000082, -8.468369991999964, 0.0 ], [ 118.750419097000076, -8.468371365999928, 0.0 ], [ 118.750323840000078, -8.468295436999938, 0.0 ], [ 118.750235004000047, -8.468202264999945, 0.0 ], [ 118.750116303000027, -8.468123392999928, 0.0 ], [ 118.74999493200005, -8.46808034299994, 0.0 ], [ 118.749891541000011, -8.468042045999937, 0.0 ], [ 118.749816803000044, -8.467980732999933, 0.0 ], [ 118.749678626000104, -8.467942526999934, 0.0 ], [ 118.749492922000059, -8.467869864999955, 0.0 ], [ 118.749418411000079, -8.467717254999968, 0.0 ], [ 118.749176808000016, -8.467660084999977, 0.0 ], [ 118.749332718, -8.467554713999959, 0.0 ], [ 118.749534975000074, -8.46744315199993, 0.0 ], [ 118.74968672600005, -8.467370880999965, 0.0 ], [ 118.749845006000101, -8.467284333999942, 0.0 ], [ 118.749916330000019, -8.467258729999969, 0.0 ], [ 118.749961187000054, -8.467239725999946, 0.0 ], [ 118.750008044000083, -8.467225232999965, 0.0 ], [ 118.750083378000113, -8.46721251799994, 0.0 ], [ 118.750088002000098, -8.46721251799994, 0.0 ], [ 118.750235010000097, -8.467184969999948, 0.0 ], [ 118.750385491000088, -8.467200315999946, 0.0 ], [ 118.750450847000025, -8.467207094999935, 0.0 ], [ 118.750508638000042, -8.467215551999971, 0.0 ], [ 118.750574093000068, -8.467220822999934, 0.0 ], [ 118.750621731000024, -8.467230682999968, 0.0 ], [ 118.750683249000076, -8.467220013999963, 0.0 ], [ 118.750692530000038, -8.467218404999926, 0.0 ], [ 118.750728146000029, -8.467215545999977, 0.0 ], [ 118.750777403000029, -8.467207451999968, 0.0 ], [ 118.75083087400003, -8.467193311999949, 0.0 ], [ 118.750861211000029, -8.467185288999929, 0.0 ], [ 118.750900299000023, -8.46713714599997, 0.0 ], [ 118.750959745000046, -8.467029380999975, 0.0 ], [ 118.750994148000018, -8.466944155999954, 0.0 ], [ 118.751000244000011, -8.46692587299998, 0.0 ], [ 118.751026727000067, -8.466846454999938, 0.0 ], [ 118.751057514000081, -8.466764748999935, 0.0 ], [ 118.751066319000074, -8.466664027999968, 0.0 ], [ 118.751060672000108, -8.46657739699998, 0.0 ], [ 118.751040895000074, -8.46647274299994, 0.0 ], [ 118.751039039000034, -8.466363963999981, 0.0 ], [ 118.751038510000058, -8.466356348999966, 0.0 ], [ 118.751031013000102, -8.466248507999978, 0.0 ], [ 118.751008833000014, -8.466195163999942, 0.0 ], [ 118.750988615000097, -8.466096313999969, 0.0 ], [ 118.750994266000021, -8.465873332999934, 0.0 ], [ 118.751029521000078, -8.465715031999935, 0.0 ], [ 118.751041547000113, -8.465642383999977, 0.0 ], [ 118.751056729000084, -8.465556355999979, 0.0 ], [ 118.751101366000057, -8.465478657999938, 0.0 ], [ 118.751153255000077, -8.465381269999966, 0.0 ], [ 118.751179899000022, -8.465251242999955, 0.0 ], [ 118.7511950170001, -8.465103107999937, 0.0 ], [ 118.751255670000091, -8.465051323999944, 0.0 ], [ 118.751393725000071, -8.465025453999942, 0.0 ], [ 118.751404266, -8.465023478999967, 0.0 ], [ 118.751563775000022, -8.465040985999963, 0.0 ], [ 118.751687988000072, -8.465028339999947, 0.0 ], [ 118.751787968000031, -8.465006234999976, 0.0 ], [ 118.75190004000001, -8.464979868999933, 0.0 ], [ 118.751945222000018, -8.464951667999969, 0.0 ], [ 118.752039219000039, -8.464901815999951, 0.0 ], [ 118.752155674000051, -8.464850463999937, 0.0 ], [ 118.752238138000052, -8.464817620999952, 0.0 ], [ 118.75233464900009, -8.464764513999967, 0.0 ], [ 118.752450752000072, -8.464747656999975, 0.0 ], [ 118.752610884000092, -8.464745223999955, 0.0 ], [ 118.752777189000085, -8.464748047999933, 0.0 ], [ 118.752897799000039, -8.46471889999998, 0.0 ], [ 118.75302930600003, -8.464670510999952, 0.0 ], [ 118.753132543000106, -8.464596549999953, 0.0 ], [ 118.753177670000014, -8.464549975999944, 0.0 ], [ 118.75325048600007, -8.464474823999979, 0.0 ], [ 118.753271468000094, -8.464435227999957, 0.0 ], [ 118.753276416000062, -8.464425891999952, 0.0 ], [ 118.753322332000039, -8.464346038999963, 0.0 ], [ 118.75332387200001, -8.464343936999967, 0.0 ], [ 118.753370530000097, -8.46428025299997, 0.0 ], [ 118.753395236000074, -8.464233300999979, 0.0 ], [ 118.753419713000085, -8.464186783999935, 0.0 ], [ 118.753431490000025, -8.464158882999925, 0.0 ], [ 118.753485031000082, -8.464032041999928, 0.0 ], [ 118.753490344000056, -8.464020524999967, 0.0 ], [ 118.753535778000014, -8.463891894999961, 0.0 ], [ 118.753628394000089, -8.463696633999973, 0.0 ], [ 118.753630537000049, -8.463693944999932, 0.0 ], [ 118.753755437000109, -8.463569482999958, 0.0 ], [ 118.753904311000042, -8.46362286599998, 0.0 ], [ 118.753926720000095, -8.463636426999926, 0.0 ], [ 118.754030576000105, -8.463699274999954, 0.0 ], [ 118.754125575000103, -8.463763490999952, 0.0 ], [ 118.754302044000042, -8.463812939999968, 0.0 ], [ 118.754472656000075, -8.463830915999949, 0.0 ], [ 118.754481927000029, -8.463830915999949, 0.0 ], [ 118.754491198000096, -8.463830915999949, 0.0 ], [ 118.754494906000104, -8.46383091499996, 0.0 ], [ 118.754592041000024, -8.463807498999927, 0.0 ], [ 118.75459554400004, -8.463805685999944, 0.0 ], [ 118.754714470000067, -8.463718367999945, 0.0 ], [ 118.754719688000023, -8.463712652999959, 0.0 ], [ 118.754727178000053, -8.463710742999979, 0.0 ], [ 118.754860661000066, -8.463624775999961, 0.0 ], [ 118.754864072000032, -8.463614756999959, 0.0 ], [ 118.754926518000048, -8.463483880999945, 0.0 ], [ 118.754926650000016, -8.463483035999957, 0.0 ], [ 118.754928196000037, -8.463473111999974, 0.0 ], [ 118.755079559000023, -8.463350670999944, 0.0 ], [ 118.755081672000074, -8.463348374999953, 0.0 ], [ 118.755191075000084, -8.46320822499996, 0.0 ], [ 118.755274176000057, -8.463068843999963, 0.0 ], [ 118.755309877000059, -8.462930010999969, 0.0 ], [ 118.755313073000025, -8.462721854999927, 0.0 ], [ 118.755312742000115, -8.462715257999946, 0.0 ], [ 118.755312687000014, -8.462543001999961, 0.0 ], [ 118.755330292000053, -8.462401892999935, 0.0 ], [ 118.755332186000032, -8.462394202999974, 0.0 ], [ 118.755419785000072, -8.462228936999963, 0.0 ], [ 118.755419611000093, -8.462220620999972, 0.0 ], [ 118.755427693000115, -8.46204047699996, 0.0 ], [ 118.75542185900008, -8.462033080999959, 0.0 ], [ 118.755347565000079, -8.46197473999996, 0.0 ], [ 118.755335792000096, -8.461968995999939, 0.0 ], [ 118.755310422000093, -8.461961309999936, 0.0 ], [ 118.755298660000108, -8.461957455999936, 0.0 ], [ 118.755185976, -8.461945847999971, 0.0 ], [ 118.755170526000029, -8.461945847999971, 0.0 ], [ 118.75515314300003, -8.46194584899996, 0.0 ], [ 118.755149281000058, -8.46194584899996, 0.0 ], [ 118.755058916000053, -8.461965167999949, 0.0 ], [ 118.755053623000094, -8.461969006999936, 0.0 ], [ 118.754945023000118, -8.461999445999936, 0.0 ], [ 118.754940634000036, -8.461995668999975, 0.0 ], [ 118.754939696000065, -8.461900670999967, 0.0 ], [ 118.754990343000031, -8.461781772999927, 0.0 ], [ 118.754998761000024, -8.46176904899994, 0.0 ], [ 118.755004002000078, -8.461762656999952, 0.0 ], [ 118.755142014000057, -8.461632598999927, 0.0 ], [ 118.755143899000018, -8.461630320999973, 0.0 ], [ 118.755339732000039, -8.461508263999974, 0.0 ], [ 118.755505638000045, -8.461387490999925, 0.0 ], [ 118.755598856, -8.461324518999959, 0.0 ], [ 118.755739043000062, -8.461159675999966, 0.0 ], [ 118.755740740000078, -8.461157497999977, 0.0 ], [ 118.75596866, -8.461043208999968, 0.0 ], [ 118.756219406000014, -8.460885249999933, 0.0 ], [ 118.756223593000072, -8.460880273999976, 0.0 ], [ 118.756340653000052, -8.460809516999973, 0.0 ], [ 118.756485237000106, -8.460730750999971, 0.0 ], [ 118.756566928000098, -8.46068663899996, 0.0 ], [ 118.75663028300005, -8.460649947999968, 0.0 ], [ 118.756648168000083, -8.460639589999971, 0.0 ], [ 118.756656091000082, -8.460635000999957, 0.0 ], [ 118.756660862000103, -8.460584229999938, 0.0 ], [ 118.75669704400002, -8.460199236999927, 0.0 ], [ 118.756702012, -8.46014637899998, 0.0 ], [ 118.756704206000109, -8.460122249999927, 0.0 ], [ 118.756730688000061, -8.459831122999958, 0.0 ], [ 118.75673543500011, -8.45977893099996, 0.0 ], [ 118.756753516000117, -8.459558495999943, 0.0 ], [ 118.756088170000112, -8.459264355999949, 0.0 ], [ 118.755157350000104, -8.458817186999966, 0.0 ], [ 118.755157717000088, -8.458816311999954, 0.0 ], [ 118.755156177000117, -8.458815651999942, 0.0 ], [ 118.755167505000031, -8.458788838999965, 0.0 ], [ 118.755023499000117, -8.45872699499995, 0.0 ], [ 118.755059316000029, -8.458628527999963, 0.0 ], [ 118.755197112000019, -8.458249707999926, 0.0 ], [ 118.755317483000113, -8.457972903999973, 0.0 ], [ 118.755135512000038, -8.457967126999961, 0.0 ], [ 118.754867765000085, -8.457958626999925, 0.0 ], [ 118.754181661000075, -8.457694597999932, 0.0 ], [ 118.753550733000111, -8.45745180199998, 0.0 ], [ 118.7535247940001, -8.457506921999936, 0.0 ], [ 118.753522179000015, -8.457512477999956, 0.0 ], [ 118.753473204000102, -8.457492181999953, 0.0 ], [ 118.753192514000034, -8.457375857999978, 0.0 ], [ 118.752748157000042, -8.457191707999925, 0.0 ], [ 118.752460135000092, -8.456999535999955, 0.0 ], [ 118.752464312000029, -8.456993641999929, 0.0 ], [ 118.752509252000095, -8.456930227999976, 0.0 ], [ 118.752529184000082, -8.456902008999975, 0.0 ], [ 118.752537904000064, -8.456879355999945, 0.0 ], [ 118.75262052100004, -8.456694656999957, 0.0 ], [ 118.752625058000035, -8.456682902999944, 0.0 ], [ 118.752657410000097, -8.456596652999963, 0.0 ], [ 118.752726802000097, -8.456411655999943, 0.0 ], [ 118.752851465000049, -8.456197696999936, 0.0 ], [ 118.753031367000062, -8.456280487999948, 0.0 ], [ 118.753037748000111, -8.45628680599998, 0.0 ], [ 118.753106015000071, -8.456330841999943, 0.0 ], [ 118.753193242000066, -8.456172038999966, 0.0 ], [ 118.753292735000059, -8.45594880799996, 0.0 ], [ 118.753377346000093, -8.455716761999952, 0.0 ], [ 118.753436158000113, -8.455575934999956, 0.0 ], [ 118.753444327000011, -8.455543550999948, 0.0 ], [ 118.753500375000044, -8.455321351999942, 0.0 ], [ 118.753543556000068, -8.455322051999929, 0.0 ], [ 118.753692915000101, -8.455324474999941, 0.0 ], [ 118.753754980000053, -8.455325481999978, 0.0 ], [ 118.753928645000087, -8.455451493999931, 0.0 ], [ 118.754107021000095, -8.455552445999956, 0.0 ], [ 118.754234286000042, -8.455650508999952, 0.0 ], [ 118.754439844000103, -8.455714352999962, 0.0 ], [ 118.754624697000054, -8.455767497999943, 0.0 ], [ 118.754824338000049, -8.455879425999967, 0.0 ], [ 118.754971740000087, -8.455959942999925, 0.0 ], [ 118.75508530500008, -8.456017423999981, 0.0 ], [ 118.755147810000039, -8.455975187999968, 0.0 ], [ 118.755175994000069, -8.455764275999968, 0.0 ], [ 118.755187785000089, -8.455735603999926, 0.0 ], [ 118.755274967000105, -8.455523606999975, 0.0 ], [ 118.755280916000061, -8.455509480999979, 0.0 ], [ 118.755286227000056, -8.455498844999966, 0.0 ], [ 118.755318854000052, -8.455436290999955, 0.0 ], [ 118.75542116500003, -8.45524013499994, 0.0 ], [ 118.755423481000093, -8.455228575999968, 0.0 ], [ 118.755429578000076, -8.45519815199998, 0.0 ], [ 118.755429698000057, -8.455197552999948, 0.0 ], [ 118.755443060000061, -8.455169156999943, 0.0 ], [ 118.755496597000047, -8.455055376999951, 0.0 ], [ 118.75551056200004, -8.455025697999929, 0.0 ], [ 118.755511412000033, -8.455021595999938, 0.0 ], [ 118.755459305000045, -8.454904688999932, 0.0 ], [ 118.755707887000085, -8.454921660999958, 0.0 ], [ 118.756071395000049, -8.45493773499993, 0.0 ], [ 118.756089901000109, -8.454938552999977, 0.0 ], [ 118.756111767000107, -8.454950488999941, 0.0 ], [ 118.756324345000053, -8.455066522999971, 0.0 ], [ 118.756570842000087, -8.45516970999995, 0.0 ], [ 118.756581537000102, -8.455174186999955, 0.0 ], [ 118.756658996000056, -8.455229775999953, 0.0 ], [ 118.756721561000063, -8.455274675999931, 0.0 ], [ 118.75696391200006, -8.455217103999928, 0.0 ], [ 118.757091861000049, -8.455150603999925, 0.0 ], [ 118.757161853000071, -8.454955415999962, 0.0 ], [ 118.757263477000038, -8.45472624599995, 0.0 ], [ 118.757273572000031, -8.45471729999997, 0.0 ], [ 118.757280497000011, -8.454712818999951, 0.0 ], [ 118.757490129000075, -8.454676779999943, 0.0 ], [ 118.757532964, -8.454694858999972, 0.0 ], [ 118.757589919000111, -8.454720162999934, 0.0 ], [ 118.757812156000114, -8.454818899999964, 0.0 ], [ 118.758073418000095, -8.454818921999959, 0.0 ], [ 118.758091753000031, -8.454810207999969, 0.0 ], [ 118.758106423000072, -8.454797094999947, 0.0 ], [ 118.758259494000072, -8.454690411999934, 0.0 ], [ 118.758498521000092, -8.454552437999951, 0.0 ], [ 118.758761702000015, -8.454418780999958, 0.0 ], [ 118.758874260000084, -8.454575833999968, 0.0 ], [ 118.7588936410001, -8.454625550999936, 0.0 ], [ 118.758918946000108, -8.454690463999952, 0.0 ], [ 118.75904756400007, -8.454739771999925, 0.0 ], [ 118.759196251000049, -8.454612934999943, 0.0 ], [ 118.75941617400008, -8.454524266999954, 0.0 ], [ 118.759623127000054, -8.454447898999945, 0.0 ], [ 118.75963572, -8.454443072999936, 0.0 ], [ 118.759678107000013, -8.454481513999951, 0.0 ], [ 118.759673147000058, -8.454505336999944, 0.0 ], [ 118.759600941000031, -8.454708515999926, 0.0 ], [ 118.759597879000012, -8.454730543999972, 0.0 ], [ 118.759562541000037, -8.454984769999953, 0.0 ], [ 118.759560406000105, -8.455092088999947, 0.0 ], [ 118.759558456000036, -8.455190075999951, 0.0 ], [ 118.759680331000027, -8.455205666999973, 0.0 ], [ 118.75968818900003, -8.455201778999935, 0.0 ], [ 118.759893274000092, -8.455162644999973, 0.0 ], [ 118.76013506400011, -8.455091039999957, 0.0 ], [ 118.760449132000076, -8.454997262999939, 0.0 ], [ 118.760726469000019, -8.454926262999948, 0.0 ], [ 118.760731018000115, -8.454922039999929, 0.0 ], [ 118.760956595000039, -8.454801673999953, 0.0 ], [ 118.761345912000024, -8.454580667999949, 0.0 ], [ 118.761651572, -8.454552664999937, 0.0 ], [ 118.761670667000089, -8.454552665999927, 0.0 ], [ 118.761678305000032, -8.454552666999973, 0.0 ], [ 118.76189442000009, -8.454524440999933, 0.0 ], [ 118.762296819000085, -8.454571415999965, 0.0 ], [ 118.762502282000014, -8.454548031999934, 0.0 ], [ 118.762514472000021, -8.454543335999972, 0.0 ], [ 118.762531240000044, -8.454533923999975, 0.0 ], [ 118.762556473000018, -8.454519759999926, 0.0 ], [ 118.762766710000051, -8.45439956499996, 0.0 ], [ 118.762776331000055, -8.454389778999939, 0.0 ], [ 118.76279081000007, -8.454375050999943, 0.0 ], [ 118.762872042000026, -8.454277133999938, 0.0 ], [ 118.763032482000085, -8.454083740999977, 0.0 ], [ 118.763050361000069, -8.454057100999933, 0.0 ], [ 118.763052646, -8.454046392999942, 0.0 ], [ 118.763346173000059, -8.45386538799994, 0.0 ], [ 118.763516284000048, -8.453762386999927, 0.0 ], [ 118.763563049000027, -8.453642139999943, 0.0 ], [ 118.763496160000045, -8.453509012999973, 0.0 ], [ 118.763486344000057, -8.453496264999956, 0.0 ], [ 118.763421156000049, -8.453344004999963, 0.0 ], [ 118.763411287000054, -8.45332617899993, 0.0 ], [ 118.763411933000043, -8.453317231999961, 0.0 ], [ 118.763374813000041, -8.453142871999944, 0.0 ], [ 118.763376355000105, -8.453119294999965, 0.0 ], [ 118.763387761000104, -8.452944936999927, 0.0 ], [ 118.763618155000017, -8.452878512999973, 0.0 ], [ 118.763750860000073, -8.452757657999939, 0.0 ], [ 118.763889705000111, -8.452648732999933, 0.0 ], [ 118.764062313000068, -8.452578323999944, 0.0 ], [ 118.764265200000068, -8.452574145999961, 0.0 ], [ 118.764496109000106, -8.452527756999928, 0.0 ], [ 118.764499744000091, -8.452527757999974, 0.0 ], [ 118.764724672000057, -8.452489347999972, 0.0 ], [ 118.765052860000083, -8.452472148999959, 0.0 ], [ 118.76529452200009, -8.452454857999953, 0.0 ], [ 118.765510113000119, -8.452380370999947, 0.0 ], [ 118.765614696000057, -8.452362616999949, 0.0 ], [ 118.765808489000051, -8.452227050999966, 0.0 ], [ 118.765811055000086, -8.45221315799995, 0.0 ], [ 118.765818931000013, -8.452206187999934, 0.0 ], [ 118.766028140000117, -8.452059834999943, 0.0 ], [ 118.766047372000116, -8.452048858999945, 0.0 ], [ 118.766301180000028, -8.451925607999954, 0.0 ], [ 118.766315908000024, -8.45192179999998, 0.0 ], [ 118.766579425000032, -8.451757778999934, 0.0 ], [ 118.766827585000101, -8.451793627999962, 0.0 ], [ 118.766848646000085, -8.451793628999951, 0.0 ], [ 118.76706343, -8.451871927999946, 0.0 ], [ 118.767074044000083, -8.451875796999957, 0.0 ], [ 118.767091380000011, -8.451875796999957, 0.0 ], [ 118.767107906000092, -8.451879659999975, 0.0 ], [ 118.76704523, -8.452071479999972, 0.0 ], [ 118.767052349000096, -8.452211863999935, 0.0 ], [ 118.76705280200008, -8.452220788999966, 0.0 ], [ 118.767054859000041, -8.452261356999941, 0.0 ], [ 118.767072927000072, -8.452468235999959, 0.0 ], [ 118.767075063000107, -8.452492691999964, 0.0 ], [ 118.767205889000024, -8.45250815299994, 0.0 ], [ 118.767365654000059, -8.452527033999957, 0.0 ], [ 118.767391831000054, -8.452527034999946, 0.0 ], [ 118.767681148000065, -8.452514785999938, 0.0 ], [ 118.767930633000105, -8.45260604899994, 0.0 ], [ 118.768207916000051, -8.452593989999968, 0.0 ], [ 118.768228718000046, -8.452593990999958, 0.0 ], [ 118.768528726000113, -8.452575840999941, 0.0 ], [ 118.768554775000098, -8.452575841999931, 0.0 ], [ 118.768798416000095, -8.452695686999959, 0.0 ], [ 118.769149635000076, -8.45284726899996, 0.0 ], [ 118.76932502000011, -8.45295509999994, 0.0 ], [ 118.769349432000013, -8.452960709999957, 0.0 ], [ 118.769503822000047, -8.453005348999966, 0.0 ], [ 118.76951877800002, -8.453005348999966, 0.0 ], [ 118.769559424000022, -8.452999793999936, 0.0 ], [ 118.769579019000048, -8.452973967999981, 0.0 ], [ 118.76961738500006, -8.452923404999979, 0.0 ], [ 118.769727761000013, -8.452777933999926, 0.0 ], [ 118.769729529000074, -8.452766276999967, 0.0 ], [ 118.769796174000021, -8.452593284999978, 0.0 ], [ 118.769833481000092, -8.452496445999941, 0.0 ], [ 118.769839710000042, -8.45249027999995, 0.0 ], [ 118.769992370000068, -8.452079280999953, 0.0 ], [ 118.770122359000084, -8.45180488099993, 0.0 ], [ 118.770130443000085, -8.451790781999932, 0.0 ], [ 118.770266478000053, -8.451508259999969, 0.0 ], [ 118.770441495000114, -8.451398959999949, 0.0 ], [ 118.770460580000076, -8.451398959999949, 0.0 ], [ 118.770497436000028, -8.451409122999962, 0.0 ], [ 118.770610831000113, -8.451449547999971, 0.0 ], [ 118.770620320000035, -8.451449547999971, 0.0 ], [ 118.770639299000095, -8.451449547999971, 0.0 ], [ 118.770682001000068, -8.45144954999995, 0.0 ], [ 118.770824865, -8.451388787999974, 0.0 ], [ 118.770831329000089, -8.451378580999972, 0.0 ], [ 118.770844299000032, -8.451358098999947, 0.0 ], [ 118.771043015000032, -8.451110372999949, 0.0 ], [ 118.771319721000054, -8.45084315899993, 0.0 ], [ 118.771604965000051, -8.450548180999931, 0.0 ], [ 118.771891147000019, -8.450330012999927, 0.0 ], [ 118.772172277000095, -8.450238961999958, 0.0 ], [ 118.772497485000031, -8.450191357999927, 0.0 ], [ 118.772535991000041, -8.450162663999947, 0.0 ], [ 118.772563779000052, -8.450162665999926, 0.0 ], [ 118.772611185000073, -8.450143484999955, 0.0 ], [ 118.772868763000019, -8.449910024999951, 0.0 ], [ 118.772824478000075, -8.449870511999961, 0.0 ], [ 118.77260456700003, -8.449588976999962, 0.0 ], [ 118.772568481, -8.449548036999943, 0.0 ], [ 118.772559434000073, -8.449537773999964, 0.0 ], [ 118.772402105000083, -8.449181840999927, 0.0 ], [ 118.772383001000094, -8.449171161999971, 0.0 ], [ 118.772256571000071, -8.448867143999962, 0.0 ], [ 118.772599098000114, -8.448587248999957, 0.0 ], [ 118.772610972000052, -8.448553104999974, 0.0 ], [ 118.773011600000018, -8.448322366999946, 0.0 ], [ 118.773013288000016, -8.44829898699993, 0.0 ], [ 118.773354779000101, -8.448026062999929, 0.0 ], [ 118.773367302000111, -8.448001968999961, 0.0 ], [ 118.77379149, -8.447733037999967, 0.0 ], [ 118.77423637600009, -8.447302774999969, 0.0 ], [ 118.774618585000098, -8.447040981999976, 0.0 ], [ 118.775303840000106, -8.44679961099996, 0.0 ], [ 118.775856780000026, -8.44657531799993, 0.0 ], [ 118.776384675000031, -8.446190261999959, 0.0 ], [ 118.776835993000077, -8.445878771999958, 0.0 ], [ 118.777370973000075, -8.44559653999994, 0.0 ], [ 118.777869867000049, -8.44546565099995, 0.0 ], [ 118.778281668000091, -8.445345435999968, 0.0 ], [ 118.778903383000056, -8.445198180999967, 0.0 ], [ 118.779532579000033, -8.445088643999952, 0.0 ], [ 118.780661932000044, -8.444710169999951, 0.0 ], [ 118.781116635000103, -8.44452026099998, 0.0 ], [ 118.781718826000088, -8.444380662999947, 0.0 ], [ 118.782296696000117, -8.444348153999954, 0.0 ], [ 118.782858359000102, -8.44422796899994, 0.0 ], [ 118.78346156900011, -8.444016722999947, 0.0 ], [ 118.783946075000017, -8.443800873999976, 0.0 ], [ 118.784691825000095, -8.443461660999958, 0.0 ], [ 118.785527163000097, -8.443110367999964, 0.0 ], [ 118.785577892000106, -8.443036115999973, 0.0 ], [ 118.786046912000074, -8.442771857999958, 0.0 ], [ 118.786059371000078, -8.442759101999968, 0.0 ], [ 118.786814426000092, -8.442474364999953, 0.0 ], [ 118.787666450000074, -8.442342290999932, 0.0 ], [ 118.787688269000114, -8.442342290999932, 0.0 ], [ 118.788362499000073, -8.442262225999968, 0.0 ], [ 118.789219570000114, -8.441949541999975, 0.0 ], [ 118.789899793000018, -8.441791911999928, 0.0 ], [ 118.79058761400006, -8.441602751999937, 0.0 ], [ 118.790598327000112, -8.441593186999967, 0.0 ], [ 118.791400201000101, -8.44113164099997, 0.0 ], [ 118.791948604000027, -8.440927848999934, 0.0 ], [ 118.792590780000069, -8.440666581999949, 0.0 ], [ 118.793032096000047, -8.440549248999957, 0.0 ], [ 118.793670819000113, -8.440570841999943, 0.0 ], [ 118.794214467000074, -8.440751133999981, 0.0 ], [ 118.795138393000116, -8.440969100999951, 0.0 ], [ 118.795497625000053, -8.441020241999979, 0.0 ], [ 118.796150291000117, -8.441030477999959, 0.0 ], [ 118.796789234000016, -8.440948602999981, 0.0 ], [ 118.796798705000015, -8.440938315999972, 0.0 ], [ 118.797470954000119, -8.44092801599993, 0.0 ], [ 118.798105034000059, -8.440761659999964, 0.0 ], [ 118.798788816000069, -8.440602934999959, 0.0 ], [ 118.799361629000032, -8.440397939999968, 0.0 ], [ 118.799802385000021, -8.440143736999971, 0.0 ], [ 118.800072294000074, -8.44011732599995, 0.0 ], [ 118.800527511000041, -8.439983007999956, 0.0 ], [ 118.800549686000068, -8.439764172999958, 0.0 ], [ 118.800518427000043, -8.439435655999944, 0.0 ], [ 118.800517606000085, -8.439427031999969, 0.0 ], [ 118.800483098000086, -8.439064370999972, 0.0 ], [ 118.800444653000113, -8.438577435999946, 0.0 ], [ 118.800443737000023, -8.438567757999976, 0.0 ], [ 118.800449101000027, -8.438109008999959, 0.0 ], [ 118.80058762200008, -8.437950781999973, 0.0 ], [ 118.800784090000093, -8.437820836999947, 0.0 ], [ 118.800821945000052, -8.437795799999947, 0.0 ], [ 118.801138503000061, -8.437629526999956, 0.0 ], [ 118.80114552100008, -8.437629527999945, 0.0 ], [ 118.801397039000108, -8.437403967999956, 0.0 ], [ 118.80142503400009, -8.43738813799996, 0.0 ], [ 118.801673966000067, -8.437324459999957, 0.0 ], [ 118.801664129000073, -8.437162645999933, 0.0 ], [ 118.801733030000037, -8.436484280999935, 0.0 ], [ 118.80174037900008, -8.436411927999927, 0.0 ], [ 118.801679956000044, -8.436173341999961, 0.0 ], [ 118.801325714000086, -8.435976427999947, 0.0 ], [ 118.801310738000097, -8.435968102999936, 0.0 ], [ 118.800892210000029, -8.435739586999944, 0.0 ], [ 118.800877333000017, -8.435739585999954, 0.0 ], [ 118.800866601000052, -8.435732966999979, 0.0 ], [ 118.800465851000013, -8.435485822999965, 0.0 ], [ 118.800464118000036, -8.435467995999943, 0.0 ], [ 118.800278509, -8.435223010999948, 0.0 ], [ 118.800299884000083, -8.435178352999969, 0.0 ], [ 118.800475138000024, -8.435262236999961, 0.0 ], [ 118.80074262800008, -8.435173870999961, 0.0 ], [ 118.801185595000106, -8.435086747999947, 0.0 ], [ 118.801708981000047, -8.434858211999938, 0.0 ], [ 118.802165089000027, -8.434664085999941, 0.0 ], [ 118.802528266000081, -8.434597992999954, 0.0 ], [ 118.802612195000052, -8.434582718999934, 0.0 ], [ 118.802988053000036, -8.434532045999958, 0.0 ], [ 118.803344097000036, -8.434401752999975, 0.0 ], [ 118.803555503000098, -8.43437346199994, 0.0 ], [ 118.803820219000045, -8.434338037999964, 0.0 ], [ 118.80415628500009, -8.434223198999973, 0.0 ], [ 118.804301305000081, -8.434163789999957, 0.0 ], [ 118.804437144000076, -8.434108142999946, 0.0 ], [ 118.804565669000112, -8.43395531799996, 0.0 ], [ 118.804803969000091, -8.433816132999937, 0.0 ], [ 118.804973852000103, -8.433741784999938, 0.0 ], [ 118.805186849000052, -8.433689725999955, 0.0 ], [ 118.805372398000031, -8.433705724999982, 0.0 ], [ 118.805633274000115, -8.433654329999968, 0.0 ], [ 118.805816507000031, -8.433521086999974, 0.0 ], [ 118.806032778000031, -8.433384933999946, 0.0 ], [ 118.806249259000083, -8.433254520999981, 0.0 ], [ 118.806474195000078, -8.433054099999936, 0.0 ], [ 118.806686261000095, -8.432918764999954, 0.0 ], [ 118.806746384, -8.43269543599996, 0.0 ], [ 118.807087548000027, -8.432417688999976, 0.0 ], [ 118.807384275000118, -8.432166214999938, 0.0 ], [ 118.807681683000055, -8.432004828999936, 0.0 ], [ 118.80772536500001, -8.431956218999971, 0.0 ], [ 118.807907084000021, -8.431754000999945, 0.0 ], [ 118.808084938000093, -8.431556083999965, 0.0 ], [ 118.808108175000029, -8.43153022499996, 0.0 ], [ 118.808563545000084, -8.431045175999941, 0.0 ], [ 118.808971922000069, -8.430678171999944, 0.0 ], [ 118.809045071000014, -8.430630881999946, 0.0 ], [ 118.809324678000053, -8.430450117999953, 0.0 ], [ 118.809538735000046, -8.43016236699998, 0.0 ], [ 118.809549056000037, -8.430157177999945, 0.0 ], [ 118.809878461000039, -8.429685204999942, 0.0 ], [ 118.809955539000043, -8.429352834999975, 0.0 ], [ 118.809783063000054, -8.429112260999943, 0.0 ], [ 118.809568079000087, -8.428833494999935, 0.0 ], [ 118.809245960000112, -8.428697993999947, 0.0 ], [ 118.808929015000103, -8.42845217799993, 0.0 ], [ 118.808484720000024, -8.428225904999977, 0.0 ], [ 118.808050749000017, -8.427878497999927, 0.0 ], [ 118.807669720000035, -8.427651526999966, 0.0 ], [ 118.807298987000081, -8.427112544999943, 0.0 ], [ 118.806905893000021, -8.426513923999948, 0.0 ], [ 118.806844236000074, -8.425929308999969, 0.0 ], [ 118.806568902000095, -8.425531811999974, 0.0 ], [ 118.806258071000116, -8.425099336999949, 0.0 ], [ 118.806591999000034, -8.423869853999975, 0.0 ], [ 118.806644167000059, -8.421109572999967, 0.0 ], [ 118.806583139000054, -8.419304925999938, 0.0 ], [ 118.806557743000099, -8.418553961999976, 0.0 ], [ 118.806581430000051, -8.418254625999964, 0.0 ], [ 118.806736035000085, -8.416763884999966, 0.0 ], [ 118.8067680260001, -8.416455415999962, 0.0 ], [ 118.806812700000023, -8.416162189999966, 0.0 ], [ 118.806821501000059, -8.416118858999937, 0.0 ], [ 118.80673867500002, -8.415573671999937, 0.0 ], [ 118.806654456000047, -8.415019313999949, 0.0 ], [ 118.80646424300005, -8.414094646999956, 0.0 ], [ 118.806087781000087, -8.413099639999928, 0.0 ], [ 118.806040896000013, -8.412322220999954, 0.0 ], [ 118.806183152000017, -8.41217927799994, 0.0 ], [ 118.806443526000066, -8.412127860999931, 0.0 ], [ 118.806771891000039, -8.412235161999945, 0.0 ], [ 118.807034330000079, -8.412281422999968, 0.0 ], [ 118.807142096, -8.412300419999951, 0.0 ], [ 118.807679047000079, -8.41213118099995, 0.0 ], [ 118.807682031000013, -8.412125990999925, 0.0 ], [ 118.807683065000106, -8.412124192999954, 0.0 ], [ 118.80781631800005, -8.411892387999956, 0.0 ], [ 118.807916974000022, -8.411793612999929, 0.0 ], [ 118.807972283000026, -8.411739337999961, 0.0 ], [ 118.808094423000057, -8.411708597999962, 0.0 ], [ 118.808345950000103, -8.41174733899993, 0.0 ], [ 118.808464209000022, -8.411781147999932, 0.0 ], [ 118.808577434000085, -8.411813517999974, 0.0 ], [ 118.808611700000029, -8.411823313999946, 0.0 ], [ 118.809257140000113, -8.412007838999955, 0.0 ], [ 118.809474672000078, -8.41207002799996, 0.0 ], [ 118.809797721000109, -8.412273466999977, 0.0 ], [ 118.80980223600011, -8.412276309999982, 0.0 ], [ 118.80990822800004, -8.412361805999979, 0.0 ], [ 118.809965438000063, -8.412407953999946, 0.0 ], [ 118.810047824000094, -8.41247440799998, 0.0 ], [ 118.81008779900003, -8.41250665299998, 0.0 ], [ 118.810125319, -8.412536916999954, 0.0 ], [ 118.810147805000042, -8.412555053999938, 0.0 ], [ 118.81016050900007, -8.412557282999956, 0.0 ], [ 118.810188520000111, -8.412562196999943, 0.0 ], [ 118.810218511000016, -8.412567459999934, 0.0 ], [ 118.810282282000117, -8.412578646999975, 0.0 ], [ 118.8102950870001, -8.412575869999955, 0.0 ], [ 118.810314559000062, -8.412571646999936, 0.0 ], [ 118.810414752000042, -8.412549919999947, 0.0 ], [ 118.810444566000115, -8.412543453999945, 0.0 ], [ 118.810476215000108, -8.412536589999945, 0.0 ], [ 118.810489642000107, -8.412529369999959, 0.0 ], [ 118.810575342000107, -8.412483284999951, 0.0 ], [ 118.810618409000085, -8.412460125999928, 0.0 ], [ 118.810646147000057, -8.41244520999993, 0.0 ], [ 118.810669100000041, -8.412432867999939, 0.0 ], [ 118.810701214, -8.412415597999939, 0.0 ], [ 118.810731555000075, -8.412396905999969, 0.0 ], [ 118.810933033000083, -8.412272783999981, 0.0 ], [ 118.811131448000083, -8.412150549999978, 0.0 ], [ 118.811192128000016, -8.412138227999947, 0.0 ], [ 118.811242467000056, -8.412128005999932, 0.0 ], [ 118.811500089000106, -8.412120371999947, 0.0 ], [ 118.811555430000112, -8.412141645999952, 0.0 ], [ 118.811644183000112, -8.412175762999937, 0.0 ], [ 118.811796831000038, -8.41233095399997, 0.0 ], [ 118.811851331000071, -8.412521720999962, 0.0 ], [ 118.811838028000011, -8.412673715999972, 0.0 ], [ 118.811754215000065, -8.412953044999938, 0.0 ], [ 118.811685370000077, -8.413249030999964, 0.0 ], [ 118.811688307000054, -8.413282226999968, 0.0 ], [ 118.81170105800004, -8.413426342999969, 0.0 ], [ 118.811776841000096, -8.413519386999951, 0.0 ], [ 118.811800754000046, -8.413526384999955, 0.0 ], [ 118.811917249000089, -8.413560473999951, 0.0 ], [ 118.811917610000023, -8.413560579999967, 0.0 ], [ 118.812148414000035, -8.413533893999954, 0.0 ], [ 118.81230383400009, -8.413447441999949, 0.0 ], [ 118.812609658000042, -8.413199332999966, 0.0 ], [ 118.812707809000017, -8.413119704999929, 0.0 ], [ 118.812756923000052, -8.413103237999962, 0.0 ], [ 118.812821524000015, -8.413081578999936, 0.0 ], [ 118.812940795000031, -8.413102390999939, 0.0 ], [ 118.812992502000043, -8.413111412999967, 0.0 ], [ 118.813225067000076, -8.413262319999944, 0.0 ], [ 118.813247464000028, -8.413294298999972, 0.0 ], [ 118.813315780000039, -8.413391844999978, 0.0 ], [ 118.813343862000011, -8.413431940999942, 0.0 ], [ 118.813367360000029, -8.413510094999936, 0.0 ], [ 118.813403188000052, -8.413629258999947, 0.0 ], [ 118.813533617000076, -8.414240560999929, 0.0 ], [ 118.813711463000118, -8.414395815999967, 0.0 ], [ 118.814084771000012, -8.414588698999978, 0.0 ], [ 118.814145161000056, -8.41461990199997, 0.0 ], [ 118.814387778000082, -8.414745256999936, 0.0 ], [ 118.814436208000075, -8.414762744999962, 0.0 ], [ 118.814535031000105, -8.414811135999969, 0.0 ], [ 118.814573258000109, -8.414829855999926, 0.0 ], [ 118.814727616000027, -8.414905440999974, 0.0 ], [ 118.814804111000058, -8.414965113999926, 0.0 ], [ 118.814813900000104, -8.414972749999947, 0.0 ], [ 118.814978395000026, -8.415101068999945, 0.0 ], [ 118.81520174100001, -8.415344532999939, 0.0 ], [ 118.815349157000014, -8.41560975699997, 0.0 ], [ 118.815556595000089, -8.416025969999964, 0.0 ], [ 118.815738421000106, -8.416390790999969, 0.0 ], [ 118.815885266, -8.417008769999939, 0.0 ], [ 118.815838814000017, -8.417343038999945, 0.0 ], [ 118.815837406000014, -8.417353171999935, 0.0 ], [ 118.815849806000074, -8.417527976999963, 0.0 ], [ 118.8159107460001, -8.417658020999966, 0.0 ], [ 118.816074709000077, -8.417818590999957, 0.0 ], [ 118.816237690000094, -8.417879532999962, 0.0 ], [ 118.816888322000068, -8.417984213999944, 0.0 ], [ 118.816923571000075, -8.41798988599993, 0.0 ], [ 118.817249041000082, -8.418042250999974, 0.0 ], [ 118.817318871000111, -8.418071032999933, 0.0 ], [ 118.817585432000101, -8.41818090199996, 0.0 ], [ 118.817724909000049, -8.418235920999962, 0.0 ], [ 118.818005736000032, -8.418346694999968, 0.0 ], [ 118.81810383100003, -8.418375879999928, 0.0 ], [ 118.818419084000084, -8.418469674999926, 0.0 ], [ 118.818559348, -8.418511405999936, 0.0 ], [ 118.818744068000115, -8.418566363999958, 0.0 ], [ 118.818827173000045, -8.418606985999929, 0.0 ], [ 118.818863453000063, -8.418624718999979, 0.0 ], [ 118.819173077000073, -8.418776062999939, 0.0 ], [ 118.819220358000052, -8.418810596999947, 0.0 ], [ 118.819340297000053, -8.418898196999976, 0.0 ], [ 118.819392726000046, -8.418936490999954, 0.0 ], [ 118.819571235000012, -8.419137611999929, 0.0 ], [ 118.819596302000036, -8.419182921999948, 0.0 ], [ 118.81963405700003, -8.419251164999935, 0.0 ], [ 118.819657684000049, -8.419293869999933, 0.0 ], [ 118.8196879300001, -8.41934853999993, 0.0 ], [ 118.819690955000056, -8.419356077999964, 0.0 ], [ 118.819724369000028, -8.419439341999976, 0.0 ], [ 118.819729732000042, -8.419452704999969, 0.0 ], [ 118.819736090000106, -8.419468546999951, 0.0 ], [ 118.819741167000075, -8.419481198999961, 0.0 ], [ 118.819741573000101, -8.419482209999956, 0.0 ], [ 118.819744749000051, -8.419490123999935, 0.0 ], [ 118.819746334000115, -8.419494075999978, 0.0 ], [ 118.819766712000046, -8.419544852999934, 0.0 ], [ 118.819770450000078, -8.419554166999944, 0.0 ], [ 118.81987222600003, -8.419807779999928, 0.0 ], [ 118.819910001000039, -8.419901909999965, 0.0 ], [ 118.820054097000025, -8.420260975999952, 0.0 ], [ 118.820191941000076, -8.42030122999995, 0.0 ], [ 118.820274453000025, -8.420295225999951, 0.0 ], [ 118.820390472000099, -8.420286784999973, 0.0 ], [ 118.820615869000108, -8.420212164999953, 0.0 ], [ 118.820873967000011, -8.420126986999946, 0.0 ], [ 118.820999408000034, -8.420113520999962, 0.0 ], [ 118.821190242000057, -8.420093035999969, 0.0 ], [ 118.821342930000014, -8.420150705999959, 0.0 ], [ 118.821529524000084, -8.420303771999954, 0.0 ], [ 118.821613450000086, -8.420459917999949, 0.0 ], [ 118.821635778000086, -8.420695050999939, 0.0 ], [ 118.821637654000028, -8.420808693999959, 0.0 ], [ 118.821639556000036, -8.420923956999957, 0.0 ], [ 118.8216466, -8.421350933999975, 0.0 ], [ 118.821649451000098, -8.421523700999956, 0.0 ], [ 118.821665671, -8.421595814999932, 0.0 ], [ 118.821687145000055, -8.421691291999934, 0.0 ], [ 118.821709591000058, -8.421791086999974, 0.0 ], [ 118.821737582000083, -8.421915539999929, 0.0 ], [ 118.821750179000105, -8.421971546999941, 0.0 ], [ 118.821867309000027, -8.422131308999951, 0.0 ], [ 118.82203762600011, -8.422245971999928, 0.0 ], [ 118.822133265000048, -8.422257816999945, 0.0 ], [ 118.822163997000075, -8.42226162299994, 0.0 ], [ 118.82220643200003, -8.422244631999945, 0.0 ], [ 118.822274199000049, -8.422217498999942, 0.0 ], [ 118.822423410000056, -8.422053697999957, 0.0 ], [ 118.822544730000118, -8.421947462999981, 0.0 ], [ 118.822630059000062, -8.421872742999938, 0.0 ], [ 118.822725197000068, -8.421814310999935, 0.0 ], [ 118.822851521000075, -8.421736722999981, 0.0 ], [ 118.822863615000074, -8.421728913999971, 0.0 ], [ 118.82286431700004, -8.421728864999977, 0.0 ], [ 118.822875829000054, -8.42172179399995, 0.0 ], [ 118.822889908000093, -8.421720730999937, 0.0 ], [ 118.82308462200001, -8.421706032999964, 0.0 ], [ 118.82325068900002, -8.421733710999945, 0.0 ], [ 118.823286020000069, -8.421739598999977, 0.0 ], [ 118.823472923000054, -8.42183805999997, 0.0 ], [ 118.823481666000021, -8.421842665999975, 0.0 ], [ 118.823489984000048, -8.421847047999961, 0.0 ], [ 118.823637998000095, -8.421925021999925, 0.0 ], [ 118.823700304000113, -8.422020457999963, 0.0 ], [ 118.823735286000101, -8.42210644499994, 0.0 ], [ 118.823829998000065, -8.422339251999972, 0.0 ], [ 118.823898734000068, -8.422508204999929, 0.0 ], [ 118.823929618000079, -8.422584117999975, 0.0 ], [ 118.823956520000024, -8.422775946999934, 0.0 ], [ 118.823985443000083, -8.422982175999948, 0.0 ], [ 118.824131813, -8.423361414999931, 0.0 ], [ 118.824269715000014, -8.423506778999979, 0.0 ], [ 118.824859575000119, -8.42412855699996, 0.0 ], [ 118.824906873000032, -8.424341982999977, 0.0 ], [ 118.824884188000055, -8.424487537999937, 0.0 ], [ 118.824883673000045, -8.424490841999955, 0.0 ], [ 118.824791361000052, -8.425021285999946, 0.0 ], [ 118.824789413000076, -8.42503247999997, 0.0 ], [ 118.824790054000118, -8.425293135999937, 0.0 ], [ 118.824830416000054, -8.425376789999973, 0.0 ], [ 118.824864963000095, -8.425448391999964, 0.0 ], [ 118.825105023000106, -8.425648101999968, 0.0 ], [ 118.825305859000082, -8.425727903999928, 0.0 ], [ 118.825540647000025, -8.425719217999927, 0.0 ], [ 118.825921467000057, -8.425624189999951, 0.0 ], [ 118.825956897000083, -8.425615169999958, 0.0 ], [ 118.826249297000118, -8.425540737999938, 0.0 ], [ 118.826562491000118, -8.425461010999982, 0.0 ], [ 118.826820485000098, -8.42546975099998, 0.0 ], [ 118.826921259000073, -8.425473165999961, 0.0 ], [ 118.827154747, -8.425537625999937, 0.0 ], [ 118.827368495000087, -8.425694927999928, 0.0 ], [ 118.827374403000022, -8.425698741999952, 0.0 ], [ 118.827662779000093, -8.425884900999961, 0.0 ], [ 118.827711118000025, -8.425917038999955, 0.0 ], [ 118.827908584000056, -8.426048327999979, 0.0 ], [ 118.827923154000018, -8.426058015999956, 0.0 ], [ 118.82803918400009, -8.426145548999955, 0.0 ], [ 118.828414338000016, -8.42642856599997, 0.0 ], [ 118.82867189600006, -8.426622867999981, 0.0 ], [ 118.828735272000017, -8.426694849999933, 0.0 ], [ 118.828762549000089, -8.426725831999931, 0.0 ], [ 118.829002564, -8.426998441999956, 0.0 ], [ 118.829017610000051, -8.427008624999928, 0.0 ], [ 118.829127426000014, -8.427082953999957, 0.0 ], [ 118.829331922000051, -8.42713355199993, 0.0 ], [ 118.829571773000112, -8.427114595999967, 0.0 ], [ 118.829786214000023, -8.427045337999971, 0.0 ], [ 118.829905364000069, -8.427006854999945, 0.0 ], [ 118.830105960000083, -8.426934984999946, 0.0 ], [ 118.830202928000062, -8.426930382999956, 0.0 ], [ 118.830317481000066, -8.427051712999969, 0.0 ], [ 118.830336831000068, -8.42707220799997, 0.0 ], [ 118.830437533, -8.42726275299998, 0.0 ], [ 118.830445286000099, -8.427277421999975, 0.0 ], [ 118.830480598, -8.427344237999932, 0.0 ], [ 118.830552270000112, -8.427409736999948, 0.0 ], [ 118.830691309000031, -8.427536802999953, 0.0 ], [ 118.83071062700003, -8.427547134999941, 0.0 ], [ 118.830748209000035, -8.42756723499997, 0.0 ], [ 118.830897095000068, -8.427646859999982, 0.0 ], [ 118.830901580000045, -8.427649258999963, 0.0 ], [ 118.831168184000035, -8.427696672999957, 0.0 ], [ 118.831264162000025, -8.42764108199998, 0.0 ], [ 118.83142693800005, -8.427546801999938, 0.0 ], [ 118.831438133, -8.427540316999966, 0.0 ], [ 118.831501032, -8.427485081999976, 0.0 ], [ 118.831714828000031, -8.427269558999967, 0.0 ], [ 118.831852402000095, -8.427130873999943, 0.0 ], [ 118.831903385000032, -8.427098360999935, 0.0 ], [ 118.831991586000072, -8.42704211399996, 0.0 ], [ 118.832030133000103, -8.427025919999949, 0.0 ], [ 118.83250199500003, -8.427108457999964, 0.0 ], [ 118.83295272600003, -8.427182928999969, 0.0 ], [ 118.833336727000074, -8.42717358699997, 0.0 ], [ 118.834043578000092, -8.426953139999966, 0.0 ], [ 118.834252685000024, -8.426891986999976, 0.0 ], [ 118.834484117000102, -8.42691504499993, 0.0 ], [ 118.834628002000045, -8.427030402999947, 0.0 ], [ 118.834725586000104, -8.42720273599997, 0.0 ], [ 118.834743900000035, -8.427262664999944, 0.0 ], [ 118.834794898000041, -8.427429546999974, 0.0 ], [ 118.834933007000018, -8.427679188999946, 0.0 ], [ 118.835068072000013, -8.42781107899998, 0.0 ], [ 118.835282548, -8.427869826999938, 0.0 ], [ 118.835338480000019, -8.427864285999931, 0.0 ], [ 118.835389040000109, -8.427876606999973, 0.0 ], [ 118.835777928000084, -8.427917831999935, 0.0 ], [ 118.836047038000061, -8.42801533599993, 0.0 ], [ 118.836423861000071, -8.428143580999972, 0.0 ], [ 118.836713774000032, -8.428169559999958, 0.0 ], [ 118.836756483000045, -8.428173386999958, 0.0 ], [ 118.837339953000082, -8.428250061999961, 0.0 ], [ 118.837537359000066, -8.428358613999933, 0.0 ], [ 118.83757008900011, -8.428366749999952, 0.0 ], [ 118.837712303000103, -8.428402103999929, 0.0 ], [ 118.837881822000099, -8.428393093999944, 0.0 ], [ 118.838120261000086, -8.428380420999929, 0.0 ], [ 118.83828406400005, -8.428367495999964, 0.0 ], [ 118.838401585000042, -8.428358221999929, 0.0 ], [ 118.838577027000042, -8.428344377999963, 0.0 ], [ 118.838656649000086, -8.428359091999937, 0.0 ], [ 118.838771348000023, -8.42838028999995, 0.0 ], [ 118.838808808000067, -8.428387212999951, 0.0 ], [ 118.839031953000017, -8.428410355999972, 0.0 ], [ 118.839124509000044, -8.428419954999981, 0.0 ], [ 118.839248762000011, -8.42843284199995, 0.0 ], [ 118.839283280000018, -8.428427145999933, 0.0 ], [ 118.83951705000004, -8.428388573999939, 0.0 ], [ 118.839596326000105, -8.428375493999965, 0.0 ], [ 118.840098011, -8.428236027999958, 0.0 ], [ 118.840268076000029, -8.428188750999936, 0.0 ], [ 118.840328710000108, -8.428181450999944, 0.0 ], [ 118.840449976000059, -8.428166850999958, 0.0 ], [ 118.840466292000087, -8.42816488699998, 0.0 ], [ 118.840558230000056, -8.428153817999942, 0.0 ], [ 118.84057538400009, -8.428151751999962, 0.0 ], [ 118.840804309000077, -8.428191769999955, 0.0 ], [ 118.841353942000069, -8.428395683999952, 0.0 ], [ 118.841723480000041, -8.42851436899997, 0.0 ], [ 118.841944632000036, -8.42858539599996, 0.0 ], [ 118.842714669000088, -8.42883270599998, 0.0 ], [ 118.842836979000026, -8.428871441999945, 0.0 ], [ 118.843488670000056, -8.429077833999941, 0.0 ], [ 118.843546100000026, -8.429096021999953, 0.0 ], [ 118.84393417900003, -8.429184777999978, 0.0 ], [ 118.844524289000105, -8.429278643999965, 0.0 ], [ 118.84462106, -8.429294036999977, 0.0 ], [ 118.844637504000048, -8.429296652999938, 0.0 ], [ 118.844994525000061, -8.429353441999979, 0.0 ], [ 118.845378379000067, -8.429520012999944, 0.0 ], [ 118.845885261000035, -8.429739970999947, 0.0 ], [ 118.846322599000018, -8.429886562999968, 0.0 ], [ 118.846728836000011, -8.430041825999979, 0.0 ], [ 118.846774732000085, -8.430059562999929, 0.0 ], [ 118.846903614000098, -8.430109369999968, 0.0 ], [ 118.847198578000075, -8.430266376999953, 0.0 ], [ 118.847237608000114, -8.43029347199996, 0.0 ], [ 118.847607961000108, -8.430550572999948, 0.0 ], [ 118.848009765000029, -8.430829506999942, 0.0 ], [ 118.848078047000058, -8.430870893999952, 0.0 ], [ 118.848365443000034, -8.431045091999977, 0.0 ], [ 118.848465288000057, -8.431171891999952, 0.0 ], [ 118.848537130000068, -8.431263129999934, 0.0 ], [ 118.84857682400002, -8.431313538999973, 0.0 ], [ 118.84871496300002, -8.431510771999967, 0.0 ], [ 118.848794544000043, -8.431624394999972, 0.0 ], [ 118.849047236000047, -8.431680404999952, 0.0 ], [ 118.849330129, -8.43173128199993, 0.0 ], [ 118.849688418000028, -8.431795718999979, 0.0 ], [ 118.849917619000053, -8.431836938999936, 0.0 ], [ 118.850266858000055, -8.431990847999941, 0.0 ], [ 118.850353297000083, -8.432100744999957, 0.0 ], [ 118.850567692000027, -8.432373319999954, 0.0 ], [ 118.85059827300006, -8.432405567999979, 0.0 ], [ 118.85072668600003, -8.432540981999978, 0.0 ], [ 118.850872353000113, -8.432575472999929, 0.0 ], [ 118.851425579000079, -8.432706448999966, 0.0 ], [ 118.851478243000088, -8.432747280999934, 0.0 ], [ 118.851607437000098, -8.43284744999994, 0.0 ], [ 118.851837940000109, -8.433058115999927, 0.0 ], [ 118.85199091700008, -8.433102253999948, 0.0 ], [ 118.85213632600005, -8.433067410999968, 0.0 ], [ 118.852236355000059, -8.432967688999952, 0.0 ], [ 118.852367429000083, -8.432821049999973, 0.0 ], [ 118.852525945000025, -8.432643708999933, 0.0 ], [ 118.852670285000045, -8.432624646999955, 0.0 ], [ 118.853035054000088, -8.432662191999952, 0.0 ], [ 118.853073987000016, -8.432666199999971, 0.0 ], [ 118.853317964000098, -8.432671022999955, 0.0 ], [ 118.853410516000054, -8.432636160999948, 0.0 ], [ 118.853590393000104, -8.432568405999973, 0.0 ], [ 118.853836161000117, -8.432522130999928, 0.0 ], [ 118.854008599000053, -8.432447063999973, 0.0 ], [ 118.854081159000089, -8.43241686999994, 0.0 ], [ 118.854302173000065, -8.432324899999969, 0.0 ], [ 118.854753734000042, -8.432349616999943, 0.0 ], [ 118.855051395000032, -8.432445434999977, 0.0 ], [ 118.85507489400004, -8.432452998999963, 0.0 ], [ 118.85511059800001, -8.432464491999951, 0.0 ], [ 118.855201210000018, -8.432525001999977, 0.0 ], [ 118.855271257000027, -8.432571778999943, 0.0 ], [ 118.85563113, -8.432870112999979, 0.0 ], [ 118.855838680000033, -8.432967867999935, 0.0 ], [ 118.855944709000028, -8.433017807999931, 0.0 ], [ 118.855954503000021, -8.433022419999929, 0.0 ], [ 118.855954626000084, -8.433022478999931, 0.0 ], [ 118.856255112000099, -8.43316400599997, 0.0 ], [ 118.856272736000051, -8.433169454999927, 0.0 ], [ 118.856638215000089, -8.433282434999967, 0.0 ], [ 118.856645007000111, -8.433285245999969, 0.0 ], [ 118.856982473000016, -8.433424942999977, 0.0 ], [ 118.857019075000039, -8.433448066999972, 0.0 ], [ 118.857411256000091, -8.433634456999926, 0.0 ], [ 118.857583286000022, -8.433648965999964, 0.0 ], [ 118.857614561000105, -8.43365160299993, 0.0 ], [ 118.858116796000104, -8.433621407999965, 0.0 ], [ 118.858199772000034, -8.433616419999964, 0.0 ], [ 118.858479700000089, -8.433653195999966, 0.0 ], [ 118.858489361000011, -8.433654464999961, 0.0 ], [ 118.85854324200011, -8.433668132999969, 0.0 ], [ 118.858804940000027, -8.433734517999937, 0.0 ], [ 118.859226389000014, -8.433841424999969, 0.0 ], [ 118.859360738000078, -8.433875504999946, 0.0 ], [ 118.859399988000064, -8.43388596099993, 0.0 ], [ 118.859946046000118, -8.434031421999975, 0.0 ], [ 118.859983881000062, -8.434039861999963, 0.0 ], [ 118.860256432000028, -8.434100657999977, 0.0 ], [ 118.860399459000064, -8.434094621999975, 0.0 ], [ 118.86055280000005, -8.434088150999969, 0.0 ], [ 118.860560874000043, -8.434087809999937, 0.0 ], [ 118.860621372000082, -8.434085256999936, 0.0 ], [ 118.860851049000075, -8.43415454999996, 0.0 ], [ 118.860868472000107, -8.434165737999933, 0.0 ], [ 118.860940129000028, -8.434211749999974, 0.0 ], [ 118.860969608000119, -8.434230680999974, 0.0 ], [ 118.861073059000091, -8.434297108999942, 0.0 ], [ 118.861123735000092, -8.434398259999966, 0.0 ], [ 118.861244259000046, -8.434604784999976, 0.0 ], [ 118.861397118000014, -8.434665843999937, 0.0 ], [ 118.861915285, -8.434863898999936, 0.0 ], [ 118.861944061000031, -8.434892950999938, 0.0 ], [ 118.861980867000057, -8.434930109999925, 0.0 ], [ 118.862007514000084, -8.434965675999933, 0.0 ], [ 118.862187481000092, -8.43520588399997, 0.0 ], [ 118.86222263500008, -8.435245459999976, 0.0 ], [ 118.862244428000054, -8.435269992999963, 0.0 ], [ 118.862612589000037, -8.435627378999925, 0.0 ], [ 118.862662945000011, -8.435665056999937, 0.0 ], [ 118.862683726000114, -8.435680753999975, 0.0 ], [ 118.862696405000065, -8.435690331999979, 0.0 ], [ 118.862746973000071, -8.43572852899996, 0.0 ], [ 118.86276138900007, -8.435739417999969, 0.0 ], [ 118.862771663000103, -8.435747178999975, 0.0 ], [ 118.86283142700006, -8.435792321999941, 0.0 ], [ 118.863032038000028, -8.435943855999938, 0.0 ], [ 118.863125641000011, -8.435980435999966, 0.0 ], [ 118.863198246000024, -8.436008810999965, 0.0 ], [ 118.863473952000049, -8.436052080999957, 0.0 ], [ 118.863650718000031, -8.436024009999926, 0.0 ], [ 118.863781821000089, -8.436003188999962, 0.0 ], [ 118.863904311000056, -8.435972179999965, 0.0 ], [ 118.864373085000011, -8.435853502999976, 0.0 ], [ 118.864483421000045, -8.435917736999954, 0.0 ], [ 118.864506192000022, -8.435934497999938, 0.0 ], [ 118.864599910000038, -8.436003481999933, 0.0 ], [ 118.864745477000042, -8.436110631999952, 0.0 ], [ 118.864876747000039, -8.436207257999968, 0.0 ], [ 118.864888610000094, -8.436233343999959, 0.0 ], [ 118.864893448000089, -8.43624398399993, 0.0 ], [ 118.864931885000033, -8.436414808999928, 0.0 ], [ 118.864941989000044, -8.436459708999962, 0.0 ], [ 118.865006175000076, -8.436643680999964, 0.0 ], [ 118.865023706000102, -8.436684696999976, 0.0 ], [ 118.865119406000076, -8.436841785999945, 0.0 ], [ 118.865252668000039, -8.437104218999934, 0.0 ], [ 118.865260554000088, -8.437119567999957, 0.0 ], [ 118.865301472000056, -8.437199201999931, 0.0 ], [ 118.865337007000107, -8.437268359999962, 0.0 ], [ 118.865355201000057, -8.437322688999927, 0.0 ], [ 118.865399472000036, -8.437463630999957, 0.0 ], [ 118.865447703000086, -8.437617175999947, 0.0 ], [ 118.865467469, -8.437692747999961, 0.0 ], [ 118.86560543500002, -8.43822021099993, 0.0 ], [ 118.865609143000029, -8.438256844999955, 0.0 ], [ 118.865606638000031, -8.438391391999971, 0.0 ], [ 118.865656351000098, -8.438527126999929, 0.0 ], [ 118.86567358700006, -8.438574185999926, 0.0 ], [ 118.86569759300005, -8.438639732999945, 0.0 ], [ 118.86571953400005, -8.438670791999925, 0.0 ], [ 118.865904578000027, -8.438855607999926, 0.0 ], [ 118.865908559000104, -8.438858270999958, 0.0 ], [ 118.866212583000106, -8.439061662999961, 0.0 ], [ 118.86647654300009, -8.439146735999941, 0.0 ], [ 118.86667181200005, -8.43917543699996, 0.0 ], [ 118.867031821000069, -8.43922835099994, 0.0 ], [ 118.867510225000046, -8.439239252999926, 0.0 ], [ 118.867652609000061, -8.439232281999978, 0.0 ], [ 118.867675224000095, -8.439237299999945, 0.0 ], [ 118.867742527000019, -8.439240119999965, 0.0 ], [ 118.867743801000074, -8.439240172999973, 0.0 ], [ 118.867882548000011, -8.439245985999946, 0.0 ], [ 118.868125612000085, -8.439226474999941, 0.0 ], [ 118.868312916000036, -8.439195593999955, 0.0 ], [ 118.868645683000068, -8.439127802999963, 0.0 ], [ 118.868706380000049, -8.439113110999926, 0.0 ], [ 118.868924563000064, -8.439060303999952, 0.0 ], [ 118.869005010000024, -8.439039487999935, 0.0 ], [ 118.869238094000025, -8.438991617999932, 0.0 ], [ 118.869282375000012, -8.438987546999954, 0.0 ], [ 118.869523079000032, -8.438946097999974, 0.0 ], [ 118.86970313300003, -8.438873512999976, 0.0 ], [ 118.869895385000063, -8.438766126999951, 0.0 ], [ 118.869904318000067, -8.438760035999962, 0.0 ], [ 118.87013572, -8.438602255999967, 0.0 ], [ 118.870399239000108, -8.438420382999936, 0.0 ], [ 118.870572958000025, -8.438306418999957, 0.0 ], [ 118.87085326700003, -8.438136254999961, 0.0 ], [ 118.870979137000063, -8.438071473999969, 0.0 ], [ 118.871006951000027, -8.438058250999973, 0.0 ], [ 118.871073632000048, -8.43802655199994, 0.0 ], [ 118.871363421000069, -8.437888788999942, 0.0 ], [ 118.871498991000067, -8.437805708999974, 0.0 ], [ 118.87171532900004, -8.43763118499993, 0.0 ], [ 118.871780056000034, -8.437574126999948, 0.0 ], [ 118.871968964000075, -8.437451990999932, 0.0 ], [ 118.872235567000075, -8.437279620999959, 0.0 ], [ 118.87229345500009, -8.437246481999978, 0.0 ], [ 118.872376461000044, -8.437173557999927, 0.0 ], [ 118.872515893000013, -8.437051061999966, 0.0 ], [ 118.872561715000074, -8.436991577999947, 0.0 ], [ 118.87273618800009, -8.436765082999955, 0.0 ], [ 118.872941660000038, -8.436518344999968, 0.0 ], [ 118.873022369000068, -8.436421425999981, 0.0 ], [ 118.873200291000103, -8.436239698999941, 0.0 ], [ 118.873248075000106, -8.436205223999934, 0.0 ], [ 118.873461372000065, -8.436063223999952, 0.0 ], [ 118.873614383000017, -8.435921955999959, 0.0 ], [ 118.87364767400004, -8.435890768999968, 0.0 ], [ 118.873906986000065, -8.435788210999931, 0.0 ], [ 118.874002345, -8.435766400999967, 0.0 ], [ 118.874369021, -8.435753563999981, 0.0 ], [ 118.874566266000102, -8.435758759999942, 0.0 ], [ 118.874694724000051, -8.435784661999946, 0.0 ], [ 118.874773449000031, -8.435800540999935, 0.0 ], [ 118.874874848000104, -8.435826192999968, 0.0 ], [ 118.875579094000045, -8.436614886999962, 0.0 ], [ 118.875769160000118, -8.436802295999939, 0.0 ], [ 118.876420901000074, -8.437392250999949, 0.0 ], [ 118.876665986000035, -8.43834820099994, 0.0 ], [ 118.876193491000095, -8.439459962999933, 0.0 ], [ 118.875297510000109, -8.440837918999932, 0.0 ], [ 118.875008154000056, -8.442807011999946, 0.0 ], [ 118.875145363000115, -8.442847119999954, 0.0 ], [ 118.875722339000049, -8.443101989999946, 0.0 ], [ 118.876239225000063, -8.443411472999969, 0.0 ], [ 118.876833673000078, -8.443818692999969, 0.0 ], [ 118.877578956000093, -8.444310224999981, 0.0 ], [ 118.87830177100011, -8.444789260999926, 0.0 ], [ 118.879332456000043, -8.445417777999978, 0.0 ], [ 118.880099561000065, -8.445832791999976, 0.0 ], [ 118.880953328000032, -8.446795286999929, 0.0 ], [ 118.88130559800004, -8.447579461999965, 0.0 ], [ 118.881639373000098, -8.447946549999926, 0.0 ], [ 118.882159493000017, -8.448815454999931, 0.0 ], [ 118.882162016000052, -8.448820799999964, 0.0 ], [ 118.882103249000011, -8.448829364999938, 0.0 ], [ 118.881923635000021, -8.448906989999955, 0.0 ], [ 118.880266322000011, -8.449623240999927, 0.0 ], [ 118.880168069000092, -8.449634429999946, 0.0 ], [ 118.880037067000103, -8.449649348999969, 0.0 ], [ 118.879980825000075, -8.449667456999975, 0.0 ], [ 118.878331942000045, -8.450198333999936, 0.0 ], [ 118.878169036000031, -8.45021688099996, 0.0 ], [ 118.878038767000021, -8.450187562999929, 0.0 ], [ 118.875865242000032, -8.450786562999951, 0.0 ], [ 118.874136017000069, -8.450541673999965, 0.0 ], [ 118.872892513000011, -8.451246743999945, 0.0 ], [ 118.872336234000045, -8.451785920999953, 0.0 ], [ 118.871432050000067, -8.452662306999969, 0.0 ], [ 118.870083837000038, -8.452895224999963, 0.0 ], [ 118.869499350000069, -8.45309335099995, 0.0 ], [ 118.869243227000084, -8.453173662999973, 0.0 ], [ 118.868513178000057, -8.453402583999946, 0.0 ], [ 118.86766371300007, -8.453668949999951, 0.0 ], [ 118.866009813, -8.453692769999975, 0.0 ], [ 118.865823028000023, -8.453695459999949, 0.0 ], [ 118.863916748000065, -8.453606285999967, 0.0 ], [ 118.861825490000115, -8.454394437999952, 0.0 ], [ 118.860642336000069, -8.454465329999948, 0.0 ], [ 118.859718057, -8.454670974999942, 0.0 ], [ 118.859201866000035, -8.454785823999941, 0.0 ], [ 118.858052117000057, -8.455412979999949, 0.0 ], [ 118.856816422000065, -8.456133748999946, 0.0 ], [ 118.855309934000047, -8.456546512999978, 0.0 ], [ 118.85437390200002, -8.456138062999969, 0.0 ], [ 118.853456600000072, -8.455935784999951, 0.0 ], [ 118.852303758000062, -8.456251219999956, 0.0 ], [ 118.851576972000089, -8.456971212999974, 0.0 ], [ 118.850457753000114, -8.457900605999953, 0.0 ], [ 118.849165790000029, -8.458427010999969, 0.0 ], [ 118.848776021000049, -8.458417255999962, 0.0 ], [ 118.8481628400001, -8.458401909999964, 0.0 ], [ 118.848118045000092, -8.458400788999938, 0.0 ], [ 118.847032836000039, -8.458348354999941, 0.0 ], [ 118.845568153000045, -8.45825032099998, 0.0 ], [ 118.843883148000032, -8.45772565599998, 0.0 ], [ 118.841648208000038, -8.457370931999947, 0.0 ], [ 118.84151819300007, -8.457341449999944, 0.0 ], [ 118.840193847000023, -8.45704114199998, 0.0 ], [ 118.838080347000073, -8.456620370999929, 0.0 ], [ 118.837259360000076, -8.456310920999954, 0.0 ], [ 118.836772564000057, -8.456127434999928, 0.0 ], [ 118.836553245000118, -8.455993752999973, 0.0 ], [ 118.836052477000067, -8.455688518999978, 0.0 ], [ 118.836023368000042, -8.455691826999953, 0.0 ], [ 118.835055168000054, -8.455512931999976, 0.0 ], [ 118.834917587000064, -8.455487510999944, 0.0 ], [ 118.834888338000042, -8.455490834999978, 0.0 ], [ 118.834653554000056, -8.455275349999965, 0.0 ], [ 118.834526484000094, -8.455158723999944, 0.0 ], [ 118.834009268000045, -8.45468402299997, 0.0 ], [ 118.833567090000088, -8.454673469999932, 0.0 ], [ 118.83292666400007, -8.455313589999946, 0.0 ], [ 118.83228998300001, -8.455519967999976, 0.0 ], [ 118.831860945000017, -8.455659038999954, 0.0 ], [ 118.831327160000114, -8.455359847999944, 0.0 ], [ 118.83108112900004, -8.455221945999938, 0.0 ], [ 118.829616639000051, -8.45474709399997, 0.0 ], [ 118.82915613800003, -8.454597778999926, 0.0 ], [ 118.826675049000073, -8.455366438999931, 0.0 ], [ 118.826568898000119, -8.455691830999967, 0.0 ], [ 118.826462746000061, -8.456017222999947, 0.0 ], [ 118.826222424000093, -8.456473055999936, 0.0 ], [ 118.826227882000012, -8.45647792699998, 0.0 ], [ 118.826356454, -8.456592659999956, 0.0 ], [ 118.826612439000087, -8.45676130399994, 0.0 ], [ 118.826934510000115, -8.456930540999963, 0.0 ], [ 118.827092769000046, -8.457030311999972, 0.0 ], [ 118.827126472000032, -8.457064947999982, 0.0 ], [ 118.827170778000095, -8.457090928999946, 0.0 ], [ 118.827350634000027, -8.457196395999972, 0.0 ], [ 118.827377134000017, -8.457204759999968, 0.0 ], [ 118.827472825000086, -8.457261648999975, 0.0 ], [ 118.827346745000114, -8.457487942999933, 0.0 ], [ 118.827326948000064, -8.457516609999971, 0.0 ], [ 118.827195145000019, -8.457878691999952, 0.0 ], [ 118.827132205000112, -8.458123884999964, 0.0 ], [ 118.826951066000106, -8.458089233999942, 0.0 ], [ 118.826623636000022, -8.45813803599998, 0.0 ], [ 118.826463947000093, -8.458358125999951, 0.0 ], [ 118.826525023000045, -8.458649955999931, 0.0 ], [ 118.826561483000091, -8.458891956999935, 0.0 ], [ 118.826591593000103, -8.459118767999939, 0.0 ], [ 118.826542460000042, -8.459465349999959, 0.0 ], [ 118.826412933000029, -8.45977125099995, 0.0 ], [ 118.826038791000087, -8.459850941999946, 0.0 ], [ 118.826017341000011, -8.459854140999937, 0.0 ], [ 118.825385586000039, -8.459960274999958, 0.0 ], [ 118.825344905000065, -8.459990179999977, 0.0 ], [ 118.8249699590001, -8.460046085999977, 0.0 ], [ 118.824959246000049, -8.460047682999971, 0.0 ], [ 118.824396068000055, -8.460250210999959, 0.0 ], [ 118.823816696000108, -8.460454087999949, 0.0 ], [ 118.823006760000112, -8.46077711099997, 0.0 ], [ 118.822934339000085, -8.460805993999941, 0.0 ], [ 118.822923809000031, -8.460807563999936, 0.0 ], [ 118.822886072000074, -8.460836165999979, 0.0 ], [ 118.822382451000067, -8.461116205999929, 0.0 ], [ 118.82236398200007, -8.46113024899995, 0.0 ], [ 118.822329509000042, -8.461169195999958, 0.0 ], [ 118.82180504300004, -8.461667958999953, 0.0 ], [ 118.821800014000019, -8.461690454999939, 0.0 ], [ 118.821299750000094, -8.461926995999931, 0.0 ], [ 118.820729006000079, -8.462101942999936, 0.0 ], [ 118.82011869300004, -8.462484853999968, 0.0 ], [ 118.8197742750001, -8.462611305999928, 0.0 ], [ 118.818926347000115, -8.462922621999951, 0.0 ], [ 118.818105369000023, -8.46343858399996, 0.0 ], [ 118.817084384000054, -8.46411821199996, 0.0 ], [ 118.817222684000058, -8.464604618999942, 0.0 ], [ 118.817244755000047, -8.465221816999929, 0.0 ], [ 118.816949309000051, -8.46597014699995, 0.0 ], [ 118.816969802000017, -8.466788117999954, 0.0 ], [ 118.817157725000015, -8.467741527999976, 0.0 ], [ 118.81709902700004, -8.468903, 0.0 ], [ 118.816767838000032, -8.469227792999959, 0.0 ], [ 118.816050597000071, -8.469197746999953, 0.0 ], [ 118.815013533000069, -8.46893425199994, 0.0 ], [ 118.814195623000046, -8.468665562999945, 0.0 ], [ 118.814161434000084, -8.468622123999978, 0.0 ], [ 118.813805094000031, -8.46841634599997, 0.0 ], [ 118.813763375, -8.468410057999961, 0.0 ], [ 118.813122020000037, -8.468679033999933, 0.0 ], [ 118.813081993000083, -8.468684990999975, 0.0 ], [ 118.812676377000116, -8.468952036999951, 0.0 ], [ 118.812638811000056, -8.468969649999963, 0.0 ], [ 118.812203316000023, -8.469165937999946, 0.0 ], [ 118.81174726900008, -8.468871650999972, 0.0 ], [ 118.811312900000075, -8.468636548999939, 0.0 ], [ 118.810919672000068, -8.468708196999955, 0.0 ], [ 118.810899581000058, -8.46869851799994, 0.0 ], [ 118.810869109, -8.468703052999956, 0.0 ], [ 118.81052373700004, -8.46875444899996, 0.0 ], [ 118.810483103000024, -8.46876049499997, 0.0 ], [ 118.810422151000012, -8.468769565999935, 0.0 ], [ 118.81036119800001, -8.468778635999968, 0.0 ], [ 118.809794723000095, -8.468926117999956, 0.0 ], [ 118.809723825000106, -8.468936667999969, 0.0 ], [ 118.809693439000057, -8.468941188999963, 0.0 ], [ 118.809164934000023, -8.468994601999952, 0.0 ], [ 118.809093933000099, -8.469005165999931, 0.0 ], [ 118.808618362000061, -8.469050946999971, 0.0 ], [ 118.808608210000102, -8.469052456999975, 0.0 ], [ 118.808506698000087, -8.46909285199996, 0.0 ], [ 118.80847630300002, -8.469109995999929, 0.0 ], [ 118.808357638000075, -8.469498943999952, 0.0 ], [ 118.808282656000074, -8.469891120999932, 0.0 ], [ 118.80827290700006, -8.469892572999981, 0.0 ], [ 118.808243988000072, -8.469920197999954, 0.0 ], [ 118.808073801000091, -8.470164259999933, 0.0 ], [ 118.808054826000102, -8.470178458999953, 0.0 ], [ 118.808027136000078, -8.470227935999958, 0.0 ], [ 118.807842053000059, -8.470445845999961, 0.0 ], [ 118.807796259000042, -8.47049689499994, 0.0 ], [ 118.807377177000035, -8.470679880999967, 0.0 ], [ 118.807320676000018, -8.47068829899996, 0.0 ], [ 118.807274322000012, -8.47070608699994, 0.0 ], [ 118.807255499, -8.470708890999958, 0.0 ], [ 118.806803717000093, -8.470776199999932, 0.0 ], [ 118.806756653000093, -8.470783211999958, 0.0 ], [ 118.806727360000082, -8.470776692999948, 0.0 ], [ 118.806646126000032, -8.470784482999932, 0.0 ], [ 118.806110846000024, -8.470835810999972, 0.0 ], [ 118.806054224000036, -8.470844245999956, 0.0 ], [ 118.805536542000027, -8.470943129999966, 0.0 ], [ 118.805024357000093, -8.470865537999941, 0.0 ], [ 118.80500535300007, -8.470868368999959, 0.0 ], [ 118.804977794000024, -8.470883551999975, 0.0 ], [ 118.804389215000015, -8.470655983999961, 0.0 ], [ 118.804369829000052, -8.470647415999963, 0.0 ], [ 118.803851703000078, -8.470827179999958, 0.0 ], [ 118.803813269000102, -8.470832903999963, 0.0 ], [ 118.803240496000058, -8.470974732999935, 0.0 ], [ 118.802642404000039, -8.471119997999949, 0.0 ], [ 118.801974010000094, -8.471152061999931, 0.0 ], [ 118.801953296000079, -8.471143851999955, 0.0 ], [ 118.801738843000066, -8.471153156999947, 0.0 ], [ 118.801485628000023, -8.471348134999971, 0.0 ], [ 118.801575415000116, -8.471716660999959, 0.0 ], [ 118.801672725000117, -8.472043589999942, 0.0 ], [ 118.801676006000093, -8.472054611999965, 0.0 ], [ 118.801679886000102, -8.47206764799995, 0.0 ], [ 118.801592732000017, -8.472359041999937, 0.0 ], [ 118.8014672810001, -8.472364375999973, 0.0 ], [ 118.801452799000117, -8.472364991999939, 0.0 ], [ 118.801288127000021, -8.472371993999957, 0.0 ], [ 118.801016956000012, -8.472453431999952, 0.0 ], [ 118.800744226, -8.472535337999943, 0.0 ], [ 118.800393139000107, -8.472710669999969, 0.0 ], [ 118.800081301000091, -8.472897203999935, 0.0 ], [ 118.799451092000027, -8.473210542999936, 0.0 ], [ 118.799186015000032, -8.473318210999935, 0.0 ], [ 118.798369034000075, -8.473674400999926, 0.0 ], [ 118.798054389000072, -8.47385634799997, 0.0 ], [ 118.798026849000053, -8.47386880199997, 0.0 ], [ 118.798005863000071, -8.473888605999946, 0.0 ], [ 118.797849644000053, -8.473942370999964, 0.0 ], [ 118.797455963000061, -8.474077862999934, 0.0 ], [ 118.797442474000036, -8.474079870999958, 0.0 ], [ 118.797009096000011, -8.474103258999946, 0.0 ], [ 118.796961728000042, -8.474110307999979, 0.0 ], [ 118.796575377000067, -8.474159550999957, 0.0 ], [ 118.796540884000024, -8.474156418999939, 0.0 ], [ 118.796067123000057, -8.474292754999965, 0.0 ], [ 118.796040833, -8.474312134999934, 0.0 ], [ 118.79604008900003, -8.474312682999937, 0.0 ], [ 118.795764796000071, -8.474515614999973, 0.0 ], [ 118.795728347000022, -8.474678426999958, 0.0 ], [ 118.795611929000074, -8.475021579999975, 0.0 ], [ 118.795483449000017, -8.475200170999926, 0.0 ], [ 118.795368120000035, -8.475360480999939, 0.0 ], [ 118.795091313000057, -8.47570701099994, 0.0 ], [ 118.795084028000019, -8.475715940999976, 0.0 ], [ 118.794612961000098, -8.476092263999931, 0.0 ], [ 118.794580396000015, -8.476104582999938, 0.0 ], [ 118.794336825000073, -8.476317498999947, 0.0 ], [ 118.794292409000036, -8.476324116999933, 0.0 ], [ 118.794286063000072, -8.476325061999944, 0.0 ], [ 118.793994559000112, -8.476251284999933, 0.0 ], [ 118.793981764000023, -8.476245791999929, 0.0 ], [ 118.793724689000101, -8.476246956999944, 0.0 ], [ 118.793705255000077, -8.476242399999933, 0.0 ], [ 118.793396767000104, -8.476295800999935, 0.0 ], [ 118.79338390700002, -8.476297716999966, 0.0 ], [ 118.793151192000096, -8.476413782999941, 0.0 ], [ 118.79287574600005, -8.476520640999979, 0.0 ], [ 118.792870655000115, -8.476535933999969, 0.0 ], [ 118.792662419000067, -8.476618792999943, 0.0 ], [ 118.792494416000068, -8.47668564199995, 0.0 ], [ 118.792242610000017, -8.476815418999934, 0.0 ], [ 118.792088205000027, -8.476946988999941, 0.0 ], [ 118.791961422000099, -8.477055020999956, 0.0 ], [ 118.791711, -8.477165917999969, 0.0 ], [ 118.791484107000088, -8.477336553999976, 0.0 ], [ 118.791262319000111, -8.477519211999947, 0.0 ], [ 118.791178535000086, -8.477761083999951, 0.0 ], [ 118.791176778000022, -8.477974243999938, 0.0 ], [ 118.791194973000074, -8.478072649999945, 0.0 ], [ 118.791166098000076, -8.478331243999946, 0.0 ], [ 118.791097641000079, -8.478437285999973, 0.0 ], [ 118.790882979000116, -8.478809005999949, 0.0 ], [ 118.790884049000056, -8.478823867999949, 0.0 ], [ 118.790752428000019, -8.479122256999972, 0.0 ], [ 118.790818624000053, -8.479310061999968, 0.0 ], [ 118.790831252000089, -8.479619528999933, 0.0 ], [ 118.790831782000055, -8.47962604199995, 0.0 ], [ 118.790750860000117, -8.479705265999939, 0.0 ], [ 118.790636060000111, -8.479817658999934, 0.0 ], [ 118.790489047000051, -8.479858774999968, 0.0 ], [ 118.790328223000074, -8.479882757999974, 0.0 ], [ 118.790127831000063, -8.47987051299998, 0.0 ], [ 118.78999675600005, -8.479971775999957, 0.0 ], [ 118.789899807000097, -8.480066461999968, 0.0 ], [ 118.789886996000064, -8.48007897399998, 0.0 ], [ 118.789905054000087, -8.480160886999954, 0.0 ], [ 118.789897752000115, -8.480254811999941, 0.0 ], [ 118.789915898000118, -8.480348921999962, 0.0 ], [ 118.789928350000082, -8.480444037999973, 0.0 ], [ 118.789920334000044, -8.48048765599998, 0.0 ], [ 118.789972963000082, -8.480495962999953, 0.0 ], [ 118.789968034000026, -8.480566669999973, 0.0 ], [ 118.789994496000077, -8.480709523999963, 0.0 ], [ 118.790051439000081, -8.48066807999993, 0.0 ], [ 118.790124550000087, -8.48066019099997, 0.0 ], [ 118.79019189600001, -8.480683063999948, 0.0 ], [ 118.790197978000037, -8.480685129999927, 0.0 ], [ 118.790263436000032, -8.480701973999942, 0.0 ], [ 118.790291970000112, -8.480653229999973, 0.0 ], [ 118.790329382000095, -8.480602422999937, 0.0 ], [ 118.790373476000013, -8.480606872999942, 0.0 ], [ 118.790432376000012, -8.480648262999978, 0.0 ], [ 118.790514053000038, -8.480730490999974, 0.0 ], [ 118.790571944000021, -8.480856298999981, 0.0 ], [ 118.79060013600008, -8.480967888999942, 0.0 ], [ 118.790601247000041, -8.480977159999952, 0.0 ], [ 118.790607641000065, -8.481077943999935, 0.0 ], [ 118.790628894000065, -8.481184510999981, 0.0 ], [ 118.79069405700011, -8.481296909999969, 0.0 ], [ 118.79058017300008, -8.481344055999955, 0.0 ], [ 118.790458910000098, -8.481399365999948, 0.0 ], [ 118.790296039000054, -8.481513114999927, 0.0 ], [ 118.790094368000041, -8.481574445999968, 0.0 ], [ 118.789911203000088, -8.481647265999925, 0.0 ], [ 118.789742370000113, -8.481734908999954, 0.0 ], [ 118.78973411000004, -8.481736140999942, 0.0 ], [ 118.789581420000104, -8.481791068999939, 0.0 ], [ 118.789562257000057, -8.481793926999956, 0.0 ], [ 118.789405100000067, -8.481837631999952, 0.0 ], [ 118.789386007000076, -8.48184047999996, 0.0 ], [ 118.789265949000082, -8.481832302999976, 0.0 ], [ 118.789133596000056, -8.481769459999953, 0.0 ], [ 118.789063607000116, -8.481628344999933, 0.0 ], [ 118.789018456, -8.481378031999952, 0.0 ], [ 118.788908172000106, -8.481185585999981, 0.0 ], [ 118.788887515000056, -8.481147827999962, 0.0 ], [ 118.788654298000097, -8.480907489999936, 0.0 ], [ 118.788636025000073, -8.480893222999953, 0.0 ], [ 118.788343501000099, -8.480747444999963, 0.0 ], [ 118.787872431000096, -8.480351156999973, 0.0 ], [ 118.787675849000038, -8.480352692999929, 0.0 ], [ 118.787452776, -8.48039519699995, 0.0 ], [ 118.787421374000019, -8.480409128999952, 0.0 ], [ 118.787062218000074, -8.480708575999927, 0.0 ], [ 118.787019340000029, -8.480741833999957, 0.0 ], [ 118.786538138000083, -8.480972901999962, 0.0 ], [ 118.78650234700001, -8.480995746999952, 0.0 ], [ 118.786473765000096, -8.48104361299994, 0.0 ], [ 118.786309961000029, -8.481257078999931, 0.0 ], [ 118.786295794000011, -8.481293077999965, 0.0 ], [ 118.786276186, -8.481338153999957, 0.0 ], [ 118.786150025000097, -8.481465503999971, 0.0 ], [ 118.786092004000011, -8.481490720999943, 0.0 ], [ 118.786039196000047, -8.481531616999973, 0.0 ], [ 118.786010322000038, -8.481544155999927, 0.0 ], [ 118.785991893000073, -8.481563344999927, 0.0 ], [ 118.785915398000043, -8.481595423999977, 0.0 ], [ 118.785840357000097, -8.481626892999941, 0.0 ], [ 118.785801233000029, -8.481632727999965, 0.0 ], [ 118.785785582000017, -8.481635062999942, 0.0 ], [ 118.785668901, -8.481477392999977, 0.0 ], [ 118.785613990000115, -8.481403192999949, 0.0 ], [ 118.785597738000092, -8.481380467999941, 0.0 ], [ 118.785597591000055, -8.481380261999959, 0.0 ], [ 118.785418039000092, -8.480976101999943, 0.0 ], [ 118.785393683000052, -8.480921278999972, 0.0 ], [ 118.785335158000066, -8.480580023999948, 0.0 ], [ 118.785336357, -8.480532657999959, 0.0 ], [ 118.78525672, -8.480147098999964, 0.0 ], [ 118.785246947000019, -8.48011871999995, 0.0 ], [ 118.785108678000029, -8.479824716999929, 0.0 ], [ 118.78508961700004, -8.47979648699993, 0.0 ], [ 118.78485425100007, -8.479632114999959, 0.0 ], [ 118.784512798000037, -8.47942433999998, 0.0 ], [ 118.784236544, -8.479153878999966, 0.0 ], [ 118.783845887000098, -8.479015334999929, 0.0 ], [ 118.783836573000031, -8.479022444999941, 0.0 ], [ 118.783643238000082, -8.479164243999946, 0.0 ], [ 118.783634838000012, -8.479182211999955, 0.0 ], [ 118.78364436600009, -8.479413905999934, 0.0 ], [ 118.783655732000057, -8.479449045999957, 0.0 ], [ 118.78367366000009, -8.479745192999928, 0.0 ], [ 118.783678122000083, -8.480004946999941, 0.0 ], [ 118.783678761000033, -8.480042165999976, 0.0 ], [ 118.783686059000047, -8.480090965999977, 0.0 ], [ 118.78369667100003, -8.480125291999968, 0.0 ], [ 118.783698008000101, -8.48014737699998, 0.0 ], [ 118.783573, -8.480288627999926, 0.0 ], [ 118.783544732000109, -8.480301462999932, 0.0 ], [ 118.783532336, -8.480303311999933, 0.0 ], [ 118.78331791100004, -8.480339604999926, 0.0 ], [ 118.783279280000102, -8.480332447999956, 0.0 ], [ 118.783260747000099, -8.480317920999937, 0.0 ], [ 118.783135833000074, -8.480235671999935, 0.0 ], [ 118.783115551000037, -8.480211964999967, 0.0 ], [ 118.782990938000012, -8.479943762999937, 0.0 ], [ 118.782983868000088, -8.479925626999943, 0.0 ], [ 118.782982508000032, -8.47991620199997, 0.0 ], [ 118.782996228000115, -8.479751634999957, 0.0 ], [ 118.783093178000058, -8.479547322999963, 0.0 ], [ 118.783149311000102, -8.479456632999927, 0.0 ], [ 118.783225620000053, -8.479333345999976, 0.0 ], [ 118.783228496000106, -8.479318693999971, 0.0 ], [ 118.783125330000075, -8.479109854999933, 0.0 ], [ 118.78292809300001, -8.478972329999976, 0.0 ], [ 118.782783394000035, -8.478871437999942, 0.0 ], [ 118.782600719000015, -8.478687173999958, 0.0 ], [ 118.782568695, -8.478654870999947, 0.0 ], [ 118.782559592000098, -8.478632449999964, 0.0 ], [ 118.782333537000113, -8.478569677999928, 0.0 ], [ 118.782268062000071, -8.478589181999951, 0.0 ], [ 118.782241967000118, -8.478597935999971, 0.0 ], [ 118.782092445000103, -8.478705583999954, 0.0 ], [ 118.781974287000025, -8.47879065199993, 0.0 ], [ 118.781953984000097, -8.478807727999936, 0.0 ], [ 118.781820100000118, -8.478983704999962, 0.0 ], [ 118.781790508000086, -8.478988117999961, 0.0 ], [ 118.781761435000021, -8.478996954999957, 0.0 ], [ 118.781673315000035, -8.479081459999975, 0.0 ], [ 118.781657129000109, -8.479088293999951, 0.0 ], [ 118.781637936000038, -8.47910438599996, 0.0 ], [ 118.781622978000087, -8.479119803999936, 0.0 ], [ 118.781601896000097, -8.479132662999973, 0.0 ], [ 118.781530172000089, -8.479155530999947, 0.0 ], [ 118.781512234000047, -8.479149466999957, 0.0 ], [ 118.781464093000068, -8.479036724999958, 0.0 ], [ 118.781458689000033, -8.479024068999934, 0.0 ], [ 118.781458003000012, -8.479019648999952, 0.0 ], [ 118.781461104000073, -8.478997221999975, 0.0 ], [ 118.781466471000044, -8.47895841199994, 0.0 ], [ 118.781470786000114, -8.478927208999949, 0.0 ], [ 118.781473745000085, -8.478905807999979, 0.0 ], [ 118.781489487000044, -8.47879196599996, 0.0 ], [ 118.78148972200006, -8.478763210999944, 0.0 ], [ 118.781495713000027, -8.478743063999957, 0.0 ], [ 118.781497346000037, -8.478723478999939, 0.0 ], [ 118.781501893000041, -8.47870659299997, 0.0 ], [ 118.781560116000037, -8.478490352999927, 0.0 ], [ 118.781559447000063, -8.478485347999936, 0.0 ], [ 118.781430576000048, -8.478327362999948, 0.0 ], [ 118.781408779000117, -8.478314492999971, 0.0 ], [ 118.78139451800007, -8.478306072999942, 0.0 ], [ 118.781382933000032, -8.478291725999952, 0.0 ], [ 118.781355240000039, -8.478295849999938, 0.0 ], [ 118.781245165000087, -8.478314492999971, 0.0 ], [ 118.781093094000084, -8.478340248999928, 0.0 ], [ 118.781064432000107, -8.478339152999979, 0.0 ], [ 118.781014225000035, -8.478325107999979, 0.0 ], [ 118.780975131000105, -8.478320129999929, 0.0 ], [ 118.780965741000045, -8.478314492999971, 0.0 ], [ 118.780953446000012, -8.478307111999925, 0.0 ], [ 118.780812911000112, -8.478279120999957, 0.0 ], [ 118.78055851900001, -8.478228452999929, 0.0 ], [ 118.780549078000035, -8.478213076999964, 0.0 ], [ 118.780544016000022, -8.478201196999976, 0.0 ], [ 118.780340463000016, -8.478120358999945, 0.0 ], [ 118.780332167000097, -8.478121595999937, 0.0 ], [ 118.78019998700006, -8.478035589999934, 0.0 ], [ 118.780082151000101, -8.477958915999977, 0.0 ], [ 118.780063943000073, -8.477952513999981, 0.0 ], [ 118.779769501000033, -8.477809770999954, 0.0 ], [ 118.779754866000076, -8.477802399999973, 0.0 ], [ 118.779502578, -8.477763625999955, 0.0 ], [ 118.779458351000017, -8.477756828999929, 0.0 ], [ 118.779421074000084, -8.477735068999948, 0.0 ], [ 118.779245730000071, -8.47763271599996, 0.0 ], [ 118.779194977000088, -8.477619317999938, 0.0 ], [ 118.779170082000064, -8.477618824999979, 0.0 ], [ 118.779014133000032, -8.477566614999944, 0.0 ], [ 118.778904940000075, -8.477530058999946, 0.0 ], [ 118.778871162000087, -8.477530748999925, 0.0 ], [ 118.778857573000096, -8.477524064999955, 0.0 ], [ 118.778768494000019, -8.477495948999945, 0.0 ], [ 118.778619842000012, -8.477449030999935, 0.0 ], [ 118.778614923000077, -8.477445281999962, 0.0 ], [ 118.778390323000053, -8.477309425999977, 0.0 ], [ 118.77817253, -8.477151090999939, 0.0 ], [ 118.778129687000046, -8.47711994499997, 0.0 ], [ 118.778031408000061, -8.477018689999966, 0.0 ], [ 118.778030948000037, -8.477014400999963, 0.0 ], [ 118.777933217000054, -8.476955085999975, 0.0 ], [ 118.777861069000096, -8.476911296999958, 0.0 ], [ 118.77785279200009, -8.476909182999975, 0.0 ], [ 118.777838799000051, -8.47690560999996, 0.0 ], [ 118.777662454000051, -8.476854535999962, 0.0 ], [ 118.777433998000106, -8.476700698999935, 0.0 ], [ 118.777192892000016, -8.476575120999939, 0.0 ], [ 118.776936806000094, -8.476461039999947, 0.0 ], [ 118.776714297000012, -8.476361490999977, 0.0 ], [ 118.776700891000019, -8.476355492999971, 0.0 ], [ 118.776504308000085, -8.476272399999971, 0.0 ], [ 118.77639746300008, -8.476225846999967, 0.0 ], [ 118.776382366, -8.476219268999955, 0.0 ], [ 118.776267974, -8.476169426999945, 0.0 ], [ 118.776228736, -8.476159714999937, 0.0 ], [ 118.776161607000063, -8.476143099999945, 0.0 ], [ 118.776130872000067, -8.476135492999958, 0.0 ], [ 118.776127038000027, -8.476134543999933, 0.0 ], [ 118.77608723000003, -8.476124690999939, 0.0 ], [ 118.776076117000116, -8.476121939999928, 0.0 ], [ 118.77604094000003, -8.476113232999978, 0.0 ], [ 118.776027576000047, -8.476109925999936, 0.0 ], [ 118.776004485000044, -8.47610420999996, 0.0 ], [ 118.775989077000077, -8.476100396999925, 0.0 ], [ 118.775978178000059, -8.476097698999979, 0.0 ], [ 118.775970671000096, -8.476095205999968, 0.0 ], [ 118.77595881000002, -8.476091266999958, 0.0 ], [ 118.77595878000011, -8.47609125799994, 0.0 ], [ 118.775935013000094, -8.476085443999978, 0.0 ], [ 118.775884120000114, -8.476081165999972, 0.0 ], [ 118.775852029000021, -8.476078467999969, 0.0 ], [ 118.775733061000096, -8.476068466999948, 0.0 ], [ 118.775507529000038, -8.476102081999954, 0.0 ], [ 118.775349688, -8.47616241399993, 0.0 ], [ 118.775403637000068, -8.47624928099998, 0.0 ], [ 118.775490474000094, -8.476298032999978, 0.0 ], [ 118.775442344000112, -8.47639933399995, 0.0 ], [ 118.775400128000115, -8.476478919999977, 0.0 ], [ 118.775374077000038, -8.476529505999963, 0.0 ], [ 118.775346450000029, -8.476583150999943, 0.0 ], [ 118.775322495000069, -8.476642321999975, 0.0 ], [ 118.775305262000074, -8.476675718999957, 0.0 ], [ 118.775247738000076, -8.476656955999943, 0.0 ], [ 118.77516502900005, -8.476645400999928, 0.0 ], [ 118.775133550000078, -8.476726157999963, 0.0 ], [ 118.775059549000048, -8.476803826999969, 0.0 ], [ 118.775008060000118, -8.47689418799996, 0.0 ], [ 118.77499156600004, -8.476973267999938, 0.0 ], [ 118.774913983000033, -8.477042512999958, 0.0 ], [ 118.774791826000069, -8.47714964499994, 0.0 ], [ 118.774785275000113, -8.477156484999966, 0.0 ], [ 118.77470998900003, -8.477235090999955, 0.0 ], [ 118.774602157000118, -8.477346456999953, 0.0 ], [ 118.774601035000046, -8.477347411999972, 0.0 ], [ 118.77452155900005, -8.477415029999975, 0.0 ], [ 118.77454194500001, -8.47745434199993, 0.0 ], [ 118.774565041000074, -8.477498881999963, 0.0 ], [ 118.774482011000032, -8.477591979999943, 0.0 ], [ 118.774385388000042, -8.477663667999934, 0.0 ], [ 118.774368880000111, -8.477675915999953, 0.0 ], [ 118.774244428000088, -8.477748528999939, 0.0 ], [ 118.774234823000029, -8.477755918999947, 0.0 ], [ 118.774124791000077, -8.477854789999981, 0.0 ], [ 118.774115147000089, -8.477867863999961, 0.0 ], [ 118.77390657, -8.478080524999939, 0.0 ], [ 118.773884032000069, -8.478100472999927, 0.0 ], [ 118.773737825000012, -8.47827985999993, 0.0 ], [ 118.773733814000025, -8.478284780999957, 0.0 ], [ 118.773712054000043, -8.478293312999938, 0.0 ], [ 118.773511389000078, -8.478432399999974, 0.0 ], [ 118.773485827000059, -8.478441339999961, 0.0 ], [ 118.773327401000074, -8.478442980999944, 0.0 ], [ 118.77313777400002, -8.478500236999935, 0.0 ], [ 118.773109088000069, -8.478508898999962, 0.0 ], [ 118.773093971000094, -8.478517781999926, 0.0 ], [ 118.77289651000001, -8.478593369999942, 0.0 ], [ 118.772637769000085, -8.478729052999938, 0.0 ], [ 118.772485204000077, -8.478920782999978, 0.0 ], [ 118.77234825700009, -8.478997761999949, 0.0 ], [ 118.772308641000109, -8.479020029999958, 0.0 ], [ 118.772286198000074, -8.479030309999928, 0.0 ], [ 118.772134365000056, -8.479099858999973, 0.0 ], [ 118.772088628, -8.479252235999979, 0.0 ], [ 118.772069922000014, -8.479368410999939, 0.0 ], [ 118.772051347000115, -8.479483775999938, 0.0 ], [ 118.77195521200008, -8.479587014999936, 0.0 ], [ 118.77191098600008, -8.479634508999936, 0.0 ], [ 118.77185380100002, -8.479734390999965, 0.0 ], [ 118.771703167000055, -8.479997497999932, 0.0 ], [ 118.7716986800001, -8.479998169999931, 0.0 ], [ 118.77156230300011, -8.480271967999954, 0.0 ], [ 118.771558268000035, -8.480282978999981, 0.0 ], [ 118.77134739600001, -8.480623084999934, 0.0 ], [ 118.771292594000101, -8.480743498999971, 0.0 ], [ 118.771263778000048, -8.480806813999948, 0.0 ], [ 118.771181600000091, -8.480909009999948, 0.0 ], [ 118.771129648000056, -8.480973615999972, 0.0 ], [ 118.771094197000025, -8.481014185999982, 0.0 ], [ 118.771049953000102, -8.481064816999947, 0.0 ], [ 118.770842872000117, -8.48129042599993, 0.0 ], [ 118.770803504000014, -8.481332423999959, 0.0 ], [ 118.77074385100002, -8.481396061999931, 0.0 ], [ 118.770730412000034, -8.481406998999944, 0.0 ], [ 118.770580883000093, -8.481589593999956, 0.0 ], [ 118.770574631000045, -8.48159893299993, 0.0 ], [ 118.770470514000067, -8.481741579999948, 0.0 ], [ 118.770375570000056, -8.481811275999974, 0.0 ], [ 118.770261386000016, -8.481890398999951, 0.0 ], [ 118.770146731000068, -8.481968169999959, 0.0 ], [ 118.770132198000056, -8.481977823999955, 0.0 ], [ 118.77005404800002, -8.482015639999929, 0.0 ], [ 118.769988289000025, -8.482047459999933, 0.0 ], [ 118.769856802000049, -8.482028371999945, 0.0 ], [ 118.769746526000063, -8.482179342999927, 0.0 ], [ 118.769597389000069, -8.482315252999967, 0.0 ], [ 118.769564567000089, -8.482329510999932, 0.0 ], [ 118.769252117000065, -8.482404154999927, 0.0 ], [ 118.769226898000056, -8.482407922999926, 0.0 ], [ 118.768767056000115, -8.482467328999974, 0.0 ], [ 118.768327335000095, -8.482661924999945, 0.0 ], [ 118.768308651000098, -8.482664716999977, 0.0 ], [ 118.767996932000074, -8.482941609999955, 0.0 ], [ 118.767976827000098, -8.482961883999963, 0.0 ], [ 118.767678068, -8.483403127999964, 0.0 ], [ 118.767154348000076, -8.483473517999926, 0.0 ], [ 118.767008467000096, -8.483526959999949, 0.0 ], [ 118.767002660000117, -8.483527827999978, 0.0 ], [ 118.766614717000039, -8.483617250999941, 0.0 ], [ 118.766603141000019, -8.483618981999939, 0.0 ], [ 118.766568415000052, -8.483624174999932, 0.0 ], [ 118.766345777000083, -8.483704184999965, 0.0 ], [ 118.766300260000094, -8.483718731999943, 0.0 ], [ 118.76627781500008, -8.483729814999947, 0.0 ], [ 118.766266317000031, -8.483731534999947, 0.0 ], [ 118.765929806000031, -8.483956019999937, 0.0 ], [ 118.765897726000048, -8.483975646999966, 0.0 ], [ 118.765600419000066, -8.484172886999943, 0.0 ], [ 118.765590465000059, -8.484181519999936, 0.0 ], [ 118.765566216000025, -8.484206507999943, 0.0 ], [ 118.765512842000021, -8.48426918499996, 0.0 ], [ 118.765499139000099, -8.484285276999969, 0.0 ], [ 118.765401304000079, -8.484400164999954, 0.0 ], [ 118.765389737000078, -8.484413747999952, 0.0 ], [ 118.765147777000038, -8.484629952999967, 0.0 ], [ 118.765087797000092, -8.484703063999973, 0.0 ], [ 118.765033520000088, -8.48476922499998, 0.0 ], [ 118.765019379000023, -8.48477767199995, 0.0 ], [ 118.764985965000051, -8.484795305999967, 0.0 ], [ 118.764975569000057, -8.484796861999939, 0.0 ], [ 118.764862486000084, -8.484834459999945, 0.0 ], [ 118.764600042000097, -8.485059112999977, 0.0 ], [ 118.764558585000032, -8.485111382999946, 0.0 ], [ 118.764395922000062, -8.485433085999944, 0.0 ], [ 118.764340370000014, -8.485844980999957, 0.0 ], [ 118.764330831000052, -8.485881725999946, 0.0 ], [ 118.76433290600005, -8.486017954999966, 0.0 ], [ 118.764336875000026, -8.486278528999947, 0.0 ], [ 118.764392513000075, -8.486741971999948, 0.0 ], [ 118.764435071000094, -8.487066551999931, 0.0 ], [ 118.764526985000089, -8.487671915999954, 0.0 ], [ 118.764461591000099, -8.488213818999952, 0.0 ], [ 118.764464769000028, -8.488237039999944, 0.0 ], [ 118.764543329000048, -8.488811068999951, 0.0 ], [ 118.764460335000081, -8.488809271999969, 0.0 ], [ 118.764264051000055, -8.488569221999967, 0.0 ], [ 118.764244175000044, -8.488544914999977, 0.0 ], [ 118.76396542100008, -8.488204006999979, 0.0 ], [ 118.763950302000012, -8.488190675999931, 0.0 ], [ 118.763599208000073, -8.487790383999936, 0.0 ], [ 118.763584294000111, -8.487773379999965, 0.0 ], [ 118.763537542000108, -8.487732009999945, 0.0 ], [ 118.763316038000085, -8.48742615499998, 0.0 ], [ 118.763300127000093, -8.48741201799993, 0.0 ], [ 118.762978879000116, -8.487320447999934, 0.0 ], [ 118.762905047000118, -8.487296642999979, 0.0 ], [ 118.762847322000084, -8.487287089999938, 0.0 ], [ 118.762471899000047, -8.487232723999966, 0.0 ], [ 118.762430264000045, -8.487237476999951, 0.0 ], [ 118.762166239000067, -8.487021777999928, 0.0 ], [ 118.762010733000011, -8.486789650999981, 0.0 ], [ 118.76212780600008, -8.486581482999952, 0.0 ], [ 118.762142885000117, -8.486554670999965, 0.0 ], [ 118.762168438000117, -8.486534708999955, 0.0 ], [ 118.762368346000017, -8.48634040099995, 0.0 ], [ 118.762365575000103, -8.486323462999962, 0.0 ], [ 118.762251407, -8.486162888999957, 0.0 ], [ 118.761780188000102, -8.48582781999994, 0.0 ], [ 118.761623442000086, -8.485715322999965, 0.0 ], [ 118.761278866000112, -8.485468019999928, 0.0 ], [ 118.760975528000017, -8.485339780999936, 0.0 ], [ 118.760865398000078, -8.485293222999928, 0.0 ], [ 118.760415069000032, -8.485043812999947, 0.0 ], [ 118.759675381000079, -8.484924808999949, 0.0 ], [ 118.759580964000065, -8.48490961899995, 0.0 ], [ 118.759314701000108, -8.485207145999937, 0.0 ], [ 118.759298802000103, -8.485277520999944, 0.0 ], [ 118.75928473700003, -8.485339780999936, 0.0 ], [ 118.759231510000063, -8.485575390999941, 0.0 ], [ 118.759148701000072, -8.486188432999938, 0.0 ], [ 118.759199248000073, -8.486678396999935, 0.0 ], [ 118.759065743000065, -8.486754019999978, 0.0 ], [ 118.759061305000046, -8.486759975999973, 0.0 ], [ 118.758978089000038, -8.486898327999938, 0.0 ], [ 118.758969506000085, -8.486920424999937, 0.0 ], [ 118.758927695000011, -8.487080436999975, 0.0 ], [ 118.758923490000029, -8.487085997999941, 0.0 ], [ 118.758862050000062, -8.487227986999926, 0.0 ], [ 118.758841206000056, -8.48723528599993, 0.0 ], [ 118.75866420300008, -8.48732860299998, 0.0 ], [ 118.758644081000057, -8.487345372999926, 0.0 ], [ 118.758541178000087, -8.487442929999929, 0.0 ], [ 118.758533515000067, -8.48745323199995, 0.0 ], [ 118.7584758160001, -8.487580467999976, 0.0 ], [ 118.758477004000042, -8.487598585999933, 0.0 ], [ 118.758421695000038, -8.487730447999979, 0.0 ], [ 118.758371763000014, -8.487655887999949, 0.0 ], [ 118.758186606000095, -8.487708439999949, 0.0 ], [ 118.75809000400011, -8.487851375999981, 0.0 ], [ 118.758061150000117, -8.48787624299996, 0.0 ], [ 118.758051467000087, -8.48789452099993, 0.0 ], [ 118.757944064000071, -8.488008300999979, 0.0 ], [ 118.75792264200004, -8.488023256999952, 0.0 ], [ 118.757774433, -8.488089185999968, 0.0 ], [ 118.757724896000013, -8.488166829999955, 0.0 ], [ 118.757608915000105, -8.488196089999974, 0.0 ], [ 118.757561580000015, -8.488208031999932, 0.0 ], [ 118.757544353000071, -8.488219609999931, 0.0 ], [ 118.757416288000059, -8.48823424099993, 0.0 ], [ 118.757353876000025, -8.488241370999958, 0.0 ], [ 118.757303672000035, -8.488241218999974, 0.0 ], [ 118.757162260000086, -8.488240788999974, 0.0 ], [ 118.757150676000037, -8.488238887999955, 0.0 ], [ 118.756981403000054, -8.488212708999981, 0.0 ], [ 118.756763851000073, -8.488197981999974, 0.0 ], [ 118.756657332000032, -8.488193500999955, 0.0 ], [ 118.756556635000038, -8.488211670999931, 0.0 ], [ 118.756549668000048, -8.488262021999958, 0.0 ], [ 118.756548123000016, -8.488288032999947, 0.0 ], [ 118.7565440730001, -8.488356188999944, 0.0 ], [ 118.756511132000014, -8.488331241999958, 0.0 ], [ 118.756479309000042, -8.48829229699993, 0.0 ], [ 118.756444768000051, -8.488250024999957, 0.0 ], [ 118.75642803900007, -8.48822955199995, 0.0 ], [ 118.756424895, -8.488265560999935, 0.0 ], [ 118.756387173, -8.48829800599998, 0.0 ], [ 118.756260257, -8.488407163999966, 0.0 ], [ 118.756156992000115, -8.488506513999937, 0.0 ], [ 118.75614981800004, -8.48856958999994, 0.0 ], [ 118.756168955000021, -8.488715583999976, 0.0 ], [ 118.756169703000069, -8.488733242999956, 0.0 ], [ 118.756180564000033, -8.488845012999946, 0.0 ], [ 118.756178522000027, -8.488864535999937, 0.0 ], [ 118.75616883500004, -8.488957139999968, 0.0 ], [ 118.756164480000052, -8.489043650999974, 0.0 ], [ 118.756130075000101, -8.489129486999957, 0.0 ], [ 118.756126592000101, -8.489136168999948, 0.0 ], [ 118.756129193000106, -8.489141220999954, 0.0 ], [ 118.756115460000046, -8.48915935399998, 0.0 ], [ 118.756102249000037, -8.489182877999951, 0.0 ], [ 118.756034692000071, -8.48943285699994, 0.0 ], [ 118.756031777000089, -8.489454255999931, 0.0 ], [ 118.756032788000084, -8.489464644999941, 0.0 ], [ 118.755993943000021, -8.489573127999961, 0.0 ], [ 118.755940051000039, -8.489772716999937, 0.0 ], [ 118.75593746800007, -8.489782282999954, 0.0 ], [ 118.755930010000043, -8.489803021999933, 0.0 ], [ 118.755926827000053, -8.489818254999932, 0.0 ], [ 118.755830655000068, -8.490066814999977, 0.0 ], [ 118.755744486000026, -8.490245060999939, 0.0 ], [ 118.755462931000011, -8.49083462599998, 0.0 ], [ 118.755666477000091, -8.490981506999958, 0.0 ], [ 118.755675401000076, -8.490993380999953, 0.0 ], [ 118.755958706000115, -8.491370313999937, 0.0 ], [ 118.75614001100007, -8.491658368999936, 0.0 ], [ 118.756225854000036, -8.491794754999944, 0.0 ], [ 118.756272091000028, -8.491899444999945, 0.0 ], [ 118.756410431000063, -8.492212675999951, 0.0 ], [ 118.756461087000048, -8.492529807999972, 0.0 ], [ 118.756598494000059, -8.493038478999949, 0.0 ], [ 118.756821387000059, -8.493448557999955, 0.0 ], [ 118.756934623, -8.49367366499996, 0.0 ], [ 118.756456113000013, -8.494389719999958, 0.0 ], [ 118.756199769000091, -8.494663437999975, 0.0 ], [ 118.756082375, -8.49481130099997, 0.0 ], [ 118.755898451, -8.495042961999957, 0.0 ], [ 118.755651399000044, -8.495388226999978, 0.0 ], [ 118.75548690800008, -8.495500454999956, 0.0 ], [ 118.755498850000095, -8.495586, 0.0 ], [ 118.755515090000017, -8.49570233399993, 0.0 ], [ 118.755539316000068, -8.495875867999928, 0.0 ], [ 118.755533225000022, -8.496206197999982, 0.0 ], [ 118.755540967000115, -8.49625006499997, 0.0 ], [ 118.755545086000097, -8.496273404999954, 0.0 ], [ 118.755550335000066, -8.49630314999996, 0.0 ], [ 118.755560062000086, -8.496358266999948, 0.0 ], [ 118.755583030000025, -8.496397214999945, 0.0 ], [ 118.755774274000032, -8.496721516999969, 0.0 ], [ 118.755827861000057, -8.496742691999941, 0.0 ], [ 118.756273512, -8.49704219299997, 0.0 ], [ 118.75630582000008, -8.497091687999955, 0.0 ], [ 118.756319917000042, -8.497103341999946, 0.0 ], [ 118.756528198000069, -8.49740183199998, 0.0 ], [ 118.756612827000026, -8.497794215999932, 0.0 ], [ 118.756615263000072, -8.497811200999934, 0.0 ], [ 118.756554989000051, -8.498444497999969, 0.0 ], [ 118.756543899, -8.49846236999997, 0.0 ], [ 118.756418401000019, -8.498983163999981, 0.0 ], [ 118.756423294000115, -8.499014736999925, 0.0 ], [ 118.756435485000111, -8.499093392999953, 0.0 ], [ 118.756560119000028, -8.499812529999929, 0.0 ], [ 118.756564745000105, -8.499842463999926, 0.0 ], [ 118.756684709000069, -8.500701444999947, 0.0 ], [ 118.756601489000104, -8.501219935999927, 0.0 ], [ 118.75660382, -8.501466899999969, 0.0 ], [ 118.756606129000033, -8.501711581999928, 0.0 ], [ 118.756597639, -8.501975817999949, 0.0 ], [ 118.75660463600002, -8.502213241999925, 0.0 ], [ 118.757153454000104, -8.501943773999926, 0.0 ], [ 118.757702272000074, -8.501674305999927, 0.0 ], [ 118.758114055000078, -8.501742281999952, 0.0 ] ] ] ] } },
{ "type": "Feature", "properties": { "nm_kecamatan": "Mpunda" }, "geometry": { "type": "MultiPolygon", "coordinates": [ [ [ [ 118.745432378000032, -8.474482574999968, 0.0 ], [ 118.745404676000021, -8.474555732999931, 0.0 ], [ 118.745205866000106, -8.475396719999935, 0.0 ], [ 118.74518244300009, -8.47549579899993, 0.0 ], [ 118.7451812810001, -8.475563081999951, 0.0 ], [ 118.745123138000054, -8.475660683999934, 0.0 ], [ 118.74490696700002, -8.476023557999952, 0.0 ], [ 118.744906892000017, -8.47603645099997, 0.0 ], [ 118.744906523000054, -8.476100698999971, 0.0 ], [ 118.744726590000027, -8.476614370999926, 0.0 ], [ 118.744726641000057, -8.476638843999979, 0.0 ], [ 118.744552378000094, -8.476892634999956, 0.0 ], [ 118.744529465000028, -8.476928423999937, 0.0 ], [ 118.744407568000042, -8.477291628999978, 0.0 ], [ 118.744362269000021, -8.477558916999953, 0.0 ], [ 118.7448279460001, -8.477663340999925, 0.0 ], [ 118.745246633000079, -8.477766558999974, 0.0 ], [ 118.745653359000016, -8.477817721999941, 0.0 ], [ 118.745920836000096, -8.477766558999974, 0.0 ], [ 118.746319857000117, -8.477775103999932, 0.0 ], [ 118.746572103000062, -8.477851662999967, 0.0 ], [ 118.746788467000101, -8.477935958999979, 0.0 ], [ 118.74684219300002, -8.477950688999954, 0.0 ], [ 118.747232567000083, -8.478057717999945, 0.0 ], [ 118.7476641290001, -8.478114915999981, 0.0 ], [ 118.747875242000077, -8.478142257999934, 0.0 ], [ 118.748155390000079, -8.478278909999972, 0.0 ], [ 118.748312055000042, -8.478366335999965, 0.0 ], [ 118.748253183000088, -8.478680409999981, 0.0 ], [ 118.74822804300004, -8.478723755999965, 0.0 ], [ 118.748203846000024, -8.478761383999938, 0.0 ], [ 118.748192177000078, -8.478777425999965, 0.0 ], [ 118.748044400000026, -8.47897631099994, 0.0 ], [ 118.748024569000108, -8.478986562999978, 0.0 ], [ 118.747986233, -8.478996792999965, 0.0 ], [ 118.747976363000021, -8.479001900999947, 0.0 ], [ 118.747733341000071, -8.479122917999973, 0.0 ], [ 118.747668391000047, -8.479132869999944, 0.0 ], [ 118.747640118000049, -8.479142800999966, 0.0 ], [ 118.747444865000034, -8.479265256999952, 0.0 ], [ 118.747425907000093, -8.479279745999975, 0.0 ], [ 118.747407005000014, -8.479294190999951, 0.0 ], [ 118.747392364, -8.479313383999965, 0.0 ], [ 118.747348514, -8.479454921999945, 0.0 ], [ 118.747349732000089, -8.479466813999977, 0.0 ], [ 118.747307249000073, -8.479508455999962, 0.0 ], [ 118.747241857000063, -8.479572553999958, 0.0 ], [ 118.747222599000111, -8.479731889999925, 0.0 ], [ 118.747234496000033, -8.47979137699997, 0.0 ], [ 118.747311829000068, -8.479862760999936, 0.0 ], [ 118.747436751, -8.479960912999957, 0.0 ], [ 118.747823413000106, -8.480151269999965, 0.0 ], [ 118.74791859100003, -8.480210756999952, 0.0 ], [ 118.747948335000046, -8.480255371999931, 0.0 ], [ 118.747945360000017, -8.48036839599996, 0.0 ], [ 118.747897771000112, -8.480484394999962, 0.0 ], [ 118.74770444, -8.480865108999978, 0.0 ], [ 118.747695517000011, -8.480933517999972, 0.0 ], [ 118.74770444, -8.481007875999978, 0.0 ], [ 118.747713363000116, -8.481103054999949, 0.0 ], [ 118.74774310600003, -8.481159566999963, 0.0 ], [ 118.74777215000006, -8.481188609999947, 0.0 ], [ 118.747796644000118, -8.481213104999938, 0.0 ], [ 118.748122355000078, -8.481396820999976, 0.0 ], [ 118.748107561000097, -8.481433950999929, 0.0 ], [ 118.748101574000088, -8.481561063999948, 0.0 ], [ 118.74809549500003, -8.48174796099994, 0.0 ], [ 118.7480896510001, -8.481927623999979, 0.0 ], [ 118.748107283000081, -8.48210961999996, 0.0 ], [ 118.748091124000098, -8.482293265999942, 0.0 ], [ 118.748018768000065, -8.482577628999934, 0.0 ], [ 118.747968338000078, -8.482719612999972, 0.0 ], [ 118.74793477500009, -8.482814110999925, 0.0 ], [ 118.747816457000113, -8.482938933999947, 0.0 ], [ 118.747773335000034, -8.482938933999947, 0.0 ], [ 118.747616583000081, -8.482938933999947, 0.0 ], [ 118.747173105000115, -8.483893798999929, 0.0 ], [ 118.746704769000075, -8.483891782999933, 0.0 ], [ 118.746629816000109, -8.483920336999972, 0.0 ], [ 118.746590555000012, -8.483966735999957, 0.0 ], [ 118.746306778000076, -8.484371585999952, 0.0 ], [ 118.746264623000116, -8.484414522999941, 0.0 ], [ 118.746146446000012, -8.484573732999934, 0.0 ], [ 118.746131837, -8.484597321999956, 0.0 ], [ 118.746016290000057, -8.484706410999934, 0.0 ], [ 118.745412246000114, -8.485528375999934, 0.0 ], [ 118.74539796900001, -8.485585482999966, 0.0 ], [ 118.745388451000053, -8.485652107999954, 0.0 ], [ 118.745388451000053, -8.485718732999942, 0.0 ], [ 118.745293088000039, -8.485958290999974, 0.0 ], [ 118.745035101000099, -8.486336202999951, 0.0 ], [ 118.744680561000109, -8.486773428999982, 0.0 ], [ 118.744512809000071, -8.486891212999979, 0.0 ], [ 118.744398595, -8.486941180999963, 0.0 ], [ 118.74421656700008, -8.486966165999945, 0.0 ], [ 118.744095214000026, -8.486980441999947, 0.0 ], [ 118.743977431000076, -8.48701970299993, 0.0 ], [ 118.743870355000013, -8.487105363999945, 0.0 ], [ 118.743741864000071, -8.48735877699994, 0.0 ], [ 118.743663342000104, -8.48753723599998, 0.0 ], [ 118.743509867000057, -8.48783347899996, 0.0 ], [ 118.743488451000076, -8.488001230999942, 0.0 ], [ 118.743463467000083, -8.488240366999946, 0.0 ], [ 118.743474175000074, -8.488336734999962, 0.0 ], [ 118.743556266000041, -8.488436671999978, 0.0 ], [ 118.743645496000113, -8.488540178999926, 0.0 ], [ 118.743699034000088, -8.488668669999981, 0.0 ], [ 118.74372401800008, -8.488757899999939, 0.0 ], [ 118.743752572000062, -8.488832852999963, 0.0 ], [ 118.743772615000012, -8.489009598999928, 0.0 ], [ 118.743736809000097, -8.489147985999978, 0.0 ], [ 118.743705744000067, -8.489268049999964, 0.0 ], [ 118.743687505000025, -8.489338538999959, 0.0 ], [ 118.74344102900011, -8.489556153999956, 0.0 ], [ 118.74304070900007, -8.490230384999961, 0.0 ], [ 118.742977576000044, -8.490445669999929, 0.0 ], [ 118.742993785000067, -8.490475504999949, 0.0 ], [ 118.743141534000074, -8.490914723999936, 0.0 ], [ 118.74319016000004, -8.491003078999938, 0.0 ], [ 118.743556221000063, -8.491545640999959, 0.0 ], [ 118.743583712000031, -8.49157293899998, 0.0 ], [ 118.743626962, -8.49164091199998, 0.0 ], [ 118.743907117000049, -8.49205395499996, 0.0 ], [ 118.744518461000098, -8.492386775999933, 0.0 ], [ 118.744589844000075, -8.492458159999956, 0.0 ], [ 118.744679074000032, -8.492565235999962, 0.0 ], [ 118.744714766000016, -8.492737746999978, 0.0 ], [ 118.744723214000032, -8.492950343999951, 0.0 ], [ 118.744727957, -8.493069709999929, 0.0 ], [ 118.744744697000101, -8.49349099899996, 0.0 ], [ 118.744745023000064, -8.49359766699996, 0.0 ], [ 118.744586924000032, -8.493770029999951, 0.0 ], [ 118.744540020000045, -8.493845968999949, 0.0 ], [ 118.744486987000073, -8.493931832999976, 0.0 ], [ 118.744430744000056, -8.494094312999948, 0.0 ], [ 118.744358496000018, -8.49430302899998, 0.0 ], [ 118.744343952, -8.494336964999945, 0.0 ], [ 118.74428853400002, -8.494466272999944, 0.0 ], [ 118.744272835000061, -8.494502903999944, 0.0 ], [ 118.74426104600002, -8.494559489999972, 0.0 ], [ 118.744257426000104, -8.494576866999978, 0.0 ], [ 118.744249041000103, -8.494617117999951, 0.0 ], [ 118.744306148000078, -8.494736090999936, 0.0 ], [ 118.744322455000088, -8.494744898999954, 0.0 ], [ 118.744339117000095, -8.494753898999932, 0.0 ], [ 118.744344404000117, -8.494756754999969, 0.0 ], [ 118.744580862000021, -8.494884476999971, 0.0 ], [ 118.744794357000046, -8.494999794999956, 0.0 ], [ 118.744878367000069, -8.49505942199994, 0.0 ], [ 118.7449608390001, -8.495117956999934, 0.0 ], [ 118.74499004300003, -8.495138684999972, 0.0 ], [ 118.745075997000072, -8.495199690999925, 0.0 ], [ 118.745086611000033, -8.495207223999955, 0.0 ], [ 118.745167712000011, -8.495301840999957, 0.0 ], [ 118.745200825000097, -8.495340473999931, 0.0 ], [ 118.745176096000023, -8.495356958999935, 0.0 ], [ 118.745106081000017, -8.495403635999935, 0.0 ], [ 118.745100888000024, -8.495407098999976, 0.0 ], [ 118.744823694000047, -8.495360264999931, 0.0 ], [ 118.744806941000093, -8.49535743499996, 0.0 ], [ 118.744802280000044, -8.495358416999977, 0.0 ], [ 118.744697293000058, -8.495349357999942, 0.0 ], [ 118.744621626000026, -8.495355067999981, 0.0 ], [ 118.744457443000101, -8.495393615999944, 0.0 ], [ 118.744090998000047, -8.495599906999928, 0.0 ], [ 118.744039484000041, -8.495628906999968, 0.0 ], [ 118.743915997000045, -8.495698424999944, 0.0 ], [ 118.743586267000069, -8.495864117999929, 0.0 ], [ 118.743516754000098, -8.495899048999945, 0.0 ], [ 118.742591590000075, -8.496363955999925, 0.0 ], [ 118.742495459000111, -8.496412262999968, 0.0 ], [ 118.742149247000043, -8.496468179999965, 0.0 ], [ 118.742056448000085, -8.496508630999926, 0.0 ], [ 118.742023380000091, -8.496530833999941, 0.0 ], [ 118.741723324000077, -8.496732299999962, 0.0 ], [ 118.741675400000076, -8.49681955799997, 0.0 ], [ 118.741658467000093, -8.497032741999931, 0.0 ], [ 118.741712122000081, -8.497261274999971, 0.0 ], [ 118.741702894000014, -8.497377454999935, 0.0 ], [ 118.741670827, -8.497771882999928, 0.0 ], [ 118.74164622, -8.497874119999949, 0.0 ], [ 118.741591806000088, -8.498100197999975, 0.0 ], [ 118.741585317000045, -8.498127158999978, 0.0 ], [ 118.741559849000055, -8.498180898999976, 0.0 ], [ 118.741538265000031, -8.498207839999964, 0.0 ], [ 118.741303825000045, -8.498273000999973, 0.0 ], [ 118.741265753000107, -8.498306313999933, 0.0 ], [ 118.741070405000073, -8.498576411999977, 0.0 ], [ 118.741055189, -8.49858937099998, 0.0 ], [ 118.740880828000059, -8.498605839999925, 0.0 ], [ 118.740753874, -8.498699833999979, 0.0 ], [ 118.740167156000098, -8.499267615999941, 0.0 ], [ 118.740154867000115, -8.499340323999945, 0.0 ], [ 118.740124326000114, -8.499521028999936, 0.0 ], [ 118.740056511000034, -8.499549581999929, 0.0 ], [ 118.739966769000034, -8.499539840999944, 0.0 ], [ 118.739633579000042, -8.49933399899993, 0.0 ], [ 118.739591112000085, -8.499314304999928, 0.0 ], [ 118.738951687000053, -8.499285868999948, 0.0 ], [ 118.738595040000064, -8.499328506999973, 0.0 ], [ 118.738074787000073, -8.499511574999929, 0.0 ], [ 118.737710480000032, -8.499658899999929, 0.0 ], [ 118.737622305000059, -8.499694556999941, 0.0 ], [ 118.737626241000044, -8.49968946499996, 0.0 ], [ 118.737479799000084, -8.499742599999934, 0.0 ], [ 118.737250056000107, -8.499805135999964, 0.0 ], [ 118.737139570000068, -8.49986605099997, 0.0 ], [ 118.736893808000104, -8.500172834999944, 0.0 ], [ 118.736698720000049, -8.500416362999943, 0.0 ], [ 118.736669947000109, -8.500446440999951, 0.0 ], [ 118.736625051000033, -8.500493373999973, 0.0 ], [ 118.736357917000078, -8.500772624999968, 0.0 ], [ 118.736154528000043, -8.501079064999942, 0.0 ], [ 118.736090227000091, -8.501175943999954, 0.0 ], [ 118.735878375000084, -8.50161911899994, 0.0 ], [ 118.733733113000085, -8.501579613999979, 0.0 ], [ 118.732903975000113, -8.501548587999935, 0.0 ], [ 118.732810166000036, -8.501575030999959, 0.0 ], [ 118.732292265000069, -8.501721016999966, 0.0 ], [ 118.731334252000011, -8.501915964999966, 0.0 ], [ 118.730781036000053, -8.502028540999959, 0.0 ], [ 118.730052948000093, -8.502251308999973, 0.0 ], [ 118.729785205000098, -8.502270985999928, 0.0 ], [ 118.729711562000034, -8.502276397999935, 0.0 ], [ 118.729547259000014, -8.502288472999965, 0.0 ], [ 118.729092642000069, -8.502321883999969, 0.0 ], [ 118.728921461000027, -8.502334463999944, 0.0 ], [ 118.728621739000118, -8.502356490999944, 0.0 ], [ 118.728453916000035, -8.502353847999927, 0.0 ], [ 118.728414706000081, -8.502353229999926, 0.0 ], [ 118.728191860000038, -8.502349720999973, 0.0 ], [ 118.727956336000034, -8.502580980999937, 0.0 ], [ 118.727801477000071, -8.502295554999932, 0.0 ], [ 118.727509232000102, -8.501683510999953, 0.0 ], [ 118.727475279000032, -8.501612404999946, 0.0 ], [ 118.727312643000118, -8.501250431999949, 0.0 ], [ 118.727112769000087, -8.501150494999933, 0.0 ], [ 118.726827233000108, -8.501121940999951, 0.0 ], [ 118.726613082000085, -8.50096489699996, 0.0 ], [ 118.726398930000073, -8.50080785199998, 0.0 ], [ 118.7260705650001, -8.500722191999955, 0.0 ], [ 118.725813583000104, -8.50062225399995, 0.0 ], [ 118.725870690000079, -8.500522316999934, 0.0 ], [ 118.726056288000109, -8.500308164999979, 0.0 ], [ 118.726156225000068, -8.500122567999938, 0.0 ], [ 118.726256163000016, -8.499922692999974, 0.0 ], [ 118.726256163000016, -8.499737094999944, 0.0 ], [ 118.726170502000059, -8.499608603999945, 0.0 ], [ 118.725927797000054, -8.499537219999979, 0.0 ], [ 118.725528048000115, -8.499337344999958, 0.0 ], [ 118.724985531000016, -8.499137470999926, 0.0 ], [ 118.724671442000044, -8.498937595999962, 0.0 ], [ 118.724328799000091, -8.498894765999978, 0.0 ], [ 118.723929050000038, -8.498809104999964, 0.0 ], [ 118.723700622000024, -8.498780551999971, 0.0 ], [ 118.723243765, -8.498980425999946, 0.0 ], [ 118.722801185000094, -8.499023256999976, 0.0 ], [ 118.722372882000059, -8.498994702999937, 0.0 ], [ 118.722001686000112, -8.498823381999955, 0.0 ], [ 118.721650913000076, -8.498690341999975, 0.0 ], [ 118.721448198000076, -8.496596696999973, 0.0 ], [ 118.721359681000081, -8.49582703699997, 0.0 ], [ 118.721310393000067, -8.49530518399996, 0.0 ], [ 118.721010757000045, -8.495082518999936, 0.0 ], [ 118.720914914000105, -8.495011295999973, 0.0 ], [ 118.721016436000014, -8.494141105999972, 0.0 ], [ 118.721173549000014, -8.493948725999928, 0.0 ], [ 118.721343686000068, -8.493243227999926, 0.0 ], [ 118.721457900000019, -8.492862514999956, 0.0 ], [ 118.721495972000071, -8.492634085999953, 0.0 ], [ 118.721438865000096, -8.49212012299995, 0.0 ], [ 118.721495972000071, -8.491834587999961, 0.0 ], [ 118.72166729300011, -8.491358694999974, 0.0 ], [ 118.721835741000064, -8.49096054499995, 0.0 ], [ 118.721876685000097, -8.490863766999951, 0.0 ], [ 118.7220289710001, -8.49040691099998, 0.0 ], [ 118.722009935000074, -8.48987391199995, 0.0 ], [ 118.721990900000037, -8.489645482999947, 0.0 ], [ 118.722009935000074, -8.489245733999951, 0.0 ], [ 118.722067042000049, -8.488941162999936, 0.0 ], [ 118.722124149000024, -8.488655627999947, 0.0 ], [ 118.722295471000052, -8.488248263999935, 0.0 ], [ 118.722466792000091, -8.487810442999944, 0.0 ], [ 118.722581006000041, -8.487543942999935, 0.0 ], [ 118.722581006000041, -8.48720130099997, 0.0 ], [ 118.72250486300004, -8.486934800999961, 0.0 ], [ 118.722315016000039, -8.486671949999959, 0.0 ], [ 118.721798233000072, -8.486426096999935, 0.0 ], [ 118.721109775000059, -8.485839316999943, 0.0 ], [ 118.720392405000098, -8.484963160999939, 0.0 ], [ 118.720198068000059, -8.484610785999962, 0.0 ], [ 118.719787047000068, -8.483865517999959, 0.0 ], [ 118.71971034, -8.483726432999958, 0.0 ], [ 118.719026139000107, -8.483140032999927, 0.0 ], [ 118.718928254000048, -8.483056139999974, 0.0 ], [ 118.717819588000111, -8.480870773999925, 0.0 ], [ 118.717235681000034, -8.480373620999956, 0.0 ], [ 118.716525064000052, -8.479768583999942, 0.0 ], [ 118.715993645000026, -8.479316120999954, 0.0 ], [ 118.715487896000013, -8.478885513999955, 0.0 ], [ 118.716702050000094, -8.478208073999951, 0.0 ], [ 118.716753576000087, -8.478186221999977, 0.0 ], [ 118.718024810000088, -8.477647090999938, 0.0 ], [ 118.718607672000076, -8.477376018999962, 0.0 ], [ 118.719130377000056, -8.477132923999932, 0.0 ], [ 118.71954066100011, -8.476929985999959, 0.0 ], [ 118.719807676000073, -8.476797911999938, 0.0 ], [ 118.720637516000011, -8.476485177999962, 0.0 ], [ 118.720975986000099, -8.476256626999941, 0.0 ], [ 118.721703231000106, -8.475765555999942, 0.0 ], [ 118.722181093000017, -8.47542641299998, 0.0 ], [ 118.723256765000087, -8.474829899999975, 0.0 ], [ 118.724030389000063, -8.473492877999945, 0.0 ], [ 118.724298163000071, -8.472883606999972, 0.0 ], [ 118.724622516000068, -8.472145600999966, 0.0 ], [ 118.724864689000015, -8.471594581999966, 0.0 ], [ 118.725016051000011, -8.471270890999961, 0.0 ], [ 118.725256088000037, -8.470757565999975, 0.0 ], [ 118.725433921000104, -8.470377264999968, 0.0 ], [ 118.725617601000067, -8.469761672999937, 0.0 ], [ 118.725637250000091, -8.469695820999959, 0.0 ], [ 118.725907985000049, -8.469787937999968, 0.0 ], [ 118.72590661400011, -8.469617609999943, 0.0 ], [ 118.725906361000057, -8.469586246999938, 0.0 ], [ 118.725869582000087, -8.469092312999976, 0.0 ], [ 118.725802177000105, -8.468937045999951, 0.0 ], [ 118.72579905900011, -8.468820628999936, 0.0 ], [ 118.725828377000084, -8.468514002999939, 0.0 ], [ 118.725910518000092, -8.468050897999944, 0.0 ], [ 118.72603016100004, -8.467504507999934, 0.0 ], [ 118.726392521000093, -8.467138893999959, 0.0 ], [ 118.72658221800009, -8.466979099999946, 0.0 ], [ 118.726740773000074, -8.466845537999973, 0.0 ], [ 118.727047120000066, -8.466565111999955, 0.0 ], [ 118.727342044000011, -8.466289466999967, 0.0 ], [ 118.727432855000075, -8.465855203999979, 0.0 ], [ 118.727481115000046, -8.46555473799998, 0.0 ], [ 118.727540678000082, -8.465332128999933, 0.0 ], [ 118.727639534000105, -8.465069682999967, 0.0 ], [ 118.727762657000085, -8.465087514999937, 0.0 ], [ 118.727925865000088, -8.464910883999949, 0.0 ], [ 118.72802738200005, -8.464935117999971, 0.0 ], [ 118.728054301000043, -8.464941543999942, 0.0 ], [ 118.728253777000077, -8.464972340999964, 0.0 ], [ 118.728515403000074, -8.464967888999979, 0.0 ], [ 118.728738838000027, -8.464922433999959, 0.0 ], [ 118.728920515000027, -8.464858858999946, 0.0 ], [ 118.729141125000069, -8.46474700899995, 0.0 ], [ 118.729345435000027, -8.464663625999947, 0.0 ], [ 118.729551025000092, -8.464615394999953, 0.0 ], [ 118.729902301000038, -8.464552537999964, 0.0 ], [ 118.730003386000021, -8.464554763999956, 0.0 ], [ 118.730166220000115, -8.464553147999936, 0.0 ], [ 118.730160657000056, -8.464546064999979, 0.0 ], [ 118.730182900000045, -8.464319006999972, 0.0 ], [ 118.730189227000096, -8.464187807999963, 0.0 ], [ 118.730212802000096, -8.464048544999969, 0.0 ], [ 118.730261471000063, -8.463943140999959, 0.0 ], [ 118.730318675000035, -8.46387200199996, 0.0 ], [ 118.730421443000068, -8.463749554999936, 0.0 ], [ 118.730466652000018, -8.463712120999958, 0.0 ], [ 118.730629380000096, -8.463577380999936, 0.0 ], [ 118.730728767000073, -8.46351128799995, 0.0 ], [ 118.730809344000022, -8.463432317999946, 0.0 ], [ 118.730833981000046, -8.463203996999937, 0.0 ], [ 118.730853563000096, -8.463063610999939, 0.0 ], [ 118.730869059000042, -8.462952519999931, 0.0 ], [ 118.73089630000004, -8.462612416999946, 0.0 ], [ 118.730899893000014, -8.462509601999955, 0.0 ], [ 118.730908301000113, -8.462269029999959, 0.0 ], [ 118.730963805000101, -8.461592752999934, 0.0 ], [ 118.731065492000084, -8.461234750999949, 0.0 ], [ 118.731317477000061, -8.461350544999959, 0.0 ], [ 118.731361887000048, -8.461370952999971, 0.0 ], [ 118.731524274000094, -8.46145192299997, 0.0 ], [ 118.731684188000031, -8.461492198999963, 0.0 ], [ 118.731689784000082, -8.461456202999955, 0.0 ], [ 118.731694490000109, -8.461433067999963, 0.0 ], [ 118.73169753500008, -8.461413481999955, 0.0 ], [ 118.731645101000026, -8.461205299999961, 0.0 ], [ 118.731634012000086, -8.460745036999981, 0.0 ], [ 118.73171831500008, -8.460616796999943, 0.0 ], [ 118.731730482000103, -8.460579663999965, 0.0 ], [ 118.731721114000038, -8.460515148999946, 0.0 ], [ 118.731736008000098, -8.460267301999977, 0.0 ], [ 118.731738662000112, -8.460223133999932, 0.0 ], [ 118.731749199000092, -8.460181640999963, 0.0 ], [ 118.731867291000071, -8.459716617999959, 0.0 ], [ 118.731894001000114, -8.459611439999946, 0.0 ], [ 118.731837597000094, -8.459446367999931, 0.0 ], [ 118.731821324000066, -8.45927142599993, 0.0 ], [ 118.731861892000097, -8.458477341999981, 0.0 ], [ 118.731876918000012, -8.458389906999969, 0.0 ], [ 118.731906957000092, -8.458215114999973, 0.0 ], [ 118.731937755000104, -8.45803590099996, 0.0 ], [ 118.732009639000012, -8.457617612999968, 0.0 ], [ 118.732037213000012, -8.457269180999958, 0.0 ], [ 118.732041744000071, -8.457211920999953, 0.0 ], [ 118.732160819000114, -8.45726439799995, 0.0 ], [ 118.732163167000067, -8.457264682999948, 0.0 ], [ 118.732281471000078, -8.457279028999949, 0.0 ], [ 118.732282600000076, -8.45727917399995, 0.0 ], [ 118.732286158000079, -8.457279632999928, 0.0 ], [ 118.732475886000088, -8.457304088999933, 0.0 ], [ 118.732516261000114, -8.457307897999954, 0.0 ], [ 118.732540917000051, -8.457310968999934, 0.0 ], [ 118.732611411000107, -8.457316873999957, 0.0 ], [ 118.732758684000032, -8.457330765999927, 0.0 ], [ 118.732865077000042, -8.457374482999967, 0.0 ], [ 118.733013719000041, -8.457436667999957, 0.0 ], [ 118.733113421000098, -8.457478377999962, 0.0 ], [ 118.733113869000022, -8.45747671099997, 0.0 ], [ 118.733124322000094, -8.457437822999964, 0.0 ], [ 118.733157120000101, -8.457315802999972, 0.0 ], [ 118.733166965, -8.45727917499994, 0.0 ], [ 118.733201951000069, -8.457149017999939, 0.0 ], [ 118.733264537000082, -8.456916179999951, 0.0 ], [ 118.733345990000089, -8.456950841999969, 0.0 ], [ 118.733660692000058, -8.457084764999934, 0.0 ], [ 118.733811678000052, -8.457149017999939, 0.0 ], [ 118.733983685000112, -8.457222215999934, 0.0 ], [ 118.733997962000103, -8.457228291999968, 0.0 ], [ 118.734212865000018, -8.45731974499995, 0.0 ], [ 118.734260998000082, -8.457344741999975, 0.0 ], [ 118.734391332000087, -8.457412423999926, 0.0 ], [ 118.734630899000081, -8.45753683199996, 0.0 ], [ 118.734879627000055, -8.457665996999935, 0.0 ], [ 118.734913349000067, -8.457596173999946, 0.0 ], [ 118.734955569000022, -8.457508754999935, 0.0 ], [ 118.73495653000009, -8.457506766999927, 0.0 ], [ 118.734991516000036, -8.457454543999972, 0.0 ], [ 118.735035848000052, -8.457388368999943, 0.0 ], [ 118.735130247000029, -8.457221219999951, 0.0 ], [ 118.735155879000104, -8.45717583499993, 0.0 ], [ 118.735158381000019, -8.457170394999935, 0.0 ], [ 118.735253086000057, -8.456964519999929, 0.0 ], [ 118.735292469000115, -8.456878909999944, 0.0 ], [ 118.73531785800003, -8.456812789999958, 0.0 ], [ 118.735464044000082, -8.45643208599995, 0.0 ], [ 118.735469459000115, -8.456417985999963, 0.0 ], [ 118.735579876000088, -8.456219948999944, 0.0 ], [ 118.735602137000114, -8.456176293999931, 0.0 ], [ 118.735757866000085, -8.455870902999948, 0.0 ], [ 118.735764566000057, -8.455857763999973, 0.0 ], [ 118.735762810000097, -8.455856673999961, 0.0 ], [ 118.735763346000113, -8.455855618999976, 0.0 ], [ 118.735637309000026, -8.455778230999954, 0.0 ], [ 118.735573952000095, -8.455739329999972, 0.0 ], [ 118.735291351000114, -8.455563739999945, 0.0 ], [ 118.735320636000097, -8.455519577999951, 0.0 ], [ 118.735343919000115, -8.455484466999962, 0.0 ], [ 118.735509897000043, -8.455230458999949, 0.0 ], [ 118.735567950000018, -8.455141615999935, 0.0 ], [ 118.735612974000105, -8.455073292999941, 0.0 ], [ 118.735687957000096, -8.454959507999945, 0.0 ], [ 118.73572075300001, -8.454907769999977, 0.0 ], [ 118.736104708000084, -8.454302036999934, 0.0 ], [ 118.736105599000098, -8.454300630999967, 0.0 ], [ 118.736069632000067, -8.454284622999978, 0.0 ], [ 118.736025211000083, -8.454264851999937, 0.0 ], [ 118.735937841, -8.454223983999952, 0.0 ], [ 118.735833989000071, -8.454175405999933, 0.0 ], [ 118.735765334, -8.454157392999946, 0.0 ], [ 118.735775287000024, -8.45413466499997, 0.0 ], [ 118.735955138, -8.454195938999931, 0.0 ], [ 118.736007628000038, -8.454213821999929, 0.0 ], [ 118.736366732000079, -8.454346447999967, 0.0 ], [ 118.737209753000116, -8.454708473999972, 0.0 ], [ 118.737396150000109, -8.454788520999955, 0.0 ], [ 118.737967927000113, -8.455038668999975, 0.0 ], [ 118.738295488000063, -8.455153701999961, 0.0 ], [ 118.73857879000002, -8.455252783999981, 0.0 ], [ 118.739387745000045, -8.455513927999959, 0.0 ], [ 118.739393705000111, -8.455501260999938, 0.0 ], [ 118.739532458000099, -8.455206376999968, 0.0 ], [ 118.739575823000109, -8.455102135999937, 0.0 ], [ 118.73974467700009, -8.455032738999932, 0.0 ], [ 118.739866626000094, -8.454982618999964, 0.0 ], [ 118.739899077000018, -8.454878037999947, 0.0 ], [ 118.739983038000105, -8.454844962999971, 0.0 ], [ 118.740232819000084, -8.45485462299996, 0.0 ], [ 118.740237844000035, -8.454697895999971, 0.0 ], [ 118.740278547000116, -8.454478780999978, 0.0 ], [ 118.740305733000014, -8.454287613999952, 0.0 ], [ 118.740305293, -8.454115854999941, 0.0 ], [ 118.740297302000045, -8.453969119999954, 0.0 ], [ 118.740279154000063, -8.453844587999981, 0.0 ], [ 118.740274888000044, -8.453815316999965, 0.0 ], [ 118.740305969000019, -8.453753361999929, 0.0 ], [ 118.740435980000029, -8.453680399999939, 0.0 ], [ 118.740564695000103, -8.453624107999929, 0.0 ], [ 118.740633449000029, -8.453554229999952, 0.0 ], [ 118.740651477000029, -8.45348222299998, 0.0 ], [ 118.740636466000069, -8.453413179999927, 0.0 ], [ 118.740595517000088, -8.453393201999972, 0.0 ], [ 118.740517999000076, -8.453366046999975, 0.0 ], [ 118.740423351000118, -8.453352798999958, 0.0 ], [ 118.740350548000038, -8.453350146999981, 0.0 ], [ 118.740295385000081, -8.453358126999944, 0.0 ], [ 118.740238570000088, -8.453360784999973, 0.0 ], [ 118.740178704000073, -8.453373626999962, 0.0 ], [ 118.740124048000098, -8.453383655999971, 0.0 ], [ 118.740071783000076, -8.453396144999942, 0.0 ], [ 118.740017261000048, -8.453411168999935, 0.0 ], [ 118.739995731000022, -8.45342048699996, 0.0 ], [ 118.739952708000033, -8.453439105999962, 0.0 ], [ 118.739887721000059, -8.453460982999957, 0.0 ], [ 118.739824258000112, -8.453453700999944, 0.0 ], [ 118.739785610000013, -8.453417968999929, 0.0 ], [ 118.739763813000081, -8.453363119999949, 0.0 ], [ 118.739763361000087, -8.453270855999961, 0.0 ], [ 118.739767076000021, -8.45316810199995, 0.0 ], [ 118.739724538000019, -8.45304336199996, 0.0 ], [ 118.73968772, -8.45296482699996, 0.0 ], [ 118.739908207000099, -8.452870893999943, 0.0 ], [ 118.740046352000036, -8.452807246999953, 0.0 ], [ 118.740157367000052, -8.452756099999931, 0.0 ], [ 118.740385942000103, -8.452663666999968, 0.0 ], [ 118.740440146000083, -8.452641744999937, 0.0 ], [ 118.740650911000102, -8.452518486999963, 0.0 ], [ 118.740963305000037, -8.452443247999952, 0.0 ], [ 118.741181574000052, -8.452417991999937, 0.0 ], [ 118.741366363000111, -8.452321927999947, 0.0 ], [ 118.741502134000029, -8.45215509999997, 0.0 ], [ 118.741600988000073, -8.451866023999969, 0.0 ], [ 118.741670444000079, -8.451334815999928, 0.0 ], [ 118.741676762000111, -8.451286490999962, 0.0 ], [ 118.741694095000071, -8.450672904999976, 0.0 ], [ 118.741705375000038, -8.450396153999975, 0.0 ], [ 118.741694088000031, -8.450220350999928, 0.0 ], [ 118.741754181000033, -8.450132698999937, 0.0 ], [ 118.741831601000058, -8.450139991999947, 0.0 ], [ 118.742424719000041, -8.45019586199993, 0.0 ], [ 118.742999920000102, -8.450313059999928, 0.0 ], [ 118.743280530000106, -8.450370233999934, 0.0 ], [ 118.743291100000079, -8.450372387999948, 0.0 ], [ 118.743779654000036, -8.450514899999973, 0.0 ], [ 118.744010631000037, -8.450607144999935, 0.0 ], [ 118.744231311000021, -8.450695277999955, 0.0 ], [ 118.744424802000026, -8.45077208999993, 0.0 ], [ 118.744483663000096, -8.450767090999932, 0.0 ], [ 118.744548918000078, -8.450793967999971, 0.0 ], [ 118.744680337000091, -8.450855513999954, 0.0 ], [ 118.744791251000038, -8.450933229999976, 0.0 ], [ 118.744814203000033, -8.450947318999965, 0.0 ], [ 118.744874814000013, -8.450984525999957, 0.0 ], [ 118.744925826000099, -8.450979513999926, 0.0 ], [ 118.74503246800009, -8.451001770999937, 0.0 ], [ 118.745097481000016, -8.451005201999976, 0.0 ], [ 118.745164317000103, -8.451002019999976, 0.0 ], [ 118.745187801000043, -8.450940489999937, 0.0 ], [ 118.745219675000044, -8.45083965699996, 0.0 ], [ 118.745296627000016, -8.450783949999959, 0.0 ], [ 118.745360209000069, -8.450808502999962, 0.0 ], [ 118.745464606000041, -8.450818746999971, 0.0 ], [ 118.745562199, -8.450833736999925, 0.0 ], [ 118.745678029000032, -8.450828028999979, 0.0 ], [ 118.74580719800008, -8.450817024999935, 0.0 ], [ 118.745886885000118, -8.450806965999959, 0.0 ], [ 118.745930840000028, -8.450774120999938, 0.0 ], [ 118.745997258000102, -8.450700738999956, 0.0 ], [ 118.746136230000047, -8.450625434999949, 0.0 ], [ 118.74623874800011, -8.450620860999948, 0.0 ], [ 118.746328392, -8.45066583299996, 0.0 ], [ 118.746428232000085, -8.450773117999972, 0.0 ], [ 118.746510229000023, -8.450876882999978, 0.0 ], [ 118.746540768000045, -8.450915343999952, 0.0 ], [ 118.746585606000053, -8.450971813999956, 0.0 ], [ 118.746671595000066, -8.451089796999952, 0.0 ], [ 118.746718502000022, -8.451148424999928, 0.0 ], [ 118.746722068000054, -8.451152013999945, 0.0 ], [ 118.746794627000099, -8.451157642999931, 0.0 ], [ 118.746908647000055, -8.451165935999938, 0.0 ], [ 118.747028404000048, -8.451159504999964, 0.0 ], [ 118.747126844000036, -8.451153861999956, 0.0 ], [ 118.747303715000044, -8.451114770999936, 0.0 ], [ 118.747425382000074, -8.451079319999963, 0.0 ], [ 118.747526438000023, -8.451023894999935, 0.0 ], [ 118.747581955000101, -8.450976978999961, 0.0 ], [ 118.747638495000047, -8.450938324999981, 0.0 ], [ 118.747703201000036, -8.450926838999976, 0.0 ], [ 118.747778585000106, -8.450925698999981, 0.0 ], [ 118.747834685000043, -8.450904271999946, 0.0 ], [ 118.74787351000009, -8.450856931999965, 0.0 ], [ 118.747869903000037, -8.450768902999926, 0.0 ], [ 118.747820857000079, -8.450670724999952, 0.0 ], [ 118.747817305000012, -8.450578988999951, 0.0 ], [ 118.747856046000038, -8.450523486999941, 0.0 ], [ 118.747917539000014, -8.450475082999958, 0.0 ], [ 118.747953694000103, -8.45043026899998, 0.0 ], [ 118.747975452000105, -8.450375740999959, 0.0 ], [ 118.747989179000115, -8.45031595599994, 0.0 ], [ 118.748003569000048, -8.450231691999932, 0.0 ], [ 118.748028834000024, -8.450144447999946, 0.0 ], [ 118.748042141000042, -8.450079344999949, 0.0 ], [ 118.748018590000015, -8.450004036999928, 0.0 ], [ 118.748076557000104, -8.449973120999971, 0.0 ], [ 118.748120610000115, -8.449972413999944, 0.0 ], [ 118.748178487000018, -8.449944659999971, 0.0 ], [ 118.748215496000057, -8.449920633999966, 0.0 ], [ 118.748243302000105, -8.449847439999928, 0.0 ], [ 118.74826117300006, -8.449730601999931, 0.0 ], [ 118.74826615500001, -8.449676446999945, 0.0 ], [ 118.748271037000109, -8.44962338299996, 0.0 ], [ 118.748289096, -8.449492352999926, 0.0 ], [ 118.748303393000015, -8.44937445599993, 0.0 ], [ 118.74830440900007, -8.449374944999931, 0.0 ], [ 118.74840568500008, -8.44937719099994, 0.0 ], [ 118.748488214000076, -8.449396683999964, 0.0 ], [ 118.7485531210001, -8.449384733999977, 0.0 ], [ 118.748622409000063, -8.449379516999954, 0.0 ], [ 118.748711175000039, -8.449384174999977, 0.0 ], [ 118.748788864000062, -8.449382205999939, 0.0 ], [ 118.748868906000098, -8.449376715999961, 0.0 ], [ 118.748959894000109, -8.449377818999949, 0.0 ], [ 118.749007788000085, -8.449375990999954, 0.0 ], [ 118.749163355000064, -8.44947209999998, 0.0 ], [ 118.74916608, -8.449445456999968, 0.0 ], [ 118.749177652000071, -8.449286336999933, 0.0 ], [ 118.749201348000042, -8.449090453999929, 0.0 ], [ 118.749200521000034, -8.448906916999931, 0.0 ], [ 118.749224603000016, -8.44879668599998, 0.0 ], [ 118.74928516500006, -8.448600637999959, 0.0 ], [ 118.749309192000055, -8.448478170999977, 0.0 ], [ 118.749406622000038, -8.448281958999928, 0.0 ], [ 118.74951623000004, -8.448061220999932, 0.0 ], [ 118.749576461000061, -8.447791758999927, 0.0 ], [ 118.749686400000087, -8.447644434999972, 0.0 ], [ 118.749685904000103, -8.447534312999949, 0.0 ], [ 118.749746522, -8.447350501999949, 0.0 ], [ 118.749794464000047, -8.44708109499993, 0.0 ], [ 118.749842903000058, -8.446921809999935, 0.0 ], [ 118.749854530000107, -8.446774925999932, 0.0 ], [ 118.749903134000078, -8.44665234799993, 0.0 ], [ 118.749976261000029, -8.446517424999968, 0.0 ], [ 118.750135190000037, -8.44633317399996, 0.0 ], [ 118.750379975000101, -8.446111831999929, 0.0 ], [ 118.750467549000064, -8.446018960999936, 0.0 ], [ 118.750600127000098, -8.445878363999952, 0.0 ], [ 118.750759111000093, -8.445706348999977, 0.0 ], [ 118.751052610000102, -8.44538689999996, 0.0 ], [ 118.7512605820001, -8.445177957999931, 0.0 ], [ 118.751443812000048, -8.444932417999951, 0.0 ], [ 118.751541626000062, -8.444821855999976, 0.0 ], [ 118.751664073000029, -8.444723420999935, 0.0 ], [ 118.751811042000099, -8.444612638999956, 0.0 ], [ 118.751925825000058, -8.444496026999957, 0.0 ], [ 118.751926464, -8.444496271999981, 0.0 ], [ 118.752207834000046, -8.444129816999975, 0.0 ], [ 118.752263082000013, -8.444057860999976, 0.0 ], [ 118.752324906000013, -8.443977328999949, 0.0 ], [ 118.752332189000072, -8.44396871999993, 0.0 ], [ 118.752619946000095, -8.443597472999954, 0.0 ], [ 118.752700360000063, -8.443493727999964, 0.0 ], [ 118.752800754000077, -8.443364204999966, 0.0 ], [ 118.752807350000012, -8.44335569499998, 0.0 ], [ 118.752860083000087, -8.443287660999943, 0.0 ], [ 118.752886125000032, -8.443254063999973, 0.0 ], [ 118.753125732000058, -8.443470570999978, 0.0 ], [ 118.753222427000082, -8.44355795499996, 0.0 ], [ 118.753455525000049, -8.443699868999943, 0.0 ], [ 118.753511858000024, -8.443729746999963, 0.0 ], [ 118.753863706000061, -8.443866143999969, 0.0 ], [ 118.753889885000035, -8.443874207999954, 0.0 ], [ 118.754119391000017, -8.443922100999941, 0.0 ], [ 118.754142966000018, -8.443812382999965, 0.0 ], [ 118.754175918000101, -8.443671337999945, 0.0 ], [ 118.754192689000092, -8.443598469999927, 0.0 ], [ 118.754308223000066, -8.44368846499998, 0.0 ], [ 118.754370797000092, -8.443816668999943, 0.0 ], [ 118.754408051000041, -8.443909470999927, 0.0 ], [ 118.754436885000018, -8.443960119999929, 0.0 ], [ 118.754472398000075, -8.443964280999978, 0.0 ], [ 118.754939907000107, -8.444476429999952, 0.0 ], [ 118.75498716200002, -8.444528196999954, 0.0 ], [ 118.755361626000081, -8.444750288999956, 0.0 ], [ 118.755796105000059, -8.444794669999965, 0.0 ], [ 118.755909522000024, -8.444806255999936, 0.0 ], [ 118.755957060000014, -8.444798290999927, 0.0 ], [ 118.755995987, -8.444791768999949, 0.0 ], [ 118.756017807000035, -8.444794280999929, 0.0 ], [ 118.756204219000097, -8.444847860999971, 0.0 ], [ 118.756338805000041, -8.444899562999979, 0.0 ], [ 118.756522822000079, -8.444926904999932, 0.0 ], [ 118.756791006000071, -8.444911692999938, 0.0 ], [ 118.756979505000118, -8.444878296999946, 0.0 ], [ 118.756984733000081, -8.444878162999942, 0.0 ], [ 118.757146051000063, -8.444861266999965, 0.0 ], [ 118.757384510000065, -8.444805557999928, 0.0 ], [ 118.757415876000096, -8.444797474999973, 0.0 ], [ 118.757678823000106, -8.444599637999943, 0.0 ], [ 118.757881908000059, -8.444327353999938, 0.0 ], [ 118.757889089000059, -8.444319630999928, 0.0 ], [ 118.757922831000087, -8.444283533999965, 0.0 ], [ 118.758155623000107, -8.444034491999957, 0.0 ], [ 118.758383809000065, -8.443841281999937, 0.0 ], [ 118.758391449000101, -8.443833877999964, 0.0 ], [ 118.75869534800006, -8.443612694999956, 0.0 ], [ 118.759003852000092, -8.443417701999977, 0.0 ], [ 118.759152888000017, -8.443338603999962, 0.0 ], [ 118.759354792000067, -8.443209981999928, 0.0 ], [ 118.759588925000116, -8.443062788999953, 0.0 ], [ 118.759817071000043, -8.442910606999931, 0.0 ], [ 118.760042328000054, -8.442809089999969, 0.0 ], [ 118.760241221000115, -8.442746516999932, 0.0 ], [ 118.760716307000052, -8.442870118999963, 0.0 ], [ 118.761075485000106, -8.442945880999957, 0.0 ], [ 118.76108145, -8.442946817999939, 0.0 ], [ 118.761486511000044, -8.442960409999955, 0.0 ], [ 118.761492359000044, -8.442961337999975, 0.0 ], [ 118.761824516000047, -8.442929230999937, 0.0 ], [ 118.761842193, -8.442922211999928, 0.0 ], [ 118.762186108000037, -8.442829633999963, 0.0 ], [ 118.762518803000034, -8.442647446999956, 0.0 ], [ 118.762805273000026, -8.442461108999964, 0.0 ], [ 118.762818947000028, -8.442452056999969, 0.0 ], [ 118.762846386000092, -8.44243389199994, 0.0 ], [ 118.763119847000098, -8.44222661799995, 0.0 ], [ 118.763128142000028, -8.442216238999947, 0.0 ], [ 118.763413638000088, -8.442062206999935, 0.0 ], [ 118.763428588000011, -8.44205256999993, 0.0 ], [ 118.763890790000119, -8.441821605999962, 0.0 ], [ 118.763897258000043, -8.441822092999928, 0.0 ], [ 118.764330396000105, -8.441582705999963, 0.0 ], [ 118.764655908, -8.441456649999964, 0.0 ], [ 118.764985807000016, -8.441370911999968, 0.0 ], [ 118.765303912000036, -8.441278745999966, 0.0 ], [ 118.765408415000024, -8.44151408099998, 0.0 ], [ 118.76553599500005, -8.441642085999945, 0.0 ], [ 118.765657430000033, -8.441595305999954, 0.0 ], [ 118.765895131000093, -8.441307536999943, 0.0 ], [ 118.766010228000027, -8.441121419999945, 0.0 ], [ 118.765935796, -8.440743581999925, 0.0 ], [ 118.766023924000024, -8.440535047999958, 0.0 ], [ 118.766149945000052, -8.440316750999955, 0.0 ], [ 118.766169672000046, -8.440292810999949, 0.0 ], [ 118.766376307000087, -8.44003665799994, 0.0 ], [ 118.766731112000116, -8.439863363999962, 0.0 ], [ 118.766983118000098, -8.439760322999973, 0.0 ], [ 118.767287939000084, -8.439812975999928, 0.0 ], [ 118.767598906000103, -8.439920686999926, 0.0 ], [ 118.767612650000046, -8.439929333999942, 0.0 ], [ 118.76798292, -8.440101593999941, 0.0 ], [ 118.768163163000054, -8.440243176999957, 0.0 ], [ 118.768359049000082, -8.440430078999952, 0.0 ], [ 118.768571435000013, -8.440421252999954, 0.0 ], [ 118.768608052000104, -8.440397880999967, 0.0 ], [ 118.768815024000105, -8.440331704999949, 0.0 ], [ 118.769044094000037, -8.440224848999947, 0.0 ], [ 118.769282977000103, -8.440275751999934, 0.0 ], [ 118.769648728000107, -8.440303422999932, 0.0 ], [ 118.7702147010001, -8.44065588199993, 0.0 ], [ 118.77063148000002, -8.440925246999939, 0.0 ], [ 118.770645156000114, -8.440920536999954, 0.0 ], [ 118.770679437000013, -8.440908726999965, 0.0 ], [ 118.770746210000084, -8.44098883199996, 0.0 ], [ 118.771162863000086, -8.440953682999975, 0.0 ], [ 118.771202860000017, -8.440928907999933, 0.0 ], [ 118.771782515000041, -8.441122064999945, 0.0 ], [ 118.771813349000013, -8.441137108999953, 0.0 ], [ 118.772280209000087, -8.441287054999975, 0.0 ], [ 118.772616448, -8.441580608999971, 0.0 ], [ 118.772899363000079, -8.44207604199994, 0.0 ], [ 118.77290464400005, -8.442092988999946, 0.0 ], [ 118.773105632000011, -8.44230799199994, 0.0 ], [ 118.773393318000103, -8.442443530999981, 0.0 ], [ 118.773792582000056, -8.442518130999929, 0.0 ], [ 118.774120664000066, -8.442699550999976, 0.0 ], [ 118.774358842000083, -8.442797317999975, 0.0 ], [ 118.774370925000085, -8.442798478999975, 0.0 ], [ 118.774671762000025, -8.442690682999967, 0.0 ], [ 118.774684137, -8.442674181999962, 0.0 ], [ 118.774829235000084, -8.44260266699996, 0.0 ], [ 118.774987510000074, -8.442524656999979, 0.0 ], [ 118.7750122220001, -8.442530562999934, 0.0 ], [ 118.775105336000024, -8.442536315999973, 0.0 ], [ 118.775409567000111, -8.442555110999933, 0.0 ], [ 118.775421849000054, -8.442556364999973, 0.0 ], [ 118.775743189000082, -8.442599563999977, 0.0 ], [ 118.776025495000113, -8.442837552999947, 0.0 ], [ 118.776331665000043, -8.443040896999946, 0.0 ], [ 118.776554517000022, -8.443219448999969, 0.0 ], [ 118.776867151000033, -8.443268748999969, 0.0 ], [ 118.777042526000059, -8.44306415799997, 0.0 ], [ 118.777235621000045, -8.442830482999966, 0.0 ], [ 118.777425597000047, -8.44240300499996, 0.0 ], [ 118.777435020000098, -8.442356984999947, 0.0 ], [ 118.77770393600008, -8.441472762999979, 0.0 ], [ 118.777726653000059, -8.441385483999966, 0.0 ], [ 118.777878993000058, -8.44080020499996, 0.0 ], [ 118.777968496000085, -8.440376914999945, 0.0 ], [ 118.778360858000042, -8.439353530999938, 0.0 ], [ 118.778799764000041, -8.438407837999932, 0.0 ], [ 118.779297386000053, -8.43779632299993, 0.0 ], [ 118.779664101000094, -8.43768984999997, 0.0 ], [ 118.779941278000024, -8.437587657999927, 0.0 ], [ 118.780444930000044, -8.437464199999965, 0.0 ], [ 118.78080013400006, -8.437320840999973, 0.0 ], [ 118.781089937000047, -8.437231420999979, 0.0 ], [ 118.781127261000051, -8.437228381999944, 0.0 ], [ 118.781415367000022, -8.437253676999944, 0.0 ], [ 118.781438741000102, -8.437232718999951, 0.0 ], [ 118.781758669000055, -8.437146150999979, 0.0 ], [ 118.781783668000116, -8.437120832999938, 0.0 ], [ 118.78183127200009, -8.437096735999944, 0.0 ], [ 118.782104939000078, -8.436901301999967, 0.0 ], [ 118.782132525000065, -8.436870173999978, 0.0 ], [ 118.782400426000095, -8.43668564799998, 0.0 ], [ 118.782417626000097, -8.436675583999943, 0.0 ], [ 118.782798877000118, -8.436562479999964, 0.0 ], [ 118.782824997000034, -8.436550925999938, 0.0 ], [ 118.783209347000025, -8.43650553699996, 0.0 ], [ 118.78358976700008, -8.436529288999964, 0.0 ], [ 118.784108361000108, -8.436534979999976, 0.0 ], [ 118.784522560000028, -8.436552337999956, 0.0 ], [ 118.784977957000024, -8.436451728999941, 0.0 ], [ 118.785431138000035, -8.43651983899997, 0.0 ], [ 118.785970604000113, -8.436484056999973, 0.0 ], [ 118.785989289000099, -8.436470244999953, 0.0 ], [ 118.786571081000034, -8.436452435999968, 0.0 ], [ 118.787051838000025, -8.436414930999945, 0.0 ], [ 118.78756488800002, -8.43639160999993, 0.0 ], [ 118.788124209000102, -8.43639092199993, 0.0 ], [ 118.788826617000041, -8.436240735999945, 0.0 ], [ 118.78932348, -8.436294154999928, 0.0 ], [ 118.789823627000033, -8.436419025999953, 0.0 ], [ 118.789848812000059, -8.436423497999954, 0.0 ], [ 118.790152589000058, -8.436594604999925, 0.0 ], [ 118.790209911000034, -8.436606769999969, 0.0 ], [ 118.790619397000114, -8.436658647999934, 0.0 ], [ 118.790636113, -8.436658419999958, 0.0 ], [ 118.791054161000034, -8.436653588999945, 0.0 ], [ 118.791062258000011, -8.436654357999942, 0.0 ], [ 118.791560701000094, -8.436684115999981, 0.0 ], [ 118.791986685000097, -8.436807672999976, 0.0 ], [ 118.792479977000085, -8.436815548999959, 0.0 ], [ 118.79249491500002, -8.436818104999929, 0.0 ], [ 118.792524754000056, -8.436823208999954, 0.0 ], [ 118.793075512000087, -8.436810451999975, 0.0 ], [ 118.793427196000039, -8.436596935999944, 0.0 ], [ 118.793457191000016, -8.436599807999926, 0.0 ], [ 118.793479668000032, -8.436601960999951, 0.0 ], [ 118.793510983000033, -8.436594812999942, 0.0 ], [ 118.794075034000116, -8.436581915999966, 0.0 ], [ 118.794483925, -8.436606964999953, 0.0 ], [ 118.794858019000117, -8.436437776999981, 0.0 ], [ 118.795237730000053, -8.436115728999937, 0.0 ], [ 118.795252462, -8.436118397999962, 0.0 ], [ 118.795667843000047, -8.435782138999969, 0.0 ], [ 118.796205298000018, -8.435477189999972, 0.0 ], [ 118.796702143000061, -8.435123478999969, 0.0 ], [ 118.797170126000083, -8.43473568099995, 0.0 ], [ 118.797182759000066, -8.434721713999977, 0.0 ], [ 118.797688847000018, -8.434508324999967, 0.0 ], [ 118.798157672000116, -8.434618906999958, 0.0 ], [ 118.798676711000098, -8.434670342999937, 0.0 ], [ 118.799126723000086, -8.434723531999964, 0.0 ], [ 118.799350496000102, -8.434860611999966, 0.0 ], [ 118.79957158000002, -8.435005536999938, 0.0 ], [ 118.799836077, -8.435002345999976, 0.0 ], [ 118.800164342000016, -8.435121245999937, 0.0 ], [ 118.800278509, -8.435223010999948, 0.0 ], [ 118.800464118000036, -8.435467995999943, 0.0 ], [ 118.800465851000013, -8.435485822999965, 0.0 ], [ 118.800866601000052, -8.435732966999979, 0.0 ], [ 118.800877333000017, -8.435739585999954, 0.0 ], [ 118.800892210000029, -8.435739586999944, 0.0 ], [ 118.801310738000097, -8.435968102999936, 0.0 ], [ 118.801325714000086, -8.435976427999947, 0.0 ], [ 118.801679956000044, -8.436173341999961, 0.0 ], [ 118.80174037900008, -8.436411927999927, 0.0 ], [ 118.801733030000037, -8.436484280999935, 0.0 ], [ 118.801664129000073, -8.437162645999933, 0.0 ], [ 118.801673966000067, -8.437324459999957, 0.0 ], [ 118.80142503400009, -8.43738813799996, 0.0 ], [ 118.801397039000108, -8.437403967999956, 0.0 ], [ 118.80114552100008, -8.437629527999945, 0.0 ], [ 118.801138503000061, -8.437629526999956, 0.0 ], [ 118.800821945000052, -8.437795799999947, 0.0 ], [ 118.800784090000093, -8.437820836999947, 0.0 ], [ 118.80058762200008, -8.437950781999973, 0.0 ], [ 118.800449101000027, -8.438109008999959, 0.0 ], [ 118.800443737000023, -8.438567757999976, 0.0 ], [ 118.800444653000113, -8.438577435999946, 0.0 ], [ 118.800483098000086, -8.439064370999972, 0.0 ], [ 118.800517606000085, -8.439427031999969, 0.0 ], [ 118.800518427000043, -8.439435655999944, 0.0 ], [ 118.800549686000068, -8.439764172999958, 0.0 ], [ 118.800527511000041, -8.439983007999956, 0.0 ], [ 118.800072294000074, -8.44011732599995, 0.0 ], [ 118.799802385000021, -8.440143736999971, 0.0 ], [ 118.799361629000032, -8.440397939999968, 0.0 ], [ 118.798788816000069, -8.440602934999959, 0.0 ], [ 118.798105034000059, -8.440761659999964, 0.0 ], [ 118.797470954000119, -8.44092801599993, 0.0 ], [ 118.796798705000015, -8.440938315999972, 0.0 ], [ 118.796789234000016, -8.440948602999981, 0.0 ], [ 118.796150291000117, -8.441030477999959, 0.0 ], [ 118.795497625000053, -8.441020241999979, 0.0 ], [ 118.795138393000116, -8.440969100999951, 0.0 ], [ 118.794214467000074, -8.440751133999981, 0.0 ], [ 118.793670819000113, -8.440570841999943, 0.0 ], [ 118.793032096000047, -8.440549248999957, 0.0 ], [ 118.792590780000069, -8.440666581999949, 0.0 ], [ 118.791948604000027, -8.440927848999934, 0.0 ], [ 118.791400201000101, -8.44113164099997, 0.0 ], [ 118.790598327000112, -8.441593186999967, 0.0 ], [ 118.79058761400006, -8.441602751999937, 0.0 ], [ 118.789899793000018, -8.441791911999928, 0.0 ], [ 118.789219570000114, -8.441949541999975, 0.0 ], [ 118.788362499000073, -8.442262225999968, 0.0 ], [ 118.787688269000114, -8.442342290999932, 0.0 ], [ 118.787666450000074, -8.442342290999932, 0.0 ], [ 118.786814426000092, -8.442474364999953, 0.0 ], [ 118.786059371000078, -8.442759101999968, 0.0 ], [ 118.786046912000074, -8.442771857999958, 0.0 ], [ 118.785577892000106, -8.443036115999973, 0.0 ], [ 118.785527163000097, -8.443110367999964, 0.0 ], [ 118.784691825000095, -8.443461660999958, 0.0 ], [ 118.783946075000017, -8.443800873999976, 0.0 ], [ 118.78346156900011, -8.444016722999947, 0.0 ], [ 118.782858359000102, -8.44422796899994, 0.0 ], [ 118.782296696000117, -8.444348153999954, 0.0 ], [ 118.781718826000088, -8.444380662999947, 0.0 ], [ 118.781116635000103, -8.44452026099998, 0.0 ], [ 118.780661932000044, -8.444710169999951, 0.0 ], [ 118.779532579000033, -8.445088643999952, 0.0 ], [ 118.778903383000056, -8.445198180999967, 0.0 ], [ 118.778281668000091, -8.445345435999968, 0.0 ], [ 118.777869867000049, -8.44546565099995, 0.0 ], [ 118.777370973000075, -8.44559653999994, 0.0 ], [ 118.776835993000077, -8.445878771999958, 0.0 ], [ 118.776384675000031, -8.446190261999959, 0.0 ], [ 118.775856780000026, -8.44657531799993, 0.0 ], [ 118.775303840000106, -8.44679961099996, 0.0 ], [ 118.774618585000098, -8.447040981999976, 0.0 ], [ 118.77423637600009, -8.447302774999969, 0.0 ], [ 118.77379149, -8.447733037999967, 0.0 ], [ 118.773367302000111, -8.448001968999961, 0.0 ], [ 118.773354779000101, -8.448026062999929, 0.0 ], [ 118.773013288000016, -8.44829898699993, 0.0 ], [ 118.773011600000018, -8.448322366999946, 0.0 ], [ 118.772610972000052, -8.448553104999974, 0.0 ], [ 118.772599098000114, -8.448587248999957, 0.0 ], [ 118.772256571000071, -8.448867143999962, 0.0 ], [ 118.772383001000094, -8.449171161999971, 0.0 ], [ 118.772402105000083, -8.449181840999927, 0.0 ], [ 118.772559434000073, -8.449537773999964, 0.0 ], [ 118.772568481, -8.449548036999943, 0.0 ], [ 118.77260456700003, -8.449588976999962, 0.0 ], [ 118.772824478000075, -8.449870511999961, 0.0 ], [ 118.772868763000019, -8.449910024999951, 0.0 ], [ 118.772611185000073, -8.450143484999955, 0.0 ], [ 118.772563779000052, -8.450162665999926, 0.0 ], [ 118.772535991000041, -8.450162663999947, 0.0 ], [ 118.772497485000031, -8.450191357999927, 0.0 ], [ 118.772172277000095, -8.450238961999958, 0.0 ], [ 118.771891147000019, -8.450330012999927, 0.0 ], [ 118.771604965000051, -8.450548180999931, 0.0 ], [ 118.771319721000054, -8.45084315899993, 0.0 ], [ 118.771043015000032, -8.451110372999949, 0.0 ], [ 118.770844299000032, -8.451358098999947, 0.0 ], [ 118.770831329000089, -8.451378580999972, 0.0 ], [ 118.770824865, -8.451388787999974, 0.0 ], [ 118.770682001000068, -8.45144954999995, 0.0 ], [ 118.770639299000095, -8.451449547999971, 0.0 ], [ 118.770620320000035, -8.451449547999971, 0.0 ], [ 118.770610831000113, -8.451449547999971, 0.0 ], [ 118.770497436000028, -8.451409122999962, 0.0 ], [ 118.770460580000076, -8.451398959999949, 0.0 ], [ 118.770441495000114, -8.451398959999949, 0.0 ], [ 118.770266478000053, -8.451508259999969, 0.0 ], [ 118.770130443000085, -8.451790781999932, 0.0 ], [ 118.770122359000084, -8.45180488099993, 0.0 ], [ 118.769992370000068, -8.452079280999953, 0.0 ], [ 118.769839710000042, -8.45249027999995, 0.0 ], [ 118.769833481000092, -8.452496445999941, 0.0 ], [ 118.769796174000021, -8.452593284999978, 0.0 ], [ 118.769729529000074, -8.452766276999967, 0.0 ], [ 118.769727761000013, -8.452777933999926, 0.0 ], [ 118.76961738500006, -8.452923404999979, 0.0 ], [ 118.769579019000048, -8.452973967999981, 0.0 ], [ 118.769559424000022, -8.452999793999936, 0.0 ], [ 118.76951877800002, -8.453005348999966, 0.0 ], [ 118.769503822000047, -8.453005348999966, 0.0 ], [ 118.769349432000013, -8.452960709999957, 0.0 ], [ 118.76932502000011, -8.45295509999994, 0.0 ], [ 118.769149635000076, -8.45284726899996, 0.0 ], [ 118.768798416000095, -8.452695686999959, 0.0 ], [ 118.768554775000098, -8.452575841999931, 0.0 ], [ 118.768528726000113, -8.452575840999941, 0.0 ], [ 118.768228718000046, -8.452593990999958, 0.0 ], [ 118.768207916000051, -8.452593989999968, 0.0 ], [ 118.767930633000105, -8.45260604899994, 0.0 ], [ 118.767681148000065, -8.452514785999938, 0.0 ], [ 118.767391831000054, -8.452527034999946, 0.0 ], [ 118.767365654000059, -8.452527033999957, 0.0 ], [ 118.767205889000024, -8.45250815299994, 0.0 ], [ 118.767075063000107, -8.452492691999964, 0.0 ], [ 118.767072927000072, -8.452468235999959, 0.0 ], [ 118.767054859000041, -8.452261356999941, 0.0 ], [ 118.76705280200008, -8.452220788999966, 0.0 ], [ 118.767052349000096, -8.452211863999935, 0.0 ], [ 118.76704523, -8.452071479999972, 0.0 ], [ 118.767107906000092, -8.451879659999975, 0.0 ], [ 118.767091380000011, -8.451875796999957, 0.0 ], [ 118.767074044000083, -8.451875796999957, 0.0 ], [ 118.76706343, -8.451871927999946, 0.0 ], [ 118.766848646000085, -8.451793628999951, 0.0 ], [ 118.766827585000101, -8.451793627999962, 0.0 ], [ 118.766579425000032, -8.451757778999934, 0.0 ], [ 118.766315908000024, -8.45192179999998, 0.0 ], [ 118.766301180000028, -8.451925607999954, 0.0 ], [ 118.766047372000116, -8.452048858999945, 0.0 ], [ 118.766028140000117, -8.452059834999943, 0.0 ], [ 118.765818931000013, -8.452206187999934, 0.0 ], [ 118.765811055000086, -8.45221315799995, 0.0 ], [ 118.765808489000051, -8.452227050999966, 0.0 ], [ 118.765614696000057, -8.452362616999949, 0.0 ], [ 118.765510113000119, -8.452380370999947, 0.0 ], [ 118.76529452200009, -8.452454857999953, 0.0 ], [ 118.765052860000083, -8.452472148999959, 0.0 ], [ 118.764724672000057, -8.452489347999972, 0.0 ], [ 118.764499744000091, -8.452527757999974, 0.0 ], [ 118.764496109000106, -8.452527756999928, 0.0 ], [ 118.764265200000068, -8.452574145999961, 0.0 ], [ 118.764062313000068, -8.452578323999944, 0.0 ], [ 118.763889705000111, -8.452648732999933, 0.0 ], [ 118.763750860000073, -8.452757657999939, 0.0 ], [ 118.763618155000017, -8.452878512999973, 0.0 ], [ 118.763387761000104, -8.452944936999927, 0.0 ], [ 118.763376355000105, -8.453119294999965, 0.0 ], [ 118.763374813000041, -8.453142871999944, 0.0 ], [ 118.763411933000043, -8.453317231999961, 0.0 ], [ 118.763411287000054, -8.45332617899993, 0.0 ], [ 118.763421156000049, -8.453344004999963, 0.0 ], [ 118.763486344000057, -8.453496264999956, 0.0 ], [ 118.763496160000045, -8.453509012999973, 0.0 ], [ 118.763563049000027, -8.453642139999943, 0.0 ], [ 118.763516284000048, -8.453762386999927, 0.0 ], [ 118.763346173000059, -8.45386538799994, 0.0 ], [ 118.763052646, -8.454046392999942, 0.0 ], [ 118.763050361000069, -8.454057100999933, 0.0 ], [ 118.763032482000085, -8.454083740999977, 0.0 ], [ 118.762872042000026, -8.454277133999938, 0.0 ], [ 118.76279081000007, -8.454375050999943, 0.0 ], [ 118.762776331000055, -8.454389778999939, 0.0 ], [ 118.762766710000051, -8.45439956499996, 0.0 ], [ 118.762556473000018, -8.454519759999926, 0.0 ], [ 118.762531240000044, -8.454533923999975, 0.0 ], [ 118.762514472000021, -8.454543335999972, 0.0 ], [ 118.762502282000014, -8.454548031999934, 0.0 ], [ 118.762296819000085, -8.454571415999965, 0.0 ], [ 118.76189442000009, -8.454524440999933, 0.0 ], [ 118.761678305000032, -8.454552666999973, 0.0 ], [ 118.761670667000089, -8.454552665999927, 0.0 ], [ 118.761651572, -8.454552664999937, 0.0 ], [ 118.761345912000024, -8.454580667999949, 0.0 ], [ 118.760956595000039, -8.454801673999953, 0.0 ], [ 118.760731018000115, -8.454922039999929, 0.0 ], [ 118.760726469000019, -8.454926262999948, 0.0 ], [ 118.760449132000076, -8.454997262999939, 0.0 ], [ 118.76013506400011, -8.455091039999957, 0.0 ], [ 118.759893274000092, -8.455162644999973, 0.0 ], [ 118.75968818900003, -8.455201778999935, 0.0 ], [ 118.759680331000027, -8.455205666999973, 0.0 ], [ 118.759558456000036, -8.455190075999951, 0.0 ], [ 118.759560406000105, -8.455092088999947, 0.0 ], [ 118.759562541000037, -8.454984769999953, 0.0 ], [ 118.759597879000012, -8.454730543999972, 0.0 ], [ 118.759600941000031, -8.454708515999926, 0.0 ], [ 118.759673147000058, -8.454505336999944, 0.0 ], [ 118.759678107000013, -8.454481513999951, 0.0 ], [ 118.75963572, -8.454443072999936, 0.0 ], [ 118.759623127000054, -8.454447898999945, 0.0 ], [ 118.75941617400008, -8.454524266999954, 0.0 ], [ 118.759196251000049, -8.454612934999943, 0.0 ], [ 118.75904756400007, -8.454739771999925, 0.0 ], [ 118.758918946000108, -8.454690463999952, 0.0 ], [ 118.7588936410001, -8.454625550999936, 0.0 ], [ 118.758874260000084, -8.454575833999968, 0.0 ], [ 118.758761702000015, -8.454418780999958, 0.0 ], [ 118.758498521000092, -8.454552437999951, 0.0 ], [ 118.758259494000072, -8.454690411999934, 0.0 ], [ 118.758106423000072, -8.454797094999947, 0.0 ], [ 118.758091753000031, -8.454810207999969, 0.0 ], [ 118.758073418000095, -8.454818921999959, 0.0 ], [ 118.757812156000114, -8.454818899999964, 0.0 ], [ 118.757589919000111, -8.454720162999934, 0.0 ], [ 118.757532964, -8.454694858999972, 0.0 ], [ 118.757490129000075, -8.454676779999943, 0.0 ], [ 118.757280497000011, -8.454712818999951, 0.0 ], [ 118.757273572000031, -8.45471729999997, 0.0 ], [ 118.757263477000038, -8.45472624599995, 0.0 ], [ 118.757161853000071, -8.454955415999962, 0.0 ], [ 118.757091861000049, -8.455150603999925, 0.0 ], [ 118.75696391200006, -8.455217103999928, 0.0 ], [ 118.756721561000063, -8.455274675999931, 0.0 ], [ 118.756658996000056, -8.455229775999953, 0.0 ], [ 118.756581537000102, -8.455174186999955, 0.0 ], [ 118.756570842000087, -8.45516970999995, 0.0 ], [ 118.756324345000053, -8.455066522999971, 0.0 ], [ 118.756111767000107, -8.454950488999941, 0.0 ], [ 118.756089901000109, -8.454938552999977, 0.0 ], [ 118.756071395000049, -8.45493773499993, 0.0 ], [ 118.755707887000085, -8.454921660999958, 0.0 ], [ 118.755459305000045, -8.454904688999932, 0.0 ], [ 118.755511412000033, -8.455021595999938, 0.0 ], [ 118.75551056200004, -8.455025697999929, 0.0 ], [ 118.755496597000047, -8.455055376999951, 0.0 ], [ 118.755443060000061, -8.455169156999943, 0.0 ], [ 118.755429698000057, -8.455197552999948, 0.0 ], [ 118.755429578000076, -8.45519815199998, 0.0 ], [ 118.755423481000093, -8.455228575999968, 0.0 ], [ 118.75542116500003, -8.45524013499994, 0.0 ], [ 118.755318854000052, -8.455436290999955, 0.0 ], [ 118.755286227000056, -8.455498844999966, 0.0 ], [ 118.755280916000061, -8.455509480999979, 0.0 ], [ 118.755274967000105, -8.455523606999975, 0.0 ], [ 118.755187785000089, -8.455735603999926, 0.0 ], [ 118.755175994000069, -8.455764275999968, 0.0 ], [ 118.755147810000039, -8.455975187999968, 0.0 ], [ 118.75508530500008, -8.456017423999981, 0.0 ], [ 118.754971740000087, -8.455959942999925, 0.0 ], [ 118.754824338000049, -8.455879425999967, 0.0 ], [ 118.754624697000054, -8.455767497999943, 0.0 ], [ 118.754439844000103, -8.455714352999962, 0.0 ], [ 118.754234286000042, -8.455650508999952, 0.0 ], [ 118.754107021000095, -8.455552445999956, 0.0 ], [ 118.753928645000087, -8.455451493999931, 0.0 ], [ 118.753754980000053, -8.455325481999978, 0.0 ], [ 118.753692915000101, -8.455324474999941, 0.0 ], [ 118.753543556000068, -8.455322051999929, 0.0 ], [ 118.753500375000044, -8.455321351999942, 0.0 ], [ 118.753444327000011, -8.455543550999948, 0.0 ], [ 118.753436158000113, -8.455575934999956, 0.0 ], [ 118.753377346000093, -8.455716761999952, 0.0 ], [ 118.753292735000059, -8.45594880799996, 0.0 ], [ 118.753193242000066, -8.456172038999966, 0.0 ], [ 118.753106015000071, -8.456330841999943, 0.0 ], [ 118.753037748000111, -8.45628680599998, 0.0 ], [ 118.753031367000062, -8.456280487999948, 0.0 ], [ 118.752851465000049, -8.456197696999936, 0.0 ], [ 118.752726802000097, -8.456411655999943, 0.0 ], [ 118.752657410000097, -8.456596652999963, 0.0 ], [ 118.752625058000035, -8.456682902999944, 0.0 ], [ 118.75262052100004, -8.456694656999957, 0.0 ], [ 118.752537904000064, -8.456879355999945, 0.0 ], [ 118.752529184000082, -8.456902008999975, 0.0 ], [ 118.752509252000095, -8.456930227999976, 0.0 ], [ 118.752464312000029, -8.456993641999929, 0.0 ], [ 118.752460135000092, -8.456999535999955, 0.0 ], [ 118.752748157000042, -8.457191707999925, 0.0 ], [ 118.753192514000034, -8.457375857999978, 0.0 ], [ 118.753473204000102, -8.457492181999953, 0.0 ], [ 118.753522179000015, -8.457512477999956, 0.0 ], [ 118.7535247940001, -8.457506921999936, 0.0 ], [ 118.753550733000111, -8.45745180199998, 0.0 ], [ 118.754181661000075, -8.457694597999932, 0.0 ], [ 118.754867765000085, -8.457958626999925, 0.0 ], [ 118.755135512000038, -8.457967126999961, 0.0 ], [ 118.755317483000113, -8.457972903999973, 0.0 ], [ 118.755197112000019, -8.458249707999926, 0.0 ], [ 118.755059316000029, -8.458628527999963, 0.0 ], [ 118.755023499000117, -8.45872699499995, 0.0 ], [ 118.755167505000031, -8.458788838999965, 0.0 ], [ 118.755156177000117, -8.458815651999942, 0.0 ], [ 118.755157717000088, -8.458816311999954, 0.0 ], [ 118.755157350000104, -8.458817186999966, 0.0 ], [ 118.756088170000112, -8.459264355999949, 0.0 ], [ 118.756753516000117, -8.459558495999943, 0.0 ], [ 118.75673543500011, -8.45977893099996, 0.0 ], [ 118.756730688000061, -8.459831122999958, 0.0 ], [ 118.756704206000109, -8.460122249999927, 0.0 ], [ 118.756702012, -8.46014637899998, 0.0 ], [ 118.75669704400002, -8.460199236999927, 0.0 ], [ 118.756660862000103, -8.460584229999938, 0.0 ], [ 118.756656091000082, -8.460635000999957, 0.0 ], [ 118.756648168000083, -8.460639589999971, 0.0 ], [ 118.75663028300005, -8.460649947999968, 0.0 ], [ 118.756566928000098, -8.46068663899996, 0.0 ], [ 118.756485237000106, -8.460730750999971, 0.0 ], [ 118.756340653000052, -8.460809516999973, 0.0 ], [ 118.756223593000072, -8.460880273999976, 0.0 ], [ 118.756219406000014, -8.460885249999933, 0.0 ], [ 118.75596866, -8.461043208999968, 0.0 ], [ 118.755740740000078, -8.461157497999977, 0.0 ], [ 118.755739043000062, -8.461159675999966, 0.0 ], [ 118.755598856, -8.461324518999959, 0.0 ], [ 118.755505638000045, -8.461387490999925, 0.0 ], [ 118.755339732000039, -8.461508263999974, 0.0 ], [ 118.755143899000018, -8.461630320999973, 0.0 ], [ 118.755142014000057, -8.461632598999927, 0.0 ], [ 118.755004002000078, -8.461762656999952, 0.0 ], [ 118.754998761000024, -8.46176904899994, 0.0 ], [ 118.754990343000031, -8.461781772999927, 0.0 ], [ 118.754939696000065, -8.461900670999967, 0.0 ], [ 118.754940634000036, -8.461995668999975, 0.0 ], [ 118.754945023000118, -8.461999445999936, 0.0 ], [ 118.755053623000094, -8.461969006999936, 0.0 ], [ 118.755058916000053, -8.461965167999949, 0.0 ], [ 118.755149281000058, -8.46194584899996, 0.0 ], [ 118.75515314300003, -8.46194584899996, 0.0 ], [ 118.755170526000029, -8.461945847999971, 0.0 ], [ 118.755185976, -8.461945847999971, 0.0 ], [ 118.755298660000108, -8.461957455999936, 0.0 ], [ 118.755310422000093, -8.461961309999936, 0.0 ], [ 118.755335792000096, -8.461968995999939, 0.0 ], [ 118.755347565000079, -8.46197473999996, 0.0 ], [ 118.75542185900008, -8.462033080999959, 0.0 ], [ 118.755427693000115, -8.46204047699996, 0.0 ], [ 118.755419611000093, -8.462220620999972, 0.0 ], [ 118.755419785000072, -8.462228936999963, 0.0 ], [ 118.755332186000032, -8.462394202999974, 0.0 ], [ 118.755330292000053, -8.462401892999935, 0.0 ], [ 118.755312687000014, -8.462543001999961, 0.0 ], [ 118.755312742000115, -8.462715257999946, 0.0 ], [ 118.755313073000025, -8.462721854999927, 0.0 ], [ 118.755309877000059, -8.462930010999969, 0.0 ], [ 118.755274176000057, -8.463068843999963, 0.0 ], [ 118.755191075000084, -8.46320822499996, 0.0 ], [ 118.755081672000074, -8.463348374999953, 0.0 ], [ 118.755079559000023, -8.463350670999944, 0.0 ], [ 118.754928196000037, -8.463473111999974, 0.0 ], [ 118.754926650000016, -8.463483035999957, 0.0 ], [ 118.754926518000048, -8.463483880999945, 0.0 ], [ 118.754864072000032, -8.463614756999959, 0.0 ], [ 118.754860661000066, -8.463624775999961, 0.0 ], [ 118.754727178000053, -8.463710742999979, 0.0 ], [ 118.754719688000023, -8.463712652999959, 0.0 ], [ 118.754714470000067, -8.463718367999945, 0.0 ], [ 118.75459554400004, -8.463805685999944, 0.0 ], [ 118.754592041000024, -8.463807498999927, 0.0 ], [ 118.754494906000104, -8.46383091499996, 0.0 ], [ 118.754491198000096, -8.463830915999949, 0.0 ], [ 118.754481927000029, -8.463830915999949, 0.0 ], [ 118.754472656000075, -8.463830915999949, 0.0 ], [ 118.754302044000042, -8.463812939999968, 0.0 ], [ 118.754125575000103, -8.463763490999952, 0.0 ], [ 118.754030576000105, -8.463699274999954, 0.0 ], [ 118.753926720000095, -8.463636426999926, 0.0 ], [ 118.753904311000042, -8.46362286599998, 0.0 ], [ 118.753755437000109, -8.463569482999958, 0.0 ], [ 118.753630537000049, -8.463693944999932, 0.0 ], [ 118.753628394000089, -8.463696633999973, 0.0 ], [ 118.753535778000014, -8.463891894999961, 0.0 ], [ 118.753490344000056, -8.464020524999967, 0.0 ], [ 118.753485031000082, -8.464032041999928, 0.0 ], [ 118.753431490000025, -8.464158882999925, 0.0 ], [ 118.753419713000085, -8.464186783999935, 0.0 ], [ 118.753395236000074, -8.464233300999979, 0.0 ], [ 118.753370530000097, -8.46428025299997, 0.0 ], [ 118.75332387200001, -8.464343936999967, 0.0 ], [ 118.753322332000039, -8.464346038999963, 0.0 ], [ 118.753276416000062, -8.464425891999952, 0.0 ], [ 118.753271468000094, -8.464435227999957, 0.0 ], [ 118.75325048600007, -8.464474823999979, 0.0 ], [ 118.753177670000014, -8.464549975999944, 0.0 ], [ 118.753132543000106, -8.464596549999953, 0.0 ], [ 118.75302930600003, -8.464670510999952, 0.0 ], [ 118.752897799000039, -8.46471889999998, 0.0 ], [ 118.752777189000085, -8.464748047999933, 0.0 ], [ 118.752610884000092, -8.464745223999955, 0.0 ], [ 118.752450752000072, -8.464747656999975, 0.0 ], [ 118.75233464900009, -8.464764513999967, 0.0 ], [ 118.752238138000052, -8.464817620999952, 0.0 ], [ 118.752155674000051, -8.464850463999937, 0.0 ], [ 118.752039219000039, -8.464901815999951, 0.0 ], [ 118.751945222000018, -8.464951667999969, 0.0 ], [ 118.75190004000001, -8.464979868999933, 0.0 ], [ 118.751787968000031, -8.465006234999976, 0.0 ], [ 118.751687988000072, -8.465028339999947, 0.0 ], [ 118.751563775000022, -8.465040985999963, 0.0 ], [ 118.751404266, -8.465023478999967, 0.0 ], [ 118.751393725000071, -8.465025453999942, 0.0 ], [ 118.751255670000091, -8.465051323999944, 0.0 ], [ 118.7511950170001, -8.465103107999937, 0.0 ], [ 118.751179899000022, -8.465251242999955, 0.0 ], [ 118.751153255000077, -8.465381269999966, 0.0 ], [ 118.751101366000057, -8.465478657999938, 0.0 ], [ 118.751056729000084, -8.465556355999979, 0.0 ], [ 118.751041547000113, -8.465642383999977, 0.0 ], [ 118.751029521000078, -8.465715031999935, 0.0 ], [ 118.750994266000021, -8.465873332999934, 0.0 ], [ 118.750988615000097, -8.466096313999969, 0.0 ], [ 118.751008833000014, -8.466195163999942, 0.0 ], [ 118.751031013000102, -8.466248507999978, 0.0 ], [ 118.751038510000058, -8.466356348999966, 0.0 ], [ 118.751039039000034, -8.466363963999981, 0.0 ], [ 118.751040895000074, -8.46647274299994, 0.0 ], [ 118.751060672000108, -8.46657739699998, 0.0 ], [ 118.751066319000074, -8.466664027999968, 0.0 ], [ 118.751057514000081, -8.466764748999935, 0.0 ], [ 118.751026727000067, -8.466846454999938, 0.0 ], [ 118.751000244000011, -8.46692587299998, 0.0 ], [ 118.750994148000018, -8.466944155999954, 0.0 ], [ 118.750959745000046, -8.467029380999975, 0.0 ], [ 118.750900299000023, -8.46713714599997, 0.0 ], [ 118.750861211000029, -8.467185288999929, 0.0 ], [ 118.75083087400003, -8.467193311999949, 0.0 ], [ 118.750777403000029, -8.467207451999968, 0.0 ], [ 118.750728146000029, -8.467215545999977, 0.0 ], [ 118.750692530000038, -8.467218404999926, 0.0 ], [ 118.750683249000076, -8.467220013999963, 0.0 ], [ 118.750621731000024, -8.467230682999968, 0.0 ], [ 118.750574093000068, -8.467220822999934, 0.0 ], [ 118.750508638000042, -8.467215551999971, 0.0 ], [ 118.750450847000025, -8.467207094999935, 0.0 ], [ 118.750385491000088, -8.467200315999946, 0.0 ], [ 118.750235010000097, -8.467184969999948, 0.0 ], [ 118.750088002000098, -8.46721251799994, 0.0 ], [ 118.750083378000113, -8.46721251799994, 0.0 ], [ 118.750008044000083, -8.467225232999965, 0.0 ], [ 118.749961187000054, -8.467239725999946, 0.0 ], [ 118.749916330000019, -8.467258729999969, 0.0 ], [ 118.749845006000101, -8.467284333999942, 0.0 ], [ 118.74968672600005, -8.467370880999965, 0.0 ], [ 118.749534975000074, -8.46744315199993, 0.0 ], [ 118.749332718, -8.467554713999959, 0.0 ], [ 118.749176808000016, -8.467660084999977, 0.0 ], [ 118.749418411000079, -8.467717254999968, 0.0 ], [ 118.749492922000059, -8.467869864999955, 0.0 ], [ 118.749678626000104, -8.467942526999934, 0.0 ], [ 118.749816803000044, -8.467980732999933, 0.0 ], [ 118.749891541000011, -8.468042045999937, 0.0 ], [ 118.74999493200005, -8.46808034299994, 0.0 ], [ 118.750116303000027, -8.468123392999928, 0.0 ], [ 118.750235004000047, -8.468202264999945, 0.0 ], [ 118.750323840000078, -8.468295436999938, 0.0 ], [ 118.750419097000076, -8.468371365999928, 0.0 ], [ 118.750468762000082, -8.468369991999964, 0.0 ], [ 118.750472218000027, -8.468369895999956, 0.0 ], [ 118.750490260000106, -8.468369396999947, 0.0 ], [ 118.750567231000105, -8.468357460999925, 0.0 ], [ 118.750646897000024, -8.468340330999979, 0.0 ], [ 118.750717322000014, -8.468339452999942, 0.0 ], [ 118.750789620000091, -8.468338550999931, 0.0 ], [ 118.750888571000019, -8.46839728499998, 0.0 ], [ 118.750891538000019, -8.468399645999966, 0.0 ], [ 118.750891863000106, -8.468399904999956, 0.0 ], [ 118.750983273000088, -8.468472665999968, 0.0 ], [ 118.751063564000106, -8.468598707999945, 0.0 ], [ 118.751106521000111, -8.468627697999977, 0.0 ], [ 118.751150012000039, -8.468647071999953, 0.0 ], [ 118.751177676000111, -8.468669379999938, 0.0 ], [ 118.751206450000041, -8.468682053999942, 0.0 ], [ 118.751277106000089, -8.468756789999929, 0.0 ], [ 118.751277297000115, -8.468756991999953, 0.0 ], [ 118.751280625000049, -8.468762575999961, 0.0 ], [ 118.751337187000104, -8.468857469999932, 0.0 ], [ 118.75135066900009, -8.468955318999974, 0.0 ], [ 118.751338809000117, -8.469069764999972, 0.0 ], [ 118.751302979000116, -8.469126449999976, 0.0 ], [ 118.751251549000017, -8.469156323999925, 0.0 ], [ 118.751218172000108, -8.469175710999934, 0.0 ], [ 118.751099481000097, -8.469303332999971, 0.0 ], [ 118.751031071000057, -8.469408220999981, 0.0 ], [ 118.751024081000082, -8.469416648999982, 0.0 ], [ 118.750960319000114, -8.46949352799993, 0.0 ], [ 118.750946247000115, -8.469607834999977, 0.0 ], [ 118.750934510000093, -8.469729914999959, 0.0 ], [ 118.750928819000023, -8.469789105999951, 0.0 ], [ 118.750922143000025, -8.469855098999972, 0.0 ], [ 118.750845463000019, -8.469970789999934, 0.0 ], [ 118.750735144000032, -8.470102702999952, 0.0 ], [ 118.750730146000024, -8.47011059099998, 0.0 ], [ 118.750728270000081, -8.47011355199993, 0.0 ], [ 118.750726016000044, -8.470117108999943, 0.0 ], [ 118.750632445000065, -8.470235255999967, 0.0 ], [ 118.750553984000021, -8.470413053999948, 0.0 ], [ 118.750428816000067, -8.470549003999963, 0.0 ], [ 118.750374911000108, -8.470693604999951, 0.0 ], [ 118.750340670000014, -8.470746920999943, 0.0 ], [ 118.75027904, -8.470864745999961, 0.0 ], [ 118.75031725100007, -8.470878107999965, 0.0 ], [ 118.750350487000105, -8.470897957999966, 0.0 ], [ 118.750396489000082, -8.47093388199994, 0.0 ], [ 118.750397716000066, -8.470934840999973, 0.0 ], [ 118.750456034000081, -8.470987672999968, 0.0 ], [ 118.750502550000078, -8.47102063899996, 0.0 ], [ 118.750577664000048, -8.471068256999956, 0.0 ], [ 118.750557302000061, -8.471126324999943, 0.0 ], [ 118.750540872000101, -8.471217622999973, 0.0 ], [ 118.750541288000022, -8.471230774999981, 0.0 ], [ 118.750528974000076, -8.471285265999938, 0.0 ], [ 118.750529150000034, -8.471290393999936, 0.0 ], [ 118.750505849000092, -8.471351108999954, 0.0 ], [ 118.750505948000068, -8.471353606999969, 0.0 ], [ 118.750502814000015, -8.471401925999942, 0.0 ], [ 118.75056802600011, -8.471429784999941, 0.0 ], [ 118.750578211000061, -8.471472934999952, 0.0 ], [ 118.750578332000032, -8.471477680999953, 0.0 ], [ 118.750555322000082, -8.471533908999959, 0.0 ], [ 118.7505246610001, -8.471604598999932, 0.0 ], [ 118.750494812000056, -8.471691012999941, 0.0 ], [ 118.750501235000115, -8.47179402699993, 0.0 ], [ 118.750506939000047, -8.471814155999937, 0.0 ], [ 118.750512497000045, -8.471831286999929, 0.0 ], [ 118.750513985000111, -8.471939955999972, 0.0 ], [ 118.750514183000064, -8.471945406999964, 0.0 ], [ 118.750527318000081, -8.472046802999955, 0.0 ], [ 118.75054912500002, -8.472141728999929, 0.0 ], [ 118.75055868000004, -8.472230687999968, 0.0 ], [ 118.75057938000009, -8.472328111999957, 0.0 ], [ 118.750579445000085, -8.472330937999971, 0.0 ], [ 118.750607887000115, -8.472411566999938, 0.0 ], [ 118.750611760000083, -8.472495029999948, 0.0 ], [ 118.750603285000011, -8.472569459999931, 0.0 ], [ 118.750599657000066, -8.472601316999942, 0.0 ], [ 118.750599863000048, -8.472611445999974, 0.0 ], [ 118.750623896000093, -8.472663949999969, 0.0 ], [ 118.750635543000044, -8.472676285999967, 0.0 ], [ 118.750640185000066, -8.472681202999979, 0.0 ], [ 118.750681679000081, -8.472760913999934, 0.0 ], [ 118.750686194000082, -8.472765660999926, 0.0 ], [ 118.750701897000113, -8.472840338999958, 0.0 ], [ 118.75070410100011, -8.472849509999946, 0.0 ], [ 118.750723594000078, -8.472923814999945, 0.0 ], [ 118.750725755000076, -8.47292602999994, 0.0 ], [ 118.750738215000069, -8.472993646999953, 0.0 ], [ 118.750753893000024, -8.47307871199996, 0.0 ], [ 118.750742232000107, -8.473130896999976, 0.0 ], [ 118.750716768000075, -8.473222368999927, 0.0 ], [ 118.750716774000011, -8.473229021999941, 0.0 ], [ 118.75070594400006, -8.473333261999926, 0.0 ], [ 118.750673378000101, -8.473358685999926, 0.0 ], [ 118.750667970000109, -8.473361846999978, 0.0 ], [ 118.750646435000021, -8.47337760299996, 0.0 ], [ 118.750603797000053, -8.473408798999969, 0.0 ], [ 118.750536870000019, -8.47349421499996, 0.0 ], [ 118.750516794000077, -8.473585540999977, 0.0 ], [ 118.750500834000036, -8.473609954999972, 0.0 ], [ 118.750474328000109, -8.473657767999953, 0.0 ], [ 118.750461152000071, -8.47374687699994, 0.0 ], [ 118.750449901000025, -8.47374687599995, 0.0 ], [ 118.750348640000084, -8.473746869999957, 0.0 ], [ 118.75032571700001, -8.473750247999931, 0.0 ], [ 118.75023486300006, -8.473845185999949, 0.0 ], [ 118.750233365000099, -8.47385503199996, 0.0 ], [ 118.750230479000038, -8.473874011999953, 0.0 ], [ 118.750219195000113, -8.473922624999943, 0.0 ], [ 118.750208333000046, -8.473979764999967, 0.0 ], [ 118.750190621000115, -8.47407095899996, 0.0 ], [ 118.75018999100007, -8.474076922999927, 0.0 ], [ 118.750168927000118, -8.474153202999958, 0.0 ], [ 118.750167738000073, -8.474164733999942, 0.0 ], [ 118.750166850000028, -8.474173346999976, 0.0 ], [ 118.750151263000021, -8.474215281999932, 0.0 ], [ 118.750128259, -8.474277168999947, 0.0 ], [ 118.750124133000099, -8.474293595999939, 0.0 ], [ 118.750120819000017, -8.474301767999975, 0.0 ], [ 118.750047610000024, -8.474423693999938, 0.0 ], [ 118.750039182000023, -8.47443657599996, 0.0 ], [ 118.750033658, -8.474444270999982, 0.0 ], [ 118.749928233000105, -8.474529750999977, 0.0 ], [ 118.749790167000015, -8.474566473999971, 0.0 ], [ 118.749780366000095, -8.474576168999931, 0.0 ], [ 118.749768234000044, -8.474585821999938, 0.0 ], [ 118.749757241000111, -8.474588953999955, 0.0 ], [ 118.749646839000093, -8.474620409999943, 0.0 ], [ 118.74931738500004, -8.474689497999975, 0.0 ], [ 118.749317115000053, -8.474689366999939, 0.0 ], [ 118.748994711000023, -8.474755898999945, 0.0 ], [ 118.748772368000118, -8.474758083999973, 0.0 ], [ 118.748331176000079, -8.47476194199993, 0.0 ], [ 118.747832043000017, -8.474677880999934, 0.0 ], [ 118.747825978000037, -8.474676859999931, 0.0 ], [ 118.747822645000042, -8.474676297999963, 0.0 ], [ 118.747784784000032, -8.474669921999975, 0.0 ], [ 118.747707286000036, -8.474651342999948, 0.0 ], [ 118.747636062000083, -8.474626480999973, 0.0 ], [ 118.747595060000094, -8.474601514999961, 0.0 ], [ 118.747577954, -8.474582720999933, 0.0 ], [ 118.747419909000087, -8.474563854999928, 0.0 ], [ 118.747341112000072, -8.474544934999926, 0.0 ], [ 118.747323242000107, -8.474532289999956, 0.0 ], [ 118.747083988000099, -8.474519599999951, 0.0 ], [ 118.747034914000096, -8.474513250999962, 0.0 ], [ 118.746961386000066, -8.47448779299998, 0.0 ], [ 118.74693684600004, -8.474475023999958, 0.0 ], [ 118.746723236000093, -8.474465170999963, 0.0 ], [ 118.74638041500009, -8.474449358999948, 0.0 ], [ 118.746142780000014, -8.474404238999966, 0.0 ], [ 118.746123389000104, -8.474391288999925, 0.0 ], [ 118.745703302000038, -8.474284777999969, 0.0 ], [ 118.745632417000024, -8.474266805999946, 0.0 ], [ 118.745579969000119, -8.474240265999981, 0.0 ], [ 118.745579829, -8.474240478999945, 0.0 ], [ 118.745576320000055, -8.474245837999945, 0.0 ], [ 118.745459837000112, -8.474423734999959, 0.0 ], [ 118.745432378000032, -8.474482574999968, 0.0 ] ] ] ] } }
]
}
