{
"type": "FeatureCollection",
"name": "53.18_Sumba_Barat_Daya_kecamatan",
"crs": { "type": "name", "properties": { "name": "urn:ogc:def:crs:EPSG::4979" } },
"features": [
{ "type": "Feature", "properties": { "nm_kecamatan": "Loura" }, "geometry": { "type": "MultiPolygon", "coordinates": [ [ [ [ 119.318704780000076, -9.480258846999959, 0.0 ], [ 119.318419222000102, -9.48016156999995, 0.0 ], [ 119.318197092000105, -9.480124975999956, 0.0 ], [ 119.317940142000111, -9.480220374999931, 0.0 ], [ 119.317744028000106, -9.480342768999947, 0.0 ], [ 119.317637622, -9.480483498999945, 0.0 ], [ 119.317550907000054, -9.480885454999964, 0.0 ], [ 119.31732287400007, -9.481432158999951, 0.0 ], [ 119.317284326000049, -9.481568735999929, 0.0 ], [ 119.31722852900009, -9.48184355199993, 0.0 ], [ 119.316785593000077, -9.482347597999933, 0.0 ], [ 119.316648334000092, -9.482566018999933, 0.0 ], [ 119.316572022000059, -9.482698166999967, 0.0 ], [ 119.316357447000087, -9.482822183999929, 0.0 ], [ 119.316216194000049, -9.482903822999958, 0.0 ], [ 119.315953057000115, -9.483054736999975, 0.0 ], [ 119.315483525000104, -9.483510973999955, 0.0 ], [ 119.315293907000068, -9.483806299999969, 0.0 ], [ 119.315151455000091, -9.484415395999974, 0.0 ], [ 119.315101755000114, -9.484566019999932, 0.0 ], [ 119.31498870900009, -9.484749758999953, 0.0 ], [ 119.31487499800005, -9.484838441999955, 0.0 ], [ 119.314510332000054, -9.484992189999957, 0.0 ], [ 119.314122066000095, -9.48513133299997, 0.0 ], [ 119.31389518800006, -9.485221235999973, 0.0 ], [ 119.313566865000098, -9.485327677999976, 0.0 ], [ 119.313280018000114, -9.485453033999931, 0.0 ], [ 119.313043863000075, -9.485656054999936, 0.0 ], [ 119.312888325000017, -9.485861541999952, 0.0 ], [ 119.312709564000102, -9.486071651999964, 0.0 ], [ 119.312477505000061, -9.48623194399994, 0.0 ], [ 119.312368895000077, -9.486249757999929, 0.0 ], [ 119.312228627000081, -9.486271594999948, 0.0 ], [ 119.312036205000027, -9.486316500999976, 0.0 ], [ 119.311631533000082, -9.486621700999933, 0.0 ], [ 119.311460810000085, -9.486801361999937, 0.0 ], [ 119.311306620000096, -9.487052613999936, 0.0 ], [ 119.311149796000109, -9.487265985999954, 0.0 ], [ 119.310781205000012, -9.487650828999961, 0.0 ], [ 119.310582013000044, -9.48780316999995, 0.0 ], [ 119.310522975000026, -9.487827301999971, 0.0 ], [ 119.310431061000031, -9.487868879999951, 0.0 ], [ 119.310199518000104, -9.487965144999976, 0.0 ], [ 119.309905019000098, -9.488338880999947, 0.0 ], [ 119.309776747000114, -9.48844850699993, 0.0 ], [ 119.30967277700006, -9.488505116999931, 0.0 ], [ 119.30961659400009, -9.488535688999946, 0.0 ], [ 119.309449228000062, -9.488672520999955, 0.0 ], [ 119.309323826000082, -9.488791549999974, 0.0 ], [ 119.309261859000117, -9.488923596999939, 0.0 ], [ 119.309308311000109, -9.489085674999956, 0.0 ], [ 119.309369419000063, -9.489367160999961, 0.0 ], [ 119.309368215000063, -9.489536139999927, 0.0 ], [ 119.309181514000102, -9.48985289899997, 0.0 ], [ 119.309027903000015, -9.490382267999962, 0.0 ], [ 119.308970438000074, -9.49054414099993, 0.0 ], [ 119.30883712800005, -9.49062381799996, 0.0 ], [ 119.308474138000065, -9.490840726999977, 0.0 ], [ 119.30821013100001, -9.491005127999927, 0.0 ], [ 119.307777717000022, -9.491287389999968, 0.0 ], [ 119.30737453800009, -9.491444957999931, 0.0 ], [ 119.307249034000051, -9.491514326999948, 0.0 ], [ 119.30723674, -9.49162103499998, 0.0 ], [ 119.307211468000105, -9.491899143999944, 0.0 ], [ 119.307037982000111, -9.492191876999925, 0.0 ], [ 119.30695971800003, -9.492404313999941, 0.0 ], [ 119.306993891000047, -9.492470110999932, 0.0 ], [ 119.306984457000112, -9.492672667999955, 0.0 ], [ 119.306979696000099, -9.492774962999931, 0.0 ], [ 119.306943765000028, -9.493102836999981, 0.0 ], [ 119.306959927000094, -9.493317413999932, 0.0 ], [ 119.30699927, -9.493476749999957, 0.0 ], [ 119.306911600000035, -9.493740564999939, 0.0 ], [ 119.306742954000015, -9.493968176999942, 0.0 ], [ 119.306381028000033, -9.494245217999946, 0.0 ], [ 119.306245772000011, -9.494299914999942, 0.0 ], [ 119.306128515000069, -9.494305159999954, 0.0 ], [ 119.306012138000028, -9.494072876999951, 0.0 ], [ 119.30593129500005, -9.493974954999942, 0.0 ], [ 119.305793874000074, -9.493948982999939, 0.0 ], [ 119.305373500000087, -9.494208456999957, 0.0 ], [ 119.30523392200007, -9.494279893999931, 0.0 ], [ 119.304894855000043, -9.494197002999954, 0.0 ], [ 119.304694014, -9.494247770999948, 0.0 ], [ 119.304506356000047, -9.494173204999981, 0.0 ], [ 119.304361610000115, -9.494179641999949, 0.0 ], [ 119.304144268000073, -9.494291718999932, 0.0 ], [ 119.303948169000023, -9.494450205999954, 0.0 ], [ 119.303855357000089, -9.494571252999947, 0.0 ], [ 119.30383266900003, -9.494743160999974, 0.0 ], [ 119.303837234000071, -9.494851409999967, 0.0 ], [ 119.303670312, -9.494915161999927, 0.0 ], [ 119.303101450000099, -9.494909734999965, 0.0 ], [ 119.302983028000085, -9.494917169999951, 0.0 ], [ 119.302799642000082, -9.495045327999946, 0.0 ], [ 119.302666998000063, -9.495210544999964, 0.0 ], [ 119.302516805000096, -9.495415049999963, 0.0 ], [ 119.301926532000039, -9.495575222999946, 0.0 ], [ 119.301718797000035, -9.495585890999962, 0.0 ], [ 119.301553464000108, -9.495607470999971, 0.0 ], [ 119.301520667000091, -9.495622130999948, 0.0 ], [ 119.301246975000026, -9.495744524999964, 0.0 ], [ 119.301153040000031, -9.495783998999968, 0.0 ], [ 119.30114987200011, -9.495785329999933, 0.0 ], [ 119.300966666000022, -9.495862318999968, 0.0 ], [ 119.300809082000114, -9.495739772999968, 0.0 ], [ 119.300708520000057, -9.495334653999976, 0.0 ], [ 119.300565898000059, -9.495215176999977, 0.0 ], [ 119.300458863000017, -9.495211057999938, 0.0 ], [ 119.300322236000056, -9.495235617999981, 0.0 ], [ 119.300146484000038, -9.495222095999964, 0.0 ], [ 119.300096957000051, -9.495216672999959, 0.0 ], [ 119.299811358000056, -9.495097677999979, 0.0 ], [ 119.299439923000023, -9.494943036999928, 0.0 ], [ 119.299251867000066, -9.494868899999972, 0.0 ], [ 119.299100551000038, -9.494583053999975, 0.0 ], [ 119.298924240000019, -9.494421974999966, 0.0 ], [ 119.298791926000035, -9.494243310999934, 0.0 ], [ 119.298647395000103, -9.494042631999946, 0.0 ], [ 119.298606452000058, -9.494004382999947, 0.0 ], [ 119.298364486000082, -9.493685612999968, 0.0 ], [ 119.298217178000073, -9.493561468999928, 0.0 ], [ 119.297886680000033, -9.493283855999948, 0.0 ], [ 119.297637679000104, -9.492902107999953, 0.0 ], [ 119.297470960000055, -9.492550437999967, 0.0 ], [ 119.297351740000067, -9.492389284999945, 0.0 ], [ 119.297237930000051, -9.492331674999946, 0.0 ], [ 119.29707488300005, -9.492403234999927, 0.0 ], [ 119.296878947000096, -9.492513577999944, 0.0 ], [ 119.296637460000056, -9.492565749999926, 0.0 ], [ 119.295554288000062, -9.492243917999929, 0.0 ], [ 119.295277412000019, -9.492161779999947, 0.0 ], [ 119.29509543100005, -9.491946404999965, 0.0 ], [ 119.294972323000025, -9.491857373999949, 0.0 ], [ 119.294706974000064, -9.491592655999966, 0.0 ], [ 119.294650035000018, -9.491480982999974, 0.0 ], [ 119.294643495000059, -9.491333359999942, 0.0 ], [ 119.294845261000091, -9.491223217999959, 0.0 ], [ 119.29460068000003, -9.491194345999929, 0.0 ], [ 119.294507895000038, -9.491183401999933, 0.0 ], [ 119.294229381000036, -9.491054187999964, 0.0 ], [ 119.294004694000023, -9.490882528999975, 0.0 ], [ 119.2936292280001, -9.490443096999968, 0.0 ], [ 119.293486773000041, -9.490411188999929, 0.0 ], [ 119.293308599000056, -9.490401187999964, 0.0 ], [ 119.293250738000097, -9.490418016999968, 0.0 ], [ 119.293538973000068, -9.489412452999943, 0.0 ], [ 119.293475038000111, -9.489235783999959, 0.0 ], [ 119.293302847000064, -9.488920280999935, 0.0 ], [ 119.293286384000112, -9.488732685999935, 0.0 ], [ 119.293397819, -9.488386011999978, 0.0 ], [ 119.293482306000101, -9.488159887999927, 0.0 ], [ 119.293479719000061, -9.487998362999974, 0.0 ], [ 119.293299822000108, -9.487621544999968, 0.0 ], [ 119.293115130000047, -9.48731528299993, 0.0 ], [ 119.293097022000097, -9.486892348999959, 0.0 ], [ 119.293002771000033, -9.486552146999941, 0.0 ], [ 119.292937757000118, -9.486239952999938, 0.0 ], [ 119.292969388000074, -9.48584358599993, 0.0 ], [ 119.293012367000074, -9.485692840999945, 0.0 ], [ 119.293036709000035, -9.485486872999957, 0.0 ], [ 119.293000531000075, -9.485163651999926, 0.0 ], [ 119.292966863000061, -9.484941266999954, 0.0 ], [ 119.292926553000029, -9.484675033999963, 0.0 ], [ 119.29270916400003, -9.483998205999967, 0.0 ], [ 119.292672745000118, -9.483745532999933, 0.0 ], [ 119.292592223000042, -9.483172378999939, 0.0 ], [ 119.292689569000117, -9.482979750999959, 0.0 ], [ 119.292924160000098, -9.482533373999956, 0.0 ], [ 119.292981996000094, -9.482364641999936, 0.0 ], [ 119.293060587000014, -9.482042313999955, 0.0 ], [ 119.293321083000023, -9.480974600999957, 0.0 ], [ 119.293308459000059, -9.480617649999942, 0.0 ], [ 119.293276143000071, -9.480403648999982, 0.0 ], [ 119.293202333000067, -9.480128742999966, 0.0 ], [ 119.293085798000106, -9.479619481999976, 0.0 ], [ 119.29297495600008, -9.479222016999927, 0.0 ], [ 119.29277511500004, -9.47855011799993, 0.0 ], [ 119.292674545000068, -9.478314008999973, 0.0 ], [ 119.292597431000104, -9.478133054999944, 0.0 ], [ 119.292378970000073, -9.477767273999973, 0.0 ], [ 119.292212735000021, -9.477513336999948, 0.0 ], [ 119.292119195000055, -9.477425465999943, 0.0 ], [ 119.291953956000043, -9.477270241999975, 0.0 ], [ 119.29171606500006, -9.477067771999941, 0.0 ], [ 119.291322584000113, -9.476720396999951, 0.0 ], [ 119.291063283000085, -9.476355305999959, 0.0 ], [ 119.290398689000085, -9.475763610999934, 0.0 ], [ 119.290109980000011, -9.475464648999946, 0.0 ], [ 119.289925800000105, -9.47495116999994, 0.0 ], [ 119.289645340000106, -9.474521912999933, 0.0 ], [ 119.289364566000017, -9.473808129999952, 0.0 ], [ 119.289247605000014, -9.473636773999942, 0.0 ], [ 119.289078887000073, -9.473528399999964, 0.0 ], [ 119.288751097000045, -9.473440250999943, 0.0 ], [ 119.288476969000044, -9.473375635999957, 0.0 ], [ 119.288088449000043, -9.473180922999973, 0.0 ], [ 119.288012039000023, -9.472957756999961, 0.0 ], [ 119.287935193000067, -9.472678959999939, 0.0 ], [ 119.287721874000113, -9.471905052999944, 0.0 ], [ 119.287655549000078, -9.471601188999955, 0.0 ], [ 119.288053409000099, -9.470577721999973, 0.0 ], [ 119.288075223000078, -9.47049455399997, 0.0 ], [ 119.288121324000031, -9.470319023999934, 0.0 ], [ 119.288115986000093, -9.470201109999948, 0.0 ], [ 119.287900879000063, -9.469945799999948, 0.0 ], [ 119.28767854900002, -9.469703405999951, 0.0 ], [ 119.287495470000067, -9.469421250999972, 0.0 ], [ 119.287439132000031, -9.469151785999941, 0.0 ], [ 119.287681753000015, -9.468393557999946, 0.0 ], [ 119.287721070000089, -9.468068365999954, 0.0 ], [ 119.287709602000064, -9.467761958999972, 0.0 ], [ 119.287624176, -9.467558252999936, 0.0 ], [ 119.287040525000066, -9.467029666999963, 0.0 ], [ 119.286734674000058, -9.466672397999957, 0.0 ], [ 119.28652764900005, -9.466328875999977, 0.0 ], [ 119.286460459000068, -9.466099458999963, 0.0 ], [ 119.286450608000109, -9.466065768999954, 0.0 ], [ 119.28645275100007, -9.465650844999971, 0.0 ], [ 119.286489828000072, -9.465145516999939, 0.0 ], [ 119.286608252000065, -9.464747848999934, 0.0 ], [ 119.286751405000018, -9.464468610999972, 0.0 ], [ 119.286934091000035, -9.464261885999974, 0.0 ], [ 119.287127281000039, -9.464134598999976, 0.0 ], [ 119.287404356000025, -9.464065550999976, 0.0 ], [ 119.287662762000082, -9.463993221999942, 0.0 ], [ 119.287805619000096, -9.463884830999973, 0.0 ], [ 119.287925768000036, -9.463682082999981, 0.0 ], [ 119.288012797000079, -9.463377998999931, 0.0 ], [ 119.28805361000002, -9.462875971999949, 0.0 ], [ 119.28801002900002, -9.462254702999928, 0.0 ], [ 119.287594731000013, -9.461236268999926, 0.0 ], [ 119.28745509700002, -9.460979412999961, 0.0 ], [ 119.28719227900001, -9.460679267999978, 0.0 ], [ 119.28695390300004, -9.46047490899997, 0.0 ], [ 119.286410359000115, -9.460143066999933, 0.0 ], [ 119.286129984000013, -9.459919174999982, 0.0 ], [ 119.286029828000096, -9.459754223999937, 0.0 ], [ 119.285894548000101, -9.459431471999949, 0.0 ], [ 119.285641780000105, -9.459092472999941, 0.0 ], [ 119.285435255000039, -9.45884922099998, 0.0 ], [ 119.285292371000082, -9.458525491999978, 0.0 ], [ 119.285226195000064, -9.458228109999936, 0.0 ], [ 119.285296670000093, -9.457989858999952, 0.0 ], [ 119.285371033000047, -9.457663443999934, 0.0 ], [ 119.285390595000081, -9.457256473999962, 0.0 ], [ 119.285166374000028, -9.456589798999971, 0.0 ], [ 119.285059015000115, -9.456225857999925, 0.0 ], [ 119.285025498000095, -9.455391160999966, 0.0 ], [ 119.285020199000087, -9.455159959999946, 0.0 ], [ 119.284965827000065, -9.454687193999973, 0.0 ], [ 119.284959965000098, -9.45439659799996, 0.0 ], [ 119.284752749000063, -9.453930536999962, 0.0 ], [ 119.284508390000042, -9.453099476999967, 0.0 ], [ 119.284342313000025, -9.452749629999971, 0.0 ], [ 119.28688106200002, -9.452791083999955, 0.0 ], [ 119.287158954, -9.452813289999938, 0.0 ], [ 119.287159019000114, -9.452813294999942, 0.0 ], [ 119.288574799000116, -9.452926427999955, 0.0 ], [ 119.288985362000062, -9.452957437999942, 0.0 ], [ 119.290466430000038, -9.453069305999975, 0.0 ], [ 119.292618639000011, -9.452724561999958, 0.0 ], [ 119.29447614500009, -9.452492703999951, 0.0 ], [ 119.294682107000085, -9.452463296999952, 0.0 ], [ 119.294805839000105, -9.452444260999926, 0.0 ], [ 119.295005714000013, -9.452401430999942, 0.0 ], [ 119.295115169000042, -9.452358599999968, 0.0 ], [ 119.295272214000079, -9.452315769999927, 0.0 ], [ 119.295367392000117, -9.452277698999978, 0.0 ], [ 119.295481606000067, -9.452211073999933, 0.0 ], [ 119.295595820000017, -9.452115894999963, 0.0 ], [ 119.295652928000095, -9.452049269999975, 0.0 ], [ 119.295793433000085, -9.451670168999954, 0.0 ], [ 119.295841806000112, -9.451452489999951, 0.0 ], [ 119.295900257000085, -9.451189461999945, 0.0 ], [ 119.296003050000081, -9.450726894999946, 0.0 ], [ 119.296125013000051, -9.450178061999964, 0.0 ], [ 119.296361593000029, -9.449113451999949, 0.0 ], [ 119.296558444000084, -9.448227620999944, 0.0 ], [ 119.296452426000087, -9.448127918999944, 0.0 ], [ 119.296395319000112, -9.448059389999969, 0.0 ], [ 119.296275395000066, -9.447985150999955, 0.0 ], [ 119.296201155000062, -9.447939464999934, 0.0 ], [ 119.296052677000034, -9.447905200999969, 0.0 ], [ 119.295904199, -9.447882357999958, 0.0 ], [ 119.295727167000109, -9.447870936999948, 0.0 ], [ 119.295515871000021, -9.447848093999937, 0.0 ], [ 119.295000686000094, -9.447842101999981, 0.0 ], [ 119.29437908400007, -9.447927843999935, 0.0 ], [ 119.29360404900001, -9.44803474899993, 0.0 ], [ 119.292632155000092, -9.448168808999981, 0.0 ], [ 119.291636304, -9.448306173999981, 0.0 ], [ 119.290071664000038, -9.448293528999955, 0.0 ], [ 119.289462522, -9.448388707999982, 0.0 ], [ 119.288853380000091, -9.448483885999963, 0.0 ], [ 119.288225202000035, -9.448521956999969, 0.0 ], [ 119.28719727500004, -9.448617135999939, 0.0 ], [ 119.28651199, -9.448788456999978, 0.0 ], [ 119.284700122000118, -9.44926292699995, 0.0 ], [ 119.282178403000103, -9.449610764999932, 0.0 ], [ 119.281552979000026, -9.44959558499994, 0.0 ], [ 119.281003419000058, -9.449552173999962, 0.0 ], [ 119.280838609000057, -9.449508406999939, 0.0 ], [ 119.28063076400008, -9.44937736199995, 0.0 ], [ 119.279798639000091, -9.448882438999931, 0.0 ], [ 119.279557858000089, -9.448651793999943, 0.0 ], [ 119.27932166100004, -9.448403601999928, 0.0 ], [ 119.278881865000017, -9.448086366999974, 0.0 ], [ 119.278776296000046, -9.448002001999953, 0.0 ], [ 119.27880876100005, -9.447435895999945, 0.0 ], [ 119.278807517000018, -9.447129534999931, 0.0 ], [ 119.278838329000109, -9.445448940999938, 0.0 ], [ 119.27873893800006, -9.444707050999966, 0.0 ], [ 119.278662736000115, -9.44413824999998, 0.0 ], [ 119.278625076000026, -9.443583859999933, 0.0 ], [ 119.278578687000049, -9.443335780999973, 0.0 ], [ 119.278431558000079, -9.442829595999967, 0.0 ], [ 119.278593292000096, -9.442276167999978, 0.0 ], [ 119.278681687000017, -9.441999452999937, 0.0 ], [ 119.278692068000055, -9.441835202999926, 0.0 ], [ 119.278503018000038, -9.441410986999927, 0.0 ], [ 119.277700565000032, -9.440649004999955, 0.0 ], [ 119.277502089000109, -9.440422935999948, 0.0 ], [ 119.27738381000006, -9.440173595999966, 0.0 ], [ 119.277347250000048, -9.439888430999929, 0.0 ], [ 119.277383899000029, -9.439694126999939, 0.0 ], [ 119.27767338700005, -9.439303718999952, 0.0 ], [ 119.277762330000087, -9.439177879999932, 0.0 ], [ 119.277783828000111, -9.438671581999927, 0.0 ], [ 119.277791768000043, -9.438517033999972, 0.0 ], [ 119.277873455000076, -9.438277909999954, 0.0 ], [ 119.277860636000014, -9.438052287999938, 0.0 ], [ 119.277584324000031, -9.437287496999943, 0.0 ], [ 119.277875611000013, -9.436520602999963, 0.0 ], [ 119.277811521000103, -9.436066616999938, 0.0 ], [ 119.277623773000073, -9.435386149999943, 0.0 ], [ 119.277283463000117, -9.434544646999939, 0.0 ], [ 119.27648027400005, -9.43203699399993, 0.0 ], [ 119.276144011000042, -9.431087627999943, 0.0 ], [ 119.275419615000033, -9.429042418999927, 0.0 ], [ 119.27525080700002, -9.428565802999969, 0.0 ], [ 119.275234003000037, -9.428529140999956, 0.0 ], [ 119.274609339000108, -9.427165478999939, 0.0 ], [ 119.274226368000086, -9.426329427999974, 0.0 ], [ 119.273809779000089, -9.425488228999939, 0.0 ], [ 119.273683220000066, -9.425232669999957, 0.0 ], [ 119.273336556000118, -9.424532677999935, 0.0 ], [ 119.272485423000035, -9.42239634799995, 0.0 ], [ 119.271936557000117, -9.420511175999934, 0.0 ], [ 119.271742595000092, -9.419649130999971, 0.0 ], [ 119.271608302000118, -9.419052270999941, 0.0 ], [ 119.271254083000031, -9.417920085999981, 0.0 ], [ 119.271024801000067, -9.417224430999966, 0.0 ], [ 119.270709305000082, -9.416142676999925, 0.0 ], [ 119.270232489000023, -9.414862486999937, 0.0 ], [ 119.270143556000107, -9.414587356999959, 0.0 ], [ 119.270111438000072, -9.414485140999943, 0.0 ], [ 119.269744959000036, -9.414496166999982, 0.0 ], [ 119.269216719000042, -9.414524720999964, 0.0 ], [ 119.268821728000034, -9.414572309999926, 0.0 ], [ 119.268374389000087, -9.414638934999971, 0.0 ], [ 119.267679587000089, -9.41478170299996, 0.0 ], [ 119.267041891000076, -9.414919710999982, 0.0 ], [ 119.266418472000055, -9.415057719999936, 0.0 ], [ 119.265871196000035, -9.415181451999956, 0.0 ], [ 119.264786162000064, -9.415466986999945, 0.0 ], [ 119.263748717000112, -9.415747763999946, 0.0 ], [ 119.262758861000066, -9.416019021999944, 0.0 ], [ 119.262221103000115, -9.416171307999946, 0.0 ], [ 119.261678586000016, -9.416385458999969, 0.0 ], [ 119.260742117000063, -9.416830515999948, 0.0 ], [ 119.260146213000098, -9.417108815999939, 0.0 ], [ 119.25885414600009, -9.417535416999954, 0.0 ], [ 119.258797213000094, -9.417552604999969, 0.0 ], [ 119.258826076000105, -9.417650862999949, 0.0 ], [ 119.258819636000112, -9.417700905999936, 0.0 ], [ 119.258597959000099, -9.417777093999973, 0.0 ], [ 119.258391617000029, -9.417847778999942, 0.0 ], [ 119.257668568000099, -9.418107517999943, 0.0 ], [ 119.257464912000046, -9.41819792299998, 0.0 ], [ 119.256801739000025, -9.418486496999947, 0.0 ], [ 119.256470565000086, -9.418704107999929, 0.0 ], [ 119.256434775000116, -9.418744152999977, 0.0 ], [ 119.256398476000072, -9.418771412999945, 0.0 ], [ 119.256356340000025, -9.418806228999927, 0.0 ], [ 119.256325941000114, -9.418831345999934, 0.0 ], [ 119.254647103000025, -9.420218747999968, 0.0 ], [ 119.25442836600007, -9.420409249999977, 0.0 ], [ 119.25398946100006, -9.420712855999966, 0.0 ], [ 119.253843194000069, -9.420816656999932, 0.0 ], [ 119.253626410000038, -9.420962012999951, 0.0 ], [ 119.253241446000061, -9.421165981999934, 0.0 ], [ 119.252831399000115, -9.421413564999966, 0.0 ], [ 119.252323273000115, -9.421720307999976, 0.0 ], [ 119.25184885300007, -9.422001879999925, 0.0 ], [ 119.251703348000092, -9.422091124999952, 0.0 ], [ 119.250861898000039, -9.422607297999946, 0.0 ], [ 119.250654176000012, -9.422734714999933, 0.0 ], [ 119.250399608000066, -9.422878213999979, 0.0 ], [ 119.250077738000073, -9.423052921999954, 0.0 ], [ 119.250004243000035, -9.423092987999951, 0.0 ], [ 119.249338662000014, -9.423475794999945, 0.0 ], [ 119.249338470000112, -9.42353981399998, 0.0 ], [ 119.249338482000098, -9.423502991999953, 0.0 ], [ 119.249316408000027, -9.42350313299994, 0.0 ], [ 119.248559146000048, -9.423919578999971, 0.0 ], [ 119.247900770000115, -9.424267390999944, 0.0 ], [ 119.247858934000078, -9.424289492999947, 0.0 ], [ 119.24654876000011, -9.424981641999977, 0.0 ], [ 119.245744106000075, -9.423839165999937, 0.0 ], [ 119.245625488000087, -9.42349223399998, 0.0 ], [ 119.24564435000002, -9.423171578999927, 0.0 ], [ 119.245701457000109, -9.422500570999944, 0.0 ], [ 119.245587243000045, -9.421715348999953, 0.0 ], [ 119.245419091000031, -9.42098668899996, 0.0 ], [ 119.245149978000086, -9.418744093999976, 0.0 ], [ 119.245210635000035, -9.418253601999936, 0.0 ], [ 119.245273154000074, -9.41803194299996, 0.0 ], [ 119.245615797000028, -9.416532882999945, 0.0 ], [ 119.2457157340001, -9.415462124999976, 0.0 ], [ 119.245858502000033, -9.414291430999981, 0.0 ], [ 119.245986992000098, -9.412949414999957, 0.0 ], [ 119.246003608000024, -9.412836427999935, 0.0 ], [ 119.243172924000078, -9.412105431999976, 0.0 ], [ 119.242259211000032, -9.411848449999979, 0.0 ], [ 119.241945122000061, -9.41152722299995, 0.0 ], [ 119.241902292000077, -9.411327347999929, 0.0 ], [ 119.241888015000086, -9.411163164999948, 0.0 ], [ 119.240310432000115, -9.410963289999927, 0.0 ], [ 119.236077371000079, -9.41039935799995, 0.0 ], [ 119.233271986000091, -9.410078130999977, 0.0 ], [ 119.232758023000088, -9.409985331999962, 0.0 ], [ 119.232650947000025, -9.409878255999956, 0.0 ], [ 119.232800853000072, -9.40884319099996, 0.0 ], [ 119.232836545000055, -9.408293534999927, 0.0 ], [ 119.232665938000082, -9.408232858999952, 0.0 ], [ 119.229610710000088, -9.407604680999953, 0.0 ], [ 119.228825488000098, -9.407319145999963, 0.0 ], [ 119.227804699000103, -9.406826597999952, 0.0 ], [ 119.227690485000039, -9.406633860999932, 0.0 ], [ 119.227669070000047, -9.405848638999942, 0.0 ], [ 119.228704135000044, -9.406141312999978, 0.0 ], [ 119.229667817000063, -9.406398294999974, 0.0 ], [ 119.230381655000087, -9.406455401999949, 0.0 ], [ 119.231716533000053, -9.406526784999926, 0.0 ], [ 119.233151348000092, -9.40664813799998, 0.0 ], [ 119.233451160000072, -9.406048513999963, 0.0 ], [ 119.234082907000015, -9.404898043999935, 0.0 ], [ 119.234499312000025, -9.403868926999962, 0.0 ], [ 119.234677772000055, -9.403214575999925, 0.0 ], [ 119.23468966900009, -9.402816015999974, 0.0 ], [ 119.23462423400008, -9.401578695999945, 0.0 ], [ 119.234612337000044, -9.401037368999937, 0.0 ], [ 119.234665875000019, -9.400757781999971, 0.0 ], [ 119.234653977000107, -9.40053173299998, 0.0 ], [ 119.234582594000017, -9.399776254999949, 0.0 ], [ 119.234546902000034, -9.398866110999961, 0.0 ], [ 119.234588542000097, -9.397616893999952, 0.0 ], [ 119.234606388000088, -9.397033925999949, 0.0 ], [ 119.23468966900009, -9.396700800999952, 0.0 ], [ 119.23486218000005, -9.396278446999929, 0.0 ], [ 119.234874078000075, -9.395975065999949, 0.0 ], [ 119.234772950000092, -9.395647889999964, 0.0 ], [ 119.234707515000082, -9.395124407999958, 0.0 ], [ 119.234642080000071, -9.394392723999943, 0.0 ], [ 119.234666707000088, -9.393874911999944, 0.0 ], [ 119.234581046000017, -9.393853495999963, 0.0 ], [ 119.234117051000112, -9.393567960999974, 0.0 ], [ 119.233695887000067, -9.393303840999977, 0.0 ], [ 119.233460320000063, -9.393011166999941, 0.0 ], [ 119.232853557000112, -9.39207603899996, 0.0 ], [ 119.232339594000109, -9.391376477999927, 0.0 ], [ 119.232096889000104, -9.391076664999957, 0.0 ], [ 119.232982048000054, -9.390969589999941, 0.0 ], [ 119.233196330000055, -9.390871445999949, 0.0 ], [ 119.233240186000103, -9.389918402999967, 0.0 ], [ 119.232986523000022, -9.389139968999928, 0.0 ], [ 119.232736343000056, -9.388762613999972, 0.0 ], [ 119.231905788000063, -9.387584053999944, 0.0 ], [ 119.230712725000103, -9.386794667999936, 0.0 ], [ 119.22994669000002, -9.386089356999946, 0.0 ], [ 119.229456117000041, -9.385555899999929, 0.0 ], [ 119.229663130000063, -9.385345317999963, 0.0 ], [ 119.229708470000105, -9.38541902299994, 0.0 ], [ 119.229717864, -9.385411043999966, 0.0 ], [ 119.229723301000035, -9.385406425999975, 0.0 ], [ 119.230021485000066, -9.385075769999958, 0.0 ], [ 119.230583762000037, -9.38451835799998, 0.0 ], [ 119.23070125400011, -9.384401882999953, 0.0 ], [ 119.231003843000053, -9.38410198899993, 0.0 ], [ 119.230994642000041, -9.384093829999927, 0.0 ], [ 119.230978922000077, -9.384079889999953, 0.0 ], [ 119.230405522000069, -9.383571429999961, 0.0 ], [ 119.230487613000037, -9.383492906999948, 0.0 ], [ 119.231084548000013, -9.384022002999927, 0.0 ], [ 119.23116040900004, -9.38394681799997, 0.0 ], [ 119.231162966000056, -9.383941228999959, 0.0 ], [ 119.231316647000085, -9.383605300999932, 0.0 ], [ 119.231519803000083, -9.383041723999952, 0.0 ], [ 119.232250630000067, -9.38221223599993, 0.0 ], [ 119.233237828000028, -9.381338065999955, 0.0 ], [ 119.233412885, -9.381235689999926, 0.0 ], [ 119.233449991000043, -9.381203051999933, 0.0 ], [ 119.234854381000105, -9.379954378999969, 0.0 ], [ 119.235029638000015, -9.379798544999971, 0.0 ], [ 119.23514422300002, -9.379696657999943, 0.0 ], [ 119.235633249000102, -9.379350459999955, 0.0 ], [ 119.23595957200007, -9.379141597999933, 0.0 ], [ 119.236345999000036, -9.378894265999975, 0.0 ], [ 119.236676465000073, -9.378663285999949, 0.0 ], [ 119.237657201000047, -9.37807430099997, 0.0 ], [ 119.237920559000031, -9.377932007999959, 0.0 ], [ 119.238654567000026, -9.377638783999942, 0.0 ], [ 119.240150834000019, -9.37710655799998, 0.0 ], [ 119.240944610000042, -9.376899178999963, 0.0 ], [ 119.241633911, -9.376831600999935, 0.0 ], [ 119.242343139000013, -9.376739752999981, 0.0 ], [ 119.242521134000071, -9.376709409999933, 0.0 ], [ 119.242558283000108, -9.376636465999979, 0.0 ], [ 119.2426491760001, -9.376459859999954, 0.0 ], [ 119.242745371000069, -9.376414800999953, 0.0 ], [ 119.242921151000019, -9.376334373999953, 0.0 ], [ 119.243136510000113, -9.376263346999963, 0.0 ], [ 119.243549116000054, -9.376092398999958, 0.0 ], [ 119.243714490000116, -9.376050006999947, 0.0 ], [ 119.243884808000075, -9.376011714999947, 0.0 ], [ 119.244472724000047, -9.375805189999937, 0.0 ], [ 119.244535453000026, -9.375697582999976, 0.0 ], [ 119.244614428000091, -9.375581002999979, 0.0 ], [ 119.244755043000055, -9.375534039999934, 0.0 ], [ 119.244949721000012, -9.375467296999943, 0.0 ], [ 119.24506456600011, -9.375358376999941, 0.0 ], [ 119.245081387000027, -9.375307487999976, 0.0 ], [ 119.245436754000025, -9.375154613999939, 0.0 ], [ 119.245588688000112, -9.37500025099996, 0.0 ], [ 119.245770447000041, -9.374815586999944, 0.0 ], [ 119.246756222000045, -9.374170375999938, 0.0 ], [ 119.246883609000065, -9.374108472999978, 0.0 ], [ 119.247225030000095, -9.373919876999935, 0.0 ], [ 119.247613973000057, -9.373721696999951, 0.0 ], [ 119.247701390000088, -9.373683192999977, 0.0 ], [ 119.247956269000042, -9.373565561999953, 0.0 ], [ 119.24932389300011, -9.372980944999938, 0.0 ], [ 119.249650114000019, -9.372809667999945, 0.0 ], [ 119.249999891000016, -9.372648770999945, 0.0 ], [ 119.250096604000078, -9.372604291999949, 0.0 ], [ 119.250518557000078, -9.372382784999957, 0.0 ], [ 119.251641979000055, -9.371933118999948, 0.0 ], [ 119.25190128700001, -9.371775054999944, 0.0 ], [ 119.252264336000053, -9.371485843999949, 0.0 ], [ 119.252492204000077, -9.371438704999946, 0.0 ], [ 119.253423191000024, -9.371176119999973, 0.0 ], [ 119.253732307000064, -9.37102826399996, 0.0 ], [ 119.253771198000095, -9.370999540999946, 0.0 ], [ 119.253866319000053, -9.370889616999932, 0.0 ], [ 119.254131162000022, -9.370775962999971, 0.0 ], [ 119.254586058000086, -9.370611291999978, 0.0 ], [ 119.254911783000011, -9.37044082999995, 0.0 ], [ 119.25620918900006, -9.36984224899993, 0.0 ], [ 119.256649707000065, -9.369678646999944, 0.0 ], [ 119.257650301000012, -9.369465176999938, 0.0 ], [ 119.258017727000038, -9.36946065099994, 0.0 ], [ 119.258280312000011, -9.369449839999959, 0.0 ], [ 119.25847452000005, -9.369411440999954, 0.0 ], [ 119.258576393000112, -9.369353523999962, 0.0 ], [ 119.258963705000042, -9.369196564999982, 0.0 ], [ 119.259406175000095, -9.369098661999942, 0.0 ], [ 119.259820644000115, -9.369012103999978, 0.0 ], [ 119.261001315000044, -9.36864572099995, 0.0 ], [ 119.262431839000101, -9.368387131999953, 0.0 ], [ 119.263950582, -9.368182222999963, 0.0 ], [ 119.264711361000082, -9.36811677399993, 0.0 ], [ 119.266966033000017, -9.368192990999944, 0.0 ], [ 119.267574682000031, -9.368232209999974, 0.0 ], [ 119.268464512000037, -9.368419673999938, 0.0 ], [ 119.269376755000053, -9.368499655999926, 0.0 ], [ 119.270879041000057, -9.368414150999968, 0.0 ], [ 119.271379704000083, -9.36834294199997, 0.0 ], [ 119.271455561000039, -9.36833216399998, 0.0 ], [ 119.272046307000096, -9.368079819999934, 0.0 ], [ 119.272453898000094, -9.367749810999953, 0.0 ], [ 119.272716790000118, -9.367542201999981, 0.0 ], [ 119.273151627000061, -9.367289317999962, 0.0 ], [ 119.27353538300008, -9.367077600999949, 0.0 ], [ 119.274171068000101, -9.366691178999929, 0.0 ], [ 119.27432371000009, -9.366598378999981, 0.0 ], [ 119.274964362000105, -9.36622781799997, 0.0 ], [ 119.275292060000083, -9.366043099999956, 0.0 ], [ 119.275594888000114, -9.365781255999934, 0.0 ], [ 119.275967947000026, -9.365406869999958, 0.0 ], [ 119.276251488000071, -9.365196700999945, 0.0 ], [ 119.27683916400008, -9.364789504999976, 0.0 ], [ 119.277172802000109, -9.364578193999932, 0.0 ], [ 119.278203021000081, -9.364031349999948, 0.0 ], [ 119.278592711000101, -9.363809084999957, 0.0 ], [ 119.279085740000028, -9.363523612999927, 0.0 ], [ 119.279827624000063, -9.363141961999929, 0.0 ], [ 119.280376271000023, -9.362816789999954, 0.0 ], [ 119.28131028700011, -9.362221484999964, 0.0 ], [ 119.282673967000051, -9.361534504999952, 0.0 ], [ 119.284667941000066, -9.360479400999964, 0.0 ], [ 119.285163797000109, -9.360235024999952, 0.0 ], [ 119.285929261000092, -9.359844922999969, 0.0 ], [ 119.287429661000033, -9.359294748999957, 0.0 ], [ 119.289590301000089, -9.358589277999954, 0.0 ], [ 119.291760072000102, -9.357959599999958, 0.0 ], [ 119.292481309000095, -9.35777180499997, 0.0 ], [ 119.293452148000029, -9.357572596999944, 0.0 ], [ 119.294772223000109, -9.357410287999926, 0.0 ], [ 119.295011479000095, -9.357386307999946, 0.0 ], [ 119.295678476000035, -9.357319457999949, 0.0 ], [ 119.296431955000116, -9.357203364999975, 0.0 ], [ 119.298483991000012, -9.357095582999932, 0.0 ], [ 119.299170690000096, -9.357161678999944, 0.0 ], [ 119.299521900000059, -9.357198577999952, 0.0 ], [ 119.299558578000074, -9.357198785999969, 0.0 ], [ 119.300037870000097, -9.357257990999926, 0.0 ], [ 119.300557879000053, -9.357302991999973, 0.0 ], [ 119.301575878000108, -9.357491882999966, 0.0 ], [ 119.30226231600011, -9.357746516999953, 0.0 ], [ 119.303596441000082, -9.358254158999955, 0.0 ], [ 119.30396328300003, -9.358420738999939, 0.0 ], [ 119.304220913000108, -9.35853947499993, 0.0 ], [ 119.304645039000093, -9.358741051999971, 0.0 ], [ 119.305130409000071, -9.358962337999969, 0.0 ], [ 119.306315836000067, -9.359583887999975, 0.0 ], [ 119.306783848, -9.359846752999943, 0.0 ], [ 119.307960587000025, -9.36055078399994, 0.0 ], [ 119.308223832000067, -9.360727821999944, 0.0 ], [ 119.30864946600002, -9.361035694999941, 0.0 ], [ 119.309150481000074, -9.361385039999959, 0.0 ], [ 119.309753339000054, -9.361787990999971, 0.0 ], [ 119.310060503000045, -9.362025315999972, 0.0 ], [ 119.310711207000054, -9.362486195999963, 0.0 ], [ 119.312507302000085, -9.363866892999965, 0.0 ], [ 119.312996353000017, -9.364259334999929, 0.0 ], [ 119.313271306000047, -9.364505690999977, 0.0 ], [ 119.314096524000092, -9.36518551599994, 0.0 ], [ 119.314986436000027, -9.365941302999943, 0.0 ], [ 119.315367365000043, -9.366290706999962, 0.0 ], [ 119.315531115000113, -9.366423269999927, 0.0 ], [ 119.315801830000055, -9.366642427999977, 0.0 ], [ 119.316063037000049, -9.366842319999932, 0.0 ], [ 119.316498506000016, -9.367147194999973, 0.0 ], [ 119.316730737000057, -9.367303658999958, 0.0 ], [ 119.317064199000015, -9.367528335999964, 0.0 ], [ 119.31740684600004, -9.367728949999957, 0.0 ], [ 119.319409503000088, -9.368793333999974, 0.0 ], [ 119.319955289000063, -9.369013400999961, 0.0 ], [ 119.320256064000091, -9.369137690999935, 0.0 ], [ 119.321174098000029, -9.369639545999974, 0.0 ], [ 119.32160159700004, -9.36985772099996, 0.0 ], [ 119.322043988000019, -9.370041079999964, 0.0 ], [ 119.322547213, -9.370283502999939, 0.0 ], [ 119.322581726000067, -9.370300128999929, 0.0 ], [ 119.323096805000091, -9.370521159999953, 0.0 ], [ 119.32312106400002, -9.370531569999969, 0.0 ], [ 119.324452528000052, -9.371181575999969, 0.0 ], [ 119.324873693000086, -9.371395727999982, 0.0 ], [ 119.325373380000087, -9.371538494999982, 0.0 ], [ 119.327607694000108, -9.371988212999952, 0.0 ], [ 119.329521502000034, -9.372447803999933, 0.0 ], [ 119.330152713000075, -9.372545861999981, 0.0 ], [ 119.330950255000062, -9.372648430999959, 0.0 ], [ 119.332447517000105, -9.37290192599994, 0.0 ], [ 119.332875820000027, -9.372987586999955, 0.0 ], [ 119.333418337000012, -9.373058970999978, 0.0 ], [ 119.333807195000077, -9.373183143999938, 0.0 ], [ 119.334771873000022, -9.37349119199996, 0.0 ], [ 119.335117273000037, -9.373601487999963, 0.0 ], [ 119.335666923000076, -9.373717639999938, 0.0 ], [ 119.335738745000072, -9.373732817999951, 0.0 ], [ 119.337008944000104, -9.374001236999959, 0.0 ], [ 119.33775133600011, -9.37416541999994, 0.0 ], [ 119.338600804000066, -9.374258218999955, 0.0 ], [ 119.340114141000072, -9.37464369199995, 0.0 ], [ 119.340742318000025, -9.374743628999965, 0.0 ], [ 119.340927916000055, -9.374772182999948, 0.0 ], [ 119.34194870500005, -9.375043440999946, 0.0 ], [ 119.342783896000014, -9.375486020999972, 0.0 ], [ 119.343048016000012, -9.375585957999931, 0.0 ], [ 119.343141915000047, -9.375612461999935, 0.0 ], [ 119.343643223000072, -9.37575395999994, 0.0 ], [ 119.343933176000064, -9.375835801999926, 0.0 ], [ 119.344925411000077, -9.376171305999947, 0.0 ], [ 119.345183520000091, -9.37617569799994, 0.0 ], [ 119.345424490000028, -9.376291588999948, 0.0 ], [ 119.345903369000098, -9.376471117999927, 0.0 ], [ 119.346181766000086, -9.376592469999935, 0.0 ], [ 119.346731422000062, -9.376856590999978, 0.0 ], [ 119.347159725000097, -9.377092156999936, 0.0 ], [ 119.347287378000033, -9.377105747999963, 0.0 ], [ 119.348129420000078, -9.377195400999938, 0.0 ], [ 119.348137775000055, -9.377198243999942, 0.0 ], [ 119.348822968000036, -9.377784579999968, 0.0 ], [ 119.349191663000056, -9.377826995999953, 0.0 ], [ 119.349629605000018, -9.377877378999926, 0.0 ], [ 119.349772373000064, -9.377684642999952, 0.0 ], [ 119.349979386000086, -9.377541874999963, 0.0 ], [ 119.350214953000091, -9.377413384999954, 0.0 ], [ 119.350486098000033, -9.377234331999944, 0.0 ], [ 119.350487945000054, -9.377233979999971, 0.0 ], [ 119.350538500000084, -9.377238618999968, 0.0 ], [ 119.35097655200002, -9.377278817999979, 0.0 ], [ 119.351673612000013, -9.377240164999932, 0.0 ], [ 119.351964236000072, -9.377102818999958, 0.0 ], [ 119.352915461000066, -9.376965927999947, 0.0 ], [ 119.353134517000058, -9.376918240999942, 0.0 ], [ 119.353367465000019, -9.376847845999976, 0.0 ], [ 119.353898819000051, -9.376767839999957, 0.0 ], [ 119.354159393000032, -9.376775476999967, 0.0 ], [ 119.354454503000056, -9.376855083999942, 0.0 ], [ 119.354881128000102, -9.376936484999931, 0.0 ], [ 119.355278507000094, -9.376972912999975, 0.0 ], [ 119.356479613000033, -9.377158150999946, 0.0 ], [ 119.358723582000039, -9.377470237999944, 0.0 ], [ 119.360971580000069, -9.377759302999948, 0.0 ], [ 119.361348314000111, -9.377800535999938, 0.0 ], [ 119.362834854000084, -9.378072023999948, 0.0 ], [ 119.362872977000052, -9.378084955999952, 0.0 ], [ 119.363798750000115, -9.378279440999961, 0.0 ], [ 119.364312786000028, -9.378398236999942, 0.0 ], [ 119.365030551000018, -9.37855091299997, 0.0 ], [ 119.365488069000094, -9.378646301999936, 0.0 ], [ 119.366072691000113, -9.378734408999946, 0.0 ], [ 119.366836555000077, -9.378898061999962, 0.0 ], [ 119.366843662000065, -9.379190126999958, 0.0 ], [ 119.366848257000015, -9.379412030999958, 0.0 ], [ 119.367505436000101, -9.384825949999936, 0.0 ], [ 119.374381218000053, -9.395347913999956, 0.0 ], [ 119.378674414000102, -9.410016622999933, 0.0 ], [ 119.379131395000059, -9.411227665999945, 0.0 ], [ 119.379219502000069, -9.411435102999974, 0.0 ], [ 119.379280847000018, -9.411668424999959, 0.0 ], [ 119.379263889000072, -9.412030555999934, 0.0 ], [ 119.379551398000103, -9.412153530999944, 0.0 ], [ 119.379558388000078, -9.412155535999943, 0.0 ], [ 119.379650431000073, -9.41218194299995, 0.0 ], [ 119.379685549000101, -9.41219816499995, 0.0 ], [ 119.379884163000042, -9.412289912999938, 0.0 ], [ 119.379923597000015, -9.412308128999939, 0.0 ], [ 119.380058046000045, -9.412370236999948, 0.0 ], [ 119.380280802000016, -9.41247313599996, 0.0 ], [ 119.380606787000033, -9.412647856999968, 0.0 ], [ 119.380785832000015, -9.412750482999968, 0.0 ], [ 119.381059699000048, -9.412955662999934, 0.0 ], [ 119.381059720000053, -9.412955678999936, 0.0 ], [ 119.381126410000093, -9.41300563599998, 0.0 ], [ 119.38145063200011, -9.413232522999976, 0.0 ], [ 119.381405783000105, -9.413293809999971, 0.0 ], [ 119.381318463000071, -9.413399996999942, 0.0 ], [ 119.38131007000004, -9.413410201999966, 0.0 ], [ 119.381163478000076, -9.413588466999954, 0.0 ], [ 119.380876866000108, -9.413842367999962, 0.0 ], [ 119.380683729000111, -9.413918558999967, 0.0 ], [ 119.380448337000075, -9.414009304999979, 0.0 ], [ 119.380385694000097, -9.414043267999944, 0.0 ], [ 119.380384996000089, -9.414043646999971, 0.0 ], [ 119.380246757, -9.414118601999974, 0.0 ], [ 119.380230057000063, -9.414127657999927, 0.0 ], [ 119.380152902000077, -9.414169491999928, 0.0 ], [ 119.379986756000108, -9.414303884999981, 0.0 ], [ 119.379876461000094, -9.414451788999941, 0.0 ], [ 119.379846101000112, -9.414592633999973, 0.0 ], [ 119.379813300000023, -9.414793287999942, 0.0 ], [ 119.379784616000052, -9.414968759999965, 0.0 ], [ 119.379638160000013, -9.415091378999932, 0.0 ], [ 119.3793703340001, -9.415170969999963, 0.0 ], [ 119.378906561, -9.41532018099997, 0.0 ], [ 119.378721364000057, -9.415380698999968, 0.0 ], [ 119.378210962000026, -9.415519851999932, 0.0 ], [ 119.377981915000078, -9.415649366999958, 0.0 ], [ 119.377860725000119, -9.415745181999966, 0.0 ], [ 119.377737757000091, -9.416049400999952, 0.0 ], [ 119.377427264000062, -9.416515874999959, 0.0 ], [ 119.377234484000041, -9.416481799999929, 0.0 ], [ 119.376869186000022, -9.416487702999973, 0.0 ], [ 119.376541827000096, -9.416751236999971, 0.0 ], [ 119.376422343000058, -9.416827659999967, 0.0 ], [ 119.376341559000025, -9.416843333999964, 0.0 ], [ 119.376223135000032, -9.416748488999929, 0.0 ], [ 119.376091053000096, -9.416592647999948, 0.0 ], [ 119.376050172000078, -9.416562613999929, 0.0 ], [ 119.375866769000027, -9.416456533999963, 0.0 ], [ 119.375651939000022, -9.416436803999943, 0.0 ], [ 119.375633852000078, -9.416435142999944, 0.0 ], [ 119.375468020000085, -9.41641991299997, 0.0 ], [ 119.375348011000028, -9.416386433999946, 0.0 ], [ 119.374998762000018, -9.416327849999959, 0.0 ], [ 119.374944480000067, -9.416318753999974, 0.0 ], [ 119.374720711, -9.416348814999935, 0.0 ], [ 119.374515269000085, -9.41645975299997, 0.0 ], [ 119.374400626000011, -9.416538813999978, 0.0 ], [ 119.374283347000073, -9.416548389999946, 0.0 ], [ 119.374160543000016, -9.416482179999946, 0.0 ], [ 119.374018806000095, -9.416331489999948, 0.0 ], [ 119.373565253000038, -9.416204878999963, 0.0 ], [ 119.373343997, -9.416143094999939, 0.0 ], [ 119.372991216000059, -9.416174127999966, 0.0 ], [ 119.372681921000094, -9.416168021999965, 0.0 ], [ 119.372572550000086, -9.416043735999949, 0.0 ], [ 119.372537112000032, -9.416090284999939, 0.0 ], [ 119.372520155000075, -9.416202201999965, 0.0 ], [ 119.372571367000091, -9.416401991999976, 0.0 ], [ 119.372689954000066, -9.416524311999979, 0.0 ], [ 119.37301896200006, -9.416721355999925, 0.0 ], [ 119.373176299000079, -9.416776508999931, 0.0 ], [ 119.373468042000013, -9.416742289999945, 0.0 ], [ 119.373628587000098, -9.416746106999938, 0.0 ], [ 119.373720430000049, -9.416827738999928, 0.0 ], [ 119.373739571000101, -9.416901192999944, 0.0 ], [ 119.373700571000086, -9.41701838299997, 0.0 ], [ 119.373591899000076, -9.41708177199996, 0.0 ], [ 119.373427894000088, -9.417180353999981, 0.0 ], [ 119.373425572000087, -9.41725076299997, 0.0 ], [ 119.373509702000092, -9.417347864999954, 0.0 ], [ 119.373701295000046, -9.417448137999941, 0.0 ], [ 119.373782516, -9.417536175999942, 0.0 ], [ 119.373800158000108, -9.417634077999935, 0.0 ], [ 119.373853710000049, -9.417988428999934, 0.0 ], [ 119.373931002000063, -9.418223569999952, 0.0 ], [ 119.374114990000066, -9.41841613899993, 0.0 ], [ 119.374317191000046, -9.418610311999942, 0.0 ], [ 119.37434005800003, -9.418785511999943, 0.0 ], [ 119.374375296000039, -9.419218025999953, 0.0 ], [ 119.374483347000023, -9.419577539999977, 0.0 ], [ 119.374445374000061, -9.419994044999953, 0.0 ], [ 119.374318765000112, -9.420238936999965, 0.0 ], [ 119.374433473000067, -9.420556427999941, 0.0 ], [ 119.374523896000028, -9.420627196999931, 0.0 ], [ 119.374648028000024, -9.420624425999961, 0.0 ], [ 119.374998701000095, -9.420572301999925, 0.0 ], [ 119.375146839000081, -9.420550281999965, 0.0 ], [ 119.375192591000086, -9.420578224999929, 0.0 ], [ 119.375357001000111, -9.420678615999975, 0.0 ], [ 119.375632806000112, -9.42085925899994, 0.0 ], [ 119.375672940000072, -9.420976068999948, 0.0 ], [ 119.375711101000093, -9.421091626999953, 0.0 ], [ 119.375817876000042, -9.421259066999937, 0.0 ], [ 119.376090184000077, -9.421653550999963, 0.0 ], [ 119.376108739000074, -9.421859434999931, 0.0 ], [ 119.376049207000051, -9.421999121999932, 0.0 ], [ 119.375970396000071, -9.422195666999926, 0.0 ], [ 119.376045060000024, -9.422388049999938, 0.0 ], [ 119.376192750000087, -9.422634417999973, 0.0 ], [ 119.376615903000015, -9.423079080999969, 0.0 ], [ 119.376862303000053, -9.423278275999962, 0.0 ], [ 119.376865853000027, -9.423483076999958, 0.0 ], [ 119.376788827000041, -9.42379277699996, 0.0 ], [ 119.376569120000113, -9.424109495999971, 0.0 ], [ 119.376391568000031, -9.42422890399996, 0.0 ], [ 119.376232863000041, -9.424281686999961, 0.0 ], [ 119.37597139200011, -9.424299555999937, 0.0 ], [ 119.375725358000068, -9.424514346999956, 0.0 ], [ 119.37568623300001, -9.424567876999959, 0.0 ], [ 119.375575015000095, -9.424827523999966, 0.0 ], [ 119.375534878000053, -9.425244015999965, 0.0 ], [ 119.375196042000084, -9.42559547299993, 0.0 ], [ 119.375103061000118, -9.42574174799995, 0.0 ], [ 119.375084476000097, -9.425914787999943, 0.0 ], [ 119.375093935000109, -9.425971870999945, 0.0 ], [ 119.375118377000035, -9.426119383999946, 0.0 ], [ 119.375225780000051, -9.42630380099996, 0.0 ], [ 119.37524798600009, -9.426404662999971, 0.0 ], [ 119.375200951000011, -9.426532571999928, 0.0 ], [ 119.375161529000025, -9.42669572899996, 0.0 ], [ 119.375211427000067, -9.426883778999979, 0.0 ], [ 119.375235582000073, -9.427058002999956, 0.0 ], [ 119.375153092000119, -9.427136000999951, 0.0 ], [ 119.374998634, -9.427197783999929, 0.0 ], [ 119.374974436000116, -9.427207463999935, 0.0 ], [ 119.374785742000086, -9.427317755999979, 0.0 ], [ 119.374724911000044, -9.427426027999957, 0.0 ], [ 119.374691938000069, -9.427620519999948, 0.0 ], [ 119.374727550000102, -9.427799700999969, 0.0 ], [ 119.374828732000083, -9.427934200999971, 0.0 ], [ 119.374998628000071, -9.428054816999975, 0.0 ], [ 119.375002487000074, -9.428057555999942, 0.0 ], [ 119.375103969000065, -9.42813872399995, 0.0 ], [ 119.375172231000079, -9.428193328999953, 0.0 ], [ 119.375200237000058, -9.428315732999977, 0.0 ], [ 119.375157254000101, -9.42843191999998, 0.0 ], [ 119.37502844800008, -9.428543488999935, 0.0 ], [ 119.37499863000005, -9.42856859699998, 0.0 ], [ 119.37477426800001, -9.428757529999928, 0.0 ], [ 119.374721338000086, -9.428952418999927, 0.0 ], [ 119.374793244000102, -9.429163066999934, 0.0 ], [ 119.374851570000033, -9.429399093999962, 0.0 ], [ 119.374821986000029, -9.429635171999962, 0.0 ], [ 119.374714763000043, -9.429801904999977, 0.0 ], [ 119.3740662350001, -9.430576904999953, 0.0 ], [ 119.373743176000062, -9.430764894999982, 0.0 ], [ 119.373591, -9.430859711999972, 0.0 ], [ 119.373268930000108, -9.431048634999968, 0.0 ], [ 119.373033516000078, -9.431350708999958, 0.0 ], [ 119.372927516000118, -9.431609895999941, 0.0 ], [ 119.372743716000059, -9.432112742999948, 0.0 ], [ 119.372720245000096, -9.432227559999944, 0.0 ], [ 119.372720238000056, -9.432247731999951, 0.0 ], [ 119.372758833000034, -9.432348139999931, 0.0 ], [ 119.372886768000058, -9.432513449999931, 0.0 ], [ 119.373136093000085, -9.43282131999996, 0.0 ], [ 119.37330040400002, -9.433048678999967, 0.0 ], [ 119.373422257000016, -9.433249456999931, 0.0 ], [ 119.373514423000074, -9.433704739999939, 0.0 ], [ 119.373696710000104, -9.433844241999964, 0.0 ], [ 119.373874152000099, -9.433899437999969, 0.0 ], [ 119.374302134000118, -9.433899830999962, 0.0 ], [ 119.374629218000109, -9.43400837799993, 0.0 ], [ 119.374741752000091, -9.434100215999933, 0.0 ], [ 119.374769674000049, -9.434567779999952, 0.0 ], [ 119.374624506000032, -9.43471732699993, 0.0 ], [ 119.374633385000038, -9.43483241399997, 0.0 ], [ 119.374737814000014, -9.434930216999931, 0.0 ], [ 119.374695461000101, -9.435036132999926, 0.0 ], [ 119.374553234000018, -9.435247042999947, 0.0 ], [ 119.37408369100001, -9.435800909999955, 0.0 ], [ 119.37377949100005, -9.435948339999982, 0.0 ], [ 119.373553096000023, -9.436092207999934, 0.0 ], [ 119.373127450000084, -9.436452376999966, 0.0 ], [ 119.372978818000092, -9.436609275999956, 0.0 ], [ 119.372671294000043, -9.437093048999941, 0.0 ], [ 119.372515102000079, -9.437311769999951, 0.0 ], [ 119.372198971000103, -9.437578067999937, 0.0 ], [ 119.37179239000011, -9.437963384999932, 0.0 ], [ 119.371587422000061, -9.438239615999976, 0.0 ], [ 119.371473014000117, -9.438524652999945, 0.0 ], [ 119.371369497000046, -9.438944897999932, 0.0 ], [ 119.371429377000027, -9.439241402999926, 0.0 ], [ 119.371546919000025, -9.439839054999936, 0.0 ], [ 119.371573091000073, -9.440527471999928, 0.0 ], [ 119.371526874000097, -9.441022594999936, 0.0 ], [ 119.371428674000072, -9.441379316999928, 0.0 ], [ 119.371203401000116, -9.442104160999975, 0.0 ], [ 119.371251251000103, -9.442462255999942, 0.0 ], [ 119.371399637000081, -9.442892830999938, 0.0 ], [ 119.37198907100003, -9.444345100999954, 0.0 ], [ 119.371997985, -9.444648600999926, 0.0 ], [ 119.371987933000014, -9.444813068999963, 0.0 ], [ 119.371512496000037, -9.445958909999945, 0.0 ], [ 119.370997221000039, -9.446570787999974, 0.0 ], [ 119.367312790000028, -9.449599427999942, 0.0 ], [ 119.367305545000022, -9.450446450999948, 0.0 ], [ 119.367310519000057, -9.451050632999966, 0.0 ], [ 119.36719146400003, -9.451274213999966, 0.0 ], [ 119.366656679000016, -9.451666388999968, 0.0 ], [ 119.36610625000003, -9.452255024999943, 0.0 ], [ 119.366119127000047, -9.452333689999932, 0.0 ], [ 119.366232059000026, -9.452539585999943, 0.0 ], [ 119.366310042, -9.452762921999977, 0.0 ], [ 119.366270755000073, -9.452905977999933, 0.0 ], [ 119.366153077000035, -9.453038247999928, 0.0 ], [ 119.365964695000116, -9.453134675999934, 0.0 ], [ 119.365444085000036, -9.453401160999931, 0.0 ], [ 119.365365220000058, -9.453521861999945, 0.0 ], [ 119.36534378500005, -9.453682306999951, 0.0 ], [ 119.365390621000074, -9.453872059999981, 0.0 ], [ 119.365567478000116, -9.454316300999949, 0.0 ], [ 119.365990264000061, -9.455091412999934, 0.0 ], [ 119.366131683000049, -9.455471251999938, 0.0 ], [ 119.366230922000113, -9.455970351999952, 0.0 ], [ 119.366279065000072, -9.456427120999933, 0.0 ], [ 119.366361559000097, -9.457201125999973, 0.0 ], [ 119.36659178900004, -9.457741659999954, 0.0 ], [ 119.366591901000106, -9.457741922999958, 0.0 ], [ 119.366663291, -9.457906860999969, 0.0 ], [ 119.366663388, -9.457907085999977, 0.0 ], [ 119.366665386000022, -9.457909507999943, 0.0 ], [ 119.367399078000062, -9.458798952999928, 0.0 ], [ 119.367408506000061, -9.458810381999967, 0.0 ], [ 119.367466818000025, -9.458992314999932, 0.0 ], [ 119.367494392000026, -9.459078589999933, 0.0 ], [ 119.367452220000018, -9.45924557099994, 0.0 ], [ 119.367304470000022, -9.459408175999954, 0.0 ], [ 119.367162639000071, -9.459469955999964, 0.0 ], [ 119.366989466000064, -9.45945808099998, 0.0 ], [ 119.366501386000095, -9.459388974999968, 0.0 ], [ 119.36585057100001, -9.459247851999976, 0.0 ], [ 119.365680360000056, -9.459320817999981, 0.0 ], [ 119.365433449000079, -9.459512085999961, 0.0 ], [ 119.365419921000012, -9.459662570999967, 0.0 ], [ 119.365480405000085, -9.459808890999966, 0.0 ], [ 119.365608638000026, -9.45989708299993, 0.0 ], [ 119.365786374000095, -9.459922687999949, 0.0 ], [ 119.366179015000057, -9.460029016999954, 0.0 ], [ 119.366451530000063, -9.46020456399998, 0.0 ], [ 119.366563767000116, -9.460373925999932, 0.0 ], [ 119.366575591000014, -9.460540485999957, 0.0 ], [ 119.366501031000098, -9.460788487999935, 0.0 ], [ 119.366264827, -9.460965030999944, 0.0 ], [ 119.36609167000006, -9.46105025199995, 0.0 ], [ 119.365845446000094, -9.461094955999954, 0.0 ], [ 119.365423326000041, -9.46112100299996, 0.0 ], [ 119.365302826000061, -9.461012779999976, 0.0 ], [ 119.365180595000083, -9.460802205999926, 0.0 ], [ 119.365101594000066, -9.460689799999955, 0.0 ], [ 119.364917204000108, -9.460572765999927, 0.0 ], [ 119.364751906000038, -9.460526938999976, 0.0 ], [ 119.364403106000054, -9.460563880999928, 0.0 ], [ 119.3642109970001, -9.460703166999963, 0.0 ], [ 119.364123955000082, -9.460852879999948, 0.0 ], [ 119.364119460000097, -9.460998692999965, 0.0 ], [ 119.364179863000118, -9.461211519999949, 0.0 ], [ 119.364315211000076, -9.461413817999926, 0.0 ], [ 119.364461574000075, -9.461651006999944, 0.0 ], [ 119.364491133000115, -9.461769310999955, 0.0 ], [ 119.364595198000075, -9.462185707999936, 0.0 ], [ 119.364686253000059, -9.462829395999961, 0.0 ], [ 119.364642272000083, -9.463387191999971, 0.0 ], [ 119.364309997000078, -9.464972187999933, 0.0 ], [ 119.364139074000036, -9.46546333699996, 0.0 ], [ 119.364044054000033, -9.465526533999935, 0.0 ], [ 119.363905660000114, -9.465522079999971, 0.0 ], [ 119.363832223000031, -9.465451181999981, 0.0 ], [ 119.363797520000048, -9.465279734999967, 0.0 ], [ 119.363712689000067, -9.464967584999954, 0.0 ], [ 119.36359668800003, -9.464808268999946, 0.0 ], [ 119.363463535000051, -9.464747363999948, 0.0 ], [ 119.363237559000027, -9.464743877999979, 0.0 ], [ 119.362747519000095, -9.464777395999931, 0.0 ], [ 119.362558444000115, -9.464853679999976, 0.0 ], [ 119.362453381000023, -9.464956849999965, 0.0 ], [ 119.362331675000064, -9.465181971999925, 0.0 ], [ 119.362301341000034, -9.465429474999951, 0.0 ], [ 119.362369333000061, -9.46566947499997, 0.0 ], [ 119.362461257000064, -9.465989195999953, 0.0 ], [ 119.362497988000086, -9.466307441999959, 0.0 ], [ 119.362456520000023, -9.466546421999965, 0.0 ], [ 119.362357253000027, -9.466673745999969, 0.0 ], [ 119.362162898000065, -9.466809271999978, 0.0 ], [ 119.361887031000037, -9.466901109999981, 0.0 ], [ 119.361303154000097, -9.467095159999928, 0.0 ], [ 119.361047448000022, -9.46724450499994, 0.0 ], [ 119.360535219000099, -9.467531128999951, 0.0 ], [ 119.359481273000029, -9.468033038999977, 0.0 ], [ 119.359310797000035, -9.468132924999964, 0.0 ], [ 119.358947853000018, -9.468481474999976, 0.0 ], [ 119.358812483000065, -9.468689899999958, 0.0 ], [ 119.358040669000047, -9.469878426999969, 0.0 ], [ 119.358007981000014, -9.469911753999952, 0.0 ], [ 119.357601685000077, -9.470326268999941, 0.0 ], [ 119.357491056000072, -9.470489765999957, 0.0 ], [ 119.357256750000033, -9.47066539399998, 0.0 ], [ 119.357121909000057, -9.470683606999955, 0.0 ], [ 119.356996139000103, -9.470637705999934, 0.0 ], [ 119.356735171000082, -9.470452488999967, 0.0 ], [ 119.356206721000035, -9.470010240999954, 0.0 ], [ 119.355848922000064, -9.469855889999963, 0.0 ], [ 119.35580857900004, -9.46993041199994, 0.0 ], [ 119.355724326000086, -9.470019004999926, 0.0 ], [ 119.355582735000098, -9.470279476999963, 0.0 ], [ 119.355631735000088, -9.470501548999948, 0.0 ], [ 119.355698872000062, -9.470776140999931, 0.0 ], [ 119.355680093000046, -9.470941474999961, 0.0 ], [ 119.355603600000109, -9.471069781999972, 0.0 ], [ 119.355451486000106, -9.471277406999945, 0.0 ], [ 119.355443344000037, -9.471486783999978, 0.0 ], [ 119.355500224000025, -9.471888906999936, 0.0 ], [ 119.355691464000074, -9.472261922999962, 0.0 ], [ 119.355823525, -9.472582005999925, 0.0 ], [ 119.355728654000018, -9.472749409999949, 0.0 ], [ 119.355422217000068, -9.473221500999955, 0.0 ], [ 119.354900262000115, -9.474146942999937, 0.0 ], [ 119.354369281000118, -9.474814188999972, 0.0 ], [ 119.353912581000031, -9.475454563999961, 0.0 ], [ 119.35370337400002, -9.475777955999945, 0.0 ], [ 119.353561688000013, -9.476062750999972, 0.0 ], [ 119.353504477000115, -9.476297536999937, 0.0 ], [ 119.35347407900008, -9.476422398999944, 0.0 ], [ 119.353422588000058, -9.476792179999961, 0.0 ], [ 119.353341192000016, -9.477666800999941, 0.0 ], [ 119.353219218000049, -9.477834197999925, 0.0 ], [ 119.352689548000058, -9.478419211999949, 0.0 ], [ 119.352280815000086, -9.478873535999981, 0.0 ], [ 119.352091095000105, -9.479354643999955, 0.0 ], [ 119.352065844000094, -9.480103412999938, 0.0 ], [ 119.35204270700001, -9.480465506999963, 0.0 ], [ 119.351862863000065, -9.48132215499993, 0.0 ], [ 119.351786627000024, -9.481731518999936, 0.0 ], [ 119.351707451000038, -9.482156589999931, 0.0 ], [ 119.351659294000115, -9.483022920999929, 0.0 ], [ 119.351533339000071, -9.483180752999942, 0.0 ], [ 119.351315921000037, -9.48338048599993, 0.0 ], [ 119.351280140000085, -9.483569485999965, 0.0 ], [ 119.35132684000007, -9.483785909999938, 0.0 ], [ 119.351461873000062, -9.484303344999944, 0.0 ], [ 119.351418466000041, -9.484546037999962, 0.0 ], [ 119.351272408000114, -9.48477328599995, 0.0 ], [ 119.350920311000095, -9.485262564999971, 0.0 ], [ 119.350808061000066, -9.485418583999945, 0.0 ], [ 119.350509904000091, -9.485573393999971, 0.0 ], [ 119.350296128000082, -9.485670785999957, 0.0 ], [ 119.350164324000048, -9.485851859999968, 0.0 ], [ 119.349939638000023, -9.486327051999979, 0.0 ], [ 119.349772251000104, -9.486594749999938, 0.0 ], [ 119.349487845000112, -9.487153096999975, 0.0 ], [ 119.349433981000061, -9.487591597999938, 0.0 ], [ 119.349470938000081, -9.487754156999927, 0.0 ], [ 119.349429436000037, -9.487773625999978, 0.0 ], [ 119.349199172000112, -9.487915488999931, 0.0 ], [ 119.348633266000093, -9.488098221999962, 0.0 ], [ 119.347781231000113, -9.487967892999961, 0.0 ], [ 119.347190750000095, -9.487670001999959, 0.0 ], [ 119.346999829000083, -9.487691111999936, 0.0 ], [ 119.346309, -9.487836553999955, 0.0 ], [ 119.346059561000061, -9.487773611999955, 0.0 ], [ 119.345843285000115, -9.487639804999958, 0.0 ], [ 119.345084634000045, -9.487052664999965, 0.0 ], [ 119.344747975000018, -9.486804780999933, 0.0 ], [ 119.344244054000114, -9.486324053999965, 0.0 ], [ 119.344091853, -9.486084188999939, 0.0 ], [ 119.343972557000029, -9.485929427999963, 0.0 ], [ 119.343773117000069, -9.485808455999972, 0.0 ], [ 119.343327061000082, -9.485524882999925, 0.0 ], [ 119.342845831000091, -9.485180984999943, 0.0 ], [ 119.34255943800008, -9.485093148999965, 0.0 ], [ 119.342439296000066, -9.485144698999932, 0.0 ], [ 119.342332487000022, -9.485276458999977, 0.0 ], [ 119.342153560000042, -9.485427070999947, 0.0 ], [ 119.341966549000063, -9.485480929999937, 0.0 ], [ 119.341784730000086, -9.485438959999954, 0.0 ], [ 119.341257847000065, -9.485284005999972, 0.0 ], [ 119.341096830000083, -9.485330223999938, 0.0 ], [ 119.340928262000034, -9.485469785999953, 0.0 ], [ 119.340872245000014, -9.485614675999955, 0.0 ], [ 119.340823064, -9.48600272699997, 0.0 ], [ 119.340754809000032, -9.486331664999966, 0.0 ], [ 119.340725063000036, -9.486383595999939, 0.0 ], [ 119.340611230000036, -9.486582300999942, 0.0 ], [ 119.340312859000051, -9.487195443999951, 0.0 ], [ 119.340169140000057, -9.487652877999949, 0.0 ], [ 119.340023078000058, -9.488096328999973, 0.0 ], [ 119.339942935000067, -9.488343781999959, 0.0 ], [ 119.339907950000111, -9.488726234999945, 0.0 ], [ 119.339857186000017, -9.489022484999964, 0.0 ], [ 119.339666189000013, -9.489379459999952, 0.0 ], [ 119.339519709000115, -9.489633409999954, 0.0 ], [ 119.339290402000074, -9.490248234999967, 0.0 ], [ 119.339114965000022, -9.49095325299993, 0.0 ], [ 119.339060922000044, -9.491163665999977, 0.0 ], [ 119.338891696000019, -9.491376504999948, 0.0 ], [ 119.338412363000089, -9.491733271999976, 0.0 ], [ 119.337954941000021, -9.491929940999967, 0.0 ], [ 119.337626982000074, -9.492087223999931, 0.0 ], [ 119.337435196000115, -9.49226136599998, 0.0 ], [ 119.337286567000092, -9.492552802999967, 0.0 ], [ 119.337214481000046, -9.492694139999969, 0.0 ], [ 119.337113720000048, -9.492944980999937, 0.0 ], [ 119.337000637000074, -9.493126865999955, 0.0 ], [ 119.336610373000099, -9.493484830999932, 0.0 ], [ 119.33633071700001, -9.493687737999949, 0.0 ], [ 119.336130917000105, -9.493758585999956, 0.0 ], [ 119.335365563000096, -9.493616786999951, 0.0 ], [ 119.334502205000035, -9.493583576999981, 0.0 ], [ 119.334402619000116, -9.493580817999941, 0.0 ], [ 119.334295343, -9.49357783399995, 0.0 ], [ 119.334105874000102, -9.493429612999932, 0.0 ], [ 119.333789216000014, -9.49281670299996, 0.0 ], [ 119.333604168000079, -9.492488494999975, 0.0 ], [ 119.333487118000107, -9.492375161999973, 0.0 ], [ 119.332573016000083, -9.492343989999938, 0.0 ], [ 119.332429987000069, -9.492328271999952, 0.0 ], [ 119.332324182000093, -9.492240670999934, 0.0 ], [ 119.332199345000049, -9.491996972999971, 0.0 ], [ 119.33197515400002, -9.491285879999964, 0.0 ], [ 119.331841411000028, -9.490916255999934, 0.0 ], [ 119.331747124000117, -9.490759142999934, 0.0 ], [ 119.331652253000016, -9.490691771999934, 0.0 ], [ 119.331337414000018, -9.49070957999993, 0.0 ], [ 119.330865750000044, -9.490887642999951, 0.0 ], [ 119.33045039700005, -9.491051488999972, 0.0 ], [ 119.330180737000092, -9.491077853999968, 0.0 ], [ 119.330044186, -9.491045392999979, 0.0 ], [ 119.329934163000075, -9.490941284999963, 0.0 ], [ 119.329893514000105, -9.490542064999943, 0.0 ], [ 119.329862603000038, -9.489958897999941, 0.0 ], [ 119.32980928500001, -9.489724056999933, 0.0 ], [ 119.328202780000083, -9.488495302999979, 0.0 ], [ 119.327863585000046, -9.488156299999957, 0.0 ], [ 119.327583399000105, -9.487799799999948, 0.0 ], [ 119.327295675000073, -9.487370114999976, 0.0 ], [ 119.327051037000047, -9.487028301999942, 0.0 ], [ 119.326900344000023, -9.486795055999949, 0.0 ], [ 119.326671243000078, -9.486465288999966, 0.0 ], [ 119.326446849000035, -9.486253549999958, 0.0 ], [ 119.326215282000021, -9.486080970999978, 0.0 ], [ 119.326031065000052, -9.485689302999958, 0.0 ], [ 119.325932965000106, -9.485476223999967, 0.0 ], [ 119.325873220000062, -9.485421760999941, 0.0 ], [ 119.325556671000072, -9.485528939999938, 0.0 ], [ 119.325361533000091, -9.485592760999964, 0.0 ], [ 119.325093650000099, -9.485599216999958, 0.0 ], [ 119.324922162, -9.485546814999964, 0.0 ], [ 119.324682918, -9.485348276999957, 0.0 ], [ 119.32454357000006, -9.48515322399993, 0.0 ], [ 119.324314938000043, -9.484655413999974, 0.0 ], [ 119.323749139000029, -9.483872439999971, 0.0 ], [ 119.3235086950001, -9.483603612999957, 0.0 ], [ 119.323319574000038, -9.483453021999935, 0.0 ], [ 119.322887194000032, -9.483330364999972, 0.0 ], [ 119.322524139000052, -9.483177085999955, 0.0 ], [ 119.322310324000114, -9.483054612999979, 0.0 ], [ 119.322119502000078, -9.482823458999974, 0.0 ], [ 119.321920514000112, -9.482628254999952, 0.0 ], [ 119.321628393000083, -9.482534408999982, 0.0 ], [ 119.321146750000025, -9.482624448999957, 0.0 ], [ 119.320829426000046, -9.482688017999976, 0.0 ], [ 119.320642366000015, -9.482693079999933, 0.0 ], [ 119.320465058000082, -9.482617398999935, 0.0 ], [ 119.320262386000081, -9.482415879999962, 0.0 ], [ 119.320085895000034, -9.482133331999933, 0.0 ], [ 119.319884629000057, -9.481513090999954, 0.0 ], [ 119.319772602000057, -9.481189023999946, 0.0 ], [ 119.319526145000054, -9.480774409999981, 0.0 ], [ 119.319134915000063, -9.480460790999928, 0.0 ], [ 119.318776257000081, -9.480292404999943, 0.0 ], [ 119.318704780000076, -9.480258846999959, 0.0 ] ] ], [ [ [ 119.165802178000035, -9.403355475999945, 0.0 ], [ 119.163057147000018, -9.403207662999932, 0.0 ], [ 119.162658657000065, -9.403186209999944, 0.0 ], [ 119.161977506000085, -9.403149544999962, 0.0 ], [ 119.159643008000103, -9.403023831999974, 0.0 ], [ 119.158725943000036, -9.402974447999952, 0.0 ], [ 119.158337864000032, -9.402953547999971, 0.0 ], [ 119.157490254000095, -9.403042846999938, 0.0 ], [ 119.153725913000017, -9.403439433999949, 0.0 ], [ 119.153677112000082, -9.402814749999948, 0.0 ], [ 119.153427269000076, -9.401993835999974, 0.0 ], [ 119.153320193000013, -9.401244304999977, 0.0 ], [ 119.153819880000015, -9.400637542999959, 0.0 ], [ 119.154034032000027, -9.400209239999981, 0.0 ], [ 119.153988771000058, -9.383714629999929, 0.0 ], [ 119.154074389000016, -9.383683217999931, 0.0 ], [ 119.154370945000096, -9.383574413999952, 0.0 ], [ 119.1544512910001, -9.383533707999959, 0.0 ], [ 119.154760128000021, -9.383377241999938, 0.0 ], [ 119.155087887000036, -9.38323707099994, 0.0 ], [ 119.155358541000055, -9.383089784999981, 0.0 ], [ 119.155714069000055, -9.382911726999964, 0.0 ], [ 119.156074094000019, -9.382819063999932, 0.0 ], [ 119.156164066000088, -9.382788539999979, 0.0 ], [ 119.156391597000038, -9.382711348999976, 0.0 ], [ 119.156966578000038, -9.382386923999945, 0.0 ], [ 119.157313505000047, -9.382115674999966, 0.0 ], [ 119.157594486000107, -9.382067347999964, 0.0 ], [ 119.157834470000012, -9.381987110999944, 0.0 ], [ 119.158778239000071, -9.381591599999979, 0.0 ], [ 119.159240088000047, -9.381335694999962, 0.0 ], [ 119.159438100000102, -9.381271067999933, 0.0 ], [ 119.159659532000092, -9.381182318999947, 0.0 ], [ 119.159891624000011, -9.381019290999973, 0.0 ], [ 119.160298308000051, -9.380751471999929, 0.0 ], [ 119.160509969000032, -9.380656737999971, 0.0 ], [ 119.161418696000055, -9.380360863999954, 0.0 ], [ 119.161898749000102, -9.380308272999969, 0.0 ], [ 119.162013881, -9.380270899999971, 0.0 ], [ 119.163038115000063, -9.379850585999975, 0.0 ], [ 119.163184166000065, -9.379683024999963, 0.0 ], [ 119.1633907370001, -9.379454105999969, 0.0 ], [ 119.163538072000051, -9.379432895999969, 0.0 ], [ 119.16380446900007, -9.37939846699993, 0.0 ], [ 119.164101987000095, -9.379297207999969, 0.0 ], [ 119.164554538000061, -9.37906195599993, 0.0 ], [ 119.164851100000078, -9.378944830999956, 0.0 ], [ 119.165089155000032, -9.378911562999974, 0.0 ], [ 119.165547791000108, -9.378899785999977, 0.0 ], [ 119.165667806000101, -9.378863906999982, 0.0 ], [ 119.165862834000109, -9.378718400999958, 0.0 ], [ 119.166115448000028, -9.378588343999979, 0.0 ], [ 119.166727575000095, -9.378361989999974, 0.0 ], [ 119.166975299000114, -9.378234850999945, 0.0 ], [ 119.167264002000024, -9.378076500999953, 0.0 ], [ 119.168311750000044, -9.377764111999966, 0.0 ], [ 119.168516620000105, -9.377696062999973, 0.0 ], [ 119.168727415000035, -9.377717571999938, 0.0 ], [ 119.168893291000018, -9.377693915999942, 0.0 ], [ 119.170293051000044, -9.377119471999947, 0.0 ], [ 119.170575909000036, -9.37698645699993, 0.0 ], [ 119.171063224000022, -9.376869505999935, 0.0 ], [ 119.171729977000041, -9.376637521999953, 0.0 ], [ 119.172216696000078, -9.37641195599997, 0.0 ], [ 119.172554221000041, -9.37629616199996, 0.0 ], [ 119.173488921000057, -9.376156751999929, 0.0 ], [ 119.173895676000029, -9.375977693999971, 0.0 ], [ 119.175480446000051, -9.375502767999933, 0.0 ], [ 119.175780907000103, -9.375413256999934, 0.0 ], [ 119.176697654, -9.375375326999972, 0.0 ], [ 119.177067376000082, -9.375247773999945, 0.0 ], [ 119.177688883000087, -9.37500048499993, 0.0 ], [ 119.177885772000081, -9.374922143999981, 0.0 ], [ 119.178085706000047, -9.374829108999961, 0.0 ], [ 119.178342315, -9.374787666999964, 0.0 ], [ 119.178866356000071, -9.374797215999934, 0.0 ], [ 119.179284989000053, -9.374804224999934, 0.0 ], [ 119.179841116000034, -9.374715909999964, 0.0 ], [ 119.180479206000086, -9.374629255999935, 0.0 ], [ 119.181579425000109, -9.374594096999942, 0.0 ], [ 119.182599384000014, -9.374354271999948, 0.0 ], [ 119.182607155000028, -9.374360330999934, 0.0 ], [ 119.18264169400004, -9.374460413999941, 0.0 ], [ 119.182727355000111, -9.374926787999925, 0.0 ], [ 119.182813015000079, -9.375307501999941, 0.0 ], [ 119.18288915800008, -9.375754840999946, 0.0 ], [ 119.183022408000056, -9.37622121499993, 0.0 ], [ 119.183136622, -9.376620964999972, 0.0 ], [ 119.183183021000104, -9.376887225999951, 0.0 ], [ 119.18295459300009, -9.376897933999942, 0.0 ], [ 119.182965301000081, -9.37706568599998, 0.0 ], [ 119.18295102400009, -9.377404758999944, 0.0 ], [ 119.182936747000099, -9.377829492999979, 0.0 ], [ 119.182904625000106, -9.378022228999953, 0.0 ], [ 119.182847517000027, -9.378396993999957, 0.0 ], [ 119.182815395000034, -9.378693236999936, 0.0 ], [ 119.18276542600006, -9.379142954999963, 0.0 ], [ 119.182740442000068, -9.379589103999933, 0.0 ], [ 119.182747580000068, -9.380142328999966, 0.0 ], [ 119.182744011000068, -9.380552785999953, 0.0 ], [ 119.182719027000076, -9.381220224999936, 0.0 ], [ 119.182686904000093, -9.38163068199998, 0.0 ], [ 119.182669058000101, -9.381991169999935, 0.0 ], [ 119.182644074000109, -9.382444456999963, 0.0 ], [ 119.182629797000118, -9.382776391999926, 0.0 ], [ 119.182611951000013, -9.383054788999971, 0.0 ], [ 119.18257982800003, -9.383222540999952, 0.0 ], [ 119.182526290000055, -9.383600874999956, 0.0 ], [ 119.18246918300008, -9.383882841999934, 0.0 ], [ 119.182390661000113, -9.384218345999955, 0.0 ], [ 119.182322846000034, -9.38445748099997, 0.0 ], [ 119.182258601000058, -9.384743016999948, 0.0 ], [ 119.182258601000058, -9.38494289099998, 0.0 ], [ 119.182483460000071, -9.385021413999937, 0.0 ], [ 119.182722596000076, -9.385121350999952, 0.0 ], [ 119.18287964000001, -9.385249841999951, 0.0 ], [ 119.183025977000057, -9.38539617899994, 0.0 ], [ 119.183229421000078, -9.385585345999971, 0.0 ], [ 119.183422157000109, -9.385678144999929, 0.0 ], [ 119.183693416000096, -9.385813773999928, 0.0 ], [ 119.183950398000093, -9.385981525999966, 0.0 ], [ 119.184089596000035, -9.386142139999947, 0.0 ], [ 119.184160980000115, -9.386274199999946, 0.0 ], [ 119.184250210000073, -9.38650619699996, 0.0 ], [ 119.184346578000032, -9.386670379999941, 0.0 ], [ 119.184550022000053, -9.387016591999952, 0.0 ], [ 119.184846265000033, -9.387427048999939, 0.0 ], [ 119.185117523000031, -9.387861775999966, 0.0 ], [ 119.1854744420001, -9.388275801999953, 0.0 ], [ 119.18607406700005, -9.388889702999961, 0.0 ], [ 119.186172876000114, -9.389001739999969, 0.0 ], [ 119.184794256000032, -9.390977265999936, 0.0 ], [ 119.184813291000069, -9.39269999499993, 0.0 ], [ 119.182681294000076, -9.392842762999976, 0.0 ], [ 119.182709848000059, -9.393727921999925, 0.0 ], [ 119.182462384000019, -9.393823100999953, 0.0 ], [ 119.175834897000072, -9.397609457999977, 0.0 ], [ 119.172186955000029, -9.404024460999949, 0.0 ], [ 119.166631972000118, -9.403400149999982, 0.0 ], [ 119.166241359000082, -9.403379128999973, 0.0 ], [ 119.165802178000035, -9.403355475999945, 0.0 ] ] ] ] } },
{ "type": "Feature", "properties": { "nm_kecamatan": "Wewewa Utara" }, "geometry": { "type": "MultiPolygon", "coordinates": [ [ [ [ 119.35819686800005, -9.540607317999957, 0.0 ], [ 119.357979902000011, -9.540466037999977, 0.0 ], [ 119.357717497000067, -9.540295054999945, 0.0 ], [ 119.357641490000105, -9.540245525999978, 0.0 ], [ 119.357313802000021, -9.540032395999958, 0.0 ], [ 119.357193598000094, -9.539915428999961, 0.0 ], [ 119.356683332000102, -9.539654521999978, 0.0 ], [ 119.356237829000065, -9.539372328999946, 0.0 ], [ 119.355843584000013, -9.539100614999938, 0.0 ], [ 119.355560645000082, -9.538904240999955, 0.0 ], [ 119.355022093000116, -9.538608421999982, 0.0 ], [ 119.354948775000025, -9.538568149999946, 0.0 ], [ 119.354224800000111, -9.538204614999927, 0.0 ], [ 119.354114757000048, -9.53815383899996, 0.0 ], [ 119.353736479000077, -9.537979210999936, 0.0 ], [ 119.352723058000038, -9.537237146999928, 0.0 ], [ 119.352385757000093, -9.53696588899993, 0.0 ], [ 119.352256612000019, -9.536862008999947, 0.0 ], [ 119.35196510500009, -9.536560623999947, 0.0 ], [ 119.351779405000116, -9.536365319999959, 0.0 ], [ 119.351411663000022, -9.536013018999938, 0.0 ], [ 119.351119643000061, -9.535728461999952, 0.0 ], [ 119.350970111000038, -9.535578956999927, 0.0 ], [ 119.350821395000025, -9.535394318999977, 0.0 ], [ 119.350718957000026, -9.535234727999978, 0.0 ], [ 119.350586547000034, -9.53491850599994, 0.0 ], [ 119.350431409000066, -9.53488671599996, 0.0 ], [ 119.350315709000029, -9.534802832999958, 0.0 ], [ 119.350129134000099, -9.53464625099997, 0.0 ], [ 119.349869428000034, -9.534567859999981, 0.0 ], [ 119.349164272000053, -9.534552341999927, 0.0 ], [ 119.348963458000071, -9.534586452999974, 0.0 ], [ 119.348628803000111, -9.534703483999976, 0.0 ], [ 119.348136747000012, -9.53494384499993, 0.0 ], [ 119.347986510000055, -9.535084593999954, 0.0 ], [ 119.34792113200001, -9.535233183999935, 0.0 ], [ 119.347869804000084, -9.535510469999963, 0.0 ], [ 119.347773493000091, -9.536259359999974, 0.0 ], [ 119.347707509000088, -9.536403607999944, 0.0 ], [ 119.347674975000018, -9.536433859999931, 0.0 ], [ 119.347462695000104, -9.536520530999951, 0.0 ], [ 119.347171100000082, -9.536481407999929, 0.0 ], [ 119.34688264600004, -9.536414494999974, 0.0 ], [ 119.34665373200005, -9.53641840399996, 0.0 ], [ 119.34641965000003, -9.536483810999925, 0.0 ], [ 119.34634832800009, -9.536538201999974, 0.0 ], [ 119.346318363000023, -9.536561052999957, 0.0 ], [ 119.346041616000093, -9.536529462999965, 0.0 ], [ 119.34602015400003, -9.536500330999957, 0.0 ], [ 119.345729711000104, -9.536285052999972, 0.0 ], [ 119.345376055000088, -9.535899020999977, 0.0 ], [ 119.345061933000011, -9.535647802999961, 0.0 ], [ 119.344759862000046, -9.535441520999939, 0.0 ], [ 119.344116620000023, -9.53506017899997, 0.0 ], [ 119.343651427000054, -9.534799986999928, 0.0 ], [ 119.343283552000116, -9.534678787999951, 0.0 ], [ 119.342762770000036, -9.534540460999949, 0.0 ], [ 119.342390612000031, -9.534435461999976, 0.0 ], [ 119.342016868000087, -9.53410023999993, 0.0 ], [ 119.341503175000071, -9.533643272999939, 0.0 ], [ 119.341176361000066, -9.533378460999927, 0.0 ], [ 119.34072255500007, -9.53301946199997, 0.0 ], [ 119.340371518000097, -9.532668614999977, 0.0 ], [ 119.339943805000075, -9.531914083999936, 0.0 ], [ 119.339811025000017, -9.531592556999954, 0.0 ], [ 119.339640681000105, -9.531024431999981, 0.0 ], [ 119.339518020000014, -9.530489037999928, 0.0 ], [ 119.339397892000079, -9.529992055999969, 0.0 ], [ 119.339140798000017, -9.529419274999952, 0.0 ], [ 119.338923989000023, -9.528933381999934, 0.0 ], [ 119.338767034000057, -9.528336773999968, 0.0 ], [ 119.338607492000051, -9.527886993999971, 0.0 ], [ 119.338486897000053, -9.52705461499994, 0.0 ], [ 119.338340083000048, -9.526612954999962, 0.0 ], [ 119.338208426000051, -9.526299772999948, 0.0 ], [ 119.337260490000062, -9.524667583999928, 0.0 ], [ 119.337069148000069, -9.524222294999959, 0.0 ], [ 119.336983626, -9.524023302999979, 0.0 ], [ 119.336789302000057, -9.523537757999975, 0.0 ], [ 119.336775551000073, -9.523503368999968, 0.0 ], [ 119.336583806000021, -9.52268580599997, 0.0 ], [ 119.336532776000013, -9.522285742999941, 0.0 ], [ 119.336324273000059, -9.521506227999964, 0.0 ], [ 119.335988176000114, -9.52047867899995, 0.0 ], [ 119.335778336000089, -9.519964180999978, 0.0 ], [ 119.335597994000068, -9.519415055999957, 0.0 ], [ 119.335476152000069, -9.519020178999938, 0.0 ], [ 119.335334494000108, -9.518551179999974, 0.0 ], [ 119.335328556000036, -9.517676336999955, 0.0 ], [ 119.335485307000113, -9.517158302999974, 0.0 ], [ 119.335642652000047, -9.51671980499998, 0.0 ], [ 119.335836253000025, -9.516235351999967, 0.0 ], [ 119.336067208000031, -9.515715568999951, 0.0 ], [ 119.336323402000062, -9.515224992999947, 0.0 ], [ 119.336458366000102, -9.514860038999927, 0.0 ], [ 119.336757557000055, -9.514299928999947, 0.0 ], [ 119.336881990000052, -9.513985898999977, 0.0 ], [ 119.337184081000032, -9.513256580999951, 0.0 ], [ 119.33730270600006, -9.513092549999953, 0.0 ], [ 119.33755343200005, -9.51235917899993, 0.0 ], [ 119.337886084000047, -9.51153777299993, 0.0 ], [ 119.338080801000046, -9.511065304999931, 0.0 ], [ 119.338143049000109, -9.510440435999953, 0.0 ], [ 119.338167896000073, -9.509933099999955, 0.0 ], [ 119.338118549000114, -9.509437334999973, 0.0 ], [ 119.338232677000065, -9.508976239999981, 0.0 ], [ 119.338240805000055, -9.508503771999926, 0.0 ], [ 119.338347111000076, -9.507937148999929, 0.0 ], [ 119.338455733000046, -9.507560244999979, 0.0 ], [ 119.33847715200011, -9.507485931999952, 0.0 ], [ 119.338620370000058, -9.507015772999978, 0.0 ], [ 119.338989020000099, -9.50634505599993, 0.0 ], [ 119.339467364000029, -9.505839083999945, 0.0 ], [ 119.3398424290001, -9.505542085999934, 0.0 ], [ 119.34010476900005, -9.505437958999948, 0.0 ], [ 119.340234111000086, -9.505398645999946, 0.0 ], [ 119.340468393000037, -9.505242989999942, 0.0 ], [ 119.340855373000068, -9.505000492999955, 0.0 ], [ 119.341434705000097, -9.504607990999943, 0.0 ], [ 119.341744539000047, -9.504360990999942, 0.0 ], [ 119.342126865000068, -9.504016241999977, 0.0 ], [ 119.342306197000084, -9.50381673399994, 0.0 ], [ 119.342485528000111, -9.50361722599996, 0.0 ], [ 119.342618798000103, -9.503468958999974, 0.0 ], [ 119.343065157000069, -9.503049752999971, 0.0 ], [ 119.343400240000051, -9.502735016999964, 0.0 ], [ 119.343844994000051, -9.502499899999975, 0.0 ], [ 119.344409195000026, -9.502241240999979, 0.0 ], [ 119.3447873880001, -9.502205324999977, 0.0 ], [ 119.344979432000059, -9.502187083999956, 0.0 ], [ 119.345429519000049, -9.502201113999945, 0.0 ], [ 119.345796113, -9.502207367999972, 0.0 ], [ 119.345942654000055, -9.502202893999936, 0.0 ], [ 119.346803456000089, -9.502176584999972, 0.0 ], [ 119.347359777000065, -9.502186047999942, 0.0 ], [ 119.348250463000113, -9.502201180999975, 0.0 ], [ 119.348781085000041, -9.502210196999954, 0.0 ], [ 119.349043916000028, -9.50219948199998, 0.0 ], [ 119.349389464000069, -9.502185396999948, 0.0 ], [ 119.350217589000067, -9.502083639999967, 0.0 ], [ 119.350511150000102, -9.502051179999967, 0.0 ], [ 119.350699539000061, -9.502087073999974, 0.0 ], [ 119.350838552000027, -9.502091864999954, 0.0 ], [ 119.351041879000036, -9.502053786999966, 0.0 ], [ 119.351742869000077, -9.502065725999955, 0.0 ], [ 119.352325394000104, -9.502040179999938, 0.0 ], [ 119.35258302200009, -9.502028898999981, 0.0 ], [ 119.353328211000075, -9.502092618999939, 0.0 ], [ 119.353762305000032, -9.502100022999969, 0.0 ], [ 119.354589452000027, -9.502065767999966, 0.0 ], [ 119.354760150000061, -9.502059480999947, 0.0 ], [ 119.355467333000092, -9.502087431999939, 0.0 ], [ 119.356230117000109, -9.502062086999956, 0.0 ], [ 119.356815228000073, -9.50207839899997, 0.0 ], [ 119.357272207000051, -9.502066984999942, 0.0 ], [ 119.357359934000101, -9.502049185999965, 0.0 ], [ 119.357795113000066, -9.501960896999947, 0.0 ], [ 119.358425423000085, -9.501783240999941, 0.0 ], [ 119.358806152000056, -9.501713022999979, 0.0 ], [ 119.359240557000021, -9.501519210999959, 0.0 ], [ 119.359317156000088, -9.501476774999958, 0.0 ], [ 119.359745048000036, -9.501361695999947, 0.0 ], [ 119.360231737000049, -9.50111770999996, 0.0 ], [ 119.360774960000072, -9.500766067999962, 0.0 ], [ 119.360808155000086, -9.500741178999931, 0.0 ], [ 119.361016642000095, -9.500584868999965, 0.0 ], [ 119.361123581000015, -9.500477428999943, 0.0 ], [ 119.361187335000068, -9.500386987999946, 0.0 ], [ 119.361201583000025, -9.500271149999946, 0.0 ], [ 119.361185556, -9.500129492999974, 0.0 ], [ 119.361169404000066, -9.50000055299995, 0.0 ], [ 119.361001410000085, -9.498865114999944, 0.0 ], [ 119.360713984000085, -9.497748395999963, 0.0 ], [ 119.360514384000112, -9.497137251999959, 0.0 ], [ 119.360490943000059, -9.49706548599994, 0.0 ], [ 119.359995524000055, -9.496277086999953, 0.0 ], [ 119.359465742000111, -9.495574614999953, 0.0 ], [ 119.358796770000026, -9.494654554999954, 0.0 ], [ 119.358264665000092, -9.493965179999975, 0.0 ], [ 119.358216305000042, -9.493902379999952, 0.0 ], [ 119.358128242000021, -9.493788364999943, 0.0 ], [ 119.357425740000053, -9.493052458999955, 0.0 ], [ 119.356929713000113, -9.49255889899996, 0.0 ], [ 119.356498239000075, -9.492147239999952, 0.0 ], [ 119.355858365000017, -9.491639052999972, 0.0 ], [ 119.355670106000048, -9.491498931999956, 0.0 ], [ 119.355491957000027, -9.491366335999942, 0.0 ], [ 119.354834088000075, -9.490991486999974, 0.0 ], [ 119.354536321000069, -9.490825116999929, 0.0 ], [ 119.353967708000027, -9.490507396999931, 0.0 ], [ 119.353794926000091, -9.490398917999926, 0.0 ], [ 119.35320386300009, -9.490066852999973, 0.0 ], [ 119.352719873000069, -9.489771727999937, 0.0 ], [ 119.352414145000012, -9.489585302999956, 0.0 ], [ 119.352276076000066, -9.489499782999928, 0.0 ], [ 119.351338613000053, -9.488919086999942, 0.0 ], [ 119.350426914000082, -9.488362489999929, 0.0 ], [ 119.349470938000081, -9.487754156999927, 0.0 ], [ 119.349433981000061, -9.487591597999938, 0.0 ], [ 119.349487845000112, -9.487153096999975, 0.0 ], [ 119.349772251000104, -9.486594749999938, 0.0 ], [ 119.349939638000023, -9.486327051999979, 0.0 ], [ 119.350164324000048, -9.485851859999968, 0.0 ], [ 119.350296128000082, -9.485670785999957, 0.0 ], [ 119.350509904000091, -9.485573393999971, 0.0 ], [ 119.350808061000066, -9.485418583999945, 0.0 ], [ 119.350920311000095, -9.485262564999971, 0.0 ], [ 119.351272408000114, -9.48477328599995, 0.0 ], [ 119.351418466000041, -9.484546037999962, 0.0 ], [ 119.351461873000062, -9.484303344999944, 0.0 ], [ 119.35132684000007, -9.483785909999938, 0.0 ], [ 119.351280140000085, -9.483569485999965, 0.0 ], [ 119.351315921000037, -9.48338048599993, 0.0 ], [ 119.351533339000071, -9.483180752999942, 0.0 ], [ 119.351659294000115, -9.483022920999929, 0.0 ], [ 119.351707451000038, -9.482156589999931, 0.0 ], [ 119.351786627000024, -9.481731518999936, 0.0 ], [ 119.351862863000065, -9.48132215499993, 0.0 ], [ 119.35204270700001, -9.480465506999963, 0.0 ], [ 119.352065844000094, -9.480103412999938, 0.0 ], [ 119.352091095000105, -9.479354643999955, 0.0 ], [ 119.352280815000086, -9.478873535999981, 0.0 ], [ 119.352689548000058, -9.478419211999949, 0.0 ], [ 119.353219218000049, -9.477834197999925, 0.0 ], [ 119.353341192000016, -9.477666800999941, 0.0 ], [ 119.353422588000058, -9.476792179999961, 0.0 ], [ 119.35347407900008, -9.476422398999944, 0.0 ], [ 119.353504477000115, -9.476297536999937, 0.0 ], [ 119.353561688000013, -9.476062750999972, 0.0 ], [ 119.35370337400002, -9.475777955999945, 0.0 ], [ 119.353912581000031, -9.475454563999961, 0.0 ], [ 119.354369281000118, -9.474814188999972, 0.0 ], [ 119.354900262000115, -9.474146942999937, 0.0 ], [ 119.355422217000068, -9.473221500999955, 0.0 ], [ 119.355728654000018, -9.472749409999949, 0.0 ], [ 119.355823525, -9.472582005999925, 0.0 ], [ 119.355691464000074, -9.472261922999962, 0.0 ], [ 119.355500224000025, -9.471888906999936, 0.0 ], [ 119.355443344000037, -9.471486783999978, 0.0 ], [ 119.355451486000106, -9.471277406999945, 0.0 ], [ 119.355603600000109, -9.471069781999972, 0.0 ], [ 119.355680093000046, -9.470941474999961, 0.0 ], [ 119.355698872000062, -9.470776140999931, 0.0 ], [ 119.355631735000088, -9.470501548999948, 0.0 ], [ 119.355582735000098, -9.470279476999963, 0.0 ], [ 119.355724326000086, -9.470019004999926, 0.0 ], [ 119.35580857900004, -9.46993041199994, 0.0 ], [ 119.355848922000064, -9.469855889999963, 0.0 ], [ 119.356206721000035, -9.470010240999954, 0.0 ], [ 119.356735171000082, -9.470452488999967, 0.0 ], [ 119.356996139000103, -9.470637705999934, 0.0 ], [ 119.357121909000057, -9.470683606999955, 0.0 ], [ 119.357256750000033, -9.47066539399998, 0.0 ], [ 119.357491056000072, -9.470489765999957, 0.0 ], [ 119.357601685000077, -9.470326268999941, 0.0 ], [ 119.358007981000014, -9.469911753999952, 0.0 ], [ 119.358040669000047, -9.469878426999969, 0.0 ], [ 119.358812483000065, -9.468689899999958, 0.0 ], [ 119.358947853000018, -9.468481474999976, 0.0 ], [ 119.359310797000035, -9.468132924999964, 0.0 ], [ 119.359481273000029, -9.468033038999977, 0.0 ], [ 119.360535219000099, -9.467531128999951, 0.0 ], [ 119.361047448000022, -9.46724450499994, 0.0 ], [ 119.361303154000097, -9.467095159999928, 0.0 ], [ 119.361887031000037, -9.466901109999981, 0.0 ], [ 119.362162898000065, -9.466809271999978, 0.0 ], [ 119.362357253000027, -9.466673745999969, 0.0 ], [ 119.362456520000023, -9.466546421999965, 0.0 ], [ 119.362497988000086, -9.466307441999959, 0.0 ], [ 119.362461257000064, -9.465989195999953, 0.0 ], [ 119.362369333000061, -9.46566947499997, 0.0 ], [ 119.362301341000034, -9.465429474999951, 0.0 ], [ 119.362331675000064, -9.465181971999925, 0.0 ], [ 119.362453381000023, -9.464956849999965, 0.0 ], [ 119.362558444000115, -9.464853679999976, 0.0 ], [ 119.362747519000095, -9.464777395999931, 0.0 ], [ 119.363237559000027, -9.464743877999979, 0.0 ], [ 119.363463535000051, -9.464747363999948, 0.0 ], [ 119.36359668800003, -9.464808268999946, 0.0 ], [ 119.363712689000067, -9.464967584999954, 0.0 ], [ 119.363797520000048, -9.465279734999967, 0.0 ], [ 119.363832223000031, -9.465451181999981, 0.0 ], [ 119.363905660000114, -9.465522079999971, 0.0 ], [ 119.364044054000033, -9.465526533999935, 0.0 ], [ 119.364139074000036, -9.46546333699996, 0.0 ], [ 119.364309997000078, -9.464972187999933, 0.0 ], [ 119.364642272000083, -9.463387191999971, 0.0 ], [ 119.364686253000059, -9.462829395999961, 0.0 ], [ 119.364595198000075, -9.462185707999936, 0.0 ], [ 119.364491133000115, -9.461769310999955, 0.0 ], [ 119.364461574000075, -9.461651006999944, 0.0 ], [ 119.364315211000076, -9.461413817999926, 0.0 ], [ 119.364179863000118, -9.461211519999949, 0.0 ], [ 119.364119460000097, -9.460998692999965, 0.0 ], [ 119.364123955000082, -9.460852879999948, 0.0 ], [ 119.3642109970001, -9.460703166999963, 0.0 ], [ 119.364403106000054, -9.460563880999928, 0.0 ], [ 119.364751906000038, -9.460526938999976, 0.0 ], [ 119.364917204000108, -9.460572765999927, 0.0 ], [ 119.365101594000066, -9.460689799999955, 0.0 ], [ 119.365180595000083, -9.460802205999926, 0.0 ], [ 119.365302826000061, -9.461012779999976, 0.0 ], [ 119.365423326000041, -9.46112100299996, 0.0 ], [ 119.365845446000094, -9.461094955999954, 0.0 ], [ 119.36609167000006, -9.46105025199995, 0.0 ], [ 119.366264827, -9.460965030999944, 0.0 ], [ 119.366501031000098, -9.460788487999935, 0.0 ], [ 119.366575591000014, -9.460540485999957, 0.0 ], [ 119.366563767000116, -9.460373925999932, 0.0 ], [ 119.366451530000063, -9.46020456399998, 0.0 ], [ 119.366179015000057, -9.460029016999954, 0.0 ], [ 119.365786374000095, -9.459922687999949, 0.0 ], [ 119.365608638000026, -9.45989708299993, 0.0 ], [ 119.365480405000085, -9.459808890999966, 0.0 ], [ 119.365419921000012, -9.459662570999967, 0.0 ], [ 119.365433449000079, -9.459512085999961, 0.0 ], [ 119.365680360000056, -9.459320817999981, 0.0 ], [ 119.36585057100001, -9.459247851999976, 0.0 ], [ 119.366501386000095, -9.459388974999968, 0.0 ], [ 119.366989466000064, -9.45945808099998, 0.0 ], [ 119.367162639000071, -9.459469955999964, 0.0 ], [ 119.367304470000022, -9.459408175999954, 0.0 ], [ 119.367452220000018, -9.45924557099994, 0.0 ], [ 119.367494392000026, -9.459078589999933, 0.0 ], [ 119.367466818000025, -9.458992314999932, 0.0 ], [ 119.367494437000119, -9.459078483999974, 0.0 ], [ 119.36745398700009, -9.459245761999966, 0.0 ], [ 119.367308772000115, -9.459408203999942, 0.0 ], [ 119.367164811000066, -9.459470938999971, 0.0 ], [ 119.366989869, -9.45945841799994, 0.0 ], [ 119.367025633000026, -9.459598567999933, 0.0 ], [ 119.367107311000041, -9.459779017999949, 0.0 ], [ 119.36728701100003, -9.460005163999938, 0.0 ], [ 119.367684352000083, -9.46055387499996, 0.0 ], [ 119.367701856000053, -9.460744525999928, 0.0 ], [ 119.367663028000038, -9.46088462199998, 0.0 ], [ 119.367567846000043, -9.460935009999957, 0.0 ], [ 119.36737327600008, -9.460950639999965, 0.0 ], [ 119.367162442000108, -9.46098842899994, 0.0 ], [ 119.366959290000068, -9.461128785999961, 0.0 ], [ 119.366899870000111, -9.461284550999949, 0.0 ], [ 119.366782103000105, -9.461926088999974, 0.0 ], [ 119.366674861000092, -9.462855464999961, 0.0 ], [ 119.36668634800003, -9.463469233999945, 0.0 ], [ 119.367017961000101, -9.464706064999973, 0.0 ], [ 119.36698484100009, -9.464836412999944, 0.0 ], [ 119.366864645000078, -9.46502277299993, 0.0 ], [ 119.366866509000033, -9.465026633999969, 0.0 ], [ 119.366889971000091, -9.465056447999928, 0.0 ], [ 119.366950399000075, -9.465200428999935, 0.0 ], [ 119.366954969000062, -9.465211318999934, 0.0 ], [ 119.367033906000074, -9.465480396999965, 0.0 ], [ 119.367038282000067, -9.465495314999941, 0.0 ], [ 119.367107009000051, -9.465729583999973, 0.0 ], [ 119.367117074000021, -9.466691553999965, 0.0 ], [ 119.367322301000058, -9.467175047999945, 0.0 ], [ 119.367436228000088, -9.467443446999937, 0.0 ], [ 119.368613760000017, -9.470217581999975, 0.0 ], [ 119.372186777000024, -9.478635217999965, 0.0 ], [ 119.375317435000056, -9.485266407999973, 0.0 ], [ 119.37625171000002, -9.487245339999959, 0.0 ], [ 119.377609024000094, -9.490120328999978, 0.0 ], [ 119.382404393000115, -9.500924015999942, 0.0 ], [ 119.382446591000075, -9.500975040999947, 0.0 ], [ 119.389009194000096, -9.508910447999938, 0.0 ], [ 119.393491205000032, -9.515203626999948, 0.0 ], [ 119.395081447000052, -9.517436481999937, 0.0 ], [ 119.395129080000061, -9.519379142999981, 0.0 ], [ 119.395254128000033, -9.524479086999975, 0.0 ], [ 119.395273091000035, -9.525252447999947, 0.0 ], [ 119.395306782000034, -9.526626499999963, 0.0 ], [ 119.395299127000044, -9.526690645999963, 0.0 ], [ 119.394976105000069, -9.529397348999964, 0.0 ], [ 119.394766746000073, -9.531151628999964, 0.0 ], [ 119.394126776, -9.536514135999937, 0.0 ], [ 119.393966694000028, -9.537855509999929, 0.0 ], [ 119.393320704000075, -9.53844930799994, 0.0 ], [ 119.393044559000032, -9.538703142999964, 0.0 ], [ 119.393317258000025, -9.538855978999948, 0.0 ], [ 119.399740555000108, -9.54245597299996, 0.0 ], [ 119.40514797600008, -9.547783386999981, 0.0 ], [ 119.405147190000093, -9.547806283999932, 0.0 ], [ 119.404950806000102, -9.553528219999976, 0.0 ], [ 119.40357928100002, -9.560099167999965, 0.0 ], [ 119.396760251000046, -9.572047785999928, 0.0 ], [ 119.396759160000101, -9.572044677999941, 0.0 ], [ 119.396402239000054, -9.571184458999937, 0.0 ], [ 119.395856925000089, -9.569853084999977, 0.0 ], [ 119.395371209000018, -9.568848336999963, 0.0 ], [ 119.394920868000099, -9.567624677999959, 0.0 ], [ 119.39447834200007, -9.56665000299995, 0.0 ], [ 119.394071158000088, -9.565887136999947, 0.0 ], [ 119.393884834000119, -9.565538054999934, 0.0 ], [ 119.393661604000044, -9.565104046999977, 0.0 ], [ 119.393487401000016, -9.564708445999941, 0.0 ], [ 119.392824554000072, -9.563557991999971, 0.0 ], [ 119.392631694000102, -9.563253221999958, 0.0 ], [ 119.392076645000088, -9.562376085999972, 0.0 ], [ 119.39135908500009, -9.561371836999967, 0.0 ], [ 119.390609944000062, -9.560599084999978, 0.0 ], [ 119.390118053000037, -9.560039674999928, 0.0 ], [ 119.389738454000053, -9.559607960999926, 0.0 ], [ 119.388981992000026, -9.558886646999952, 0.0 ], [ 119.388173368000025, -9.558151703999954, 0.0 ], [ 119.387809444000027, -9.557887512999969, 0.0 ], [ 119.386985591000098, -9.557289435999962, 0.0 ], [ 119.38643520800008, -9.556859584999927, 0.0 ], [ 119.385514518000036, -9.556356403999928, 0.0 ], [ 119.38460968000004, -9.555993146999981, 0.0 ], [ 119.383675245000063, -9.555688743999951, 0.0 ], [ 119.383049504000041, -9.555447614999935, 0.0 ], [ 119.382758213000102, -9.555268526999953, 0.0 ], [ 119.381799867000041, -9.554933179999978, 0.0 ], [ 119.381084705000035, -9.554635178999945, 0.0 ], [ 119.38049396100007, -9.554529923999951, 0.0 ], [ 119.380279825000116, -9.554487905999963, 0.0 ], [ 119.379867181, -9.554406933999928, 0.0 ], [ 119.379841052000074, -9.554401804999941, 0.0 ], [ 119.379171364000058, -9.554258395999966, 0.0 ], [ 119.378325223000047, -9.554129115999956, 0.0 ], [ 119.377636644000063, -9.553705271999945, 0.0 ], [ 119.376930206000111, -9.553240680999977, 0.0 ], [ 119.376293775000022, -9.552757055999962, 0.0 ], [ 119.375667771000053, -9.552218622999931, 0.0 ], [ 119.375327292000065, -9.551945798999952, 0.0 ], [ 119.374998651000055, -9.551822009999967, 0.0 ], [ 119.374917284000048, -9.551732895999976, 0.0 ], [ 119.374626645000035, -9.551457115999938, 0.0 ], [ 119.374260964000086, -9.551045960999943, 0.0 ], [ 119.373831205000101, -9.550586523999925, 0.0 ], [ 119.373475533000033, -9.550204458999929, 0.0 ], [ 119.373270019000074, -9.549965055999962, 0.0 ], [ 119.372844027000042, -9.54948203899994, 0.0 ], [ 119.372553878000076, -9.549141867999936, 0.0 ], [ 119.372076901000014, -9.54862927399995, 0.0 ], [ 119.371777306000013, -9.548279366999964, 0.0 ], [ 119.371297955000045, -9.547904005999953, 0.0 ], [ 119.370770814000025, -9.547502367999925, 0.0 ], [ 119.370442331000049, -9.547225109999943, 0.0 ], [ 119.370262849000028, -9.547110584999928, 0.0 ], [ 119.370128418000036, -9.54697462699994, 0.0 ], [ 119.370082301000025, -9.546927960999938, 0.0 ], [ 119.369944034000014, -9.546864834999951, 0.0 ], [ 119.369719336000117, -9.546738180999967, 0.0 ], [ 119.369567829000061, -9.54662822399996, 0.0 ], [ 119.369507501000044, -9.546603022999932, 0.0 ], [ 119.369295617000034, -9.54650202199997, 0.0 ], [ 119.369144893000112, -9.546468868999966, 0.0 ], [ 119.369018784000104, -9.546417257999963, 0.0 ], [ 119.368934085000092, -9.546259771999928, 0.0 ], [ 119.36879495800008, -9.546036277999974, 0.0 ], [ 119.368647112000076, -9.545855552999967, 0.0 ], [ 119.36850064500004, -9.545610303999979, 0.0 ], [ 119.36839319, -9.545430411999973, 0.0 ], [ 119.367920112000093, -9.545205586999941, 0.0 ], [ 119.367385552000087, -9.544935274999943, 0.0 ], [ 119.366788805000056, -9.54465374199998, 0.0 ], [ 119.366306051000038, -9.544479555999942, 0.0 ], [ 119.365753033000033, -9.544232311999963, 0.0 ], [ 119.365689899000017, -9.544204086999969, 0.0 ], [ 119.3652490180001, -9.544024147999949, 0.0 ], [ 119.36476949300004, -9.543850016999954, 0.0 ], [ 119.364144398, -9.543532912999979, 0.0 ], [ 119.363497244000087, -9.543189865999977, 0.0 ], [ 119.363089309000088, -9.542965804999938, 0.0 ], [ 119.362155152000014, -9.542830866999964, 0.0 ], [ 119.362029922000033, -9.54275851999995, 0.0 ], [ 119.36193154800003, -9.542759269999976, 0.0 ], [ 119.361836267000058, -9.542824724999946, 0.0 ], [ 119.361838704000093, -9.54302101199994, 0.0 ], [ 119.36182894, -9.543101222999951, 0.0 ], [ 119.361709685000051, -9.543147193999971, 0.0 ], [ 119.361594830000058, -9.54313050899998, 0.0 ], [ 119.361566562, -9.543114691999961, 0.0 ], [ 119.361505233000116, -9.543063363999977, 0.0 ], [ 119.361397780000061, -9.542982864999942, 0.0 ], [ 119.361235167000018, -9.54287295599994, 0.0 ], [ 119.361203050000086, -9.542860907999966, 0.0 ], [ 119.361133430000109, -9.542848831999947, 0.0 ], [ 119.3605958280001, -9.542617500999938, 0.0 ], [ 119.360288357000059, -9.542221781999956, 0.0 ], [ 119.360251250000033, -9.541936373999931, 0.0 ], [ 119.360179965000043, -9.54158797499997, 0.0 ], [ 119.359937017000107, -9.541234455999927, 0.0 ], [ 119.359809434000113, -9.54101245399994, 0.0 ], [ 119.359724614000015, -9.540851563999979, 0.0 ], [ 119.359627646000035, -9.540759910999952, 0.0 ], [ 119.359445749000088, -9.540710394999962, 0.0 ], [ 119.359173797000039, -9.540750000999935, 0.0 ], [ 119.35893687500004, -9.540802375999931, 0.0 ], [ 119.358898890000091, -9.540803470999947, 0.0 ], [ 119.358859529000028, -9.540782929999978, 0.0 ], [ 119.358615707000013, -9.54081155199998, 0.0 ], [ 119.35842802600007, -9.540727147999974, 0.0 ], [ 119.358305470000118, -9.540663619999975, 0.0 ], [ 119.35819686800005, -9.540607317999957, 0.0 ] ] ] ] } },
{ "type": "Feature", "properties": { "nm_kecamatan": "Wewewa Timur" }, "geometry": { "type": "MultiPolygon", "coordinates": [ [ [ [ 119.27793375300007, -9.684419556999956, 0.0 ], [ 119.277839776000064, -9.684466966999935, 0.0 ], [ 119.277712207000036, -9.684504079999954, 0.0 ], [ 119.277588372000082, -9.684530732999974, 0.0 ], [ 119.277026707000118, -9.684341545999928, 0.0 ], [ 119.275948583000059, -9.683709079999971, 0.0 ], [ 119.274755191000054, -9.682922621999978, 0.0 ], [ 119.274755164000112, -9.682922603999941, 0.0 ], [ 119.274755096000035, -9.682922558999962, 0.0 ], [ 119.274752535000061, -9.682920871999954, 0.0 ], [ 119.273593754000103, -9.682182515999955, 0.0 ], [ 119.273593725000069, -9.682182496999928, 0.0 ], [ 119.272578348000025, -9.681513137999957, 0.0 ], [ 119.27154327300002, -9.681011167999941, 0.0 ], [ 119.271387292000099, -9.68092173399998, 0.0 ], [ 119.270758827, -9.680561379999972, 0.0 ], [ 119.270571036000092, -9.680453703999945, 0.0 ], [ 119.26952269200001, -9.680088121999972, 0.0 ], [ 119.269522005000113, -9.68008783199997, 0.0 ], [ 119.268718056000012, -9.679748704999952, 0.0 ], [ 119.268083047000118, -9.679563454999936, 0.0 ], [ 119.267937796000069, -9.679521078999926, 0.0 ], [ 119.267109134000066, -9.679163286999938, 0.0 ], [ 119.267109104000042, -9.679163273999961, 0.0 ], [ 119.267108242000063, -9.679162896999969, 0.0 ], [ 119.266352732000087, -9.678985048999948, 0.0 ], [ 119.265297341000064, -9.678762106999955, 0.0 ], [ 119.264672831000098, -9.678634582999962, 0.0 ], [ 119.263890915000047, -9.678704706999952, 0.0 ], [ 119.263522009000098, -9.678752340999949, 0.0 ], [ 119.263384113000029, -9.678770146999966, 0.0 ], [ 119.263222115000076, -9.678794616999937, 0.0 ], [ 119.262908536000054, -9.67884197199993, 0.0 ], [ 119.262269959000037, -9.678993539999965, 0.0 ], [ 119.261631095000098, -9.679194721999977, 0.0 ], [ 119.260992517000091, -9.679346292999981, 0.0 ], [ 119.260347792000061, -9.679479206999929, 0.0 ], [ 119.259627053000031, -9.679785398999968, 0.0 ], [ 119.259120287000087, -9.679984838999928, 0.0 ], [ 119.258818727000062, -9.680103519999932, 0.0 ], [ 119.258072763000087, -9.680446797999934, 0.0 ], [ 119.257164052, -9.680826388999947, 0.0 ], [ 119.256373741000061, -9.681274877999954, 0.0 ], [ 119.255502983000042, -9.681574026999954, 0.0 ], [ 119.254920202000108, -9.681806543999926, 0.0 ], [ 119.254193729, -9.682019641999943, 0.0 ], [ 119.253441617000021, -9.682344265999973, 0.0 ], [ 119.252746086000116, -9.682613367999977, 0.0 ], [ 119.252044909, -9.682919296999955, 0.0 ], [ 119.252044098000056, -9.682919650999963, 0.0 ], [ 119.251336079000112, -9.683201594999957, 0.0 ], [ 119.250690119000069, -9.68327710899996, 0.0 ], [ 119.249998677, -9.683326633999968, 0.0 ], [ 119.249790140000073, -9.683377022999935, 0.0 ], [ 119.249499217000107, -9.683486929999958, 0.0 ], [ 119.249326952000047, -9.683551819999934, 0.0 ], [ 119.249297578000096, -9.683563459999959, 0.0 ], [ 119.248964505000117, -9.683762632999958, 0.0 ], [ 119.248787718000017, -9.683868365999956, 0.0 ], [ 119.248166984000022, -9.684280398999931, 0.0 ], [ 119.247727307000105, -9.684489629999973, 0.0 ], [ 119.247613294000075, -9.684519272999978, 0.0 ], [ 119.247324123000112, -9.68453496099994, 0.0 ], [ 119.247303675000012, -9.684554545999958, 0.0 ], [ 119.24729637300004, -9.684561538999958, 0.0 ], [ 119.247139369000024, -9.684671359999982, 0.0 ], [ 119.247139339000114, -9.68467138099993, 0.0 ], [ 119.247133014000042, -9.684675804999927, 0.0 ], [ 119.246962734000022, -9.684696557999928, 0.0 ], [ 119.247612127000025, -9.68403847299993, 0.0 ], [ 119.248522408000099, -9.682397548999973, 0.0 ], [ 119.248940226000059, -9.681360386999927, 0.0 ], [ 119.250649118000069, -9.680591967999931, 0.0 ], [ 119.251862643000095, -9.679878128999974, 0.0 ], [ 119.252433714000063, -9.679307058999939, 0.0 ], [ 119.25336170300011, -9.678307684999936, 0.0 ], [ 119.254575228000022, -9.677522462999946, 0.0 ], [ 119.256524284000079, -9.67329888699993, 0.0 ], [ 119.255645986000104, -9.67002716099995, 0.0 ], [ 119.253509045000101, -9.667482250999967, 0.0 ], [ 119.253209619000017, -9.668096443999957, 0.0 ], [ 119.252315834000115, -9.668816855999978, 0.0 ], [ 119.25109301100008, -9.669350555999927, 0.0 ], [ 119.250289206000048, -9.669315110999946, 0.0 ], [ 119.249397124000097, -9.66921184499995, 0.0 ], [ 119.247994842000026, -9.669500911999933, 0.0 ], [ 119.247582451000085, -9.668553939999981, 0.0 ], [ 119.246748268000033, -9.666990474999977, 0.0 ], [ 119.245761841000103, -9.666696163999973, 0.0 ], [ 119.244667075000052, -9.666366970999945, 0.0 ], [ 119.24318026100002, -9.666420486999925, 0.0 ], [ 119.242074459000037, -9.666316577999964, 0.0 ], [ 119.241043819000083, -9.665958470999954, 0.0 ], [ 119.239763449000066, -9.665816143999962, 0.0 ], [ 119.239175938000017, -9.666446391999955, 0.0 ], [ 119.238860407000061, -9.66709868099997, 0.0 ], [ 119.237614110000095, -9.667316091999965, 0.0 ], [ 119.236806837000017, -9.666645728999981, 0.0 ], [ 119.236136329000033, -9.665761674999942, 0.0 ], [ 119.233798076000085, -9.66602134599998, 0.0 ], [ 119.232759762000114, -9.666561706999971, 0.0 ], [ 119.23280967200003, -9.667885252999952, 0.0 ], [ 119.232136529000059, -9.668681421999963, 0.0 ], [ 119.231230623000101, -9.66879970399998, 0.0 ], [ 119.23012815300001, -9.668346315999941, 0.0 ], [ 119.229365141000017, -9.668163548999928, 0.0 ], [ 119.228459624000038, -9.668501079999942, 0.0 ], [ 119.227700154000104, -9.669020986999953, 0.0 ], [ 119.226067887000113, -9.668164729999944, 0.0 ], [ 119.226093068000068, -9.668159446999937, 0.0 ], [ 119.225938399000029, -9.667864862999977, 0.0 ], [ 119.225904727000056, -9.667785554999966, 0.0 ], [ 119.22582762400009, -9.667546779999952, 0.0 ], [ 119.225745740000093, -9.667266217999952, 0.0 ], [ 119.225721675000045, -9.667156879999936, 0.0 ], [ 119.225728203000017, -9.667099280999935, 0.0 ], [ 119.225752228000033, -9.666887377999956, 0.0 ], [ 119.225822629000049, -9.666729352999937, 0.0 ], [ 119.22583821, -9.666705848999982, 0.0 ], [ 119.225947519000101, -9.666589962999979, 0.0 ], [ 119.226131896000084, -9.666518305999944, 0.0 ], [ 119.226359202000026, -9.666488648999973, 0.0 ], [ 119.226601016000018, -9.666501204999975, 0.0 ], [ 119.226757330000055, -9.66648605499995, 0.0 ], [ 119.226792451000051, -9.666462732999946, 0.0 ], [ 119.226899051000032, -9.666414677999967, 0.0 ], [ 119.227012040000091, -9.666301211999951, 0.0 ], [ 119.227101011000059, -9.666152220999948, 0.0 ], [ 119.227214358000083, -9.666007411999942, 0.0 ], [ 119.227230468000016, -9.665979892999928, 0.0 ], [ 119.227339367000013, -9.665793863999966, 0.0 ], [ 119.22744797200005, -9.665565600999969, 0.0 ], [ 119.227588703000038, -9.665339168999935, 0.0 ], [ 119.227619294000078, -9.665315695999936, 0.0 ], [ 119.227771269000073, -9.665097936999928, 0.0 ], [ 119.227866999000071, -9.664952943999936, 0.0 ], [ 119.227869453000039, -9.664844432999928, 0.0 ], [ 119.227854598000022, -9.66467175799994, 0.0 ], [ 119.227844308000044, -9.664625144999945, 0.0 ], [ 119.227801637000084, -9.664495100999943, 0.0 ], [ 119.227711347000081, -9.664219927999966, 0.0 ], [ 119.227702847000046, -9.664097751999975, 0.0 ], [ 119.227691075000052, -9.663928507999969, 0.0 ], [ 119.227684639000017, -9.663835971999958, 0.0 ], [ 119.227677361000019, -9.66368977299993, 0.0 ], [ 119.227718436000032, -9.663449930999946, 0.0 ], [ 119.227748810000094, -9.66331770499994, 0.0 ], [ 119.22775050100006, -9.663252598999975, 0.0 ], [ 119.227754891000018, -9.663083619999952, 0.0 ], [ 119.227754932000039, -9.662940029999959, 0.0 ], [ 119.22774913100011, -9.662857201999941, 0.0 ], [ 119.227739061000079, -9.66276950699995, 0.0 ], [ 119.227749692000089, -9.662650700999961, 0.0 ], [ 119.227816460000099, -9.662459443999978, 0.0 ], [ 119.227866893000055, -9.662237024999968, 0.0 ], [ 119.227880179000067, -9.662095991999934, 0.0 ], [ 119.2278651150001, -9.661969246999945, 0.0 ], [ 119.227821454000036, -9.661814523999965, 0.0 ], [ 119.227734846000089, -9.661617801999967, 0.0 ], [ 119.227636464000057, -9.661391456999979, 0.0 ], [ 119.227567497000109, -9.661272891999943, 0.0 ], [ 119.22746118900011, -9.661084054999947, 0.0 ], [ 119.227403328000037, -9.660943525999926, 0.0 ], [ 119.227412750000099, -9.660863724999956, 0.0 ], [ 119.227416486000038, -9.660774318999927, 0.0 ], [ 119.227442279000115, -9.660730833999935, 0.0 ], [ 119.227472611000053, -9.660661212999969, 0.0 ], [ 119.227563251000106, -9.660627500999965, 0.0 ], [ 119.227585984000029, -9.660604084999932, 0.0 ], [ 119.227827044000037, -9.660503868999967, 0.0 ], [ 119.228068301, -9.660431867999932, 0.0 ], [ 119.228340582000101, -9.660291709999967, 0.0 ], [ 119.228398462000087, -9.660224140999958, 0.0 ], [ 119.22856214400008, -9.660033046999956, 0.0 ], [ 119.228610232000051, -9.659976907999976, 0.0 ], [ 119.228796953000028, -9.659786457999928, 0.0 ], [ 119.228986649000035, -9.659538101999942, 0.0 ], [ 119.229236650000075, -9.659337970999957, 0.0 ], [ 119.229425082000034, -9.659182929999929, 0.0 ], [ 119.229641225000023, -9.659045827999932, 0.0 ], [ 119.229711907000024, -9.658995065999932, 0.0 ], [ 119.22987820700007, -9.658898116999978, 0.0 ], [ 119.230034176000117, -9.658826657999953, 0.0 ], [ 119.230232906000083, -9.658783085999971, 0.0 ], [ 119.230412860000115, -9.658743041999969, 0.0 ], [ 119.230645080000045, -9.658752239999956, 0.0 ], [ 119.231057236000083, -9.658721364999963, 0.0 ], [ 119.231412616000057, -9.658704960999955, 0.0 ], [ 119.231653973000107, -9.658660690999966, 0.0 ], [ 119.231909459, -9.658588990999931, 0.0 ], [ 119.232093859000088, -9.658517333999953, 0.0 ], [ 119.232334087000027, -9.658444864999979, 0.0 ], [ 119.23247698900002, -9.658402102999958, 0.0 ], [ 119.232661266000036, -9.658316366999941, 0.0 ], [ 119.232691564000106, -9.658184466999955, 0.0 ], [ 119.232712685000024, -9.65813468999994, 0.0 ], [ 119.232706076000113, -9.658076110999957, 0.0 ], [ 119.232659379000097, -9.657921114999965, 0.0 ], [ 119.232586642000115, -9.65778133799995, 0.0 ], [ 119.232460395000089, -9.657692696999959, 0.0 ], [ 119.232272739000109, -9.657614275999947, 0.0 ], [ 119.232016269000042, -9.657531365999944, 0.0 ], [ 119.2317743750001, -9.657504769999946, 0.0 ], [ 119.231575532000079, -9.65753424199994, 0.0 ], [ 119.231359950000069, -9.657570096999962, 0.0 ], [ 119.231123374000049, -9.657655625999951, 0.0 ], [ 119.230912147000026, -9.657731989999945, 0.0 ], [ 119.230821607000053, -9.657764720999978, 0.0 ], [ 119.230709860000047, -9.657793505999962, 0.0 ], [ 119.230553723000071, -9.657811060999961, 0.0 ], [ 119.230436183000052, -9.657768677999968, 0.0 ], [ 119.230342728000096, -9.657652500999973, 0.0 ], [ 119.230280703000062, -9.657567549999953, 0.0 ], [ 119.230211883000038, -9.657446592999975, 0.0 ], [ 119.230082178000089, -9.657185165999977, 0.0 ], [ 119.229955847000042, -9.656905552999945, 0.0 ], [ 119.229879996000022, -9.656787018999978, 0.0 ], [ 119.229863545000057, -9.65675201199997, 0.0 ], [ 119.229841691000047, -9.656726658999958, 0.0 ], [ 119.229681643000049, -9.656514708999964, 0.0 ], [ 119.229538616000013, -9.656375130999947, 0.0 ], [ 119.229351614000052, -9.656236461999981, 0.0 ], [ 119.229135272, -9.65603596099993, 0.0 ], [ 119.228824349000092, -9.655748107999955, 0.0 ], [ 119.228804248000074, -9.655731767999953, 0.0 ], [ 119.228657113000054, -9.655601586999978, 0.0 ], [ 119.228599859000042, -9.655501006999941, 0.0 ], [ 119.228600231000087, -9.655440798999962, 0.0 ], [ 119.228589918000011, -9.65536617999993, 0.0 ], [ 119.22862059800002, -9.655209240999966, 0.0 ], [ 119.228664939000055, -9.655074334999938, 0.0 ], [ 119.228748561000089, -9.655001892999962, 0.0 ], [ 119.228901798000038, -9.654949433999946, 0.0 ], [ 119.229059709000012, -9.654869880999968, 0.0 ], [ 119.229172428000084, -9.654801883999937, 0.0 ], [ 119.229296036000051, -9.65466645999993, 0.0 ], [ 119.229437505000078, -9.654492606999952, 0.0 ], [ 119.229546359000096, -9.654387697999937, 0.0 ], [ 119.22958031600001, -9.654344601999981, 0.0 ], [ 119.229607860000101, -9.654297201999952, 0.0 ], [ 119.229676811000104, -9.654129165999962, 0.0 ], [ 119.229721642000072, -9.653990678999946, 0.0 ], [ 119.229723371000091, -9.653823333999981, 0.0 ], [ 119.229730831000097, -9.65366533599996, 0.0 ], [ 119.229748225000094, -9.653495630999942, 0.0 ], [ 119.229778415000055, -9.653422286999955, 0.0 ], [ 119.229812187000107, -9.653367787999969, 0.0 ], [ 119.229943019000075, -9.65323772499994, 0.0 ], [ 119.230100114000038, -9.653034802999969, 0.0 ], [ 119.23017857100001, -9.652910899999938, 0.0 ], [ 119.230273834000059, -9.652683073999981, 0.0 ], [ 119.230334735000042, -9.65257655299996, 0.0 ], [ 119.230515019000109, -9.652448833999927, 0.0 ], [ 119.230672613000024, -9.652324429999965, 0.0 ], [ 119.230818922000026, -9.652200081999979, 0.0 ], [ 119.230874861000075, -9.652098774999956, 0.0 ], [ 119.230893971000114, -9.651999064999927, 0.0 ], [ 119.230919077000067, -9.651941461999968, 0.0 ], [ 119.230974267000079, -9.651727961999939, 0.0 ], [ 119.230978468000103, -9.651550550999957, 0.0 ], [ 119.230994662000057, -9.651434545999962, 0.0 ], [ 119.231004736000045, -9.651200586999948, 0.0 ], [ 119.231041063000021, -9.651102193999975, 0.0 ], [ 119.23104898400004, -9.65104327399996, 0.0 ], [ 119.231105562000039, -9.650935582999978, 0.0 ], [ 119.231104678000065, -9.650908333999951, 0.0 ], [ 119.231193864000033, -9.650705835999929, 0.0 ], [ 119.231215321000036, -9.650526210999942, 0.0 ], [ 119.231224587000042, -9.65021207999996, 0.0 ], [ 119.231230386000107, -9.649965041999963, 0.0 ], [ 119.231164304000117, -9.649651614999925, 0.0 ], [ 119.231132609000042, -9.649544305999939, 0.0 ], [ 119.231094864000056, -9.649416520999978, 0.0 ], [ 119.23099177600011, -9.649230299999942, 0.0 ], [ 119.23096681800007, -9.649171389999935, 0.0 ], [ 119.23083740200002, -9.648865925999928, 0.0 ], [ 119.230658984000115, -9.648533239999949, 0.0 ], [ 119.230521425, -9.648264897999979, 0.0 ], [ 119.23046367500001, -9.648085804999937, 0.0 ], [ 119.230416928000068, -9.647861773999978, 0.0 ], [ 119.230396818000031, -9.647669224999959, 0.0 ], [ 119.230390104000094, -9.647638159999929, 0.0 ], [ 119.230351672000097, -9.647460378999938, 0.0 ], [ 119.230335413000034, -9.647435739999935, 0.0 ], [ 119.230261929000108, -9.647333818999925, 0.0 ], [ 119.230118553000011, -9.64723553999994, 0.0 ], [ 119.229954723000105, -9.647179, 0.0 ], [ 119.229907971000102, -9.647155440999938, 0.0 ], [ 119.229742553000051, -9.647109331999957, 0.0 ], [ 119.229494735000117, -9.647026489999973, 0.0 ], [ 119.229241421000097, -9.646947945999955, 0.0 ], [ 119.229086120000034, -9.646887482999944, 0.0 ], [ 119.228972713000076, -9.646805517999951, 0.0 ], [ 119.228963253000074, -9.646778878999953, 0.0 ], [ 119.228850544000011, -9.646668558999977, 0.0 ], [ 119.22872927800006, -9.646549860999926, 0.0 ], [ 119.228703385000017, -9.646523, 0.0 ], [ 119.228562676000024, -9.646404397999959, 0.0 ], [ 119.228452962, -9.64629735099993, 0.0 ], [ 119.228285683000081, -9.646197160999975, 0.0 ], [ 119.228084168, -9.646104690999948, 0.0 ], [ 119.22795996100001, -9.645959617999949, 0.0 ], [ 119.227856985000017, -9.645792022999956, 0.0 ], [ 119.227774050000107, -9.645680795999965, 0.0 ], [ 119.227709555000047, -9.645562773999927, 0.0 ], [ 119.227567193000027, -9.645302254999933, 0.0 ], [ 119.227375515000062, -9.644852928999967, 0.0 ], [ 119.22730965400001, -9.644706521999979, 0.0 ], [ 119.227298627000096, -9.644674194999936, 0.0 ], [ 119.227317061, -9.644572850999964, 0.0 ], [ 119.22737293800003, -9.644460331999937, 0.0 ], [ 119.227497111000048, -9.644414712999946, 0.0 ], [ 119.227666518000092, -9.644357489999948, 0.0 ], [ 119.227937213000018, -9.644221117999962, 0.0 ], [ 119.228094618000114, -9.644063076999942, 0.0 ], [ 119.228161774000114, -9.643950505999953, 0.0 ], [ 119.228228275000106, -9.643736931999968, 0.0 ], [ 119.228241053000033, -9.64364878899994, 0.0 ], [ 119.228282369000112, -9.643355210999971, 0.0 ], [ 119.228293020000024, -9.643096154999967, 0.0 ], [ 119.228357673000119, -9.642760241999952, 0.0 ], [ 119.228403886000024, -9.642412831999934, 0.0 ], [ 119.228479963000041, -9.642136797999967, 0.0 ], [ 119.228605128000027, -9.641930964999972, 0.0 ], [ 119.228730768000105, -9.641724354999951, 0.0 ], [ 119.22892312700003, -9.641577232999964, 0.0 ], [ 119.229117970000061, -9.64146216499995, 0.0 ], [ 119.229245655000113, -9.641433144999951, 0.0 ], [ 119.229378648000079, -9.641407571999935, 0.0 ], [ 119.229616299000099, -9.641417272999945, 0.0 ], [ 119.229865640000071, -9.641471758999955, 0.0 ], [ 119.230017933000113, -9.641519427999981, 0.0 ], [ 119.230161349000014, -9.64155617199998, 0.0 ], [ 119.230443526000045, -9.641580201999943, 0.0 ], [ 119.230635737000057, -9.64155649199995, 0.0 ], [ 119.230793797000047, -9.641499368999973, 0.0 ], [ 119.230917766000061, -9.641420063999931, 0.0 ], [ 119.231049860000098, -9.641310767999926, 0.0 ], [ 119.231142276000014, -9.641138176999959, 0.0 ], [ 119.231181111000069, -9.641018393999957, 0.0 ], [ 119.231253741000046, -9.640879488999929, 0.0 ], [ 119.231287529000042, -9.640652014999944, 0.0 ], [ 119.231313040000032, -9.640418685999975, 0.0 ], [ 119.231288573000029, -9.640264016999936, 0.0 ], [ 119.231278325000062, -9.640227340999957, 0.0 ], [ 119.231271775000096, -9.640183929999978, 0.0 ], [ 119.231202854000117, -9.640027303999943, 0.0 ], [ 119.231065735000016, -9.639826306999964, 0.0 ], [ 119.23090452100007, -9.639574856999957, 0.0 ], [ 119.230871483000101, -9.63951794299993, 0.0 ], [ 119.230722859000025, -9.639312553999957, 0.0 ], [ 119.230691250000064, -9.639213785999971, 0.0 ], [ 119.230642455000066, -9.639133614999935, 0.0 ], [ 119.230637216000105, -9.639075817999981, 0.0 ], [ 119.230625342000053, -9.639045486999976, 0.0 ], [ 119.230629170000043, -9.638998995999941, 0.0 ], [ 119.230643917000066, -9.638819842999965, 0.0 ], [ 119.230647842000053, -9.638772155999959, 0.0 ], [ 119.230705976000081, -9.638632694999956, 0.0 ], [ 119.230798416000084, -9.638410935999957, 0.0 ], [ 119.230941475, -9.63818357699995, 0.0 ], [ 119.230969250000044, -9.638148419999936, 0.0 ], [ 119.231056190000118, -9.638038379999955, 0.0 ], [ 119.231098899000017, -9.637986523999928, 0.0 ], [ 119.231223088000093, -9.637940859999958, 0.0 ], [ 119.231529479000073, -9.637924664999957, 0.0 ], [ 119.23156738900002, -9.637919986999975, 0.0 ], [ 119.231852043000117, -9.637954332999925, 0.0 ], [ 119.232013445, -9.637999369999932, 0.0 ], [ 119.23223203100008, -9.638060364999944, 0.0 ], [ 119.232263037000052, -9.63807344099996, 0.0 ], [ 119.232537304000061, -9.638167899999928, 0.0 ], [ 119.232841583000095, -9.638297429999966, 0.0 ], [ 119.233027851000088, -9.638344955999969, 0.0 ], [ 119.233109184000114, -9.63836570899997, 0.0 ], [ 119.233307350000018, -9.638403672999971, 0.0 ], [ 119.233390488000055, -9.638419598999974, 0.0 ], [ 119.233649042000025, -9.638485189999926, 0.0 ], [ 119.233784660000083, -9.638552398999934, 0.0 ], [ 119.23393549900004, -9.63870028499997, 0.0 ], [ 119.233962310000038, -9.638734290999935, 0.0 ], [ 119.234086359000116, -9.638891643999955, 0.0 ], [ 119.234263110000029, -9.639031646999968, 0.0 ], [ 119.234441503000085, -9.639162682999938, 0.0 ], [ 119.234657359000039, -9.639219303999937, 0.0 ], [ 119.234694766000075, -9.639220481999928, 0.0 ], [ 119.234770375000039, -9.63922286899998, 0.0 ], [ 119.234898144000113, -9.639229427999965, 0.0 ], [ 119.235018187000037, -9.639199554999948, 0.0 ], [ 119.235102610000013, -9.639176137999925, 0.0 ], [ 119.235281957000097, -9.639081117999979, 0.0 ], [ 119.235371816000111, -9.638979587999927, 0.0 ], [ 119.235450291, -9.638866897999947, 0.0 ], [ 119.235516848000088, -9.638630956999975, 0.0 ], [ 119.235514806000083, -9.638350524999964, 0.0 ], [ 119.235522217000039, -9.637945953999974, 0.0 ], [ 119.23549485500007, -9.637587383999971, 0.0 ], [ 119.235440882000034, -9.63733964499994, 0.0 ], [ 119.235336433000043, -9.637095503999944, 0.0 ], [ 119.235316873000102, -9.637049786999967, 0.0 ], [ 119.235241811000037, -9.636955359999945, 0.0 ], [ 119.23505208000006, -9.636828026999979, 0.0 ], [ 119.234836404000021, -9.636705760999973, 0.0 ], [ 119.23474968700009, -9.636662799999954, 0.0 ], [ 119.234461080000074, -9.636576781999963, 0.0 ], [ 119.234407622000049, -9.636560849999967, 0.0 ], [ 119.23421226500011, -9.63646330499995, 0.0 ], [ 119.234118088000059, -9.636363260999929, 0.0 ], [ 119.234075078000046, -9.636251053999956, 0.0 ], [ 119.234055073000036, -9.636153600999933, 0.0 ], [ 119.234107486000084, -9.636015336999947, 0.0 ], [ 119.234199716000035, -9.635857557999941, 0.0 ], [ 119.234219393000103, -9.635823898999945, 0.0 ], [ 119.234320549000017, -9.635722302999966, 0.0 ], [ 119.234452316000102, -9.635645076999936, 0.0 ], [ 119.234497003000115, -9.635614186999931, 0.0 ], [ 119.234676406000062, -9.635470775999977, 0.0 ], [ 119.234794912000098, -9.63535302899993, 0.0 ], [ 119.234894643000075, -9.635258662999945, 0.0 ], [ 119.234984206000036, -9.635112287999959, 0.0 ], [ 119.235102988000108, -9.634906735999948, 0.0 ], [ 119.235122311000055, -9.63487770699993, 0.0 ], [ 119.235208234000083, -9.634763115999931, 0.0 ], [ 119.235298394000097, -9.634706462999929, 0.0 ], [ 119.23544551100008, -9.634705491999966, 0.0 ], [ 119.235649386000091, -9.634726616999956, 0.0 ], [ 119.235822214000109, -9.634663610999951, 0.0 ], [ 119.235870762000104, -9.634628075999956, 0.0 ], [ 119.235947219000082, -9.634561512999937, 0.0 ], [ 119.236039366000114, -9.634390037999935, 0.0 ], [ 119.236087207000082, -9.634196580999969, 0.0 ], [ 119.236086017000048, -9.634017117999974, 0.0 ], [ 119.236061766000034, -9.633770493999975, 0.0 ], [ 119.236014582000053, -9.633479146999946, 0.0 ], [ 119.235929709000061, -9.633189819999927, 0.0 ], [ 119.23580311, -9.632920957999943, 0.0 ], [ 119.235727195000095, -9.632796804999941, 0.0 ], [ 119.23554415000001, -9.632495146999929, 0.0 ], [ 119.235475084000086, -9.632316116999959, 0.0 ], [ 119.23548151600005, -9.63221744599997, 0.0 ], [ 119.235485321000056, -9.632159053999942, 0.0 ], [ 119.235575120000021, -9.632046273999947, 0.0 ], [ 119.235665370000106, -9.632000823999931, 0.0 ], [ 119.235789964000105, -9.632011242999965, 0.0 ], [ 119.236209177000092, -9.632098240999937, 0.0 ], [ 119.236620765000112, -9.63222867099995, 0.0 ], [ 119.236980783000035, -9.632407301999933, 0.0 ], [ 119.23724242000003, -9.632554144999972, 0.0 ], [ 119.237384140000017, -9.632648407999966, 0.0 ], [ 119.237753336000083, -9.632873399999937, 0.0 ], [ 119.238174065000067, -9.633184741999969, 0.0 ], [ 119.238571921000016, -9.633451366999964, 0.0 ], [ 119.238786339000058, -9.633545535999929, 0.0 ], [ 119.239002695000067, -9.63356074099994, 0.0 ], [ 119.239217518000032, -9.633536895999953, 0.0 ], [ 119.239330394000035, -9.633491303999961, 0.0 ], [ 119.239465363000022, -9.633367036999971, 0.0 ], [ 119.239588925000021, -9.633231640999952, 0.0 ], [ 119.239689617000067, -9.633051523999939, 0.0 ], [ 119.239756183000054, -9.632849179999937, 0.0 ], [ 119.239788579000106, -9.632624634999956, 0.0 ], [ 119.239788219000047, -9.632570106999935, 0.0 ], [ 119.239767381000092, -9.632458095999937, 0.0 ], [ 119.239742764000084, -9.632325783999931, 0.0 ], [ 119.239698041000111, -9.632248897999943, 0.0 ], [ 119.23960417100011, -9.632087532999947, 0.0 ], [ 119.239482620000103, -9.631941526999981, 0.0 ], [ 119.239441392000117, -9.63186561699996, 0.0 ], [ 119.239395358000024, -9.631780847999948, 0.0 ], [ 119.2394063590001, -9.631614785999943, 0.0 ], [ 119.239444751000065, -9.631547190999981, 0.0 ], [ 119.239453082000068, -9.631505180999966, 0.0 ], [ 119.239520441000082, -9.63142617699998, 0.0 ], [ 119.239557043000104, -9.631415470999968, 0.0 ], [ 119.23970960500003, -9.631309261999945, 0.0 ], [ 119.239830792000021, -9.631230522999942, 0.0 ], [ 119.239935434000017, -9.631172611999943, 0.0 ], [ 119.240140393000047, -9.63105203799995, 0.0 ], [ 119.240286669000056, -9.630927680999946, 0.0 ], [ 119.240352280000025, -9.63083953499995, 0.0 ], [ 119.240330408000091, -9.630691834999936, 0.0 ], [ 119.240285896000046, -9.630548070999964, 0.0 ], [ 119.240174724000099, -9.630364000999975, 0.0 ], [ 119.24013428, -9.630238068999972, 0.0 ], [ 119.24011692900001, -9.630205602999979, 0.0 ], [ 119.240093257000012, -9.630088842999953, 0.0 ], [ 119.240086733000112, -9.630053038999961, 0.0 ], [ 119.240078499000106, -9.629953028999978, 0.0 ], [ 119.240091269000118, -9.629795349999938, 0.0 ], [ 119.24014856000008, -9.629585069999962, 0.0 ], [ 119.240166497000018, -9.629538579999974, 0.0 ], [ 119.240219051000054, -9.629418305999934, 0.0 ], [ 119.240287063000096, -9.629262640999968, 0.0 ], [ 119.240369261000069, -9.629127499999981, 0.0 ], [ 119.24049990200001, -9.628940942999975, 0.0 ], [ 119.240623361000075, -9.628783080999938, 0.0 ], [ 119.240767527000116, -9.628644798999971, 0.0 ], [ 119.240902093000045, -9.628543988999979, 0.0 ], [ 119.241008358000045, -9.628469822999932, 0.0 ], [ 119.241264953000041, -9.628262931999927, 0.0 ], [ 119.241593531000035, -9.62806139099996, 0.0 ], [ 119.241750253000077, -9.627952003999951, 0.0 ], [ 119.242023034000113, -9.627757771999939, 0.0 ], [ 119.24224490000006, -9.627572336999947, 0.0 ], [ 119.242440024000075, -9.627440117999981, 0.0 ], [ 119.242568559, -9.627312394999933, 0.0 ], [ 119.242597034000028, -9.627272688999938, 0.0 ], [ 119.242717485000071, -9.627165461999937, 0.0 ], [ 119.242818356000043, -9.627018974999942, 0.0 ], [ 119.24286371900007, -9.626979121999966, 0.0 ], [ 119.242908403000115, -9.62693986599993, 0.0 ], [ 119.243028744000071, -9.626883441999951, 0.0 ], [ 119.243087654000078, -9.626862486999926, 0.0 ], [ 119.243224559000055, -9.626836883999943, 0.0 ], [ 119.243325881000032, -9.626785843999926, 0.0 ], [ 119.243354624000062, -9.626776594999967, 0.0 ], [ 119.243427565000047, -9.626734617999944, 0.0 ], [ 119.243473613000106, -9.626669841999956, 0.0 ], [ 119.243541987000071, -9.626577214999941, 0.0 ], [ 119.24358435900001, -9.626486817999933, 0.0 ], [ 119.243580110000039, -9.626335062999942, 0.0 ], [ 119.243576735000033, -9.62630816099994, 0.0 ], [ 119.24355700600006, -9.626150779999932, 0.0 ], [ 119.243552542000089, -9.626115187999972, 0.0 ], [ 119.24351320300002, -9.625993740999945, 0.0 ], [ 119.243405601000063, -9.625834070999929, 0.0 ], [ 119.243387341000016, -9.625799141999948, 0.0 ], [ 119.243296150000106, -9.625681085999929, 0.0 ], [ 119.243181636000031, -9.625479927999947, 0.0 ], [ 119.243156388000102, -9.625412331999939, 0.0 ], [ 119.243094641000084, -9.625281564999966, 0.0 ], [ 119.242964456000095, -9.625005861999966, 0.0 ], [ 119.242940006000026, -9.624997895999968, 0.0 ], [ 119.242963812000085, -9.624905374999969, 0.0 ], [ 119.242981905000079, -9.624835787999928, 0.0 ], [ 119.243025472000113, -9.62476417299996, 0.0 ], [ 119.243063540000094, -9.624731126999961, 0.0 ], [ 119.243105962000072, -9.624694299999931, 0.0 ], [ 119.243268568000076, -9.624635876999946, 0.0 ], [ 119.243308216000059, -9.624627961999977, 0.0 ], [ 119.243501924000043, -9.624620505999928, 0.0 ], [ 119.243641046000107, -9.62469081699993, 0.0 ], [ 119.243687616000102, -9.624728097999935, 0.0 ], [ 119.244027614000061, -9.625000307999926, 0.0 ], [ 119.244074033000061, -9.625037471999974, 0.0 ], [ 119.244152556000017, -9.625136583999961, 0.0 ], [ 119.244324554000059, -9.625281177999966, 0.0 ], [ 119.244471347000058, -9.625396487999978, 0.0 ], [ 119.244503528000109, -9.625267048999945, 0.0 ], [ 119.244520717000114, -9.625150409999947, 0.0 ], [ 119.244704683, -9.625090393999926, 0.0 ], [ 119.24482475100001, -9.625060265999934, 0.0 ], [ 119.244850401, -9.625000283999952, 0.0 ], [ 119.244871749000026, -9.62495034799997, 0.0 ], [ 119.244894787000021, -9.624807600999929, 0.0 ], [ 119.244890803000089, -9.624751817999936, 0.0 ], [ 119.24489595600005, -9.624536392999971, 0.0 ], [ 119.24491131800005, -9.624349038999981, 0.0 ], [ 119.244941580000045, -9.623611073999939, 0.0 ], [ 119.245047993000071, -9.623582239999962, 0.0 ], [ 119.24529915100004, -9.623559477999947, 0.0 ], [ 119.245408486000088, -9.623530022999944, 0.0 ], [ 119.245607910000103, -9.623523662999958, 0.0 ], [ 119.245746189000101, -9.623476018999952, 0.0 ], [ 119.245735499000034, -9.623413008999933, 0.0 ], [ 119.245678073000022, -9.623191125999938, 0.0 ], [ 119.24574257900008, -9.623028707999936, 0.0 ], [ 119.245844515000044, -9.622968832999959, 0.0 ], [ 119.246102215000064, -9.622858055999927, 0.0 ], [ 119.246157139000047, -9.62273539399996, 0.0 ], [ 119.246157561000018, -9.622477283999956, 0.0 ], [ 119.246166298000048, -9.62162432699995, 0.0 ], [ 119.246185858000104, -9.621268112999928, 0.0 ], [ 119.246239467, -9.621078143999966, 0.0 ], [ 119.24621249900008, -9.620846359999973, 0.0 ], [ 119.24624277700002, -9.620733971999925, 0.0 ], [ 119.246272154000053, -9.620703858999946, 0.0 ], [ 119.246362875000045, -9.620572379999942, 0.0 ], [ 119.246381858000063, -9.620514517999936, 0.0 ], [ 119.246399077000092, -9.62031744199993, 0.0 ], [ 119.246399249000092, -9.619928831999971, 0.0 ], [ 119.246392611000033, -9.619794972999955, 0.0 ], [ 119.246288124000102, -9.619598564999933, 0.0 ], [ 119.246277861000067, -9.619514221999964, 0.0 ], [ 119.246647535000079, -9.618937821999964, 0.0 ], [ 119.246740267000064, -9.618793212999947, 0.0 ], [ 119.246861527000078, -9.618585717999963, 0.0 ], [ 119.247306367000078, -9.617824522999967, 0.0 ], [ 119.247471925000013, -9.617633221999938, 0.0 ], [ 119.247601565000082, -9.61748341699996, 0.0 ], [ 119.247874484000022, -9.617168038999978, 0.0 ], [ 119.248031016000027, -9.616953214999967, 0.0 ], [ 119.248492336000027, -9.616320149999979, 0.0 ], [ 119.249006734000091, -9.615592022999977, 0.0 ], [ 119.24962843000003, -9.614733647999969, 0.0 ], [ 119.249957578000021, -9.614224681999929, 0.0 ], [ 119.249999579000018, -9.614172678999978, 0.0 ], [ 119.250374204000082, -9.613734724999972, 0.0 ], [ 119.251206078000109, -9.613239118999957, 0.0 ], [ 119.251558843000112, -9.613023541999951, 0.0 ], [ 119.251681365000081, -9.612948664999976, 0.0 ], [ 119.252291924000019, -9.612488353999936, 0.0 ], [ 119.254105203000108, -9.610921445999963, 0.0 ], [ 119.255375986000104, -9.609797630999935, 0.0 ], [ 119.256523394000055, -9.608525555999961, 0.0 ], [ 119.257037775000072, -9.608001086999934, 0.0 ], [ 119.25733541000011, -9.607539943999939, 0.0 ], [ 119.25757086100009, -9.606953211999951, 0.0 ], [ 119.25771566800006, -9.606542113999978, 0.0 ], [ 119.257814612000061, -9.606261211999936, 0.0 ], [ 119.257942664000097, -9.605560835999938, 0.0 ], [ 119.258227237000028, -9.604559771999959, 0.0 ], [ 119.258286714000064, -9.604100959999926, 0.0 ], [ 119.258314651000092, -9.603424399999938, 0.0 ], [ 119.258323463000011, -9.602916772999947, 0.0 ], [ 119.25829477700006, -9.602347849999944, 0.0 ], [ 119.258184839000023, -9.60164021099996, 0.0 ], [ 119.25807579100001, -9.601251942999966, 0.0 ], [ 119.257833048000066, -9.600593083999968, 0.0 ], [ 119.257683737000093, -9.600114708999968, 0.0 ], [ 119.257417073000056, -9.599538490999976, 0.0 ], [ 119.257254589000013, -9.599075834999951, 0.0 ], [ 119.256820455000025, -9.598139053999944, 0.0 ], [ 119.256636531000026, -9.597800590999952, 0.0 ], [ 119.256377625000027, -9.597333087999971, 0.0 ], [ 119.256063338000104, -9.59671770999995, 0.0 ], [ 119.255909648000056, -9.59630630099997, 0.0 ], [ 119.255706894000014, -9.595941961999927, 0.0 ], [ 119.255575799000098, -9.595501210999942, 0.0 ], [ 119.25542857500011, -9.594657410999957, 0.0 ], [ 119.255243077000046, -9.594537017999926, 0.0 ], [ 119.255171002000111, -9.594470920999981, 0.0 ], [ 119.254994734000093, -9.594269921999967, 0.0 ], [ 119.25467359400011, -9.593660690999968, 0.0 ], [ 119.254519406000099, -9.593356953999944, 0.0 ], [ 119.254323059000058, -9.593127282999944, 0.0 ], [ 119.254069635000064, -9.592942172999926, 0.0 ], [ 119.253390435000028, -9.592731631999982, 0.0 ], [ 119.253144592000012, -9.592594939999969, 0.0 ], [ 119.252935233000017, -9.592398069999945, 0.0 ], [ 119.252730157000087, -9.592219518999968, 0.0 ], [ 119.252647171000035, -9.592169303999981, 0.0 ], [ 119.253232149000041, -9.591719116999968, 0.0 ], [ 119.253546301000029, -9.591603181999972, 0.0 ], [ 119.253836589000116, -9.591563427999972, 0.0 ], [ 119.254335548000086, -9.591549678999968, 0.0 ], [ 119.255396866000069, -9.591505681999934, 0.0 ], [ 119.255998308000017, -9.591226990999928, 0.0 ], [ 119.256569192000029, -9.59114251699998, 0.0 ], [ 119.257225088000041, -9.591177836999975, 0.0 ], [ 119.257703220000053, -9.590963064999926, 0.0 ], [ 119.257754077000072, -9.591042536999964, 0.0 ], [ 119.257862532000104, -9.591108346999931, 0.0 ], [ 119.258038484000053, -9.591117723999957, 0.0 ], [ 119.258210594000047, -9.591151718999981, 0.0 ], [ 119.258416705000059, -9.591277892999926, 0.0 ], [ 119.258662468000011, -9.591470121999976, 0.0 ], [ 119.258871536000015, -9.591598361999957, 0.0 ], [ 119.25922257600007, -9.591808721999939, 0.0 ], [ 119.259418, -9.591963457999952, 0.0 ], [ 119.259521616000029, -9.592044188999978, 0.0 ], [ 119.259642403000043, -9.592114230999925, 0.0 ], [ 119.259873809000055, -9.592198455999949, 0.0 ], [ 119.260295005000103, -9.592305422999971, 0.0 ], [ 119.260460303000059, -9.592405218999943, 0.0 ], [ 119.260501053000098, -9.592429830999947, 0.0 ], [ 119.260750704000088, -9.592611272999932, 0.0 ], [ 119.260945199000048, -9.592851957999926, 0.0 ], [ 119.261098715000116, -9.593053328999929, 0.0 ], [ 119.261244551000118, -9.593119907999949, 0.0 ], [ 119.261376028000086, -9.593164581999929, 0.0 ], [ 119.261820953000097, -9.593315657999938, 0.0 ], [ 119.262179513000092, -9.593509035999944, 0.0 ], [ 119.262227155000119, -9.593508172999975, 0.0 ], [ 119.26272895000011, -9.593496365999954, 0.0 ], [ 119.262879143000077, -9.593541047999963, 0.0 ], [ 119.263444702000015, -9.593741924999961, 0.0 ], [ 119.263522264000017, -9.593774923999945, 0.0 ], [ 119.264144000000101, -9.59407912599994, 0.0 ], [ 119.26425322700004, -9.594132469999977, 0.0 ], [ 119.264584513000045, -9.594270581999979, 0.0 ], [ 119.264663500000097, -9.594285733999982, 0.0 ], [ 119.265116595000109, -9.594996734999938, 0.0 ], [ 119.265579305000074, -9.595357930999967, 0.0 ], [ 119.266157734000103, -9.595770178999942, 0.0 ], [ 119.266570664000028, -9.596080677999964, 0.0 ], [ 119.267222551000032, -9.596522958999969, 0.0 ], [ 119.267968271000086, -9.596938146999946, 0.0 ], [ 119.268693970000072, -9.597394495999936, 0.0 ], [ 119.269085023000116, -9.597666273999948, 0.0 ], [ 119.26972278900007, -9.59818174399993, 0.0 ], [ 119.270628173000091, -9.598851929999967, 0.0 ], [ 119.271177572000056, -9.599270112999932, 0.0 ], [ 119.272196807000114, -9.599868803999925, 0.0 ], [ 119.272712751000086, -9.600174614999958, 0.0 ], [ 119.273241270000085, -9.600496644999964, 0.0 ], [ 119.273794018000103, -9.600908493999952, 0.0 ], [ 119.274359589000028, -9.601320585999929, 0.0 ], [ 119.274847052000041, -9.601597180999931, 0.0 ], [ 119.275512300000059, -9.602017302999968, 0.0 ], [ 119.2763615880001, -9.60258433599995, 0.0 ], [ 119.276829944000042, -9.602851022999971, 0.0 ], [ 119.277822211000057, -9.603522680999959, 0.0 ], [ 119.278571149000072, -9.603937899999949, 0.0 ], [ 119.279143955000109, -9.604305333999946, 0.0 ], [ 119.27963468300004, -9.604767208999931, 0.0 ], [ 119.279931580000039, -9.605088430999956, 0.0 ], [ 119.280281361000107, -9.605512739999938, 0.0 ], [ 119.280618243000049, -9.605940052999927, 0.0 ], [ 119.28110308600003, -9.60655509999998, 0.0 ], [ 119.281455692, -9.607005024999978, 0.0 ], [ 119.281801286000018, -9.607486786999971, 0.0 ], [ 119.282087298000079, -9.607878898999957, 0.0 ], [ 119.28253208000001, -9.608390210999971, 0.0 ], [ 119.28300058700006, -9.608835739999961, 0.0 ], [ 119.283409676000019, -9.609181244999945, 0.0 ], [ 119.283795461000068, -9.609533287999966, 0.0 ], [ 119.283830882000075, -9.609565618999966, 0.0 ], [ 119.284450800000059, -9.609956520999958, 0.0 ], [ 119.284950289000108, -9.610209898999926, 0.0 ], [ 119.285509364000063, -9.610443179999947, 0.0 ], [ 119.285920052000051, -9.610548085999937, 0.0 ], [ 119.28618752400007, -9.610616396999944, 0.0 ], [ 119.286925017000044, -9.610730025999942, 0.0 ], [ 119.287961144000064, -9.610841645999926, 0.0 ], [ 119.288797019000071, -9.610776867999959, 0.0 ], [ 119.289445871000112, -9.610598861999961, 0.0 ], [ 119.289480654000045, -9.610599272999934, 0.0 ], [ 119.289721686, -9.610594504999938, 0.0 ], [ 119.290031671000065, -9.610523443999966, 0.0 ], [ 119.290260749000026, -9.610477645999936, 0.0 ], [ 119.290439994000053, -9.610505549999971, 0.0 ], [ 119.290525906000084, -9.610567021999941, 0.0 ], [ 119.290531924000106, -9.610502021999935, 0.0 ], [ 119.290813423000031, -9.610185754999975, 0.0 ], [ 119.290918940000097, -9.610048315999961, 0.0 ], [ 119.290939404000028, -9.609735160999946, 0.0 ], [ 119.29093952900007, -9.609697207999943, 0.0 ], [ 119.291102626000111, -9.609241535999956, 0.0 ], [ 119.291277922000063, -9.608888017999959, 0.0 ], [ 119.291388515000108, -9.608592440999928, 0.0 ], [ 119.291592636000019, -9.607977129999938, 0.0 ], [ 119.291686764000019, -9.607695827999976, 0.0 ], [ 119.291712095000094, -9.60733887899994, 0.0 ], [ 119.291726939000114, -9.607132706999948, 0.0 ], [ 119.291722029000084, -9.60690601899995, 0.0 ], [ 119.291730010000038, -9.606772753999962, 0.0 ], [ 119.291924014000074, -9.606510783999965, 0.0 ], [ 119.292057059000058, -9.606391502999941, 0.0 ], [ 119.292258029000095, -9.606246545999966, 0.0 ], [ 119.292482551000035, -9.606095564999976, 0.0 ], [ 119.292716248000033, -9.605892678999965, 0.0 ], [ 119.292825466000068, -9.605766642999981, 0.0 ], [ 119.292809532000092, -9.605480082999975, 0.0 ], [ 119.29282473100011, -9.605336158999933, 0.0 ], [ 119.292910732000109, -9.605035861999966, 0.0 ], [ 119.29308982900011, -9.604768974999956, 0.0 ], [ 119.293391622000058, -9.604470815999946, 0.0 ], [ 119.293508953000014, -9.604351525999959, 0.0 ], [ 119.293561767000028, -9.604176614999972, 0.0 ], [ 119.29358417900005, -9.603949272999955, 0.0 ], [ 119.293651074000081, -9.60376470999995, 0.0 ], [ 119.293786362000105, -9.60364102799997, 0.0 ], [ 119.293897205, -9.603554334999956, 0.0 ], [ 119.293929246000062, -9.603539634999947, 0.0 ], [ 119.294168675000037, -9.603429774999938, 0.0 ], [ 119.294403201000023, -9.603360989999942, 0.0 ], [ 119.294489933000023, -9.603335552999965, 0.0 ], [ 119.294755649000081, -9.603272398999934, 0.0 ], [ 119.295207005000066, -9.603201866999939, 0.0 ], [ 119.29545483000004, -9.603237083999943, 0.0 ], [ 119.295555647000015, -9.603327031999982, 0.0 ], [ 119.295952294000017, -9.603714364999973, 0.0 ], [ 119.29610914400007, -9.603924393999932, 0.0 ], [ 119.296228769000095, -9.60392332899994, 0.0 ], [ 119.296329551000099, -9.603926136999974, 0.0 ], [ 119.296483414000022, -9.604030314999932, 0.0 ], [ 119.296630240000013, -9.604158888999962, 0.0 ], [ 119.296732083000052, -9.604185751999978, 0.0 ], [ 119.297022550000065, -9.604092001999959, 0.0 ], [ 119.29721152400009, -9.603957140999967, 0.0 ], [ 119.297301865, -9.60390943699997, 0.0 ], [ 119.297625181000058, -9.603954903999977, 0.0 ], [ 119.297823550000089, -9.603990217999979, 0.0 ], [ 119.298345975000075, -9.603855641999928, 0.0 ], [ 119.298830428000088, -9.603790325999967, 0.0 ], [ 119.299269426000023, -9.603827731999957, 0.0 ], [ 119.299600692000013, -9.603841030999945, 0.0 ], [ 119.299897663000024, -9.603852409999945, 0.0 ], [ 119.300059449000059, -9.603837873999964, 0.0 ], [ 119.300349612000105, -9.60382776199998, 0.0 ], [ 119.300736737000079, -9.603846344999965, 0.0 ], [ 119.300998312000047, -9.603885365999929, 0.0 ], [ 119.301164841000059, -9.603908801999978, 0.0 ], [ 119.301219741000068, -9.60391442699995, 0.0 ], [ 119.301445077000039, -9.604103867999982, 0.0 ], [ 119.301641213000039, -9.604211906999979, 0.0 ], [ 119.301766668000027, -9.604221614999972, 0.0 ], [ 119.302206495000064, -9.604014520999954, 0.0 ], [ 119.302239437000026, -9.603996196999958, 0.0 ], [ 119.302905492000036, -9.603452593999975, 0.0 ], [ 119.302949180000041, -9.603431047999948, 0.0 ], [ 119.30321321100007, -9.603271966999955, 0.0 ], [ 119.3034867880001, -9.603073388999974, 0.0 ], [ 119.303600605000042, -9.60288186799994, 0.0 ], [ 119.303945662000046, -9.602301237999939, 0.0 ], [ 119.304002458000014, -9.602111597999965, 0.0 ], [ 119.30419392500005, -9.60147229699993, 0.0 ], [ 119.304262351000034, -9.601259003999928, 0.0 ], [ 119.304432385000041, -9.60099999199997, 0.0 ], [ 119.304606664000062, -9.600734397999929, 0.0 ], [ 119.304718516000094, -9.600336872999947, 0.0 ], [ 119.304755180000029, -9.599782012999981, 0.0 ], [ 119.304717130000085, -9.599653545999956, 0.0 ], [ 119.304642740000077, -9.59936139399997, 0.0 ], [ 119.304577696000024, -9.599127215999943, 0.0 ], [ 119.304562846000067, -9.598787656999946, 0.0 ], [ 119.304565820000107, -9.598610623999946, 0.0 ], [ 119.304673474000083, -9.598294669999973, 0.0 ], [ 119.30470420600011, -9.59820446699996, 0.0 ], [ 119.304922849000036, -9.597904626999934, 0.0 ], [ 119.304984469000033, -9.597823951999942, 0.0 ], [ 119.304948237000076, -9.597648985999967, 0.0 ], [ 119.304916644000059, -9.597496614999955, 0.0 ], [ 119.30487520600002, -9.59710311799995, 0.0 ], [ 119.304904081000018, -9.596736368999927, 0.0 ], [ 119.304934471000024, -9.596448798999972, 0.0 ], [ 119.304969456000094, -9.59611797599996, 0.0 ], [ 119.30513183000005, -9.595660896999959, 0.0 ], [ 119.305349961000047, -9.595226819999937, 0.0 ], [ 119.305378447000066, -9.595170146999976, 0.0 ], [ 119.305653083000038, -9.594730928999979, 0.0 ], [ 119.305819048000103, -9.594436773999973, 0.0 ], [ 119.306767160000049, -9.593568346999973, 0.0 ], [ 119.307244770000011, -9.593116678999934, 0.0 ], [ 119.307304448000082, -9.593074416999968, 0.0 ], [ 119.307720370000084, -9.592779900999972, 0.0 ], [ 119.308184926000081, -9.592337556999951, 0.0 ], [ 119.308573774000024, -9.591992898999933, 0.0 ], [ 119.308871223000097, -9.591723334999926, 0.0 ], [ 119.309185274000015, -9.59142533499994, 0.0 ], [ 119.309473376000028, -9.591136430999939, 0.0 ], [ 119.310340901000018, -9.590276241999959, 0.0 ], [ 119.311186096000029, -9.589591302999963, 0.0 ], [ 119.311503286000061, -9.589368736999972, 0.0 ], [ 119.312101363000011, -9.588949053999954, 0.0 ], [ 119.313046326000062, -9.58835079399995, 0.0 ], [ 119.313353833000065, -9.588156079999976, 0.0 ], [ 119.31368477, -9.587810462999926, 0.0 ], [ 119.313763006000045, -9.587719450999941, 0.0 ], [ 119.314047648000042, -9.587478163999947, 0.0 ], [ 119.314318111000034, -9.587138094999943, 0.0 ], [ 119.314521253000066, -9.586882646999982, 0.0 ], [ 119.314898965000111, -9.586438840999961, 0.0 ], [ 119.315266923000081, -9.585998053999958, 0.0 ], [ 119.315594084000054, -9.585499054999957, 0.0 ], [ 119.31576661400004, -9.585195429999942, 0.0 ], [ 119.31585128100005, -9.585134790999973, 0.0 ], [ 119.315688611000041, -9.58488786199996, 0.0 ], [ 119.315513610000039, -9.584695584999963, 0.0 ], [ 119.315263430000073, -9.584525833999976, 0.0 ], [ 119.315104708000035, -9.584431568999946, 0.0 ], [ 119.314925836000043, -9.584325304999936, 0.0 ], [ 119.314400747000036, -9.583972805999963, 0.0 ], [ 119.314004243000113, -9.583661334999931, 0.0 ], [ 119.313632988000109, -9.583361243999946, 0.0 ], [ 119.313202863000015, -9.583117586999947, 0.0 ], [ 119.312839992000022, -9.582919541999956, 0.0 ], [ 119.312743867000108, -9.582867086999954, 0.0 ], [ 119.312261651000085, -9.582657708999932, 0.0 ], [ 119.312090957, -9.582526951999967, 0.0 ], [ 119.311832774000095, -9.582340618999979, 0.0 ], [ 119.311266617000115, -9.58214899099994, 0.0 ], [ 119.311149288000024, -9.582090716999971, 0.0 ], [ 119.310807243000113, -9.581920771999933, 0.0 ], [ 119.310376584000096, -9.581705867999972, 0.0 ], [ 119.310168914000087, -9.58159612999998, 0.0 ], [ 119.309627332000105, -9.58130986599997, 0.0 ], [ 119.309056893000047, -9.58099361799998, 0.0 ], [ 119.308567743000026, -9.580812836999939, 0.0 ], [ 119.308178524000027, -9.580517311999927, 0.0 ], [ 119.306929927000056, -9.580348088999926, 0.0 ], [ 119.306876360000047, -9.580196380999951, 0.0 ], [ 119.306857099000013, -9.580141906999927, 0.0 ], [ 119.306753897000021, -9.580059000999938, 0.0 ], [ 119.306620275000114, -9.579849451999962, 0.0 ], [ 119.306546786000013, -9.579622107999967, 0.0 ], [ 119.306413226000018, -9.579302718999941, 0.0 ], [ 119.306130705000101, -9.578978255999971, 0.0 ], [ 119.305853298000102, -9.578521586999955, 0.0 ], [ 119.305650495, -9.578154085999927, 0.0 ], [ 119.305376337000098, -9.577823680999927, 0.0 ], [ 119.30497195800001, -9.577206833999981, 0.0 ], [ 119.304818548000071, -9.576961523999955, 0.0 ], [ 119.304600267000069, -9.57666465899996, 0.0 ], [ 119.30427162, -9.576217680999946, 0.0 ], [ 119.304131528000084, -9.576085958999954, 0.0 ], [ 119.304046831000051, -9.576006304999964, 0.0 ], [ 119.303663322000034, -9.57551112699997, 0.0 ], [ 119.303461275000018, -9.575076622999973, 0.0 ], [ 119.303169400000115, -9.574653302999934, 0.0 ], [ 119.302859270000113, -9.574169006999966, 0.0 ], [ 119.302629331000048, -9.573698866999962, 0.0 ], [ 119.302340056000048, -9.573310708999941, 0.0 ], [ 119.302201806000085, -9.572934741999973, 0.0 ], [ 119.302071367000053, -9.572457483999926, 0.0 ], [ 119.302046648000101, -9.572382855999933, 0.0 ], [ 119.302040211000076, -9.572222605999968, 0.0 ], [ 119.302129443000013, -9.572033861999955, 0.0 ], [ 119.302315853000096, -9.571857125999941, 0.0 ], [ 119.302539053000032, -9.57174575099998, 0.0 ], [ 119.302801677000048, -9.571696547999977, 0.0 ], [ 119.303059927000049, -9.571694874999935, 0.0 ], [ 119.303201444000024, -9.571649158999946, 0.0 ], [ 119.303497676, -9.571143297999981, 0.0 ], [ 119.303578395000045, -9.571034201999964, 0.0 ], [ 119.303692195000053, -9.570977420999952, 0.0 ], [ 119.304163966000033, -9.570732804999977, 0.0 ], [ 119.304508899000098, -9.570508803999928, 0.0 ], [ 119.304876642000067, -9.570266021999942, 0.0 ], [ 119.305158457000061, -9.570155864999947, 0.0 ], [ 119.305630583000038, -9.569831787999931, 0.0 ], [ 119.306309815000077, -9.569441023999957, 0.0 ], [ 119.306771580000031, -9.569155115999934, 0.0 ], [ 119.307090301000017, -9.568959365999945, 0.0 ], [ 119.307496118000017, -9.568563929999925, 0.0 ], [ 119.308067829000038, -9.56768911599994, 0.0 ], [ 119.308330395000098, -9.567205022999929, 0.0 ], [ 119.308841427000061, -9.566121615999975, 0.0 ], [ 119.308943395000028, -9.565807211999982, 0.0 ], [ 119.308972483000048, -9.565763932999971, 0.0 ], [ 119.308985779000068, -9.565744150999933, 0.0 ], [ 119.309032550000097, -9.565674618999935, 0.0 ], [ 119.309180552000043, -9.565488709999954, 0.0 ], [ 119.309387863000097, -9.56522083599998, 0.0 ], [ 119.309507152000037, -9.565021688999934, 0.0 ], [ 119.309608620000063, -9.56492121399998, 0.0 ], [ 119.309746656000016, -9.564814670999965, 0.0 ], [ 119.309843399000101, -9.564740026999971, 0.0 ], [ 119.31018830000005, -9.564515945999972, 0.0 ], [ 119.310597517000019, -9.564293020999969, 0.0 ], [ 119.311161302000073, -9.563877931999968, 0.0 ], [ 119.311353029000088, -9.563714078999965, 0.0 ], [ 119.311432362000119, -9.563646269999936, 0.0 ], [ 119.311573671000019, -9.563476210999966, 0.0 ], [ 119.311684245000038, -9.563259411999979, 0.0 ], [ 119.311749277000104, -9.562996996999971, 0.0 ], [ 119.311739863000071, -9.562814302999925, 0.0 ], [ 119.311687082000049, -9.562692182999967, 0.0 ], [ 119.31147877300009, -9.56238359799994, 0.0 ], [ 119.310510861000012, -9.56167725399996, 0.0 ], [ 119.312311632000046, -9.560430973999928, 0.0 ], [ 119.312159346000044, -9.560164473999976, 0.0 ], [ 119.312064168, -9.559993152999937, 0.0 ], [ 119.311761372000092, -9.559324836999963, 0.0 ], [ 119.312398723000115, -9.556398846999969, 0.0 ], [ 119.312612435, -9.554235650999942, 0.0 ], [ 119.312717165000095, -9.554234722999979, 0.0 ], [ 119.312942704000079, -9.554135236999969, 0.0 ], [ 119.31307976100004, -9.554104779999932, 0.0 ], [ 119.313178747000052, -9.554021022999962, 0.0 ], [ 119.313300575000085, -9.553929651999965, 0.0 ], [ 119.313414789000035, -9.553853508999964, 0.0 ], [ 119.313553245000094, -9.553842953999947, 0.0 ], [ 119.31381925300002, -9.553801749999934, 0.0 ], [ 119.314130975000012, -9.553835857999957, 0.0 ], [ 119.314305660000059, -9.553967722999971, 0.0 ], [ 119.314389417000029, -9.554097165999963, 0.0 ], [ 119.314488307000033, -9.554385686999979, 0.0 ], [ 119.314641858000073, -9.55448404699996, 0.0 ], [ 119.314875286000074, -9.554517200999953, 0.0 ], [ 119.314980817000105, -9.55454079499998, 0.0 ], [ 119.315117476000069, -9.554647123999928, 0.0 ], [ 119.315248307000047, -9.556280178999941, 0.0 ], [ 119.317537272000095, -9.556313677999981, 0.0 ], [ 119.317700104000096, -9.556249721999961, 0.0 ], [ 119.317924725000012, -9.55616215699996, 0.0 ], [ 119.318221214000118, -9.556052591999958, 0.0 ], [ 119.31839714900002, -9.55613600199996, 0.0 ], [ 119.319820013000026, -9.556181573999936, 0.0 ], [ 119.320955008000055, -9.556431498999927, 0.0 ], [ 119.322366953000028, -9.55656331299997, 0.0 ], [ 119.322865723000064, -9.556609876999971, 0.0 ], [ 119.324674113000015, -9.556609876999971, 0.0 ], [ 119.326139861000115, -9.556743126999947, 0.0 ], [ 119.326702147000105, -9.556718141999966, 0.0 ], [ 119.327054399000076, -9.556439946999944, 0.0 ], [ 119.327513708000083, -9.556069529999945, 0.0 ], [ 119.327710865000086, -9.555873100999975, 0.0 ], [ 119.327965155000015, -9.555618120999952, 0.0 ], [ 119.327998961000048, -9.555584223999972, 0.0 ], [ 119.328514208000115, -9.555369460999941, 0.0 ], [ 119.328660395000043, -9.555285741999967, 0.0 ], [ 119.328983819000086, -9.555003846999966, 0.0 ], [ 119.32941155200001, -9.554637491999927, 0.0 ], [ 119.329931463000094, -9.554151368999953, 0.0 ], [ 119.330260055000053, -9.553754583999932, 0.0 ], [ 119.33089089200007, -9.553177740999956, 0.0 ], [ 119.331103743000085, -9.55299600099994, 0.0 ], [ 119.331338243000118, -9.552795773999947, 0.0 ], [ 119.33175892700001, -9.552467646999958, 0.0 ], [ 119.332183369000063, -9.552107616999933, 0.0 ], [ 119.332967675000077, -9.551587680999944, 0.0 ], [ 119.333471835000068, -9.551267336999956, 0.0 ], [ 119.333622304000073, -9.551213211999936, 0.0 ], [ 119.334294089000082, -9.550971553999943, 0.0 ], [ 119.33482072400011, -9.550699909999935, 0.0 ], [ 119.334995241000115, -9.550609866999935, 0.0 ], [ 119.33539268200002, -9.55032283099996, 0.0 ], [ 119.335850862000029, -9.550056022999968, 0.0 ], [ 119.336428658000045, -9.54975927299995, 0.0 ], [ 119.33697664400006, -9.549509895999961, 0.0 ], [ 119.337478182000041, -9.549342807999949, 0.0 ], [ 119.337808151000104, -9.549236634999943, 0.0 ], [ 119.338011014000017, -9.549123306999945, 0.0 ], [ 119.338662462000116, -9.548759380999968, 0.0 ], [ 119.339513705000059, -9.54846089199998, 0.0 ], [ 119.339725090000115, -9.548327172999961, 0.0 ], [ 119.339962643000035, -9.548303745999931, 0.0 ], [ 119.340305173000047, -9.548269961999949, 0.0 ], [ 119.340770494000026, -9.548150147999934, 0.0 ], [ 119.341359425000064, -9.547952584999962, 0.0 ], [ 119.341944868000041, -9.547767711999938, 0.0 ], [ 119.342539518000081, -9.547611772999971, 0.0 ], [ 119.343230331000086, -9.547473412999977, 0.0 ], [ 119.343695253000078, -9.547379116999934, 0.0 ], [ 119.344397426000114, -9.547327180999957, 0.0 ], [ 119.344935870000086, -9.547259677999932, 0.0 ], [ 119.345680768000079, -9.547157369999979, 0.0 ], [ 119.346329683000022, -9.547024676999968, 0.0 ], [ 119.346761221000065, -9.547000020999974, 0.0 ], [ 119.347336245000065, -9.546859709999978, 0.0 ], [ 119.348027536000018, -9.54669264599994, 0.0 ], [ 119.348192686000061, -9.54664220899997, 0.0 ], [ 119.348493243, -9.546550425999953, 0.0 ], [ 119.349069457000041, -9.546343085999979, 0.0 ], [ 119.34958016500002, -9.546222093999972, 0.0 ], [ 119.349894382000116, -9.546098140999959, 0.0 ], [ 119.350158925000073, -9.54603267899995, 0.0 ], [ 119.350888770000097, -9.545684164999955, 0.0 ], [ 119.351428812000108, -9.545520899999929, 0.0 ], [ 119.351909737000028, -9.54524164299994, 0.0 ], [ 119.352311833000044, -9.545056867999961, 0.0 ], [ 119.35290248900003, -9.544757137999966, 0.0 ], [ 119.353055857000072, -9.54468322799994, 0.0 ], [ 119.353376081000079, -9.544528864999961, 0.0 ], [ 119.353796463000094, -9.544216679999977, 0.0 ], [ 119.354167864000033, -9.543945161999943, 0.0 ], [ 119.355116082000109, -9.543242724999971, 0.0 ], [ 119.355407139000022, -9.542985226999974, 0.0 ], [ 119.355452566000054, -9.542945051999936, 0.0 ], [ 119.356067712000026, -9.542530805999945, 0.0 ], [ 119.356192331000102, -9.542451919999962, 0.0 ], [ 119.356529548000026, -9.542238462999933, 0.0 ], [ 119.356718353000019, -9.542139735999967, 0.0 ], [ 119.356836762000057, -9.54207779799998, 0.0 ], [ 119.357061901000066, -9.541960052999968, 0.0 ], [ 119.357456334000062, -9.541786485999978, 0.0 ], [ 119.357690738000088, -9.541683336999938, 0.0 ], [ 119.358096246000059, -9.541463617999966, 0.0 ], [ 119.358470099000101, -9.541200498999956, 0.0 ], [ 119.358697955000025, -9.541037802999938, 0.0 ], [ 119.35893687500004, -9.540802375999931, 0.0 ], [ 119.359173797000039, -9.540750000999935, 0.0 ], [ 119.359445749000088, -9.540710394999962, 0.0 ], [ 119.359627646000035, -9.540759910999952, 0.0 ], [ 119.359724614000015, -9.540851563999979, 0.0 ], [ 119.359809434000113, -9.54101245399994, 0.0 ], [ 119.359937017000107, -9.541234455999927, 0.0 ], [ 119.360179965000043, -9.54158797499997, 0.0 ], [ 119.360251250000033, -9.541936373999931, 0.0 ], [ 119.360288357000059, -9.542221781999956, 0.0 ], [ 119.3605958280001, -9.542617500999938, 0.0 ], [ 119.361133430000109, -9.542848831999947, 0.0 ], [ 119.361203050000086, -9.542860907999966, 0.0 ], [ 119.361235167000018, -9.54287295599994, 0.0 ], [ 119.361397780000061, -9.542982864999942, 0.0 ], [ 119.361505233000116, -9.543063363999977, 0.0 ], [ 119.361566562, -9.543114691999961, 0.0 ], [ 119.361594830000058, -9.54313050899998, 0.0 ], [ 119.361709685000051, -9.543147193999971, 0.0 ], [ 119.36182894, -9.543101222999951, 0.0 ], [ 119.361838704000093, -9.54302101199994, 0.0 ], [ 119.361836267000058, -9.542824724999946, 0.0 ], [ 119.36193154800003, -9.542759269999976, 0.0 ], [ 119.362029922000033, -9.54275851999995, 0.0 ], [ 119.362155152000014, -9.542830866999964, 0.0 ], [ 119.363089309000088, -9.542965804999938, 0.0 ], [ 119.363497244000087, -9.543189865999977, 0.0 ], [ 119.364144398, -9.543532912999979, 0.0 ], [ 119.36476949300004, -9.543850016999954, 0.0 ], [ 119.3652490180001, -9.544024147999949, 0.0 ], [ 119.365689899000017, -9.544204086999969, 0.0 ], [ 119.365753033000033, -9.544232311999963, 0.0 ], [ 119.366306051000038, -9.544479555999942, 0.0 ], [ 119.366788805000056, -9.54465374199998, 0.0 ], [ 119.367385552000087, -9.544935274999943, 0.0 ], [ 119.367920112000093, -9.545205586999941, 0.0 ], [ 119.36839319, -9.545430411999973, 0.0 ], [ 119.36850064500004, -9.545610303999979, 0.0 ], [ 119.368647112000076, -9.545855552999967, 0.0 ], [ 119.36879495800008, -9.546036277999974, 0.0 ], [ 119.368934085000092, -9.546259771999928, 0.0 ], [ 119.369018784000104, -9.546417257999963, 0.0 ], [ 119.369144893000112, -9.546468868999966, 0.0 ], [ 119.369295617000034, -9.54650202199997, 0.0 ], [ 119.369507501000044, -9.546603022999932, 0.0 ], [ 119.369567829000061, -9.54662822399996, 0.0 ], [ 119.369719336000117, -9.546738180999967, 0.0 ], [ 119.369944034000014, -9.546864834999951, 0.0 ], [ 119.370082301000025, -9.546927960999938, 0.0 ], [ 119.370128418000036, -9.54697462699994, 0.0 ], [ 119.370262849000028, -9.547110584999928, 0.0 ], [ 119.370442331000049, -9.547225109999943, 0.0 ], [ 119.370770814000025, -9.547502367999925, 0.0 ], [ 119.371297955000045, -9.547904005999953, 0.0 ], [ 119.371777306000013, -9.548279366999964, 0.0 ], [ 119.372076901000014, -9.54862927399995, 0.0 ], [ 119.372553878000076, -9.549141867999936, 0.0 ], [ 119.372844027000042, -9.54948203899994, 0.0 ], [ 119.373270019000074, -9.549965055999962, 0.0 ], [ 119.373475533000033, -9.550204458999929, 0.0 ], [ 119.373831205000101, -9.550586523999925, 0.0 ], [ 119.374260964000086, -9.551045960999943, 0.0 ], [ 119.374626645000035, -9.551457115999938, 0.0 ], [ 119.374917284000048, -9.551732895999976, 0.0 ], [ 119.374998651000055, -9.551822009999967, 0.0 ], [ 119.375327292000065, -9.551945798999952, 0.0 ], [ 119.375667771000053, -9.552218622999931, 0.0 ], [ 119.376293775000022, -9.552757055999962, 0.0 ], [ 119.376930206000111, -9.553240680999977, 0.0 ], [ 119.377636644000063, -9.553705271999945, 0.0 ], [ 119.378325223000047, -9.554129115999956, 0.0 ], [ 119.379171364000058, -9.554258395999966, 0.0 ], [ 119.379841052000074, -9.554401804999941, 0.0 ], [ 119.379867181, -9.554406933999928, 0.0 ], [ 119.380279825000116, -9.554487905999963, 0.0 ], [ 119.38049396100007, -9.554529923999951, 0.0 ], [ 119.381084705000035, -9.554635178999945, 0.0 ], [ 119.381799867000041, -9.554933179999978, 0.0 ], [ 119.382758213000102, -9.555268526999953, 0.0 ], [ 119.383049504000041, -9.555447614999935, 0.0 ], [ 119.383675245000063, -9.555688743999951, 0.0 ], [ 119.38460968000004, -9.555993146999981, 0.0 ], [ 119.385514518000036, -9.556356403999928, 0.0 ], [ 119.38643520800008, -9.556859584999927, 0.0 ], [ 119.386985591000098, -9.557289435999962, 0.0 ], [ 119.387809444000027, -9.557887512999969, 0.0 ], [ 119.388173368000025, -9.558151703999954, 0.0 ], [ 119.388981992000026, -9.558886646999952, 0.0 ], [ 119.389738454000053, -9.559607960999926, 0.0 ], [ 119.390118053000037, -9.560039674999928, 0.0 ], [ 119.390609944000062, -9.560599084999978, 0.0 ], [ 119.39135908500009, -9.561371836999967, 0.0 ], [ 119.392076645000088, -9.562376085999972, 0.0 ], [ 119.392631694000102, -9.563253221999958, 0.0 ], [ 119.392824554000072, -9.563557991999971, 0.0 ], [ 119.393487401000016, -9.564708445999941, 0.0 ], [ 119.393661604000044, -9.565104046999977, 0.0 ], [ 119.393884834000119, -9.565538054999934, 0.0 ], [ 119.394071158000088, -9.565887136999947, 0.0 ], [ 119.39447834200007, -9.56665000299995, 0.0 ], [ 119.394920868000099, -9.567624677999959, 0.0 ], [ 119.395371209000018, -9.568848336999963, 0.0 ], [ 119.395856925000089, -9.569853084999977, 0.0 ], [ 119.396402239000054, -9.571184458999937, 0.0 ], [ 119.396759160000101, -9.572044677999941, 0.0 ], [ 119.396760251000046, -9.572047785999928, 0.0 ], [ 119.395978385000035, -9.573417806999942, 0.0 ], [ 119.390948301000094, -9.578869531999942, 0.0 ], [ 119.389113415000111, -9.579293134999944, 0.0 ], [ 119.382779223000057, -9.581266447999951, 0.0 ], [ 119.382590708000066, -9.58218816699997, 0.0 ], [ 119.382090141000049, -9.584635631999959, 0.0 ], [ 119.378644834000056, -9.590244447999964, 0.0 ], [ 119.374223396000048, -9.597580997999955, 0.0 ], [ 119.374039480000079, -9.59788617199996, 0.0 ], [ 119.373898274000112, -9.598120476999952, 0.0 ], [ 119.373836425000036, -9.598262234999936, 0.0 ], [ 119.370719009000027, -9.605407313999933, 0.0 ], [ 119.369797393000113, -9.607519646999947, 0.0 ], [ 119.369077967000067, -9.609168563999958, 0.0 ], [ 119.369820360000062, -9.609729217999927, 0.0 ], [ 119.369613056000048, -9.609956504999957, 0.0 ], [ 119.369534577000081, -9.610061022999957, 0.0 ], [ 119.369356153000012, -9.61019532399996, 0.0 ], [ 119.369330815000012, -9.610214395999947, 0.0 ], [ 119.369153125000025, -9.610348143999943, 0.0 ], [ 119.369005198000082, -9.610465408999971, 0.0 ], [ 119.368981941000015, -9.610519774999943, 0.0 ], [ 119.368966589000024, -9.610536236999963, 0.0 ], [ 119.368966722000096, -9.61055534999997, 0.0 ], [ 119.368947755000022, -9.610599686999933, 0.0 ], [ 119.36895176400003, -9.61066263999993, 0.0 ], [ 119.368977043000086, -9.61084686099997, 0.0 ], [ 119.368987961000016, -9.610861118999935, 0.0 ], [ 119.369184839000013, -9.611118240999929, 0.0 ], [ 119.36927447100004, -9.611235299999976, 0.0 ], [ 119.369351322000057, -9.611414630999946, 0.0 ], [ 119.369352703000118, -9.611546610999937, 0.0 ], [ 119.369323187000077, -9.611589114999958, 0.0 ], [ 119.369161696000106, -9.611647064999943, 0.0 ], [ 119.369052725000074, -9.611685014999978, 0.0 ], [ 119.369052165000085, -9.611685216999945, 0.0 ], [ 119.368871728000045, -9.611751581999954, 0.0 ], [ 119.368701367000085, -9.611943002999965, 0.0 ], [ 119.368149067000104, -9.61237497999997, 0.0 ], [ 119.368147620000059, -9.612375431999965, 0.0 ], [ 119.368145503000051, -9.61237708699997, 0.0 ], [ 119.368044481000084, -9.612411798999972, 0.0 ], [ 119.368039845000112, -9.612409118999949, 0.0 ], [ 119.367939296000031, -9.612350979999974, 0.0 ], [ 119.367860962, -9.612308394999957, 0.0 ], [ 119.367855862000056, -9.612311210999962, 0.0 ], [ 119.367754855000044, -9.612366986999973, 0.0 ], [ 119.367729170000075, -9.612421021999978, 0.0 ], [ 119.367676567000103, -9.612531596999929, 0.0 ], [ 119.367690016000097, -9.612677399999939, 0.0 ], [ 119.367695712000113, -9.612739158999943, 0.0 ], [ 119.367704654000022, -9.612836103999939, 0.0 ], [ 119.367714920000026, -9.613037471999974, 0.0 ], [ 119.367674903000079, -9.613258988999974, 0.0 ], [ 119.367651058000092, -9.613454908999927, 0.0 ], [ 119.367650904000016, -9.613456173999964, 0.0 ], [ 119.367644188000099, -9.613511359999961, 0.0 ], [ 119.367637524000088, -9.613525053999979, 0.0 ], [ 119.367598181000062, -9.61360590299995, 0.0 ], [ 119.367535030000113, -9.613735676999966, 0.0 ], [ 119.367421366000031, -9.613948422999954, 0.0 ], [ 119.36734987400007, -9.614142916999981, 0.0 ], [ 119.367216488000054, -9.614278447999936, 0.0 ], [ 119.367216439000117, -9.614278497999976, 0.0 ], [ 119.367115836000039, -9.614380718999939, 0.0 ], [ 119.366940329000045, -9.61455736299996, 0.0 ], [ 119.366779407000081, -9.614659432999929, 0.0 ], [ 119.366778707000094, -9.614659876999951, 0.0 ], [ 119.366502641000011, -9.614834980999944, 0.0 ], [ 119.366455653000116, -9.614864783999963, 0.0 ], [ 119.366329471000086, -9.614996832999964, 0.0 ], [ 119.366291864000118, -9.615036188999966, 0.0 ], [ 119.366237496000053, -9.61517969099998, 0.0 ], [ 119.366259229000093, -9.615283735999981, 0.0 ], [ 119.366438595000091, -9.615357428999971, 0.0 ], [ 119.366525076000016, -9.615418735999981, 0.0 ], [ 119.36655651500007, -9.615544033999981, 0.0 ], [ 119.366535968000107, -9.615634548999935, 0.0 ], [ 119.366389746000095, -9.615691848999973, 0.0 ], [ 119.366161525000052, -9.615752157999964, 0.0 ], [ 119.366124949000096, -9.615767141999982, 0.0 ], [ 119.366032325000106, -9.615805125999941, 0.0 ], [ 119.365901621000035, -9.61597093499995, 0.0 ], [ 119.365768857000035, -9.616127237999933, 0.0 ], [ 119.365572596000106, -9.616228020999927, 0.0 ], [ 119.365363669000089, -9.616264158999968, 0.0 ], [ 119.365340530000026, -9.616268160999937, 0.0 ], [ 119.365196937000064, -9.616204929999981, 0.0 ], [ 119.365131422000104, -9.616103344999942, 0.0 ], [ 119.365179172000012, -9.616007993999972, 0.0 ], [ 119.365291968000065, -9.615782751999973, 0.0 ], [ 119.365325860000098, -9.61568742299994, 0.0 ], [ 119.365228262000073, -9.615589141999976, 0.0 ], [ 119.365055528000084, -9.615547739999954, 0.0 ], [ 119.364842687000078, -9.615682029999959, 0.0 ], [ 119.364778622000017, -9.61572962799994, 0.0 ], [ 119.364633923000042, -9.615764705999936, 0.0 ], [ 119.363895386000081, -9.615947609999978, 0.0 ], [ 119.363864473000035, -9.615966201999981, 0.0 ], [ 119.363471556000036, -9.615887931999964, 0.0 ], [ 119.361965791000102, -9.61591896799996, 0.0 ], [ 119.361915217000046, -9.615913435999971, 0.0 ], [ 119.361747649000108, -9.615895105999925, 0.0 ], [ 119.360716827000033, -9.615782344999957, 0.0 ], [ 119.360388574000012, -9.615701638999951, 0.0 ], [ 119.359605698000109, -9.615228302999981, 0.0 ], [ 119.359265254000093, -9.615000306999946, 0.0 ], [ 119.35847422900008, -9.614542571999948, 0.0 ], [ 119.357202847000053, -9.613595050999947, 0.0 ], [ 119.356761037000069, -9.613224790999936, 0.0 ], [ 119.356417839000073, -9.612999018999972, 0.0 ], [ 119.356132363000029, -9.612952696999969, 0.0 ], [ 119.356131660000074, -9.612952582999981, 0.0 ], [ 119.356008529000064, -9.612984562999941, 0.0 ], [ 119.355936931000087, -9.613023034999969, 0.0 ], [ 119.355933345000039, -9.613027670999941, 0.0 ], [ 119.355843357000026, -9.613079267999979, 0.0 ], [ 119.355636514000025, -9.613105472999962, 0.0 ], [ 119.355254183000056, -9.613001674999964, 0.0 ], [ 119.35509800300008, -9.612949220999951, 0.0 ], [ 119.354989216000035, -9.612967133999973, 0.0 ], [ 119.354747217000067, -9.613151192999965, 0.0 ], [ 119.354684028000065, -9.613265738999928, 0.0 ], [ 119.35461745200007, -9.613456391999932, 0.0 ], [ 119.354495782000072, -9.613663352999936, 0.0 ], [ 119.354423068000074, -9.613787050999974, 0.0 ], [ 119.353995863000023, -9.613969490999978, 0.0 ], [ 119.353882981000083, -9.614054822999947, 0.0 ], [ 119.353811928000027, -9.614171272999954, 0.0 ], [ 119.353811380000025, -9.614219282999954, 0.0 ], [ 119.353810894000048, -9.61426182799994, 0.0 ], [ 119.353808771000104, -9.614447783999935, 0.0 ], [ 119.353738198000087, -9.614665395999964, 0.0 ], [ 119.353707884000073, -9.614739620999956, 0.0 ], [ 119.353686681000113, -9.614791536999974, 0.0 ], [ 119.353651891000027, -9.614997566999932, 0.0 ], [ 119.353650087, -9.615008250999949, 0.0 ], [ 119.353585607000014, -9.615064642999926, 0.0 ], [ 119.353536162000069, -9.615107862999935, 0.0 ], [ 119.353331174000118, -9.615190691999942, 0.0 ], [ 119.353220197000041, -9.615336700999933, 0.0 ], [ 119.353165219000061, -9.615409033999981, 0.0 ], [ 119.353085161000081, -9.615565955999955, 0.0 ], [ 119.35308000100008, -9.615697924999949, 0.0 ], [ 119.353241173000015, -9.615896783999972, 0.0 ], [ 119.353391290000104, -9.615995349999935, 0.0 ], [ 119.353424473000018, -9.616017118999935, 0.0 ], [ 119.353507550000018, -9.616071585999975, 0.0 ], [ 119.353655289000017, -9.616168445999961, 0.0 ], [ 119.353765816000077, -9.616374035999968, 0.0 ], [ 119.353781759000071, -9.616490790999933, 0.0 ], [ 119.353807266000103, -9.616677580999976, 0.0 ], [ 119.353990630000112, -9.617129725999973, 0.0 ], [ 119.354182085000048, -9.61718114599995, 0.0 ], [ 119.354224446000103, -9.617192522999972, 0.0 ], [ 119.354310433000023, -9.617266162999954, 0.0 ], [ 119.354332262000071, -9.617388590999951, 0.0 ], [ 119.35433811300004, -9.617421418999982, 0.0 ], [ 119.354377941000052, -9.617644892999976, 0.0 ], [ 119.354523851000067, -9.617830006999952, 0.0 ], [ 119.354580184000042, -9.61791818699993, 0.0 ], [ 119.35458200700009, -9.617925027999945, 0.0 ], [ 119.35456587300007, -9.61803161499995, 0.0 ], [ 119.354404726000098, -9.618147602999954, 0.0 ], [ 119.354181237000034, -9.618275143999938, 0.0 ], [ 119.354060135000054, -9.618424537999942, 0.0 ], [ 119.35401962100002, -9.618499984999971, 0.0 ], [ 119.353956017000087, -9.618423316999952, 0.0 ], [ 119.353813399000046, -9.618364621999945, 0.0 ], [ 119.35355121900011, -9.61840639899998, 0.0 ], [ 119.353511888000071, -9.618419330999927, 0.0 ], [ 119.353413192000062, -9.618514458999925, 0.0 ], [ 119.353381923000029, -9.618553176999967, 0.0 ], [ 119.353347484000096, -9.61859581899995, 0.0 ], [ 119.353179888000113, -9.618839161999972, 0.0 ], [ 119.353061731000025, -9.618947158999958, 0.0 ], [ 119.353047770000103, -9.618952212999943, 0.0 ], [ 119.352961075000053, -9.618983597999943, 0.0 ], [ 119.352745252000091, -9.619035093999969, 0.0 ], [ 119.352677300000096, -9.619050751999964, 0.0 ], [ 119.352457448000109, -9.619101409999928, 0.0 ], [ 119.352326152000046, -9.619139984999947, 0.0 ], [ 119.35232363800003, -9.619140723999976, 0.0 ], [ 119.352295605000108, -9.619148959999961, 0.0 ], [ 119.352240297000094, -9.619176860999971, 0.0 ], [ 119.352210802000059, -9.619191736999937, 0.0 ], [ 119.352202250000119, -9.61919605099996, 0.0 ], [ 119.352197044000036, -9.619203416999937, 0.0 ], [ 119.352088062, -9.619357630999957, 0.0 ], [ 119.352059145000112, -9.619377042999929, 0.0 ], [ 119.351937427000053, -9.619458752999947, 0.0 ], [ 119.351833421000038, -9.619530921999967, 0.0 ], [ 119.351700072000085, -9.619524658999978, 0.0 ], [ 119.351679498000067, -9.619511258999978, 0.0 ], [ 119.351640903000089, -9.619486122999945, 0.0 ], [ 119.351569751000056, -9.61943979299997, 0.0 ], [ 119.351432405000082, -9.619376391999936, 0.0 ], [ 119.35135785500006, -9.619358451999972, 0.0 ], [ 119.35133131200007, -9.61935206499993, 0.0 ], [ 119.351266556000041, -9.619381483999973, 0.0 ], [ 119.351263997000046, -9.619386962999954, 0.0 ], [ 119.351238264000017, -9.61944206499993, 0.0 ], [ 119.351235170000109, -9.619520689999945, 0.0 ], [ 119.351294674000087, -9.619633379999925, 0.0 ], [ 119.351328514000102, -9.61970671399996, 0.0 ], [ 119.351364171000114, -9.619783987999938, 0.0 ], [ 119.35139080600004, -9.619865986999969, 0.0 ], [ 119.351402496000105, -9.61990197199998, 0.0 ], [ 119.351420764000068, -9.619991628999969, 0.0 ], [ 119.351401656, -9.620099059999973, 0.0 ], [ 119.351349064000033, -9.620154174999925, 0.0 ], [ 119.351269750000029, -9.620178794999958, 0.0 ], [ 119.351088964000041, -9.620221627999967, 0.0 ], [ 119.35103932100003, -9.620215686999927, 0.0 ], [ 119.351033719000043, -9.620215016999964, 0.0 ], [ 119.350985125000079, -9.62020920599997, 0.0 ], [ 119.350788220000027, -9.620153595999966, 0.0 ], [ 119.350577611000062, -9.620093851999968, 0.0 ], [ 119.350484483000059, -9.620087564999949, 0.0 ], [ 119.350398672000097, -9.620093021999935, 0.0 ], [ 119.350369423000075, -9.62011997299993, 0.0 ], [ 119.350368543000059, -9.620122675999937, 0.0 ], [ 119.350353149000057, -9.620169963999956, 0.0 ], [ 119.350363124000069, -9.620273268999938, 0.0 ], [ 119.350405193000029, -9.620367891999933, 0.0 ], [ 119.350435371000117, -9.620435752999981, 0.0 ], [ 119.35044529400011, -9.62047404499998, 0.0 ], [ 119.350414096, -9.620553683999958, 0.0 ], [ 119.35032620100003, -9.620609207999962, 0.0 ], [ 119.350252622000085, -9.620609736999938, 0.0 ], [ 119.350149403000046, -9.620581222999931, 0.0 ], [ 119.35011728500001, -9.620561710999937, 0.0 ], [ 119.350093228000105, -9.620547096999928, 0.0 ], [ 119.350038544000085, -9.620513876999951, 0.0 ], [ 119.349895391000018, -9.620381046999967, 0.0 ], [ 119.349759545000097, -9.620240898999953, 0.0 ], [ 119.349655264000035, -9.620130050999933, 0.0 ], [ 119.349591067, -9.620072317999927, 0.0 ], [ 119.349460906000104, -9.619970471999977, 0.0 ], [ 119.34915856900011, -9.619812911999929, 0.0 ], [ 119.348956341000076, -9.619727816999955, 0.0 ], [ 119.348806359000037, -9.619701801999952, 0.0 ], [ 119.348723530000029, -9.619704586999944, 0.0 ], [ 119.348705546000019, -9.61970519099998, 0.0 ], [ 119.348580762000097, -9.619781690999957, 0.0 ], [ 119.348538484000073, -9.619854348999979, 0.0 ], [ 119.348503328000106, -9.62001189199998, 0.0 ], [ 119.348501301000056, -9.620073536999939, 0.0 ], [ 119.348494344000073, -9.62028487799995, 0.0 ], [ 119.348475608000058, -9.620336348999956, 0.0 ], [ 119.34843223300004, -9.620366352999952, 0.0 ], [ 119.348377034, -9.620366730999933, 0.0 ], [ 119.348345012000095, -9.620366945999933, 0.0 ], [ 119.348270638000031, -9.620329789999971, 0.0 ], [ 119.348232970000026, -9.620310970999981, 0.0 ], [ 119.348123673000032, -9.620260372999951, 0.0 ], [ 119.348073254000042, -9.620244992999972, 0.0 ], [ 119.348026739000034, -9.620251669999959, 0.0 ], [ 119.347995713000046, -9.620275570999979, 0.0 ], [ 119.347927971000104, -9.620327755999938, 0.0 ], [ 119.347879645000035, -9.620383747999938, 0.0 ], [ 119.347876159000066, -9.62038778699997, 0.0 ], [ 119.347815897000032, -9.620457606999935, 0.0 ], [ 119.347640907000027, -9.62060687099995, 0.0 ], [ 119.347589088000063, -9.620641473999967, 0.0 ], [ 119.347573590000025, -9.620651822999946, 0.0 ], [ 119.347538556000018, -9.620675214999949, 0.0 ], [ 119.347427547000052, -9.620749334999971, 0.0 ], [ 119.34731742300005, -9.620780074999971, 0.0 ], [ 119.347272937000071, -9.620792489999928, 0.0 ], [ 119.347184763000087, -9.62075436799995, 0.0 ], [ 119.347112742000036, -9.620732154999928, 0.0 ], [ 119.34708041600004, -9.620719700999928, 0.0 ], [ 119.347070813000073, -9.620716000999948, 0.0 ], [ 119.346990043, -9.620701801999928, 0.0 ], [ 119.346888169000067, -9.620702515999938, 0.0 ], [ 119.346879475000037, -9.620707599999946, 0.0 ], [ 119.34686694100003, -9.620714930999952, 0.0 ], [ 119.346763676000023, -9.620775324999954, 0.0 ], [ 119.346748485000035, -9.620786611999961, 0.0 ], [ 119.346624139000028, -9.620879001999981, 0.0 ], [ 119.346587438000029, -9.620974334999971, 0.0 ], [ 119.346564296000111, -9.621035284999948, 0.0 ], [ 119.346546837, -9.621058327999947, 0.0 ], [ 119.346526912000058, -9.62108462599997, 0.0 ], [ 119.34647751600005, -9.621103644999948, 0.0 ], [ 119.346366754000087, -9.621104426999977, 0.0 ], [ 119.346363729000018, -9.621103827999946, 0.0 ], [ 119.346309618000078, -9.621093121999934, 0.0 ], [ 119.346151796000072, -9.621045095999932, 0.0 ], [ 119.346045593000099, -9.621024771999942, 0.0 ], [ 119.346019610000099, -9.621025563999979, 0.0 ], [ 119.345947333000026, -9.621032442999933, 0.0 ], [ 119.345927196000048, -9.621038097999929, 0.0 ], [ 119.345907256000032, -9.621043697999937, 0.0 ], [ 119.345805552000115, -9.621084860999929, 0.0 ], [ 119.345752918000017, -9.621157187999927, 0.0 ], [ 119.345709810000017, -9.621216437999976, 0.0 ], [ 119.345702675000098, -9.621246728999949, 0.0 ], [ 119.345680016000074, -9.621342893999952, 0.0 ], [ 119.34565821700005, -9.621416364999959, 0.0 ], [ 119.345641984000054, -9.62147108299996, 0.0 ], [ 119.345609040000113, -9.621573887999944, 0.0 ], [ 119.345572188, -9.62160400199997, 0.0 ], [ 119.345486076000043, -9.621643915999925, 0.0 ], [ 119.345313576000081, -9.621694066999964, 0.0 ], [ 119.345188203000021, -9.621735662999981, 0.0 ], [ 119.345019810000053, -9.621836444999929, 0.0 ], [ 119.344885888000022, -9.621951489999958, 0.0 ], [ 119.344838793, -9.622037962999968, 0.0 ], [ 119.34481870500008, -9.622074836999957, 0.0 ], [ 119.344789537000111, -9.622128391999979, 0.0 ], [ 119.344782709000015, -9.622264736999966, 0.0 ], [ 119.344755888, -9.622511783999926, 0.0 ], [ 119.344725682000103, -9.622645704999968, 0.0 ], [ 119.344676935000052, -9.622747222999976, 0.0 ], [ 119.344629787000031, -9.622816980999971, 0.0 ], [ 119.344576890000099, -9.622880064999947, 0.0 ], [ 119.344503642000063, -9.62295282499997, 0.0 ], [ 119.344307374000095, -9.623040142999969, 0.0 ], [ 119.34423403400001, -9.623057385999971, 0.0 ], [ 119.344131932000096, -9.62308139199996, 0.0 ], [ 119.34399987300003, -9.623113093999962, 0.0 ], [ 119.343978166000056, -9.623118304999934, 0.0 ], [ 119.343841808000093, -9.623173496999925, 0.0 ], [ 119.343816640000114, -9.62321675499993, 0.0 ], [ 119.343773814000087, -9.623290362999967, 0.0 ], [ 119.34372663900001, -9.623408092999966, 0.0 ], [ 119.343729360000111, -9.623444738999979, 0.0 ], [ 119.343473705000065, -9.623451708999937, 0.0 ], [ 119.343389614000102, -9.623454000999971, 0.0 ], [ 119.343337504000033, -9.62345542199995, 0.0 ], [ 119.343328543000098, -9.623420839999937, 0.0 ], [ 119.343248945000028, -9.623371321999969, 0.0 ], [ 119.343176091000032, -9.623358217999964, 0.0 ], [ 119.34315039, -9.623354880999955, 0.0 ], [ 119.343074168000044, -9.623372870999958, 0.0 ], [ 119.343025818000115, -9.62338428299995, 0.0 ], [ 119.34294968100005, -9.623488032999944, 0.0 ], [ 119.342927548000034, -9.623518192999938, 0.0 ], [ 119.342790951000097, -9.62365878199995, 0.0 ], [ 119.342710992000093, -9.62369339299994, 0.0 ], [ 119.342645757000014, -9.623688719999961, 0.0 ], [ 119.342640780000011, -9.623688363999975, 0.0 ], [ 119.342515620000086, -9.623635238999952, 0.0 ], [ 119.342290625000032, -9.623525359999974, 0.0 ], [ 119.34226284500005, -9.623520428999939, 0.0 ], [ 119.342183327000043, -9.623506315999975, 0.0 ], [ 119.341906857000026, -9.623525504999975, 0.0 ], [ 119.341660863000016, -9.623566881999977, 0.0 ], [ 119.341600696000114, -9.623577003999969, 0.0 ], [ 119.341319731000112, -9.623616956999967, 0.0 ], [ 119.341217311000037, -9.623631519999947, 0.0 ], [ 119.341105210000023, -9.623646877999931, 0.0 ], [ 119.34096270100008, -9.623666395999976, 0.0 ], [ 119.340791978000084, -9.623706685999935, 0.0 ], [ 119.340706498000031, -9.62372685899993, 0.0 ], [ 119.340630868000062, -9.623753087999944, 0.0 ], [ 119.340610130000073, -9.623760279999942, 0.0 ], [ 119.340556827000114, -9.62377876599993, 0.0 ], [ 119.340426761000117, -9.623810968999976, 0.0 ], [ 119.34036702100002, -9.62381137899996, 0.0 ], [ 119.340272809000112, -9.623812033999968, 0.0 ], [ 119.340086750000069, -9.623971187999928, 0.0 ], [ 119.339183022000043, -9.624744232999944, 0.0 ], [ 119.334427068000082, -9.628660336999928, 0.0 ], [ 119.328639662000114, -9.630848503999971, 0.0 ], [ 119.328438376, -9.630808587999979, 0.0 ], [ 119.328371305000019, -9.630717927999967, 0.0 ], [ 119.32837100200004, -9.630704363999939, 0.0 ], [ 119.328263943000024, -9.630494951999935, 0.0 ], [ 119.327768134000053, -9.630054675999929, 0.0 ], [ 119.327480258000037, -9.629814038999939, 0.0 ], [ 119.327380984000115, -9.629755096999929, 0.0 ], [ 119.327248253000107, -9.629778284999929, 0.0 ], [ 119.327134175000083, -9.629820791999975, 0.0 ], [ 119.327068562000022, -9.629845239999952, 0.0 ], [ 119.32694183000001, -9.629831345999946, 0.0 ], [ 119.32694162100006, -9.629831184999944, 0.0 ], [ 119.326781180000012, -9.62970715299997, 0.0 ], [ 119.326765082000065, -9.629678359999957, 0.0 ], [ 119.32662592500003, -9.629386801999942, 0.0 ], [ 119.326591450000024, -9.629314573999977, 0.0 ], [ 119.32652384700009, -9.629213488999937, 0.0 ], [ 119.326437163000037, -9.629184704999943, 0.0 ], [ 119.326398931000085, -9.629205233999926, 0.0 ], [ 119.324490451000088, -9.627528616999939, 0.0 ], [ 119.323932050000053, -9.62808718499997, 0.0 ], [ 119.323370351000108, -9.628473779999979, 0.0 ], [ 119.3230375280001, -9.628673401999947, 0.0 ], [ 119.322578606000093, -9.62882157699994, 0.0 ], [ 119.321907940000074, -9.628577372999928, 0.0 ], [ 119.321729339000058, -9.62881682799997, 0.0 ], [ 119.321771257000023, -9.628851509999947, 0.0 ], [ 119.32181300600007, -9.628973601999974, 0.0 ], [ 119.321822828000109, -9.629007110999964, 0.0 ], [ 119.321916370000054, -9.629326234999951, 0.0 ], [ 119.322082714000089, -9.629481792999968, 0.0 ], [ 119.322148827000092, -9.629543617999957, 0.0 ], [ 119.322159719000069, -9.629679163999981, 0.0 ], [ 119.322159229000022, -9.629704324999977, 0.0 ], [ 119.3221527070001, -9.630039177999947, 0.0 ], [ 119.322216007000065, -9.63009625899997, 0.0 ], [ 119.322337908, -9.630104542999959, 0.0 ], [ 119.322440172000029, -9.630086631999973, 0.0 ], [ 119.322895520000088, -9.630012137999927, 0.0 ], [ 119.32291176800004, -9.630051120999951, 0.0 ], [ 119.323026178000077, -9.63065127599998, 0.0 ], [ 119.322339911000086, -9.631738859999928, 0.0 ], [ 119.320597059000079, -9.634035696999945, 0.0 ], [ 119.320215677000078, -9.634538304999978, 0.0 ], [ 119.320188269000028, -9.634541471999967, 0.0 ], [ 119.320119237000085, -9.634539996999933, 0.0 ], [ 119.316091530000108, -9.63461063799997, 0.0 ], [ 119.309026053000025, -9.634300934999942, 0.0 ], [ 119.308929833000093, -9.634296716999927, 0.0 ], [ 119.305346488000055, -9.640213179999932, 0.0 ], [ 119.304743489000089, -9.641208792999976, 0.0 ], [ 119.295231832000013, -9.656913495999959, 0.0 ], [ 119.289717710000104, -9.665681623999944, 0.0 ], [ 119.283573439000065, -9.67545176699997, 0.0 ], [ 119.27793375300007, -9.684419556999956, 0.0 ] ] ] ] } },
{ "type": "Feature", "properties": { "nm_kecamatan": "Wewewa Barat" }, "geometry": { "type": "MultiPolygon", "coordinates": [ [ [ [ 119.179206486000112, -9.540652086999955, 0.0 ], [ 119.177898895000112, -9.541083115999982, 0.0 ], [ 119.177686324000092, -9.541170225999963, 0.0 ], [ 119.176781112000072, -9.541541180999957, 0.0 ], [ 119.175234087000035, -9.542117366999946, 0.0 ], [ 119.174129239000081, -9.542562743999952, 0.0 ], [ 119.173010219000048, -9.542972177999957, 0.0 ], [ 119.172666269000047, -9.54309802399996, 0.0 ], [ 119.171368618000088, -9.543490739999982, 0.0 ], [ 119.169944900000019, -9.543946399999982, 0.0 ], [ 119.168721897000069, -9.544455170999981, 0.0 ], [ 119.168164662000095, -9.544686977999959, 0.0 ], [ 119.168104644000096, -9.54468981399998, 0.0 ], [ 119.167994260000114, -9.544726734999927, 0.0 ], [ 119.167493210000089, -9.544899145999977, 0.0 ], [ 119.166786300000012, -9.545129428999928, 0.0 ], [ 119.166563362000034, -9.545202021999955, 0.0 ], [ 119.16595337900003, -9.545296572999973, 0.0 ], [ 119.165608742000018, -9.545380021999961, 0.0 ], [ 119.165042290000088, -9.545429940999952, 0.0 ], [ 119.1645905580001, -9.545452021999949, 0.0 ], [ 119.16384705400003, -9.54540474099997, 0.0 ], [ 119.163616991000026, -9.545370680999952, 0.0 ], [ 119.163530306000098, -9.545334201999935, 0.0 ], [ 119.163417145000039, -9.545286584999928, 0.0 ], [ 119.163280739000015, -9.54518861899993, 0.0 ], [ 119.163129987000048, -9.544982961999949, 0.0 ], [ 119.162996124000074, -9.544678835999946, 0.0 ], [ 119.163007988000118, -9.544404054999973, 0.0 ], [ 119.163009518000081, -9.543799926999952, 0.0 ], [ 119.163038193000034, -9.543641421999951, 0.0 ], [ 119.163070037000011, -9.543498843999942, 0.0 ], [ 119.163103892000095, -9.543266837999965, 0.0 ], [ 119.163134052000032, -9.542707674999974, 0.0 ], [ 119.163300485000036, -9.54209482999994, 0.0 ], [ 119.163536600000043, -9.541480147999948, 0.0 ], [ 119.16387636200011, -9.540456677999941, 0.0 ], [ 119.164148736000016, -9.539400711999974, 0.0 ], [ 119.164266170000019, -9.538640670999939, 0.0 ], [ 119.164302440000029, -9.538286273999972, 0.0 ], [ 119.164335489000109, -9.537768739999933, 0.0 ], [ 119.164205710000033, -9.536661711999955, 0.0 ], [ 119.164031092000073, -9.536235399999953, 0.0 ], [ 119.163207428000078, -9.534185114999957, 0.0 ], [ 119.162388769000017, -9.534042486999965, 0.0 ], [ 119.161496483000064, -9.533874021999964, 0.0 ], [ 119.161044459000095, -9.533787731999951, 0.0 ], [ 119.160757709000109, -9.533710815999939, 0.0 ], [ 119.160090988000093, -9.533531938999943, 0.0 ], [ 119.159678367000083, -9.533299409999927, 0.0 ], [ 119.159456716000022, -9.533209265999972, 0.0 ], [ 119.159200270000042, -9.533076435999931, 0.0 ], [ 119.159065332000068, -9.532987422999952, 0.0 ], [ 119.15878680600008, -9.53280370799996, 0.0 ], [ 119.158614482000075, -9.532681611999976, 0.0 ], [ 119.158379921, -9.532490682999935, 0.0 ], [ 119.157964237000101, -9.53212702899998, 0.0 ], [ 119.157720766000011, -9.531781205999948, 0.0 ], [ 119.15743764900003, -9.531175860999952, 0.0 ], [ 119.157351081000115, -9.531160837999948, 0.0 ], [ 119.15710970400005, -9.53121280299996, 0.0 ], [ 119.156365115000085, -9.53134253199994, 0.0 ], [ 119.156033025000056, -9.531400389999931, 0.0 ], [ 119.155721271000061, -9.531312265999929, 0.0 ], [ 119.154855580000117, -9.530879176999974, 0.0 ], [ 119.154421114000115, -9.530699557999981, 0.0 ], [ 119.154319483000108, -9.53067077399993, 0.0 ], [ 119.153510081000036, -9.530305484999928, 0.0 ], [ 119.153369853000072, -9.530254917999969, 0.0 ], [ 119.153205616000037, -9.530195688999981, 0.0 ], [ 119.152853460000074, -9.530083373999958, 0.0 ], [ 119.152778138000031, -9.530046935999962, 0.0 ], [ 119.152383164000071, -9.529761935999943, 0.0 ], [ 119.15228047700009, -9.529637715999968, 0.0 ], [ 119.152208134000034, -9.529331590999959, 0.0 ], [ 119.152171896000027, -9.529192342999977, 0.0 ], [ 119.152136854000105, -9.529144483999971, 0.0 ], [ 119.152251318000026, -9.528764921999937, 0.0 ], [ 119.152285236000012, -9.528554799999938, 0.0 ], [ 119.152053587000069, -9.527966645999982, 0.0 ], [ 119.151959481000063, -9.527795473999959, 0.0 ], [ 119.15126546800002, -9.528269473999956, 0.0 ], [ 119.150860121000051, -9.52854634299996, 0.0 ], [ 119.150229323000076, -9.528977166999937, 0.0 ], [ 119.150164829000119, -9.52902122699993, 0.0 ], [ 119.149141113000042, -9.529387245999942, 0.0 ], [ 119.14886006800009, -9.529455720999977, 0.0 ], [ 119.147898766000026, -9.529713180999977, 0.0 ], [ 119.147460352000053, -9.52974482999997, 0.0 ], [ 119.147341316000052, -9.529753553999967, 0.0 ], [ 119.146226799000033, -9.529795993999926, 0.0 ], [ 119.145504495000068, -9.529515427999968, 0.0 ], [ 119.145025392000093, -9.529425368999966, 0.0 ], [ 119.14473003, -9.529415698999969, 0.0 ], [ 119.144255964000081, -9.529400179999925, 0.0 ], [ 119.143766183000025, -9.52939166799996, 0.0 ], [ 119.143314144000101, -9.529383762999942, 0.0 ], [ 119.143257837000078, -9.529382773999941, 0.0 ], [ 119.142784543000062, -9.52939145299996, 0.0 ], [ 119.142401143000029, -9.529398446999949, 0.0 ], [ 119.141263682000044, -9.529488614999934, 0.0 ], [ 119.140577551000092, -9.529515239999967, 0.0 ], [ 119.139910773000111, -9.529538742999932, 0.0 ], [ 119.138735049000047, -9.529583866999928, 0.0 ], [ 119.137299590000111, -9.529889054999956, 0.0 ], [ 119.135575746000086, -9.530425333999972, 0.0 ], [ 119.134490147000065, -9.530471165999927, 0.0 ], [ 119.13380849300006, -9.530337928999927, 0.0 ], [ 119.133612865000032, -9.530342635999943, 0.0 ], [ 119.132706994000046, -9.530364429999963, 0.0 ], [ 119.13186733100008, -9.530258711999977, 0.0 ], [ 119.131288457000096, -9.530161490999944, 0.0 ], [ 119.131106336000016, -9.530138051999927, 0.0 ], [ 119.130812363000018, -9.530100212999969, 0.0 ], [ 119.130546874000061, -9.530074861999935, 0.0 ], [ 119.13048414900004, -9.530068865999965, 0.0 ], [ 119.130245712000033, -9.530086177999976, 0.0 ], [ 119.130094020000115, -9.530129711999962, 0.0 ], [ 119.129706182000064, -9.530164551999974, 0.0 ], [ 119.129616270000042, -9.530267245999937, 0.0 ], [ 119.129449118000025, -9.53038221199995, 0.0 ], [ 119.129281492000018, -9.530529593999972, 0.0 ], [ 119.129220147000069, -9.53074666699996, 0.0 ], [ 119.129367796000111, -9.531079483999974, 0.0 ], [ 119.129387741000073, -9.531203046999963, 0.0 ], [ 119.129400439000051, -9.531292574999952, 0.0 ], [ 119.129000287000054, -9.531987690999927, 0.0 ], [ 119.128921540000078, -9.532152792999966, 0.0 ], [ 119.128816913000037, -9.53228962299994, 0.0 ], [ 119.128803879000088, -9.53232795699995, 0.0 ], [ 119.128405195000028, -9.532546428999979, 0.0 ], [ 119.128250732000083, -9.532721948999949, 0.0 ], [ 119.12818947400001, -9.532843655999955, 0.0 ], [ 119.128076177000025, -9.533091595999963, 0.0 ], [ 119.128013193000015, -9.533247861999939, 0.0 ], [ 119.127968600000031, -9.533396874999937, 0.0 ], [ 119.127899307, -9.533549156999982, 0.0 ], [ 119.127749773000119, -9.533748057999958, 0.0 ], [ 119.127711033000082, -9.533796321999944, 0.0 ], [ 119.127451485000051, -9.534003105999943, 0.0 ], [ 119.127051427000083, -9.534194250999974, 0.0 ], [ 119.126644394000095, -9.534286545999976, 0.0 ], [ 119.126191414000118, -9.534558292999975, 0.0 ], [ 119.126143382, -9.534630827999933, 0.0 ], [ 119.126107614000034, -9.534798283999976, 0.0 ], [ 119.126105333000055, -9.535095311999953, 0.0 ], [ 119.126028223000048, -9.535296579999965, 0.0 ], [ 119.125911614000074, -9.535494177999965, 0.0 ], [ 119.125823056000058, -9.535618079999949, 0.0 ], [ 119.125577926, -9.535855062999929, 0.0 ], [ 119.125320816000112, -9.535995736999951, 0.0 ], [ 119.125336071000106, -9.535677010999962, 0.0 ], [ 119.125373490000015, -9.534896896999953, 0.0 ], [ 119.125418800000034, -9.53363010299995, 0.0 ], [ 119.125530454000113, -9.531624026999964, 0.0 ], [ 119.125491108, -9.531411984999977, 0.0 ], [ 119.125383769000109, -9.530833337999979, 0.0 ], [ 119.125219100000095, -9.530532695999966, 0.0 ], [ 119.125114896000014, -9.530342430999951, 0.0 ], [ 119.124999090000074, -9.530226460999927, 0.0 ], [ 119.124320171000022, -9.529593364999926, 0.0 ], [ 119.123471158000029, -9.528839021999943, 0.0 ], [ 119.122318942000106, -9.527322311999967, 0.0 ], [ 119.12115948600001, -9.525795021999954, 0.0 ], [ 119.12096735800003, -9.525470561999953, 0.0 ], [ 119.120937950000098, -9.525420898999926, 0.0 ], [ 119.120390612000051, -9.524496558999942, 0.0 ], [ 119.118834810000067, -9.522851948999971, 0.0 ], [ 119.117279007000093, -9.521207339999933, 0.0 ], [ 119.11541232400009, -9.519234050999955, 0.0 ], [ 119.11350321000009, -9.51721595999993, 0.0 ], [ 119.111738794000075, -9.515038930999935, 0.0 ], [ 119.111376317, -9.514591700999972, 0.0 ], [ 119.111307270000111, -9.514506462999975, 0.0 ], [ 119.110738878, -9.513935385999957, 0.0 ], [ 119.110398395000061, -9.513573424999947, 0.0 ], [ 119.10854108, -9.511727245999964, 0.0 ], [ 119.107875901000057, -9.510825569999952, 0.0 ], [ 119.107495372000017, -9.509745806999945, 0.0 ], [ 119.107452268000088, -9.509623493999982, 0.0 ], [ 119.107286837000061, -9.508765235999931, 0.0 ], [ 119.107275271000049, -9.508705211999938, 0.0 ], [ 119.106998507000071, -9.507461668999952, 0.0 ], [ 119.10699137600011, -9.507369191999942, 0.0 ], [ 119.106985181000027, -9.507077250999941, 0.0 ], [ 119.107006490000117, -9.506939096999929, 0.0 ], [ 119.107077333, -9.506626264999966, 0.0 ], [ 119.107167025000081, -9.506302142999971, 0.0 ], [ 119.107378944000061, -9.505835533999971, 0.0 ], [ 119.107833959000118, -9.50518087599994, 0.0 ], [ 119.108020341000042, -9.504768109999929, 0.0 ], [ 119.108024763000117, -9.504574339999976, 0.0 ], [ 119.108020475000103, -9.50438399899997, 0.0 ], [ 119.108109443000103, -9.504079246999936, 0.0 ], [ 119.108462160000045, -9.50263089699996, 0.0 ], [ 119.1085965420001, -9.501299304999975, 0.0 ], [ 119.108727650000105, -9.500000617999945, 0.0 ], [ 119.108718604000046, -9.499780206999958, 0.0 ], [ 119.108720848000075, -9.499699866999947, 0.0 ], [ 119.108807993000028, -9.496595210999942, 0.0 ], [ 119.108949243000097, -9.495024631999968, 0.0 ], [ 119.109092175000114, -9.493854712999962, 0.0 ], [ 119.109535454000024, -9.492965020999975, 0.0 ], [ 119.110130358000106, -9.492030007999972, 0.0 ], [ 119.110162570000057, -9.491979431999937, 0.0 ], [ 119.111481829000013, -9.490846490999957, 0.0 ], [ 119.112226152000062, -9.490271990999929, 0.0 ], [ 119.113470739000036, -9.489566648999926, 0.0 ], [ 119.115489969, -9.488518366999926, 0.0 ], [ 119.116724986, -9.487816395999971, 0.0 ], [ 119.117133700000068, -9.487521695999931, 0.0 ], [ 119.11727015200006, -9.487423308999951, 0.0 ], [ 119.118121220000035, -9.486809652999966, 0.0 ], [ 119.118158282000081, -9.486782929999947, 0.0 ], [ 119.118821561000118, -9.485937600999932, 0.0 ], [ 119.118979550000063, -9.485736247999967, 0.0 ], [ 119.119094067000105, -9.485218809999935, 0.0 ], [ 119.119241736000049, -9.484446308999964, 0.0 ], [ 119.119396706000089, -9.483555958999943, 0.0 ], [ 119.119493402000103, -9.482953021999947, 0.0 ], [ 119.119584025000108, -9.482048080999959, 0.0 ], [ 119.119646240000066, -9.481165960999931, 0.0 ], [ 119.119638867000049, -9.480800396999939, 0.0 ], [ 119.119629213000053, -9.480323602999931, 0.0 ], [ 119.119668994000108, -9.479915726999934, 0.0 ], [ 119.119786496000074, -9.479547712999931, 0.0 ], [ 119.120000333, -9.479193649999957, 0.0 ], [ 119.12045602, -9.478602616999979, 0.0 ], [ 119.12113712900009, -9.477911710999933, 0.0 ], [ 119.122015143000112, -9.477140524999982, 0.0 ], [ 119.122730099000023, -9.476615872999957, 0.0 ], [ 119.122682349000115, -9.476825560999941, 0.0 ], [ 119.122745226, -9.477036923999947, 0.0 ], [ 119.122852191000106, -9.477217906999954, 0.0 ], [ 119.12302403800004, -9.477266217999954, 0.0 ], [ 119.123225681, -9.477220292999959, 0.0 ], [ 119.123421021000013, -9.477074621999975, 0.0 ], [ 119.12350380700002, -9.476942891999954, 0.0 ], [ 119.123525898000025, -9.476919102999943, 0.0 ], [ 119.123444979000055, -9.47625391899993, 0.0 ], [ 119.123434207000059, -9.476079901999981, 0.0 ], [ 119.123431176000054, -9.476030900999945, 0.0 ], [ 119.123461178000071, -9.475918640999964, 0.0 ], [ 119.123589275000086, -9.475843528999974, 0.0 ], [ 119.12455749500009, -9.475785233999943, 0.0 ], [ 119.124926506000065, -9.475777748999974, 0.0 ], [ 119.124954661000061, -9.475766411999928, 0.0 ], [ 119.124999211000045, -9.475748421999981, 0.0 ], [ 119.125068594000027, -9.475720405999937, 0.0 ], [ 119.125132823000058, -9.475640061999968, 0.0 ], [ 119.125098752000099, -9.475539013999935, 0.0 ], [ 119.124998296000058, -9.475373532999981, 0.0 ], [ 119.124950506000118, -9.475092515999961, 0.0 ], [ 119.124947708000036, -9.475056173999974, 0.0 ], [ 119.1249991950001, -9.475002591999953, 0.0 ], [ 119.125155366000058, -9.474840029999939, 0.0 ], [ 119.125281243000018, -9.474706386999969, 0.0 ], [ 119.125342491000083, -9.474555310999961, 0.0 ], [ 119.125332489000016, -9.474422667999931, 0.0 ], [ 119.12523477700006, -9.474302122999973, 0.0 ], [ 119.125398555000061, -9.473832186999971, 0.0 ], [ 119.12541408800007, -9.473787616999971, 0.0 ], [ 119.125772330000018, -9.473018336999928, 0.0 ], [ 119.126167778000081, -9.472008782999978, 0.0 ], [ 119.127041492000103, -9.470383584999979, 0.0 ], [ 119.127700225000012, -9.469163651999963, 0.0 ], [ 119.127933489000043, -9.468731680999952, 0.0 ], [ 119.128683830000114, -9.467442073999962, 0.0 ], [ 119.129912110000078, -9.465928740999971, 0.0 ], [ 119.130883677000043, -9.464982696999925, 0.0 ], [ 119.131820923000078, -9.464196582999932, 0.0 ], [ 119.132790706000037, -9.463451737999947, 0.0 ], [ 119.133892083000092, -9.462667708999959, 0.0 ], [ 119.13570289200004, -9.461632769999937, 0.0 ], [ 119.137219315000038, -9.460832985999957, 0.0 ], [ 119.13988177300007, -9.459648337999965, 0.0 ], [ 119.141062430000034, -9.459154431999934, 0.0 ], [ 119.142243086, -9.458660524999971, 0.0 ], [ 119.144841869000061, -9.457578430999945, 0.0 ], [ 119.147672775000046, -9.456568241999946, 0.0 ], [ 119.150168548000011, -9.455486803999975, 0.0 ], [ 119.151858339000114, -9.454647518999934, 0.0 ], [ 119.152734791000057, -9.453916146999973, 0.0 ], [ 119.153741454000055, -9.452931430999968, 0.0 ], [ 119.155158525000047, -9.451311211999951, 0.0 ], [ 119.156003956000063, -9.450286177999942, 0.0 ], [ 119.156561864000082, -9.44956336499996, 0.0 ], [ 119.157338609000021, -9.447484442999951, 0.0 ], [ 119.159759503000032, -9.447782211999936, 0.0 ], [ 119.160741584000107, -9.447897857999976, 0.0 ], [ 119.162152201000026, -9.448100428999965, 0.0 ], [ 119.162237204, -9.448111302999962, 0.0 ], [ 119.163327195000079, -9.448444352999957, 0.0 ], [ 119.164588087000084, -9.448829617999934, 0.0 ], [ 119.165429214000028, -9.449192447999962, 0.0 ], [ 119.166164882000089, -9.449509798999941, 0.0 ], [ 119.166737742, -9.449756898999965, 0.0 ], [ 119.168372992000059, -9.450751737999951, 0.0 ], [ 119.169875870000055, -9.452127710999946, 0.0 ], [ 119.171678646000032, -9.454485524999939, 0.0 ], [ 119.173012048000032, -9.456463336999946, 0.0 ], [ 119.173969329000101, -9.458021992999932, 0.0 ], [ 119.174505320000094, -9.458964296999966, 0.0 ], [ 119.174646988000063, -9.459189676999927, 0.0 ], [ 119.175529618000041, -9.460209008999925, 0.0 ], [ 119.175750347000076, -9.46037331399998, 0.0 ], [ 119.177166551000028, -9.461427396999966, 0.0 ], [ 119.179070176000096, -9.462592773999972, 0.0 ], [ 119.180998437000085, -9.463591834999932, 0.0 ], [ 119.182351756000116, -9.46408250199994, 0.0 ], [ 119.183396794000032, -9.464457682999978, 0.0 ], [ 119.183524526000042, -9.464503585999978, 0.0 ], [ 119.186003913000036, -9.465165380999963, 0.0 ], [ 119.186381055000084, -9.465266054999972, 0.0 ], [ 119.188955207000049, -9.465701334999949, 0.0 ], [ 119.191875271000072, -9.465910493999957, 0.0 ], [ 119.193514398000048, -9.465881649999972, 0.0 ], [ 119.194626182000093, -9.465862079999965, 0.0 ], [ 119.196362114000067, -9.465632523999943, 0.0 ], [ 119.196628445000101, -9.465568327999961, 0.0 ], [ 119.196792552000034, -9.465524950999963, 0.0 ], [ 119.197698404000107, -9.465285496999968, 0.0 ], [ 119.198436874000095, -9.465093741999965, 0.0 ], [ 119.198582007000027, -9.465063304999944, 0.0 ], [ 119.199229428000081, -9.464927562999947, 0.0 ], [ 119.200252778000049, -9.464712977999966, 0.0 ], [ 119.200550302000011, -9.46465059999997, 0.0 ], [ 119.20276538600001, -9.464186121999944, 0.0 ], [ 119.203464335000035, -9.464039556999978, 0.0 ], [ 119.203689958000041, -9.46399224399994, 0.0 ], [ 119.20799149700008, -9.463025287999926, 0.0 ], [ 119.209523453000088, -9.465907281999932, 0.0 ], [ 119.209817505000046, -9.466460468999969, 0.0 ], [ 119.209906557000068, -9.466627989999949, 0.0 ], [ 119.210088168000084, -9.466867905999948, 0.0 ], [ 119.210462993000078, -9.46732781299994, 0.0 ], [ 119.210861287000057, -9.467861983999967, 0.0 ], [ 119.211611283000025, -9.468752053999935, 0.0 ], [ 119.212156560000039, -9.469381710999926, 0.0 ], [ 119.21406675500009, -9.470974904999935, 0.0 ], [ 119.214177414, -9.471026986999959, 0.0 ], [ 119.216014529000063, -9.471891625999945, 0.0 ], [ 119.216372472000103, -9.472073532999957, 0.0 ], [ 119.216595176000055, -9.472186711999939, 0.0 ], [ 119.21703375900006, -9.472297739999931, 0.0 ], [ 119.218229982000025, -9.472600565999926, 0.0 ], [ 119.21956118300011, -9.472957615999974, 0.0 ], [ 119.221366143000068, -9.473366270999975, 0.0 ], [ 119.222137472000099, -9.473601985999949, 0.0 ], [ 119.223204425000063, -9.47392801999996, 0.0 ], [ 119.225315986000055, -9.474899880999942, 0.0 ], [ 119.22642109100002, -9.475517887999956, 0.0 ], [ 119.227682953000112, -9.474647554999933, 0.0 ], [ 119.230395539000028, -9.472934342999963, 0.0 ], [ 119.234036114000105, -9.471792200999971, 0.0 ], [ 119.23789084100008, -9.471435281999959, 0.0 ], [ 119.242673558000092, -9.471221130999936, 0.0 ], [ 119.248883951000039, -9.471506665999925, 0.0 ], [ 119.254951576000053, -9.472291887999972, 0.0 ], [ 119.257227506000049, -9.47298731099994, 0.0 ], [ 119.26009121200002, -9.473862332999943, 0.0 ], [ 119.262426778000076, -9.474699301999976, 0.0 ], [ 119.26284032500007, -9.475023928999974, 0.0 ], [ 119.263031200000114, -9.475218113999972, 0.0 ], [ 119.263354484000047, -9.475746003999973, 0.0 ], [ 119.263457279000022, -9.476020348999953, 0.0 ], [ 119.263494638000111, -9.476427141999977, 0.0 ], [ 119.263330207000081, -9.477221940999925, 0.0 ], [ 119.263113800000042, -9.477671907999934, 0.0 ], [ 119.263078073000088, -9.477746174999936, 0.0 ], [ 119.263038825000081, -9.477798298999971, 0.0 ], [ 119.262892394000119, -9.478217063999978, 0.0 ], [ 119.26266074800003, -9.478689392999968, 0.0 ], [ 119.26256795200004, -9.47883613099998, 0.0 ], [ 119.262258669000062, -9.479306253999937, 0.0 ], [ 119.261973074000025, -9.479994660999978, 0.0 ], [ 119.261783229000116, -9.480399423999927, 0.0 ], [ 119.261295029000053, -9.481069346999959, 0.0 ], [ 119.261303203000011, -9.481350203999966, 0.0 ], [ 119.261354759000028, -9.481600786999934, 0.0 ], [ 119.261379316000102, -9.481720068999948, 0.0 ], [ 119.261642815000073, -9.482821392999938, 0.0 ], [ 119.261638291000054, -9.482985914999972, 0.0 ], [ 119.261629686000106, -9.483298948999959, 0.0 ], [ 119.261544091000019, -9.483551046999935, 0.0 ], [ 119.2614945790001, -9.483783810999967, 0.0 ], [ 119.261484543000051, -9.484034441999938, 0.0 ], [ 119.261498345000064, -9.485060316999977, 0.0 ], [ 119.261424454, -9.485696362999931, 0.0 ], [ 119.261230827000077, -9.486454347999938, 0.0 ], [ 119.260980953000058, -9.487472018999938, 0.0 ], [ 119.260751674000062, -9.487762421999946, 0.0 ], [ 119.260320409000087, -9.488198031999957, 0.0 ], [ 119.259833357000048, -9.488461464999943, 0.0 ], [ 119.259635671000069, -9.488583276999975, 0.0 ], [ 119.258634279000034, -9.489200515999926, 0.0 ], [ 119.258290199000044, -9.489298909999945, 0.0 ], [ 119.258083878000093, -9.489390477999962, 0.0 ], [ 119.257951908000109, -9.489449047999926, 0.0 ], [ 119.257852269000068, -9.489470413999982, 0.0 ], [ 119.257778719000044, -9.489486162999981, 0.0 ], [ 119.257498611000074, -9.489593082999932, 0.0 ], [ 119.257239823000077, -9.48979006899998, 0.0 ], [ 119.257058717000064, -9.489982558999941, 0.0 ], [ 119.256957108000051, -9.490245721999941, 0.0 ], [ 119.25699391, -9.49054019099998, 0.0 ], [ 119.257078199000034, -9.490782878999937, 0.0 ], [ 119.257156890000033, -9.490984237999953, 0.0 ], [ 119.257095077000031, -9.49120673699997, 0.0 ], [ 119.25699871900008, -9.49132975699996, 0.0 ], [ 119.256767625000066, -9.491526927999928, 0.0 ], [ 119.256610765000119, -9.491575266999973, 0.0 ], [ 119.25653448300011, -9.49162047599998, 0.0 ], [ 119.256504875000019, -9.491711313999929, 0.0 ], [ 119.256486327000061, -9.491980440999953, 0.0 ], [ 119.256156643000054, -9.492602255999941, 0.0 ], [ 119.256206467000084, -9.492793719999952, 0.0 ], [ 119.25607259100002, -9.493477721999966, 0.0 ], [ 119.256113943000059, -9.493478617999926, 0.0 ], [ 119.256308254000032, -9.493516849999935, 0.0 ], [ 119.256517169000062, -9.493624500999942, 0.0 ], [ 119.257029892000105, -9.494085457999972, 0.0 ], [ 119.257231702000013, -9.494259661999934, 0.0 ], [ 119.257270309000091, -9.494422296999971, 0.0 ], [ 119.257260578000114, -9.494486218999953, 0.0 ], [ 119.257268877000115, -9.494654287999936, 0.0 ], [ 119.257270497000036, -9.494759191999947, 0.0 ], [ 119.257174482000096, -9.494825627999944, 0.0 ], [ 119.257124544000021, -9.494894300999931, 0.0 ], [ 119.257187952000095, -9.49499205199993, 0.0 ], [ 119.257175345000064, -9.495043927999973, 0.0 ], [ 119.257136628000012, -9.49507213399994, 0.0 ], [ 119.257024264000052, -9.495153988999959, 0.0 ], [ 119.256900090000045, -9.495315442999981, 0.0 ], [ 119.256892858000015, -9.495412880999936, 0.0 ], [ 119.256966120000016, -9.495648098999936, 0.0 ], [ 119.257170359000042, -9.496074222999937, 0.0 ], [ 119.257357554, -9.496513283999946, 0.0 ], [ 119.257555595000099, -9.496810348999929, 0.0 ], [ 119.257588211000098, -9.497016593999945, 0.0 ], [ 119.257532751000099, -9.497204799999963, 0.0 ], [ 119.257403187000023, -9.497430736999945, 0.0 ], [ 119.257273111000018, -9.497722008999972, 0.0 ], [ 119.257154127000035, -9.497988440999961, 0.0 ], [ 119.257014635000019, -9.498237269999947, 0.0 ], [ 119.257002071000102, -9.498259681999969, 0.0 ], [ 119.256875143000116, -9.498486098999933, 0.0 ], [ 119.256940920000034, -9.498727785999961, 0.0 ], [ 119.256936797000094, -9.499028530999965, 0.0 ], [ 119.256913474000044, -9.499146208999946, 0.0 ], [ 119.256878615, -9.499328145999925, 0.0 ], [ 119.25678227100002, -9.499732441999981, 0.0 ], [ 119.256804135000039, -9.500001835999967, 0.0 ], [ 119.256938168000033, -9.50020105699997, 0.0 ], [ 119.257167756000058, -9.500565080999934, 0.0 ], [ 119.257235359000106, -9.500672221999935, 0.0 ], [ 119.257323421000024, -9.500913407999974, 0.0 ], [ 119.257140106000065, -9.501107899999965, 0.0 ], [ 119.256956789000014, -9.501302393999936, 0.0 ], [ 119.256857767000042, -9.501407460999928, 0.0 ], [ 119.256779245000075, -9.501529663999975, 0.0 ], [ 119.256607278000047, -9.501797310999962, 0.0 ], [ 119.256530984000051, -9.501916052999945, 0.0 ], [ 119.25631395500011, -9.502513897999961, 0.0 ], [ 119.2562812970001, -9.502724114999978, 0.0 ], [ 119.256211483000016, -9.503121327999963, 0.0 ], [ 119.256131198000048, -9.503578027999936, 0.0 ], [ 119.25603973300008, -9.503697114999966, 0.0 ], [ 119.255863273000045, -9.504092684999932, 0.0 ], [ 119.255838812000093, -9.50424637499998, 0.0 ], [ 119.255790686000068, -9.504530227999965, 0.0 ], [ 119.255712830000107, -9.504638021999938, 0.0 ], [ 119.255422107000072, -9.504922824999937, 0.0 ], [ 119.25537156900009, -9.505068212999959, 0.0 ], [ 119.255241101000024, -9.505583968999929, 0.0 ], [ 119.255205832000115, -9.505723405999959, 0.0 ], [ 119.255168486000116, -9.506201805999979, 0.0 ], [ 119.2551803, -9.506456367999931, 0.0 ], [ 119.255151029000103, -9.50664379899996, 0.0 ], [ 119.255096348000052, -9.50699420899997, 0.0 ], [ 119.255211924000037, -9.50699586099995, 0.0 ], [ 119.255331479, -9.506946237999955, 0.0 ], [ 119.255622519000099, -9.507077529999947, 0.0 ], [ 119.25563334800006, -9.507170687999974, 0.0 ], [ 119.255714287000046, -9.507331012999941, 0.0 ], [ 119.25592151, -9.50752876599995, 0.0 ], [ 119.256136724000044, -9.507758778999971, 0.0 ], [ 119.256290399000022, -9.507976081999971, 0.0 ], [ 119.256477551000103, -9.508240724999951, 0.0 ], [ 119.25653344400007, -9.508319760999939, 0.0 ], [ 119.256587926000066, -9.508497244999944, 0.0 ], [ 119.25657405000004, -9.50870955399995, 0.0 ], [ 119.256402829000081, -9.50940044999993, 0.0 ], [ 119.256396832000064, -9.509650586999953, 0.0 ], [ 119.256451315000049, -9.509801852999942, 0.0 ], [ 119.256631836000111, -9.509938503999933, 0.0 ], [ 119.256915243000094, -9.510024579999936, 0.0 ], [ 119.257280507000019, -9.510223121999957, 0.0 ], [ 119.25738707000005, -9.510356095999953, 0.0 ], [ 119.257423410000115, -9.510521206999954, 0.0 ], [ 119.257412679000026, -9.510674730999938, 0.0 ], [ 119.25739150600009, -9.510976984999957, 0.0 ], [ 119.257440065000083, -9.511114839999948, 0.0 ], [ 119.25737854700003, -9.511528367999972, 0.0 ], [ 119.256895776000079, -9.512276897999925, 0.0 ], [ 119.256620305000069, -9.512577562999979, 0.0 ], [ 119.256239779000111, -9.512867916999937, 0.0 ], [ 119.256209463000118, -9.51289098999996, 0.0 ], [ 119.255799290000027, -9.513168103999931, 0.0 ], [ 119.255747123000106, -9.513209007999933, 0.0 ], [ 119.255456801000037, -9.513436897999952, 0.0 ], [ 119.255310770000051, -9.513594357999978, 0.0 ], [ 119.255115765000028, -9.513804599999958, 0.0 ], [ 119.254885744000035, -9.514081676999979, 0.0 ], [ 119.254774070000053, -9.514395897999975, 0.0 ], [ 119.254558016000033, -9.51479455599997, 0.0 ], [ 119.254410552000081, -9.515321684999947, 0.0 ], [ 119.254374265000024, -9.515498239999943, 0.0 ], [ 119.254455341000039, -9.515573300999961, 0.0 ], [ 119.25456307200011, -9.51579253999995, 0.0 ], [ 119.254616283000018, -9.515851633999944, 0.0 ], [ 119.254670423000107, -9.515911786999936, 0.0 ], [ 119.254795137000087, -9.516058413999929, 0.0 ], [ 119.254967278000095, -9.516266032999965, 0.0 ], [ 119.255125505000024, -9.51648296299993, 0.0 ], [ 119.255163008000068, -9.516690327999981, 0.0 ], [ 119.255145363000111, -9.516838974999928, 0.0 ], [ 119.255043522000051, -9.517011622999973, 0.0 ], [ 119.254853118000028, -9.517343622999931, 0.0 ], [ 119.254823697, -9.51773413199993, 0.0 ], [ 119.254731725000056, -9.518530941999927, 0.0 ], [ 119.25462281800003, -9.518580071999963, 0.0 ], [ 119.254531610000072, -9.518657865999955, 0.0 ], [ 119.254529285000103, -9.518755794999947, 0.0 ], [ 119.254611104000105, -9.518986581999968, 0.0 ], [ 119.254660716000103, -9.518984161999981, 0.0 ], [ 119.254719839000018, -9.519001863999961, 0.0 ], [ 119.254974452000056, -9.519293395999966, 0.0 ], [ 119.255138330000023, -9.519386251999947, 0.0 ], [ 119.255200608000109, -9.519530078999935, 0.0 ], [ 119.255182909000041, -9.519692159999977, 0.0 ], [ 119.255171998000037, -9.519814942999972, 0.0 ], [ 119.255244717000096, -9.51992136399997, 0.0 ], [ 119.255346155000097, -9.519983846999935, 0.0 ], [ 119.255392684000071, -9.52007464199994, 0.0 ], [ 119.255557778000025, -9.520219096999938, 0.0 ], [ 119.255701656000042, -9.520370861999936, 0.0 ], [ 119.255892313000118, -9.520882204999964, 0.0 ], [ 119.256058168000095, -9.520956956999953, 0.0 ], [ 119.256048120000059, -9.521066314999928, 0.0 ], [ 119.256057480000095, -9.521221514999979, 0.0 ], [ 119.256118884000102, -9.521236348999935, 0.0 ], [ 119.256239812000103, -9.521224453999935, 0.0 ], [ 119.256452988000092, -9.521207647999972, 0.0 ], [ 119.257045708000078, -9.521105699999964, 0.0 ], [ 119.257277274000103, -9.521065867999937, 0.0 ], [ 119.257499625000037, -9.520989407999934, 0.0 ], [ 119.25785471100005, -9.520867274999944, 0.0 ], [ 119.257944020000082, -9.521131172999958, 0.0 ], [ 119.257972928000072, -9.521301496999968, 0.0 ], [ 119.257986086000074, -9.521343171999945, 0.0 ], [ 119.258033882000063, -9.521494246999964, 0.0 ], [ 119.258326800000077, -9.521803403999968, 0.0 ], [ 119.258485649000022, -9.521924346999981, 0.0 ], [ 119.258783991000087, -9.522118147999947, 0.0 ], [ 119.258991423000111, -9.522080860999949, 0.0 ], [ 119.259226177000073, -9.521943750999981, 0.0 ], [ 119.259513828000081, -9.521804096999972, 0.0 ], [ 119.259541643000034, -9.52179354499998, 0.0 ], [ 119.259637508000083, -9.521757970999943, 0.0 ], [ 119.259899316000087, -9.521429761999968, 0.0 ], [ 119.259950071000048, -9.521363968999935, 0.0 ], [ 119.259992081000064, -9.521309464999945, 0.0 ], [ 119.260432453000021, -9.521087830999932, 0.0 ], [ 119.260459959000059, -9.52107366599995, 0.0 ], [ 119.260498116, -9.521053952999978, 0.0 ], [ 119.260572190000062, -9.521015685999942, 0.0 ], [ 119.260729067000057, -9.520877405999954, 0.0 ], [ 119.260869462000073, -9.520769579999978, 0.0 ], [ 119.260895080000068, -9.520767206999949, 0.0 ], [ 119.260997108000083, -9.520736324999973, 0.0 ], [ 119.261133148000113, -9.520766839999965, 0.0 ], [ 119.261175196000067, -9.520804683999927, 0.0 ], [ 119.261240912000062, -9.520863829999939, 0.0 ], [ 119.26124134500003, -9.521000202999971, 0.0 ], [ 119.261497038000016, -9.521413466999945, 0.0 ], [ 119.261649649000105, -9.521570014999952, 0.0 ], [ 119.261760209000045, -9.521683440999936, 0.0 ], [ 119.261920523000072, -9.521790560999932, 0.0 ], [ 119.262150976000044, -9.521914982999931, 0.0 ], [ 119.262221143000033, -9.522269336999955, 0.0 ], [ 119.262274697000066, -9.522350959999926, 0.0 ], [ 119.262483555000017, -9.522669335999979, 0.0 ], [ 119.262775473000033, -9.522902427999952, 0.0 ], [ 119.262925815000017, -9.522992894999959, 0.0 ], [ 119.262974927000073, -9.523022431999948, 0.0 ], [ 119.263299611000093, -9.523194051999951, 0.0 ], [ 119.263425810000058, -9.52323824299998, 0.0 ], [ 119.263644963000047, -9.523314978999963, 0.0 ], [ 119.263853114000085, -9.523369614999979, 0.0 ], [ 119.264208598000096, -9.523552583999958, 0.0 ], [ 119.264591213000017, -9.523842240999954, 0.0 ], [ 119.264655665000078, -9.523887677999937, 0.0 ], [ 119.264830518000053, -9.524010892999968, 0.0 ], [ 119.265098987000101, -9.524168331999931, 0.0 ], [ 119.265307940000071, -9.524247368999966, 0.0 ], [ 119.265764585000056, -9.524292865999939, 0.0 ], [ 119.266268973000024, -9.524304742999959, 0.0 ], [ 119.266818961000013, -9.524285976999977, 0.0 ], [ 119.267247830000088, -9.524245650999944, 0.0 ], [ 119.26767398800007, -9.524160368999958, 0.0 ], [ 119.268288862000077, -9.524135802999979, 0.0 ], [ 119.268486739000082, -9.524156649999952, 0.0 ], [ 119.26852963400006, -9.524161161999928, 0.0 ], [ 119.268905402000087, -9.524200708999956, 0.0 ], [ 119.269358973000067, -9.524232413999925, 0.0 ], [ 119.269546455000068, -9.524245522999934, 0.0 ], [ 119.269852400000104, -9.524281427999938, 0.0 ], [ 119.270093755000062, -9.524309810999966, 0.0 ], [ 119.270193883000047, -9.524321595999936, 0.0 ], [ 119.270928494000032, -9.524407959999962, 0.0 ], [ 119.271022346000109, -9.524418872999945, 0.0 ], [ 119.271605975000057, -9.524486680999928, 0.0 ], [ 119.272199871000112, -9.524554384999931, 0.0 ], [ 119.272529112000029, -9.524650553999948, 0.0 ], [ 119.272740237000107, -9.524742490999927, 0.0 ], [ 119.272940634000065, -9.524742809999964, 0.0 ], [ 119.273199772000112, -9.524795935999975, 0.0 ], [ 119.273300256000084, -9.524809696999966, 0.0 ], [ 119.27367584600006, -9.525595330999977, 0.0 ], [ 119.274034581000024, -9.526144969999962, 0.0 ], [ 119.274323361000029, -9.526546948999965, 0.0 ], [ 119.275122466000084, -9.527499397999975, 0.0 ], [ 119.275213763000011, -9.527723049999963, 0.0 ], [ 119.275252050000063, -9.527828342999953, 0.0 ], [ 119.275329146000104, -9.528075293999962, 0.0 ], [ 119.275544804000106, -9.528766012999938, 0.0 ], [ 119.27564764400006, -9.528913230999933, 0.0 ], [ 119.275031112000079, -9.529046439999945, 0.0 ], [ 119.274915631000113, -9.529078562999928, 0.0 ], [ 119.274891960000105, -9.529208533999963, 0.0 ], [ 119.274868706, -9.529607617999943, 0.0 ], [ 119.274758239000107, -9.530123702999958, 0.0 ], [ 119.274660801000095, -9.530412335999927, 0.0 ], [ 119.274448587000052, -9.530671459999951, 0.0 ], [ 119.274251996000089, -9.530983492999951, 0.0 ], [ 119.27413915000011, -9.531249516999935, 0.0 ], [ 119.273972488000027, -9.531470431999935, 0.0 ], [ 119.273672113000089, -9.531812867999975, 0.0 ], [ 119.273622358000011, -9.531898856999931, 0.0 ], [ 119.2733006200001, -9.532454772999927, 0.0 ], [ 119.27298329700011, -9.532979169999976, 0.0 ], [ 119.272949399000026, -9.533039492999933, 0.0 ], [ 119.272701364000113, -9.533610084999964, 0.0 ], [ 119.272496745000012, -9.53394626599993, 0.0 ], [ 119.272201245000019, -9.534431739999945, 0.0 ], [ 119.272022118000109, -9.534636273999979, 0.0 ], [ 119.271630067000046, -9.53496513999994, 0.0 ], [ 119.270989963000034, -9.535448818999953, 0.0 ], [ 119.270882946000029, -9.535501157999931, 0.0 ], [ 119.270438923000029, -9.535870453999962, 0.0 ], [ 119.270063589000074, -9.53617699299997, 0.0 ], [ 119.269825358000048, -9.536356285999943, 0.0 ], [ 119.269781265, -9.536389462999978, 0.0 ], [ 119.269698504000075, -9.536451743999976, 0.0 ], [ 119.269475720000059, -9.536661491999951, 0.0 ], [ 119.26934591700001, -9.536781929999961, 0.0 ], [ 119.269278269000097, -9.536844677999966, 0.0 ], [ 119.269036448000065, -9.537247990999958, 0.0 ], [ 119.268870971000069, -9.537650805999931, 0.0 ], [ 119.268625488000112, -9.538368532999925, 0.0 ], [ 119.268476737000015, -9.538803461999976, 0.0 ], [ 119.268351087000042, -9.539029796999955, 0.0 ], [ 119.268125081000107, -9.539413747999959, 0.0 ], [ 119.267709430000082, -9.540003773999956, 0.0 ], [ 119.267564138000012, -9.540325577999965, 0.0 ], [ 119.267522019000012, -9.54041889399997, 0.0 ], [ 119.267207523000025, -9.541294897999933, 0.0 ], [ 119.266925557000036, -9.541785022999932, 0.0 ], [ 119.266764400000056, -9.541983430999949, 0.0 ], [ 119.266464080000105, -9.542290084999934, 0.0 ], [ 119.265871364000077, -9.542786649999925, 0.0 ], [ 119.265729091000026, -9.54292480099997, 0.0 ], [ 119.265647028000103, -9.543004459999963, 0.0 ], [ 119.265423393000106, -9.543221568999968, 0.0 ], [ 119.265059302000054, -9.543625678999945, 0.0 ], [ 119.264803672000085, -9.54389899399996, 0.0 ], [ 119.264702647000036, -9.544006991999936, 0.0 ], [ 119.264475182000069, -9.544273773999976, 0.0 ], [ 119.264202271000045, -9.544601459999967, 0.0 ], [ 119.264009500000043, -9.544920818999969, 0.0 ], [ 119.263194890000022, -9.545760630999951, 0.0 ], [ 119.262848736000024, -9.54605483399996, 0.0 ], [ 119.26249899000004, -9.546465632999968, 0.0 ], [ 119.262339617000066, -9.546652835999964, 0.0 ], [ 119.262055345000022, -9.546993770999961, 0.0 ], [ 119.261909142000036, -9.547169162999978, 0.0 ], [ 119.261554915000033, -9.547559054999965, 0.0 ], [ 119.260936861000118, -9.548129615999926, 0.0 ], [ 119.260703173000024, -9.548426744999972, 0.0 ], [ 119.260504082000011, -9.548776848999978, 0.0 ], [ 119.260372117000088, -9.549171177999938, 0.0 ], [ 119.260345055000016, -9.549776865999945, 0.0 ], [ 119.260440509000091, -9.550276708999945, 0.0 ], [ 119.260579457000063, -9.550722973999939, 0.0 ], [ 119.26076342600004, -9.551058270999931, 0.0 ], [ 119.261134520000041, -9.551732087999937, 0.0 ], [ 119.261367597000117, -9.552017117999981, 0.0 ], [ 119.261811550000061, -9.552388852999968, 0.0 ], [ 119.262281777000112, -9.552729023999973, 0.0 ], [ 119.262759815000095, -9.553174774999945, 0.0 ], [ 119.263072799000042, -9.55348993299998, 0.0 ], [ 119.263708019000092, -9.554327958999977, 0.0 ], [ 119.264032425000096, -9.554914743999973, 0.0 ], [ 119.264344551000022, -9.55528099299994, 0.0 ], [ 119.265099394000117, -9.555903903999933, 0.0 ], [ 119.265536166000061, -9.556363962999967, 0.0 ], [ 119.265983146000053, -9.556982179999977, 0.0 ], [ 119.266339149000032, -9.557691864999981, 0.0 ], [ 119.266572864000068, -9.558305177999955, 0.0 ], [ 119.267022394000037, -9.559384144999967, 0.0 ], [ 119.267358933000082, -9.559720616999925, 0.0 ], [ 119.267865398000026, -9.560503388999962, 0.0 ], [ 119.267901254000094, -9.560528735999981, 0.0 ], [ 119.268002441000021, -9.560689203999971, 0.0 ], [ 119.267946742000049, -9.560845092999955, 0.0 ], [ 119.267843862000063, -9.561054217999981, 0.0 ], [ 119.267831118000117, -9.561269188999972, 0.0 ], [ 119.26778863200002, -9.561584640999968, 0.0 ], [ 119.267775662000076, -9.561920108999971, 0.0 ], [ 119.267866130000016, -9.561960803999966, 0.0 ], [ 119.268197383000029, -9.562081764999959, 0.0 ], [ 119.268361410000011, -9.562256390999949, 0.0 ], [ 119.268741004000049, -9.562477308999974, 0.0 ], [ 119.268821300000013, -9.562615540999957, 0.0 ], [ 119.268859772000042, -9.563209917999927, 0.0 ], [ 119.268671651000091, -9.563519686999939, 0.0 ], [ 119.268390539000052, -9.563953954999931, 0.0 ], [ 119.268319179000059, -9.564064271999939, 0.0 ], [ 119.267926773000113, -9.564483662999976, 0.0 ], [ 119.26777418000006, -9.564582923999978, 0.0 ], [ 119.267492899000104, -9.564827887999968, 0.0 ], [ 119.267334269000116, -9.564957147999962, 0.0 ], [ 119.266902933000097, -9.565320412999938, 0.0 ], [ 119.266772268000068, -9.565430461999938, 0.0 ], [ 119.266480275000049, -9.565646173999937, 0.0 ], [ 119.266027488000077, -9.565980709999963, 0.0 ], [ 119.26561958800005, -9.566105006999976, 0.0 ], [ 119.265417789000026, -9.566166491999979, 0.0 ], [ 119.264691562000053, -9.566186285999947, 0.0 ], [ 119.264493753000011, -9.566181409999956, 0.0 ], [ 119.264381536000087, -9.566176046999942, 0.0 ], [ 119.263851879000072, -9.566184617999966, 0.0 ], [ 119.263084817000049, -9.566072428999973, 0.0 ], [ 119.262247007000042, -9.565962212999978, 0.0 ], [ 119.261452370000029, -9.565958126999931, 0.0 ], [ 119.260356023000099, -9.566095741999959, 0.0 ], [ 119.259409813000048, -9.566158453999947, 0.0 ], [ 119.258505649000085, -9.566300241999954, 0.0 ], [ 119.257600833000083, -9.566709395999965, 0.0 ], [ 119.25649820700005, -9.567207774999929, 0.0 ], [ 119.25564019, -9.567515554999943, 0.0 ], [ 119.254953901000022, -9.567756024999937, 0.0 ], [ 119.254316551000102, -9.568141056999934, 0.0 ], [ 119.253688243000056, -9.568561330999955, 0.0 ], [ 119.253087143000016, -9.568895900999962, 0.0 ], [ 119.252505644000053, -9.569214837999937, 0.0 ], [ 119.251836943000058, -9.569524835999971, 0.0 ], [ 119.251788711000017, -9.569550559999925, 0.0 ], [ 119.251198769000098, -9.569799085999932, 0.0 ], [ 119.250820605000058, -9.569897913999966, 0.0 ], [ 119.250544430000105, -9.569989163999935, 0.0 ], [ 119.250304848000042, -9.570075250999935, 0.0 ], [ 119.250185894000083, -9.570164101999978, 0.0 ], [ 119.249998704000063, -9.570552585999963, 0.0 ], [ 119.249770050000052, -9.571072523999931, 0.0 ], [ 119.24956316500004, -9.571601554999972, 0.0 ], [ 119.249511224000116, -9.571718716999953, 0.0 ], [ 119.249307551000015, -9.572178178999934, 0.0 ], [ 119.24908073000006, -9.572736598999938, 0.0 ], [ 119.249031849000062, -9.572856950999949, 0.0 ], [ 119.248981306000019, -9.572972985999968, 0.0 ], [ 119.24882092200005, -9.573341219999975, 0.0 ], [ 119.248687713000095, -9.573647051999956, 0.0 ], [ 119.248618061000116, -9.573827030999951, 0.0 ], [ 119.248610921000022, -9.573845481999967, 0.0 ], [ 119.248449148000077, -9.574530679999953, 0.0 ], [ 119.248358667000048, -9.574784940999962, 0.0 ], [ 119.248018050000042, -9.575742058999936, 0.0 ], [ 119.247715050000011, -9.576621959999954, 0.0 ], [ 119.247662205000097, -9.576797368999962, 0.0 ], [ 119.247476112000072, -9.577550330999941, 0.0 ], [ 119.247318412000027, -9.578166862999979, 0.0 ], [ 119.247230493000075, -9.578510553999934, 0.0 ], [ 119.246981989, -9.579429303999973, 0.0 ], [ 119.246766457000035, -9.580239505999941, 0.0 ], [ 119.246559540000021, -9.580778180999971, 0.0 ], [ 119.246374246000073, -9.58141924399996, 0.0 ], [ 119.246202571000026, -9.581977335999966, 0.0 ], [ 119.246037021, -9.582567396999934, 0.0 ], [ 119.245948425000051, -9.583119397999951, 0.0 ], [ 119.245925450000072, -9.58326335299995, 0.0 ], [ 119.245898889000046, -9.583260462999931, 0.0 ], [ 119.245677493000017, -9.583245547999979, 0.0 ], [ 119.245586770000045, -9.583239022999976, 0.0 ], [ 119.245184338000058, -9.583257585999945, 0.0 ], [ 119.24506249600006, -9.583263011999975, 0.0 ], [ 119.244347246000075, -9.583294962999958, 0.0 ], [ 119.241195206000043, -9.583176740999932, 0.0 ], [ 119.240454955000018, -9.583113648999927, 0.0 ], [ 119.239688957000112, -9.583050335999928, 0.0 ], [ 119.238826461000031, -9.582973522999964, 0.0 ], [ 119.238255291000087, -9.582881067999949, 0.0 ], [ 119.237687808000032, -9.582789210999977, 0.0 ], [ 119.236185266, -9.582598866999945, 0.0 ], [ 119.235171833000095, -9.582463366999946, 0.0 ], [ 119.23444832000007, -9.58232049399993, 0.0 ], [ 119.233831457000065, -9.58212724599997, 0.0 ], [ 119.233465494000029, -9.581974266999964, 0.0 ], [ 119.233292836000032, -9.581809991999933, 0.0 ], [ 119.233148832000097, -9.581690583999944, 0.0 ], [ 119.232909811000013, -9.581359538999948, 0.0 ], [ 119.23293030100001, -9.581164959999967, 0.0 ], [ 119.232951952, -9.580680421999944, 0.0 ], [ 119.232959209000114, -9.580518321999932, 0.0 ], [ 119.232968612000036, -9.579570024999953, 0.0 ], [ 119.232921519000115, -9.578987929999926, 0.0 ], [ 119.232879309000054, -9.578620367999974, 0.0 ], [ 119.232852083000012, -9.578383274999965, 0.0 ], [ 119.232770955000092, -9.577625117999958, 0.0 ], [ 119.23267579000003, -9.577020302999927, 0.0 ], [ 119.23263801600001, -9.576637326999958, 0.0 ], [ 119.232607008000059, -9.576322977999951, 0.0 ], [ 119.232554368000024, -9.575625739999964, 0.0 ], [ 119.232532775000095, -9.574660265999967, 0.0 ], [ 119.232479932000047, -9.573991845999956, 0.0 ], [ 119.232372773000066, -9.573265413999934, 0.0 ], [ 119.232122861000107, -9.57267861899993, 0.0 ], [ 119.23173870800008, -9.572381647999975, 0.0 ], [ 119.231298557000059, -9.572244052999963, 0.0 ], [ 119.230829656000083, -9.572074302999965, 0.0 ], [ 119.230504457000052, -9.572065460999966, 0.0 ], [ 119.229780487000085, -9.571986477999928, 0.0 ], [ 119.229020496000089, -9.571980743999973, 0.0 ], [ 119.228382162000116, -9.572078209999972, 0.0 ], [ 119.227600208000013, -9.57199236699995, 0.0 ], [ 119.227295427000058, -9.571839833999945, 0.0 ], [ 119.227110304, -9.571621084999947, 0.0 ], [ 119.226939525000034, -9.571217053999931, 0.0 ], [ 119.226885526000046, -9.570698833999927, 0.0 ], [ 119.226738456000021, -9.569719618999954, 0.0 ], [ 119.2266442990001, -9.568983741999944, 0.0 ], [ 119.226591833000043, -9.568267335999963, 0.0 ], [ 119.226460565000025, -9.56732339399997, 0.0 ], [ 119.226411736000045, -9.566977805999954, 0.0 ], [ 119.226402266000036, -9.566630779999969, 0.0 ], [ 119.226396660000091, -9.566424692999931, 0.0 ], [ 119.226379208000026, -9.565897358999962, 0.0 ], [ 119.226387517000035, -9.565516836999961, 0.0 ], [ 119.226405546000024, -9.564641380999944, 0.0 ], [ 119.22640987200009, -9.56443130699995, 0.0 ], [ 119.226413239000067, -9.564267274999963, 0.0 ], [ 119.226383696000084, -9.563975112999969, 0.0 ], [ 119.226311905000102, -9.563265779999938, 0.0 ], [ 119.226269549000108, -9.562846990999958, 0.0 ], [ 119.22621798900002, -9.562012333999974, 0.0 ], [ 119.226184362000026, -9.56105628399996, 0.0 ], [ 119.226159863000021, -9.560359337999955, 0.0 ], [ 119.226144579000106, -9.559890481999958, 0.0 ], [ 119.226105146, -9.558680803999948, 0.0 ], [ 119.226544535000016, -9.558049681999933, 0.0 ], [ 119.227126708000014, -9.557213452999974, 0.0 ], [ 119.227167132000091, -9.557155387999956, 0.0 ], [ 119.227193270000043, -9.556928280999955, 0.0 ], [ 119.22723278400008, -9.556642982999961, 0.0 ], [ 119.22723046100009, -9.556027684999947, 0.0 ], [ 119.22723046100009, -9.556027617999973, 0.0 ], [ 119.227229660000035, -9.555815672999927, 0.0 ], [ 119.227161446000082, -9.55535804699997, 0.0 ], [ 119.226955453000073, -9.554951689999939, 0.0 ], [ 119.226735535000103, -9.554520356999944, 0.0 ], [ 119.226743448000093, -9.553687842999977, 0.0 ], [ 119.226745414000106, -9.553481079999926, 0.0 ], [ 119.226917723000042, -9.552840110999966, 0.0 ], [ 119.227036054000109, -9.552399923999928, 0.0 ], [ 119.227139540000053, -9.552081547999933, 0.0 ], [ 119.22717873900001, -9.551343585999973, 0.0 ], [ 119.227190033000056, -9.551137578999942, 0.0 ], [ 119.227194074000067, -9.551063708999948, 0.0 ], [ 119.227230731000077, -9.550562680999974, 0.0 ], [ 119.22719436400007, -9.549388792999935, 0.0 ], [ 119.227181271000063, -9.549165437999932, 0.0 ], [ 119.227139619000013, -9.548937464999938, 0.0 ], [ 119.227298368000106, -9.54886311599995, 0.0 ], [ 119.227519980000011, -9.548746548999929, 0.0 ], [ 119.22769955800004, -9.548537471999964, 0.0 ], [ 119.227874391000114, -9.548245683999937, 0.0 ], [ 119.227927100000102, -9.548057614999948, 0.0 ], [ 119.227782846000082, -9.547395706999964, 0.0 ], [ 119.227597865, -9.546027547999927, 0.0 ], [ 119.227684203000081, -9.545511830999942, 0.0 ], [ 119.227722320000112, -9.545294941999941, 0.0 ], [ 119.226031556000066, -9.545432711999979, 0.0 ], [ 119.22557559400002, -9.54526453699998, 0.0 ], [ 119.223027587000047, -9.544324741999958, 0.0 ], [ 119.219461133000095, -9.542846140999927, 0.0 ], [ 119.219194942000058, -9.542735771999958, 0.0 ], [ 119.218846146000033, -9.542593333999946, 0.0 ], [ 119.216782256000101, -9.541750536999928, 0.0 ], [ 119.215677288000052, -9.541299317999972, 0.0 ], [ 119.214999429000045, -9.54102250699998, 0.0 ], [ 119.212830154000017, -9.540040631999943, 0.0 ], [ 119.212402989000111, -9.539852110999959, 0.0 ], [ 119.209695606000082, -9.538675871999942, 0.0 ], [ 119.209079455000051, -9.538385352999967, 0.0 ], [ 119.208453520000035, -9.538109111999972, 0.0 ], [ 119.208229362000111, -9.537972835999938, 0.0 ], [ 119.207938023000111, -9.537816989999953, 0.0 ], [ 119.207717782000032, -9.537470773999928, 0.0 ], [ 119.207612891000053, -9.537364837999974, 0.0 ], [ 119.207479695000075, -9.537324468999941, 0.0 ], [ 119.207341766000013, -9.537286937999966, 0.0 ], [ 119.207186159000116, -9.537215001999925, 0.0 ], [ 119.206741132000047, -9.537121041999967, 0.0 ], [ 119.206208511000114, -9.537008595999964, 0.0 ], [ 119.20597518000011, -9.536959334999949, 0.0 ], [ 119.204995268000062, -9.536752430999968, 0.0 ], [ 119.204120396, -9.536624224999969, 0.0 ], [ 119.203281770000103, -9.536384461999944, 0.0 ], [ 119.202333618000011, -9.536156644999949, 0.0 ], [ 119.201894079000112, -9.535945524999931, 0.0 ], [ 119.20112911700005, -9.535763833999965, 0.0 ], [ 119.200144350000073, -9.535685991999969, 0.0 ], [ 119.19883964600001, -9.535755864999942, 0.0 ], [ 119.197926395000081, -9.535775858999955, 0.0 ], [ 119.197560864000025, -9.535803615999953, 0.0 ], [ 119.196136643000045, -9.536332895999976, 0.0 ], [ 119.196067686000106, -9.536352179999938, 0.0 ], [ 119.195625586, -9.536487345999944, 0.0 ], [ 119.194968401000096, -9.536659553999925, 0.0 ], [ 119.194487023000079, -9.536786760999973, 0.0 ], [ 119.193322711000064, -9.537094410999941, 0.0 ], [ 119.191449336, -9.537409270999945, 0.0 ], [ 119.189822295000113, -9.537717155999928, 0.0 ], [ 119.189751136000041, -9.537733058999947, 0.0 ], [ 119.189346943000032, -9.537790448999942, 0.0 ], [ 119.188954551000052, -9.537852943999951, 0.0 ], [ 119.188259555000059, -9.537970553999969, 0.0 ], [ 119.187963673000013, -9.538074305999942, 0.0 ], [ 119.18706868400011, -9.538483914999972, 0.0 ], [ 119.186392647000048, -9.538793308999971, 0.0 ], [ 119.186098361000063, -9.538927991999969, 0.0 ], [ 119.185844830000065, -9.538996918999942, 0.0 ], [ 119.185247333, -9.539159334999965, 0.0 ], [ 119.184646224000062, -9.539322734999928, 0.0 ], [ 119.184011895000026, -9.53943133699994, 0.0 ], [ 119.183127430000013, -9.539582724999946, 0.0 ], [ 119.182104337000055, -9.539878524999949, 0.0 ], [ 119.180842415000029, -9.540233177999937, 0.0 ], [ 119.180801051000117, -9.540243769999961, 0.0 ], [ 119.179206486000112, -9.540652086999955, 0.0 ] ] ], [ [ [ 119.153614652000101, -9.405481728999973, 0.0 ], [ 119.153436192000072, -9.40568398299996, 0.0 ], [ 119.153222041000049, -9.405802955999945, 0.0 ], [ 119.153079273000117, -9.406005209999933, 0.0 ], [ 119.152710456000023, -9.406266950999964, 0.0 ], [ 119.152365435000092, -9.406623869999976, 0.0 ], [ 119.15197282400004, -9.407099761999973, 0.0 ], [ 119.151865748000091, -9.40715924899996, 0.0 ], [ 119.151675391000026, -9.407218734999958, 0.0 ], [ 119.151532623000094, -9.407278221999945, 0.0 ], [ 119.151437445000056, -9.40743288699997, 0.0 ], [ 119.151461239000014, -9.407635140999957, 0.0 ], [ 119.151544521, -9.40795636799993, 0.0 ], [ 119.151580212000113, -9.408325184999967, 0.0 ], [ 119.151485034000075, -9.408812973999943, 0.0 ], [ 119.151211396, -9.410121677999939, 0.0 ], [ 119.151187601000061, -9.410859310999967, 0.0 ], [ 119.151128115, -9.411121050999952, 0.0 ], [ 119.151080526000101, -9.411370894999948, 0.0 ], [ 119.151068628000075, -9.411787299999958, 0.0 ], [ 119.151009142000021, -9.412917543999981, 0.0 ], [ 119.150973450000038, -9.413512409999953, 0.0 ], [ 119.151021039000057, -9.413952609999967, 0.0 ], [ 119.151187601000061, -9.414630755999951, 0.0 ], [ 119.151258985000027, -9.414868701999978, 0.0 ], [ 119.151330369000107, -9.415261313999963, 0.0 ], [ 119.151485034000075, -9.415915664999943, 0.0 ], [ 119.151128115, -9.416462940999963, 0.0 ], [ 119.150735504000068, -9.416998319999948, 0.0 ], [ 119.150973450000038, -9.417224368999939, 0.0 ], [ 119.151140012000042, -9.417652671999974, 0.0 ], [ 119.151473137000039, -9.418366509999942, 0.0 ], [ 119.151806261000047, -9.419020861999968, 0.0 ], [ 119.151984721000076, -9.419246910999959, 0.0 ], [ 119.152341640000031, -9.419544342999927, 0.0 ], [ 119.153793111000027, -9.42081735499994, 0.0 ], [ 119.154923355000051, -9.421804830999974, 0.0 ], [ 119.155922729000054, -9.422578155999929, 0.0 ], [ 119.157029178000016, -9.423161123999932, 0.0 ], [ 119.157890940000016, -9.423640188999968, 0.0 ], [ 119.157933770000113, -9.423426036999956, 0.0 ], [ 119.158105091000039, -9.422983457999976, 0.0 ], [ 119.158476287000099, -9.422555154999941, 0.0 ], [ 119.158861760000036, -9.422341002999929, 0.0 ], [ 119.159190125, -9.42205546799994, 0.0 ], [ 119.159646982000027, -9.421669994999945, 0.0 ], [ 119.160061008000071, -9.421241691999967, 0.0 ], [ 119.160303713000076, -9.420884772999955, 0.0 ], [ 119.160403650000035, -9.420556406999935, 0.0 ], [ 119.160607689000017, -9.420236964999958, 0.0 ], [ 119.160928916000103, -9.419963326999948, 0.0 ], [ 119.161238246000039, -9.419725380999978, 0.0 ], [ 119.161607063000019, -9.419570715999953, 0.0 ], [ 119.161845009000103, -9.419475536999926, 0.0 ], [ 119.162142442000118, -9.419439844999943, 0.0 ], [ 119.162713512000096, -9.419225693999977, 0.0 ], [ 119.163772372000039, -9.418833082999981, 0.0 ], [ 119.164985897000065, -9.418404779999946, 0.0 ], [ 119.165818709000064, -9.418131141999936, 0.0 ], [ 119.166282704000082, -9.418000270999926, 0.0 ], [ 119.166889466000043, -9.417964579999932, 0.0 ], [ 119.167793661000019, -9.417905092999945, 0.0 ], [ 119.168543192000016, -9.417905092999945, 0.0 ], [ 119.168947700000103, -9.418000270999926, 0.0 ], [ 119.168876316000024, -9.418369087999963, 0.0 ], [ 119.168781138000099, -9.418904466999948, 0.0 ], [ 119.168674062000036, -9.419392255999981, 0.0 ], [ 119.168531294000104, -9.419915737999929, 0.0 ], [ 119.168400424000083, -9.420379731999958, 0.0 ], [ 119.168079197000111, -9.421581359999948, 0.0 ], [ 119.167841251000027, -9.422628322999969, 0.0 ], [ 119.170708501000036, -9.425091064999947, 0.0 ], [ 119.170827474000021, -9.425412292999965, 0.0 ], [ 119.170946447, -9.425614546999952, 0.0 ], [ 119.171053523000069, -9.425816800999939, 0.0 ], [ 119.170982139000103, -9.426387871999964, 0.0 ], [ 119.170934550000084, -9.426958941999942, 0.0 ], [ 119.170910755000023, -9.427684677999935, 0.0 ], [ 119.171517518000087, -9.428017801999943, 0.0 ], [ 119.17202910200001, -9.428303337999978, 0.0 ], [ 119.172243254000023, -9.428434207999942, 0.0 ], [ 119.172700110000051, -9.428782798999976, 0.0 ], [ 119.173060598, -9.429300331999968, 0.0 ], [ 119.173588839000104, -9.429964200999962, 0.0 ], [ 119.174092095000105, -9.430588809999961, 0.0 ], [ 119.174645319000092, -9.431309786999975, 0.0 ], [ 119.175455526000064, -9.43233414499997, 0.0 ], [ 119.175787461000027, -9.43281955499998, 0.0 ], [ 119.176037727000107, -9.433299098999953, 0.0 ], [ 119.173398459000055, -9.437646883999946, 0.0 ], [ 119.157941800000117, -9.437158402999955, 0.0 ], [ 119.157935451000071, -9.437089211999933, 0.0 ], [ 119.157833393000033, -9.43696977899998, 0.0 ], [ 119.157685739000044, -9.436896680999951, 0.0 ], [ 119.157533575000116, -9.436859282999933, 0.0 ], [ 119.1574234630001, -9.436776622999957, 0.0 ], [ 119.157266241000116, -9.436669399999971, 0.0 ], [ 119.15708964800001, -9.436612801999956, 0.0 ], [ 119.156981921000011, -9.43657858399996, 0.0 ], [ 119.156852639000022, -9.436268621999943, 0.0 ], [ 119.156642421000015, -9.435620405999941, 0.0 ], [ 119.156426990000114, -9.435186771999952, 0.0 ], [ 119.156335390000095, -9.434960807999971, 0.0 ], [ 119.156331990000012, -9.434873358999937, 0.0 ], [ 119.155578171000116, -9.434047127999975, 0.0 ], [ 119.155471095000053, -9.433737797999981, 0.0 ], [ 119.155346173000112, -9.433261905999927, 0.0 ], [ 119.155221252000047, -9.432714629999964, 0.0 ], [ 119.155054690000043, -9.432310121999933, 0.0 ], [ 119.154894076000119, -9.432101918999933, 0.0 ], [ 119.15470966800001, -9.431822331999967, 0.0 ], [ 119.154483619000075, -9.431691461999947, 0.0 ], [ 119.154227827000113, -9.431608180999945, 0.0 ], [ 119.154043419000118, -9.431536796999978, 0.0 ], [ 119.153686499000059, -9.431602231999932, 0.0 ], [ 119.153377170000113, -9.431655769999963, 0.0 ], [ 119.15309163400002, -9.431733101999953, 0.0 ], [ 119.152758510000012, -9.43176284599997, 0.0 ], [ 119.152235028000064, -9.431667666999942, 0.0 ], [ 119.15182457100002, -9.43158438599994, 0.0 ], [ 119.15160843700005, -9.431469378999964, 0.0 ], [ 119.151199170000041, -9.431003003999933, 0.0 ], [ 119.150961223000081, -9.430641325999943, 0.0 ], [ 119.150732795000067, -9.430232058999934, 0.0 ], [ 119.150475813000071, -9.429870380999944, 0.0 ], [ 119.150314010000102, -9.429746648999981, 0.0 ], [ 119.150076064000018, -9.429670505999979, 0.0 ], [ 119.149781011000073, -9.429470631999948, 0.0 ], [ 119.149200422000035, -9.428928113999973, 0.0 ], [ 119.149076690000015, -9.428871006999941, 0.0 ], [ 119.148943441000029, -9.428861489999974, 0.0 ], [ 119.148505620000037, -9.428366561999951, 0.0 ], [ 119.148134424000091, -9.427747901999965, 0.0 ], [ 119.147791781000024, -9.427195866999966, 0.0 ], [ 119.147610942000028, -9.426739009999949, 0.0 ], [ 119.147449139000059, -9.426405885999941, 0.0 ], [ 119.147296853000057, -9.426025171999981, 0.0 ], [ 119.146992282000042, -9.425720600999966, 0.0 ], [ 119.146583015000033, -9.425416029999951, 0.0 ], [ 119.146202301000017, -9.425225672999943, 0.0 ], [ 119.14595483700009, -9.424968690999947, 0.0 ], [ 119.145812070000034, -9.424825923999947, 0.0 ], [ 119.145716891, -9.424559423999938, 0.0 ], [ 119.145651218000012, -9.424194652999972, 0.0 ], [ 119.145608388000028, -9.42383059499997, 0.0 ], [ 119.145665495000117, -9.42350222999994, 0.0 ], [ 119.145529866000061, -9.422981127999947, 0.0 ], [ 119.145201500000098, -9.422495717999936, 0.0 ], [ 119.144965933000094, -9.422003168999936, 0.0 ], [ 119.144794612000055, -9.421739048999939, 0.0 ], [ 119.144573322000042, -9.421524896999927, 0.0 ], [ 119.144159296000112, -9.421296468999969, 0.0 ], [ 119.143802377000043, -9.421025210999971, 0.0 ], [ 119.143688163000093, -9.420818197999949, 0.0 ], [ 119.143602502000022, -9.420504108999978, 0.0 ], [ 119.14365960900011, -9.41989020799997, 0.0 ], [ 119.143681025000092, -9.419676055999957, 0.0 ], [ 119.143623917000014, -9.419483319999927, 0.0 ], [ 119.143502565000063, -9.419383382999968, 0.0 ], [ 119.143195615000081, -9.419140676999973, 0.0 ], [ 119.142717343000072, -9.418869418999975, 0.0 ], [ 119.14251033000005, -9.418669543999954, 0.0 ], [ 119.14232473200002, -9.418448253999941, 0.0 ], [ 119.14221051800007, -9.418176995999943, 0.0 ], [ 119.142174826000087, -9.417891459999964, 0.0 ], [ 119.142231933000062, -9.417641616999958, 0.0 ], [ 119.142260486000055, -9.417413188999944, 0.0 ], [ 119.142267625000045, -9.417270420999955, 0.0 ], [ 119.142124857000113, -9.417049130999942, 0.0 ], [ 119.14191070600009, -9.416763595999953, 0.0 ], [ 119.141810768000028, -9.416549443999941, 0.0 ], [ 119.141789353000036, -9.416299600999935, 0.0 ], [ 119.141875014000107, -9.415864159999956, 0.0 ], [ 119.142053473000033, -9.41513604499994, 0.0 ], [ 119.14220337900008, -9.414786263999929, 0.0 ], [ 119.142346147000012, -9.414536419999934, 0.0 ], [ 119.142488915000058, -9.414422205999927, 0.0 ], [ 119.142660236000097, -9.414365098999951, 0.0 ], [ 119.142631682000115, -9.41420805499996, 0.0 ], [ 119.142524606000052, -9.41405100999998, 0.0 ], [ 119.14238897700011, -9.413836858999957, 0.0 ], [ 119.142253348000054, -9.413537046999977, 0.0 ], [ 119.142181964000088, -9.413287202999982, 0.0 ], [ 119.142053473000033, -9.413180127999965, 0.0 ], [ 119.141760800000043, -9.412973114999943, 0.0 ], [ 119.141475264000064, -9.412758962999931, 0.0 ], [ 119.141225421000058, -9.412416320999967, 0.0 ], [ 119.141039823000028, -9.412180753999962, 0.0 ], [ 119.140711457000066, -9.411916633999965, 0.0 ], [ 119.140554413000018, -9.411688205999951, 0.0 ], [ 119.140375953000103, -9.411424084999965, 0.0 ], [ 119.140218909000055, -9.411209933999942, 0.0 ], [ 119.140168940000081, -9.410938674999954, 0.0 ], [ 119.140176078000081, -9.410624586999973, 0.0 ], [ 119.140190355000072, -9.410417572999961, 0.0 ], [ 119.14016180200008, -9.410253390999969, 0.0 ], [ 119.140076141, -9.410139176999962, 0.0 ], [ 119.139904820000083, -9.410046377999947, 0.0 ], [ 119.139854851000109, -9.409892901999967, 0.0 ], [ 119.139773950000063, -9.40963592099996, 0.0 ], [ 119.139773950000063, -9.409497911999949, 0.0 ], [ 119.139873887000022, -9.40941700999997, 0.0 ], [ 119.140002378000077, -9.409259965999979, 0.0 ], [ 119.140149904000054, -9.409136233999959, 0.0 ], [ 119.140283154000031, -9.409007742999961, 0.0 ], [ 119.14039260900006, -9.408879251999963, 0.0 ], [ 119.140559172000053, -9.408765037999956, 0.0 ], [ 119.140782841000032, -9.408636546999958, 0.0 ], [ 119.140963680000027, -9.408469984999954, 0.0 ], [ 119.141030305000072, -9.408379564999962, 0.0 ], [ 119.141073135000056, -9.408246314999928, 0.0 ], [ 119.141073135000056, -9.408113064999952, 0.0 ], [ 119.141092171000082, -9.407951261999926, 0.0 ], [ 119.141154037000092, -9.407832288999941, 0.0 ], [ 119.141358671000035, -9.40767524499995, 0.0 ], [ 119.141696554000077, -9.407465851999973, 0.0 ], [ 119.141917551, -9.407350889999975, 0.0 ], [ 119.141772255000092, -9.406650677999949, 0.0 ], [ 119.141602725000098, -9.406159376999938, 0.0 ], [ 119.141286169000068, -9.405241896999939, 0.0 ], [ 119.132828392000079, -9.397827031999952, 0.0 ], [ 119.132862906000014, -9.397826948999978, 0.0 ], [ 119.133038118000059, -9.397824192999963, 0.0 ], [ 119.133095548000028, -9.397717537999938, 0.0 ], [ 119.13323325500005, -9.397457672999963, 0.0 ], [ 119.133465210000054, -9.397100627999976, 0.0 ], [ 119.133635931000072, -9.397035161999952, 0.0 ], [ 119.134769206000101, -9.396761786999946, 0.0 ], [ 119.135127286000056, -9.396648522999953, 0.0 ], [ 119.13525711200009, -9.396690862999947, 0.0 ], [ 119.135420160000081, -9.396745179999925, 0.0 ], [ 119.135530373000051, -9.396700694999936, 0.0 ], [ 119.13568460700003, -9.396515434999969, 0.0 ], [ 119.13581704, -9.396385460999966, 0.0 ], [ 119.136090163000063, -9.396219582999947, 0.0 ], [ 119.136600363000071, -9.395990660999928, 0.0 ], [ 119.137078434000045, -9.395842349999953, 0.0 ], [ 119.137269552000021, -9.395669376999933, 0.0 ], [ 119.137517268000011, -9.395501768999964, 0.0 ], [ 119.137613090000059, -9.395439505999946, 0.0 ], [ 119.137772319000078, -9.395336006999969, 0.0 ], [ 119.137870721000013, -9.395204036999928, 0.0 ], [ 119.138387882000075, -9.394324466999933, 0.0 ], [ 119.138613209000027, -9.394201380999959, 0.0 ], [ 119.139264487000105, -9.393911178999929, 0.0 ], [ 119.139626269000019, -9.393734539999969, 0.0 ], [ 119.139777439000113, -9.393635081999946, 0.0 ], [ 119.140535318000047, -9.393216030999952, 0.0 ], [ 119.140698864000115, -9.393018945999927, 0.0 ], [ 119.140828317000114, -9.392753296999956, 0.0 ], [ 119.140987487000075, -9.392500480999956, 0.0 ], [ 119.141276173000051, -9.392306251999969, 0.0 ], [ 119.141454693000014, -9.392235533999951, 0.0 ], [ 119.142007933000059, -9.392117774999974, 0.0 ], [ 119.142162079000059, -9.392044895999959, 0.0 ], [ 119.14224480300004, -9.391923694999946, 0.0 ], [ 119.142279850000023, -9.391786039999943, 0.0 ], [ 119.142352639000023, -9.39145272899998, 0.0 ], [ 119.142466208000087, -9.39131903699996, 0.0 ], [ 119.142646662000061, -9.391224868999927, 0.0 ], [ 119.142832989000112, -9.391129766999939, 0.0 ], [ 119.143299231000015, -9.390887650999957, 0.0 ], [ 119.143546119, -9.390838652999946, 0.0 ], [ 119.143563641000014, -9.390835175999939, 0.0 ], [ 119.143731756000079, -9.390734554999938, 0.0 ], [ 119.143806617000109, -9.390586234999944, 0.0 ], [ 119.143807546000062, -9.390438913999958, 0.0 ], [ 119.143819632000032, -9.390210176999972, 0.0 ], [ 119.143955205000111, -9.390129865999938, 0.0 ], [ 119.1440820790001, -9.390135817999976, 0.0 ], [ 119.144394380000108, -9.39015898699995, 0.0 ], [ 119.144667565000077, -9.390091906999942, 0.0 ], [ 119.145302644000026, -9.389840452999977, 0.0 ], [ 119.145442194000111, -9.389671507999935, 0.0 ], [ 119.145500154000047, -9.389547534999963, 0.0 ], [ 119.145549783000092, -9.389441418999979, 0.0 ], [ 119.145637769000018, -9.389253250999957, 0.0 ], [ 119.146001521000017, -9.389000131999978, 0.0 ], [ 119.146203501000059, -9.388961657999971, 0.0 ], [ 119.146562642000049, -9.388975123999955, 0.0 ], [ 119.146701196000095, -9.38895286099995, 0.0 ], [ 119.146694863000107, -9.388907912999969, 0.0 ], [ 119.146653658000105, -9.388830550999955, 0.0 ], [ 119.146742977000031, -9.38869722499993, 0.0 ], [ 119.14689604900002, -9.388546239999926, 0.0 ], [ 119.14737987, -9.38830758499995, 0.0 ], [ 119.147563260000084, -9.38822289999996, 0.0 ], [ 119.147970051000016, -9.388057768999943, 0.0 ], [ 119.148210988000073, -9.387954469999954, 0.0 ], [ 119.148432404000118, -9.387844953999945, 0.0 ], [ 119.148579587000086, -9.387694180999972, 0.0 ], [ 119.148735241000054, -9.387376140999947, 0.0 ], [ 119.1489198270001, -9.386972303999926, 0.0 ], [ 119.149087613, -9.38690997499998, 0.0 ], [ 119.149296409000044, -9.386841158999971, 0.0 ], [ 119.149531532000083, -9.386763665999979, 0.0 ], [ 119.149776300000099, -9.386594468999931, 0.0 ], [ 119.149900236, -9.386651077999943, 0.0 ], [ 119.150043784000104, -9.386742775999949, 0.0 ], [ 119.150270240000054, -9.386791412999969, 0.0 ], [ 119.150377562000017, -9.386737536999931, 0.0 ], [ 119.150421241000117, -9.386694229999932, 0.0 ], [ 119.150658662000069, -9.386458832999949, 0.0 ], [ 119.150804949000076, -9.386351130999969, 0.0 ], [ 119.151193529000011, -9.38603866699998, 0.0 ], [ 119.151304517000085, -9.385822632999975, 0.0 ], [ 119.151394669000069, -9.385730287999934, 0.0 ], [ 119.151542941000116, -9.385674537999932, 0.0 ], [ 119.151756547000105, -9.385570830999939, 0.0 ], [ 119.151870982000105, -9.385455192999927, 0.0 ], [ 119.152004538000028, -9.385223451999934, 0.0 ], [ 119.151998752000054, -9.385089725999933, 0.0 ], [ 119.152035534000106, -9.38492978599993, 0.0 ], [ 119.152137828000036, -9.384791283999959, 0.0 ], [ 119.152409001000024, -9.384646539999949, 0.0 ], [ 119.152592802000072, -9.384536932999936, 0.0 ], [ 119.15296980200003, -9.384312113999954, 0.0 ], [ 119.153173393000088, -9.384163918999946, 0.0 ], [ 119.153373041, -9.38401859499993, 0.0 ], [ 119.153611491000106, -9.383856990999959, 0.0 ], [ 119.153810492000048, -9.383780058999946, 0.0 ], [ 119.153988771000058, -9.383714629999929, 0.0 ], [ 119.154034032000027, -9.400209239999981, 0.0 ], [ 119.153819880000015, -9.400637542999959, 0.0 ], [ 119.153320193000013, -9.401244304999977, 0.0 ], [ 119.153427269000076, -9.401993835999974, 0.0 ], [ 119.153677112000082, -9.402814749999948, 0.0 ], [ 119.153725913000017, -9.403439433999949, 0.0 ], [ 119.153769317000069, -9.403613851999978, 0.0 ], [ 119.153923982000038, -9.404173024999977, 0.0 ], [ 119.153947776000109, -9.404755992999981, 0.0 ], [ 119.153781214000105, -9.405255679999925, 0.0 ], [ 119.153614652000101, -9.405481728999973, 0.0 ] ] ] ] } },
{ "type": "Feature", "properties": { "nm_kecamatan": "Wewewa Selatan" }, "geometry": { "type": "MultiPolygon", "coordinates": [ [ [ [ 119.180947511000113, -9.652603438999961, 0.0 ], [ 119.180411892000052, -9.652214008999977, 0.0 ], [ 119.180030386000112, -9.651948632999961, 0.0 ], [ 119.179732699000056, -9.651814266999963, 0.0 ], [ 119.17935422000005, -9.651741691999973, 0.0 ], [ 119.17896973400002, -9.651719096999955, 0.0 ], [ 119.178586310000014, -9.651858987999958, 0.0 ], [ 119.178390482000054, -9.651993306999941, 0.0 ], [ 119.178204589000075, -9.652120802999946, 0.0 ], [ 119.177980628000114, -9.652274415999955, 0.0 ], [ 119.17791507600009, -9.65231937599998, 0.0 ], [ 119.177513938000061, -9.652646833999938, 0.0 ], [ 119.177466433000063, -9.652727732999949, 0.0 ], [ 119.177396589000068, -9.652846673999932, 0.0 ], [ 119.177357406000056, -9.652924967999979, 0.0 ], [ 119.177333099000066, -9.653001865999954, 0.0 ], [ 119.177253717000099, -9.653335802999948, 0.0 ], [ 119.177216589000068, -9.65438061499998, 0.0 ], [ 119.177096967000011, -9.654936629999952, 0.0 ], [ 119.17698129900009, -9.655157401999929, 0.0 ], [ 119.176886796000076, -9.655337766999935, 0.0 ], [ 119.176552517000118, -9.655595281999979, 0.0 ], [ 119.176236721, -9.655724583999927, 0.0 ], [ 119.17613923600004, -9.655764502999943, 0.0 ], [ 119.176015070000062, -9.655800030999956, 0.0 ], [ 119.175620667000089, -9.655912894999972, 0.0 ], [ 119.175345097000104, -9.655989907999981, 0.0 ], [ 119.175299796000104, -9.656000438999968, 0.0 ], [ 119.175079827000104, -9.656042829999933, 0.0 ], [ 119.174865815000089, -9.656236295999975, 0.0 ], [ 119.174620907000076, -9.656644150999966, 0.0 ], [ 119.174556969000037, -9.656750626999951, 0.0 ], [ 119.174489298000026, -9.656843690999949, 0.0 ], [ 119.174304696000036, -9.657097590999967, 0.0 ], [ 119.174151529000028, -9.65730825299994, 0.0 ], [ 119.1739813800001, -9.65762953199993, 0.0 ], [ 119.173844250000116, -9.658068036999964, 0.0 ], [ 119.173759657, -9.658303408999927, 0.0 ], [ 119.173631388000103, -9.658443002999945, 0.0 ], [ 119.173389498, -9.658607505999953, 0.0 ], [ 119.173267017000057, -9.658690795999973, 0.0 ], [ 119.173180141000103, -9.658740923999972, 0.0 ], [ 119.172462715000052, -9.659154863999959, 0.0 ], [ 119.172130454000012, -9.659370428999978, 0.0 ], [ 119.171948420000035, -9.659438705999946, 0.0 ], [ 119.171464655000023, -9.659620160999964, 0.0 ], [ 119.171434030000114, -9.659638701999938, 0.0 ], [ 119.171141865000095, -9.659815603999959, 0.0 ], [ 119.170885746000067, -9.659970675999944, 0.0 ], [ 119.170569221000051, -9.660134768999967, 0.0 ], [ 119.170421165000107, -9.660161787999925, 0.0 ], [ 119.170279965000077, -9.660187552999957, 0.0 ], [ 119.170068055000115, -9.660192084999949, 0.0 ], [ 119.169971765000014, -9.66019413999993, 0.0 ], [ 119.169848561000094, -9.66019223099994, 0.0 ], [ 119.169771375000096, -9.660191032999933, 0.0 ], [ 119.169586983000045, -9.66018816899998, 0.0 ], [ 119.169547734000048, -9.660183225999958, 0.0 ], [ 119.169377888000099, -9.660137468999949, 0.0 ], [ 119.16920049600003, -9.660084838999978, 0.0 ], [ 119.16908808900007, -9.660051487999965, 0.0 ], [ 119.169040506000101, -9.660030660999951, 0.0 ], [ 119.168859760000032, -9.659948594999946, 0.0 ], [ 119.168828141000063, -9.659930709999969, 0.0 ], [ 119.168732122000051, -9.659866570999952, 0.0 ], [ 119.168668675000049, -9.659819633999973, 0.0 ], [ 119.16864608700007, -9.659796262999976, 0.0 ], [ 119.168468434000033, -9.659564428999943, 0.0 ], [ 119.168354496, -9.659412224999926, 0.0 ], [ 119.168198833000019, -9.65920429199997, 0.0 ], [ 119.168171642000061, -9.659167971999977, 0.0 ], [ 119.168039375000035, -9.659020558999941, 0.0 ], [ 119.167887154000027, -9.658850907999977, 0.0 ], [ 119.167809638000108, -9.658764520999966, 0.0 ], [ 119.167722566000066, -9.658682250999959, 0.0 ], [ 119.16738529600002, -9.65836358699994, 0.0 ], [ 119.167095497000105, -9.658174646999953, 0.0 ], [ 119.166954499000099, -9.658109502999935, 0.0 ], [ 119.166754282000056, -9.658037361999959, 0.0 ], [ 119.166532045000054, -9.658002067999973, 0.0 ], [ 119.166318005000107, -9.658084144999975, 0.0 ], [ 119.166270273, -9.658146490999968, 0.0 ], [ 119.166171233000114, -9.658275861999925, 0.0 ], [ 119.166061889000048, -9.658533361999957, 0.0 ], [ 119.166068366000104, -9.658742213999972, 0.0 ], [ 119.166071213, -9.658834140999943, 0.0 ], [ 119.166104508000103, -9.658877871999948, 0.0 ], [ 119.166160155000057, -9.658999120999965, 0.0 ], [ 119.166250566000031, -9.659123668999939, 0.0 ], [ 119.166266025000027, -9.659177601999943, 0.0 ], [ 119.166334327000072, -9.659229335999953, 0.0 ], [ 119.166385561000084, -9.659292064999931, 0.0 ], [ 119.166398716000117, -9.659308172999943, 0.0 ], [ 119.16641208100009, -9.659334486999967, 0.0 ], [ 119.166478881000103, -9.659466040999973, 0.0 ], [ 119.16648844000008, -9.659529132999978, 0.0 ], [ 119.166506028000072, -9.65964517499998, 0.0 ], [ 119.166509031000032, -9.659664962999955, 0.0 ], [ 119.166505920000077, -9.659797270999945, 0.0 ], [ 119.166395189000013, -9.659964251999952, 0.0 ], [ 119.166344250000066, -9.660041063999927, 0.0 ], [ 119.166132937000043, -9.660367406999967, 0.0 ], [ 119.166092841000022, -9.660429329999943, 0.0 ], [ 119.165984469000023, -9.660604192999926, 0.0 ], [ 119.16587745400011, -9.660776875999943, 0.0 ], [ 119.165722511000013, -9.661003140999981, 0.0 ], [ 119.165688827000054, -9.661052334999965, 0.0 ], [ 119.16562030800003, -9.661062221999941, 0.0 ], [ 119.165525718000026, -9.66107586499993, 0.0 ], [ 119.165234266000084, -9.661105421999935, 0.0 ], [ 119.165194953000082, -9.661109409999938, 0.0 ], [ 119.165047672000014, -9.661121892999972, 0.0 ], [ 119.164827191000086, -9.661140572999955, 0.0 ], [ 119.164798841000106, -9.661147838999966, 0.0 ], [ 119.164734321000083, -9.661175487999969, 0.0 ], [ 119.164378420000048, -9.661359096999945, 0.0 ], [ 119.163868626000067, -9.661728005999976, 0.0 ], [ 119.163849792000065, -9.661746912999945, 0.0 ], [ 119.163471641000115, -9.662126643999954, 0.0 ], [ 119.162918660000059, -9.662626934999935, 0.0 ], [ 119.162800936000053, -9.662733442999979, 0.0 ], [ 119.162567965000108, -9.663002927999969, 0.0 ], [ 119.162487657000042, -9.663188134999928, 0.0 ], [ 119.162469843000054, -9.66322921099993, 0.0 ], [ 119.162425575000043, -9.663412083999958, 0.0 ], [ 119.162370591000013, -9.663639236999927, 0.0 ], [ 119.162338182000099, -9.663773110999955, 0.0 ], [ 119.162164845, -9.664472427999954, 0.0 ], [ 119.162155441000095, -9.664542252999979, 0.0 ], [ 119.162124372000108, -9.664773041999979, 0.0 ], [ 119.162117323000075, -9.664825360999941, 0.0 ], [ 119.162117953, -9.664924521999978, 0.0 ], [ 119.162118620000115, -9.665029865999941, 0.0 ], [ 119.162226063000048, -9.665147678999972, 0.0 ], [ 119.162300180000102, -9.665223663999939, 0.0 ], [ 119.162359956000046, -9.665276013999971, 0.0 ], [ 119.162805235000064, -9.665632082999934, 0.0 ], [ 119.162942784000052, -9.665772648999962, 0.0 ], [ 119.163241823000021, -9.666078239999933, 0.0 ], [ 119.163505455000063, -9.666413688999967, 0.0 ], [ 119.163531348000106, -9.666510955999968, 0.0 ], [ 119.163585842000089, -9.666715653999972, 0.0 ], [ 119.163626980000117, -9.66701790999997, 0.0 ], [ 119.163618196000016, -9.667049978999955, 0.0 ], [ 119.163568461000068, -9.667231529999981, 0.0 ], [ 119.163533291000022, -9.667359892999968, 0.0 ], [ 119.163310700000011, -9.66790789099997, 0.0 ], [ 119.163134824000053, -9.668065232999936, 0.0 ], [ 119.162798587000111, -9.668366037999931, 0.0 ], [ 119.162358880000056, -9.668612056999962, 0.0 ], [ 119.161657724000065, -9.668986941999947, 0.0 ], [ 119.16122990100007, -9.669174384999963, 0.0 ], [ 119.160901333000083, -9.669486416999973, 0.0 ], [ 119.16062979600008, -9.669744286999958, 0.0 ], [ 119.160565183000017, -9.669834819999949, 0.0 ], [ 119.160103713000012, -9.670481459999962, 0.0 ], [ 119.159893534000048, -9.670718158999932, 0.0 ], [ 119.159601169000098, -9.671047408999925, 0.0 ], [ 119.159189154000046, -9.671377032999942, 0.0 ], [ 119.158807001000014, -9.671584767999946, 0.0 ], [ 119.15845454600003, -9.671640221999951, 0.0 ], [ 119.158236333000104, -9.671641595999972, 0.0 ], [ 119.158201481000106, -9.671641815999976, 0.0 ], [ 119.158025868000095, -9.671679622999932, 0.0 ], [ 119.157910451000021, -9.671704467999973, 0.0 ], [ 119.157878261000064, -9.671733565999943, 0.0 ], [ 119.157681683000078, -9.671911252999962, 0.0 ], [ 119.157648772000016, -9.671955338999965, 0.0 ], [ 119.157508684000049, -9.672143037999945, 0.0 ], [ 119.157385109000074, -9.672308592999968, 0.0 ], [ 119.157290209000053, -9.672590858999968, 0.0 ], [ 119.157250991000069, -9.672707516999935, 0.0 ], [ 119.157238894000102, -9.672785952999959, 0.0 ], [ 119.157215849000067, -9.672935456999937, 0.0 ], [ 119.157253748000016, -9.673143124999967, 0.0 ], [ 119.157280637000099, -9.673248608999927, 0.0 ], [ 119.157366417000048, -9.673585113999934, 0.0 ], [ 119.157413953000059, -9.67403496999998, 0.0 ], [ 119.157451982000111, -9.674419221999926, 0.0 ], [ 119.15746148900007, -9.67477535699993, 0.0 ], [ 119.157347403000017, -9.675037771999939, 0.0 ], [ 119.156983596000032, -9.675412939999944, 0.0 ], [ 119.156874532000074, -9.675462539999955, 0.0 ], [ 119.156715486000053, -9.67553487899994, 0.0 ], [ 119.156684023000025, -9.675560556999926, 0.0 ], [ 119.156165142000077, -9.67598400299994, 0.0 ], [ 119.155625268000108, -9.676467771999967, 0.0 ], [ 119.155395340000041, -9.676667511999938, 0.0 ], [ 119.15531795000004, -9.676734739999972, 0.0 ], [ 119.155266021000102, -9.676778199999944, 0.0 ], [ 119.154919171000074, -9.677068550999934, 0.0 ], [ 119.154637451000099, -9.677426486999934, 0.0 ], [ 119.154356423000081, -9.677892049999969, 0.0 ], [ 119.154174194, -9.678197565999938, 0.0 ], [ 119.154099733000066, -9.678322408999975, 0.0 ], [ 119.154010242000027, -9.67874982799998, 0.0 ], [ 119.153964704000032, -9.678967317999934, 0.0 ], [ 119.153771428000027, -9.679413021999949, 0.0 ], [ 119.153644652000025, -9.67970536699994, 0.0 ], [ 119.153404765000118, -9.680281890999936, 0.0 ], [ 119.152964516000111, -9.681192629999941, 0.0 ], [ 119.152926599000011, -9.681272110999942, 0.0 ], [ 119.1526466360001, -9.681858959999943, 0.0 ], [ 119.152385564000042, -9.682333272999927, 0.0 ], [ 119.152318615000013, -9.682495489999951, 0.0 ], [ 119.152195250000091, -9.682794395999963, 0.0 ], [ 119.152127465000035, -9.682950683999934, 0.0 ], [ 119.15206640800011, -9.683103461999963, 0.0 ], [ 119.152058158000045, -9.683139935999975, 0.0 ], [ 119.152013595000085, -9.683593521999967, 0.0 ], [ 119.152015998000024, -9.68364053099998, 0.0 ], [ 119.152016683000056, -9.683666623999954, 0.0 ], [ 119.152025491000018, -9.683777145999954, 0.0 ], [ 119.152040141000043, -9.683975458999953, 0.0 ], [ 119.152101839000011, -9.684298603999935, 0.0 ], [ 119.152181324000026, -9.684714923999934, 0.0 ], [ 119.152209156000026, -9.685303830999942, 0.0 ], [ 119.15217803400003, -9.685474359999944, 0.0 ], [ 119.15202732900002, -9.68532145599994, 0.0 ], [ 119.151976510000054, -9.685269864999952, 0.0 ], [ 119.151845150000099, -9.685141303999956, 0.0 ], [ 119.15162642700011, -9.684948735999967, 0.0 ], [ 119.151342379000084, -9.68474574399994, 0.0 ], [ 119.151036988000101, -9.684607552999978, 0.0 ], [ 119.150666367000099, -9.684469787999944, 0.0 ], [ 119.150230363000105, -9.684310817999972, 0.0 ], [ 119.150162900000055, -9.684295873999929, 0.0 ], [ 119.149664070000085, -9.684185055999933, 0.0 ], [ 119.148939270000028, -9.683950114999959, 0.0 ], [ 119.14818126800003, -9.683623489999945, 0.0 ], [ 119.147235818000013, -9.683242304999965, 0.0 ], [ 119.146262973000034, -9.682756176999931, 0.0 ], [ 119.145337774000041, -9.682231040999966, 0.0 ], [ 119.144339433000027, -9.681556993999948, 0.0 ], [ 119.143636083000047, -9.681022007999957, 0.0 ], [ 119.143023244, -9.680514337999966, 0.0 ], [ 119.142211994000036, -9.679665007999972, 0.0 ], [ 119.141816923000079, -9.679297615999928, 0.0 ], [ 119.141175808000071, -9.678627648999964, 0.0 ], [ 119.140943359000062, -9.678362265999965, 0.0 ], [ 119.140651612000056, -9.678029179999953, 0.0 ], [ 119.140008799000043, -9.677250665999964, 0.0 ], [ 119.13959947100011, -9.676666911999973, 0.0 ], [ 119.139291330000106, -9.676227460999939, 0.0 ], [ 119.139128700000015, -9.675994794999951, 0.0 ], [ 119.138567270000067, -9.675191579999932, 0.0 ], [ 119.138093775000016, -9.674487717999966, 0.0 ], [ 119.137974305000057, -9.674310117999937, 0.0 ], [ 119.137746652000033, -9.673966470999972, 0.0 ], [ 119.137348972000041, -9.673413181999933, 0.0 ], [ 119.136993756000038, -9.672866885999952, 0.0 ], [ 119.13689067700011, -9.672708396999951, 0.0 ], [ 119.136698934000037, -9.672342257999958, 0.0 ], [ 119.136316893000071, -9.671612740999933, 0.0 ], [ 119.136233480000101, -9.671418563999964, 0.0 ], [ 119.135976267000046, -9.670819962999929, 0.0 ], [ 119.135887092000075, -9.67062038399996, 0.0 ], [ 119.135728786000072, -9.670266080999966, 0.0 ], [ 119.135542806000103, -9.66984983499998, 0.0 ], [ 119.135224051000023, -9.669015179999974, 0.0 ], [ 119.134959302000084, -9.668135020999955, 0.0 ], [ 119.134874030000105, -9.667888741999946, 0.0 ], [ 119.134753706000083, -9.667541239999935, 0.0 ], [ 119.134579927000118, -9.666848129999948, 0.0 ], [ 119.134561558000087, -9.666774865999969, 0.0 ], [ 119.134493884000108, -9.666463648999979, 0.0 ], [ 119.134332591000089, -9.665721563999966, 0.0 ], [ 119.134318800000074, -9.665658115999975, 0.0 ], [ 119.134225676000028, -9.665129220999972, 0.0 ], [ 119.134177549000015, -9.664855866999972, 0.0 ], [ 119.133867815000031, -9.663570956999934, 0.0 ], [ 119.133665526000073, -9.662776019999967, 0.0 ], [ 119.133410618000084, -9.66170096299993, 0.0 ], [ 119.133171488000016, -9.660814024999979, 0.0 ], [ 119.133100520000085, -9.659981939999966, 0.0 ], [ 119.132944042000076, -9.659291207999956, 0.0 ], [ 119.132913879000057, -9.659158021999929, 0.0 ], [ 119.132882820000077, -9.659036844999946, 0.0 ], [ 119.132697994000068, -9.658315392999953, 0.0 ], [ 119.132436683000037, -9.65724363399994, 0.0 ], [ 119.132243193000022, -9.656594137999946, 0.0 ], [ 119.13222273800011, -9.656525476999946, 0.0 ], [ 119.132048297000097, -9.655808471999933, 0.0 ], [ 119.132037049000019, -9.655762177999975, 0.0 ], [ 119.131851048000044, -9.65497977299998, 0.0 ], [ 119.131754455000078, -9.654546566999954, 0.0 ], [ 119.131709177000062, -9.654343492999942, 0.0 ], [ 119.131681210000011, -9.654243532999942, 0.0 ], [ 119.131525149000026, -9.653685522999979, 0.0 ], [ 119.131332523000083, -9.652890428999967, 0.0 ], [ 119.131320855000013, -9.652831172999981, 0.0 ], [ 119.131173299000011, -9.652082249999978, 0.0 ], [ 119.131143784000074, -9.651932459999955, 0.0 ], [ 119.130933771000059, -9.651057834999961, 0.0 ], [ 119.1307462420001, -9.65017327399994, 0.0 ], [ 119.130619205000016, -9.649456974999964, 0.0 ], [ 119.130501275000029, -9.648501115999977, 0.0 ], [ 119.130396307000069, -9.647755736999954, 0.0 ], [ 119.130272010000112, -9.646803151999961, 0.0 ], [ 119.130025895000017, -9.64567371399994, 0.0 ], [ 119.129775705000043, -9.644490023999936, 0.0 ], [ 119.129601864000051, -9.643659520999961, 0.0 ], [ 119.129347164000023, -9.642185427999948, 0.0 ], [ 119.12925172700011, -9.641528539999968, 0.0 ], [ 119.129137993000086, -9.640745717999948, 0.0 ], [ 119.129126861000032, -9.640241523999975, 0.0 ], [ 119.129088908000085, -9.639459977999934, 0.0 ], [ 119.129018865000035, -9.638685368999973, 0.0 ], [ 119.128908208000098, -9.637164334999966, 0.0 ], [ 119.128905517000021, -9.636583362999943, 0.0 ], [ 119.12891680000007, -9.635864961999971, 0.0 ], [ 119.128936563000025, -9.635580153999967, 0.0 ], [ 119.128923534000023, -9.635060393999936, 0.0 ], [ 119.128929705000019, -9.634428210999943, 0.0 ], [ 119.128938549000054, -9.633556553999938, 0.0 ], [ 119.129023083000106, -9.632996620999961, 0.0 ], [ 119.129079520000118, -9.632491364999964, 0.0 ], [ 119.129081014, -9.632462020999981, 0.0 ], [ 119.129118929000015, -9.631721428999981, 0.0 ], [ 119.12914502700005, -9.631127239999955, 0.0 ], [ 119.129220494000037, -9.630401430999939, 0.0 ], [ 119.129247652000117, -9.62925817799993, 0.0 ], [ 119.129369243000042, -9.628394398999944, 0.0 ], [ 119.129435901000079, -9.627515459999927, 0.0 ], [ 119.12942626600011, -9.626490892999925, 0.0 ], [ 119.129455714000073, -9.625114365999934, 0.0 ], [ 119.129451930000073, -9.625000242999931, 0.0 ], [ 119.129414992000079, -9.624766583999929, 0.0 ], [ 119.129350052000063, -9.624424024999939, 0.0 ], [ 119.129215418000058, -9.623933928999975, 0.0 ], [ 119.1290550330001, -9.62344997699995, 0.0 ], [ 119.128780925000115, -9.623080208999966, 0.0 ], [ 119.12852345500005, -9.622646679999946, 0.0 ], [ 119.128345521000028, -9.622335208999971, 0.0 ], [ 119.128075120000062, -9.621907929999963, 0.0 ], [ 119.127555018000066, -9.621286931999975, 0.0 ], [ 119.127234558000055, -9.620673899999929, 0.0 ], [ 119.127086148000103, -9.620483805999982, 0.0 ], [ 119.12683276700011, -9.620159271999967, 0.0 ], [ 119.126626020000117, -9.619828429999927, 0.0 ], [ 119.126341989000025, -9.619251711999937, 0.0 ], [ 119.126195811000116, -9.618865715999959, 0.0 ], [ 119.126141436000012, -9.618588342999942, 0.0 ], [ 119.125944606000076, -9.618456484999967, 0.0 ], [ 119.125807969000107, -9.618290225999942, 0.0 ], [ 119.125356209000074, -9.617826142999945, 0.0 ], [ 119.125078025000107, -9.617629441999952, 0.0 ], [ 119.124999615000092, -9.617590997999969, 0.0 ], [ 119.12341123200008, -9.615614092999976, 0.0 ], [ 119.122714464000069, -9.614746865999962, 0.0 ], [ 119.116974712000115, -9.607602726999971, 0.0 ], [ 119.116718862000084, -9.607284275999973, 0.0 ], [ 119.114315716000078, -9.604301754999938, 0.0 ], [ 119.111996836000117, -9.601423815999965, 0.0 ], [ 119.111432565000086, -9.600723524999978, 0.0 ], [ 119.11136246600006, -9.60057840199994, 0.0 ], [ 119.109915867000041, -9.597709958999928, 0.0 ], [ 119.109843414000011, -9.597183782999934, 0.0 ], [ 119.109829578000017, -9.597083305999945, 0.0 ], [ 119.109904067000116, -9.596361461999948, 0.0 ], [ 119.109978435000016, -9.596072394999965, 0.0 ], [ 119.110152398000082, -9.595396020999942, 0.0 ], [ 119.11047683400011, -9.594429843999933, 0.0 ], [ 119.110951902000011, -9.593015087999959, 0.0 ], [ 119.111885863000111, -9.590974789999962, 0.0 ], [ 119.112592322000069, -9.588750903999937, 0.0 ], [ 119.112543111000036, -9.588414016999934, 0.0 ], [ 119.112606445000097, -9.588197494999974, 0.0 ], [ 119.112650640000084, -9.588073178999934, 0.0 ], [ 119.112754550000091, -9.587796603999948, 0.0 ], [ 119.112767565000013, -9.587702905999947, 0.0 ], [ 119.11280870500002, -9.587437717999933, 0.0 ], [ 119.112770612000077, -9.587154778999945, 0.0 ], [ 119.112672971000052, -9.586804552999979, 0.0 ], [ 119.11264446000007, -9.586655386999951, 0.0 ], [ 119.112552067000024, -9.586347961999934, 0.0 ], [ 119.112500985000111, -9.586200497999926, 0.0 ], [ 119.112494665000099, -9.586071607999941, 0.0 ], [ 119.112580798000067, -9.585832990999961, 0.0 ], [ 119.112791013000106, -9.585327114999927, 0.0 ], [ 119.112968256000045, -9.58444659099996, 0.0 ], [ 119.113162988000113, -9.583796448999976, 0.0 ], [ 119.113309400000048, -9.583464798999955, 0.0 ], [ 119.113464033000014, -9.583319125999935, 0.0 ], [ 119.113665333000085, -9.583213554999929, 0.0 ], [ 119.11378017100003, -9.583182867999938, 0.0 ], [ 119.113846977000094, -9.583164810999961, 0.0 ], [ 119.113887003000059, -9.583223089999933, 0.0 ], [ 119.113770745000011, -9.58282315699995, 0.0 ], [ 119.113711314000057, -9.582677377999971, 0.0 ], [ 119.113554325000109, -9.582213561999936, 0.0 ], [ 119.113478757000053, -9.582071908999978, 0.0 ], [ 119.113386741000113, -9.582002552999938, 0.0 ], [ 119.113521868000021, -9.581936341999949, 0.0 ], [ 119.113691768000081, -9.581815741999947, 0.0 ], [ 119.113798439000107, -9.581688711999959, 0.0 ], [ 119.113810905000037, -9.581664781999962, 0.0 ], [ 119.113829031000023, -9.58144439299997, 0.0 ], [ 119.113849942000115, -9.581182174999981, 0.0 ], [ 119.113864482000054, -9.581012582999961, 0.0 ], [ 119.113886484000091, -9.580478853999978, 0.0 ], [ 119.113876143000084, -9.579784141999937, 0.0 ], [ 119.113941325000042, -9.579581575999953, 0.0 ], [ 119.114215990000048, -9.57894136699997, 0.0 ], [ 119.114257329000111, -9.578507062999961, 0.0 ], [ 119.114220175000014, -9.57829830299994, 0.0 ], [ 119.114103366000109, -9.577693989999943, 0.0 ], [ 119.109764879000068, -9.575269315999947, 0.0 ], [ 119.106852418000017, -9.573308639999937, 0.0 ], [ 119.100646784000105, -9.567788290999943, 0.0 ], [ 119.096839647000024, -9.563752724999972, 0.0 ], [ 119.093812972000023, -9.560649907999959, 0.0 ], [ 119.095202577, -9.55903187399997, 0.0 ], [ 119.097068075000038, -9.558651159999954, 0.0 ], [ 119.098267323000073, -9.558403695999971, 0.0 ], [ 119.099238143000093, -9.558327553999959, 0.0 ], [ 119.100589677000016, -9.558042017999981, 0.0 ], [ 119.109797001000061, -9.546501334999959, 0.0 ], [ 119.110606018000112, -9.544692944999952, 0.0 ], [ 119.124998837000021, -9.54582721099996, 0.0 ], [ 119.125168076000023, -9.545300474999976, 0.0 ], [ 119.125215256000047, -9.544226309999942, 0.0 ], [ 119.125223242000061, -9.544044622999934, 0.0 ], [ 119.125254897000104, -9.543798220999975, 0.0 ], [ 119.12534388600011, -9.543105036999975, 0.0 ], [ 119.125370848000102, -9.542895022999971, 0.0 ], [ 119.125484997000058, -9.542246964999947, 0.0 ], [ 119.12549905000003, -9.542167240999959, 0.0 ], [ 119.125546247000102, -9.540769193999949, 0.0 ], [ 119.125543635000099, -9.540354149999928, 0.0 ], [ 119.125540407000017, -9.539842374999978, 0.0 ], [ 119.125533211000061, -9.53870233799995, 0.0 ], [ 119.12554641600002, -9.537204548999966, 0.0 ], [ 119.125546926000084, -9.53714748699997, 0.0 ], [ 119.125320816000112, -9.535995736999951, 0.0 ], [ 119.125577926, -9.535855062999929, 0.0 ], [ 119.125823056000058, -9.535618079999949, 0.0 ], [ 119.125911614000074, -9.535494177999965, 0.0 ], [ 119.126028223000048, -9.535296579999965, 0.0 ], [ 119.126105333000055, -9.535095311999953, 0.0 ], [ 119.126107614000034, -9.534798283999976, 0.0 ], [ 119.126143382, -9.534630827999933, 0.0 ], [ 119.126191414000118, -9.534558292999975, 0.0 ], [ 119.126644394000095, -9.534286545999976, 0.0 ], [ 119.127051427000083, -9.534194250999974, 0.0 ], [ 119.127451485000051, -9.534003105999943, 0.0 ], [ 119.127711033000082, -9.533796321999944, 0.0 ], [ 119.127749773000119, -9.533748057999958, 0.0 ], [ 119.127899307, -9.533549156999982, 0.0 ], [ 119.127968600000031, -9.533396874999937, 0.0 ], [ 119.128013193000015, -9.533247861999939, 0.0 ], [ 119.128076177000025, -9.533091595999963, 0.0 ], [ 119.12818947400001, -9.532843655999955, 0.0 ], [ 119.128250732000083, -9.532721948999949, 0.0 ], [ 119.128405195000028, -9.532546428999979, 0.0 ], [ 119.128803879000088, -9.53232795699995, 0.0 ], [ 119.128816913000037, -9.53228962299994, 0.0 ], [ 119.128921540000078, -9.532152792999966, 0.0 ], [ 119.129000287000054, -9.531987690999927, 0.0 ], [ 119.129400439000051, -9.531292574999952, 0.0 ], [ 119.129387741000073, -9.531203046999963, 0.0 ], [ 119.129367796000111, -9.531079483999974, 0.0 ], [ 119.129220147000069, -9.53074666699996, 0.0 ], [ 119.129281492000018, -9.530529593999972, 0.0 ], [ 119.129449118000025, -9.53038221199995, 0.0 ], [ 119.129616270000042, -9.530267245999937, 0.0 ], [ 119.129706182000064, -9.530164551999974, 0.0 ], [ 119.130094020000115, -9.530129711999962, 0.0 ], [ 119.130245712000033, -9.530086177999976, 0.0 ], [ 119.13048414900004, -9.530068865999965, 0.0 ], [ 119.130546874000061, -9.530074861999935, 0.0 ], [ 119.130812363000018, -9.530100212999969, 0.0 ], [ 119.131106336000016, -9.530138051999927, 0.0 ], [ 119.131288457000096, -9.530161490999944, 0.0 ], [ 119.13186733100008, -9.530258711999977, 0.0 ], [ 119.132706994000046, -9.530364429999963, 0.0 ], [ 119.133612865000032, -9.530342635999943, 0.0 ], [ 119.13380849300006, -9.530337928999927, 0.0 ], [ 119.134490147000065, -9.530471165999927, 0.0 ], [ 119.135575746000086, -9.530425333999972, 0.0 ], [ 119.137299590000111, -9.529889054999956, 0.0 ], [ 119.138735049000047, -9.529583866999928, 0.0 ], [ 119.139910773000111, -9.529538742999932, 0.0 ], [ 119.140577551000092, -9.529515239999967, 0.0 ], [ 119.141263682000044, -9.529488614999934, 0.0 ], [ 119.142401143000029, -9.529398446999949, 0.0 ], [ 119.142784543000062, -9.52939145299996, 0.0 ], [ 119.143257837000078, -9.529382773999941, 0.0 ], [ 119.143314144000101, -9.529383762999942, 0.0 ], [ 119.143766183000025, -9.52939166799996, 0.0 ], [ 119.144255964000081, -9.529400179999925, 0.0 ], [ 119.14473003, -9.529415698999969, 0.0 ], [ 119.145025392000093, -9.529425368999966, 0.0 ], [ 119.145504495000068, -9.529515427999968, 0.0 ], [ 119.146226799000033, -9.529795993999926, 0.0 ], [ 119.147341316000052, -9.529753553999967, 0.0 ], [ 119.147460352000053, -9.52974482999997, 0.0 ], [ 119.147898766000026, -9.529713180999977, 0.0 ], [ 119.14886006800009, -9.529455720999977, 0.0 ], [ 119.149141113000042, -9.529387245999942, 0.0 ], [ 119.150164829000119, -9.52902122699993, 0.0 ], [ 119.150229323000076, -9.528977166999937, 0.0 ], [ 119.150860121000051, -9.52854634299996, 0.0 ], [ 119.15126546800002, -9.528269473999956, 0.0 ], [ 119.151959481000063, -9.527795473999959, 0.0 ], [ 119.152053587000069, -9.527966645999982, 0.0 ], [ 119.152285236000012, -9.528554799999938, 0.0 ], [ 119.152251318000026, -9.528764921999937, 0.0 ], [ 119.152136854000105, -9.529144483999971, 0.0 ], [ 119.152171896000027, -9.529192342999977, 0.0 ], [ 119.152208134000034, -9.529331590999959, 0.0 ], [ 119.15228047700009, -9.529637715999968, 0.0 ], [ 119.152383164000071, -9.529761935999943, 0.0 ], [ 119.152778138000031, -9.530046935999962, 0.0 ], [ 119.152853460000074, -9.530083373999958, 0.0 ], [ 119.153205616000037, -9.530195688999981, 0.0 ], [ 119.153369853000072, -9.530254917999969, 0.0 ], [ 119.153510081000036, -9.530305484999928, 0.0 ], [ 119.154319483000108, -9.53067077399993, 0.0 ], [ 119.154421114000115, -9.530699557999981, 0.0 ], [ 119.154855580000117, -9.530879176999974, 0.0 ], [ 119.155721271000061, -9.531312265999929, 0.0 ], [ 119.156033025000056, -9.531400389999931, 0.0 ], [ 119.156365115000085, -9.53134253199994, 0.0 ], [ 119.15710970400005, -9.53121280299996, 0.0 ], [ 119.157351081000115, -9.531160837999948, 0.0 ], [ 119.15743764900003, -9.531175860999952, 0.0 ], [ 119.157720766000011, -9.531781205999948, 0.0 ], [ 119.157964237000101, -9.53212702899998, 0.0 ], [ 119.158379921, -9.532490682999935, 0.0 ], [ 119.158614482000075, -9.532681611999976, 0.0 ], [ 119.15878680600008, -9.53280370799996, 0.0 ], [ 119.159065332000068, -9.532987422999952, 0.0 ], [ 119.159200270000042, -9.533076435999931, 0.0 ], [ 119.159456716000022, -9.533209265999972, 0.0 ], [ 119.159678367000083, -9.533299409999927, 0.0 ], [ 119.160090988000093, -9.533531938999943, 0.0 ], [ 119.160757709000109, -9.533710815999939, 0.0 ], [ 119.161044459000095, -9.533787731999951, 0.0 ], [ 119.161496483000064, -9.533874021999964, 0.0 ], [ 119.162388769000017, -9.534042486999965, 0.0 ], [ 119.163207428000078, -9.534185114999957, 0.0 ], [ 119.164031092000073, -9.536235399999953, 0.0 ], [ 119.164205710000033, -9.536661711999955, 0.0 ], [ 119.164335489000109, -9.537768739999933, 0.0 ], [ 119.164302440000029, -9.538286273999972, 0.0 ], [ 119.164266170000019, -9.538640670999939, 0.0 ], [ 119.164148736000016, -9.539400711999974, 0.0 ], [ 119.16387636200011, -9.540456677999941, 0.0 ], [ 119.163536600000043, -9.541480147999948, 0.0 ], [ 119.163300485000036, -9.54209482999994, 0.0 ], [ 119.163134052000032, -9.542707674999974, 0.0 ], [ 119.163103892000095, -9.543266837999965, 0.0 ], [ 119.163070037000011, -9.543498843999942, 0.0 ], [ 119.163038193000034, -9.543641421999951, 0.0 ], [ 119.163009518000081, -9.543799926999952, 0.0 ], [ 119.163007988000118, -9.544404054999973, 0.0 ], [ 119.162996124000074, -9.544678835999946, 0.0 ], [ 119.163129987000048, -9.544982961999949, 0.0 ], [ 119.163280739000015, -9.54518861899993, 0.0 ], [ 119.163417145000039, -9.545286584999928, 0.0 ], [ 119.163530306000098, -9.545334201999935, 0.0 ], [ 119.163616991000026, -9.545370680999952, 0.0 ], [ 119.16384705400003, -9.54540474099997, 0.0 ], [ 119.1645905580001, -9.545452021999949, 0.0 ], [ 119.165042290000088, -9.545429940999952, 0.0 ], [ 119.165608742000018, -9.545380021999961, 0.0 ], [ 119.16595337900003, -9.545296572999973, 0.0 ], [ 119.166563362000034, -9.545202021999955, 0.0 ], [ 119.166786300000012, -9.545129428999928, 0.0 ], [ 119.167493210000089, -9.544899145999977, 0.0 ], [ 119.167994260000114, -9.544726734999927, 0.0 ], [ 119.168104644000096, -9.54468981399998, 0.0 ], [ 119.168164662000095, -9.544686977999959, 0.0 ], [ 119.168721897000069, -9.544455170999981, 0.0 ], [ 119.169944900000019, -9.543946399999982, 0.0 ], [ 119.171368618000088, -9.543490739999982, 0.0 ], [ 119.172666269000047, -9.54309802399996, 0.0 ], [ 119.173010219000048, -9.542972177999957, 0.0 ], [ 119.174129239000081, -9.542562743999952, 0.0 ], [ 119.175234087000035, -9.542117366999946, 0.0 ], [ 119.176781112000072, -9.541541180999957, 0.0 ], [ 119.177686324000092, -9.541170225999963, 0.0 ], [ 119.177898895000112, -9.541083115999982, 0.0 ], [ 119.179206486000112, -9.540652086999955, 0.0 ], [ 119.180801051000117, -9.540243769999961, 0.0 ], [ 119.180842415000029, -9.540233177999937, 0.0 ], [ 119.182104337000055, -9.539878524999949, 0.0 ], [ 119.183127430000013, -9.539582724999946, 0.0 ], [ 119.184011895000026, -9.53943133699994, 0.0 ], [ 119.184646224000062, -9.539322734999928, 0.0 ], [ 119.185247333, -9.539159334999965, 0.0 ], [ 119.185844830000065, -9.538996918999942, 0.0 ], [ 119.186098361000063, -9.538927991999969, 0.0 ], [ 119.186392647000048, -9.538793308999971, 0.0 ], [ 119.18706868400011, -9.538483914999972, 0.0 ], [ 119.187963673000013, -9.538074305999942, 0.0 ], [ 119.188259555000059, -9.537970553999969, 0.0 ], [ 119.188954551000052, -9.537852943999951, 0.0 ], [ 119.189346943000032, -9.537790448999942, 0.0 ], [ 119.189751136000041, -9.537733058999947, 0.0 ], [ 119.189822295000113, -9.537717155999928, 0.0 ], [ 119.191449336, -9.537409270999945, 0.0 ], [ 119.193322711000064, -9.537094410999941, 0.0 ], [ 119.194487023000079, -9.536786760999973, 0.0 ], [ 119.194968401000096, -9.536659553999925, 0.0 ], [ 119.195625586, -9.536487345999944, 0.0 ], [ 119.196067686000106, -9.536352179999938, 0.0 ], [ 119.196136643000045, -9.536332895999976, 0.0 ], [ 119.197560864000025, -9.535803615999953, 0.0 ], [ 119.197926395000081, -9.535775858999955, 0.0 ], [ 119.19883964600001, -9.535755864999942, 0.0 ], [ 119.200144350000073, -9.535685991999969, 0.0 ], [ 119.20112911700005, -9.535763833999965, 0.0 ], [ 119.201894079000112, -9.535945524999931, 0.0 ], [ 119.202333618000011, -9.536156644999949, 0.0 ], [ 119.203281770000103, -9.536384461999944, 0.0 ], [ 119.204120396, -9.536624224999969, 0.0 ], [ 119.204995268000062, -9.536752430999968, 0.0 ], [ 119.20597518000011, -9.536959334999949, 0.0 ], [ 119.206208511000114, -9.537008595999964, 0.0 ], [ 119.206741132000047, -9.537121041999967, 0.0 ], [ 119.207186159000116, -9.537215001999925, 0.0 ], [ 119.207341766000013, -9.537286937999966, 0.0 ], [ 119.207479695000075, -9.537324468999941, 0.0 ], [ 119.207612891000053, -9.537364837999974, 0.0 ], [ 119.207717782000032, -9.537470773999928, 0.0 ], [ 119.207938023000111, -9.537816989999953, 0.0 ], [ 119.208229362000111, -9.537972835999938, 0.0 ], [ 119.208453520000035, -9.538109111999972, 0.0 ], [ 119.209079455000051, -9.538385352999967, 0.0 ], [ 119.209695606000082, -9.538675871999942, 0.0 ], [ 119.212402989000111, -9.539852110999959, 0.0 ], [ 119.212830154000017, -9.540040631999943, 0.0 ], [ 119.214999429000045, -9.54102250699998, 0.0 ], [ 119.215677288000052, -9.541299317999972, 0.0 ], [ 119.216782256000101, -9.541750536999928, 0.0 ], [ 119.218846146000033, -9.542593333999946, 0.0 ], [ 119.219194942000058, -9.542735771999958, 0.0 ], [ 119.219461133000095, -9.542846140999927, 0.0 ], [ 119.223027587000047, -9.544324741999958, 0.0 ], [ 119.22557559400002, -9.54526453699998, 0.0 ], [ 119.226031556000066, -9.545432711999979, 0.0 ], [ 119.227722320000112, -9.545294941999941, 0.0 ], [ 119.227684203000081, -9.545511830999942, 0.0 ], [ 119.227597865, -9.546027547999927, 0.0 ], [ 119.227782846000082, -9.547395706999964, 0.0 ], [ 119.227927100000102, -9.548057614999948, 0.0 ], [ 119.227874391000114, -9.548245683999937, 0.0 ], [ 119.22769955800004, -9.548537471999964, 0.0 ], [ 119.227519980000011, -9.548746548999929, 0.0 ], [ 119.227298368000106, -9.54886311599995, 0.0 ], [ 119.227139619000013, -9.548937464999938, 0.0 ], [ 119.227181271000063, -9.549165437999932, 0.0 ], [ 119.22719436400007, -9.549388792999935, 0.0 ], [ 119.227230731000077, -9.550562680999974, 0.0 ], [ 119.227194074000067, -9.551063708999948, 0.0 ], [ 119.227190033000056, -9.551137578999942, 0.0 ], [ 119.22717873900001, -9.551343585999973, 0.0 ], [ 119.227139540000053, -9.552081547999933, 0.0 ], [ 119.227036054000109, -9.552399923999928, 0.0 ], [ 119.226917723000042, -9.552840110999966, 0.0 ], [ 119.226745414000106, -9.553481079999926, 0.0 ], [ 119.226743448000093, -9.553687842999977, 0.0 ], [ 119.226735535000103, -9.554520356999944, 0.0 ], [ 119.226955453000073, -9.554951689999939, 0.0 ], [ 119.227161446000082, -9.55535804699997, 0.0 ], [ 119.227229660000035, -9.555815672999927, 0.0 ], [ 119.22723046100009, -9.556027617999973, 0.0 ], [ 119.22723046100009, -9.556027684999947, 0.0 ], [ 119.22723278400008, -9.556642982999961, 0.0 ], [ 119.227193270000043, -9.556928280999955, 0.0 ], [ 119.227167132000091, -9.557155387999956, 0.0 ], [ 119.227126708000014, -9.557213452999974, 0.0 ], [ 119.226544535000016, -9.558049681999933, 0.0 ], [ 119.226105146, -9.558680803999948, 0.0 ], [ 119.226144579000106, -9.559890481999958, 0.0 ], [ 119.226159863000021, -9.560359337999955, 0.0 ], [ 119.226184362000026, -9.56105628399996, 0.0 ], [ 119.22621798900002, -9.562012333999974, 0.0 ], [ 119.226269549000108, -9.562846990999958, 0.0 ], [ 119.226311905000102, -9.563265779999938, 0.0 ], [ 119.226383696000084, -9.563975112999969, 0.0 ], [ 119.226413239000067, -9.564267274999963, 0.0 ], [ 119.22640987200009, -9.56443130699995, 0.0 ], [ 119.226405546000024, -9.564641380999944, 0.0 ], [ 119.226387517000035, -9.565516836999961, 0.0 ], [ 119.226379208000026, -9.565897358999962, 0.0 ], [ 119.226396660000091, -9.566424692999931, 0.0 ], [ 119.226402266000036, -9.566630779999969, 0.0 ], [ 119.226411736000045, -9.566977805999954, 0.0 ], [ 119.226460565000025, -9.56732339399997, 0.0 ], [ 119.226591833000043, -9.568267335999963, 0.0 ], [ 119.2266442990001, -9.568983741999944, 0.0 ], [ 119.226738456000021, -9.569719618999954, 0.0 ], [ 119.226885526000046, -9.570698833999927, 0.0 ], [ 119.226939525000034, -9.571217053999931, 0.0 ], [ 119.227110304, -9.571621084999947, 0.0 ], [ 119.227295427000058, -9.571839833999945, 0.0 ], [ 119.227600208000013, -9.57199236699995, 0.0 ], [ 119.228382162000116, -9.572078209999972, 0.0 ], [ 119.229020496000089, -9.571980743999973, 0.0 ], [ 119.229780487000085, -9.571986477999928, 0.0 ], [ 119.230504457000052, -9.572065460999966, 0.0 ], [ 119.230829656000083, -9.572074302999965, 0.0 ], [ 119.231298557000059, -9.572244052999963, 0.0 ], [ 119.23173870800008, -9.572381647999975, 0.0 ], [ 119.232122861000107, -9.57267861899993, 0.0 ], [ 119.232372773000066, -9.573265413999934, 0.0 ], [ 119.232479932000047, -9.573991845999956, 0.0 ], [ 119.232532775000095, -9.574660265999967, 0.0 ], [ 119.232554368000024, -9.575625739999964, 0.0 ], [ 119.232607008000059, -9.576322977999951, 0.0 ], [ 119.23263801600001, -9.576637326999958, 0.0 ], [ 119.23267579000003, -9.577020302999927, 0.0 ], [ 119.232770955000092, -9.577625117999958, 0.0 ], [ 119.232852083000012, -9.578383274999965, 0.0 ], [ 119.232879309000054, -9.578620367999974, 0.0 ], [ 119.232921519000115, -9.578987929999926, 0.0 ], [ 119.232968612000036, -9.579570024999953, 0.0 ], [ 119.232959209000114, -9.580518321999932, 0.0 ], [ 119.232951952, -9.580680421999944, 0.0 ], [ 119.23293030100001, -9.581164959999967, 0.0 ], [ 119.232909811000013, -9.581359538999948, 0.0 ], [ 119.233148832000097, -9.581690583999944, 0.0 ], [ 119.233292836000032, -9.581809991999933, 0.0 ], [ 119.233465494000029, -9.581974266999964, 0.0 ], [ 119.233831457000065, -9.58212724599997, 0.0 ], [ 119.23444832000007, -9.58232049399993, 0.0 ], [ 119.235171833000095, -9.582463366999946, 0.0 ], [ 119.236185266, -9.582598866999945, 0.0 ], [ 119.237687808000032, -9.582789210999977, 0.0 ], [ 119.238255291000087, -9.582881067999949, 0.0 ], [ 119.238826461000031, -9.582973522999964, 0.0 ], [ 119.239688957000112, -9.583050335999928, 0.0 ], [ 119.240454955000018, -9.583113648999927, 0.0 ], [ 119.241195206000043, -9.583176740999932, 0.0 ], [ 119.244347246000075, -9.583294962999958, 0.0 ], [ 119.24506249600006, -9.583263011999975, 0.0 ], [ 119.245184338000058, -9.583257585999945, 0.0 ], [ 119.245586770000045, -9.583239022999976, 0.0 ], [ 119.245677493000017, -9.583245547999979, 0.0 ], [ 119.245898889000046, -9.583260462999931, 0.0 ], [ 119.245925450000072, -9.58326335299995, 0.0 ], [ 119.245929525000065, -9.583318317999954, 0.0 ], [ 119.245963424000024, -9.583775085999946, 0.0 ], [ 119.246072782000056, -9.583960429999934, 0.0 ], [ 119.246230510000032, -9.584227772999952, 0.0 ], [ 119.247049020000077, -9.585004270999946, 0.0 ], [ 119.247255162000101, -9.585223692999932, 0.0 ], [ 119.247508946000039, -9.585512708999943, 0.0 ], [ 119.247911192000061, -9.585975992999977, 0.0 ], [ 119.24795579900001, -9.586020596999958, 0.0 ], [ 119.248329901000034, -9.586394662999965, 0.0 ], [ 119.248910924000029, -9.587067052999942, 0.0 ], [ 119.249122631000091, -9.587259045999929, 0.0 ], [ 119.249328514000013, -9.587464630999932, 0.0 ], [ 119.249503338000068, -9.587639199999956, 0.0 ], [ 119.249751527000058, -9.587907583999936, 0.0 ], [ 119.249998896000079, -9.588126583999951, 0.0 ], [ 119.250370611000108, -9.588524270999926, 0.0 ], [ 119.250587580000115, -9.588947927999982, 0.0 ], [ 119.250838120000026, -9.589377868999975, 0.0 ], [ 119.2511914910001, -9.589745867999966, 0.0 ], [ 119.251620402000071, -9.590246647999948, 0.0 ], [ 119.251981549000106, -9.590736350999975, 0.0 ], [ 119.252160533000051, -9.591176584999971, 0.0 ], [ 119.252037947000076, -9.591419050999946, 0.0 ], [ 119.251927956000031, -9.591700529999969, 0.0 ], [ 119.251894058000062, -9.591858735999949, 0.0 ], [ 119.251938204000112, -9.591871243999947, 0.0 ], [ 119.252554702000111, -9.592113342999937, 0.0 ], [ 119.252647171000035, -9.592169303999981, 0.0 ], [ 119.252730157000087, -9.592219518999968, 0.0 ], [ 119.252935233000017, -9.592398069999945, 0.0 ], [ 119.253144592000012, -9.592594939999969, 0.0 ], [ 119.253390435000028, -9.592731631999982, 0.0 ], [ 119.254069635000064, -9.592942172999926, 0.0 ], [ 119.254323059000058, -9.593127282999944, 0.0 ], [ 119.254519406000099, -9.593356953999944, 0.0 ], [ 119.25467359400011, -9.593660690999968, 0.0 ], [ 119.254994734000093, -9.594269921999967, 0.0 ], [ 119.255171002000111, -9.594470920999981, 0.0 ], [ 119.255243077000046, -9.594537017999926, 0.0 ], [ 119.25542857500011, -9.594657410999957, 0.0 ], [ 119.255575799000098, -9.595501210999942, 0.0 ], [ 119.255706894000014, -9.595941961999927, 0.0 ], [ 119.255909648000056, -9.59630630099997, 0.0 ], [ 119.256063338000104, -9.59671770999995, 0.0 ], [ 119.256377625000027, -9.597333087999971, 0.0 ], [ 119.256636531000026, -9.597800590999952, 0.0 ], [ 119.256820455000025, -9.598139053999944, 0.0 ], [ 119.257254589000013, -9.599075834999951, 0.0 ], [ 119.257417073000056, -9.599538490999976, 0.0 ], [ 119.257683737000093, -9.600114708999968, 0.0 ], [ 119.257833048000066, -9.600593083999968, 0.0 ], [ 119.25807579100001, -9.601251942999966, 0.0 ], [ 119.258184839000023, -9.60164021099996, 0.0 ], [ 119.25829477700006, -9.602347849999944, 0.0 ], [ 119.258323463000011, -9.602916772999947, 0.0 ], [ 119.258314651000092, -9.603424399999938, 0.0 ], [ 119.258286714000064, -9.604100959999926, 0.0 ], [ 119.258227237000028, -9.604559771999959, 0.0 ], [ 119.257942664000097, -9.605560835999938, 0.0 ], [ 119.257814612000061, -9.606261211999936, 0.0 ], [ 119.25771566800006, -9.606542113999978, 0.0 ], [ 119.25757086100009, -9.606953211999951, 0.0 ], [ 119.25733541000011, -9.607539943999939, 0.0 ], [ 119.257037775000072, -9.608001086999934, 0.0 ], [ 119.256523394000055, -9.608525555999961, 0.0 ], [ 119.255375986000104, -9.609797630999935, 0.0 ], [ 119.254105203000108, -9.610921445999963, 0.0 ], [ 119.252291924000019, -9.612488353999936, 0.0 ], [ 119.251681365000081, -9.612948664999976, 0.0 ], [ 119.251558843000112, -9.613023541999951, 0.0 ], [ 119.251206078000109, -9.613239118999957, 0.0 ], [ 119.250374204000082, -9.613734724999972, 0.0 ], [ 119.249999579000018, -9.614172678999978, 0.0 ], [ 119.249957578000021, -9.614224681999929, 0.0 ], [ 119.24962843000003, -9.614733647999969, 0.0 ], [ 119.249006734000091, -9.615592022999977, 0.0 ], [ 119.248492336000027, -9.616320149999979, 0.0 ], [ 119.248031016000027, -9.616953214999967, 0.0 ], [ 119.247874484000022, -9.617168038999978, 0.0 ], [ 119.247601565000082, -9.61748341699996, 0.0 ], [ 119.247471925000013, -9.617633221999938, 0.0 ], [ 119.247306367000078, -9.617824522999967, 0.0 ], [ 119.246861527000078, -9.618585717999963, 0.0 ], [ 119.246740267000064, -9.618793212999947, 0.0 ], [ 119.246647535000079, -9.618937821999964, 0.0 ], [ 119.246277861000067, -9.619514221999964, 0.0 ], [ 119.246288124000102, -9.619598564999933, 0.0 ], [ 119.246392611000033, -9.619794972999955, 0.0 ], [ 119.246399249000092, -9.619928831999971, 0.0 ], [ 119.246399077000092, -9.62031744199993, 0.0 ], [ 119.246381858000063, -9.620514517999936, 0.0 ], [ 119.246362875000045, -9.620572379999942, 0.0 ], [ 119.246272154000053, -9.620703858999946, 0.0 ], [ 119.24624277700002, -9.620733971999925, 0.0 ], [ 119.24621249900008, -9.620846359999973, 0.0 ], [ 119.246239467, -9.621078143999966, 0.0 ], [ 119.246185858000104, -9.621268112999928, 0.0 ], [ 119.246166298000048, -9.62162432699995, 0.0 ], [ 119.246157561000018, -9.622477283999956, 0.0 ], [ 119.246157139000047, -9.62273539399996, 0.0 ], [ 119.246102215000064, -9.622858055999927, 0.0 ], [ 119.245844515000044, -9.622968832999959, 0.0 ], [ 119.24574257900008, -9.623028707999936, 0.0 ], [ 119.245678073000022, -9.623191125999938, 0.0 ], [ 119.245735499000034, -9.623413008999933, 0.0 ], [ 119.245746189000101, -9.623476018999952, 0.0 ], [ 119.245607910000103, -9.623523662999958, 0.0 ], [ 119.245408486000088, -9.623530022999944, 0.0 ], [ 119.24529915100004, -9.623559477999947, 0.0 ], [ 119.245047993000071, -9.623582239999962, 0.0 ], [ 119.244941580000045, -9.623611073999939, 0.0 ], [ 119.24491131800005, -9.624349038999981, 0.0 ], [ 119.24489595600005, -9.624536392999971, 0.0 ], [ 119.244890803000089, -9.624751817999936, 0.0 ], [ 119.244894787000021, -9.624807600999929, 0.0 ], [ 119.244871749000026, -9.62495034799997, 0.0 ], [ 119.244850401, -9.625000283999952, 0.0 ], [ 119.24482475100001, -9.625060265999934, 0.0 ], [ 119.244704683, -9.625090393999926, 0.0 ], [ 119.244520717000114, -9.625150409999947, 0.0 ], [ 119.244503528000109, -9.625267048999945, 0.0 ], [ 119.244471347000058, -9.625396487999978, 0.0 ], [ 119.244324554000059, -9.625281177999966, 0.0 ], [ 119.244152556000017, -9.625136583999961, 0.0 ], [ 119.244074033000061, -9.625037471999974, 0.0 ], [ 119.244027614000061, -9.625000307999926, 0.0 ], [ 119.243687616000102, -9.624728097999935, 0.0 ], [ 119.243641046000107, -9.62469081699993, 0.0 ], [ 119.243501924000043, -9.624620505999928, 0.0 ], [ 119.243308216000059, -9.624627961999977, 0.0 ], [ 119.243268568000076, -9.624635876999946, 0.0 ], [ 119.243105962000072, -9.624694299999931, 0.0 ], [ 119.243063540000094, -9.624731126999961, 0.0 ], [ 119.243025472000113, -9.62476417299996, 0.0 ], [ 119.242981905000079, -9.624835787999928, 0.0 ], [ 119.242963812000085, -9.624905374999969, 0.0 ], [ 119.242940006000026, -9.624997895999968, 0.0 ], [ 119.242964456000095, -9.625005861999966, 0.0 ], [ 119.243094641000084, -9.625281564999966, 0.0 ], [ 119.243156388000102, -9.625412331999939, 0.0 ], [ 119.243181636000031, -9.625479927999947, 0.0 ], [ 119.243296150000106, -9.625681085999929, 0.0 ], [ 119.243387341000016, -9.625799141999948, 0.0 ], [ 119.243405601000063, -9.625834070999929, 0.0 ], [ 119.24351320300002, -9.625993740999945, 0.0 ], [ 119.243552542000089, -9.626115187999972, 0.0 ], [ 119.24355700600006, -9.626150779999932, 0.0 ], [ 119.243576735000033, -9.62630816099994, 0.0 ], [ 119.243580110000039, -9.626335062999942, 0.0 ], [ 119.24358435900001, -9.626486817999933, 0.0 ], [ 119.243541987000071, -9.626577214999941, 0.0 ], [ 119.243473613000106, -9.626669841999956, 0.0 ], [ 119.243427565000047, -9.626734617999944, 0.0 ], [ 119.243354624000062, -9.626776594999967, 0.0 ], [ 119.243325881000032, -9.626785843999926, 0.0 ], [ 119.243224559000055, -9.626836883999943, 0.0 ], [ 119.243087654000078, -9.626862486999926, 0.0 ], [ 119.243028744000071, -9.626883441999951, 0.0 ], [ 119.242908403000115, -9.62693986599993, 0.0 ], [ 119.24286371900007, -9.626979121999966, 0.0 ], [ 119.242818356000043, -9.627018974999942, 0.0 ], [ 119.242717485000071, -9.627165461999937, 0.0 ], [ 119.242597034000028, -9.627272688999938, 0.0 ], [ 119.242568559, -9.627312394999933, 0.0 ], [ 119.242440024000075, -9.627440117999981, 0.0 ], [ 119.24224490000006, -9.627572336999947, 0.0 ], [ 119.242023034000113, -9.627757771999939, 0.0 ], [ 119.241750253000077, -9.627952003999951, 0.0 ], [ 119.241593531000035, -9.62806139099996, 0.0 ], [ 119.241264953000041, -9.628262931999927, 0.0 ], [ 119.241008358000045, -9.628469822999932, 0.0 ], [ 119.240902093000045, -9.628543988999979, 0.0 ], [ 119.240767527000116, -9.628644798999971, 0.0 ], [ 119.240623361000075, -9.628783080999938, 0.0 ], [ 119.24049990200001, -9.628940942999975, 0.0 ], [ 119.240369261000069, -9.629127499999981, 0.0 ], [ 119.240287063000096, -9.629262640999968, 0.0 ], [ 119.240219051000054, -9.629418305999934, 0.0 ], [ 119.240166497000018, -9.629538579999974, 0.0 ], [ 119.24014856000008, -9.629585069999962, 0.0 ], [ 119.240091269000118, -9.629795349999938, 0.0 ], [ 119.240078499000106, -9.629953028999978, 0.0 ], [ 119.240086733000112, -9.630053038999961, 0.0 ], [ 119.240093257000012, -9.630088842999953, 0.0 ], [ 119.24011692900001, -9.630205602999979, 0.0 ], [ 119.24013428, -9.630238068999972, 0.0 ], [ 119.240174724000099, -9.630364000999975, 0.0 ], [ 119.240285896000046, -9.630548070999964, 0.0 ], [ 119.240330408000091, -9.630691834999936, 0.0 ], [ 119.240352280000025, -9.63083953499995, 0.0 ], [ 119.240286669000056, -9.630927680999946, 0.0 ], [ 119.240140393000047, -9.63105203799995, 0.0 ], [ 119.239935434000017, -9.631172611999943, 0.0 ], [ 119.239830792000021, -9.631230522999942, 0.0 ], [ 119.23970960500003, -9.631309261999945, 0.0 ], [ 119.239557043000104, -9.631415470999968, 0.0 ], [ 119.239520441000082, -9.63142617699998, 0.0 ], [ 119.239453082000068, -9.631505180999966, 0.0 ], [ 119.239444751000065, -9.631547190999981, 0.0 ], [ 119.2394063590001, -9.631614785999943, 0.0 ], [ 119.239395358000024, -9.631780847999948, 0.0 ], [ 119.239441392000117, -9.63186561699996, 0.0 ], [ 119.239482620000103, -9.631941526999981, 0.0 ], [ 119.23960417100011, -9.632087532999947, 0.0 ], [ 119.239698041000111, -9.632248897999943, 0.0 ], [ 119.239742764000084, -9.632325783999931, 0.0 ], [ 119.239767381000092, -9.632458095999937, 0.0 ], [ 119.239788219000047, -9.632570106999935, 0.0 ], [ 119.239788579000106, -9.632624634999956, 0.0 ], [ 119.239756183000054, -9.632849179999937, 0.0 ], [ 119.239689617000067, -9.633051523999939, 0.0 ], [ 119.239588925000021, -9.633231640999952, 0.0 ], [ 119.239465363000022, -9.633367036999971, 0.0 ], [ 119.239330394000035, -9.633491303999961, 0.0 ], [ 119.239217518000032, -9.633536895999953, 0.0 ], [ 119.239002695000067, -9.63356074099994, 0.0 ], [ 119.238786339000058, -9.633545535999929, 0.0 ], [ 119.238571921000016, -9.633451366999964, 0.0 ], [ 119.238174065000067, -9.633184741999969, 0.0 ], [ 119.237753336000083, -9.632873399999937, 0.0 ], [ 119.237384140000017, -9.632648407999966, 0.0 ], [ 119.23724242000003, -9.632554144999972, 0.0 ], [ 119.236980783000035, -9.632407301999933, 0.0 ], [ 119.236620765000112, -9.63222867099995, 0.0 ], [ 119.236209177000092, -9.632098240999937, 0.0 ], [ 119.235789964000105, -9.632011242999965, 0.0 ], [ 119.235665370000106, -9.632000823999931, 0.0 ], [ 119.235575120000021, -9.632046273999947, 0.0 ], [ 119.235485321000056, -9.632159053999942, 0.0 ], [ 119.23548151600005, -9.63221744599997, 0.0 ], [ 119.235475084000086, -9.632316116999959, 0.0 ], [ 119.23554415000001, -9.632495146999929, 0.0 ], [ 119.235727195000095, -9.632796804999941, 0.0 ], [ 119.23580311, -9.632920957999943, 0.0 ], [ 119.235929709000061, -9.633189819999927, 0.0 ], [ 119.236014582000053, -9.633479146999946, 0.0 ], [ 119.236061766000034, -9.633770493999975, 0.0 ], [ 119.236086017000048, -9.634017117999974, 0.0 ], [ 119.236087207000082, -9.634196580999969, 0.0 ], [ 119.236039366000114, -9.634390037999935, 0.0 ], [ 119.235947219000082, -9.634561512999937, 0.0 ], [ 119.235870762000104, -9.634628075999956, 0.0 ], [ 119.235822214000109, -9.634663610999951, 0.0 ], [ 119.235649386000091, -9.634726616999956, 0.0 ], [ 119.23544551100008, -9.634705491999966, 0.0 ], [ 119.235298394000097, -9.634706462999929, 0.0 ], [ 119.235208234000083, -9.634763115999931, 0.0 ], [ 119.235122311000055, -9.63487770699993, 0.0 ], [ 119.235102988000108, -9.634906735999948, 0.0 ], [ 119.234984206000036, -9.635112287999959, 0.0 ], [ 119.234894643000075, -9.635258662999945, 0.0 ], [ 119.234794912000098, -9.63535302899993, 0.0 ], [ 119.234676406000062, -9.635470775999977, 0.0 ], [ 119.234497003000115, -9.635614186999931, 0.0 ], [ 119.234452316000102, -9.635645076999936, 0.0 ], [ 119.234320549000017, -9.635722302999966, 0.0 ], [ 119.234219393000103, -9.635823898999945, 0.0 ], [ 119.234199716000035, -9.635857557999941, 0.0 ], [ 119.234107486000084, -9.636015336999947, 0.0 ], [ 119.234055073000036, -9.636153600999933, 0.0 ], [ 119.234075078000046, -9.636251053999956, 0.0 ], [ 119.234118088000059, -9.636363260999929, 0.0 ], [ 119.23421226500011, -9.63646330499995, 0.0 ], [ 119.234407622000049, -9.636560849999967, 0.0 ], [ 119.234461080000074, -9.636576781999963, 0.0 ], [ 119.23474968700009, -9.636662799999954, 0.0 ], [ 119.234836404000021, -9.636705760999973, 0.0 ], [ 119.23505208000006, -9.636828026999979, 0.0 ], [ 119.235241811000037, -9.636955359999945, 0.0 ], [ 119.235316873000102, -9.637049786999967, 0.0 ], [ 119.235336433000043, -9.637095503999944, 0.0 ], [ 119.235440882000034, -9.63733964499994, 0.0 ], [ 119.23549485500007, -9.637587383999971, 0.0 ], [ 119.235522217000039, -9.637945953999974, 0.0 ], [ 119.235514806000083, -9.638350524999964, 0.0 ], [ 119.235516848000088, -9.638630956999975, 0.0 ], [ 119.235450291, -9.638866897999947, 0.0 ], [ 119.235371816000111, -9.638979587999927, 0.0 ], [ 119.235281957000097, -9.639081117999979, 0.0 ], [ 119.235102610000013, -9.639176137999925, 0.0 ], [ 119.235018187000037, -9.639199554999948, 0.0 ], [ 119.234898144000113, -9.639229427999965, 0.0 ], [ 119.234770375000039, -9.63922286899998, 0.0 ], [ 119.234694766000075, -9.639220481999928, 0.0 ], [ 119.234657359000039, -9.639219303999937, 0.0 ], [ 119.234441503000085, -9.639162682999938, 0.0 ], [ 119.234263110000029, -9.639031646999968, 0.0 ], [ 119.234086359000116, -9.638891643999955, 0.0 ], [ 119.233962310000038, -9.638734290999935, 0.0 ], [ 119.23393549900004, -9.63870028499997, 0.0 ], [ 119.233784660000083, -9.638552398999934, 0.0 ], [ 119.233649042000025, -9.638485189999926, 0.0 ], [ 119.233390488000055, -9.638419598999974, 0.0 ], [ 119.233307350000018, -9.638403672999971, 0.0 ], [ 119.233109184000114, -9.63836570899997, 0.0 ], [ 119.233027851000088, -9.638344955999969, 0.0 ], [ 119.232841583000095, -9.638297429999966, 0.0 ], [ 119.232537304000061, -9.638167899999928, 0.0 ], [ 119.232263037000052, -9.63807344099996, 0.0 ], [ 119.23223203100008, -9.638060364999944, 0.0 ], [ 119.232013445, -9.637999369999932, 0.0 ], [ 119.231852043000117, -9.637954332999925, 0.0 ], [ 119.23156738900002, -9.637919986999975, 0.0 ], [ 119.231529479000073, -9.637924664999957, 0.0 ], [ 119.231223088000093, -9.637940859999958, 0.0 ], [ 119.231098899000017, -9.637986523999928, 0.0 ], [ 119.231056190000118, -9.638038379999955, 0.0 ], [ 119.230969250000044, -9.638148419999936, 0.0 ], [ 119.230941475, -9.63818357699995, 0.0 ], [ 119.230798416000084, -9.638410935999957, 0.0 ], [ 119.230705976000081, -9.638632694999956, 0.0 ], [ 119.230647842000053, -9.638772155999959, 0.0 ], [ 119.230643917000066, -9.638819842999965, 0.0 ], [ 119.230629170000043, -9.638998995999941, 0.0 ], [ 119.230625342000053, -9.639045486999976, 0.0 ], [ 119.230637216000105, -9.639075817999981, 0.0 ], [ 119.230642455000066, -9.639133614999935, 0.0 ], [ 119.230691250000064, -9.639213785999971, 0.0 ], [ 119.230722859000025, -9.639312553999957, 0.0 ], [ 119.230871483000101, -9.63951794299993, 0.0 ], [ 119.23090452100007, -9.639574856999957, 0.0 ], [ 119.231065735000016, -9.639826306999964, 0.0 ], [ 119.231202854000117, -9.640027303999943, 0.0 ], [ 119.231271775000096, -9.640183929999978, 0.0 ], [ 119.231278325000062, -9.640227340999957, 0.0 ], [ 119.231288573000029, -9.640264016999936, 0.0 ], [ 119.231313040000032, -9.640418685999975, 0.0 ], [ 119.231287529000042, -9.640652014999944, 0.0 ], [ 119.231253741000046, -9.640879488999929, 0.0 ], [ 119.231181111000069, -9.641018393999957, 0.0 ], [ 119.231142276000014, -9.641138176999959, 0.0 ], [ 119.231049860000098, -9.641310767999926, 0.0 ], [ 119.230917766000061, -9.641420063999931, 0.0 ], [ 119.230793797000047, -9.641499368999973, 0.0 ], [ 119.230635737000057, -9.64155649199995, 0.0 ], [ 119.230443526000045, -9.641580201999943, 0.0 ], [ 119.230161349000014, -9.64155617199998, 0.0 ], [ 119.230017933000113, -9.641519427999981, 0.0 ], [ 119.229865640000071, -9.641471758999955, 0.0 ], [ 119.229616299000099, -9.641417272999945, 0.0 ], [ 119.229378648000079, -9.641407571999935, 0.0 ], [ 119.229245655000113, -9.641433144999951, 0.0 ], [ 119.229117970000061, -9.64146216499995, 0.0 ], [ 119.22892312700003, -9.641577232999964, 0.0 ], [ 119.228730768000105, -9.641724354999951, 0.0 ], [ 119.228605128000027, -9.641930964999972, 0.0 ], [ 119.228479963000041, -9.642136797999967, 0.0 ], [ 119.228403886000024, -9.642412831999934, 0.0 ], [ 119.228357673000119, -9.642760241999952, 0.0 ], [ 119.228293020000024, -9.643096154999967, 0.0 ], [ 119.228282369000112, -9.643355210999971, 0.0 ], [ 119.228241053000033, -9.64364878899994, 0.0 ], [ 119.228228275000106, -9.643736931999968, 0.0 ], [ 119.228161774000114, -9.643950505999953, 0.0 ], [ 119.228094618000114, -9.644063076999942, 0.0 ], [ 119.227937213000018, -9.644221117999962, 0.0 ], [ 119.227666518000092, -9.644357489999948, 0.0 ], [ 119.227497111000048, -9.644414712999946, 0.0 ], [ 119.22737293800003, -9.644460331999937, 0.0 ], [ 119.227317061, -9.644572850999964, 0.0 ], [ 119.227298627000096, -9.644674194999936, 0.0 ], [ 119.22730965400001, -9.644706521999979, 0.0 ], [ 119.227375515000062, -9.644852928999967, 0.0 ], [ 119.227567193000027, -9.645302254999933, 0.0 ], [ 119.227709555000047, -9.645562773999927, 0.0 ], [ 119.227774050000107, -9.645680795999965, 0.0 ], [ 119.227856985000017, -9.645792022999956, 0.0 ], [ 119.22795996100001, -9.645959617999949, 0.0 ], [ 119.228084168, -9.646104690999948, 0.0 ], [ 119.228285683000081, -9.646197160999975, 0.0 ], [ 119.228452962, -9.64629735099993, 0.0 ], [ 119.228562676000024, -9.646404397999959, 0.0 ], [ 119.228703385000017, -9.646523, 0.0 ], [ 119.22872927800006, -9.646549860999926, 0.0 ], [ 119.228850544000011, -9.646668558999977, 0.0 ], [ 119.228963253000074, -9.646778878999953, 0.0 ], [ 119.228972713000076, -9.646805517999951, 0.0 ], [ 119.229086120000034, -9.646887482999944, 0.0 ], [ 119.229241421000097, -9.646947945999955, 0.0 ], [ 119.229494735000117, -9.647026489999973, 0.0 ], [ 119.229742553000051, -9.647109331999957, 0.0 ], [ 119.229907971000102, -9.647155440999938, 0.0 ], [ 119.229954723000105, -9.647179, 0.0 ], [ 119.230118553000011, -9.64723553999994, 0.0 ], [ 119.230261929000108, -9.647333818999925, 0.0 ], [ 119.230335413000034, -9.647435739999935, 0.0 ], [ 119.230351672000097, -9.647460378999938, 0.0 ], [ 119.230390104000094, -9.647638159999929, 0.0 ], [ 119.230396818000031, -9.647669224999959, 0.0 ], [ 119.230416928000068, -9.647861773999978, 0.0 ], [ 119.23046367500001, -9.648085804999937, 0.0 ], [ 119.230521425, -9.648264897999979, 0.0 ], [ 119.230658984000115, -9.648533239999949, 0.0 ], [ 119.23083740200002, -9.648865925999928, 0.0 ], [ 119.23096681800007, -9.649171389999935, 0.0 ], [ 119.23099177600011, -9.649230299999942, 0.0 ], [ 119.231094864000056, -9.649416520999978, 0.0 ], [ 119.231132609000042, -9.649544305999939, 0.0 ], [ 119.231164304000117, -9.649651614999925, 0.0 ], [ 119.231230386000107, -9.649965041999963, 0.0 ], [ 119.231224587000042, -9.65021207999996, 0.0 ], [ 119.231215321000036, -9.650526210999942, 0.0 ], [ 119.231193864000033, -9.650705835999929, 0.0 ], [ 119.231104678000065, -9.650908333999951, 0.0 ], [ 119.231105562000039, -9.650935582999978, 0.0 ], [ 119.23104898400004, -9.65104327399996, 0.0 ], [ 119.231041063000021, -9.651102193999975, 0.0 ], [ 119.231004736000045, -9.651200586999948, 0.0 ], [ 119.230994662000057, -9.651434545999962, 0.0 ], [ 119.230978468000103, -9.651550550999957, 0.0 ], [ 119.230974267000079, -9.651727961999939, 0.0 ], [ 119.230919077000067, -9.651941461999968, 0.0 ], [ 119.230893971000114, -9.651999064999927, 0.0 ], [ 119.230874861000075, -9.652098774999956, 0.0 ], [ 119.230818922000026, -9.652200081999979, 0.0 ], [ 119.230672613000024, -9.652324429999965, 0.0 ], [ 119.230515019000109, -9.652448833999927, 0.0 ], [ 119.230334735000042, -9.65257655299996, 0.0 ], [ 119.230273834000059, -9.652683073999981, 0.0 ], [ 119.23017857100001, -9.652910899999938, 0.0 ], [ 119.230100114000038, -9.653034802999969, 0.0 ], [ 119.229943019000075, -9.65323772499994, 0.0 ], [ 119.229812187000107, -9.653367787999969, 0.0 ], [ 119.229778415000055, -9.653422286999955, 0.0 ], [ 119.229748225000094, -9.653495630999942, 0.0 ], [ 119.229730831000097, -9.65366533599996, 0.0 ], [ 119.229723371000091, -9.653823333999981, 0.0 ], [ 119.229721642000072, -9.653990678999946, 0.0 ], [ 119.229676811000104, -9.654129165999962, 0.0 ], [ 119.229607860000101, -9.654297201999952, 0.0 ], [ 119.22958031600001, -9.654344601999981, 0.0 ], [ 119.229546359000096, -9.654387697999937, 0.0 ], [ 119.229437505000078, -9.654492606999952, 0.0 ], [ 119.229296036000051, -9.65466645999993, 0.0 ], [ 119.229172428000084, -9.654801883999937, 0.0 ], [ 119.229059709000012, -9.654869880999968, 0.0 ], [ 119.228901798000038, -9.654949433999946, 0.0 ], [ 119.228748561000089, -9.655001892999962, 0.0 ], [ 119.228664939000055, -9.655074334999938, 0.0 ], [ 119.22862059800002, -9.655209240999966, 0.0 ], [ 119.228589918000011, -9.65536617999993, 0.0 ], [ 119.228600231000087, -9.655440798999962, 0.0 ], [ 119.228599859000042, -9.655501006999941, 0.0 ], [ 119.228657113000054, -9.655601586999978, 0.0 ], [ 119.228804248000074, -9.655731767999953, 0.0 ], [ 119.228824349000092, -9.655748107999955, 0.0 ], [ 119.229135272, -9.65603596099993, 0.0 ], [ 119.229351614000052, -9.656236461999981, 0.0 ], [ 119.229538616000013, -9.656375130999947, 0.0 ], [ 119.229681643000049, -9.656514708999964, 0.0 ], [ 119.229841691000047, -9.656726658999958, 0.0 ], [ 119.229863545000057, -9.65675201199997, 0.0 ], [ 119.229879996000022, -9.656787018999978, 0.0 ], [ 119.229955847000042, -9.656905552999945, 0.0 ], [ 119.230082178000089, -9.657185165999977, 0.0 ], [ 119.230211883000038, -9.657446592999975, 0.0 ], [ 119.230280703000062, -9.657567549999953, 0.0 ], [ 119.230342728000096, -9.657652500999973, 0.0 ], [ 119.230436183000052, -9.657768677999968, 0.0 ], [ 119.230553723000071, -9.657811060999961, 0.0 ], [ 119.230709860000047, -9.657793505999962, 0.0 ], [ 119.230821607000053, -9.657764720999978, 0.0 ], [ 119.230912147000026, -9.657731989999945, 0.0 ], [ 119.231123374000049, -9.657655625999951, 0.0 ], [ 119.231359950000069, -9.657570096999962, 0.0 ], [ 119.231575532000079, -9.65753424199994, 0.0 ], [ 119.2317743750001, -9.657504769999946, 0.0 ], [ 119.232016269000042, -9.657531365999944, 0.0 ], [ 119.232272739000109, -9.657614275999947, 0.0 ], [ 119.232460395000089, -9.657692696999959, 0.0 ], [ 119.232586642000115, -9.65778133799995, 0.0 ], [ 119.232659379000097, -9.657921114999965, 0.0 ], [ 119.232706076000113, -9.658076110999957, 0.0 ], [ 119.232712685000024, -9.65813468999994, 0.0 ], [ 119.232691564000106, -9.658184466999955, 0.0 ], [ 119.232661266000036, -9.658316366999941, 0.0 ], [ 119.23247698900002, -9.658402102999958, 0.0 ], [ 119.232334087000027, -9.658444864999979, 0.0 ], [ 119.232093859000088, -9.658517333999953, 0.0 ], [ 119.231909459, -9.658588990999931, 0.0 ], [ 119.231653973000107, -9.658660690999966, 0.0 ], [ 119.231412616000057, -9.658704960999955, 0.0 ], [ 119.231057236000083, -9.658721364999963, 0.0 ], [ 119.230645080000045, -9.658752239999956, 0.0 ], [ 119.230412860000115, -9.658743041999969, 0.0 ], [ 119.230232906000083, -9.658783085999971, 0.0 ], [ 119.230034176000117, -9.658826657999953, 0.0 ], [ 119.22987820700007, -9.658898116999978, 0.0 ], [ 119.229711907000024, -9.658995065999932, 0.0 ], [ 119.229641225000023, -9.659045827999932, 0.0 ], [ 119.229425082000034, -9.659182929999929, 0.0 ], [ 119.229236650000075, -9.659337970999957, 0.0 ], [ 119.228986649000035, -9.659538101999942, 0.0 ], [ 119.228796953000028, -9.659786457999928, 0.0 ], [ 119.228610232000051, -9.659976907999976, 0.0 ], [ 119.22856214400008, -9.660033046999956, 0.0 ], [ 119.228398462000087, -9.660224140999958, 0.0 ], [ 119.228340582000101, -9.660291709999967, 0.0 ], [ 119.228068301, -9.660431867999932, 0.0 ], [ 119.227827044000037, -9.660503868999967, 0.0 ], [ 119.227585984000029, -9.660604084999932, 0.0 ], [ 119.227563251000106, -9.660627500999965, 0.0 ], [ 119.227472611000053, -9.660661212999969, 0.0 ], [ 119.227442279000115, -9.660730833999935, 0.0 ], [ 119.227416486000038, -9.660774318999927, 0.0 ], [ 119.227412750000099, -9.660863724999956, 0.0 ], [ 119.227403328000037, -9.660943525999926, 0.0 ], [ 119.22746118900011, -9.661084054999947, 0.0 ], [ 119.227567497000109, -9.661272891999943, 0.0 ], [ 119.227636464000057, -9.661391456999979, 0.0 ], [ 119.227734846000089, -9.661617801999967, 0.0 ], [ 119.227821454000036, -9.661814523999965, 0.0 ], [ 119.2278651150001, -9.661969246999945, 0.0 ], [ 119.227880179000067, -9.662095991999934, 0.0 ], [ 119.227866893000055, -9.662237024999968, 0.0 ], [ 119.227816460000099, -9.662459443999978, 0.0 ], [ 119.227749692000089, -9.662650700999961, 0.0 ], [ 119.227739061000079, -9.66276950699995, 0.0 ], [ 119.22774913100011, -9.662857201999941, 0.0 ], [ 119.227754932000039, -9.662940029999959, 0.0 ], [ 119.227754891000018, -9.663083619999952, 0.0 ], [ 119.22775050100006, -9.663252598999975, 0.0 ], [ 119.227748810000094, -9.66331770499994, 0.0 ], [ 119.227718436000032, -9.663449930999946, 0.0 ], [ 119.227677361000019, -9.66368977299993, 0.0 ], [ 119.227684639000017, -9.663835971999958, 0.0 ], [ 119.227691075000052, -9.663928507999969, 0.0 ], [ 119.227702847000046, -9.664097751999975, 0.0 ], [ 119.227711347000081, -9.664219927999966, 0.0 ], [ 119.227801637000084, -9.664495100999943, 0.0 ], [ 119.227844308000044, -9.664625144999945, 0.0 ], [ 119.227854598000022, -9.66467175799994, 0.0 ], [ 119.227869453000039, -9.664844432999928, 0.0 ], [ 119.227866999000071, -9.664952943999936, 0.0 ], [ 119.227771269000073, -9.665097936999928, 0.0 ], [ 119.227619294000078, -9.665315695999936, 0.0 ], [ 119.227588703000038, -9.665339168999935, 0.0 ], [ 119.22744797200005, -9.665565600999969, 0.0 ], [ 119.227339367000013, -9.665793863999966, 0.0 ], [ 119.227230468000016, -9.665979892999928, 0.0 ], [ 119.227214358000083, -9.666007411999942, 0.0 ], [ 119.227101011000059, -9.666152220999948, 0.0 ], [ 119.227012040000091, -9.666301211999951, 0.0 ], [ 119.226899051000032, -9.666414677999967, 0.0 ], [ 119.226792451000051, -9.666462732999946, 0.0 ], [ 119.226757330000055, -9.66648605499995, 0.0 ], [ 119.226601016000018, -9.666501204999975, 0.0 ], [ 119.226359202000026, -9.666488648999973, 0.0 ], [ 119.226131896000084, -9.666518305999944, 0.0 ], [ 119.225947519000101, -9.666589962999979, 0.0 ], [ 119.22583821, -9.666705848999982, 0.0 ], [ 119.225822629000049, -9.666729352999937, 0.0 ], [ 119.225752228000033, -9.666887377999956, 0.0 ], [ 119.225728203000017, -9.667099280999935, 0.0 ], [ 119.225721675000045, -9.667156879999936, 0.0 ], [ 119.225745740000093, -9.667266217999952, 0.0 ], [ 119.22582762400009, -9.667546779999952, 0.0 ], [ 119.225904727000056, -9.667785554999966, 0.0 ], [ 119.225938399000029, -9.667864862999977, 0.0 ], [ 119.226093068000068, -9.668159446999937, 0.0 ], [ 119.226067887000113, -9.668164729999944, 0.0 ], [ 119.227700154000104, -9.669020986999953, 0.0 ], [ 119.228459624000038, -9.668501079999942, 0.0 ], [ 119.229365141000017, -9.668163548999928, 0.0 ], [ 119.23012815300001, -9.668346315999941, 0.0 ], [ 119.231230623000101, -9.66879970399998, 0.0 ], [ 119.232136529000059, -9.668681421999963, 0.0 ], [ 119.23280967200003, -9.667885252999952, 0.0 ], [ 119.232759762000114, -9.666561706999971, 0.0 ], [ 119.233798076000085, -9.66602134599998, 0.0 ], [ 119.236136329000033, -9.665761674999942, 0.0 ], [ 119.236806837000017, -9.666645728999981, 0.0 ], [ 119.237614110000095, -9.667316091999965, 0.0 ], [ 119.238860407000061, -9.66709868099997, 0.0 ], [ 119.239175938000017, -9.666446391999955, 0.0 ], [ 119.239763449000066, -9.665816143999962, 0.0 ], [ 119.241043819000083, -9.665958470999954, 0.0 ], [ 119.242074459000037, -9.666316577999964, 0.0 ], [ 119.24318026100002, -9.666420486999925, 0.0 ], [ 119.244667075000052, -9.666366970999945, 0.0 ], [ 119.245761841000103, -9.666696163999973, 0.0 ], [ 119.246748268000033, -9.666990474999977, 0.0 ], [ 119.247582451000085, -9.668553939999981, 0.0 ], [ 119.247994842000026, -9.669500911999933, 0.0 ], [ 119.249397124000097, -9.66921184499995, 0.0 ], [ 119.250289206000048, -9.669315110999946, 0.0 ], [ 119.25109301100008, -9.669350555999927, 0.0 ], [ 119.252315834000115, -9.668816855999978, 0.0 ], [ 119.253209619000017, -9.668096443999957, 0.0 ], [ 119.253509045000101, -9.667482250999967, 0.0 ], [ 119.255645986000104, -9.67002716099995, 0.0 ], [ 119.256524284000079, -9.67329888699993, 0.0 ], [ 119.254575228000022, -9.677522462999946, 0.0 ], [ 119.25336170300011, -9.678307684999936, 0.0 ], [ 119.252433714000063, -9.679307058999939, 0.0 ], [ 119.251862643000095, -9.679878128999974, 0.0 ], [ 119.250649118000069, -9.680591967999931, 0.0 ], [ 119.248940226000059, -9.681360386999927, 0.0 ], [ 119.248522408000099, -9.682397548999973, 0.0 ], [ 119.247612127000025, -9.68403847299993, 0.0 ], [ 119.246962734000022, -9.684696557999928, 0.0 ], [ 119.246828233000087, -9.684691710999971, 0.0 ], [ 119.246770155000036, -9.684696928999927, 0.0 ], [ 119.246604955000066, -9.684764321999978, 0.0 ], [ 119.246187183000075, -9.685069698999939, 0.0 ], [ 119.245790507000038, -9.685169150999968, 0.0 ], [ 119.245786139000074, -9.68517024199997, 0.0 ], [ 119.24566921600001, -9.685272760999965, 0.0 ], [ 119.245668433000105, -9.685273441999925, 0.0 ], [ 119.245567168000093, -9.685427057999959, 0.0 ], [ 119.245489795000026, -9.68579927299993, 0.0 ], [ 119.24548978700011, -9.68579931499994, 0.0 ], [ 119.245447309000042, -9.686033822999946, 0.0 ], [ 119.245407869000019, -9.686251726999956, 0.0 ], [ 119.245400651000068, -9.686410335999938, 0.0 ], [ 119.245337183000061, -9.686787176999928, 0.0 ], [ 119.24524640300001, -9.686910678999936, 0.0 ], [ 119.245033389000014, -9.687084335999941, 0.0 ], [ 119.244592218000093, -9.687271197999962, 0.0 ], [ 119.244592125000054, -9.687271236999948, 0.0 ], [ 119.244592061000048, -9.687271264999936, 0.0 ], [ 119.244584514000053, -9.687274460999959, 0.0 ], [ 119.244324370000072, -9.687325774999977, 0.0 ], [ 119.244172962000107, -9.687333213999977, 0.0 ], [ 119.243948347000014, -9.687341535999963, 0.0 ], [ 119.24371819800001, -9.687308399999949, 0.0 ], [ 119.24366485500002, -9.687293873999977, 0.0 ], [ 119.243110121000086, -9.687218857999937, 0.0 ], [ 119.242661357000088, -9.687193119999961, 0.0 ], [ 119.242555949, -9.687266164999926, 0.0 ], [ 119.242494355000076, -9.68738389899994, 0.0 ], [ 119.242457950000016, -9.687541618999944, 0.0 ], [ 119.24234332900005, -9.687752086999978, 0.0 ], [ 119.242343311000013, -9.687752107999927, 0.0 ], [ 119.242195028000083, -9.687898950999966, 0.0 ], [ 119.242173981000064, -9.687912890999939, 0.0 ], [ 119.242173740000112, -9.687913050999953, 0.0 ], [ 119.242157243000065, -9.687923974999933, 0.0 ], [ 119.241778261000036, -9.68813980699997, 0.0 ], [ 119.241619352000043, -9.688175891999947, 0.0 ], [ 119.241597705000117, -9.68818080799997, 0.0 ], [ 119.241232465000053, -9.688252899999952, 0.0 ], [ 119.240693794000094, -9.688609398999972, 0.0 ], [ 119.24048201800008, -9.688719873999958, 0.0 ], [ 119.240267365000022, -9.688762947999976, 0.0 ], [ 119.240087874000096, -9.688793327999974, 0.0 ], [ 119.239874014000065, -9.68882952499996, 0.0 ], [ 119.239873974000034, -9.688829533999979, 0.0 ], [ 119.239664453000046, -9.688880838999978, 0.0 ], [ 119.239476323000076, -9.688956526999959, 0.0 ], [ 119.239347189000114, -9.689018165999926, 0.0 ], [ 119.239288674000022, -9.689030685999967, 0.0 ], [ 119.238872936, -9.689119585999947, 0.0 ], [ 119.238801767000041, -9.689121993999947, 0.0 ], [ 119.238544714000113, -9.689103608999972, 0.0 ], [ 119.238356014000033, -9.689057196999954, 0.0 ], [ 119.238134326000022, -9.689019118999965, 0.0 ], [ 119.237864775000048, -9.689043209999966, 0.0 ], [ 119.237734041000067, -9.689056053999934, 0.0 ], [ 119.23768554600008, -9.689032334999979, 0.0 ], [ 119.2374532340001, -9.688949149999928, 0.0 ], [ 119.237252604000105, -9.688871207999966, 0.0 ], [ 119.237096701000041, -9.688799304999975, 0.0 ], [ 119.236914092, -9.688680613999963, 0.0 ], [ 119.236664258000019, -9.688519521999979, 0.0 ], [ 119.236492276000035, -9.688485209999953, 0.0 ], [ 119.236290983000117, -9.688475135999965, 0.0 ], [ 119.236092049000035, -9.688533804999963, 0.0 ], [ 119.236016953000103, -9.688618494999957, 0.0 ], [ 119.235916265000014, -9.688918895999961, 0.0 ], [ 119.235721620000049, -9.689193584999941, 0.0 ], [ 119.235542775000113, -9.689376537999976, 0.0 ], [ 119.235501060000047, -9.68940895999998, 0.0 ], [ 119.23530107900001, -9.689422492999938, 0.0 ], [ 119.235144419000108, -9.689449148999927, 0.0 ], [ 119.234615479000013, -9.689587244999927, 0.0 ], [ 119.234537763000048, -9.689627243999951, 0.0 ], [ 119.234296671000038, -9.689760960999934, 0.0 ], [ 119.23417788900008, -9.689867772999946, 0.0 ], [ 119.234087901000066, -9.689851400999942, 0.0 ], [ 119.233565483, -9.689672757999972, 0.0 ], [ 119.233342931000038, -9.689502478999941, 0.0 ], [ 119.233250310000017, -9.689363834999938, 0.0 ], [ 119.233103030000052, -9.689134116999981, 0.0 ], [ 119.23307507700008, -9.689103116999945, 0.0 ], [ 119.232991671000036, -9.689029648999963, 0.0 ], [ 119.232865328000116, -9.689013774999978, 0.0 ], [ 119.232636546000094, -9.689011275999974, 0.0 ], [ 119.232489918000056, -9.688998397999967, 0.0 ], [ 119.232285465000018, -9.688935166999954, 0.0 ], [ 119.232157732000019, -9.688910552999971, 0.0 ], [ 119.231837672000097, -9.688869551999971, 0.0 ], [ 119.231767794, -9.688895712999965, 0.0 ], [ 119.231734827000082, -9.68890730399994, 0.0 ], [ 119.231722207000075, -9.688924757999928, 0.0 ], [ 119.231722012000091, -9.688925027999971, 0.0 ], [ 119.231714717000045, -9.688935116999971, 0.0 ], [ 119.231705089000116, -9.688923854999928, 0.0 ], [ 119.230252703000019, -9.687225115999979, 0.0 ], [ 119.229483045000052, -9.687441475999947, 0.0 ], [ 119.228868085000045, -9.68773334499997, 0.0 ], [ 119.227955395000095, -9.688239410999927, 0.0 ], [ 119.227461021000067, -9.688164438999934, 0.0 ], [ 119.22702369000001, -9.687845803999949, 0.0 ], [ 119.226662417000057, -9.687433452999926, 0.0 ], [ 119.226453259000095, -9.687039844999958, 0.0 ], [ 119.226415230000043, -9.686477545999935, 0.0 ], [ 119.226358187000073, -9.685877759999926, 0.0 ], [ 119.226310175000094, -9.68537004999996, 0.0 ], [ 119.226425938000034, -9.685133045999976, 0.0 ], [ 119.226619159000052, -9.684737460999941, 0.0 ], [ 119.226714231000074, -9.683425420999981, 0.0 ], [ 119.226381479000111, -9.683003692999932, 0.0 ], [ 119.226024960000018, -9.681902510999976, 0.0 ], [ 119.224836561000075, -9.681949369999927, 0.0 ], [ 119.224123522000014, -9.681925940999975, 0.0 ], [ 119.223529323000093, -9.681808793999949, 0.0 ], [ 119.223077731000103, -9.681808793999949, 0.0 ], [ 119.222533445000067, -9.682151018999946, 0.0 ], [ 119.222199046000014, -9.682324240999947, 0.0 ], [ 119.221221453000112, -9.682938246999981, 0.0 ], [ 119.219757345000062, -9.683013220999953, 0.0 ], [ 119.218217181000114, -9.683088194999925, 0.0 ], [ 119.21572629700006, -9.683256885999981, 0.0 ], [ 119.214699521000057, -9.682675837999966, 0.0 ], [ 119.214357262000021, -9.681607455999938, 0.0 ], [ 119.213995989000068, -9.681120122999971, 0.0 ], [ 119.213817776000042, -9.680724073999954, 0.0 ], [ 119.212741040000083, -9.680332891999967, 0.0 ], [ 119.206703975000096, -9.672779120999962, 0.0 ], [ 119.20518757800005, -9.671680248999962, 0.0 ], [ 119.203642660000014, -9.670567314999971, 0.0 ], [ 119.202929621000067, -9.669688679999979, 0.0 ], [ 119.202712921000057, -9.669314861999965, 0.0 ], [ 119.202679731000103, -9.669052256999976, 0.0 ], [ 119.202585843000065, -9.668900116999964, 0.0 ], [ 119.20225723100009, -9.668461542999978, 0.0 ], [ 119.202221609000048, -9.668177861999936, 0.0 ], [ 119.202247399000044, -9.667912752999939, 0.0 ], [ 119.202288106000083, -9.66775589599996, 0.0 ], [ 119.202252654000063, -9.66747315899994, 0.0 ], [ 119.202139813000031, -9.667311797999957, 0.0 ], [ 119.201994247000016, -9.667058662999978, 0.0 ], [ 119.201950625000109, -9.666829127999961, 0.0 ], [ 119.201911561000088, -9.666766423999945, 0.0 ], [ 119.201833483000087, -9.666515439999955, 0.0 ], [ 119.201831760000118, -9.666290314999969, 0.0 ], [ 119.201733168000032, -9.66617230199995, 0.0 ], [ 119.201693388000081, -9.666078457999959, 0.0 ], [ 119.201753650000114, -9.665920753999956, 0.0 ], [ 119.201743357000055, -9.665813879999973, 0.0 ], [ 119.201675843000089, -9.665742686999977, 0.0 ], [ 119.201524656000061, -9.66555839199998, 0.0 ], [ 119.201509249000082, -9.665417550999962, 0.0 ], [ 119.201447814000062, -9.665164702999959, 0.0 ], [ 119.20144863500002, -9.665011984999978, 0.0 ], [ 119.201535349000096, -9.664967678999972, 0.0 ], [ 119.201611889000105, -9.665009316999942, 0.0 ], [ 119.201821435000056, -9.665170115999956, 0.0 ], [ 119.2019414990001, -9.665132879999931, 0.0 ], [ 119.201951235000024, -9.66505056699998, 0.0 ], [ 119.201894029000073, -9.664871160999951, 0.0 ], [ 119.20182468500002, -9.664801223999973, 0.0 ], [ 119.201692104000017, -9.664717641999971, 0.0 ], [ 119.201560513000118, -9.664503234999927, 0.0 ], [ 119.201469058000043, -9.664481321999972, 0.0 ], [ 119.201150497000071, -9.664486989999943, 0.0 ], [ 119.201091387000019, -9.664545815999929, 0.0 ], [ 119.20103051600006, -9.664724109999952, 0.0 ], [ 119.200946327000111, -9.664843889999929, 0.0 ], [ 119.200914733000104, -9.664864534999936, 0.0 ], [ 119.200854016000108, -9.664860345999955, 0.0 ], [ 119.20050953000009, -9.664769664999938, 0.0 ], [ 119.200416579000034, -9.664752392999958, 0.0 ], [ 119.199883555000042, -9.664196072999971, 0.0 ], [ 119.199883487000079, -9.664196016999938, 0.0 ], [ 119.199550827000053, -9.663922103999937, 0.0 ], [ 119.199381671000083, -9.663670989999957, 0.0 ], [ 119.199385924000012, -9.663625771999932, 0.0 ], [ 119.199399247000088, -9.663484181999934, 0.0 ], [ 119.199472314000104, -9.663349892999975, 0.0 ], [ 119.199682044000042, -9.663137348999953, 0.0 ], [ 119.199806343000091, -9.66296429099998, 0.0 ], [ 119.199858408000068, -9.662735819999966, 0.0 ], [ 119.199826733, -9.662315573999933, 0.0 ], [ 119.199781639000093, -9.661499208999942, 0.0 ], [ 119.199698651000062, -9.661202928999955, 0.0 ], [ 119.199644909000085, -9.660888445999944, 0.0 ], [ 119.199711623000098, -9.660740587999953, 0.0 ], [ 119.199799498000061, -9.660547942999926, 0.0 ], [ 119.199767560000055, -9.660221177999972, 0.0 ], [ 119.199780390000114, -9.660028835999981, 0.0 ], [ 119.199845374, -9.659940364999954, 0.0 ], [ 119.199994812000114, -9.659858506999967, 0.0 ], [ 119.200147903000016, -9.659814162999965, 0.0 ], [ 119.200762999000062, -9.659668583999974, 0.0 ], [ 119.201112411000054, -9.659641133999969, 0.0 ], [ 119.201746403000016, -9.659626491999973, 0.0 ], [ 119.201912762, -9.659616291999953, 0.0 ], [ 119.202021812000112, -9.659538589999954, 0.0 ], [ 119.202044185000091, -9.659464337999964, 0.0 ], [ 119.202025279000054, -9.659278663999942, 0.0 ], [ 119.20199754500004, -9.658977911999955, 0.0 ], [ 119.202054265000015, -9.658838458999981, 0.0 ], [ 119.202151477000029, -9.658722120999926, 0.0 ], [ 119.202151543000014, -9.658722042999955, 0.0 ], [ 119.202181486000086, -9.658686207999949, 0.0 ], [ 119.202447876000065, -9.658444045999943, 0.0 ], [ 119.202469561000044, -9.658330255999942, 0.0 ], [ 119.202461467000035, -9.657954711999935, 0.0 ], [ 119.202383652000094, -9.657693495999979, 0.0 ], [ 119.202230514, -9.657425054999976, 0.0 ], [ 119.202211760000068, -9.657398866999927, 0.0 ], [ 119.201972700000056, -9.657023119999963, 0.0 ], [ 119.201935072000083, -9.656820772999936, 0.0 ], [ 119.201952577000043, -9.656710948999944, 0.0 ], [ 119.201976062000085, -9.656683678999968, 0.0 ], [ 119.202172467000082, -9.656487976999927, 0.0 ], [ 119.202351296000074, -9.656386865999934, 0.0 ], [ 119.202591762000111, -9.656216438999934, 0.0 ], [ 119.202774784000098, -9.656033415999957, 0.0 ], [ 119.20308968400002, -9.655702005999956, 0.0 ], [ 119.203141905000052, -9.655518522999955, 0.0 ], [ 119.203140282000049, -9.655346038999937, 0.0 ], [ 119.203025951000086, -9.654936473999953, 0.0 ], [ 119.202995529000077, -9.654884703999926, 0.0 ], [ 119.202842702000112, -9.654611761999945, 0.0 ], [ 119.20283784500009, -9.654565240999943, 0.0 ], [ 119.202821045000064, -9.65440506799996, 0.0 ], [ 119.202832044000047, -9.654278178999959, 0.0 ], [ 119.202835108000045, -9.65370777399994, 0.0 ], [ 119.202808906000087, -9.653327505999926, 0.0 ], [ 119.202787434000015, -9.653017366999961, 0.0 ], [ 119.201840092000111, -9.654404375999945, 0.0 ], [ 119.201386249000052, -9.654879564999931, 0.0 ], [ 119.201150831000064, -9.654998205999959, 0.0 ], [ 119.200784641000041, -9.655000550999944, 0.0 ], [ 119.200393861000066, -9.65485076899995, 0.0 ], [ 119.200214850000066, -9.654605568999955, 0.0 ], [ 119.200155513000027, -9.654524300999981, 0.0 ], [ 119.200046543000099, -9.654115002999959, 0.0 ], [ 119.200021528000093, -9.654042154999956, 0.0 ], [ 119.199890012000083, -9.65365914399996, 0.0 ], [ 119.199689573000114, -9.653390781999974, 0.0 ], [ 119.199663609000027, -9.653356014999929, 0.0 ], [ 119.199633253000115, -9.653298861999929, 0.0 ], [ 119.199496203000081, -9.653040816999976, 0.0 ], [ 119.199329470000066, -9.652683216999947, 0.0 ], [ 119.199316514000088, -9.652655415999959, 0.0 ], [ 119.199285943000064, -9.652480431999948, 0.0 ], [ 119.199255185000084, -9.652304378999929, 0.0 ], [ 119.199256542000057, -9.652210914999955, 0.0 ], [ 119.199263341, -9.651742067999976, 0.0 ], [ 119.199209911000025, -9.651133816999959, 0.0 ], [ 119.199199579000037, -9.651016193999965, 0.0 ], [ 119.199166551000076, -9.650751849999949, 0.0 ], [ 119.199130515000093, -9.650463409999929, 0.0 ], [ 119.198960777000025, -9.650157414999967, 0.0 ], [ 119.19861056100001, -9.649878145999935, 0.0 ], [ 119.19856388200003, -9.649842921999948, 0.0 ], [ 119.198208038000075, -9.649574411999936, 0.0 ], [ 119.198077484, -9.649466425999947, 0.0 ], [ 119.197898856000052, -9.649305628999969, 0.0 ], [ 119.19787959700011, -9.649287157999936, 0.0 ], [ 119.197550653, -9.648971721999942, 0.0 ], [ 119.197434629000099, -9.648805673999959, 0.0 ], [ 119.197202526000069, -9.648473489999958, 0.0 ], [ 119.197131281000111, -9.64840191899998, 0.0 ], [ 119.196700849000081, -9.647972283999934, 0.0 ], [ 119.196406854000088, -9.647798708999971, 0.0 ], [ 119.196273271000109, -9.647772255999939, 0.0 ], [ 119.196238008000023, -9.647765272999948, 0.0 ], [ 119.196060702000068, -9.647733266999978, 0.0 ], [ 119.195809042000064, -9.647763021999936, 0.0 ], [ 119.19560793200003, -9.647789671999931, 0.0 ], [ 119.195516075000114, -9.647816424999974, 0.0 ], [ 119.195192764000012, -9.647881362999954, 0.0 ], [ 119.195036120000054, -9.647917062999966, 0.0 ], [ 119.194752983000058, -9.647980827999959, 0.0 ], [ 119.194315337000035, -9.648079394999968, 0.0 ], [ 119.194192285000099, -9.648109553999973, 0.0 ], [ 119.193865574000029, -9.648189629999933, 0.0 ], [ 119.193696273000114, -9.648232175999965, 0.0 ], [ 119.193482773000028, -9.648368828999935, 0.0 ], [ 119.193157469000084, -9.648577037999928, 0.0 ], [ 119.19296246600004, -9.64884303499997, 0.0 ], [ 119.192823995000026, -9.649157471999956, 0.0 ], [ 119.192734639000037, -9.649464592999948, 0.0 ], [ 119.192721708000022, -9.649537801999941, 0.0 ], [ 119.192693980000058, -9.649694787999977, 0.0 ], [ 119.19282175100011, -9.649896036999962, 0.0 ], [ 119.193078374000038, -9.650190891999955, 0.0 ], [ 119.193202449000069, -9.650474832999976, 0.0 ], [ 119.193245858000068, -9.65057418899994, 0.0 ], [ 119.193205390000116, -9.650844631999973, 0.0 ], [ 119.19318204800004, -9.650905590999969, 0.0 ], [ 119.193108332000065, -9.651098144999935, 0.0 ], [ 119.193069560000026, -9.651199409999947, 0.0 ], [ 119.193010542000025, -9.651328561999946, 0.0 ], [ 119.192869020000103, -9.651638297999966, 0.0 ], [ 119.192808086000014, -9.651704653999957, 0.0 ], [ 119.192549871000097, -9.651985860999957, 0.0 ], [ 119.1923755790001, -9.652054800999963, 0.0 ], [ 119.19221221600003, -9.652059600999962, 0.0 ], [ 119.192092757000069, -9.65196776199997, 0.0 ], [ 119.19205184000009, -9.651936300999978, 0.0 ], [ 119.191814126000054, -9.651602457999957, 0.0 ], [ 119.191774434000081, -9.651563074999956, 0.0 ], [ 119.191575341000089, -9.651365531999943, 0.0 ], [ 119.191531141000041, -9.651321676999942, 0.0 ], [ 119.191133908000097, -9.650996376999956, 0.0 ], [ 119.191032624000059, -9.650877811999976, 0.0 ], [ 119.190840687000104, -9.650653152999951, 0.0 ], [ 119.19076252800005, -9.650561660999927, 0.0 ], [ 119.19064142000002, -9.650375549999978, 0.0 ], [ 119.190284798000107, -9.649827495999943, 0.0 ], [ 119.190256342000112, -9.649783768999953, 0.0 ], [ 119.190144261000114, -9.649630244999969, 0.0 ], [ 119.189891967000108, -9.649284663999936, 0.0 ], [ 119.189831640000079, -9.649236212999938, 0.0 ], [ 119.189656, -9.649095159999945, 0.0 ], [ 119.189600425000094, -9.64906188599997, 0.0 ], [ 119.189178243000015, -9.648809092999954, 0.0 ], [ 119.189105205000033, -9.648781147999955, 0.0 ], [ 119.188835206000022, -9.648682710999935, 0.0 ], [ 119.188741284000116, -9.648683120999976, 0.0 ], [ 119.188551842000038, -9.648684325999966, 0.0 ], [ 119.188179318000039, -9.648782205999964, 0.0 ], [ 119.187782636000065, -9.648880224999971, 0.0 ], [ 119.187677050000048, -9.648876720999965, 0.0 ], [ 119.187632155000074, -9.648875224999927, 0.0 ], [ 119.187373299000114, -9.648870895999949, 0.0 ], [ 119.18723249300001, -9.648874773999978, 0.0 ], [ 119.18716637600005, -9.648876596999969, 0.0 ], [ 119.186624608000102, -9.649154302999932, 0.0 ], [ 119.18633249200002, -9.649352991999933, 0.0 ], [ 119.186107893000099, -9.649505762999979, 0.0 ], [ 119.185979029, -9.649593416999949, 0.0 ], [ 119.185934417000112, -9.649650792999978, 0.0 ], [ 119.185742578000031, -9.649897519999968, 0.0 ], [ 119.185610429, -9.650065129999973, 0.0 ], [ 119.185422522000067, -9.650303452999935, 0.0 ], [ 119.185322292000023, -9.650430577999941, 0.0 ], [ 119.185269844000118, -9.650473199999965, 0.0 ], [ 119.185132242, -9.650585016999969, 0.0 ], [ 119.185005158000081, -9.65068828099993, 0.0 ], [ 119.184523890000037, -9.650942443999952, 0.0 ], [ 119.18449750000002, -9.650957234999964, 0.0 ], [ 119.184277515000076, -9.651080530999934, 0.0 ], [ 119.184112777000109, -9.651172863999932, 0.0 ], [ 119.18398512300007, -9.651246425999943, 0.0 ], [ 119.183583437000038, -9.651477924999938, 0.0 ], [ 119.183371794000095, -9.651769277999961, 0.0 ], [ 119.183081664000042, -9.652164442999947, 0.0 ], [ 119.18305159800002, -9.652224387999979, 0.0 ], [ 119.182795576000103, -9.65257537399998, 0.0 ], [ 119.182672608000075, -9.652707065999948, 0.0 ], [ 119.182475509000028, -9.652780183999937, 0.0 ], [ 119.182425661000025, -9.652798673999939, 0.0 ], [ 119.182267949000106, -9.652799672999947, 0.0 ], [ 119.181658373000118, -9.652803517999928, 0.0 ], [ 119.181403920000093, -9.652731900999981, 0.0 ], [ 119.181223236000051, -9.652681045999941, 0.0 ], [ 119.181222617000117, -9.652680871999962, 0.0 ], [ 119.180947511000113, -9.652603438999961, 0.0 ] ] ] ] } },
{ "type": "Feature", "properties": { "nm_kecamatan": "Kodi Bangedo" }, "geometry": { "type": "MultiPolygon", "coordinates": [ [ [ [ 119.057721590000028, -9.66573404199994, 0.0 ], [ 119.057607376000078, -9.665812563999964, 0.0 ], [ 119.05744319300004, -9.665898224999978, 0.0 ], [ 119.057271872000115, -9.665948192999963, 0.0 ], [ 119.057129104000069, -9.665983884999946, 0.0 ], [ 119.056857846000071, -9.666055268999969, 0.0 ], [ 119.056643694000059, -9.666183759999967, 0.0 ], [ 119.056372436000061, -9.666312250999965, 0.0 ], [ 119.05599410100001, -9.666526401999931, 0.0 ], [ 119.055737120000117, -9.666719138999952, 0.0 ], [ 119.055565798000089, -9.666854767999951, 0.0 ], [ 119.055315955000083, -9.666904736999982, 0.0 ], [ 119.055058973000087, -9.666933289999974, 0.0 ], [ 119.054830545000073, -9.66699039699995, 0.0 ], [ 119.054487903000108, -9.667118887999948, 0.0 ], [ 119.054295166000088, -9.667233101999955, 0.0 ], [ 119.0540167690001, -9.66729020899993, 0.0 ], [ 119.053659850000031, -9.667390146999935, 0.0 ], [ 119.053245824000101, -9.667447253999967, 0.0 ], [ 119.052924597000015, -9.66747580699996, 0.0 ], [ 119.052639061000036, -9.667411561999927, 0.0 ], [ 119.052403495000021, -9.667383007999945, 0.0 ], [ 119.052332111000055, -9.667504360999942, 0.0 ], [ 119.052317834000064, -9.668725023999968, 0.0 ], [ 119.052403495000021, -9.669488830999967, 0.0 ], [ 119.052610508000043, -9.670609557999967, 0.0 ], [ 119.05295315, -9.671209181999927, 0.0 ], [ 119.053624158000048, -9.67205151099995, 0.0 ], [ 119.054426246000048, -9.672616559999938, 0.0 ], [ 119.054772799000034, -9.67292171899993, 0.0 ], [ 119.053941897000072, -9.673397370999965, 0.0 ], [ 119.052745109000057, -9.673912065999957, 0.0 ], [ 119.051982330000101, -9.674264409999978, 0.0 ], [ 119.052410633000022, -9.67522095299995, 0.0 ], [ 119.052617646000044, -9.675856268999951, 0.0 ], [ 119.05268189200001, -9.676355955999952, 0.0 ], [ 119.052781829000082, -9.676662905999933, 0.0 ], [ 119.052827431000082, -9.676828275999981, 0.0 ], [ 119.049656195000011, -9.678161499999931, 0.0 ], [ 119.049453267000104, -9.678246813999976, 0.0 ], [ 119.050126054000089, -9.679354365999927, 0.0 ], [ 119.050181213000087, -9.679445169999951, 0.0 ], [ 119.05038584600004, -9.679764016999968, 0.0 ], [ 119.050504819000025, -9.679925820999927, 0.0 ], [ 119.050876015000085, -9.680534962999957, 0.0 ], [ 119.051037819000044, -9.680810979999933, 0.0 ], [ 119.051285283000084, -9.681058443999973, 0.0 ], [ 119.051409728000067, -9.681057095999961, 0.0 ], [ 119.051782225000011, -9.68100388199997, 0.0 ], [ 119.054510472000061, -9.686091504999979, 0.0 ], [ 119.054688931000101, -9.686091504999979, 0.0 ], [ 119.055202895000093, -9.685991566999974, 0.0 ], [ 119.055374216000018, -9.685941598999932, 0.0 ], [ 119.05558122900004, -9.685784553999952, 0.0 ], [ 119.055795381000053, -9.685570402999929, 0.0 ], [ 119.0559452870001, -9.685292005999941, 0.0 ], [ 119.056073778000041, -9.685020746999953, 0.0 ], [ 119.056330759000048, -9.684463952999977, 0.0 ], [ 119.056651987, -9.684042788999932, 0.0 ], [ 119.056823308000048, -9.683485994999955, 0.0 ], [ 119.056816169000058, -9.683236151999949, 0.0 ], [ 119.056737647000091, -9.68308624499997, 0.0 ], [ 119.05654491100006, -9.68293633899998, 0.0 ], [ 119.056337898000038, -9.682650803999934, 0.0 ], [ 119.05624509900008, -9.682365268999945, 0.0 ], [ 119.05624509900008, -9.681936965999967, 0.0 ], [ 119.056416420000119, -9.681294510999976, 0.0 ], [ 119.056552049000061, -9.681137466999928, 0.0 ], [ 119.056609156000036, -9.680744855999933, 0.0 ], [ 119.056609156000036, -9.680530703999978, 0.0 ], [ 119.056637710000018, -9.680352244999938, 0.0 ], [ 119.056744786000081, -9.68023089199994, 0.0 ], [ 119.056930384000111, -9.680130954999981, 0.0 ], [ 119.057016044000079, -9.680038155999966, 0.0 ], [ 119.057016044000079, -9.679888249999976, 0.0 ], [ 119.056901830000015, -9.679702651999946, 0.0 ], [ 119.056751924000082, -9.679538468999965, 0.0 ], [ 119.056716232000099, -9.679374285999927, 0.0 ], [ 119.056809031000057, -9.679181549999953, 0.0 ], [ 119.056958937000104, -9.679045920999954, 0.0 ], [ 119.057123120000028, -9.678953121999939, 0.0 ], [ 119.05733013300005, -9.67896025999994, 0.0 ], [ 119.057572838000056, -9.678981674999932, 0.0 ], [ 119.058022556000083, -9.679017366999972, 0.0 ], [ 119.058236708000095, -9.678988813999979, 0.0 ], [ 119.058415167000021, -9.678910290999966, 0.0 ], [ 119.058672149000017, -9.678774661999967, 0.0 ], [ 119.058929131000014, -9.678581925999936, 0.0 ], [ 119.059300327000074, -9.678467711999929, 0.0 ], [ 119.059714353000118, -9.678353497999979, 0.0 ], [ 119.059960845000091, -9.678171993999968, 0.0 ], [ 119.060061972000085, -9.677880509999966, 0.0 ], [ 119.060186894000026, -9.67769610199997, 0.0 ], [ 119.060323713000116, -9.677594974999977, 0.0 ], [ 119.060496224000076, -9.677553333999981, 0.0 ], [ 119.060621146000017, -9.677511693999975, 0.0 ], [ 119.060859092000101, -9.677339182999958, 0.0 ], [ 119.061085141000035, -9.677202363999982, 0.0 ], [ 119.061168422000037, -9.677029852999965, 0.0 ], [ 119.061334984000041, -9.676768111999934, 0.0 ], [ 119.061424214000112, -9.676649138999949, 0.0 ], [ 119.061572930000011, -9.676482576999945, 0.0 ], [ 119.061650263000047, -9.676345757999968, 0.0 ], [ 119.061739492000015, -9.67615540099996, 0.0 ], [ 119.061894157000097, -9.675852019999979, 0.0 ], [ 119.062001233000046, -9.675691405999942, 0.0 ], [ 119.062114257000076, -9.675572432999957, 0.0 ], [ 119.062322460000019, -9.675483202999942, 0.0 ], [ 119.062619893000033, -9.675393972999927, 0.0 ], [ 119.062804301000028, -9.675310691999925, 0.0 ], [ 119.063006555000015, -9.675215513999945, 0.0 ], [ 119.063119580000034, -9.675090591999947, 0.0 ], [ 119.063244501000099, -9.674924029999943, 0.0 ], [ 119.063488396000025, -9.674781261999954, 0.0 ], [ 119.063708496000118, -9.674769364999975, 0.0 ], [ 119.063910751000094, -9.67481100599997, 0.0 ], [ 119.064148697000064, -9.674852645999977, 0.0 ], [ 119.064386643000034, -9.674858594999932, 0.0 ], [ 119.064624589000118, -9.67481100599997, 0.0 ], [ 119.064910124000107, -9.67468013499996, 0.0 ], [ 119.065148070000077, -9.674620648999962, 0.0 ], [ 119.065380068000081, -9.674596853999958, 0.0 ], [ 119.065725090000115, -9.67453736799996, 0.0 ], [ 119.066004676000034, -9.674442188999933, 0.0 ], [ 119.06626046800011, -9.674352958999975, 0.0 ], [ 119.066480568000088, -9.67416855099998, 0.0 ], [ 119.066599541000073, -9.674001988999976, 0.0 ], [ 119.066748258000075, -9.67389491299997, 0.0 ], [ 119.066944563000106, -9.673871117999965, 0.0 ], [ 119.06717656100011, -9.67389491299997, 0.0 ], [ 119.067384764000053, -9.673835426999972, 0.0 ], [ 119.067604864000032, -9.673680761999947, 0.0 ], [ 119.067949886000065, -9.67347850699997, 0.0 ], [ 119.068479316000094, -9.673436866999964, 0.0 ], [ 119.068782697000074, -9.67341307199996, 0.0 ], [ 119.069050386000072, -9.673401174999981, 0.0 ], [ 119.069389460000025, -9.673341687999937, 0.0 ], [ 119.069764225000085, -9.673222714999952, 0.0 ], [ 119.070103298000049, -9.67293123099995, 0.0 ], [ 119.070246065000106, -9.672675438999931, 0.0 ], [ 119.070350960000042, -9.672472391999975, 0.0 ], [ 119.070491348000019, -9.672346280999932, 0.0 ], [ 119.070634116000065, -9.672246342999927, 0.0 ], [ 119.070926414000041, -9.672037438999951, 0.0 ], [ 119.071024493000095, -9.672106688999975, 0.0 ], [ 119.072003957000106, -9.672798272999955, 0.0 ], [ 119.074350526000103, -9.674439553999946, 0.0 ], [ 119.07565286900001, -9.675338336999971, 0.0 ], [ 119.077326864000042, -9.676406739999948, 0.0 ], [ 119.081102800000053, -9.680908246999934, 0.0 ], [ 119.081668615000012, -9.681218372999979, 0.0 ], [ 119.081805694000082, -9.681289077999963, 0.0 ], [ 119.081955826000012, -9.681377046999955, 0.0 ], [ 119.082088427000031, -9.68143114999998, 0.0 ], [ 119.082481355000027, -9.681684428999972, 0.0 ], [ 119.08272523100004, -9.68182739599996, 0.0 ], [ 119.082912709000084, -9.681916387999934, 0.0 ], [ 119.083451336000053, -9.682312500999956, 0.0 ], [ 119.083594271000038, -9.682425171999967, 0.0 ], [ 119.083722145000024, -9.682525967999936, 0.0 ], [ 119.083967002, -9.682671893999952, 0.0 ], [ 119.084068257000013, -9.682740987999978, 0.0 ], [ 119.08420873700004, -9.682854171999963, 0.0 ], [ 119.084265725000023, -9.682920735999971, 0.0 ], [ 119.084452634000058, -9.683102248999944, 0.0 ], [ 119.084603175000098, -9.683245452999927, 0.0 ], [ 119.084766446000117, -9.68337196899995, 0.0 ], [ 119.085069522000026, -9.683732546999977, 0.0 ], [ 119.085174350000102, -9.683839311999975, 0.0 ], [ 119.085612659000049, -9.684230529999979, 0.0 ], [ 119.086095161000117, -9.68457449899995, 0.0 ], [ 119.086157150000076, -9.684612628999957, 0.0 ], [ 119.086399446000087, -9.684772123999949, 0.0 ], [ 119.08658833700008, -9.684897407999927, 0.0 ], [ 119.086831209000025, -9.685036924999963, 0.0 ], [ 119.086888117000058, -9.68508113799993, 0.0 ], [ 119.087081431000115, -9.685234985999955, 0.0 ], [ 119.087128321000023, -9.685282452999957, 0.0 ], [ 119.087666241000079, -9.685666624999953, 0.0 ], [ 119.087720628000056, -9.685705254999959, 0.0 ], [ 119.087989617000062, -9.68589185899998, 0.0 ], [ 119.088270723000051, -9.686070874999928, 0.0 ], [ 119.088472634000027, -9.686232554999947, 0.0 ], [ 119.08871595700009, -9.686393654999961, 0.0 ], [ 119.089077193000094, -9.686613530999978, 0.0 ], [ 119.08912607000002, -9.686646359999941, 0.0 ], [ 119.089407118000054, -9.686842521999949, 0.0 ], [ 119.089487240000039, -9.686889711999982, 0.0 ], [ 119.089876055000104, -9.687170418999926, 0.0 ], [ 119.090230746000088, -9.687386647999972, 0.0 ], [ 119.090542335, -9.687504629999978, 0.0 ], [ 119.090715764000038, -9.687563950999959, 0.0 ], [ 119.090958833000059, -9.687626959999932, 0.0 ], [ 119.091364455000075, -9.687691706999942, 0.0 ], [ 119.091742393000118, -9.68773179599998, 0.0 ], [ 119.0919740490001, -9.687729646999969, 0.0 ], [ 119.092170892000013, -9.687729646999969, 0.0 ], [ 119.09242464700003, -9.687721039999929, 0.0 ], [ 119.092468705000101, -9.687713136999946, 0.0 ], [ 119.09291536, -9.687726959999964, 0.0 ], [ 119.093075052000017, -9.687740798999926, 0.0 ], [ 119.093440266000016, -9.687724742999933, 0.0 ], [ 119.093757162000088, -9.687743386999955, 0.0 ], [ 119.093514675000051, -9.688826923999954, 0.0 ], [ 119.093304647000082, -9.690204917999949, 0.0 ], [ 119.093472363000046, -9.690465773999961, 0.0 ], [ 119.093488295000043, -9.690524406999941, 0.0 ], [ 119.093493926000065, -9.690670711999928, 0.0 ], [ 119.093551922000074, -9.690938249999931, 0.0 ], [ 119.093561767000097, -9.691056490999927, 0.0 ], [ 119.093481731000111, -9.69173527199996, 0.0 ], [ 119.093403233000117, -9.691863745999967, 0.0 ], [ 119.093338765000112, -9.692106488999968, 0.0 ], [ 119.093343018000041, -9.692423437999935, 0.0 ], [ 119.093455455000026, -9.692535524999926, 0.0 ], [ 119.093457607000119, -9.692590142999961, 0.0 ], [ 119.093386926000107, -9.692821280999965, 0.0 ], [ 119.093245852000109, -9.69298048099995, 0.0 ], [ 119.09299344100009, -9.693185799999981, 0.0 ], [ 119.093048220000014, -9.693796798999927, 0.0 ], [ 119.093077550000089, -9.694123899999965, 0.0 ], [ 119.092969900000071, -9.695542921999959, 0.0 ], [ 119.092898669000078, -9.69621052399998, 0.0 ], [ 119.092772682000032, -9.698220016999926, 0.0 ], [ 119.092681292000066, -9.698806876999981, 0.0 ], [ 119.092608474000031, -9.699274919999937, 0.0 ], [ 119.09260258300003, -9.699757930999965, 0.0 ], [ 119.092595558000085, -9.70034388299996, 0.0 ], [ 119.092466408000064, -9.701880646999939, 0.0 ], [ 119.092320801000028, -9.703604798999947, 0.0 ], [ 119.092315747000043, -9.703656594999927, 0.0 ], [ 119.092125392000071, -9.705605053999932, 0.0 ], [ 119.092006127000104, -9.707489810999959, 0.0 ], [ 119.091815994000058, -9.709334240999965, 0.0 ], [ 119.091675460000033, -9.710896386999934, 0.0 ], [ 119.09168627400004, -9.712071991999949, 0.0 ], [ 119.091645019000111, -9.712269982999942, 0.0 ], [ 119.09158719200002, -9.712721131999956, 0.0 ], [ 119.091521697000076, -9.713150248999966, 0.0 ], [ 119.091494021000017, -9.713331584999935, 0.0 ], [ 119.091358877000062, -9.714470333999941, 0.0 ], [ 119.091374705000021, -9.715363801999956, 0.0 ], [ 119.091493699000011, -9.715755974999979, 0.0 ], [ 119.091460344000097, -9.715775157999929, 0.0 ], [ 119.091397199000085, -9.715754274999938, 0.0 ], [ 119.091319068000075, -9.715605806999974, 0.0 ], [ 119.091198189000011, -9.71531050699997, 0.0 ], [ 119.091139265000038, -9.715073956999959, 0.0 ], [ 119.09112132700011, -9.714796487999934, 0.0 ], [ 119.091110770000114, -9.714559104999978, 0.0 ], [ 119.091107015000034, -9.714407355999981, 0.0 ], [ 119.09103523400006, -9.713756646999968, 0.0 ], [ 119.090875432000075, -9.713494281999942, 0.0 ], [ 119.090676497000118, -9.713341991999926, 0.0 ], [ 119.090123155000015, -9.713035350999974, 0.0 ], [ 119.089850755000043, -9.712978426999939, 0.0 ], [ 119.089443237000069, -9.712868070999946, 0.0 ], [ 119.089015343000028, -9.712639187999969, 0.0 ], [ 119.088748251000084, -9.712423002999969, 0.0 ], [ 119.088446407000106, -9.712147521999952, 0.0 ], [ 119.088227470000106, -9.712104178999937, 0.0 ], [ 119.088149520000115, -9.712145421999935, 0.0 ], [ 119.088026416000048, -9.712245676999942, 0.0 ], [ 119.087918424, -9.712237458999937, 0.0 ], [ 119.087892231000069, -9.712180989999979, 0.0 ], [ 119.087950732000081, -9.712098473999959, 0.0 ], [ 119.087973345000023, -9.71200816399994, 0.0 ], [ 119.08789468100008, -9.711839662999978, 0.0 ], [ 119.087661370000092, -9.711465334999957, 0.0 ], [ 119.087541341000019, -9.711424911999927, 0.0 ], [ 119.087249726000096, -9.711330851999946, 0.0 ], [ 119.087265755000089, -9.711253287999966, 0.0 ], [ 119.087302406000049, -9.711109662999945, 0.0 ], [ 119.087189013000057, -9.71099720199993, 0.0 ], [ 119.086965766000048, -9.710870132999958, 0.0 ], [ 119.086388215000056, -9.710565064999969, 0.0 ], [ 119.085565064000093, -9.710006410999938, 0.0 ], [ 119.085201726000037, -9.709804912999971, 0.0 ], [ 119.084638073000065, -9.70944409599997, 0.0 ], [ 119.084608904000106, -9.709409711999967, 0.0 ], [ 119.084450128000071, -9.709274440999934, 0.0 ], [ 119.084246429000018, -9.709201453999981, 0.0 ], [ 119.083918127000061, -9.709099407999929, 0.0 ], [ 119.083854752000093, -9.70886911499997, 0.0 ], [ 119.083378861000028, -9.708591877999936, 0.0 ], [ 119.083236394000096, -9.708481905999975, 0.0 ], [ 119.083189700000048, -9.708379115999946, 0.0 ], [ 119.08316057400009, -9.70824781999994, 0.0 ], [ 119.082998983000039, -9.708011499999941, 0.0 ], [ 119.082625110000095, -9.707796727999948, 0.0 ], [ 119.082415988000093, -9.707680026999981, 0.0 ], [ 119.082339937000029, -9.707571032999965, 0.0 ], [ 119.082236861000069, -9.707379939999953, 0.0 ], [ 119.082199658000036, -9.707335187999945, 0.0 ], [ 119.082108803000096, -9.707263261999969, 0.0 ], [ 119.0820529, -9.707194282999978, 0.0 ], [ 119.081696863000047, -9.706935753999971, 0.0 ], [ 119.081619466, -9.706890827999928, 0.0 ], [ 119.081099938000079, -9.706610663999982, 0.0 ], [ 119.080623108000054, -9.706477365999945, 0.0 ], [ 119.080444777000025, -9.706492269999956, 0.0 ], [ 119.080279077000114, -9.706515552999974, 0.0 ], [ 119.08000555000001, -9.706522204999942, 0.0 ], [ 119.079870288000052, -9.706534390999934, 0.0 ], [ 119.079776067000012, -9.706404067999927, 0.0 ], [ 119.079665440000099, -9.706280426999967, 0.0 ], [ 119.079483362000019, -9.706161553999948, 0.0 ], [ 119.079378001, -9.706174475999944, 0.0 ], [ 119.079182391000018, -9.706205820999969, 0.0 ], [ 119.078957626000033, -9.706152069999973, 0.0 ], [ 119.078891657000099, -9.706033723999951, 0.0 ], [ 119.078906035000045, -9.705852848999939, 0.0 ], [ 119.078841810000085, -9.705691883999975, 0.0 ], [ 119.078693695000084, -9.705365383999947, 0.0 ], [ 119.078573563000077, -9.704826347999926, 0.0 ], [ 119.078447905000075, -9.704674552999961, 0.0 ], [ 119.078350657000101, -9.704670660999966, 0.0 ], [ 119.078011078000031, -9.704758615999936, 0.0 ], [ 119.077572882000027, -9.705001703999926, 0.0 ], [ 119.07750205100001, -9.704937708999978, 0.0 ], [ 119.077460342000109, -9.704846144999976, 0.0 ], [ 119.077509725000027, -9.704765110999972, 0.0 ], [ 119.077621105000048, -9.704578579999975, 0.0 ], [ 119.077580685000044, -9.704491044999941, 0.0 ], [ 119.077506295000035, -9.704466349999961, 0.0 ], [ 119.076807348000102, -9.704229442999974, 0.0 ], [ 119.076726446000066, -9.70415090299997, 0.0 ], [ 119.076353884000014, -9.703623859999936, 0.0 ], [ 119.076187831000084, -9.703385773999969, 0.0 ], [ 119.076018515000101, -9.70316681099996, 0.0 ], [ 119.075824174000104, -9.703101034999975, 0.0 ], [ 119.07554407300006, -9.703101157999981, 0.0 ], [ 119.075453781000078, -9.703157768999972, 0.0 ], [ 119.075370165000095, -9.703163915999937, 0.0 ], [ 119.075265812000112, -9.703110366999965, 0.0 ], [ 119.075266315000022, -9.703046039999947, 0.0 ], [ 119.075327887000071, -9.702825064999956, 0.0 ], [ 119.075290393000046, -9.702641575999962, 0.0 ], [ 119.075199752000117, -9.702561227999979, 0.0 ], [ 119.074929659000077, -9.702405510999938, 0.0 ], [ 119.074501, -9.702257784999972, 0.0 ], [ 119.074041001000069, -9.702073171999928, 0.0 ], [ 119.072965894000049, -9.70177592899995, 0.0 ], [ 119.072411355000099, -9.701525646999926, 0.0 ], [ 119.07199158100002, -9.701464142999953, 0.0 ], [ 119.071887594000032, -9.701510286999962, 0.0 ], [ 119.071754053000063, -9.701642278999941, 0.0 ], [ 119.071541939000099, -9.701785303999941, 0.0 ], [ 119.071364671000083, -9.701799250999954, 0.0 ], [ 119.071127715000102, -9.701744363999978, 0.0 ], [ 119.070986229000027, -9.70161685599993, 0.0 ], [ 119.070778875000087, -9.701486383999963, 0.0 ], [ 119.070657939000057, -9.701376240999934, 0.0 ], [ 119.070559253000056, -9.701131270999952, 0.0 ], [ 119.070439767000039, -9.700922434999939, 0.0 ], [ 119.070152784000015, -9.700624938999965, 0.0 ], [ 119.06997978000004, -9.700532910999925, 0.0 ], [ 119.068728323000073, -9.700056016999952, 0.0 ], [ 119.068351551000092, -9.699752419999982, 0.0 ], [ 119.068256467000083, -9.69966861499995, 0.0 ], [ 119.068209845000069, -9.699702986999966, 0.0 ], [ 119.067896979000011, -9.700101472999961, 0.0 ], [ 119.067784989000074, -9.700118325999938, 0.0 ], [ 119.067753083000071, -9.700070473999972, 0.0 ], [ 119.067816002000086, -9.699901567999973, 0.0 ], [ 119.067741776000048, -9.699666692999926, 0.0 ], [ 119.067807473000016, -9.699579411999935, 0.0 ], [ 119.067835235000075, -9.699473943999976, 0.0 ], [ 119.067778986, -9.699406225999951, 0.0 ], [ 119.067601921000119, -9.699307597999962, 0.0 ], [ 119.067328810000049, -9.699135379999973, 0.0 ], [ 119.067183128000011, -9.699064022999949, 0.0 ], [ 119.067145055000083, -9.699013105999938, 0.0 ], [ 119.067024016000119, -9.698930254999937, 0.0 ], [ 119.06675271000006, -9.698843721999935, 0.0 ], [ 119.06652147200009, -9.69874651899994, 0.0 ], [ 119.065963774000011, -9.698552116999963, 0.0 ], [ 119.065302079000048, -9.698416100999964, 0.0 ], [ 119.064804042000105, -9.698266098999966, 0.0 ], [ 119.064421346000017, -9.698171255999966, 0.0 ], [ 119.064073596000071, -9.698073561999934, 0.0 ], [ 119.062739733000058, -9.697545008999953, 0.0 ], [ 119.062365156000055, -9.697440581999956, 0.0 ], [ 119.062296310000079, -9.69736258599994, 0.0 ], [ 119.062205718000087, -9.697249366999927, 0.0 ], [ 119.06215398300003, -9.697269674999973, 0.0 ], [ 119.062020113000017, -9.697339442999976, 0.0 ], [ 119.06185744600009, -9.697371915999952, 0.0 ], [ 119.061601197000073, -9.697350984999957, 0.0 ], [ 119.061350484000059, -9.697345211999959, 0.0 ], [ 119.061103861000106, -9.69737766999998, 0.0 ], [ 119.060958828000025, -9.697396779999963, 0.0 ], [ 119.06073372100002, -9.697481368999945, 0.0 ], [ 119.060631535000084, -9.69758073099996, 0.0 ], [ 119.060528249000072, -9.69790762599996, 0.0 ], [ 119.060469475000104, -9.698224082999957, 0.0 ], [ 119.060366527000042, -9.698651002999952, 0.0 ], [ 119.060240413000088, -9.698791321999977, 0.0 ], [ 119.060071021000113, -9.698880728999939, 0.0 ], [ 119.059934812000051, -9.699000286999933, 0.0 ], [ 119.059660391000079, -9.699403344999951, 0.0 ], [ 119.059497726000018, -9.69945589699995, 0.0 ], [ 119.059329622000064, -9.699180754999929, 0.0 ], [ 119.059276527000065, -9.699093965999964, 0.0 ], [ 119.059222550000072, -9.69899781099997, 0.0 ], [ 119.059260780000045, -9.698734581999929, 0.0 ], [ 119.059279089000029, -9.69844214799997, 0.0 ], [ 119.059212609000042, -9.698322838999957, 0.0 ], [ 119.059103895000021, -9.698241739999958, 0.0 ], [ 119.058899268000118, -9.698160322999968, 0.0 ], [ 119.058690503000093, -9.698077271999978, 0.0 ], [ 119.058560221000107, -9.698115692999977, 0.0 ], [ 119.058203439000067, -9.698444458999973, 0.0 ], [ 119.058090871000104, -9.698535553999932, 0.0 ], [ 119.057905418000018, -9.698558724999941, 0.0 ], [ 119.057854341000052, -9.698502957999949, 0.0 ], [ 119.057871141000078, -9.698451785999964, 0.0 ], [ 119.05796616300006, -9.698373772999958, 0.0 ], [ 119.058077857000058, -9.698245190999955, 0.0 ], [ 119.058163972000102, -9.69803282099997, 0.0 ], [ 119.05818006700008, -9.697873575999949, 0.0 ], [ 119.058094274000041, -9.697708518999946, 0.0 ], [ 119.057609314000047, -9.697175946999948, 0.0 ], [ 119.057257726000103, -9.696857989999955, 0.0 ], [ 119.057057448000023, -9.696734195999966, 0.0 ], [ 119.05662063300008, -9.69661251499997, 0.0 ], [ 119.056609878000017, -9.69664847699994, 0.0 ], [ 119.056511159000024, -9.696726922999972, 0.0 ], [ 119.056428174000075, -9.696697292999943, 0.0 ], [ 119.056351237000058, -9.696603349999975, 0.0 ], [ 119.056296997000118, -9.696513784999979, 0.0 ], [ 119.056260959000042, -9.696488552999938, 0.0 ], [ 119.056234107000023, -9.696347271999969, 0.0 ], [ 119.056083021000063, -9.696056445999943, 0.0 ], [ 119.055884170000013, -9.695821207999927, 0.0 ], [ 119.055598328000087, -9.695541752999929, 0.0 ], [ 119.055100175, -9.695242177999944, 0.0 ], [ 119.054297490000067, -9.69494947499993, 0.0 ], [ 119.054169524000031, -9.694902801999945, 0.0 ], [ 119.05381340800011, -9.694918362999942, 0.0 ], [ 119.053651832000014, -9.69491906899998, 0.0 ], [ 119.053612849000046, -9.694865409999977, 0.0 ], [ 119.053213726000081, -9.694231222999974, 0.0 ], [ 119.052876586000025, -9.693949068999927, 0.0 ], [ 119.05236772, -9.693663288999971, 0.0 ], [ 119.05211608500008, -9.693626233999964, 0.0 ], [ 119.051982539000051, -9.693568162999952, 0.0 ], [ 119.051753363000103, -9.693452914999966, 0.0 ], [ 119.051676987000064, -9.693385207999938, 0.0 ], [ 119.051514895000082, -9.693206291999957, 0.0 ], [ 119.051185158000067, -9.693013193999946, 0.0 ], [ 119.050906189000102, -9.692989142999977, 0.0 ], [ 119.050866608000092, -9.692984130999946, 0.0 ], [ 119.050766185000043, -9.692990678999934, 0.0 ], [ 119.050663486000076, -9.692898970999977, 0.0 ], [ 119.050505883000028, -9.692750286999967, 0.0 ], [ 119.049979742000119, -9.692498880999949, 0.0 ], [ 119.049718958000085, -9.692461048999974, 0.0 ], [ 119.049438808000104, -9.692480710999973, 0.0 ], [ 119.049120175000098, -9.692493099999979, 0.0 ], [ 119.04892494, -9.692284063999978, 0.0 ], [ 119.048674963000053, -9.692023972999948, 0.0 ], [ 119.048503538000091, -9.691811477999977, 0.0 ], [ 119.048404816000016, -9.691605024999944, 0.0 ], [ 119.048245928000028, -9.691285691999951, 0.0 ], [ 119.047793642000101, -9.690642818999947, 0.0 ], [ 119.047616148000088, -9.690430521999929, 0.0 ], [ 119.047397019000073, -9.690168444999927, 0.0 ], [ 119.047234659000083, -9.689908222999975, 0.0 ], [ 119.046762045000037, -9.689181521999956, 0.0 ], [ 119.046412164000117, -9.688933316999965, 0.0 ], [ 119.045043954000107, -9.68817172599995, 0.0 ], [ 119.044362944000113, -9.687875252999959, 0.0 ], [ 119.0442301920001, -9.68789875799996, 0.0 ], [ 119.04396908700005, -9.687943587999939, 0.0 ], [ 119.043854862000103, -9.687802537999971, 0.0 ], [ 119.043673736000073, -9.687615646999973, 0.0 ], [ 119.04369053500011, -9.687538786999937, 0.0 ], [ 119.043726233000029, -9.687427300999957, 0.0 ], [ 119.043593987, -9.687287424999965, 0.0 ], [ 119.043160854, -9.686910552999962, 0.0 ], [ 119.041560729000025, -9.685736554999949, 0.0 ], [ 119.041481628000042, -9.685662476999937, 0.0 ], [ 119.041110093000043, -9.685212725999975, 0.0 ], [ 119.040764848000094, -9.684891291999975, 0.0 ], [ 119.040109727000072, -9.684211646999927, 0.0 ], [ 119.039720504000115, -9.683903879999946, 0.0 ], [ 119.037856290000036, -9.682615781999971, 0.0 ], [ 119.037465846000032, -9.682392519999951, 0.0 ], [ 119.035981042000117, -9.681693942999971, 0.0 ], [ 119.035313581000082, -9.681444203999945, 0.0 ], [ 119.034789119000038, -9.681142109999939, 0.0 ], [ 119.034025659, -9.680605492999973, 0.0 ], [ 119.03357140300011, -9.680181303999973, 0.0 ], [ 119.033031999000059, -9.679736035999952, 0.0 ], [ 119.032470894000085, -9.679304806999937, 0.0 ], [ 119.032135131000018, -9.67908719299993, 0.0 ], [ 119.03148309900007, -9.678753522999955, 0.0 ], [ 119.0310924690001, -9.678407945999936, 0.0 ], [ 119.03034905200002, -9.677763597999956, 0.0 ], [ 119.029862080000044, -9.677454097999941, 0.0 ], [ 119.029405966000013, -9.677162623999948, 0.0 ], [ 119.028349386000059, -9.676389847999928, 0.0 ], [ 119.028152961000046, -9.676356071999976, 0.0 ], [ 119.027917461000015, -9.676343022999959, 0.0 ], [ 119.027865033000012, -9.676267455999948, 0.0 ], [ 119.027875393000045, -9.676135322999926, 0.0 ], [ 119.027934294000033, -9.676037457999939, 0.0 ], [ 119.028101743000093, -9.675843442999962, 0.0 ], [ 119.028152466000051, -9.675735017999955, 0.0 ], [ 119.028129228000012, -9.675652035999974, 0.0 ], [ 119.02800839400004, -9.675489907999975, 0.0 ], [ 119.027842130000067, -9.675344844999927, 0.0 ], [ 119.027632610000069, -9.675278689999971, 0.0 ], [ 119.027396553000017, -9.675289410999937, 0.0 ], [ 119.027162053000097, -9.675345400999959, 0.0 ], [ 119.027084670000022, -9.675446817999955, 0.0 ], [ 119.026910395000073, -9.675459149999938, 0.0 ], [ 119.026724595000019, -9.675421974999949, 0.0 ], [ 119.026578955000105, -9.675337140999943, 0.0 ], [ 119.026185552000015, -9.675084101999971, 0.0 ], [ 119.02609708600005, -9.674956788999964, 0.0 ], [ 119.026001176000022, -9.674698741999975, 0.0 ], [ 119.026003304000028, -9.674181098999952, 0.0 ], [ 119.026014163000013, -9.673996692999935, 0.0 ], [ 119.025947199000029, -9.67378645499997, 0.0 ], [ 119.025774202000093, -9.673474929999941, 0.0 ], [ 119.025669774000107, -9.673321900999952, 0.0 ], [ 119.025574613000117, -9.67317595999998, 0.0 ], [ 119.025455614000066, -9.672988686999929, 0.0 ], [ 119.025287959000025, -9.672833834999949, 0.0 ], [ 119.025127093000037, -9.672702768999955, 0.0 ], [ 119.025062015000117, -9.672563390999926, 0.0 ], [ 119.024921888000108, -9.672358010999972, 0.0 ], [ 119.024896112000079, -9.672197113999971, 0.0 ], [ 119.024912086000086, -9.672088092999957, 0.0 ], [ 119.024795022000035, -9.67184003899996, 0.0 ], [ 119.024664621000056, -9.671473351999964, 0.0 ], [ 119.02462562300002, -9.67127673899995, 0.0 ], [ 119.024601565000012, -9.671160573999941, 0.0 ], [ 119.024185239000076, -9.670361474999936, 0.0 ], [ 119.023838883000053, -9.669907400999932, 0.0 ], [ 119.022971775000087, -9.668770596999934, 0.0 ], [ 119.022689598000056, -9.668606326999964, 0.0 ], [ 119.021640604000027, -9.668041571999936, 0.0 ], [ 119.021398521000037, -9.667799724999952, 0.0 ], [ 119.021052132000023, -9.667354063999937, 0.0 ], [ 119.020993594000061, -9.66724788099998, 0.0 ], [ 119.020968584000116, -9.667147468999929, 0.0 ], [ 119.021009460000073, -9.667072127999973, 0.0 ], [ 119.020941173000097, -9.66691359899994, 0.0 ], [ 119.020805692000067, -9.666739954999969, 0.0 ], [ 119.020451928000057, -9.666380991999972, 0.0 ], [ 119.020400257, -9.666253209999979, 0.0 ], [ 119.020363282000062, -9.666056121999929, 0.0 ], [ 119.020342036000102, -9.665911315999949, 0.0 ], [ 119.020168098000113, -9.665565604999927, 0.0 ], [ 119.020017161000055, -9.66523353599996, 0.0 ], [ 119.019806388, -9.664581675999955, 0.0 ], [ 119.019533335, -9.664155817999927, 0.0 ], [ 119.019492716000059, -9.664079224999966, 0.0 ], [ 119.019781902000091, -9.663969532999943, 0.0 ], [ 119.020134062000011, -9.663979050999956, 0.0 ], [ 119.020187135000015, -9.664003174999948, 0.0 ], [ 119.020383585000104, -9.664092469999957, 0.0 ], [ 119.020657544000073, -9.664216996999926, 0.0 ], [ 119.02141305300006, -9.664399464999974, 0.0 ], [ 119.02152331700006, -9.664393649999965, 0.0 ], [ 119.022109030000024, -9.664310929999942, 0.0 ], [ 119.023005342000033, -9.664036087999932, 0.0 ], [ 119.023313061000067, -9.664058602999944, 0.0 ], [ 119.023812271000111, -9.664095127999929, 0.0 ], [ 119.025111498000115, -9.664190188999953, 0.0 ], [ 119.026927557000022, -9.663968196999974, 0.0 ], [ 119.027828817000113, -9.663858028999925, 0.0 ], [ 119.029185532000042, -9.663664961999928, 0.0 ], [ 119.030061174000025, -9.663541229999964, 0.0 ], [ 119.03119989400011, -9.663192725999977, 0.0 ], [ 119.031958397000039, -9.66261379599996, 0.0 ], [ 119.032316664000064, -9.663057716999958, 0.0 ], [ 119.034133720000113, -9.662269755999944, 0.0 ], [ 119.034942091000062, -9.662938650999934, 0.0 ], [ 119.035067058000095, -9.663024911999969, 0.0 ], [ 119.039247182000054, -9.665910330999964, 0.0 ], [ 119.039962885000023, -9.666627637999966, 0.0 ], [ 119.04058422300011, -9.666598049999948, 0.0 ], [ 119.040591393000113, -9.666597708999973, 0.0 ], [ 119.040706149000016, -9.666592244999947, 0.0 ], [ 119.046866942000065, -9.66634001999995, 0.0 ], [ 119.045383255000047, -9.661574680999934, 0.0 ], [ 119.045337676000031, -9.661412878999954, 0.0 ], [ 119.050537272000042, -9.660654929999964, 0.0 ], [ 119.050584143000037, -9.660647332999929, 0.0 ], [ 119.051135900000077, -9.660548272999961, 0.0 ], [ 119.051615642000115, -9.660512530999938, 0.0 ], [ 119.052360770000064, -9.660257957999931, 0.0 ], [ 119.052912567000021, -9.660163058999956, 0.0 ], [ 119.053200987000082, -9.660064869999928, 0.0 ], [ 119.053301840000017, -9.660034225999937, 0.0 ], [ 119.054767792, -9.661001881999937, 0.0 ], [ 119.05507096000008, -9.661195939999971, 0.0 ], [ 119.055433123000057, -9.661433780999971, 0.0 ], [ 119.055597181000053, -9.661541510999939, 0.0 ], [ 119.055768489000116, -9.66165400899996, 0.0 ], [ 119.055964363000044, -9.661782633999962, 0.0 ], [ 119.057468669000059, -9.662819869999964, 0.0 ], [ 119.059425557000054, -9.664169195999932, 0.0 ], [ 119.059637805000079, -9.664315536999936, 0.0 ], [ 119.060721544000103, -9.665063686999929, 0.0 ], [ 119.058417550000058, -9.66570797199995, 0.0 ], [ 119.058135616000072, -9.665655519999973, 0.0 ], [ 119.057921465000049, -9.665684072999966, 0.0 ], [ 119.057721590000028, -9.66573404199994, 0.0 ] ] ], [ [ [ 119.038479015, -9.630699890999949, 0.0 ], [ 119.038214189000087, -9.630700282999953, 0.0 ], [ 119.038179516000014, -9.630708284999969, 0.0 ], [ 119.037421997000024, -9.630742940999937, 0.0 ], [ 119.03681446600001, -9.630556750999972, 0.0 ], [ 119.036555448000058, -9.630477973999973, 0.0 ], [ 119.036402894000048, -9.630431576999968, 0.0 ], [ 119.035914968000043, -9.630283179999935, 0.0 ], [ 119.035646121000013, -9.630201409999927, 0.0 ], [ 119.035267500000032, -9.630147689999944, 0.0 ], [ 119.034738860000061, -9.63014895799995, 0.0 ], [ 119.034516889000088, -9.630222676999949, 0.0 ], [ 119.034432222000078, -9.630291927999963, 0.0 ], [ 119.034309435000068, -9.630392351999944, 0.0 ], [ 119.034158543000103, -9.630610864999937, 0.0 ], [ 119.034087137000029, -9.630852543999936, 0.0 ], [ 119.033981202000064, -9.631314877999955, 0.0 ], [ 119.033904095000025, -9.631998282999973, 0.0 ], [ 119.033712637, -9.633777235999958, 0.0 ], [ 119.033337170000095, -9.635090251999941, 0.0 ], [ 119.033210733000033, -9.635319472999981, 0.0 ], [ 119.032662654000092, -9.635937861999935, 0.0 ], [ 119.032490605000021, -9.636014689999968, 0.0 ], [ 119.032275671000093, -9.636009893999926, 0.0 ], [ 119.032041965000076, -9.635912205999944, 0.0 ], [ 119.031848732000071, -9.635729969999943, 0.0 ], [ 119.031613844000049, -9.635373347999973, 0.0 ], [ 119.031368168000085, -9.634876169999927, 0.0 ], [ 119.031219810000039, -9.634593328999927, 0.0 ], [ 119.030817659000036, -9.634033612999929, 0.0 ], [ 119.030600329000094, -9.633792392999965, 0.0 ], [ 119.030367230000024, -9.633578661999934, 0.0 ], [ 119.030092721000074, -9.633484236999948, 0.0 ], [ 119.029577730000028, -9.633406814999944, 0.0 ], [ 119.029535514000031, -9.633401698999933, 0.0 ], [ 119.029168707000053, -9.633421754999972, 0.0 ], [ 119.028924612000083, -9.633412444999976, 0.0 ], [ 119.028400992000115, -9.633348708999961, 0.0 ], [ 119.027910139000028, -9.63337821999994, 0.0 ], [ 119.027504735000093, -9.63339753799994, 0.0 ], [ 119.027246140000102, -9.63340986299994, 0.0 ], [ 119.027164518000063, -9.633421617999943, 0.0 ], [ 119.026941273000034, -9.633430584999928, 0.0 ], [ 119.026855187000024, -9.633466189999979, 0.0 ], [ 119.026806460000103, -9.633485901999961, 0.0 ], [ 119.026542694000113, -9.633592619999945, 0.0 ], [ 119.026431468000055, -9.633637618999956, 0.0 ], [ 119.02638150100006, -9.633657833999962, 0.0 ], [ 119.02620054700003, -9.63370806699993, 0.0 ], [ 119.026099963000092, -9.63373599199997, 0.0 ], [ 119.02597266600003, -9.633736749999969, 0.0 ], [ 119.025926420000019, -9.633737024999959, 0.0 ], [ 119.025833707000061, -9.633684493999965, 0.0 ], [ 119.025731848000078, -9.633648430999926, 0.0 ], [ 119.025556363000078, -9.633667774999935, 0.0 ], [ 119.025439080000069, -9.63374291599996, 0.0 ], [ 119.025402686, -9.633751514999972, 0.0 ], [ 119.025344742000016, -9.633824766999965, 0.0 ], [ 119.025225615000068, -9.633999556999981, 0.0 ], [ 119.025181070000031, -9.634274681999955, 0.0 ], [ 119.025163252000084, -9.634384740999963, 0.0 ], [ 119.025117339000076, -9.634439992999944, 0.0 ], [ 119.025074799000095, -9.63444385899993, 0.0 ], [ 119.02503432200001, -9.634458836999954, 0.0 ], [ 119.024962367000057, -9.634449832999962, 0.0 ], [ 119.024598896000043, -9.634353360999967, 0.0 ], [ 119.024554828000078, -9.634337493999965, 0.0 ], [ 119.02415028300004, -9.634191784999928, 0.0 ], [ 119.024119714000108, -9.634177320999981, 0.0 ], [ 119.02390841700003, -9.634046801999943, 0.0 ], [ 119.02341922100004, -9.633599441999934, 0.0 ], [ 119.023176282, -9.633330847999957, 0.0 ], [ 119.022788337000065, -9.632886897999981, 0.0 ], [ 119.022527643000103, -9.632567741999935, 0.0 ], [ 119.022327206000114, -9.632281864999982, 0.0 ], [ 119.022074211000017, -9.63144230499995, 0.0 ], [ 119.021997328000111, -9.631158441999958, 0.0 ], [ 119.02193060500008, -9.63095463999997, 0.0 ], [ 119.021820019000074, -9.630627422999964, 0.0 ], [ 119.021619031000114, -9.63041411599994, 0.0 ], [ 119.021365554000113, -9.630212232999952, 0.0 ], [ 119.020912621000093, -9.629994847999967, 0.0 ], [ 119.020781686000078, -9.629923628999961, 0.0 ], [ 119.020498144000044, -9.629782363999936, 0.0 ], [ 119.020221845000037, -9.629600736999976, 0.0 ], [ 119.019711932000064, -9.629269382999951, 0.0 ], [ 119.018847543000106, -9.628769802999955, 0.0 ], [ 119.018493558000046, -9.628500147999944, 0.0 ], [ 119.017915206000112, -9.627817746999938, 0.0 ], [ 119.017507150000029, -9.627237841999943, 0.0 ], [ 119.017263536000087, -9.62695373899993, 0.0 ], [ 119.017225868000082, -9.626922166999975, 0.0 ], [ 119.017063341000039, -9.626785921999954, 0.0 ], [ 119.01701128600007, -9.626756826999951, 0.0 ], [ 119.016911748000098, -9.62676255599996, 0.0 ], [ 119.016786462000027, -9.626763302999962, 0.0 ], [ 119.016590962, -9.626803268999936, 0.0 ], [ 119.016367927000033, -9.626879831999929, 0.0 ], [ 119.016185270000051, -9.627031857999953, 0.0 ], [ 119.016096767000022, -9.627103743999953, 0.0 ], [ 119.015811442000086, -9.627415932999952, 0.0 ], [ 119.015525589000049, -9.627624680999929, 0.0 ], [ 119.01536073300008, -9.627659048999931, 0.0 ], [ 119.015173487000084, -9.627678497999966, 0.0 ], [ 119.01456014900009, -9.627694991999931, 0.0 ], [ 119.014103438, -9.627709854999978, 0.0 ], [ 119.013956970000095, -9.627707971999939, 0.0 ], [ 119.013477179, -9.627753083999949, 0.0 ], [ 119.013194297000041, -9.627759185999935, 0.0 ], [ 119.012917483000024, -9.627777772999934, 0.0 ], [ 119.012655021000114, -9.627770818999977, 0.0 ], [ 119.01226393200011, -9.62785073799995, 0.0 ], [ 119.012197076, -9.62787325499994, 0.0 ], [ 119.011717666000095, -9.628036970999972, 0.0 ], [ 119.011023654000041, -9.628331565999929, 0.0 ], [ 119.00994611200008, -9.628770024999938, 0.0 ], [ 119.009513419000086, -9.628982595999958, 0.0 ], [ 119.009191370000053, -9.629149630999962, 0.0 ], [ 119.008826838000118, -9.629307048999976, 0.0 ], [ 119.008566487000053, -9.629425023999943, 0.0 ], [ 119.008201258000099, -9.62946599299994, 0.0 ], [ 119.007882824000035, -9.629420231999973, 0.0 ], [ 119.006814706000114, -9.629276243999925, 0.0 ], [ 119.006227615000057, -9.629158743999938, 0.0 ], [ 119.00609307700006, -9.629131814999937, 0.0 ], [ 119.005681289000108, -9.629058657999963, 0.0 ], [ 119.005039804000035, -9.628979709999953, 0.0 ], [ 119.004543299000034, -9.628892008999969, 0.0 ], [ 119.004099268000118, -9.628842834999944, 0.0 ], [ 119.003654818000086, -9.628836086999968, 0.0 ], [ 119.003486305000024, -9.62892405599996, 0.0 ], [ 119.003448204000051, -9.629105396999933, 0.0 ], [ 119.003501340000071, -9.629260397999929, 0.0 ], [ 119.003619551000043, -9.629389087999925, 0.0 ], [ 119.003751150000085, -9.629569462999939, 0.0 ], [ 119.003804807000051, -9.629815021999946, 0.0 ], [ 119.003740679000089, -9.63000945899995, 0.0 ], [ 119.003693525000017, -9.630083861999935, 0.0 ], [ 119.003660282000055, -9.630159797999966, 0.0 ], [ 119.00352496000005, -9.630309373999978, 0.0 ], [ 119.003494679000028, -9.630347365999967, 0.0 ], [ 119.003350764000061, -9.630401596999945, 0.0 ], [ 119.003116266, -9.630502886999977, 0.0 ], [ 119.003025660000048, -9.630565682999929, 0.0 ], [ 119.003004499000099, -9.630551160999971, 0.0 ], [ 119.002914422000117, -9.630489669999974, 0.0 ], [ 119.002546156000108, -9.630320875999928, 0.0 ], [ 119.002906344000053, -9.630310652999981, 0.0 ], [ 119.002951143000018, -9.630316028999971, 0.0 ], [ 119.003099004000092, -9.630188899999951, 0.0 ], [ 119.003161848000104, -9.630084135999937, 0.0 ], [ 119.003125016000013, -9.629968678999944, 0.0 ], [ 119.002940742000078, -9.62981092299998, 0.0 ], [ 119.002805505000083, -9.630018940999946, 0.0 ], [ 119.002598523000074, -9.630056171999968, 0.0 ], [ 119.002484118000098, -9.630111876999933, 0.0 ], [ 119.002277242000105, -9.630039341999975, 0.0 ], [ 119.002041993000034, -9.629942798999934, 0.0 ], [ 119.001785284000107, -9.629874078999933, 0.0 ], [ 119.001650315, -9.629584719999968, 0.0 ], [ 119.001528573000087, -9.629499718999966, 0.0 ], [ 119.001437322000015, -9.629514220999965, 0.0 ], [ 119.001030869000033, -9.629618701999959, 0.0 ], [ 119.00087846100007, -9.629763449999928, 0.0 ], [ 119.000753509000106, -9.629795185999967, 0.0 ], [ 119.000734749000117, -9.629840786999978, 0.0 ], [ 119.000158527000053, -9.62979655099997, 0.0 ], [ 119.000006554000038, -9.62964926799998, 0.0 ], [ 118.99979851, -9.629412511999931, 0.0 ], [ 118.999604912000109, -9.62933775099998, 0.0 ], [ 118.999128958000028, -9.629205399999933, 0.0 ], [ 118.999084709000044, -9.629195239999945, 0.0 ], [ 118.998705456000039, -9.629075741999941, 0.0 ], [ 118.998248777000072, -9.628874002999964, 0.0 ], [ 118.997725444000025, -9.628568323999957, 0.0 ], [ 118.996247533000087, -9.627582789999963, 0.0 ], [ 118.995808645000011, -9.62722501899998, 0.0 ], [ 118.99540641100009, -9.626939849999928, 0.0 ], [ 118.995019433000039, -9.626661990999935, 0.0 ], [ 118.994982750000077, -9.626626132999945, 0.0 ], [ 118.994665735000012, -9.626324429999954, 0.0 ], [ 118.994521724000037, -9.626155302999962, 0.0 ], [ 118.993543314000021, -9.625000351999972, 0.0 ], [ 118.993025959000079, -9.624389503999964, 0.0 ], [ 118.992750765000096, -9.624024346999931, 0.0 ], [ 118.992606859000034, -9.623833396999942, 0.0 ], [ 118.992439543000046, -9.623627332999945, 0.0 ], [ 118.991044222000028, -9.621847034999973, 0.0 ], [ 118.989997973000072, -9.620570366999971, 0.0 ], [ 118.989702838000085, -9.620231346999958, 0.0 ], [ 118.989535975000081, -9.620029945999931, 0.0 ], [ 118.989228117000039, -9.619658365999953, 0.0 ], [ 118.988960647000113, -9.619262899999967, 0.0 ], [ 118.988147317000085, -9.617981206999957, 0.0 ], [ 118.9877308, -9.61731522499997, 0.0 ], [ 118.987291362000065, -9.616598959999976, 0.0 ], [ 118.986831597000105, -9.615940990999945, 0.0 ], [ 118.986455500000034, -9.615355583999929, 0.0 ], [ 118.986084296000058, -9.614661073999969, 0.0 ], [ 118.985850246000041, -9.614175612999929, 0.0 ], [ 118.98553142500009, -9.613484396999979, 0.0 ], [ 118.985028561000036, -9.611843332999968, 0.0 ], [ 118.984919839000099, -9.611302021999961, 0.0 ], [ 118.984849961, -9.610731256999941, 0.0 ], [ 118.984855159000062, -9.61069875499993, 0.0 ], [ 118.984888752000074, -9.610489008999934, 0.0 ], [ 118.984960145000059, -9.609858757999973, 0.0 ], [ 118.984868706000043, -9.609701663999942, 0.0 ], [ 118.984826374000022, -9.609575974999927, 0.0 ], [ 118.98486499, -9.609482930999945, 0.0 ], [ 118.984934780000117, -9.609275772999979, 0.0 ], [ 118.984953795000024, -9.609076080999955, 0.0 ], [ 118.985032362000084, -9.609050627999977, 0.0 ], [ 118.985216750000063, -9.609070817999964, 0.0 ], [ 118.985244916000056, -9.609073916999932, 0.0 ], [ 118.985415059000047, -9.609118585999965, 0.0 ], [ 118.985631767000086, -9.609131583999954, 0.0 ], [ 118.985834221000118, -9.609096430999955, 0.0 ], [ 118.985913219000054, -9.608890833999965, 0.0 ], [ 118.98610395500009, -9.608054137999943, 0.0 ], [ 118.986127770000053, -9.60780581399996, 0.0 ], [ 118.986136669000075, -9.607698263999964, 0.0 ], [ 118.98604720600008, -9.60760367599994, 0.0 ], [ 118.986010153000052, -9.607586769999955, 0.0 ], [ 118.985986774000025, -9.607576111999947, 0.0 ], [ 118.986019602000056, -9.607484376999935, 0.0 ], [ 118.986029515000041, -9.607435661999943, 0.0 ], [ 118.986048901000117, -9.607361008999931, 0.0 ], [ 118.98614628200005, -9.607204751999973, 0.0 ], [ 118.986171809000098, -9.607179387999963, 0.0 ], [ 118.986304609000058, -9.607047464999937, 0.0 ], [ 118.986397150000016, -9.606978660999971, 0.0 ], [ 118.986500474000081, -9.606901832999938, 0.0 ], [ 118.986631508000073, -9.606899053999939, 0.0 ], [ 118.986703294000108, -9.606934141999943, 0.0 ], [ 118.986726554000029, -9.606955729999981, 0.0 ], [ 118.986746704000097, -9.606976476999932, 0.0 ], [ 118.986817923000103, -9.607157489999963, 0.0 ], [ 118.986868759000117, -9.607267591999971, 0.0 ], [ 118.986933184, -9.607300750999968, 0.0 ], [ 118.986992549000092, -9.607324074999951, 0.0 ], [ 118.987118552000084, -9.607331077999959, 0.0 ], [ 118.987249183000017, -9.607335270999954, 0.0 ], [ 118.987339637000105, -9.607316653999931, 0.0 ], [ 118.987425752000036, -9.607298924999952, 0.0 ], [ 118.98754248900002, -9.607274888999939, 0.0 ], [ 118.987677080000026, -9.607220040999948, 0.0 ], [ 118.987821725000117, -9.607173560999968, 0.0 ], [ 118.98793975600006, -9.607114518999936, 0.0 ], [ 118.988178335000043, -9.606995179999956, 0.0 ], [ 118.988225839000052, -9.60697141199995, 0.0 ], [ 118.98831283200002, -9.606926151999971, 0.0 ], [ 118.988391749000016, -9.606850036999958, 0.0 ], [ 118.988495443000033, -9.606774176999977, 0.0 ], [ 118.988604195000107, -9.606694610999966, 0.0 ], [ 118.988705386000106, -9.60662057899998, 0.0 ], [ 118.988914348000094, -9.606522161999976, 0.0 ], [ 118.989292419000094, -9.606309331999967, 0.0 ], [ 118.989400984000099, -9.606260565999946, 0.0 ], [ 118.989548235000029, -9.606220088999976, 0.0 ], [ 118.989984762000063, -9.606218989999945, 0.0 ], [ 118.990192016000037, -9.606263831999968, 0.0 ], [ 118.990455060000045, -9.606416097999954, 0.0 ], [ 118.990891875000102, -9.606605535999961, 0.0 ], [ 118.991104310000082, -9.606643752999958, 0.0 ], [ 118.991337610000073, -9.606556723999972, 0.0 ], [ 118.991432046000114, -9.606506392999961, 0.0 ], [ 118.991610909000087, -9.606348093999941, 0.0 ], [ 118.991954982000038, -9.606048610999949, 0.0 ], [ 118.992113280000012, -9.605907827999943, 0.0 ], [ 118.992271137000102, -9.605745112999955, 0.0 ], [ 118.992724999000075, -9.605298424999944, 0.0 ], [ 118.993131906000031, -9.604909035999981, 0.0 ], [ 118.993309528000054, -9.604731352999977, 0.0 ], [ 118.993586826000069, -9.604558895999958, 0.0 ], [ 118.994233186000088, -9.603635800999939, 0.0 ], [ 118.9942932780001, -9.603549485999963, 0.0 ], [ 118.994316231000084, -9.603496379999967, 0.0 ], [ 118.99464737400001, -9.602866783999957, 0.0 ], [ 118.994886731000065, -9.602443702999949, 0.0 ], [ 118.995170029000064, -9.601960393999946, 0.0 ], [ 118.995554076000076, -9.601525506999963, 0.0 ], [ 118.995738540000048, -9.601299328999971, 0.0 ], [ 118.99587090600005, -9.601137030999951, 0.0 ], [ 118.996320702000048, -9.600587811999958, 0.0 ], [ 118.996390552000094, -9.600525535999964, 0.0 ], [ 118.996576788000084, -9.600405563999971, 0.0 ], [ 118.99687915200002, -9.60028232999997, 0.0 ], [ 118.997190812000099, -9.600287787999946, 0.0 ], [ 118.99744075000001, -9.60036041099994, 0.0 ], [ 118.997592687000065, -9.600431893999939, 0.0 ], [ 118.997711286000026, -9.600454852999974, 0.0 ], [ 118.998269504000064, -9.60001542599997, 0.0 ], [ 118.998402675000079, -9.599848192999957, 0.0 ], [ 118.998613854000041, -9.599151559999939, 0.0 ], [ 118.998686706000058, -9.59886864899994, 0.0 ], [ 118.99877949800009, -9.598726639999938, 0.0 ], [ 118.998933398000077, -9.598567361999926, 0.0 ], [ 118.999007620000043, -9.598381785999948, 0.0 ], [ 118.999021411000058, -9.598196998999981, 0.0 ], [ 118.998912908000079, -9.59793843999995, 0.0 ], [ 118.998739785000112, -9.597686316999955, 0.0 ], [ 118.998490334000053, -9.597269394999955, 0.0 ], [ 118.998186278000048, -9.596649549999938, 0.0 ], [ 118.998088295000116, -9.596429972999942, 0.0 ], [ 118.997624217000066, -9.595437722999975, 0.0 ], [ 118.997450018000109, -9.595205952999947, 0.0 ], [ 118.996863827000084, -9.594770486999948, 0.0 ], [ 118.996759822000058, -9.594706947999953, 0.0 ], [ 118.99669441900005, -9.594682931999955, 0.0 ], [ 118.996207926000011, -9.594532627999968, 0.0 ], [ 118.995963475000053, -9.594372705999945, 0.0 ], [ 118.995805581000013, -9.594143624999958, 0.0 ], [ 118.995759096000029, -9.594019519999961, 0.0 ], [ 118.995766523000043, -9.593851060999953, 0.0 ], [ 118.996056401000033, -9.593356985999947, 0.0 ], [ 118.996226310000111, -9.593179263999957, 0.0 ], [ 118.996387803000061, -9.593062939999982, 0.0 ], [ 118.996654443000011, -9.592967944999941, 0.0 ], [ 118.996801079000079, -9.592941694999979, 0.0 ], [ 118.997318483000072, -9.593100865999929, 0.0 ], [ 118.997509144000105, -9.593166091999933, 0.0 ], [ 118.997743899000056, -9.593171132999942, 0.0 ], [ 118.997959347, -9.593095068999958, 0.0 ], [ 118.998097034000011, -9.592994421999947, 0.0 ], [ 118.998349242000018, -9.592660517999946, 0.0 ], [ 118.998422302000108, -9.592419102999941, 0.0 ], [ 118.998413723000112, -9.592257763999953, 0.0 ], [ 118.998345211000014, -9.592075161999958, 0.0 ], [ 118.998023986000021, -9.591815333999932, 0.0 ], [ 118.997894959000064, -9.591705062999949, 0.0 ], [ 118.997858766000036, -9.591505208999934, 0.0 ], [ 118.99791502700009, -9.591291357999978, 0.0 ], [ 118.998245685000029, -9.591016298999932, 0.0 ], [ 118.998454074000051, -9.590900630999954, 0.0 ], [ 118.998671344000059, -9.590893196999957, 0.0 ], [ 118.999016308000023, -9.590951520999965, 0.0 ], [ 118.999203658000056, -9.590937040999961, 0.0 ], [ 118.999442999000053, -9.590824945999941, 0.0 ], [ 118.999669845000085, -9.590812166999967, 0.0 ], [ 118.999697956000091, -9.59081058299995, 0.0 ], [ 118.999861380000084, -9.590847595999946, 0.0 ], [ 118.999999065000111, -9.590911583999969, 0.0 ], [ 119.00008746900005, -9.590952662999939, 0.0 ], [ 119.000691534000111, -9.590864110999973, 0.0 ], [ 119.00101398400011, -9.590816285999949, 0.0 ], [ 119.001215048000063, -9.590786439999931, 0.0 ], [ 119.001575434000074, -9.590728611999964, 0.0 ], [ 119.001830111000118, -9.590657220999958, 0.0 ], [ 119.001973857000053, -9.590583576999961, 0.0 ], [ 119.002074390000075, -9.590178219999927, 0.0 ], [ 119.002105666000034, -9.59007083299997, 0.0 ], [ 119.002223672000014, -9.589973536999935, 0.0 ], [ 119.002269889000104, -9.589935362999938, 0.0 ], [ 119.002317403, -9.589908568999931, 0.0 ], [ 119.002629407000086, -9.589845970999932, 0.0 ], [ 119.002864780000095, -9.589814130999969, 0.0 ], [ 119.002972011000111, -9.589764177999939, 0.0 ], [ 119.002997952000101, -9.589642568999977, 0.0 ], [ 119.002436872000089, -9.588856672999952, 0.0 ], [ 119.002176685000109, -9.588557408999975, 0.0 ], [ 119.002000860000066, -9.588374361999968, 0.0 ], [ 119.001804420000099, -9.587857745999941, 0.0 ], [ 119.001826693000112, -9.587604736999936, 0.0 ], [ 119.001900576000025, -9.587328811999953, 0.0 ], [ 119.002551014, -9.586846517999959, 0.0 ], [ 119.002998572000024, -9.586363505999941, 0.0 ], [ 119.003186328000083, -9.586177344999953, 0.0 ], [ 119.003475172000094, -9.586068833999946, 0.0 ], [ 119.00382069200009, -9.586029845999974, 0.0 ], [ 119.005230784000105, -9.585870671999942, 0.0 ], [ 119.005630148000023, -9.585835505999967, 0.0 ], [ 119.006541819000063, -9.585691704999931, 0.0 ], [ 119.007231973000103, -9.585482053999954, 0.0 ], [ 119.007495199000118, -9.585394210999937, 0.0 ], [ 119.007751316000054, -9.585389125999939, 0.0 ], [ 119.007942165000031, -9.585398141999974, 0.0 ], [ 119.008122424000021, -9.585314930999971, 0.0 ], [ 119.008439661000011, -9.585061476999954, 0.0 ], [ 119.008551846000046, -9.58492625599996, 0.0 ], [ 119.008682426000064, -9.584683521999978, 0.0 ], [ 119.008834165000053, -9.584009396999932, 0.0 ], [ 119.008909212000049, -9.583751157999927, 0.0 ], [ 119.009046910000052, -9.583647112999927, 0.0 ], [ 119.009078824000085, -9.583623002999957, 0.0 ], [ 119.009472445000029, -9.583447899999953, 0.0 ], [ 119.009525295000117, -9.583425615999943, 0.0 ], [ 119.009563599000103, -9.58341758399996, 0.0 ], [ 119.009765372000061, -9.583382115999939, 0.0 ], [ 119.010205186, -9.583225332999973, 0.0 ], [ 119.010272277000013, -9.583201447999954, 0.0 ], [ 119.010356180000031, -9.583023702999981, 0.0 ], [ 119.010372068000038, -9.58286254199993, 0.0 ], [ 119.010289268000065, -9.582365814999946, 0.0 ], [ 119.010131891000015, -9.581421554999963, 0.0 ], [ 119.010173371000064, -9.581149520999929, 0.0 ], [ 119.010274181000113, -9.580984472999944, 0.0 ], [ 119.01068654900007, -9.580577784999946, 0.0 ], [ 119.011020486, -9.580347489999951, 0.0 ], [ 119.011407502000111, -9.580186703999971, 0.0 ], [ 119.011556841000015, -9.580119553999964, 0.0 ], [ 119.011757050000028, -9.580029472999968, 0.0 ], [ 119.012415346000012, -9.579688310999927, 0.0 ], [ 119.012692007000055, -9.579471427999977, 0.0 ], [ 119.012790175000077, -9.579321946999926, 0.0 ], [ 119.012785018000045, -9.579139487999953, 0.0 ], [ 119.012702727000033, -9.579004690999966, 0.0 ], [ 119.012548831000117, -9.578775873999973, 0.0 ], [ 119.012390316000051, -9.578467996999962, 0.0 ], [ 119.012350661000028, -9.578390959999979, 0.0 ], [ 119.012305978000086, -9.578171739999959, 0.0 ], [ 119.012248070000055, -9.57788769299998, 0.0 ], [ 119.012286637000102, -9.577640753999958, 0.0 ], [ 119.01235430700001, -9.577547657999958, 0.0 ], [ 119.012496361000103, -9.577508209999962, 0.0 ], [ 119.013065361000031, -9.577539754999975, 0.0 ], [ 119.013247876000037, -9.577549862999945, 0.0 ], [ 119.013716594000016, -9.577622223999981, 0.0 ], [ 119.01426991400001, -9.577694550999979, 0.0 ], [ 119.014535705000071, -9.577692239999976, 0.0 ], [ 119.014969284000017, -9.577602294999963, 0.0 ], [ 119.015182285000037, -9.577489270999934, 0.0 ], [ 119.015536245000021, -9.577285974999938, 0.0 ], [ 119.01647239600004, -9.576758231999975, 0.0 ], [ 119.016688204000047, -9.576739316999976, 0.0 ], [ 119.017008236000038, -9.57679720699997, 0.0 ], [ 119.017606882000109, -9.576896933999933, 0.0 ], [ 119.017792297000028, -9.576816144999952, 0.0 ], [ 119.017968643000017, -9.576626115999943, 0.0 ], [ 119.018157348000045, -9.576350696999953, 0.0 ], [ 119.018209922000096, -9.576266162999957, 0.0 ], [ 119.018390943000099, -9.575975097999958, 0.0 ], [ 119.018507884000087, -9.575911605999977, 0.0 ], [ 119.018657977000089, -9.575880146999964, 0.0 ], [ 119.018894262000117, -9.57590278999993, 0.0 ], [ 119.019154393, -9.576041329999953, 0.0 ], [ 119.019498866000049, -9.576208125999926, 0.0 ], [ 119.019783469000117, -9.576262431999965, 0.0 ], [ 119.019991800000071, -9.576228398999945, 0.0 ], [ 119.020118402000094, -9.576123328999927, 0.0 ], [ 119.02026962900004, -9.575997816999973, 0.0 ], [ 119.020391239000105, -9.575813360999973, 0.0 ], [ 119.0204851740001, -9.575445738999974, 0.0 ], [ 119.020525488000089, -9.574841568999943, 0.0 ], [ 119.020477425000081, -9.574510515999975, 0.0 ], [ 119.020459850000066, -9.57438932599996, 0.0 ], [ 119.020460579000087, -9.574329542999976, 0.0 ], [ 119.020463145, -9.574121038999976, 0.0 ], [ 119.02051955200011, -9.57375869599997, 0.0 ], [ 119.020542924000097, -9.573453320999931, 0.0 ], [ 119.020550926000055, -9.573318332999975, 0.0 ], [ 119.020559043000048, -9.573181096999974, 0.0 ], [ 119.020725405, -9.572290970999973, 0.0 ], [ 119.020690814000091, -9.572073626999952, 0.0 ], [ 119.020652043000041, -9.571646203999933, 0.0 ], [ 119.020720185000073, -9.571413594999967, 0.0 ], [ 119.020875137000075, -9.571132392999971, 0.0 ], [ 119.021005421000041, -9.571006663999981, 0.0 ], [ 119.021180358000038, -9.570906363999939, 0.0 ], [ 119.021457966000071, -9.570818021999969, 0.0 ], [ 119.021504193000055, -9.570817466999927, 0.0 ], [ 119.022101995000071, -9.570809722999968, 0.0 ], [ 119.022630396000068, -9.570889849999958, 0.0 ], [ 119.022996994000096, -9.570949089999942, 0.0 ], [ 119.023155491000011, -9.570876145999932, 0.0 ], [ 119.023300100000029, -9.570765845999972, 0.0 ], [ 119.023534939000115, -9.570586705999972, 0.0 ], [ 119.023814084000037, -9.570430705999968, 0.0 ], [ 119.024223206000102, -9.570226863999949, 0.0 ], [ 119.024775254000019, -9.569937635999963, 0.0 ], [ 119.024945342000024, -9.569941046999929, 0.0 ], [ 119.025156938, -9.570007002999944, 0.0 ], [ 119.025244481000072, -9.570037377999938, 0.0 ], [ 119.025425545000076, -9.570100063999973, 0.0 ], [ 119.025717276000023, -9.570145347999926, 0.0 ], [ 119.026168144000053, -9.57020907499998, 0.0 ], [ 119.026205367000102, -9.570205837999936, 0.0 ], [ 119.026646491000065, -9.570228880999935, 0.0 ], [ 119.026847030000113, -9.57023933499994, 0.0 ], [ 119.027019012000096, -9.570220472999949, 0.0 ], [ 119.027393753000069, -9.570179348999943, 0.0 ], [ 119.027839092000022, -9.570071452999969, 0.0 ], [ 119.028495172000021, -9.56994494199995, 0.0 ], [ 119.028923311000085, -9.569963887999961, 0.0 ], [ 119.029476291000037, -9.570204488999934, 0.0 ], [ 119.029861519000065, -9.570340456999929, 0.0 ], [ 119.030388938000101, -9.570421864999958, 0.0 ], [ 119.030546029000107, -9.570399799999961, 0.0 ], [ 119.030775892000065, -9.570264064999947, 0.0 ], [ 119.030946809000056, -9.570120221999957, 0.0 ], [ 119.031154468000068, -9.569846942999959, 0.0 ], [ 119.03119588800007, -9.569722125999931, 0.0 ], [ 119.031237198000099, -9.569360675999974, 0.0 ], [ 119.031319245000077, -9.569241156999965, 0.0 ], [ 119.031490515000087, -9.569159035999974, 0.0 ], [ 119.031729750000068, -9.569110381999963, 0.0 ], [ 119.031791701000088, -9.569097816999943, 0.0 ], [ 119.032126079000022, -9.568997297999942, 0.0 ], [ 119.032403422000016, -9.568943335999961, 0.0 ], [ 119.032719784000051, -9.568949862999943, 0.0 ], [ 119.033040684000071, -9.568893986999967, 0.0 ], [ 119.033436139000059, -9.568755500999941, 0.0 ], [ 119.034084095000026, -9.568546896999976, 0.0 ], [ 119.0341964590001, -9.56850159499993, 0.0 ], [ 119.034760591, -9.56834708599996, 0.0 ], [ 119.035034143000075, -9.568326895999974, 0.0 ], [ 119.035468519, -9.568389021999963, 0.0 ], [ 119.035952692000023, -9.568495023999958, 0.0 ], [ 119.03686429000004, -9.568905756999982, 0.0 ], [ 119.036957496000014, -9.568944894999959, 0.0 ], [ 119.037069172000088, -9.568991843999981, 0.0 ], [ 119.037194444000079, -9.568964661999928, 0.0 ], [ 119.037413428000036, -9.568796241999962, 0.0 ], [ 119.037713675000077, -9.56855488399998, 0.0 ], [ 119.037943929000107, -9.568502319999936, 0.0 ], [ 119.03797905700003, -9.568502707999926, 0.0 ], [ 119.038288646000069, -9.568506175999971, 0.0 ], [ 119.038881717000095, -9.568475489999969, 0.0 ], [ 119.039361580000104, -9.568354094999961, 0.0 ], [ 119.039573581000013, -9.568300484999952, 0.0 ], [ 119.039669258000117, -9.568170362999979, 0.0 ], [ 119.039729074000093, -9.567959286999951, 0.0 ], [ 119.039802913000017, -9.567875784999956, 0.0 ], [ 119.040459837000071, -9.567506643999934, 0.0 ], [ 119.040559565000081, -9.567346672999975, 0.0 ], [ 119.040568872000108, -9.567321593999964, 0.0 ], [ 119.040636894000045, -9.567034655999976, 0.0 ], [ 119.040643787000022, -9.566606605999937, 0.0 ], [ 119.040645439000059, -9.566400599999952, 0.0 ], [ 119.040621281000085, -9.566198438999947, 0.0 ], [ 119.040586190000113, -9.566055941999934, 0.0 ], [ 119.040605759000073, -9.565963650999947, 0.0 ], [ 119.040784451000036, -9.565522775999966, 0.0 ], [ 119.041067025000075, -9.565315688999931, 0.0 ], [ 119.041286854000077, -9.56523507199995, 0.0 ], [ 119.041639523000072, -9.565194034999934, 0.0 ], [ 119.041911643000049, -9.565223443999969, 0.0 ], [ 119.042392472000074, -9.565368412999931, 0.0 ], [ 119.042757350000102, -9.56551675299994, 0.0 ], [ 119.04352867700004, -9.565802746999964, 0.0 ], [ 119.04387809800005, -9.56585174099996, 0.0 ], [ 119.044653409000034, -9.565819051999938, 0.0 ], [ 119.044935566000049, -9.565730802999951, 0.0 ], [ 119.045204704000071, -9.565558400999976, 0.0 ], [ 119.045328304, -9.565398048999953, 0.0 ], [ 119.045450498000037, -9.565196751999963, 0.0 ], [ 119.046170578000101, -9.564010563999943, 0.0 ], [ 119.046378158000039, -9.56375537699995, 0.0 ], [ 119.046624235000081, -9.563553780999939, 0.0 ], [ 119.047008420000111, -9.563365679999947, 0.0 ], [ 119.047297106000087, -9.56328224899994, 0.0 ], [ 119.047646888000031, -9.563289925999982, 0.0 ], [ 119.048220264000065, -9.563312721999978, 0.0 ], [ 119.048497764000103, -9.563235736999957, 0.0 ], [ 119.049384083000064, -9.562856727999929, 0.0 ], [ 119.049559815000066, -9.562781552999979, 0.0 ], [ 119.049716291000095, -9.562665576999962, 0.0 ], [ 119.049876528000027, -9.562546783999949, 0.0 ], [ 119.050060247000033, -9.562337595999963, 0.0 ], [ 119.050197532000084, -9.562223424999956, 0.0 ], [ 119.0504018580001, -9.56217419099994, 0.0 ], [ 119.050861311000062, -9.562139781999974, 0.0 ], [ 119.051014325000097, -9.562060660999975, 0.0 ], [ 119.051079637000043, -9.561963033999973, 0.0 ], [ 119.051136703000111, -9.561735861999978, 0.0 ], [ 119.051208609000014, -9.561555020999947, 0.0 ], [ 119.051369343000033, -9.56138582799997, 0.0 ], [ 119.051524435000033, -9.561295219999977, 0.0 ], [ 119.052541984000072, -9.560769439999945, 0.0 ], [ 119.052743115000112, -9.560748911999951, 0.0 ], [ 119.052858740000033, -9.560787061999974, 0.0 ], [ 119.052965779000033, -9.560885410999958, 0.0 ], [ 119.053033788000107, -9.561018570999977, 0.0 ], [ 119.053132973000061, -9.56121378399996, 0.0 ], [ 119.053357503000029, -9.561530872999981, 0.0 ], [ 119.053472518000035, -9.561693251999941, 0.0 ], [ 119.053643034000061, -9.561743613999965, 0.0 ], [ 119.053714947000117, -9.56176484599996, 0.0 ], [ 119.053967078000028, -9.561764718999939, 0.0 ], [ 119.05406356200001, -9.561727812999948, 0.0 ], [ 119.054221919000042, -9.561667227999976, 0.0 ], [ 119.054491998000117, -9.561447895999947, 0.0 ], [ 119.054637013000047, -9.561210313999936, 0.0 ], [ 119.054693310000062, -9.561017285999981, 0.0 ], [ 119.05478370000003, -9.560656878999964, 0.0 ], [ 119.054860488000031, -9.560642929999972, 0.0 ], [ 119.05500960300003, -9.560639705999961, 0.0 ], [ 119.055020984000066, -9.560639459999948, 0.0 ], [ 119.055095712000025, -9.560686259999954, 0.0 ], [ 119.055132258000071, -9.560857365999937, 0.0 ], [ 119.055157673000053, -9.560914001999947, 0.0 ], [ 119.055089292000048, -9.561264336999955, 0.0 ], [ 119.055215575000034, -9.56268780299996, 0.0 ], [ 119.055285758000082, -9.562815442999977, 0.0 ], [ 119.05541421800001, -9.562899952999942, 0.0 ], [ 119.05583462300001, -9.562670689999948, 0.0 ], [ 119.056021514, -9.56259306499993, 0.0 ], [ 119.056234317000076, -9.562572159999945, 0.0 ], [ 119.056400781000093, -9.562673614999937, 0.0 ], [ 119.056492981000019, -9.562852686999975, 0.0 ], [ 119.056555547000016, -9.563042579999944, 0.0 ], [ 119.056520797000076, -9.56327900499997, 0.0 ], [ 119.056491015, -9.563432533999958, 0.0 ], [ 119.056524372000013, -9.563540829999965, 0.0 ], [ 119.056631555000081, -9.563675280999973, 0.0 ], [ 119.056792293000058, -9.56370660999994, 0.0 ], [ 119.057091796, -9.563877614999967, 0.0 ], [ 119.057524955000076, -9.564282406999951, 0.0 ], [ 119.057796206000035, -9.56465486299993, 0.0 ], [ 119.05781343600006, -9.56467853099997, 0.0 ], [ 119.058037213000034, -9.564946536999969, 0.0 ], [ 119.058389891000047, -9.565236379999931, 0.0 ], [ 119.059030889000041, -9.565716939999959, 0.0 ], [ 119.059340703000089, -9.565949176999936, 0.0 ], [ 119.059844782000027, -9.566356645999974, 0.0 ], [ 119.060567298000024, -9.566806895999946, 0.0 ], [ 119.0607010330001, -9.566853672999969, 0.0 ], [ 119.06076671400001, -9.56687661199993, 0.0 ], [ 119.061386637000055, -9.56677248799997, 0.0 ], [ 119.061696341000015, -9.566725391999967, 0.0 ], [ 119.062223753000012, -9.566671156999973, 0.0 ], [ 119.06281518500009, -9.566518241999972, 0.0 ], [ 119.063203297000086, -9.566345458999933, 0.0 ], [ 119.063503278000098, -9.566174156999978, 0.0 ], [ 119.063889662000065, -9.566024844999959, 0.0 ], [ 119.064076236, -9.56599061199995, 0.0 ], [ 119.064299174000098, -9.566031455999962, 0.0 ], [ 119.064424030000055, -9.566140674999929, 0.0 ], [ 119.064480013000093, -9.566250983999964, 0.0 ], [ 119.064512892000039, -9.566315706999944, 0.0 ], [ 119.064570983000067, -9.566405944999929, 0.0 ], [ 119.064945953, -9.566360533999955, 0.0 ], [ 119.06524059100002, -9.566289360999974, 0.0 ], [ 119.065589701000022, -9.566450471999929, 0.0 ], [ 119.065871374000039, -9.566621051999959, 0.0 ], [ 119.066119282000045, -9.566707708999957, 0.0 ], [ 119.066634902000033, -9.566735754999968, 0.0 ], [ 119.066967720000093, -9.566711736999935, 0.0 ], [ 119.067242453000063, -9.566664816999946, 0.0 ], [ 119.067444360000081, -9.566674041999931, 0.0 ], [ 119.068228090000048, -9.566991264999956, 0.0 ], [ 119.068404547000114, -9.567090379999968, 0.0 ], [ 119.068509230000018, -9.567155829999933, 0.0 ], [ 119.068545161000088, -9.567261225999971, 0.0 ], [ 119.068713670000079, -9.567373369999927, 0.0 ], [ 119.068933887000071, -9.567410940999935, 0.0 ], [ 119.069089058000031, -9.567370315999938, 0.0 ], [ 119.069495386000085, -9.567153489999953, 0.0 ], [ 119.06964696700004, -9.567181249999976, 0.0 ], [ 119.069700450000028, -9.567249736999941, 0.0 ], [ 119.069971870000018, -9.567787501999931, 0.0 ], [ 119.070118922, -9.567869520999977, 0.0 ], [ 119.070412271, -9.567954661999977, 0.0 ], [ 119.070945288000075, -9.568109383999968, 0.0 ], [ 119.071340189000011, -9.568223985999964, 0.0 ], [ 119.071401211000079, -9.568336832999933, 0.0 ], [ 119.071549921000042, -9.568654394999953, 0.0 ], [ 119.071718201000067, -9.568776177999951, 0.0 ], [ 119.071881953000116, -9.568818846999932, 0.0 ], [ 119.072076610000067, -9.568801719999954, 0.0 ], [ 119.072745499, -9.56861351799995, 0.0 ], [ 119.073276530000044, -9.568482457999949, 0.0 ], [ 119.073614792000058, -9.568516493999937, 0.0 ], [ 119.073771702000045, -9.56859759699995, 0.0 ], [ 119.074408891000076, -9.569105066999953, 0.0 ], [ 119.074809247000076, -9.569387357999972, 0.0 ], [ 119.075048203000051, -9.569513812999958, 0.0 ], [ 119.075307946000066, -9.569579874999931, 0.0 ], [ 119.075540825000076, -9.569540375999964, 0.0 ], [ 119.075580867000099, -9.569547986999964, 0.0 ], [ 119.075709686000096, -9.569652313999939, 0.0 ], [ 119.075854235000065, -9.569825975999947, 0.0 ], [ 119.076073486000041, -9.570150144999957, 0.0 ], [ 119.076183013000104, -9.570214875999966, 0.0 ], [ 119.076320201000044, -9.57020191099997, 0.0 ], [ 119.076516906000052, -9.570192298999928, 0.0 ], [ 119.076613210000119, -9.570258816999967, 0.0 ], [ 119.076624203000051, -9.570335578999959, 0.0 ], [ 119.076606747000028, -9.570463547999964, 0.0 ], [ 119.07649398600006, -9.570629597999925, 0.0 ], [ 119.076311794000048, -9.570994361999965, 0.0 ], [ 119.076107777000061, -9.571420720999981, 0.0 ], [ 119.076059027000042, -9.571573379999961, 0.0 ], [ 119.076143273000071, -9.571729927999968, 0.0 ], [ 119.076184634000015, -9.571806801999969, 0.0 ], [ 119.076248157, -9.571924861999946, 0.0 ], [ 119.07626562900009, -9.57201955599993, 0.0 ], [ 119.076308251000114, -9.572250708999945, 0.0 ], [ 119.076358346, -9.572445697999967, 0.0 ], [ 119.076471893000075, -9.572589616999949, 0.0 ], [ 119.076632800000084, -9.572648812999944, 0.0 ], [ 119.076935477, -9.572588086999929, 0.0 ], [ 119.077136839000104, -9.572527806999972, 0.0 ], [ 119.077286690000051, -9.572604860999945, 0.0 ], [ 119.078109807000033, -9.573028179999937, 0.0 ], [ 119.078430007000065, -9.573399489999929, 0.0 ], [ 119.078568536000034, -9.573624893999977, 0.0 ], [ 119.078821861000051, -9.57396152299998, 0.0 ], [ 119.078845651000051, -9.573984585999938, 0.0 ], [ 119.079106301000024, -9.574237094999944, 0.0 ], [ 119.07977289300004, -9.574840725999934, 0.0 ], [ 119.079946650000011, -9.574940117999972, 0.0 ], [ 119.080365615, -9.574977317999981, 0.0 ], [ 119.081235812000045, -9.575059769999939, 0.0 ], [ 119.081885447000104, -9.575122272999977, 0.0 ], [ 119.082094304000066, -9.575120586999958, 0.0 ], [ 119.082240894000051, -9.575062572999968, 0.0 ], [ 119.082368947000077, -9.57491325899997, 0.0 ], [ 119.082576397000025, -9.574545314999966, 0.0 ], [ 119.082793675000062, -9.574255241999936, 0.0 ], [ 119.083154135000086, -9.573996738999938, 0.0 ], [ 119.08327105300009, -9.573958036999954, 0.0 ], [ 119.083527796000112, -9.573873085999935, 0.0 ], [ 119.084037376000083, -9.573833395999941, 0.0 ], [ 119.084464362000062, -9.573939694999979, 0.0 ], [ 119.084506810000107, -9.57399737399993, 0.0 ], [ 119.084566707000022, -9.574078865999979, 0.0 ], [ 119.084739238000111, -9.574444941999957, 0.0 ], [ 119.084811878000096, -9.574542660999953, 0.0 ], [ 119.084863799000118, -9.574612503999958, 0.0 ], [ 119.085468315000071, -9.574862241999938, 0.0 ], [ 119.085570656000073, -9.57488944399995, 0.0 ], [ 119.085765762000051, -9.574941250999927, 0.0 ], [ 119.086649205000072, -9.574971408999943, 0.0 ], [ 119.087128706000044, -9.574948734999964, 0.0 ], [ 119.087589668000078, -9.574865236999926, 0.0 ], [ 119.088069171000029, -9.574843203999933, 0.0 ], [ 119.088314497000056, -9.574876252999957, 0.0 ], [ 119.088727787000039, -9.575054830999932, 0.0 ], [ 119.089472233000038, -9.575376141999925, 0.0 ], [ 119.089641285000084, -9.575413693999963, 0.0 ], [ 119.090068486000064, -9.575189273999968, 0.0 ], [ 119.090126063000071, -9.575153239999963, 0.0 ], [ 119.090291546000117, -9.57505976799996, 0.0 ], [ 119.090636014000097, -9.575008081999954, 0.0 ], [ 119.090956398000117, -9.574982054999964, 0.0 ], [ 119.091348216000029, -9.574943843999961, 0.0 ], [ 119.091532309000058, -9.574926203999951, 0.0 ], [ 119.091844265000077, -9.574752846999957, 0.0 ], [ 119.091950076000103, -9.574644941999964, 0.0 ], [ 119.092026621000059, -9.574566910999977, 0.0 ], [ 119.092228966000107, -9.574320880999949, 0.0 ], [ 119.092427366000038, -9.574175454999931, 0.0 ], [ 119.093180528000062, -9.573979642999973, 0.0 ], [ 119.093365849000065, -9.573966538999969, 0.0 ], [ 119.093823946000043, -9.573934131999977, 0.0 ], [ 119.094228845000089, -9.573953685999982, 0.0 ], [ 119.094296666000105, -9.573956940999949, 0.0 ], [ 119.095222380000109, -9.574063085999967, 0.0 ], [ 119.095786980000071, -9.574208179999971, 0.0 ], [ 119.096079793000058, -9.574271178999936, 0.0 ], [ 119.096178279000014, -9.574259428999937, 0.0 ], [ 119.096351872000014, -9.574238738999952, 0.0 ], [ 119.096618654000054, -9.574171120999949, 0.0 ], [ 119.096737811000025, -9.574162190999971, 0.0 ], [ 119.096942121000097, -9.574146826999936, 0.0 ], [ 119.097350124000059, -9.574042876999954, 0.0 ], [ 119.097697399000026, -9.573871116999953, 0.0 ], [ 119.097887955000033, -9.573776864999957, 0.0 ], [ 119.098195466000107, -9.573619876999942, 0.0 ], [ 119.098240124000085, -9.573624473999928, 0.0 ], [ 119.09881348600004, -9.573685462999947, 0.0 ], [ 119.099129165000022, -9.573716084999944, 0.0 ], [ 119.099679256000059, -9.57379696199996, 0.0 ], [ 119.099853116000077, -9.573858070999961, 0.0 ], [ 119.099889079000036, -9.573870708999948, 0.0 ], [ 119.100289747000033, -9.574251207999964, 0.0 ], [ 119.100307310000062, -9.574357769999949, 0.0 ], [ 119.100440764000041, -9.574561221999943, 0.0 ], [ 119.100606045000063, -9.574665393999965, 0.0 ], [ 119.100980327000116, -9.574642458999961, 0.0 ], [ 119.101748908000104, -9.574839165999947, 0.0 ], [ 119.102168168000048, -9.574734157999956, 0.0 ], [ 119.10228828400011, -9.57470858399995, 0.0 ], [ 119.102501202000099, -9.574789115999977, 0.0 ], [ 119.102652202000058, -9.574873331999981, 0.0 ], [ 119.102800764000108, -9.574808472999962, 0.0 ], [ 119.10292855900002, -9.574728141999969, 0.0 ], [ 119.103033702000062, -9.574722582999925, 0.0 ], [ 119.103664891000108, -9.57512658099995, 0.0 ], [ 119.103895265, -9.575264064999942, 0.0 ], [ 119.104121750000104, -9.575421314999971, 0.0 ], [ 119.104164604000061, -9.575477783999929, 0.0 ], [ 119.104195497000092, -9.575518504999934, 0.0 ], [ 119.104192123000075, -9.575589409999964, 0.0 ], [ 119.104137090000108, -9.575956894999933, 0.0 ], [ 119.104149481000036, -9.576107189999959, 0.0 ], [ 119.104325356000118, -9.576320678999934, 0.0 ], [ 119.104588794000051, -9.576539471999979, 0.0 ], [ 119.10488276600006, -9.576707368999962, 0.0 ], [ 119.105170952000094, -9.577109847999964, 0.0 ], [ 119.105274702000088, -9.577501814999948, 0.0 ], [ 119.105305778000115, -9.577618016999963, 0.0 ], [ 119.105714142000011, -9.57788895799996, 0.0 ], [ 119.105825383000024, -9.577962768999953, 0.0 ], [ 119.106125501000065, -9.578147530999956, 0.0 ], [ 119.106416657000068, -9.57840946999994, 0.0 ], [ 119.106646751000085, -9.578671752999981, 0.0 ], [ 119.106896051000035, -9.578781784999933, 0.0 ], [ 119.107414031000076, -9.578953792999926, 0.0 ], [ 119.10769231200004, -9.579102658999943, 0.0 ], [ 119.108203123000067, -9.579417127999932, 0.0 ], [ 119.108525770000028, -9.579580534999934, 0.0 ], [ 119.108678037000118, -9.579622580999967, 0.0 ], [ 119.109052857000052, -9.579524972999934, 0.0 ], [ 119.10936924900011, -9.579416735999928, 0.0 ], [ 119.109643979000111, -9.579409716999976, 0.0 ], [ 119.109801247000064, -9.579442238999945, 0.0 ], [ 119.109915987000022, -9.579548206999959, 0.0 ], [ 119.110376700000074, -9.580265611999948, 0.0 ], [ 119.110499968000113, -9.580447655999933, 0.0 ], [ 119.110526798000024, -9.580496350999965, 0.0 ], [ 119.110566234000089, -9.58052794699995, 0.0 ], [ 119.111200308000093, -9.58103204799994, 0.0 ], [ 119.111620152000114, -9.581065425999952, 0.0 ], [ 119.112203515000033, -9.581212563999941, 0.0 ], [ 119.112238639000111, -9.581273688999943, 0.0 ], [ 119.112105014, -9.58149323899994, 0.0 ], [ 119.11220267300007, -9.581621808999955, 0.0 ], [ 119.112324498000021, -9.581669957999964, 0.0 ], [ 119.112494046000052, -9.581658349999941, 0.0 ], [ 119.113177269000062, -9.581551016999981, 0.0 ], [ 119.113371783000048, -9.581520817999944, 0.0 ], [ 119.113534120000054, -9.581495598999936, 0.0 ], [ 119.113710108000078, -9.581465440999978, 0.0 ], [ 119.113829031000023, -9.58144439299997, 0.0 ], [ 119.113810905000037, -9.581664781999962, 0.0 ], [ 119.113798439000107, -9.581688711999959, 0.0 ], [ 119.113691768000081, -9.581815741999947, 0.0 ], [ 119.113521868000021, -9.581936341999949, 0.0 ], [ 119.113386741000113, -9.582002552999938, 0.0 ], [ 119.113478757000053, -9.582071908999978, 0.0 ], [ 119.113554325000109, -9.582213561999936, 0.0 ], [ 119.113711314000057, -9.582677377999971, 0.0 ], [ 119.113770745000011, -9.58282315699995, 0.0 ], [ 119.113887003000059, -9.583223089999933, 0.0 ], [ 119.113846977000094, -9.583164810999961, 0.0 ], [ 119.11378017100003, -9.583182867999938, 0.0 ], [ 119.113665333000085, -9.583213554999929, 0.0 ], [ 119.113464033000014, -9.583319125999935, 0.0 ], [ 119.113309400000048, -9.583464798999955, 0.0 ], [ 119.113162988000113, -9.583796448999976, 0.0 ], [ 119.112968256000045, -9.58444659099996, 0.0 ], [ 119.112791013000106, -9.585327114999927, 0.0 ], [ 119.112580798000067, -9.585832990999961, 0.0 ], [ 119.112494665000099, -9.586071607999941, 0.0 ], [ 119.112500985000111, -9.586200497999926, 0.0 ], [ 119.112552067000024, -9.586347961999934, 0.0 ], [ 119.11264446000007, -9.586655386999951, 0.0 ], [ 119.112672971000052, -9.586804552999979, 0.0 ], [ 119.112770612000077, -9.587154778999945, 0.0 ], [ 119.11280870500002, -9.587437717999933, 0.0 ], [ 119.112767565000013, -9.587702905999947, 0.0 ], [ 119.112754550000091, -9.587796603999948, 0.0 ], [ 119.112650640000084, -9.588073178999934, 0.0 ], [ 119.112606445000097, -9.588197494999974, 0.0 ], [ 119.112543111000036, -9.588414016999934, 0.0 ], [ 119.112592322000069, -9.588750903999937, 0.0 ], [ 119.111885863000111, -9.590974789999962, 0.0 ], [ 119.110951902000011, -9.593015087999959, 0.0 ], [ 119.11047683400011, -9.594429843999933, 0.0 ], [ 119.110152398000082, -9.595396020999942, 0.0 ], [ 119.109978435000016, -9.596072394999965, 0.0 ], [ 119.109904067000116, -9.596361461999948, 0.0 ], [ 119.109829578000017, -9.597083305999945, 0.0 ], [ 119.109843414000011, -9.597183782999934, 0.0 ], [ 119.109915867000041, -9.597709958999928, 0.0 ], [ 119.11136246600006, -9.60057840199994, 0.0 ], [ 119.111432565000086, -9.600723524999978, 0.0 ], [ 119.111996836000117, -9.601423815999965, 0.0 ], [ 119.114315716000078, -9.604301754999938, 0.0 ], [ 119.116718862000084, -9.607284275999973, 0.0 ], [ 119.116974712000115, -9.607602726999971, 0.0 ], [ 119.122714464000069, -9.614746865999962, 0.0 ], [ 119.12341123200008, -9.615614092999976, 0.0 ], [ 119.124999615000092, -9.617590997999969, 0.0 ], [ 119.124669621000066, -9.617439229999945, 0.0 ], [ 119.124291632000109, -9.617299865999939, 0.0 ], [ 119.124098896000078, -9.617328419999978, 0.0 ], [ 119.123784807000106, -9.617542570999944, 0.0 ], [ 119.123741977, -9.617756722999957, 0.0 ], [ 119.123813361000089, -9.617956597999978, 0.0 ], [ 119.123941851000041, -9.618213578999928, 0.0 ], [ 119.124084619000087, -9.61857763699993, 0.0 ], [ 119.12412031100007, -9.618827479999936, 0.0 ], [ 119.124170280000044, -9.619063046999941, 0.0 ], [ 119.124148865000052, -9.619270059999963, 0.0 ], [ 119.124130124000089, -9.61960116399996, 0.0 ], [ 119.124102994000054, -9.619667337999942, 0.0 ], [ 119.123949620000076, -9.619806194999967, 0.0 ], [ 119.123800405000111, -9.619865863999962, 0.0 ], [ 119.123520576000033, -9.61989786099997, 0.0 ], [ 119.123208657000077, -9.619869379999955, 0.0 ], [ 119.123028779000038, -9.619815313999936, 0.0 ], [ 119.122913295000103, -9.619780611999943, 0.0 ], [ 119.122683841000025, -9.619650718999935, 0.0 ], [ 119.12246251800002, -9.619468188999974, 0.0 ], [ 119.121895451000114, -9.618989425999928, 0.0 ], [ 119.121718792000024, -9.618929965999939, 0.0 ], [ 119.121588983000038, -9.618952644999979, 0.0 ], [ 119.121470438000074, -9.619054828999936, 0.0 ], [ 119.121417018000102, -9.619194225999934, 0.0 ], [ 119.121428291000029, -9.619554768999933, 0.0 ], [ 119.121417693000012, -9.619825204999927, 0.0 ], [ 119.121414015000028, -9.619918971999937, 0.0 ], [ 119.121355283000071, -9.62026911199996, 0.0 ], [ 119.121255470000051, -9.620560848999958, 0.0 ], [ 119.121143861000064, -9.620647565999946, 0.0 ], [ 119.120908328000041, -9.620754518999945, 0.0 ], [ 119.120642567000118, -9.620915597999954, 0.0 ], [ 119.120243797000057, -9.621392912999966, 0.0 ], [ 119.119994528, -9.621478112999966, 0.0 ], [ 119.119209984, -9.621659289999968, 0.0 ], [ 119.118925061000027, -9.621742959999949, 0.0 ], [ 119.118826677000015, -9.62186784499994, 0.0 ], [ 119.118710089000047, -9.622138768999946, 0.0 ], [ 119.118625279000071, -9.622666455999934, 0.0 ], [ 119.118509276000054, -9.622827908999966, 0.0 ], [ 119.118243106000023, -9.62299282999993, 0.0 ], [ 119.11805830600008, -9.623045131999959, 0.0 ], [ 119.117695108000021, -9.623007218999931, 0.0 ], [ 119.117322373000093, -9.622906672999932, 0.0 ], [ 119.11657819800007, -9.622625452999955, 0.0 ], [ 119.116037452000114, -9.62242073699997, 0.0 ], [ 119.115516981000042, -9.622364595999954, 0.0 ], [ 119.115378408000083, -9.622420240999929, 0.0 ], [ 119.1150720280001, -9.62264276999997, 0.0 ], [ 119.11463948700009, -9.623138376999975, 0.0 ], [ 119.114519974000018, -9.623306174999925, 0.0 ], [ 119.114263529000027, -9.623507718999974, 0.0 ], [ 119.114071283000044, -9.623564596999927, 0.0 ], [ 119.114030715000013, -9.623560364999946, 0.0 ], [ 119.113828107000018, -9.623539209999933, 0.0 ], [ 119.113480027000037, -9.623448203999942, 0.0 ], [ 119.113262927000051, -9.623293408999928, 0.0 ], [ 119.113180701000033, -9.623209704999965, 0.0 ], [ 119.112854200000015, -9.622834043999944, 0.0 ], [ 119.112750436000056, -9.622682084999951, 0.0 ], [ 119.112707137000029, -9.622492148999982, 0.0 ], [ 119.112652061000063, -9.622261296999966, 0.0 ], [ 119.112448266000115, -9.622200740999972, 0.0 ], [ 119.1121645610001, -9.622186595999949, 0.0 ], [ 119.111950303000071, -9.622204776999979, 0.0 ], [ 119.111158388000035, -9.622271973999943, 0.0 ], [ 119.110614798000029, -9.622398783999927, 0.0 ], [ 119.110082014000113, -9.622367507999968, 0.0 ], [ 119.109710171000074, -9.622256753999977, 0.0 ], [ 119.109476823000023, -9.622139862999973, 0.0 ], [ 119.109143076, -9.621899097999972, 0.0 ], [ 119.108961684000064, -9.621676408999974, 0.0 ], [ 119.108590344000049, -9.62117268999998, 0.0 ], [ 119.108490296000014, -9.621036971999956, 0.0 ], [ 119.108164969000086, -9.620843428999933, 0.0 ], [ 119.107521717000054, -9.620439157999954, 0.0 ], [ 119.10711239200009, -9.620152640999947, 0.0 ], [ 119.10677274000011, -9.619914893999976, 0.0 ], [ 119.106684242000028, -9.61985294699997, 0.0 ], [ 119.10657702200001, -9.619744686999979, 0.0 ], [ 119.106535075000011, -9.619677249999938, 0.0 ], [ 119.106477011000038, -9.619521793999979, 0.0 ], [ 119.106542991000083, -9.618478147999951, 0.0 ], [ 119.106545277, -9.618441949999976, 0.0 ], [ 119.106558093000103, -9.61823901799994, 0.0 ], [ 119.106405926000093, -9.617616103999978, 0.0 ], [ 119.106267062000029, -9.617425930999957, 0.0 ], [ 119.106071175000011, -9.617285581999965, 0.0 ], [ 119.105793472000073, -9.617147239999952, 0.0 ], [ 119.105585632000043, -9.617038348999927, 0.0 ], [ 119.10501229800002, -9.617005316999951, 0.0 ], [ 119.10482029700006, -9.617021613999952, 0.0 ], [ 119.1046442170001, -9.617118484999935, 0.0 ], [ 119.104569853000044, -9.617159395999977, 0.0 ], [ 119.104447511000103, -9.617292862999932, 0.0 ], [ 119.104355281000039, -9.617604461999974, 0.0 ], [ 119.104257771000107, -9.617780492999941, 0.0 ], [ 119.104156878000026, -9.617842966999945, 0.0 ], [ 119.103979330000016, -9.617821896999942, 0.0 ], [ 119.103530416000012, -9.617440457999976, 0.0 ], [ 119.103190815000062, -9.617254301999935, 0.0 ], [ 119.103077362000022, -9.617218355999967, 0.0 ], [ 119.10304441400001, -9.617207909999934, 0.0 ], [ 119.10215397200011, -9.617286519999936, 0.0 ], [ 119.102118327000085, -9.617287179999948, 0.0 ], [ 119.102076484, -9.617283024999949, 0.0 ], [ 119.10148124400007, -9.617321018999974, 0.0 ], [ 119.101344962000098, -9.617318925999939, 0.0 ], [ 119.101174978000017, -9.617316314999925, 0.0 ], [ 119.100878218000048, -9.617311690999941, 0.0 ], [ 119.100764232000074, -9.61721474899997, 0.0 ], [ 119.100753952000105, -9.617059708999932, 0.0 ], [ 119.10082688600005, -9.616884269999957, 0.0 ], [ 119.101122220000093, -9.616548860999956, 0.0 ], [ 119.101260747000083, -9.616464142999973, 0.0 ], [ 119.101344962000098, -9.616373893999935, 0.0 ], [ 119.101377905000049, -9.616338590999931, 0.0 ], [ 119.101423809000039, -9.616193296999938, 0.0 ], [ 119.101397843000086, -9.61602278099997, 0.0 ], [ 119.101365418000114, -9.61587723699995, 0.0 ], [ 119.101246633000073, -9.615344045999962, 0.0 ], [ 119.101159529000029, -9.614702488999967, 0.0 ], [ 119.101154927000039, -9.614689339999927, 0.0 ], [ 119.1010904850001, -9.614505192999957, 0.0 ], [ 119.100904591000017, -9.614277471999969, 0.0 ], [ 119.100760692000108, -9.614233191999972, 0.0 ], [ 119.100478258000066, -9.614218260999962, 0.0 ], [ 119.100420308000025, -9.614215197999954, 0.0 ], [ 119.099684216000014, -9.614208062999978, 0.0 ], [ 119.09927062600002, -9.613827284999957, 0.0 ], [ 119.096126308000066, -9.615633943999967, 0.0 ], [ 119.095511443000078, -9.61621785799997, 0.0 ], [ 119.093933799000069, -9.617716085999973, 0.0 ], [ 119.09266900800003, -9.618498566999961, 0.0 ], [ 119.091787974000113, -9.619000344999961, 0.0 ], [ 119.090683962000071, -9.619431831999975, 0.0 ], [ 119.08825020900008, -9.620428410999978, 0.0 ], [ 119.08661789100006, -9.621253964999937, 0.0 ], [ 119.085420163000094, -9.62199751199995, 0.0 ], [ 119.081805315000111, -9.62288041599993, 0.0 ], [ 119.080898740000066, -9.622794754999973, 0.0 ], [ 119.080441884000038, -9.622823308999955, 0.0 ], [ 119.080149210000059, -9.623087428999952, 0.0 ], [ 119.079949335000038, -9.623522869999931, 0.0 ], [ 119.079950509000014, -9.623879604999956, 0.0 ], [ 119.07985299500001, -9.623896056999968, 0.0 ], [ 119.078908133000027, -9.624228615999925, 0.0 ], [ 119.078785337000113, -9.624271835999934, 0.0 ], [ 119.077402238000104, -9.625000303999968, 0.0 ], [ 119.07702899700007, -9.625255795999976, 0.0 ], [ 119.075810995000097, -9.626089523999951, 0.0 ], [ 119.074312143000043, -9.626761680999948, 0.0 ], [ 119.073031237, -9.627535861999945, 0.0 ], [ 119.07169461400008, -9.628325055999937, 0.0 ], [ 119.07046970500005, -9.629090453999936, 0.0 ], [ 119.069387305000078, -9.629818209999939, 0.0 ], [ 119.068482298000049, -9.63045077299995, 0.0 ], [ 119.067746361000104, -9.631116584999972, 0.0 ], [ 119.067711675000055, -9.63116744499996, 0.0 ], [ 119.067575017000081, -9.631411398999944, 0.0 ], [ 119.067505643000118, -9.631501594999975, 0.0 ], [ 119.067456923, -9.631638837999958, 0.0 ], [ 119.067371581000089, -9.631796339999937, 0.0 ], [ 119.067293773000074, -9.631866926999976, 0.0 ], [ 119.066742883000074, -9.632163866999974, 0.0 ], [ 119.066666231000113, -9.632232573999943, 0.0 ], [ 119.066594455000086, -9.632293986999969, 0.0 ], [ 119.066544014000101, -9.632328989999962, 0.0 ], [ 119.066346702000033, -9.632434402999934, 0.0 ], [ 119.065865098000017, -9.632691698999963, 0.0 ], [ 119.06581114700009, -9.632783313999937, 0.0 ], [ 119.065661332000104, -9.633027332999973, 0.0 ], [ 119.065523123000048, -9.633171500999936, 0.0 ], [ 119.065465615000107, -9.633210104999932, 0.0 ], [ 119.065104549000012, -9.633419333999939, 0.0 ], [ 119.064936049000039, -9.633562143999939, 0.0 ], [ 119.064694391000103, -9.633716651999976, 0.0 ], [ 119.064544194000064, -9.633791660999975, 0.0 ], [ 119.064395519000072, -9.63386590999994, 0.0 ], [ 119.06432050300009, -9.633891638999955, 0.0 ], [ 119.064530163000086, -9.635272624999971, 0.0 ], [ 119.064552781000089, -9.63572927499996, 0.0 ], [ 119.064586413000029, -9.63640827699993, 0.0 ], [ 119.064293434000092, -9.636661857999968, 0.0 ], [ 119.064144677000058, -9.636597718999951, 0.0 ], [ 119.06377787200006, -9.636257533999981, 0.0 ], [ 119.063272731000097, -9.635979117999966, 0.0 ], [ 119.062456490000045, -9.635529233999932, 0.0 ], [ 119.0624286850001, -9.635486662999938, 0.0 ], [ 119.062220483000033, -9.635167886999966, 0.0 ], [ 119.062019031000091, -9.63485944699994, 0.0 ], [ 119.061918657000092, -9.634705765999968, 0.0 ], [ 119.06184277400007, -9.634589583999968, 0.0 ], [ 119.061737846000028, -9.634444102999964, 0.0 ], [ 119.061734320000028, -9.634329238999953, 0.0 ], [ 119.061314349000099, -9.633321093999939, 0.0 ], [ 119.061495188000094, -9.632654844999934, 0.0 ], [ 119.06163983700003, -9.631700160999969, 0.0 ], [ 119.061651292000079, -9.631624555999963, 0.0 ], [ 119.061733134000065, -9.631084400999953, 0.0 ], [ 119.061897043000045, -9.630121929999973, 0.0 ], [ 119.061849880000068, -9.630036949999976, 0.0 ], [ 119.061778083000036, -9.629885277999961, 0.0 ], [ 119.061592653000048, -9.629714365999973, 0.0 ], [ 119.061577863000025, -9.629700732999936, 0.0 ], [ 119.061458309000045, -9.629578391999928, 0.0 ], [ 119.061049170000047, -9.628682106999975, 0.0 ], [ 119.061040150000053, -9.628662346999931, 0.0 ], [ 119.060727900000074, -9.62797831499995, 0.0 ], [ 119.061016044000098, -9.627805185999932, 0.0 ], [ 119.06107863200009, -9.62777373299997, 0.0 ], [ 119.061051038000073, -9.627560498999969, 0.0 ], [ 119.061151659000075, -9.627379018999932, 0.0 ], [ 119.061178549000033, -9.627330518999941, 0.0 ], [ 119.061378991000083, -9.627190048999978, 0.0 ], [ 119.061432758000024, -9.627165263999927, 0.0 ], [ 119.061617132000038, -9.627159700999925, 0.0 ], [ 119.061713525000073, -9.627162515999942, 0.0 ], [ 119.061780379000083, -9.627068383999926, 0.0 ], [ 119.061707160000083, -9.626672592999967, 0.0 ], [ 119.061633553000092, -9.626577465999958, 0.0 ], [ 119.061584793000065, -9.626531442999976, 0.0 ], [ 119.061570619, -9.626373840999975, 0.0 ], [ 119.061574130000054, -9.626313591999974, 0.0 ], [ 119.061509025000078, -9.626255373999982, 0.0 ], [ 119.06149042800007, -9.62607285799993, 0.0 ], [ 119.061481745000037, -9.626027839999949, 0.0 ], [ 119.06146517500008, -9.625941937999926, 0.0 ], [ 119.061442381, -9.625854672999935, 0.0 ], [ 119.061346711000056, -9.625650248999932, 0.0 ], [ 119.061330832000067, -9.625621395999929, 0.0 ], [ 119.061311975000081, -9.625587131999964, 0.0 ], [ 119.06128827200007, -9.62554406199996, 0.0 ], [ 119.061299539000061, -9.625000640999929, 0.0 ], [ 119.06130629900008, -9.624698096999964, 0.0 ], [ 119.061281187000077, -9.624702277999972, 0.0 ], [ 119.059402194000086, -9.62295163999994, 0.0 ], [ 119.059166787000095, -9.622732312999972, 0.0 ], [ 119.057639990000098, -9.621309811999936, 0.0 ], [ 119.056490595000014, -9.62023893199995, 0.0 ], [ 119.055597687000045, -9.62198843799996, 0.0 ], [ 119.055386156000054, -9.62222000099996, 0.0 ], [ 119.054365573000041, -9.623358799999949, 0.0 ], [ 119.05337889000009, -9.625000487999955, 0.0 ], [ 119.053319106000117, -9.625100002999943, 0.0 ], [ 119.053066028000103, -9.62549435699998, 0.0 ], [ 119.053010732000075, -9.625610672999926, 0.0 ], [ 119.052734292000082, -9.625973611999939, 0.0 ], [ 119.052531782000074, -9.626248188999966, 0.0 ], [ 119.051749075000089, -9.627361986999972, 0.0 ], [ 119.051706422000052, -9.627418348999981, 0.0 ], [ 119.051289422000082, -9.628010393999944, 0.0 ], [ 119.050978515000111, -9.628380863999951, 0.0 ], [ 119.049767547000101, -9.629699001999938, 0.0 ], [ 119.049049408000087, -9.630248282999958, 0.0 ], [ 119.04837284000007, -9.630650862999971, 0.0 ], [ 119.047383670000045, -9.63131846999994, 0.0 ], [ 119.047190767000075, -9.631584252999971, 0.0 ], [ 119.046908309000059, -9.631962753999971, 0.0 ], [ 119.046473736000053, -9.632400095999969, 0.0 ], [ 119.0462309830001, -9.632544905999964, 0.0 ], [ 119.044675045000076, -9.633456907999971, 0.0 ], [ 119.044046378000075, -9.633859442999949, 0.0 ], [ 119.043482110000014, -9.634125239999946, 0.0 ], [ 119.042988918000106, -9.634245974999942, 0.0 ], [ 119.042689046000078, -9.634260780999966, 0.0 ], [ 119.04145212200001, -9.633933237999941, 0.0 ], [ 119.041248327000062, -9.633766962999971, 0.0 ], [ 119.041224109000041, -9.633741595999936, 0.0 ], [ 119.040686826000069, -9.63317937599993, 0.0 ], [ 119.03972485700001, -9.631789266999931, 0.0 ], [ 119.039489030000027, -9.631459906999964, 0.0 ], [ 119.039121213000044, -9.630975317999969, 0.0 ], [ 119.0389060440001, -9.630843217999939, 0.0 ], [ 119.038479015, -9.630699890999949, 0.0 ] ] ], [ [ [ 119.140579599000034, -9.728536720999955, 0.0 ], [ 119.13956401300004, -9.728362710999932, 0.0 ], [ 119.139412709000112, -9.728257596999981, 0.0 ], [ 119.139284315000054, -9.72810282699993, 0.0 ], [ 119.139179952000063, -9.728007975999958, 0.0 ], [ 119.138875656000096, -9.727876676999927, 0.0 ], [ 119.137938210000016, -9.727685552999958, 0.0 ], [ 119.137741125000048, -9.727753005999944, 0.0 ], [ 119.13759291000008, -9.727879711999947, 0.0 ], [ 119.137516644000016, -9.728036703999976, 0.0 ], [ 119.137437218000059, -9.728304865999974, 0.0 ], [ 119.137391867000019, -9.728642501999957, 0.0 ], [ 119.137334134000071, -9.728920590999962, 0.0 ], [ 119.137148032000027, -9.72928324999998, 0.0 ], [ 119.136951619000115, -9.729472031999933, 0.0 ], [ 119.136775758000113, -9.72954651699996, 0.0 ], [ 119.136100924000061, -9.729812072999948, 0.0 ], [ 119.135428282000021, -9.730270897999958, 0.0 ], [ 119.134762391000095, -9.730747943999972, 0.0 ], [ 119.134549291000098, -9.730921442999943, 0.0 ], [ 119.134460946000104, -9.730916554999965, 0.0 ], [ 119.134291477000033, -9.730842645999928, 0.0 ], [ 119.134247047000031, -9.730708621999952, 0.0 ], [ 119.134112251000033, -9.730309531999978, 0.0 ], [ 119.134018562000051, -9.730178534999936, 0.0 ], [ 119.133872971000073, -9.730115500999943, 0.0 ], [ 119.133465556000033, -9.729969304999941, 0.0 ], [ 119.133241780000048, -9.729722942999956, 0.0 ], [ 119.13307059400006, -9.729587177999974, 0.0 ], [ 119.132896655000081, -9.729417444999967, 0.0 ], [ 119.132780268000033, -9.72919105699998, 0.0 ], [ 119.132735090000097, -9.729148748999933, 0.0 ], [ 119.132646718000046, -9.729134909999971, 0.0 ], [ 119.13257017400008, -9.729181221999966, 0.0 ], [ 119.132444335000059, -9.729343693999965, 0.0 ], [ 119.132093080000118, -9.729800584999964, 0.0 ], [ 119.131933001000107, -9.73001445999995, 0.0 ], [ 119.131776614000046, -9.730365000999939, 0.0 ], [ 119.131669782000017, -9.730596714999933, 0.0 ], [ 119.131523556000047, -9.73076145999994, 0.0 ], [ 119.13141926500009, -9.730810135999945, 0.0 ], [ 119.131362747000026, -9.730757177999976, 0.0 ], [ 119.131334462000041, -9.730638118999934, 0.0 ], [ 119.131309790000046, -9.730541068999969, 0.0 ], [ 119.131206244000055, -9.730253020999953, 0.0 ], [ 119.131151419000048, -9.730044223999926, 0.0 ], [ 119.130969410000034, -9.730095544999926, 0.0 ], [ 119.130816496000079, -9.730100552999943, 0.0 ], [ 119.130715542000075, -9.730043217999935, 0.0 ], [ 119.130643875000032, -9.729778996999926, 0.0 ], [ 119.130436036000106, -9.729705630999945, 0.0 ], [ 119.130226479000044, -9.729339609999954, 0.0 ], [ 119.130135146000043, -9.729344239999932, 0.0 ], [ 119.129851612000039, -9.729377352999961, 0.0 ], [ 119.129460369000071, -9.729350744999977, 0.0 ], [ 119.129413217000092, -9.729355643999952, 0.0 ], [ 119.129193367000084, -9.729438233999929, 0.0 ], [ 119.129219696000064, -9.729656974999955, 0.0 ], [ 119.129168715000105, -9.729802947999929, 0.0 ], [ 119.12896086, -9.729858331999935, 0.0 ], [ 119.12856312800011, -9.729915456999947, 0.0 ], [ 119.128239186000087, -9.729985830999965, 0.0 ], [ 119.128101167000068, -9.729942509999944, 0.0 ], [ 119.128030788000046, -9.729887489999953, 0.0 ], [ 119.127976001000093, -9.729678772999932, 0.0 ], [ 119.127946608000116, -9.729414370999962, 0.0 ], [ 119.127802126, -9.729241199999933, 0.0 ], [ 119.127739654000038, -9.72912707699993, 0.0 ], [ 119.127616890000013, -9.728692671999966, 0.0 ], [ 119.127804784000091, -9.728297238999971, 0.0 ], [ 119.127897626000049, -9.728163644999938, 0.0 ], [ 119.128170181000087, -9.727985428999943, 0.0 ], [ 119.128259930000013, -9.727947603999951, 0.0 ], [ 119.128618641000116, -9.727865516999941, 0.0 ], [ 119.128740016000052, -9.727781680999954, 0.0 ], [ 119.128921239000078, -9.727711086999932, 0.0 ], [ 119.129150197000058, -9.727622555999972, 0.0 ], [ 119.129271642000049, -9.727553242999932, 0.0 ], [ 119.129283888000032, -9.727486037999938, 0.0 ], [ 119.129191686000013, -9.727364077999937, 0.0 ], [ 119.128788955000118, -9.727432523999937, 0.0 ], [ 119.128606780000041, -9.727467271999956, 0.0 ], [ 119.1281040880001, -9.727542096999969, 0.0 ], [ 119.127953546000072, -9.727524211999935, 0.0 ], [ 119.127845625000077, -9.727397377999978, 0.0 ], [ 119.127685907000114, -9.727203319999944, 0.0 ], [ 119.127152808, -9.726961236999955, 0.0 ], [ 119.126843402000077, -9.726863441999967, 0.0 ], [ 119.126692628000114, -9.726951347999943, 0.0 ], [ 119.126510686000074, -9.727055192999956, 0.0 ], [ 119.126330566000092, -9.727093553999964, 0.0 ], [ 119.126000026000042, -9.726901473999931, 0.0 ], [ 119.125825443000053, -9.726799769999957, 0.0 ], [ 119.125069593000035, -9.726832439999953, 0.0 ], [ 119.124999250000087, -9.726906530999941, 0.0 ], [ 119.124927025000034, -9.72698257899998, 0.0 ], [ 119.124862010000015, -9.727013867999972, 0.0 ], [ 119.124821445000066, -9.726990048999937, 0.0 ], [ 119.124796570000058, -9.726858261999951, 0.0 ], [ 119.12474467100003, -9.726661831999934, 0.0 ], [ 119.124580798000011, -9.726396989999955, 0.0 ], [ 119.12447679200011, -9.726236578999931, 0.0 ], [ 119.124442891000058, -9.726184287999956, 0.0 ], [ 119.12430520700002, -9.725955069999941, 0.0 ], [ 119.124089218000108, -9.725464572999954, 0.0 ], [ 119.123772498000108, -9.72526553299997, 0.0 ], [ 119.123672696000085, -9.725192508999953, 0.0 ], [ 119.12360415, -9.725142301999938, 0.0 ], [ 119.123370530000102, -9.724903204999976, 0.0 ], [ 119.123272185000019, -9.724877486999958, 0.0 ], [ 119.123170456000025, -9.724939719999952, 0.0 ], [ 119.122800372000029, -9.725426494999965, 0.0 ], [ 119.122644007000076, -9.725569447999931, 0.0 ], [ 119.122438358000068, -9.725788315999978, 0.0 ], [ 119.122133644000087, -9.725915082999961, 0.0 ], [ 119.121924517000025, -9.725969196999927, 0.0 ], [ 119.121662312000012, -9.726050986999951, 0.0 ], [ 119.121451454000066, -9.72618837999994, 0.0 ], [ 119.121051314000056, -9.726445736999949, 0.0 ], [ 119.120893520000095, -9.726377102999948, 0.0 ], [ 119.12054523200004, -9.726198666999949, 0.0 ], [ 119.12040972200009, -9.72627837899995, 0.0 ], [ 119.120054457000037, -9.726500335999958, 0.0 ], [ 119.119899001000022, -9.726372115999936, 0.0 ], [ 119.119888881000065, -9.726409969999963, 0.0 ], [ 119.11993558000006, -9.726487284999962, 0.0 ], [ 119.119920003000061, -9.726533837999966, 0.0 ], [ 119.119741502000011, -9.726681301999974, 0.0 ], [ 119.119631587000072, -9.726638741999977, 0.0 ], [ 119.119577231000108, -9.726546446999976, 0.0 ], [ 119.119593838000014, -9.726474878999966, 0.0 ], [ 119.119651618000034, -9.72640744399996, 0.0 ], [ 119.119761030000063, -9.726195163999932, 0.0 ], [ 119.119862828, -9.726072210999973, 0.0 ], [ 119.119826659000069, -9.725940914999967, 0.0 ], [ 119.119727847000036, -9.72587508099997, 0.0 ], [ 119.11958086900006, -9.725910533999979, 0.0 ], [ 119.119472838000092, -9.726007331999938, 0.0 ], [ 119.119371733000094, -9.72609319299994, 0.0 ], [ 119.119038554000099, -9.726283381999963, 0.0 ], [ 119.11900245400011, -9.726297785999975, 0.0 ], [ 119.118921849000117, -9.726329921999934, 0.0 ], [ 119.118734384000049, -9.726396912999974, 0.0 ], [ 119.1185626030001, -9.726456993999932, 0.0 ], [ 119.118387615000074, -9.72639030299996, 0.0 ], [ 119.118273098000031, -9.726376413999958, 0.0 ], [ 119.117802398000094, -9.726467625999931, 0.0 ], [ 119.117715296000029, -9.726420713999971, 0.0 ], [ 119.117439944000012, -9.726024391999943, 0.0 ], [ 119.117138668000052, -9.725817043999939, 0.0 ], [ 119.116953112000033, -9.725642812999979, 0.0 ], [ 119.116797514000041, -9.725379504999978, 0.0 ], [ 119.116647256000078, -9.725111276999939, 0.0 ], [ 119.116300743000011, -9.724819116999981, 0.0 ], [ 119.116290037000113, -9.724713427999973, 0.0 ], [ 119.116176357000086, -9.724619519999976, 0.0 ], [ 119.11605251900005, -9.724503057999925, 0.0 ], [ 119.116029363000052, -9.724321205999956, 0.0 ], [ 119.116099033000069, -9.724130119999927, 0.0 ], [ 119.116211646000011, -9.723974178999981, 0.0 ], [ 119.116514596000115, -9.723595197999941, 0.0 ], [ 119.116529277000041, -9.723523912999951, 0.0 ], [ 119.116713976000028, -9.723395767999932, 0.0 ], [ 119.116666223000038, -9.723308523999947, 0.0 ], [ 119.116548962000024, -9.723002226999938, 0.0 ], [ 119.116533817000118, -9.722894019999956, 0.0 ], [ 119.116482430000019, -9.722683553999957, 0.0 ], [ 119.116518308000082, -9.722503380999967, 0.0 ], [ 119.116525914000022, -9.72225149999997, 0.0 ], [ 119.11649115900002, -9.722028561999934, 0.0 ], [ 119.11643390100005, -9.72189571399997, 0.0 ], [ 119.116348556000048, -9.721694015999958, 0.0 ], [ 119.116154414000107, -9.721630133999952, 0.0 ], [ 119.115828474000068, -9.721577256999979, 0.0 ], [ 119.115774913000109, -9.721488920999946, 0.0 ], [ 119.115786732000061, -9.721363272999952, 0.0 ], [ 119.115847645000031, -9.721131081999943, 0.0 ], [ 119.115842956000051, -9.720928258999948, 0.0 ], [ 119.115746739000087, -9.720736851999959, 0.0 ], [ 119.115289228000051, -9.720442039999966, 0.0 ], [ 119.113772131000019, -9.719475012999965, 0.0 ], [ 119.113410222000084, -9.719297850999965, 0.0 ], [ 119.113252190000026, -9.719197957999938, 0.0 ], [ 119.113046072000088, -9.719030460999932, 0.0 ], [ 119.112712924000107, -9.718858564999948, 0.0 ], [ 119.1124519440001, -9.718686316999936, 0.0 ], [ 119.112113081000075, -9.718437207999955, 0.0 ], [ 119.112536230000046, -9.717880842999932, 0.0 ], [ 119.112594394000098, -9.717804333999936, 0.0 ], [ 119.112722796000071, -9.71754991399996, 0.0 ], [ 119.113018086000011, -9.716964774999951, 0.0 ], [ 119.113169414000026, -9.716633176999949, 0.0 ], [ 119.113424630000054, -9.71606731199995, 0.0 ], [ 119.113830577000044, -9.715647236999928, 0.0 ], [ 119.113881675000016, -9.71559764999995, 0.0 ], [ 119.114262710000048, -9.714800899999943, 0.0 ], [ 119.114370837000024, -9.714139493999937, 0.0 ], [ 119.114549623000016, -9.713893306999978, 0.0 ], [ 119.11518211900011, -9.71355286499994, 0.0 ], [ 119.116140621000113, -9.712940532999937, 0.0 ], [ 119.116235932000109, -9.712879646999966, 0.0 ], [ 119.116605554000103, -9.712536930999931, 0.0 ], [ 119.116828513000087, -9.712248079999938, 0.0 ], [ 119.117027635000113, -9.711930545999962, 0.0 ], [ 119.117143849000058, -9.711739209999962, 0.0 ], [ 119.11738334000006, -9.711011278999933, 0.0 ], [ 119.117466525000054, -9.710758430999931, 0.0 ], [ 119.117861051000091, -9.709833928999956, 0.0 ], [ 119.118412336, -9.708823368999958, 0.0 ], [ 119.118590661000098, -9.708577864999938, 0.0 ], [ 119.118606967, -9.708546785999943, 0.0 ], [ 119.11897723800007, -9.708045646999949, 0.0 ], [ 119.119371693000062, -9.707413369999927, 0.0 ], [ 119.119377348000057, -9.707404556999961, 0.0 ], [ 119.119486835000089, -9.707233928999926, 0.0 ], [ 119.119633114000067, -9.707029346999946, 0.0 ], [ 119.119812835000062, -9.706777993999935, 0.0 ], [ 119.120338678000053, -9.706278242999929, 0.0 ], [ 119.120637245000012, -9.706006865999939, 0.0 ], [ 119.12096258300005, -9.70545164899994, 0.0 ], [ 119.121088143000065, -9.704954369999939, 0.0 ], [ 119.12137086000007, -9.70444195999994, 0.0 ], [ 119.121458066000059, -9.70433527299997, 0.0 ], [ 119.121445355000105, -9.704322746999935, 0.0 ], [ 119.120672249000108, -9.703560890999938, 0.0 ], [ 119.119219335000025, -9.702073034999955, 0.0 ], [ 119.117401962000031, -9.700223799999947, 0.0 ], [ 119.116474480000079, -9.698658974999944, 0.0 ], [ 119.115470768000023, -9.696965517999956, 0.0 ], [ 119.114968878000013, -9.696044392999966, 0.0 ], [ 119.115117604000034, -9.695015263999949, 0.0 ], [ 119.115540767000084, -9.694022871999948, 0.0 ], [ 119.116124559000014, -9.692018651999945, 0.0 ], [ 119.115988989000016, -9.690006567999944, 0.0 ], [ 119.115356094000049, -9.689361251999969, 0.0 ], [ 119.114478335000058, -9.68841922799993, 0.0 ], [ 119.113412928000116, -9.686843887999942, 0.0 ], [ 119.112531217000083, -9.686023066999951, 0.0 ], [ 119.112144744000034, -9.685663283999929, 0.0 ], [ 119.111525022000023, -9.683856057999947, 0.0 ], [ 119.111113085000056, -9.681979291999937, 0.0 ], [ 119.111043796000104, -9.680978946999971, 0.0 ], [ 119.110155816000088, -9.680108731999951, 0.0 ], [ 119.109258253, -9.679509080999935, 0.0 ], [ 119.106928831000118, -9.677952822999941, 0.0 ], [ 119.104046863, -9.676096328999961, 0.0 ], [ 119.101416960000051, -9.674588185999937, 0.0 ], [ 119.099302637000051, -9.673277273999929, 0.0 ], [ 119.095197546, -9.671620065999946, 0.0 ], [ 119.095173749000082, -9.671477280999966, 0.0 ], [ 119.095019084000114, -9.671048977999931, 0.0 ], [ 119.094822778000093, -9.670412472999942, 0.0 ], [ 119.094739497000091, -9.670132885999976, 0.0 ], [ 119.094709754000064, -9.669835452999962, 0.0 ], [ 119.094709754000064, -9.669621301999939, 0.0 ], [ 119.094751395000117, -9.669103768999946, 0.0 ], [ 119.094697857000028, -9.668383981999966, 0.0 ], [ 119.094608627000071, -9.668021113999941, 0.0 ], [ 119.094566986000018, -9.667759373999957, 0.0 ], [ 119.094602678000115, -9.667592810999963, 0.0 ], [ 119.094674062000081, -9.667301326999961, 0.0 ], [ 119.094846573000041, -9.666646975999981, 0.0 ], [ 119.094923906000076, -9.666194877999942, 0.0 ], [ 119.094989341000087, -9.665843907999943, 0.0 ], [ 119.095001238, -9.66574277999996, 0.0 ], [ 119.094995289000053, -9.665588114999935, 0.0 ], [ 119.094947700000034, -9.665141966999954, 0.0 ], [ 119.094858470000077, -9.664624433999961, 0.0 ], [ 119.09471570300002, -9.663720238999929, 0.0 ], [ 119.094691908000073, -9.663351421999948, 0.0 ], [ 119.094674062000081, -9.663125372999957, 0.0 ], [ 119.094626473000062, -9.662780350999981, 0.0 ], [ 119.094501551, -9.662369893999937, 0.0 ], [ 119.094346886000039, -9.662042718999942, 0.0 ], [ 119.094323116000055, -9.661979003999932, 0.0 ], [ 119.094663963000016, -9.661970487999952, 0.0 ], [ 119.095321401000092, -9.661906608999971, 0.0 ], [ 119.095600472000115, -9.661856952999926, 0.0 ], [ 119.096039863000101, -9.661816700999964, 0.0 ], [ 119.096260756000106, -9.661749031999932, 0.0 ], [ 119.096367806000103, -9.661696809999967, 0.0 ], [ 119.096532364000041, -9.661617354999976, 0.0 ], [ 119.0966995550001, -9.661580870999956, 0.0 ], [ 119.09696253300001, -9.661529597999959, 0.0 ], [ 119.097062569000059, -9.661494406999964, 0.0 ], [ 119.097256257000026, -9.661475245999952, 0.0 ], [ 119.097398336000083, -9.661456389999955, 0.0 ], [ 119.097806928000068, -9.661410420999971, 0.0 ], [ 119.098173680000059, -9.661396279999963, 0.0 ], [ 119.098638519000019, -9.661369805999925, 0.0 ], [ 119.098739091000084, -9.661344743999962, 0.0 ], [ 119.099064429, -9.661072358999945, 0.0 ], [ 119.099297581000087, -9.660914422999952, 0.0 ], [ 119.09957664500007, -9.660755140999981, 0.0 ], [ 119.099650804000021, -9.660704179999925, 0.0 ], [ 119.100083415000086, -9.660483737999925, 0.0 ], [ 119.10041939700011, -9.660260239999957, 0.0 ], [ 119.100690514, -9.660131810999928, 0.0 ], [ 119.100924852000048, -9.660040119999962, 0.0 ], [ 119.101071302000037, -9.659981388999938, 0.0 ], [ 119.101335052000081, -9.659897835999971, 0.0 ], [ 119.101645922000102, -9.659837767999932, 0.0 ], [ 119.101982803000055, -9.659708655999964, 0.0 ], [ 119.102138271000058, -9.659627454999963, 0.0 ], [ 119.102175353, -9.659589836999942, 0.0 ], [ 119.103108576000068, -9.659079808999934, 0.0 ], [ 119.103166316000056, -9.659051758999965, 0.0 ], [ 119.103261235000105, -9.658978413999932, 0.0 ], [ 119.103457780000099, -9.658857929999954, 0.0 ], [ 119.104020987000013, -9.658419305999928, 0.0 ], [ 119.104141294000101, -9.658318490999932, 0.0 ], [ 119.104313787000024, -9.658178155999963, 0.0 ], [ 119.104496675000064, -9.658014990999959, 0.0 ], [ 119.104640567000047, -9.657878710999967, 0.0 ], [ 119.104674897000109, -9.657847027999935, 0.0 ], [ 119.104937296000116, -9.657614897999963, 0.0 ], [ 119.10507020700004, -9.657505681999965, 0.0 ], [ 119.105433177, -9.657154870999932, 0.0 ], [ 119.105575529000021, -9.656988772999966, 0.0 ], [ 119.106322238000075, -9.656025423999949, 0.0 ], [ 119.106451942000035, -9.655841488999954, 0.0 ], [ 119.107042822000039, -9.655194551999955, 0.0 ], [ 119.107606860000033, -9.654810655999938, 0.0 ], [ 119.107878336000113, -9.654637497999943, 0.0 ], [ 119.107936779000056, -9.654595214999972, 0.0 ], [ 119.107987025000057, -9.654548636999948, 0.0 ], [ 119.123074082000016, -9.653922393999949, 0.0 ], [ 119.125804576000064, -9.653905542999951, 0.0 ], [ 119.131332523000083, -9.652890428999967, 0.0 ], [ 119.131525149000026, -9.653685522999979, 0.0 ], [ 119.131681210000011, -9.654243532999942, 0.0 ], [ 119.131709177000062, -9.654343492999942, 0.0 ], [ 119.131754455000078, -9.654546566999954, 0.0 ], [ 119.131851048000044, -9.65497977299998, 0.0 ], [ 119.132037049000019, -9.655762177999975, 0.0 ], [ 119.132048297000097, -9.655808471999933, 0.0 ], [ 119.13222273800011, -9.656525476999946, 0.0 ], [ 119.132243193000022, -9.656594137999946, 0.0 ], [ 119.132436683000037, -9.65724363399994, 0.0 ], [ 119.132697994000068, -9.658315392999953, 0.0 ], [ 119.132882820000077, -9.659036844999946, 0.0 ], [ 119.132913879000057, -9.659158021999929, 0.0 ], [ 119.132944042000076, -9.659291207999956, 0.0 ], [ 119.133100520000085, -9.659981939999966, 0.0 ], [ 119.133171488000016, -9.660814024999979, 0.0 ], [ 119.133410618000084, -9.66170096299993, 0.0 ], [ 119.133665526000073, -9.662776019999967, 0.0 ], [ 119.133867815000031, -9.663570956999934, 0.0 ], [ 119.134177549000015, -9.664855866999972, 0.0 ], [ 119.134225676000028, -9.665129220999972, 0.0 ], [ 119.134318800000074, -9.665658115999975, 0.0 ], [ 119.134332591000089, -9.665721563999966, 0.0 ], [ 119.134493884000108, -9.666463648999979, 0.0 ], [ 119.134561558000087, -9.666774865999969, 0.0 ], [ 119.134579927000118, -9.666848129999948, 0.0 ], [ 119.134753706000083, -9.667541239999935, 0.0 ], [ 119.134874030000105, -9.667888741999946, 0.0 ], [ 119.134959302000084, -9.668135020999955, 0.0 ], [ 119.135224051000023, -9.669015179999974, 0.0 ], [ 119.135542806000103, -9.66984983499998, 0.0 ], [ 119.135728786000072, -9.670266080999966, 0.0 ], [ 119.135887092000075, -9.67062038399996, 0.0 ], [ 119.135976267000046, -9.670819962999929, 0.0 ], [ 119.136233480000101, -9.671418563999964, 0.0 ], [ 119.136316893000071, -9.671612740999933, 0.0 ], [ 119.136698934000037, -9.672342257999958, 0.0 ], [ 119.13689067700011, -9.672708396999951, 0.0 ], [ 119.136993756000038, -9.672866885999952, 0.0 ], [ 119.137348972000041, -9.673413181999933, 0.0 ], [ 119.137746652000033, -9.673966470999972, 0.0 ], [ 119.137974305000057, -9.674310117999937, 0.0 ], [ 119.138093775000016, -9.674487717999966, 0.0 ], [ 119.138567270000067, -9.675191579999932, 0.0 ], [ 119.139128700000015, -9.675994794999951, 0.0 ], [ 119.139291330000106, -9.676227460999939, 0.0 ], [ 119.13959947100011, -9.676666911999973, 0.0 ], [ 119.140008799000043, -9.677250665999964, 0.0 ], [ 119.140651612000056, -9.678029179999953, 0.0 ], [ 119.140943359000062, -9.678362265999965, 0.0 ], [ 119.141175808000071, -9.678627648999964, 0.0 ], [ 119.141816923000079, -9.679297615999928, 0.0 ], [ 119.142211994000036, -9.679665007999972, 0.0 ], [ 119.143023244, -9.680514337999966, 0.0 ], [ 119.143636083000047, -9.681022007999957, 0.0 ], [ 119.144339433000027, -9.681556993999948, 0.0 ], [ 119.145337774000041, -9.682231040999966, 0.0 ], [ 119.146262973000034, -9.682756176999931, 0.0 ], [ 119.147235818000013, -9.683242304999965, 0.0 ], [ 119.14818126800003, -9.683623489999945, 0.0 ], [ 119.148939270000028, -9.683950114999959, 0.0 ], [ 119.149664070000085, -9.684185055999933, 0.0 ], [ 119.150162900000055, -9.684295873999929, 0.0 ], [ 119.150230363000105, -9.684310817999972, 0.0 ], [ 119.150666367000099, -9.684469787999944, 0.0 ], [ 119.151036988000101, -9.684607552999978, 0.0 ], [ 119.151342379000084, -9.68474574399994, 0.0 ], [ 119.15162642700011, -9.684948735999967, 0.0 ], [ 119.151845150000099, -9.685141303999956, 0.0 ], [ 119.151976510000054, -9.685269864999952, 0.0 ], [ 119.15202732900002, -9.68532145599994, 0.0 ], [ 119.15217803400003, -9.685474359999944, 0.0 ], [ 119.152160942000023, -9.685559971999965, 0.0 ], [ 119.152078827000082, -9.68561363799995, 0.0 ], [ 119.152031640000018, -9.685644475999936, 0.0 ], [ 119.152002718000062, -9.685663377999958, 0.0 ], [ 119.151851062000105, -9.685639646999959, 0.0 ], [ 119.151686029000075, -9.685689581999952, 0.0 ], [ 119.151280075000045, -9.685743422999963, 0.0 ], [ 119.15060936000009, -9.685808489999943, 0.0 ], [ 119.150277731000074, -9.685932160999926, 0.0 ], [ 119.149708713000109, -9.686127820999957, 0.0 ], [ 119.149274003000073, -9.686346212999979, 0.0 ], [ 119.149044963000051, -9.686364460999926, 0.0 ], [ 119.147780592000117, -9.68629109699998, 0.0 ], [ 119.147681668000018, -9.686165740999968, 0.0 ], [ 119.147677875000113, -9.686165863999975, 0.0 ], [ 119.14738851300001, -9.68617523599994, 0.0 ], [ 119.147087517000045, -9.686169457999938, 0.0 ], [ 119.146995480000101, -9.686163523999937, 0.0 ], [ 119.146871373000067, -9.686155521999979, 0.0 ], [ 119.14663203300006, -9.686134036999931, 0.0 ], [ 119.146477778000076, -9.686142662999941, 0.0 ], [ 119.146301094000023, -9.686266190999959, 0.0 ], [ 119.146224936000067, -9.686427367999954, 0.0 ], [ 119.146072756000081, -9.686715441999979, 0.0 ], [ 119.146034341000018, -9.686788159999935, 0.0 ], [ 119.145985357000086, -9.686906799999974, 0.0 ], [ 119.145954887000016, -9.686980597999934, 0.0 ], [ 119.145920314000023, -9.687064337999971, 0.0 ], [ 119.14587537500006, -9.687278850999974, 0.0 ], [ 119.145828373000086, -9.687513639999963, 0.0 ], [ 119.145824420000054, -9.687533388999952, 0.0 ], [ 119.145815565000021, -9.687577629999964, 0.0 ], [ 119.145753050000053, -9.687670522999952, 0.0 ], [ 119.145698098000025, -9.687752177999926, 0.0 ], [ 119.145639747000018, -9.687838889999966, 0.0 ], [ 119.145597221000116, -9.687880064999945, 0.0 ], [ 119.145554578000088, -9.687921355999947, 0.0 ], [ 119.145425012000032, -9.68804681599994, 0.0 ], [ 119.145194264000111, -9.688163047999979, 0.0 ], [ 119.144874307, -9.688271001999965, 0.0 ], [ 119.144824636000067, -9.688287757999944, 0.0 ], [ 119.144707939000114, -9.688321692999978, 0.0 ], [ 119.144701409000049, -9.688323591999961, 0.0 ], [ 119.144648470000106, -9.688338985999962, 0.0 ], [ 119.144595306000042, -9.688354445999948, 0.0 ], [ 119.144337094000093, -9.68842953199993, 0.0 ], [ 119.143820254000047, -9.688528649999967, 0.0 ], [ 119.143694746000051, -9.688552719999961, 0.0 ], [ 119.143376826, -9.688656050999953, 0.0 ], [ 119.143220985000085, -9.688757169999974, 0.0 ], [ 119.142802609000114, -9.689088770999945, 0.0 ], [ 119.142690174000109, -9.689369567999961, 0.0 ], [ 119.142559904000109, -9.689680295999949, 0.0 ], [ 119.142479216000083, -9.689759073999937, 0.0 ], [ 119.142285117000029, -9.689948580999953, 0.0 ], [ 119.141906129000063, -9.690195922999976, 0.0 ], [ 119.141599582000026, -9.69038089299994, 0.0 ], [ 119.141507045000026, -9.690436734999935, 0.0 ], [ 119.141234015, -9.690550970999936, 0.0 ], [ 119.14119749300005, -9.690576514999975, 0.0 ], [ 119.141188636000038, -9.690582708999955, 0.0 ], [ 119.141081154000062, -9.690657877999968, 0.0 ], [ 119.141016255000068, -9.690949600999943, 0.0 ], [ 119.140986764000104, -9.691281849999939, 0.0 ], [ 119.14098509400003, -9.691300657999932, 0.0 ], [ 119.140951588, -9.691361775999951, 0.0 ], [ 119.140906053000094, -9.691444825999952, 0.0 ], [ 119.140879463000033, -9.691493320999939, 0.0 ], [ 119.140859790000036, -9.691515117999927, 0.0 ], [ 119.140854406000017, -9.691521082999941, 0.0 ], [ 119.14074189400003, -9.69164574399997, 0.0 ], [ 119.140754126000047, -9.691657074999966, 0.0 ], [ 119.140763235, -9.691665512999975, 0.0 ], [ 119.140957426000114, -9.691905644999963, 0.0 ], [ 119.141278654000075, -9.692357742999945, 0.0 ], [ 119.141516600000045, -9.692762250999976, 0.0 ], [ 119.14205197900003, -9.693357115999959, 0.0 ], [ 119.142623049, -9.694154235999974, 0.0 ], [ 119.142742022000107, -9.69454684699997, 0.0 ], [ 119.142991866000102, -9.695296376999977, 0.0 ], [ 119.143098941000062, -9.695950728999946, 0.0 ], [ 119.143098941000062, -9.696593182999948, 0.0 ], [ 119.14301566000006, -9.697295123999936, 0.0 ], [ 119.14290144600011, -9.698641898999938, 0.0 ], [ 119.142916667, -9.69885, 0.0 ], [ 119.142944276000094, -9.699289112999963, 0.0 ], [ 119.142811027000107, -9.69975072799997, 0.0 ], [ 119.14273770200009, -9.700401019999958, 0.0 ], [ 119.14273175400001, -9.700656811999977, 0.0 ], [ 119.142862148000063, -9.700866838999957, 0.0 ], [ 119.14282645600008, -9.700966775999973, 0.0 ], [ 119.142805041000088, -9.701059574999931, 0.0 ], [ 119.142790764000097, -9.701141666999945, 0.0 ], [ 119.142844302000071, -9.701255880999952, 0.0 ], [ 119.142929963000029, -9.701423632999933, 0.0 ], [ 119.142990639000118, -9.701591384999972, 0.0 ], [ 119.143069161000085, -9.701791259999936, 0.0 ], [ 119.143125079000015, -9.701878109999939, 0.0 ], [ 119.14316077, -9.701951872999928, 0.0 ], [ 119.14319170300007, -9.702151747999949, 0.0 ], [ 119.143198842000061, -9.70237065799995, 0.0 ], [ 119.143220257000053, -9.702618121999933, 0.0 ], [ 119.143229775, -9.702803719999963, 0.0 ], [ 119.143244052000114, -9.702915554999947, 0.0 ], [ 119.143269663000069, -9.703032298999972, 0.0 ], [ 119.143391578000092, -9.703189192999957, 0.0 ], [ 119.143604064000101, -9.703496142999938, 0.0 ], [ 119.143725417000041, -9.703638910999928, 0.0 ], [ 119.143846769000106, -9.703788816999975, 0.0 ], [ 119.143911014000082, -9.703924445999974, 0.0 ], [ 119.14388603000009, -9.703970845999947, 0.0 ], [ 119.143918153000072, -9.704056505999972, 0.0 ], [ 119.14393085100005, -9.704263389999937, 0.0 ], [ 119.144039505000023, -9.704991634999942, 0.0 ], [ 119.144846143000109, -9.705701903999966, 0.0 ], [ 119.144995216000098, -9.706391312999926, 0.0 ], [ 119.145074505000025, -9.706857138999965, 0.0 ], [ 119.145074531000091, -9.706857290999949, 0.0 ], [ 119.144872277000104, -9.707184466999934, 0.0 ], [ 119.144687869000109, -9.707464052999967, 0.0 ], [ 119.144336898, -9.707797177999964, 0.0 ], [ 119.143982398000048, -9.708189629999936, 0.0 ], [ 119.14370400100006, -9.708453749999933, 0.0 ], [ 119.143561234000117, -9.708635778999962, 0.0 ], [ 119.143557665000117, -9.708782115999952, 0.0 ], [ 119.14358621800011, -9.708981990999973, 0.0 ], [ 119.143657602000076, -9.709378170999969, 0.0 ], [ 119.143718278000051, -9.709560199999942, 0.0 ], [ 119.143807508, -9.709763643999963, 0.0 ], [ 119.143903876000081, -9.710002779999968, 0.0 ], [ 119.143978829000048, -9.710191946999942, 0.0 ], [ 119.144053782000015, -9.71031686799995, 0.0 ], [ 119.144160858000077, -9.710538157999963, 0.0 ], [ 119.144271503000027, -9.710891507999975, 0.0 ], [ 119.144328610000116, -9.711023567999973, 0.0 ], [ 119.144621284000095, -9.711123505999979, 0.0 ], [ 119.144710363000058, -9.711158231999946, 0.0 ], [ 119.145042448000027, -9.71128768799997, 0.0 ], [ 119.145349399000111, -9.711423317999959, 0.0 ], [ 119.145664023000109, -9.711662413999932, 0.0 ], [ 119.145564086000036, -9.711905118999937, 0.0 ], [ 119.145564086000036, -9.712185894999948, 0.0 ], [ 119.145625357000085, -9.71239290799997, 0.0 ], [ 119.145559921000086, -9.712589213999934, 0.0 ], [ 119.145351719000018, -9.712568393999959, 0.0 ], [ 119.145188785000073, -9.712665395999977, 0.0 ], [ 119.144977370000106, -9.713070459999926, 0.0 ], [ 119.144929781000087, -9.713232262999952, 0.0 ], [ 119.144767977000015, -9.713451173999943, 0.0 ], [ 119.144621383000072, -9.713671974999954, 0.0 ], [ 119.144924665000076, -9.713896766999937, 0.0 ], [ 119.145642072000101, -9.71441429999993, 0.0 ], [ 119.146723537000071, -9.715067461999979, 0.0 ], [ 119.147280331000047, -9.715542164999931, 0.0 ], [ 119.147825505000014, -9.716291059999946, 0.0 ], [ 119.148208321000084, -9.716712859999973, 0.0 ], [ 119.148493856000073, -9.717001963999962, 0.0 ], [ 119.148492592000025, -9.717152606999946, 0.0 ], [ 119.148424358000057, -9.717230520999976, 0.0 ], [ 119.148438081000108, -9.71797087799996, 0.0 ], [ 119.148440121000021, -9.718018408999967, 0.0 ], [ 119.148492275000081, -9.718243557999926, 0.0 ], [ 119.148585977000039, -9.718619090999937, 0.0 ], [ 119.147008736000089, -9.720392082999979, 0.0 ], [ 119.146914602000038, -9.721632677999935, 0.0 ], [ 119.145281712000042, -9.722702069999968, 0.0 ], [ 119.144945062000033, -9.723223349999955, 0.0 ], [ 119.144928932000084, -9.723248325999975, 0.0 ], [ 119.144223195000109, -9.724341111999934, 0.0 ], [ 119.143834754000068, -9.724436866999952, 0.0 ], [ 119.143438243000105, -9.724630673999968, 0.0 ], [ 119.143246852000061, -9.724859066999954, 0.0 ], [ 119.143115799000043, -9.725099038999929, 0.0 ], [ 119.143081775000041, -9.725434061999977, 0.0 ], [ 119.143083299000068, -9.725673201999939, 0.0 ], [ 119.143084823000095, -9.725912341999958, 0.0 ], [ 119.143171171000063, -9.726222694999933, 0.0 ], [ 119.143391164000036, -9.726699614999973, 0.0 ], [ 119.143501390000097, -9.72697394599993, 0.0 ], [ 119.143453942000065, -9.727093817999958, 0.0 ], [ 119.143454399, -9.727165559999946, 0.0 ], [ 119.143419537000113, -9.72736905599993, 0.0 ], [ 119.143372318000047, -9.727524799999969, 0.0 ], [ 119.142623341000103, -9.728836915999977, 0.0 ], [ 119.142489924000074, -9.72905981599996, 0.0 ], [ 119.141798210000047, -9.728743646999931, 0.0 ], [ 119.140877186000012, -9.728342425999926, 0.0 ], [ 119.140804657000103, -9.728387565999981, 0.0 ], [ 119.140579599000034, -9.728536720999955, 0.0 ] ] ], [ [ [ 119.056062138000016, -9.696854741999971, 0.0 ], [ 119.056222819000027, -9.696804020999934, 0.0 ], [ 119.056289651000043, -9.696817187999955, 0.0 ], [ 119.056330296000056, -9.696859471999971, 0.0 ], [ 119.056320603000017, -9.696942006999961, 0.0 ], [ 119.056292420000091, -9.697033398999963, 0.0 ], [ 119.056149235000021, -9.697072598999966, 0.0 ], [ 119.056027769000025, -9.697029799999939, 0.0 ], [ 119.055999457000098, -9.69696713899998, 0.0 ], [ 119.056062138000016, -9.696854741999971, 0.0 ] ] ] ] } },
{ "type": "Feature", "properties": { "nm_kecamatan": "Kodi" }, "geometry": { "type": "MultiPolygon", "coordinates": [ [ [ [ 118.995170029000064, -9.601960393999946, 0.0 ], [ 118.994886731000065, -9.602443702999949, 0.0 ], [ 118.99464737400001, -9.602866783999957, 0.0 ], [ 118.994316231000084, -9.603496379999967, 0.0 ], [ 118.9942932780001, -9.603549485999963, 0.0 ], [ 118.994233186000088, -9.603635800999939, 0.0 ], [ 118.993586826000069, -9.604558895999958, 0.0 ], [ 118.993309528000054, -9.604731352999977, 0.0 ], [ 118.993131906000031, -9.604909035999981, 0.0 ], [ 118.992724999000075, -9.605298424999944, 0.0 ], [ 118.992271137000102, -9.605745112999955, 0.0 ], [ 118.992113280000012, -9.605907827999943, 0.0 ], [ 118.991954982000038, -9.606048610999949, 0.0 ], [ 118.991610909000087, -9.606348093999941, 0.0 ], [ 118.991432046000114, -9.606506392999961, 0.0 ], [ 118.991337610000073, -9.606556723999972, 0.0 ], [ 118.991104310000082, -9.606643752999958, 0.0 ], [ 118.990891875000102, -9.606605535999961, 0.0 ], [ 118.990455060000045, -9.606416097999954, 0.0 ], [ 118.990192016000037, -9.606263831999968, 0.0 ], [ 118.989984762000063, -9.606218989999945, 0.0 ], [ 118.989548235000029, -9.606220088999976, 0.0 ], [ 118.989400984000099, -9.606260565999946, 0.0 ], [ 118.989292419000094, -9.606309331999967, 0.0 ], [ 118.988914348000094, -9.606522161999976, 0.0 ], [ 118.988705386000106, -9.60662057899998, 0.0 ], [ 118.988604195000107, -9.606694610999966, 0.0 ], [ 118.988495443000033, -9.606774176999977, 0.0 ], [ 118.988391749000016, -9.606850036999958, 0.0 ], [ 118.98831283200002, -9.606926151999971, 0.0 ], [ 118.988225839000052, -9.60697141199995, 0.0 ], [ 118.988178335000043, -9.606995179999956, 0.0 ], [ 118.98793975600006, -9.607114518999936, 0.0 ], [ 118.987821725000117, -9.607173560999968, 0.0 ], [ 118.987677080000026, -9.607220040999948, 0.0 ], [ 118.98754248900002, -9.607274888999939, 0.0 ], [ 118.987425752000036, -9.607298924999952, 0.0 ], [ 118.987339637000105, -9.607316653999931, 0.0 ], [ 118.987249183000017, -9.607335270999954, 0.0 ], [ 118.987118552000084, -9.607331077999959, 0.0 ], [ 118.986992549000092, -9.607324074999951, 0.0 ], [ 118.986933184, -9.607300750999968, 0.0 ], [ 118.986868759000117, -9.607267591999971, 0.0 ], [ 118.986817923000103, -9.607157489999963, 0.0 ], [ 118.986746704000097, -9.606976476999932, 0.0 ], [ 118.986726554000029, -9.606955729999981, 0.0 ], [ 118.986703294000108, -9.606934141999943, 0.0 ], [ 118.986631508000073, -9.606899053999939, 0.0 ], [ 118.986500474000081, -9.606901832999938, 0.0 ], [ 118.986397150000016, -9.606978660999971, 0.0 ], [ 118.986304609000058, -9.607047464999937, 0.0 ], [ 118.986171809000098, -9.607179387999963, 0.0 ], [ 118.98614628200005, -9.607204751999973, 0.0 ], [ 118.986048901000117, -9.607361008999931, 0.0 ], [ 118.986029515000041, -9.607435661999943, 0.0 ], [ 118.986019602000056, -9.607484376999935, 0.0 ], [ 118.985986774000025, -9.607576111999947, 0.0 ], [ 118.985910673000035, -9.607541393999952, 0.0 ], [ 118.985746563000021, -9.607539781999947, 0.0 ], [ 118.985649220000028, -9.607604399999957, 0.0 ], [ 118.985379593000062, -9.607842883999979, 0.0 ], [ 118.98501266400001, -9.60783257099996, 0.0 ], [ 118.984837158000119, -9.607711783999946, 0.0 ], [ 118.98465309300002, -9.607573566999974, 0.0 ], [ 118.984624171000064, -9.607410601999959, 0.0 ], [ 118.984602486000085, -9.60729936499996, 0.0 ], [ 118.984608002000073, -9.607188236999946, 0.0 ], [ 118.984661389000053, -9.607117259999939, 0.0 ], [ 118.984672079, -9.607065518999946, 0.0 ], [ 118.98457760000008, -9.606906508999941, 0.0 ], [ 118.984451888000081, -9.606850048999945, 0.0 ], [ 118.984349296000119, -9.606801772999972, 0.0 ], [ 118.98434841400001, -9.606725437999955, 0.0 ], [ 118.984326720000013, -9.606544035999946, 0.0 ], [ 118.984301073000097, -9.60641435499997, 0.0 ], [ 118.984205804000112, -9.606353781999928, 0.0 ], [ 118.983561052000027, -9.606079283999975, 0.0 ], [ 118.983047596, -9.605648215999963, 0.0 ], [ 118.982891831000074, -9.605389432999971, 0.0 ], [ 118.982860948000052, -9.605338099999926, 0.0 ], [ 118.982774192000079, -9.605169745999945, 0.0 ], [ 118.982601971, -9.605052900999965, 0.0 ], [ 118.982384997000054, -9.604978783999968, 0.0 ], [ 118.982097287000101, -9.60478119499993, 0.0 ], [ 118.981842896000103, -9.604549946999953, 0.0 ], [ 118.981611214000054, -9.604346186999976, 0.0 ], [ 118.981379532, -9.604142426999942, 0.0 ], [ 118.981003767000061, -9.603901210999936, 0.0 ], [ 118.980770063000023, -9.60374042899997, 0.0 ], [ 118.980355975000066, -9.603408710999929, 0.0 ], [ 118.979761086000053, -9.60297705399995, 0.0 ], [ 118.978951456000118, -9.602445384999953, 0.0 ], [ 118.978834567000035, -9.602368625999929, 0.0 ], [ 118.976893969000116, -9.601232618999973, 0.0 ], [ 118.976460319000012, -9.601012268999966, 0.0 ], [ 118.975909110000089, -9.600755151999977, 0.0 ], [ 118.974525171000096, -9.599929171999975, 0.0 ], [ 118.973832425000069, -9.599456378999946, 0.0 ], [ 118.972657861000016, -9.598541412999964, 0.0 ], [ 118.971901198000069, -9.597928425999953, 0.0 ], [ 118.971352667000019, -9.597388352999928, 0.0 ], [ 118.970769094000048, -9.596797114999958, 0.0 ], [ 118.96998256400002, -9.59601446399995, 0.0 ], [ 118.969032714000036, -9.595107864999932, 0.0 ], [ 118.96845362900001, -9.59440481799993, 0.0 ], [ 118.968110505000027, -9.593885221999926, 0.0 ], [ 118.967733052000085, -9.59334853699994, 0.0 ], [ 118.967559141000038, -9.593143481999959, 0.0 ], [ 118.967357219000064, -9.592907173999947, 0.0 ], [ 118.966867844000035, -9.592471004999936, 0.0 ], [ 118.966091978, -9.591886504999934, 0.0 ], [ 118.965787706000015, -9.591701841999964, 0.0 ], [ 118.964515034000101, -9.590941241999928, 0.0 ], [ 118.964047862000029, -9.590590296999949, 0.0 ], [ 118.963768414000015, -9.59039919199995, 0.0 ], [ 118.96321320800007, -9.589993686999946, 0.0 ], [ 118.96287279, -9.589698145999932, 0.0 ], [ 118.962400222000042, -9.589276515999927, 0.0 ], [ 118.9618696980001, -9.58889437199997, 0.0 ], [ 118.961506147000023, -9.588585457999955, 0.0 ], [ 118.960996069000089, -9.588128069999925, 0.0 ], [ 118.96072077000008, -9.587886911999931, 0.0 ], [ 118.959820832000105, -9.58709855099994, 0.0 ], [ 118.959521260000088, -9.586794217999966, 0.0 ], [ 118.959219621000102, -9.586460768999927, 0.0 ], [ 118.958967987000051, -9.586184266999965, 0.0 ], [ 118.95894321500009, -9.586157033999939, 0.0 ], [ 118.958293599000058, -9.585527680999974, 0.0 ], [ 118.958087176000049, -9.585233333999952, 0.0 ], [ 118.957938517000116, -9.585051930999953, 0.0 ], [ 118.957755889000055, -9.584909239999945, 0.0 ], [ 118.957149924000078, -9.58442888299993, 0.0 ], [ 118.956513258000086, -9.583882867999932, 0.0 ], [ 118.95615908100001, -9.583664053999939, 0.0 ], [ 118.955731023000112, -9.583350161999931, 0.0 ], [ 118.955345960000045, -9.58311230399994, 0.0 ], [ 118.955039143000022, -9.582928082999956, 0.0 ], [ 118.954453191000084, -9.582472890999952, 0.0 ], [ 118.953674065000087, -9.581813410999928, 0.0 ], [ 118.952334567000094, -9.580420466999954, 0.0 ], [ 118.952062376000072, -9.580139034999945, 0.0 ], [ 118.951686214, -9.579754526999977, 0.0 ], [ 118.951379675000112, -9.57943781299997, 0.0 ], [ 118.951118975000099, -9.579168460999938, 0.0 ], [ 118.950765792000084, -9.57878900299994, 0.0 ], [ 118.950284196000098, -9.578304001999982, 0.0 ], [ 118.949837960000082, -9.57789920099998, 0.0 ], [ 118.948874058000115, -9.576923890999979, 0.0 ], [ 118.948395383000047, -9.576391633999947, 0.0 ], [ 118.947621367000011, -9.575528295999959, 0.0 ], [ 118.947589314000084, -9.575504035999927, 0.0 ], [ 118.94736613200007, -9.575284398999941, 0.0 ], [ 118.946910971000079, -9.57482783699993, 0.0 ], [ 118.945724917, -9.573842534999926, 0.0 ], [ 118.944947675000094, -9.573187062999978, 0.0 ], [ 118.943440149000025, -9.572109551999972, 0.0 ], [ 118.942674953000051, -9.571477198999958, 0.0 ], [ 118.942082113000083, -9.571029163999981, 0.0 ], [ 118.941596142000094, -9.57071476699997, 0.0 ], [ 118.941214740000078, -9.570468020999954, 0.0 ], [ 118.939829673000077, -9.569548051999959, 0.0 ], [ 118.939401473000089, -9.569229193999945, 0.0 ], [ 118.93839076900008, -9.568518619999963, 0.0 ], [ 118.937855168000056, -9.568107818999977, 0.0 ], [ 118.937448772000039, -9.567818084999942, 0.0 ], [ 118.936894542000118, -9.567435347999947, 0.0 ], [ 118.93618144800007, -9.56680444999995, 0.0 ], [ 118.934681316000024, -9.565395593999938, 0.0 ], [ 118.933017474000053, -9.563885596999967, 0.0 ], [ 118.931308695000098, -9.562390459999961, 0.0 ], [ 118.930979083000011, -9.562081970999941, 0.0 ], [ 118.93053726100004, -9.561577711999973, 0.0 ], [ 118.929970283000102, -9.560788566999975, 0.0 ], [ 118.929697832000102, -9.560497817999931, 0.0 ], [ 118.929128504000118, -9.55977964799996, 0.0 ], [ 118.928666801000077, -9.558978276999937, 0.0 ], [ 118.927858950000086, -9.557576646999962, 0.0 ], [ 118.927537547000043, -9.55675811499998, 0.0 ], [ 118.927378360000034, -9.556172240999956, 0.0 ], [ 118.927125329000091, -9.554754923999951, 0.0 ], [ 118.927063875000044, -9.55382810499998, 0.0 ], [ 118.927068379000048, -9.553651066999976, 0.0 ], [ 118.927023905000055, -9.553079821999972, 0.0 ], [ 118.927002959000106, -9.552296909999939, 0.0 ], [ 118.927075466000019, -9.551449052999942, 0.0 ], [ 118.927273246000027, -9.550208132999956, 0.0 ], [ 118.927442062000068, -9.549697270999957, 0.0 ], [ 118.927633346000107, -9.548990518999972, 0.0 ], [ 118.928011581000078, -9.547339240999975, 0.0 ], [ 118.928170877000071, -9.546679049999966, 0.0 ], [ 118.928736034000053, -9.544643754999981, 0.0 ], [ 118.928957551000053, -9.544064255999956, 0.0 ], [ 118.929487838000114, -9.541867208999975, 0.0 ], [ 118.929765201, -9.541072190999955, 0.0 ], [ 118.93003804500006, -9.540365145999942, 0.0 ], [ 118.930324927000015, -9.53954818699998, 0.0 ], [ 118.931062583000084, -9.537429369999927, 0.0 ], [ 118.93145951200006, -9.536586955999951, 0.0 ], [ 118.931512932000032, -9.536497192999946, 0.0 ], [ 118.931641274000071, -9.536194052999974, 0.0 ], [ 118.931868472000019, -9.535530648999952, 0.0 ], [ 118.932038081000087, -9.535034505999931, 0.0 ], [ 118.93221607800001, -9.53463583499996, 0.0 ], [ 118.93295777000003, -9.532967721999967, 0.0 ], [ 118.933275083000012, -9.532356777999951, 0.0 ], [ 118.933486478000077, -9.531857290999938, 0.0 ], [ 118.933486536000032, -9.531857153999965, 0.0 ], [ 118.933757331000038, -9.531282531999977, 0.0 ], [ 118.933791333000045, -9.531210373999954, 0.0 ], [ 118.933892435000075, -9.53099582699997, 0.0 ], [ 118.934454758000015, -9.529946466999945, 0.0 ], [ 118.935002726000107, -9.529241205999938, 0.0 ], [ 118.935891023000067, -9.527985738999973, 0.0 ], [ 118.936203302000081, -9.527338250999946, 0.0 ], [ 118.936474098000076, -9.526745046999963, 0.0 ], [ 118.9367209400001, -9.526075860999981, 0.0 ], [ 118.93688596800007, -9.525553351999974, 0.0 ], [ 118.937067373000104, -9.525027615999932, 0.0 ], [ 118.937386754000045, -9.523820545999968, 0.0 ], [ 118.937549502000024, -9.523209631999975, 0.0 ], [ 118.937793097000053, -9.522625830999971, 0.0 ], [ 118.93827503600005, -9.52183793599994, 0.0 ], [ 118.938666838000017, -9.521318152999982, 0.0 ], [ 118.938893329000052, -9.521017663999942, 0.0 ], [ 118.938911141000062, -9.52098566199993, 0.0 ], [ 118.939138823, -9.520576655999946, 0.0 ], [ 118.93925584100009, -9.520315014999937, 0.0 ], [ 118.939554113000099, -9.519648167999947, 0.0 ], [ 118.939851411000063, -9.518710126999963, 0.0 ], [ 118.940101261000109, -9.517717690999973, 0.0 ], [ 118.940216920000012, -9.517265304999967, 0.0 ], [ 118.940366896000114, -9.516796788999955, 0.0 ], [ 118.940794738000022, -9.515806132999955, 0.0 ], [ 118.940919485000109, -9.515669875999947, 0.0 ], [ 118.941009459000043, -9.515527217999932, 0.0 ], [ 118.942205413000011, -9.513622879999957, 0.0 ], [ 118.94235719400001, -9.513415553999948, 0.0 ], [ 118.942488070000081, -9.513153035999949, 0.0 ], [ 118.942515199000013, -9.513099658999977, 0.0 ], [ 118.943769738000015, -9.513545993999969, 0.0 ], [ 118.943806521000056, -9.513557499999933, 0.0 ], [ 118.944634637000036, -9.51381620799998, 0.0 ], [ 118.945122330000117, -9.513968586999965, 0.0 ], [ 118.946174393000092, -9.514290367999934, 0.0 ], [ 118.946620205000045, -9.51439679799995, 0.0 ], [ 118.947076395000067, -9.514505680999946, 0.0 ], [ 118.948109846000079, -9.51477758599998, 0.0 ], [ 118.949042932000111, -9.515061492999962, 0.0 ], [ 118.949888398000098, -9.515301492999981, 0.0 ], [ 118.950545613000031, -9.515571805999969, 0.0 ], [ 118.951140056000099, -9.515879243999962, 0.0 ], [ 118.951634488000082, -9.516099117999943, 0.0 ], [ 118.951953806, -9.516212476999954, 0.0 ], [ 118.952273277000018, -9.516288448999944, 0.0 ], [ 118.952843579000046, -9.516353056999947, 0.0 ], [ 118.953237899000101, -9.516522711999926, 0.0 ], [ 118.953507048, -9.51663582499998, 0.0 ], [ 118.953863899000112, -9.516768019999972, 0.0 ], [ 118.954289964000054, -9.516844427999956, 0.0 ], [ 118.954709551000064, -9.516964427999937, 0.0 ], [ 118.954814923000072, -9.516987883999946, 0.0 ], [ 118.955022800000052, -9.517034161999959, 0.0 ], [ 118.95542333800006, -9.517216305999966, 0.0 ], [ 118.955855273000111, -9.517392336999933, 0.0 ], [ 118.956387429000074, -9.517581273999951, 0.0 ], [ 118.956969551000043, -9.51782634999995, 0.0 ], [ 118.957345213000053, -9.517964868999968, 0.0 ], [ 118.957758143000092, -9.518178144999979, 0.0 ], [ 118.95808351800008, -9.518341318999944, 0.0 ], [ 118.95823998700007, -9.518416646999981, 0.0 ], [ 118.958690833000105, -9.518561616999932, 0.0 ], [ 118.959397581000076, -9.518993989999956, 0.0 ], [ 118.959804118000079, -9.519244617999959, 0.0 ], [ 118.960091743000021, -9.519444958999941, 0.0 ], [ 118.960249341, -9.519562442999927, 0.0 ], [ 118.960360523000077, -9.519645270999945, 0.0 ], [ 118.960698612000101, -9.519764866999935, 0.0 ], [ 118.961061612000094, -9.519928173999972, 0.0 ], [ 118.961530769000092, -9.520203943999945, 0.0 ], [ 118.961806056000114, -9.520348210999941, 0.0 ], [ 118.962175078000087, -9.520573805999959, 0.0 ], [ 118.962675931000035, -9.52076255399993, 0.0 ], [ 118.963101673000097, -9.520913678999932, 0.0 ], [ 118.963496051000106, -9.521070899999927, 0.0 ], [ 118.963777965000077, -9.521134272999973, 0.0 ], [ 118.964303580000092, -9.521397831999934, 0.0 ], [ 118.965355708000061, -9.521707054999979, 0.0 ], [ 118.96583183000007, -9.521802364999928, 0.0 ], [ 118.966257836000068, -9.521903685999973, 0.0 ], [ 118.96666783, -9.522073364999926, 0.0 ], [ 118.967115742000033, -9.522174772999961, 0.0 ], [ 118.967598207000037, -9.522257642999932, 0.0 ], [ 118.968074348000073, -9.522346712999934, 0.0 ], [ 118.968374899000082, -9.522453740999936, 0.0 ], [ 118.968631488000028, -9.522573024999929, 0.0 ], [ 118.969163617000049, -9.522786803999963, 0.0 ], [ 118.969626830000038, -9.522975395999936, 0.0 ], [ 118.970002376000025, -9.523012109999968, 0.0 ], [ 118.970370366000111, -9.523388762999957, 0.0 ], [ 118.970833389000063, -9.523900626999932, 0.0 ], [ 118.971126118000029, -9.524038331999975, 0.0 ], [ 118.971334586000012, -9.524091383999973, 0.0 ], [ 118.971523838000053, -9.524101191999932, 0.0 ], [ 118.971761142000105, -9.524279272999934, 0.0 ], [ 118.971930294000117, -9.524396061999937, 0.0 ], [ 118.972019520000117, -9.524456184999963, 0.0 ], [ 118.972064583000019, -9.524521862999961, 0.0 ], [ 118.972171485000104, -9.524676410999973, 0.0 ], [ 118.972350514000027, -9.524850209999954, 0.0 ], [ 118.972436711000114, -9.524962268999957, 0.0 ], [ 118.972629420000089, -9.525618149999957, 0.0 ], [ 118.972691996000094, -9.525760829999967, 0.0 ], [ 118.972725880000098, -9.525796763999949, 0.0 ], [ 118.972840298000051, -9.526243627999975, 0.0 ], [ 118.972845534000044, -9.526268951999953, 0.0 ], [ 118.972902575000035, -9.526443080999968, 0.0 ], [ 118.973014520000106, -9.526798896999935, 0.0 ], [ 118.973150198000098, -9.527193463999936, 0.0 ], [ 118.973258843000053, -9.527468810999949, 0.0 ], [ 118.973480048000056, -9.528148311999928, 0.0 ], [ 118.973537304000047, -9.528291059999958, 0.0 ], [ 118.973673584000039, -9.528597117999936, 0.0 ], [ 118.973967138000035, -9.528989278999973, 0.0 ], [ 118.974065427000028, -9.529281433999927, 0.0 ], [ 118.974123986000109, -9.529511423999963, 0.0 ], [ 118.974232990000019, -9.529966426999977, 0.0 ], [ 118.974404112000116, -9.530588457999954, 0.0 ], [ 118.97447843000009, -9.530775691999963, 0.0 ], [ 118.97456072600005, -9.530890726999928, 0.0 ], [ 118.974667464000049, -9.531080419999967, 0.0 ], [ 118.975101268000117, -9.53199948799994, 0.0 ], [ 118.975160081000013, -9.532110708999937, 0.0 ], [ 118.975365722000106, -9.53270966499997, 0.0 ], [ 118.9756453440001, -9.533219698999972, 0.0 ], [ 118.975659504000078, -9.533241013999941, 0.0 ], [ 118.975675783000042, -9.533265724999978, 0.0 ], [ 118.975907515000017, -9.533584839999946, 0.0 ], [ 118.976225266000029, -9.533951426999977, 0.0 ], [ 118.976327361000017, -9.534054998999977, 0.0 ], [ 118.976501956000106, -9.534160253999971, 0.0 ], [ 118.976665833000084, -9.534266553999942, 0.0 ], [ 118.977327205000051, -9.535052895999968, 0.0 ], [ 118.977452982000045, -9.535198145999971, 0.0 ], [ 118.977706245000036, -9.535575463999976, 0.0 ], [ 118.977921887000093, -9.535840558999951, 0.0 ], [ 118.977992865000033, -9.535900151999954, 0.0 ], [ 118.978353618000028, -9.536079364999978, 0.0 ], [ 118.978465890000052, -9.536118940999927, 0.0 ], [ 118.978841400000078, -9.536293606999948, 0.0 ], [ 118.978921341000046, -9.536316841999962, 0.0 ], [ 118.97956686200007, -9.53670585499998, 0.0 ], [ 118.979750393000018, -9.53684310999995, 0.0 ], [ 118.980042211000068, -9.53703474799994, 0.0 ], [ 118.980228928000088, -9.537190843999952, 0.0 ], [ 118.980335521000029, -9.537302814999975, 0.0 ], [ 118.980615042000068, -9.537573581999936, 0.0 ], [ 118.980732751000119, -9.537674288999938, 0.0 ], [ 118.981141895000064, -9.538271019999968, 0.0 ], [ 118.981172990000118, -9.538309970999933, 0.0 ], [ 118.981182926000088, -9.538337847999969, 0.0 ], [ 118.981334201000095, -9.538539148999973, 0.0 ], [ 118.981395886000087, -9.53859909099998, 0.0 ], [ 118.981679146000033, -9.538742418999959, 0.0 ], [ 118.981777672000021, -9.53879180499996, 0.0 ], [ 118.981887884000116, -9.538830649999966, 0.0 ], [ 118.982174053000108, -9.538970092999932, 0.0 ], [ 118.982507173000045, -9.538663570999972, 0.0 ], [ 118.982552945000066, -9.53861987199997, 0.0 ], [ 118.982742413000096, -9.538438313999961, 0.0 ], [ 118.982998348000024, -9.538981038999964, 0.0 ], [ 118.983063183000013, -9.539119647999939, 0.0 ], [ 118.983180569000069, -9.539346179999939, 0.0 ], [ 118.983518349000065, -9.539965823999978, 0.0 ], [ 118.983530686000108, -9.539988230999938, 0.0 ], [ 118.983657398000105, -9.540197429999978, 0.0 ], [ 118.983848560000069, -9.540503877999981, 0.0 ], [ 118.984158582000077, -9.540928648999966, 0.0 ], [ 118.984259408000071, -9.541077393999956, 0.0 ], [ 118.984580419000054, -9.541500646999964, 0.0 ], [ 118.984787036000057, -9.541787970999962, 0.0 ], [ 118.985066847000098, -9.542149294999945, 0.0 ], [ 118.985361115000046, -9.542509141999972, 0.0 ], [ 118.985509105, -9.542771828999946, 0.0 ], [ 118.985553141000082, -9.542842082999925, 0.0 ], [ 118.985673491000057, -9.543079233999947, 0.0 ], [ 118.985739017000014, -9.543219333999957, 0.0 ], [ 118.985908260000087, -9.543504715999973, 0.0 ], [ 118.985977646000038, -9.54351251199995, 0.0 ], [ 118.986257646000013, -9.543326605999937, 0.0 ], [ 118.986473227000033, -9.543006433999949, 0.0 ], [ 118.986638680000056, -9.543011148999938, 0.0 ], [ 118.986983551000094, -9.543012524999938, 0.0 ], [ 118.987428710000017, -9.543026779999934, 0.0 ], [ 118.98780453300003, -9.543121585999927, 0.0 ], [ 118.988155610000035, -9.543147846999943, 0.0 ], [ 118.988531833000025, -9.54314937099997, 0.0 ], [ 118.988975096000104, -9.543151127999977, 0.0 ], [ 118.989177673000086, -9.543151930999954, 0.0 ], [ 118.989829777000068, -9.543166958999961, 0.0 ], [ 118.990243612000086, -9.543168586999968, 0.0 ], [ 118.990607215000068, -9.54319492999997, 0.0 ], [ 118.99091459400006, -9.543165020999936, 0.0 ], [ 118.991108956000062, -9.543165802999965, 0.0 ], [ 118.991322177000029, -9.543160425999929, 0.0 ], [ 118.991522863000114, -9.543155006999939, 0.0 ], [ 118.991670357000089, -9.543165536999936, 0.0 ], [ 118.991692508000028, -9.543068523999978, 0.0 ], [ 118.991693527000052, -9.542819554999937, 0.0 ], [ 118.991744778000111, -9.542545882999946, 0.0 ], [ 118.991733650000015, -9.542191054999932, 0.0 ], [ 118.991697808000026, -9.541748989999974, 0.0 ], [ 118.991655364000053, -9.541387803999953, 0.0 ], [ 118.991625298000031, -9.541070241999932, 0.0 ], [ 118.991614737000077, -9.540572259999976, 0.0 ], [ 118.991631235000114, -9.539582647999964, 0.0 ], [ 118.991614924000032, -9.53896021099996, 0.0 ], [ 118.991665178000062, -9.538469281999937, 0.0 ], [ 118.991673681000066, -9.538387741999941, 0.0 ], [ 118.99166883700002, -9.538026739999964, 0.0 ], [ 118.991701560000024, -9.537690726999926, 0.0 ], [ 118.991715836000026, -9.537261335999972, 0.0 ], [ 118.99166789800006, -9.53670718099994, 0.0 ], [ 118.991669033000107, -9.536427086999936, 0.0 ], [ 118.991620988000022, -9.535891609999965, 0.0 ], [ 118.991636985000014, -9.535032695999973, 0.0 ], [ 118.991674679000084, -9.535014178999973, 0.0 ], [ 118.991694494000058, -9.534765333999928, 0.0 ], [ 118.991734678000057, -9.534428311999932, 0.0 ], [ 118.991746433000117, -9.53432980599996, 0.0 ], [ 118.991898707000018, -9.533882271999971, 0.0 ], [ 118.99196271400001, -9.533552615999952, 0.0 ], [ 118.992070611000031, -9.533229398999936, 0.0 ], [ 118.992210769000053, -9.532682177999959, 0.0 ], [ 118.992309664000118, -9.532372133999957, 0.0 ], [ 118.99233626900002, -9.532271656999967, 0.0 ], [ 118.992528830000083, -9.531544435999933, 0.0 ], [ 118.992662142000086, -9.531140365999931, 0.0 ], [ 118.992838634, -9.53075372099994, 0.0 ], [ 118.992908869000075, -9.530599836999954, 0.0 ], [ 118.993023742000105, -9.530102332999945, 0.0 ], [ 118.993083521000017, -9.529724374999944, 0.0 ], [ 118.993107363000036, -9.529573601999971, 0.0 ], [ 118.993158425000047, -9.529349758999956, 0.0 ], [ 118.993185368000013, -9.529207998999937, 0.0 ], [ 118.993235299000048, -9.528945440999962, 0.0 ], [ 118.993325056000117, -9.52870889999997, 0.0 ], [ 118.993412799000112, -9.528460678999977, 0.0 ], [ 118.99384955700009, -9.527447836999954, 0.0 ], [ 118.993949189000091, -9.527169397999955, 0.0 ], [ 118.993976339000028, -9.527093555999954, 0.0 ], [ 118.994133582000018, -9.526578019999931, 0.0 ], [ 118.99430239000003, -9.526024607999943, 0.0 ], [ 118.994338521000032, -9.525906149999969, 0.0 ], [ 118.994477174000053, -9.525726180999982, 0.0 ], [ 118.994709552000018, -9.525633737999954, 0.0 ], [ 118.995067433000031, -9.525516934999928, 0.0 ], [ 118.995268433000092, -9.525424305999934, 0.0 ], [ 118.996644095000079, -9.524801114999946, 0.0 ], [ 118.997099172000048, -9.524605958999928, 0.0 ], [ 118.997718695000117, -9.524351968999952, 0.0 ], [ 118.998182965000069, -9.524141179999958, 0.0 ], [ 118.999179542000093, -9.523735281999961, 0.0 ], [ 118.999977654000077, -9.523410213999966, 0.0 ], [ 118.999999300000013, -9.523401397999976, 0.0 ], [ 119.000266617000079, -9.523427397999967, 0.0 ], [ 119.003279257000031, -9.524985828999945, 0.0 ], [ 119.004415740000013, -9.525580134999927, 0.0 ], [ 119.005121989000031, -9.525946555999951, 0.0 ], [ 119.005154695000101, -9.52595219899996, 0.0 ], [ 119.005228816000113, -9.525964927999951, 0.0 ], [ 119.007191102000093, -9.526302333999979, 0.0 ], [ 119.008004902000039, -9.526283148999937, 0.0 ], [ 119.009483644000056, -9.525515887999973, 0.0 ], [ 119.010317672000042, -9.525083146999975, 0.0 ], [ 119.010937482000031, -9.525895940999931, 0.0 ], [ 119.011678830000051, -9.526868084999933, 0.0 ], [ 119.012345230000051, -9.527950085999976, 0.0 ], [ 119.012625808000053, -9.528405666999959, 0.0 ], [ 119.012766951000117, -9.528634846999978, 0.0 ], [ 119.012859458000094, -9.528785016999961, 0.0 ], [ 119.013302494000072, -9.53009273999993, 0.0 ], [ 119.01340855, -9.530788180999934, 0.0 ], [ 119.013552483000012, -9.531731984999965, 0.0 ], [ 119.013641394000047, -9.533661857999959, 0.0 ], [ 119.013654175000056, -9.533943241999964, 0.0 ], [ 119.013815250000107, -9.535404446999962, 0.0 ], [ 119.013875842000061, -9.535953953999979, 0.0 ], [ 119.013932087000057, -9.536464289999969, 0.0 ], [ 119.014027815000077, -9.536646076999943, 0.0 ], [ 119.01459654700011, -9.538111373999925, 0.0 ], [ 119.014744237000059, -9.53847749199997, 0.0 ], [ 119.014930424000113, -9.538673977999963, 0.0 ], [ 119.015988810000067, -9.539790975999949, 0.0 ], [ 119.017335484000114, -9.540592950999951, 0.0 ], [ 119.017543150000051, -9.540716617999976, 0.0 ], [ 119.018066737000026, -9.540760329999955, 0.0 ], [ 119.019127169000058, -9.540848833999974, 0.0 ], [ 119.019303771000068, -9.540863584999954, 0.0 ], [ 119.020324561000052, -9.54078588699997, 0.0 ], [ 119.020514479000099, -9.540771417999963, 0.0 ], [ 119.021137176000025, -9.540723983999953, 0.0 ], [ 119.023083085000053, -9.540564866999944, 0.0 ], [ 119.024487623000027, -9.540897635999954, 0.0 ], [ 119.025009149000084, -9.541021177999937, 0.0 ], [ 119.025187550000055, -9.541130843999952, 0.0 ], [ 119.026418481000064, -9.54181159999996, 0.0 ], [ 119.026537878000113, -9.541878554999926, 0.0 ], [ 119.027921574000061, -9.542809259999956, 0.0 ], [ 119.030234329000109, -9.544364867999946, 0.0 ], [ 119.030324854000014, -9.544430355999964, 0.0 ], [ 119.032406206000019, -9.545936083999948, 0.0 ], [ 119.032722807000027, -9.546165118999966, 0.0 ], [ 119.033881675000089, -9.547056071999975, 0.0 ], [ 119.033972573000028, -9.547125955999945, 0.0 ], [ 119.035369833000118, -9.548200177999945, 0.0 ], [ 119.036925257, -9.549243743999966, 0.0 ], [ 119.038232269000105, -9.54979218099993, 0.0 ], [ 119.040150838000045, -9.550093052999955, 0.0 ], [ 119.044208879000053, -9.550170899999955, 0.0 ], [ 119.046204207000073, -9.549930426999936, 0.0 ], [ 119.047834363000106, -9.549456833999955, 0.0 ], [ 119.048607515000072, -9.549062914999979, 0.0 ], [ 119.049025114000074, -9.548850149999964, 0.0 ], [ 119.049227965000114, -9.548716700999933, 0.0 ], [ 119.051181468000095, -9.550939160999974, 0.0 ], [ 119.053430248000041, -9.553214913999966, 0.0 ], [ 119.053863026000045, -9.553652882999927, 0.0 ], [ 119.054075884000099, -9.553868293999926, 0.0 ], [ 119.055267091000019, -9.55557768999995, 0.0 ], [ 119.055365602000052, -9.555719053999951, 0.0 ], [ 119.054978182000013, -9.556325146999939, 0.0 ], [ 119.054958441000053, -9.55635603099995, 0.0 ], [ 119.05492752300006, -9.556936736999944, 0.0 ], [ 119.054917402000115, -9.55712682199993, 0.0 ], [ 119.055239495000023, -9.557532854999977, 0.0 ], [ 119.055698851000102, -9.557983401999934, 0.0 ], [ 119.055749414000047, -9.55879897799997, 0.0 ], [ 119.055387098000097, -9.559299710999937, 0.0 ], [ 119.05502260500009, -9.55943784699997, 0.0 ], [ 119.055162317000054, -9.559890283999948, 0.0 ], [ 119.055119375000118, -9.560343801999977, 0.0 ], [ 119.05500960300003, -9.560639705999961, 0.0 ], [ 119.054860488000031, -9.560642929999972, 0.0 ], [ 119.05478370000003, -9.560656878999964, 0.0 ], [ 119.054693310000062, -9.561017285999981, 0.0 ], [ 119.054637013000047, -9.561210313999936, 0.0 ], [ 119.054491998000117, -9.561447895999947, 0.0 ], [ 119.054221919000042, -9.561667227999976, 0.0 ], [ 119.05406356200001, -9.561727812999948, 0.0 ], [ 119.053967078000028, -9.561764718999939, 0.0 ], [ 119.053714947000117, -9.56176484599996, 0.0 ], [ 119.053643034000061, -9.561743613999965, 0.0 ], [ 119.053472518000035, -9.561693251999941, 0.0 ], [ 119.053357503000029, -9.561530872999981, 0.0 ], [ 119.053132973000061, -9.56121378399996, 0.0 ], [ 119.053033788000107, -9.561018570999977, 0.0 ], [ 119.052965779000033, -9.560885410999958, 0.0 ], [ 119.052858740000033, -9.560787061999974, 0.0 ], [ 119.052743115000112, -9.560748911999951, 0.0 ], [ 119.052541984000072, -9.560769439999945, 0.0 ], [ 119.051524435000033, -9.561295219999977, 0.0 ], [ 119.051369343000033, -9.56138582799997, 0.0 ], [ 119.051208609000014, -9.561555020999947, 0.0 ], [ 119.051136703000111, -9.561735861999978, 0.0 ], [ 119.051079637000043, -9.561963033999973, 0.0 ], [ 119.051014325000097, -9.562060660999975, 0.0 ], [ 119.050861311000062, -9.562139781999974, 0.0 ], [ 119.0504018580001, -9.56217419099994, 0.0 ], [ 119.050197532000084, -9.562223424999956, 0.0 ], [ 119.050060247000033, -9.562337595999963, 0.0 ], [ 119.049876528000027, -9.562546783999949, 0.0 ], [ 119.049716291000095, -9.562665576999962, 0.0 ], [ 119.049559815000066, -9.562781552999979, 0.0 ], [ 119.049384083000064, -9.562856727999929, 0.0 ], [ 119.048497764000103, -9.563235736999957, 0.0 ], [ 119.048220264000065, -9.563312721999978, 0.0 ], [ 119.047646888000031, -9.563289925999982, 0.0 ], [ 119.047297106000087, -9.56328224899994, 0.0 ], [ 119.047008420000111, -9.563365679999947, 0.0 ], [ 119.046624235000081, -9.563553780999939, 0.0 ], [ 119.046378158000039, -9.56375537699995, 0.0 ], [ 119.046170578000101, -9.564010563999943, 0.0 ], [ 119.045450498000037, -9.565196751999963, 0.0 ], [ 119.045328304, -9.565398048999953, 0.0 ], [ 119.045204704000071, -9.565558400999976, 0.0 ], [ 119.044935566000049, -9.565730802999951, 0.0 ], [ 119.044653409000034, -9.565819051999938, 0.0 ], [ 119.04387809800005, -9.56585174099996, 0.0 ], [ 119.04352867700004, -9.565802746999964, 0.0 ], [ 119.042757350000102, -9.56551675299994, 0.0 ], [ 119.042392472000074, -9.565368412999931, 0.0 ], [ 119.041911643000049, -9.565223443999969, 0.0 ], [ 119.041639523000072, -9.565194034999934, 0.0 ], [ 119.041286854000077, -9.56523507199995, 0.0 ], [ 119.041067025000075, -9.565315688999931, 0.0 ], [ 119.040784451000036, -9.565522775999966, 0.0 ], [ 119.040605759000073, -9.565963650999947, 0.0 ], [ 119.040586190000113, -9.566055941999934, 0.0 ], [ 119.040621281000085, -9.566198438999947, 0.0 ], [ 119.040645439000059, -9.566400599999952, 0.0 ], [ 119.040643787000022, -9.566606605999937, 0.0 ], [ 119.040636894000045, -9.567034655999976, 0.0 ], [ 119.040568872000108, -9.567321593999964, 0.0 ], [ 119.040559565000081, -9.567346672999975, 0.0 ], [ 119.040459837000071, -9.567506643999934, 0.0 ], [ 119.039802913000017, -9.567875784999956, 0.0 ], [ 119.039729074000093, -9.567959286999951, 0.0 ], [ 119.039669258000117, -9.568170362999979, 0.0 ], [ 119.039573581000013, -9.568300484999952, 0.0 ], [ 119.039361580000104, -9.568354094999961, 0.0 ], [ 119.038881717000095, -9.568475489999969, 0.0 ], [ 119.038288646000069, -9.568506175999971, 0.0 ], [ 119.03797905700003, -9.568502707999926, 0.0 ], [ 119.037943929000107, -9.568502319999936, 0.0 ], [ 119.037713675000077, -9.56855488399998, 0.0 ], [ 119.037413428000036, -9.568796241999962, 0.0 ], [ 119.037194444000079, -9.568964661999928, 0.0 ], [ 119.037069172000088, -9.568991843999981, 0.0 ], [ 119.036957496000014, -9.568944894999959, 0.0 ], [ 119.03686429000004, -9.568905756999982, 0.0 ], [ 119.035952692000023, -9.568495023999958, 0.0 ], [ 119.035468519, -9.568389021999963, 0.0 ], [ 119.035034143000075, -9.568326895999974, 0.0 ], [ 119.034760591, -9.56834708599996, 0.0 ], [ 119.0341964590001, -9.56850159499993, 0.0 ], [ 119.034084095000026, -9.568546896999976, 0.0 ], [ 119.033436139000059, -9.568755500999941, 0.0 ], [ 119.033040684000071, -9.568893986999967, 0.0 ], [ 119.032719784000051, -9.568949862999943, 0.0 ], [ 119.032403422000016, -9.568943335999961, 0.0 ], [ 119.032126079000022, -9.568997297999942, 0.0 ], [ 119.031791701000088, -9.569097816999943, 0.0 ], [ 119.031729750000068, -9.569110381999963, 0.0 ], [ 119.031490515000087, -9.569159035999974, 0.0 ], [ 119.031319245000077, -9.569241156999965, 0.0 ], [ 119.031237198000099, -9.569360675999974, 0.0 ], [ 119.03119588800007, -9.569722125999931, 0.0 ], [ 119.031154468000068, -9.569846942999959, 0.0 ], [ 119.030946809000056, -9.570120221999957, 0.0 ], [ 119.030775892000065, -9.570264064999947, 0.0 ], [ 119.030546029000107, -9.570399799999961, 0.0 ], [ 119.030388938000101, -9.570421864999958, 0.0 ], [ 119.029861519000065, -9.570340456999929, 0.0 ], [ 119.029476291000037, -9.570204488999934, 0.0 ], [ 119.028923311000085, -9.569963887999961, 0.0 ], [ 119.028495172000021, -9.56994494199995, 0.0 ], [ 119.027839092000022, -9.570071452999969, 0.0 ], [ 119.027393753000069, -9.570179348999943, 0.0 ], [ 119.027019012000096, -9.570220472999949, 0.0 ], [ 119.026847030000113, -9.57023933499994, 0.0 ], [ 119.026646491000065, -9.570228880999935, 0.0 ], [ 119.026205367000102, -9.570205837999936, 0.0 ], [ 119.026168144000053, -9.57020907499998, 0.0 ], [ 119.025717276000023, -9.570145347999926, 0.0 ], [ 119.025425545000076, -9.570100063999973, 0.0 ], [ 119.025244481000072, -9.570037377999938, 0.0 ], [ 119.025156938, -9.570007002999944, 0.0 ], [ 119.024945342000024, -9.569941046999929, 0.0 ], [ 119.024775254000019, -9.569937635999963, 0.0 ], [ 119.024223206000102, -9.570226863999949, 0.0 ], [ 119.023814084000037, -9.570430705999968, 0.0 ], [ 119.023534939000115, -9.570586705999972, 0.0 ], [ 119.023300100000029, -9.570765845999972, 0.0 ], [ 119.023155491000011, -9.570876145999932, 0.0 ], [ 119.022996994000096, -9.570949089999942, 0.0 ], [ 119.022630396000068, -9.570889849999958, 0.0 ], [ 119.022101995000071, -9.570809722999968, 0.0 ], [ 119.021504193000055, -9.570817466999927, 0.0 ], [ 119.021457966000071, -9.570818021999969, 0.0 ], [ 119.021180358000038, -9.570906363999939, 0.0 ], [ 119.021005421000041, -9.571006663999981, 0.0 ], [ 119.020875137000075, -9.571132392999971, 0.0 ], [ 119.020720185000073, -9.571413594999967, 0.0 ], [ 119.020652043000041, -9.571646203999933, 0.0 ], [ 119.020690814000091, -9.572073626999952, 0.0 ], [ 119.020725405, -9.572290970999973, 0.0 ], [ 119.020559043000048, -9.573181096999974, 0.0 ], [ 119.020550926000055, -9.573318332999975, 0.0 ], [ 119.020542924000097, -9.573453320999931, 0.0 ], [ 119.02051955200011, -9.57375869599997, 0.0 ], [ 119.020463145, -9.574121038999976, 0.0 ], [ 119.020460579000087, -9.574329542999976, 0.0 ], [ 119.020459850000066, -9.57438932599996, 0.0 ], [ 119.020477425000081, -9.574510515999975, 0.0 ], [ 119.020525488000089, -9.574841568999943, 0.0 ], [ 119.0204851740001, -9.575445738999974, 0.0 ], [ 119.020391239000105, -9.575813360999973, 0.0 ], [ 119.02026962900004, -9.575997816999973, 0.0 ], [ 119.020118402000094, -9.576123328999927, 0.0 ], [ 119.019991800000071, -9.576228398999945, 0.0 ], [ 119.019783469000117, -9.576262431999965, 0.0 ], [ 119.019498866000049, -9.576208125999926, 0.0 ], [ 119.019154393, -9.576041329999953, 0.0 ], [ 119.018894262000117, -9.57590278999993, 0.0 ], [ 119.018657977000089, -9.575880146999964, 0.0 ], [ 119.018507884000087, -9.575911605999977, 0.0 ], [ 119.018390943000099, -9.575975097999958, 0.0 ], [ 119.018209922000096, -9.576266162999957, 0.0 ], [ 119.018157348000045, -9.576350696999953, 0.0 ], [ 119.017968643000017, -9.576626115999943, 0.0 ], [ 119.017792297000028, -9.576816144999952, 0.0 ], [ 119.017606882000109, -9.576896933999933, 0.0 ], [ 119.017008236000038, -9.57679720699997, 0.0 ], [ 119.016688204000047, -9.576739316999976, 0.0 ], [ 119.01647239600004, -9.576758231999975, 0.0 ], [ 119.015536245000021, -9.577285974999938, 0.0 ], [ 119.015182285000037, -9.577489270999934, 0.0 ], [ 119.014969284000017, -9.577602294999963, 0.0 ], [ 119.014535705000071, -9.577692239999976, 0.0 ], [ 119.01426991400001, -9.577694550999979, 0.0 ], [ 119.013716594000016, -9.577622223999981, 0.0 ], [ 119.013247876000037, -9.577549862999945, 0.0 ], [ 119.013065361000031, -9.577539754999975, 0.0 ], [ 119.012496361000103, -9.577508209999962, 0.0 ], [ 119.01235430700001, -9.577547657999958, 0.0 ], [ 119.012286637000102, -9.577640753999958, 0.0 ], [ 119.012248070000055, -9.57788769299998, 0.0 ], [ 119.012305978000086, -9.578171739999959, 0.0 ], [ 119.012350661000028, -9.578390959999979, 0.0 ], [ 119.012390316000051, -9.578467996999962, 0.0 ], [ 119.012548831000117, -9.578775873999973, 0.0 ], [ 119.012702727000033, -9.579004690999966, 0.0 ], [ 119.012785018000045, -9.579139487999953, 0.0 ], [ 119.012790175000077, -9.579321946999926, 0.0 ], [ 119.012692007000055, -9.579471427999977, 0.0 ], [ 119.012415346000012, -9.579688310999927, 0.0 ], [ 119.011757050000028, -9.580029472999968, 0.0 ], [ 119.011556841000015, -9.580119553999964, 0.0 ], [ 119.011407502000111, -9.580186703999971, 0.0 ], [ 119.011020486, -9.580347489999951, 0.0 ], [ 119.01068654900007, -9.580577784999946, 0.0 ], [ 119.010274181000113, -9.580984472999944, 0.0 ], [ 119.010173371000064, -9.581149520999929, 0.0 ], [ 119.010131891000015, -9.581421554999963, 0.0 ], [ 119.010289268000065, -9.582365814999946, 0.0 ], [ 119.010372068000038, -9.58286254199993, 0.0 ], [ 119.010356180000031, -9.583023702999981, 0.0 ], [ 119.010272277000013, -9.583201447999954, 0.0 ], [ 119.010205186, -9.583225332999973, 0.0 ], [ 119.009765372000061, -9.583382115999939, 0.0 ], [ 119.009563599000103, -9.58341758399996, 0.0 ], [ 119.009525295000117, -9.583425615999943, 0.0 ], [ 119.009472445000029, -9.583447899999953, 0.0 ], [ 119.009078824000085, -9.583623002999957, 0.0 ], [ 119.009046910000052, -9.583647112999927, 0.0 ], [ 119.008909212000049, -9.583751157999927, 0.0 ], [ 119.008834165000053, -9.584009396999932, 0.0 ], [ 119.008682426000064, -9.584683521999978, 0.0 ], [ 119.008551846000046, -9.58492625599996, 0.0 ], [ 119.008439661000011, -9.585061476999954, 0.0 ], [ 119.008122424000021, -9.585314930999971, 0.0 ], [ 119.007942165000031, -9.585398141999974, 0.0 ], [ 119.007751316000054, -9.585389125999939, 0.0 ], [ 119.007495199000118, -9.585394210999937, 0.0 ], [ 119.007231973000103, -9.585482053999954, 0.0 ], [ 119.006541819000063, -9.585691704999931, 0.0 ], [ 119.005630148000023, -9.585835505999967, 0.0 ], [ 119.005230784000105, -9.585870671999942, 0.0 ], [ 119.00382069200009, -9.586029845999974, 0.0 ], [ 119.003475172000094, -9.586068833999946, 0.0 ], [ 119.003186328000083, -9.586177344999953, 0.0 ], [ 119.002998572000024, -9.586363505999941, 0.0 ], [ 119.002551014, -9.586846517999959, 0.0 ], [ 119.001900576000025, -9.587328811999953, 0.0 ], [ 119.001826693000112, -9.587604736999936, 0.0 ], [ 119.001804420000099, -9.587857745999941, 0.0 ], [ 119.002000860000066, -9.588374361999968, 0.0 ], [ 119.002176685000109, -9.588557408999975, 0.0 ], [ 119.002436872000089, -9.588856672999952, 0.0 ], [ 119.002997952000101, -9.589642568999977, 0.0 ], [ 119.002972011000111, -9.589764177999939, 0.0 ], [ 119.002864780000095, -9.589814130999969, 0.0 ], [ 119.002629407000086, -9.589845970999932, 0.0 ], [ 119.002317403, -9.589908568999931, 0.0 ], [ 119.002269889000104, -9.589935362999938, 0.0 ], [ 119.002223672000014, -9.589973536999935, 0.0 ], [ 119.002105666000034, -9.59007083299997, 0.0 ], [ 119.002074390000075, -9.590178219999927, 0.0 ], [ 119.001973857000053, -9.590583576999961, 0.0 ], [ 119.001830111000118, -9.590657220999958, 0.0 ], [ 119.001575434000074, -9.590728611999964, 0.0 ], [ 119.001215048000063, -9.590786439999931, 0.0 ], [ 119.00101398400011, -9.590816285999949, 0.0 ], [ 119.000691534000111, -9.590864110999973, 0.0 ], [ 119.00008746900005, -9.590952662999939, 0.0 ], [ 118.999999065000111, -9.590911583999969, 0.0 ], [ 118.999861380000084, -9.590847595999946, 0.0 ], [ 118.999697956000091, -9.59081058299995, 0.0 ], [ 118.999669845000085, -9.590812166999967, 0.0 ], [ 118.999442999000053, -9.590824945999941, 0.0 ], [ 118.999203658000056, -9.590937040999961, 0.0 ], [ 118.999016308000023, -9.590951520999965, 0.0 ], [ 118.998671344000059, -9.590893196999957, 0.0 ], [ 118.998454074000051, -9.590900630999954, 0.0 ], [ 118.998245685000029, -9.591016298999932, 0.0 ], [ 118.99791502700009, -9.591291357999978, 0.0 ], [ 118.997858766000036, -9.591505208999934, 0.0 ], [ 118.997894959000064, -9.591705062999949, 0.0 ], [ 118.998023986000021, -9.591815333999932, 0.0 ], [ 118.998345211000014, -9.592075161999958, 0.0 ], [ 118.998413723000112, -9.592257763999953, 0.0 ], [ 118.998422302000108, -9.592419102999941, 0.0 ], [ 118.998349242000018, -9.592660517999946, 0.0 ], [ 118.998097034000011, -9.592994421999947, 0.0 ], [ 118.997959347, -9.593095068999958, 0.0 ], [ 118.997743899000056, -9.593171132999942, 0.0 ], [ 118.997509144000105, -9.593166091999933, 0.0 ], [ 118.997318483000072, -9.593100865999929, 0.0 ], [ 118.996801079000079, -9.592941694999979, 0.0 ], [ 118.996654443000011, -9.592967944999941, 0.0 ], [ 118.996387803000061, -9.593062939999982, 0.0 ], [ 118.996226310000111, -9.593179263999957, 0.0 ], [ 118.996056401000033, -9.593356985999947, 0.0 ], [ 118.995766523000043, -9.593851060999953, 0.0 ], [ 118.995759096000029, -9.594019519999961, 0.0 ], [ 118.995805581000013, -9.594143624999958, 0.0 ], [ 118.995963475000053, -9.594372705999945, 0.0 ], [ 118.996207926000011, -9.594532627999968, 0.0 ], [ 118.99669441900005, -9.594682931999955, 0.0 ], [ 118.996759822000058, -9.594706947999953, 0.0 ], [ 118.996863827000084, -9.594770486999948, 0.0 ], [ 118.997450018000109, -9.595205952999947, 0.0 ], [ 118.997624217000066, -9.595437722999975, 0.0 ], [ 118.998088295000116, -9.596429972999942, 0.0 ], [ 118.998186278000048, -9.596649549999938, 0.0 ], [ 118.998490334000053, -9.597269394999955, 0.0 ], [ 118.998739785000112, -9.597686316999955, 0.0 ], [ 118.998912908000079, -9.59793843999995, 0.0 ], [ 118.999021411000058, -9.598196998999981, 0.0 ], [ 118.999007620000043, -9.598381785999948, 0.0 ], [ 118.998933398000077, -9.598567361999926, 0.0 ], [ 118.99877949800009, -9.598726639999938, 0.0 ], [ 118.998686706000058, -9.59886864899994, 0.0 ], [ 118.998613854000041, -9.599151559999939, 0.0 ], [ 118.998402675000079, -9.599848192999957, 0.0 ], [ 118.998269504000064, -9.60001542599997, 0.0 ], [ 118.997711286000026, -9.600454852999974, 0.0 ], [ 118.997592687000065, -9.600431893999939, 0.0 ], [ 118.99744075000001, -9.60036041099994, 0.0 ], [ 118.997190812000099, -9.600287787999946, 0.0 ], [ 118.99687915200002, -9.60028232999997, 0.0 ], [ 118.996576788000084, -9.600405563999971, 0.0 ], [ 118.996390552000094, -9.600525535999964, 0.0 ], [ 118.996320702000048, -9.600587811999958, 0.0 ], [ 118.99587090600005, -9.601137030999951, 0.0 ], [ 118.995738540000048, -9.601299328999971, 0.0 ], [ 118.995554076000076, -9.601525506999963, 0.0 ], [ 118.995170029000064, -9.601960393999946, 0.0 ] ] ] ] } },
{ "type": "Feature", "properties": { "nm_kecamatan": "Kodi Utara" }, "geometry": { "type": "MultiPolygon", "coordinates": [ [ [ [ 119.049025114000074, -9.548850149999964, 0.0 ], [ 119.048607515000072, -9.549062914999979, 0.0 ], [ 119.047834363000106, -9.549456833999955, 0.0 ], [ 119.046204207000073, -9.549930426999936, 0.0 ], [ 119.044208879000053, -9.550170899999955, 0.0 ], [ 119.040150838000045, -9.550093052999955, 0.0 ], [ 119.038232269000105, -9.54979218099993, 0.0 ], [ 119.036925257, -9.549243743999966, 0.0 ], [ 119.035369833000118, -9.548200177999945, 0.0 ], [ 119.033972573000028, -9.547125955999945, 0.0 ], [ 119.033881675000089, -9.547056071999975, 0.0 ], [ 119.032722807000027, -9.546165118999966, 0.0 ], [ 119.032406206000019, -9.545936083999948, 0.0 ], [ 119.030324854000014, -9.544430355999964, 0.0 ], [ 119.030234329000109, -9.544364867999946, 0.0 ], [ 119.027921574000061, -9.542809259999956, 0.0 ], [ 119.026537878000113, -9.541878554999926, 0.0 ], [ 119.026418481000064, -9.54181159999996, 0.0 ], [ 119.025187550000055, -9.541130843999952, 0.0 ], [ 119.025009149000084, -9.541021177999937, 0.0 ], [ 119.024487623000027, -9.540897635999954, 0.0 ], [ 119.023083085000053, -9.540564866999944, 0.0 ], [ 119.021137176000025, -9.540723983999953, 0.0 ], [ 119.020514479000099, -9.540771417999963, 0.0 ], [ 119.020324561000052, -9.54078588699997, 0.0 ], [ 119.019303771000068, -9.540863584999954, 0.0 ], [ 119.019127169000058, -9.540848833999974, 0.0 ], [ 119.018066737000026, -9.540760329999955, 0.0 ], [ 119.017543150000051, -9.540716617999976, 0.0 ], [ 119.017335484000114, -9.540592950999951, 0.0 ], [ 119.015988810000067, -9.539790975999949, 0.0 ], [ 119.014930424000113, -9.538673977999963, 0.0 ], [ 119.014744237000059, -9.53847749199997, 0.0 ], [ 119.01459654700011, -9.538111373999925, 0.0 ], [ 119.014027815000077, -9.536646076999943, 0.0 ], [ 119.013932087000057, -9.536464289999969, 0.0 ], [ 119.013875842000061, -9.535953953999979, 0.0 ], [ 119.013815250000107, -9.535404446999962, 0.0 ], [ 119.013654175000056, -9.533943241999964, 0.0 ], [ 119.013641394000047, -9.533661857999959, 0.0 ], [ 119.013552483000012, -9.531731984999965, 0.0 ], [ 119.01340855, -9.530788180999934, 0.0 ], [ 119.013302494000072, -9.53009273999993, 0.0 ], [ 119.012859458000094, -9.528785016999961, 0.0 ], [ 119.012766951000117, -9.528634846999978, 0.0 ], [ 119.012625808000053, -9.528405666999959, 0.0 ], [ 119.012345230000051, -9.527950085999976, 0.0 ], [ 119.011678830000051, -9.526868084999933, 0.0 ], [ 119.010937482000031, -9.525895940999931, 0.0 ], [ 119.010317672000042, -9.525083146999975, 0.0 ], [ 119.009483644000056, -9.525515887999973, 0.0 ], [ 119.008004902000039, -9.526283148999937, 0.0 ], [ 119.007191102000093, -9.526302333999979, 0.0 ], [ 119.005228816000113, -9.525964927999951, 0.0 ], [ 119.005154695000101, -9.52595219899996, 0.0 ], [ 119.005121989000031, -9.525946555999951, 0.0 ], [ 119.004415740000013, -9.525580134999927, 0.0 ], [ 119.003279257000031, -9.524985828999945, 0.0 ], [ 119.000266617000079, -9.523427397999967, 0.0 ], [ 118.999999300000013, -9.523401397999976, 0.0 ], [ 118.999977654000077, -9.523410213999966, 0.0 ], [ 118.999179542000093, -9.523735281999961, 0.0 ], [ 118.998182965000069, -9.524141179999958, 0.0 ], [ 118.997718695000117, -9.524351968999952, 0.0 ], [ 118.997099172000048, -9.524605958999928, 0.0 ], [ 118.996644095000079, -9.524801114999946, 0.0 ], [ 118.995268433000092, -9.525424305999934, 0.0 ], [ 118.995067433000031, -9.525516934999928, 0.0 ], [ 118.994709552000018, -9.525633737999954, 0.0 ], [ 118.994477174000053, -9.525726180999982, 0.0 ], [ 118.994338521000032, -9.525906149999969, 0.0 ], [ 118.99430239000003, -9.526024607999943, 0.0 ], [ 118.994133582000018, -9.526578019999931, 0.0 ], [ 118.993976339000028, -9.527093555999954, 0.0 ], [ 118.993949189000091, -9.527169397999955, 0.0 ], [ 118.99384955700009, -9.527447836999954, 0.0 ], [ 118.993412799000112, -9.528460678999977, 0.0 ], [ 118.993325056000117, -9.52870889999997, 0.0 ], [ 118.993235299000048, -9.528945440999962, 0.0 ], [ 118.993185368000013, -9.529207998999937, 0.0 ], [ 118.993158425000047, -9.529349758999956, 0.0 ], [ 118.993107363000036, -9.529573601999971, 0.0 ], [ 118.993083521000017, -9.529724374999944, 0.0 ], [ 118.993023742000105, -9.530102332999945, 0.0 ], [ 118.992908869000075, -9.530599836999954, 0.0 ], [ 118.992838634, -9.53075372099994, 0.0 ], [ 118.992662142000086, -9.531140365999931, 0.0 ], [ 118.992528830000083, -9.531544435999933, 0.0 ], [ 118.99233626900002, -9.532271656999967, 0.0 ], [ 118.992309664000118, -9.532372133999957, 0.0 ], [ 118.992210769000053, -9.532682177999959, 0.0 ], [ 118.992070611000031, -9.533229398999936, 0.0 ], [ 118.99196271400001, -9.533552615999952, 0.0 ], [ 118.991898707000018, -9.533882271999971, 0.0 ], [ 118.991746433000117, -9.53432980599996, 0.0 ], [ 118.991734678000057, -9.534428311999932, 0.0 ], [ 118.991694494000058, -9.534765333999928, 0.0 ], [ 118.991674679000084, -9.535014178999973, 0.0 ], [ 118.991636985000014, -9.535032695999973, 0.0 ], [ 118.991620988000022, -9.535891609999965, 0.0 ], [ 118.991669033000107, -9.536427086999936, 0.0 ], [ 118.99166789800006, -9.53670718099994, 0.0 ], [ 118.991715836000026, -9.537261335999972, 0.0 ], [ 118.991701560000024, -9.537690726999926, 0.0 ], [ 118.99166883700002, -9.538026739999964, 0.0 ], [ 118.991673681000066, -9.538387741999941, 0.0 ], [ 118.991665178000062, -9.538469281999937, 0.0 ], [ 118.991614924000032, -9.53896021099996, 0.0 ], [ 118.991631235000114, -9.539582647999964, 0.0 ], [ 118.991614737000077, -9.540572259999976, 0.0 ], [ 118.991625298000031, -9.541070241999932, 0.0 ], [ 118.991655364000053, -9.541387803999953, 0.0 ], [ 118.991697808000026, -9.541748989999974, 0.0 ], [ 118.991733650000015, -9.542191054999932, 0.0 ], [ 118.991744778000111, -9.542545882999946, 0.0 ], [ 118.991693527000052, -9.542819554999937, 0.0 ], [ 118.991692508000028, -9.543068523999978, 0.0 ], [ 118.991670357000089, -9.543165536999936, 0.0 ], [ 118.991522863000114, -9.543155006999939, 0.0 ], [ 118.991322177000029, -9.543160425999929, 0.0 ], [ 118.991108956000062, -9.543165802999965, 0.0 ], [ 118.99091459400006, -9.543165020999936, 0.0 ], [ 118.990607215000068, -9.54319492999997, 0.0 ], [ 118.990243612000086, -9.543168586999968, 0.0 ], [ 118.989829777000068, -9.543166958999961, 0.0 ], [ 118.989177673000086, -9.543151930999954, 0.0 ], [ 118.988975096000104, -9.543151127999977, 0.0 ], [ 118.988531833000025, -9.54314937099997, 0.0 ], [ 118.988155610000035, -9.543147846999943, 0.0 ], [ 118.98780453300003, -9.543121585999927, 0.0 ], [ 118.987428710000017, -9.543026779999934, 0.0 ], [ 118.986983551000094, -9.543012524999938, 0.0 ], [ 118.986638680000056, -9.543011148999938, 0.0 ], [ 118.986473227000033, -9.543006433999949, 0.0 ], [ 118.986257646000013, -9.543326605999937, 0.0 ], [ 118.985977646000038, -9.54351251199995, 0.0 ], [ 118.985908260000087, -9.543504715999973, 0.0 ], [ 118.985739017000014, -9.543219333999957, 0.0 ], [ 118.985673491000057, -9.543079233999947, 0.0 ], [ 118.985553141000082, -9.542842082999925, 0.0 ], [ 118.985509105, -9.542771828999946, 0.0 ], [ 118.985361115000046, -9.542509141999972, 0.0 ], [ 118.985066847000098, -9.542149294999945, 0.0 ], [ 118.984787036000057, -9.541787970999962, 0.0 ], [ 118.984580419000054, -9.541500646999964, 0.0 ], [ 118.984259408000071, -9.541077393999956, 0.0 ], [ 118.984158582000077, -9.540928648999966, 0.0 ], [ 118.983848560000069, -9.540503877999981, 0.0 ], [ 118.983657398000105, -9.540197429999978, 0.0 ], [ 118.983530686000108, -9.539988230999938, 0.0 ], [ 118.983518349000065, -9.539965823999978, 0.0 ], [ 118.983180569000069, -9.539346179999939, 0.0 ], [ 118.983063183000013, -9.539119647999939, 0.0 ], [ 118.982998348000024, -9.538981038999964, 0.0 ], [ 118.982742413000096, -9.538438313999961, 0.0 ], [ 118.982552945000066, -9.53861987199997, 0.0 ], [ 118.982507173000045, -9.538663570999972, 0.0 ], [ 118.982174053000108, -9.538970092999932, 0.0 ], [ 118.981887884000116, -9.538830649999966, 0.0 ], [ 118.981777672000021, -9.53879180499996, 0.0 ], [ 118.981679146000033, -9.538742418999959, 0.0 ], [ 118.981395886000087, -9.53859909099998, 0.0 ], [ 118.981334201000095, -9.538539148999973, 0.0 ], [ 118.981182926000088, -9.538337847999969, 0.0 ], [ 118.981172990000118, -9.538309970999933, 0.0 ], [ 118.981141895000064, -9.538271019999968, 0.0 ], [ 118.980732751000119, -9.537674288999938, 0.0 ], [ 118.980615042000068, -9.537573581999936, 0.0 ], [ 118.980335521000029, -9.537302814999975, 0.0 ], [ 118.980228928000088, -9.537190843999952, 0.0 ], [ 118.980042211000068, -9.53703474799994, 0.0 ], [ 118.979750393000018, -9.53684310999995, 0.0 ], [ 118.97956686200007, -9.53670585499998, 0.0 ], [ 118.978921341000046, -9.536316841999962, 0.0 ], [ 118.978841400000078, -9.536293606999948, 0.0 ], [ 118.978465890000052, -9.536118940999927, 0.0 ], [ 118.978353618000028, -9.536079364999978, 0.0 ], [ 118.977992865000033, -9.535900151999954, 0.0 ], [ 118.977921887000093, -9.535840558999951, 0.0 ], [ 118.977706245000036, -9.535575463999976, 0.0 ], [ 118.977452982000045, -9.535198145999971, 0.0 ], [ 118.977327205000051, -9.535052895999968, 0.0 ], [ 118.976665833000084, -9.534266553999942, 0.0 ], [ 118.976501956000106, -9.534160253999971, 0.0 ], [ 118.976327361000017, -9.534054998999977, 0.0 ], [ 118.976225266000029, -9.533951426999977, 0.0 ], [ 118.975907515000017, -9.533584839999946, 0.0 ], [ 118.975675783000042, -9.533265724999978, 0.0 ], [ 118.975659504000078, -9.533241013999941, 0.0 ], [ 118.9756453440001, -9.533219698999972, 0.0 ], [ 118.975365722000106, -9.53270966499997, 0.0 ], [ 118.975160081000013, -9.532110708999937, 0.0 ], [ 118.975101268000117, -9.53199948799994, 0.0 ], [ 118.974667464000049, -9.531080419999967, 0.0 ], [ 118.97456072600005, -9.530890726999928, 0.0 ], [ 118.97447843000009, -9.530775691999963, 0.0 ], [ 118.974404112000116, -9.530588457999954, 0.0 ], [ 118.974232990000019, -9.529966426999977, 0.0 ], [ 118.974123986000109, -9.529511423999963, 0.0 ], [ 118.974065427000028, -9.529281433999927, 0.0 ], [ 118.973967138000035, -9.528989278999973, 0.0 ], [ 118.973673584000039, -9.528597117999936, 0.0 ], [ 118.973537304000047, -9.528291059999958, 0.0 ], [ 118.973480048000056, -9.528148311999928, 0.0 ], [ 118.973258843000053, -9.527468810999949, 0.0 ], [ 118.973150198000098, -9.527193463999936, 0.0 ], [ 118.973014520000106, -9.526798896999935, 0.0 ], [ 118.972902575000035, -9.526443080999968, 0.0 ], [ 118.972845534000044, -9.526268951999953, 0.0 ], [ 118.972840298000051, -9.526243627999975, 0.0 ], [ 118.972725880000098, -9.525796763999949, 0.0 ], [ 118.972691996000094, -9.525760829999967, 0.0 ], [ 118.972629420000089, -9.525618149999957, 0.0 ], [ 118.972436711000114, -9.524962268999957, 0.0 ], [ 118.972350514000027, -9.524850209999954, 0.0 ], [ 118.972171485000104, -9.524676410999973, 0.0 ], [ 118.972064583000019, -9.524521862999961, 0.0 ], [ 118.972019520000117, -9.524456184999963, 0.0 ], [ 118.971930294000117, -9.524396061999937, 0.0 ], [ 118.971761142000105, -9.524279272999934, 0.0 ], [ 118.971523838000053, -9.524101191999932, 0.0 ], [ 118.971334586000012, -9.524091383999973, 0.0 ], [ 118.971126118000029, -9.524038331999975, 0.0 ], [ 118.970833389000063, -9.523900626999932, 0.0 ], [ 118.970370366000111, -9.523388762999957, 0.0 ], [ 118.970002376000025, -9.523012109999968, 0.0 ], [ 118.969626830000038, -9.522975395999936, 0.0 ], [ 118.969163617000049, -9.522786803999963, 0.0 ], [ 118.968631488000028, -9.522573024999929, 0.0 ], [ 118.968374899000082, -9.522453740999936, 0.0 ], [ 118.968074348000073, -9.522346712999934, 0.0 ], [ 118.967598207000037, -9.522257642999932, 0.0 ], [ 118.967115742000033, -9.522174772999961, 0.0 ], [ 118.96666783, -9.522073364999926, 0.0 ], [ 118.966257836000068, -9.521903685999973, 0.0 ], [ 118.96583183000007, -9.521802364999928, 0.0 ], [ 118.965355708000061, -9.521707054999979, 0.0 ], [ 118.964303580000092, -9.521397831999934, 0.0 ], [ 118.963777965000077, -9.521134272999973, 0.0 ], [ 118.963496051000106, -9.521070899999927, 0.0 ], [ 118.963101673000097, -9.520913678999932, 0.0 ], [ 118.962675931000035, -9.52076255399993, 0.0 ], [ 118.962175078000087, -9.520573805999959, 0.0 ], [ 118.961806056000114, -9.520348210999941, 0.0 ], [ 118.961530769000092, -9.520203943999945, 0.0 ], [ 118.961061612000094, -9.519928173999972, 0.0 ], [ 118.960698612000101, -9.519764866999935, 0.0 ], [ 118.960360523000077, -9.519645270999945, 0.0 ], [ 118.960249341, -9.519562442999927, 0.0 ], [ 118.960091743000021, -9.519444958999941, 0.0 ], [ 118.959804118000079, -9.519244617999959, 0.0 ], [ 118.959397581000076, -9.518993989999956, 0.0 ], [ 118.958690833000105, -9.518561616999932, 0.0 ], [ 118.95823998700007, -9.518416646999981, 0.0 ], [ 118.95808351800008, -9.518341318999944, 0.0 ], [ 118.957758143000092, -9.518178144999979, 0.0 ], [ 118.957345213000053, -9.517964868999968, 0.0 ], [ 118.956969551000043, -9.51782634999995, 0.0 ], [ 118.956387429000074, -9.517581273999951, 0.0 ], [ 118.955855273000111, -9.517392336999933, 0.0 ], [ 118.95542333800006, -9.517216305999966, 0.0 ], [ 118.955022800000052, -9.517034161999959, 0.0 ], [ 118.954814923000072, -9.516987883999946, 0.0 ], [ 118.954709551000064, -9.516964427999937, 0.0 ], [ 118.954289964000054, -9.516844427999956, 0.0 ], [ 118.953863899000112, -9.516768019999972, 0.0 ], [ 118.953507048, -9.51663582499998, 0.0 ], [ 118.953237899000101, -9.516522711999926, 0.0 ], [ 118.952843579000046, -9.516353056999947, 0.0 ], [ 118.952273277000018, -9.516288448999944, 0.0 ], [ 118.951953806, -9.516212476999954, 0.0 ], [ 118.951634488000082, -9.516099117999943, 0.0 ], [ 118.951140056000099, -9.515879243999962, 0.0 ], [ 118.950545613000031, -9.515571805999969, 0.0 ], [ 118.949888398000098, -9.515301492999981, 0.0 ], [ 118.949042932000111, -9.515061492999962, 0.0 ], [ 118.948109846000079, -9.51477758599998, 0.0 ], [ 118.947076395000067, -9.514505680999946, 0.0 ], [ 118.946620205000045, -9.51439679799995, 0.0 ], [ 118.946174393000092, -9.514290367999934, 0.0 ], [ 118.945122330000117, -9.513968586999965, 0.0 ], [ 118.944634637000036, -9.51381620799998, 0.0 ], [ 118.943806521000056, -9.513557499999933, 0.0 ], [ 118.943769738000015, -9.513545993999969, 0.0 ], [ 118.942515199000013, -9.513099658999977, 0.0 ], [ 118.942804488000093, -9.512529911999934, 0.0 ], [ 118.94402509400004, -9.510613575999969, 0.0 ], [ 118.944559, -9.509867852999946, 0.0 ], [ 118.944717694000019, -9.509675397999956, 0.0 ], [ 118.945000549000042, -9.509332395999934, 0.0 ], [ 118.94523641100011, -9.509007867999969, 0.0 ], [ 118.945494648000022, -9.508678516999964, 0.0 ], [ 118.945841208000047, -9.508186702999978, 0.0 ], [ 118.946338760000117, -9.507513494999955, 0.0 ], [ 118.947142698000107, -9.50652976799995, 0.0 ], [ 118.947440912000047, -9.506176332999928, 0.0 ], [ 118.94850021700006, -9.505059143999972, 0.0 ], [ 118.949223131000053, -9.504430053999954, 0.0 ], [ 118.949368536000065, -9.50435668199998, 0.0 ], [ 118.94962672600002, -9.504174913999975, 0.0 ], [ 118.950497033000033, -9.503316694999967, 0.0 ], [ 118.951062293000064, -9.502759771999933, 0.0 ], [ 118.952147504000095, -9.50167117899997, 0.0 ], [ 118.95228730000008, -9.501502452999944, 0.0 ], [ 118.952432141000031, -9.501270038999962, 0.0 ], [ 118.952689567000107, -9.500972850999972, 0.0 ], [ 118.952863615000069, -9.500609789999942, 0.0 ], [ 118.953010487000029, -9.500371124999958, 0.0 ], [ 118.953046508000057, -9.500329551999926, 0.0 ], [ 118.953044491000014, -9.500120802999959, 0.0 ], [ 118.95305500500001, -9.499991671999965, 0.0 ], [ 118.953158139000038, -9.499915880999936, 0.0 ], [ 118.953199496000025, -9.499862832999952, 0.0 ], [ 118.953288314000019, -9.499615756999958, 0.0 ], [ 118.95343230200001, -9.499651977999974, 0.0 ], [ 118.953572237000117, -9.499650144999976, 0.0 ], [ 118.95369878300005, -9.499429117999966, 0.0 ], [ 118.953719767000052, -9.499247842999978, 0.0 ], [ 118.95365999, -9.498952635999956, 0.0 ], [ 118.953576518000091, -9.498807252999939, 0.0 ], [ 118.953534192, -9.498698109999964, 0.0 ], [ 118.953575517000104, -9.498588069999926, 0.0 ], [ 118.953755328000057, -9.498388427999942, 0.0 ], [ 118.953865898000117, -9.498374319999925, 0.0 ], [ 118.954014648000111, -9.498458250999931, 0.0 ], [ 118.954076105000013, -9.498444756999959, 0.0 ], [ 118.954124388000082, -9.498373438999977, 0.0 ], [ 118.954130386000088, -9.498285654999961, 0.0 ], [ 118.954159931000049, -9.498202980999963, 0.0 ], [ 118.954195628000093, -9.49810058199995, 0.0 ], [ 118.954213855000035, -9.497828020999975, 0.0 ], [ 118.954358445000025, -9.497554437999952, 0.0 ], [ 118.95451284100011, -9.497419350999962, 0.0 ], [ 118.95458249100011, -9.497337164999976, 0.0 ], [ 118.954919328000074, -9.496982842999955, 0.0 ], [ 118.955116771, -9.496792587999948, 0.0 ], [ 118.955160789000047, -9.496590340999944, 0.0 ], [ 118.955144088000111, -9.496319781999944, 0.0 ], [ 118.955387573000053, -9.495900783999957, 0.0 ], [ 118.955555395000033, -9.495711630999949, 0.0 ], [ 118.955584376000047, -9.495612049999977, 0.0 ], [ 118.955535176000012, -9.495555541999977, 0.0 ], [ 118.955546568000045, -9.495506442999954, 0.0 ], [ 118.955818765000117, -9.495075029999953, 0.0 ], [ 118.955997096000033, -9.495005069999934, 0.0 ], [ 118.956159121000042, -9.494920768999975, 0.0 ], [ 118.956331615000067, -9.494727285999943, 0.0 ], [ 118.956369055000096, -9.494474774999958, 0.0 ], [ 118.956371805000117, -9.494373397999937, 0.0 ], [ 118.956377727000017, -9.494247940999969, 0.0 ], [ 118.956472194000071, -9.494106655999929, 0.0 ], [ 118.956654692000029, -9.493937815999971, 0.0 ], [ 118.956990782000048, -9.493663184999946, 0.0 ], [ 118.957243688000062, -9.493293070999925, 0.0 ], [ 118.957479417000059, -9.492853203999971, 0.0 ], [ 118.957631952000042, -9.492450233999932, 0.0 ], [ 118.957798144000094, -9.492302159999952, 0.0 ], [ 118.958236877000104, -9.491856647999953, 0.0 ], [ 118.958350649000067, -9.491519581999967, 0.0 ], [ 118.958365115000106, -9.49147656599996, 0.0 ], [ 118.958467619000089, -9.491290682999932, 0.0 ], [ 118.958844410000097, -9.491218769999932, 0.0 ], [ 118.959005665000063, -9.491233944999976, 0.0 ], [ 118.959070034000092, -9.491179600999942, 0.0 ], [ 118.959138675000077, -9.491071315999932, 0.0 ], [ 118.959208838000109, -9.490960646999952, 0.0 ], [ 118.959253409000098, -9.490844530999937, 0.0 ], [ 118.95920025700002, -9.490776209999979, 0.0 ], [ 118.959210608000035, -9.490705850999973, 0.0 ], [ 118.959332453000115, -9.490511173999948, 0.0 ], [ 118.959445666000079, -9.490478982999946, 0.0 ], [ 118.959543293000024, -9.490499686999954, 0.0 ], [ 118.959571431000086, -9.490371025999934, 0.0 ], [ 118.959541883000043, -9.490252615999964, 0.0 ], [ 118.959555854000087, -9.490136251999957, 0.0 ], [ 118.959590160000062, -9.490049477999946, 0.0 ], [ 118.960110118000102, -9.489308896999944, 0.0 ], [ 118.960250676000101, -9.488928728999952, 0.0 ], [ 118.960097904, -9.488270773999943, 0.0 ], [ 118.960165564000022, -9.488222237999935, 0.0 ], [ 118.960383031000106, -9.488215843999967, 0.0 ], [ 118.960652697000114, -9.488272565999978, 0.0 ], [ 118.96099833300002, -9.488362612999936, 0.0 ], [ 118.961118862000035, -9.48836722599998, 0.0 ], [ 118.961208365000061, -9.488266019999969, 0.0 ], [ 118.961226361000058, -9.488222300999951, 0.0 ], [ 118.961219676000042, -9.488098632999936, 0.0 ], [ 118.961080957000036, -9.487803414999973, 0.0 ], [ 118.961011330000019, -9.487623944999939, 0.0 ], [ 118.960932631000105, -9.48725028399997, 0.0 ], [ 118.960970785000086, -9.486926801999971, 0.0 ], [ 118.961071563000019, -9.486755694999943, 0.0 ], [ 118.961533143000111, -9.486398532999942, 0.0 ], [ 118.96186169200007, -9.486295050999956, 0.0 ], [ 118.961968132000038, -9.48626018899995, 0.0 ], [ 118.962230670000054, -9.486145249999936, 0.0 ], [ 118.962431907000109, -9.485959132999938, 0.0 ], [ 118.962432173000025, -9.485905053999943, 0.0 ], [ 118.962389126000062, -9.485807489999956, 0.0 ], [ 118.962239115000102, -9.485553614999958, 0.0 ], [ 118.962373472000081, -9.485407131999978, 0.0 ], [ 118.962536335000095, -9.485370680999949, 0.0 ], [ 118.962878954000075, -9.485310598999945, 0.0 ], [ 118.96303148700008, -9.485167725999929, 0.0 ], [ 118.963116146000061, -9.485121084999946, 0.0 ], [ 118.963332362000074, -9.485096651999982, 0.0 ], [ 118.963622346000079, -9.485059527999965, 0.0 ], [ 118.963698673000067, -9.484862459999931, 0.0 ], [ 118.96374671500007, -9.484736600999952, 0.0 ], [ 118.963665571000092, -9.484537187999933, 0.0 ], [ 118.963612313000112, -9.484314903999973, 0.0 ], [ 118.963547432000041, -9.484032180999975, 0.0 ], [ 118.963785653000059, -9.483573085999979, 0.0 ], [ 118.963941649000049, -9.483391461999929, 0.0 ], [ 118.964156598000045, -9.483231474999968, 0.0 ], [ 118.964657970000076, -9.482856967999965, 0.0 ], [ 118.964667329, -9.482800091999934, 0.0 ], [ 118.964519500000051, -9.482482588999972, 0.0 ], [ 118.964629190000096, -9.48237822699997, 0.0 ], [ 118.964769822000108, -9.48220433399996, 0.0 ], [ 118.964695346000099, -9.48216541499994, 0.0 ], [ 118.964513504000024, -9.48208527099996, 0.0 ], [ 118.964533906000042, -9.481991377999975, 0.0 ], [ 118.964639661000092, -9.481925408999928, 0.0 ], [ 118.964730614000018, -9.481853077999972, 0.0 ], [ 118.964832831000081, -9.481733184999939, 0.0 ], [ 118.964952211000082, -9.481713868999975, 0.0 ], [ 118.965202081000029, -9.481759565999937, 0.0 ], [ 118.965766691000113, -9.481835674999957, 0.0 ], [ 118.966507402000047, -9.481865876999962, 0.0 ], [ 118.966603269000075, -9.481861489999972, 0.0 ], [ 118.966635335000092, -9.481824210999946, 0.0 ], [ 118.966704200000095, -9.481668149999962, 0.0 ], [ 118.966743505000068, -9.481215755999926, 0.0 ], [ 118.966657754000039, -9.480999869999948, 0.0 ], [ 118.966321038000046, -9.480660340999975, 0.0 ], [ 118.966327930000034, -9.480589946999942, 0.0 ], [ 118.966408424000065, -9.480425804999982, 0.0 ], [ 118.966512328000022, -9.480355410999948, 0.0 ], [ 118.96672482200006, -9.480317472999957, 0.0 ], [ 118.966824813000017, -9.480268475999935, 0.0 ], [ 118.966866772000117, -9.480173989999969, 0.0 ], [ 118.967039854000063, -9.480137786999933, 0.0 ], [ 118.967171660000076, -9.48009081899994, 0.0 ], [ 118.967185710000081, -9.480011991999959, 0.0 ], [ 118.967165523000062, -9.479767658999947, 0.0 ], [ 118.967474479000089, -9.479555547999951, 0.0 ], [ 118.967670487000078, -9.47943276999996, 0.0 ], [ 118.967776896000032, -9.479344644999969, 0.0 ], [ 118.96783541100001, -9.479296318999957, 0.0 ], [ 118.967917213000078, -9.479326751999963, 0.0 ], [ 118.967990318000034, -9.47939647499993, 0.0 ], [ 118.968154325000114, -9.479426842999942, 0.0 ], [ 118.968411735000018, -9.47941310799996, 0.0 ], [ 118.968483097000103, -9.479358161999926, 0.0 ], [ 118.968496863000041, -9.479224754999962, 0.0 ], [ 118.968420062000064, -9.47915386699998, 0.0 ], [ 118.968371642000079, -9.479061535999961, 0.0 ], [ 118.968462674000079, -9.478886773999932, 0.0 ], [ 118.968486545000019, -9.47878422499997, 0.0 ], [ 118.968572584000071, -9.478679111999952, 0.0 ], [ 118.968668756000056, -9.478649034999933, 0.0 ], [ 118.968829381000091, -9.478596849999974, 0.0 ], [ 118.968954208000014, -9.478528644999926, 0.0 ], [ 118.96931870100002, -9.478349991999949, 0.0 ], [ 118.969590538000034, -9.478280801999972, 0.0 ], [ 118.969491289000075, -9.478169242999968, 0.0 ], [ 118.96952362400009, -9.478134, 0.0 ], [ 118.969615549000082, -9.478132018999929, 0.0 ], [ 118.969784142000094, -9.478143380999938, 0.0 ], [ 118.969903598000087, -9.478078006999965, 0.0 ], [ 118.969956221000075, -9.47797441199998, 0.0 ], [ 118.969940640000118, -9.477939031999938, 0.0 ], [ 118.969902974000092, -9.477764241999978, 0.0 ], [ 118.970009081000057, -9.477620693999938, 0.0 ], [ 118.970123147000095, -9.477560181999934, 0.0 ], [ 118.970501955000032, -9.47736021399993, 0.0 ], [ 118.970852260000015, -9.477343872999938, 0.0 ], [ 118.971022505000064, -9.477380021999977, 0.0 ], [ 118.971117442000036, -9.477411768999957, 0.0 ], [ 118.97120235400007, -9.477425350999965, 0.0 ], [ 118.971278510000047, -9.477394112999946, 0.0 ], [ 118.971294897, -9.47731947099993, 0.0 ], [ 118.971393911000064, -9.476959551999926, 0.0 ], [ 118.971516769000118, -9.476570958999957, 0.0 ], [ 118.971518410000044, -9.476266334999934, 0.0 ], [ 118.971285453000064, -9.475825157999964, 0.0 ], [ 118.971523800000114, -9.475183184999935, 0.0 ], [ 118.971660262000114, -9.475020645999962, 0.0 ], [ 118.971835173000045, -9.474875805999943, 0.0 ], [ 118.971974443000022, -9.474860632999935, 0.0 ], [ 118.972184569000092, -9.474817224999981, 0.0 ], [ 118.972243266000078, -9.474712580999949, 0.0 ], [ 118.972349775000112, -9.474541528999964, 0.0 ], [ 118.972608169000068, -9.47425876899996, 0.0 ], [ 118.972670223000023, -9.47425790799997, 0.0 ], [ 118.972793346000117, -9.474196818999928, 0.0 ], [ 118.973066233000054, -9.474148209999953, 0.0 ], [ 118.973262815000112, -9.474098647999938, 0.0 ], [ 118.973781698000039, -9.474114725999925, 0.0 ], [ 118.973808786000063, -9.474092731999974, 0.0 ], [ 118.973872394000068, -9.473988254999938, 0.0 ], [ 118.973850082000013, -9.473892883999952, 0.0 ], [ 118.973849831000052, -9.473755271999948, 0.0 ], [ 118.973965941000074, -9.473683295999933, 0.0 ], [ 118.974082494000072, -9.473655548999943, 0.0 ], [ 118.974266925000052, -9.473605254999939, 0.0 ], [ 118.974360802000092, -9.473488591999967, 0.0 ], [ 118.97496611400004, -9.472395555999981, 0.0 ], [ 118.975201943000116, -9.472096173999944, 0.0 ], [ 118.975529420000044, -9.471732206999945, 0.0 ], [ 118.975733496000089, -9.471490444999972, 0.0 ], [ 118.97609228400006, -9.471075863999943, 0.0 ], [ 118.97634787700008, -9.470780587999968, 0.0 ], [ 118.976528365000036, -9.470583382999962, 0.0 ], [ 118.977063369, -9.469885939999926, 0.0 ], [ 118.977115876000084, -9.469793512999956, 0.0 ], [ 118.977171221000049, -9.469668763999948, 0.0 ], [ 118.977178065000089, -9.469621314999927, 0.0 ], [ 118.977242194000041, -9.469412081999963, 0.0 ], [ 118.977344595000091, -9.469292863999954, 0.0 ], [ 118.977537236000103, -9.469167163999941, 0.0 ], [ 118.977592254000115, -9.469085992999965, 0.0 ], [ 118.977688530000023, -9.468952084999955, 0.0 ], [ 118.978007472000058, -9.468836151999938, 0.0 ], [ 118.978089902000079, -9.46872671999995, 0.0 ], [ 118.978265929000031, -9.468509669999946, 0.0 ], [ 118.978537237000069, -9.468272673999934, 0.0 ], [ 118.978950291000046, -9.46793876199996, 0.0 ], [ 118.979068626000071, -9.467769453999949, 0.0 ], [ 118.979107666000118, -9.467541113999971, 0.0 ], [ 118.979165229000046, -9.467456334999952, 0.0 ], [ 118.979464238000105, -9.467220149999946, 0.0 ], [ 118.979659346000062, -9.467130190999967, 0.0 ], [ 118.980007808000096, -9.467098489999955, 0.0 ], [ 118.980034784000054, -9.467066079999938, 0.0 ], [ 118.980145303000086, -9.466925723999964, 0.0 ], [ 118.980281783, -9.466687426999954, 0.0 ], [ 118.980381722000061, -9.466348269999969, 0.0 ], [ 118.98047065600008, -9.466074138999943, 0.0 ], [ 118.98061452200011, -9.465933633999953, 0.0 ], [ 118.980923804000099, -9.465665851999972, 0.0 ], [ 118.981028402000106, -9.465498800999967, 0.0 ], [ 118.981154377000053, -9.465339709999967, 0.0 ], [ 118.981249799000011, -9.46523898199996, 0.0 ], [ 118.981492287000037, -9.465037798999958, 0.0 ], [ 118.981643069000029, -9.464839148999943, 0.0 ], [ 118.981742285000109, -9.464797480999948, 0.0 ], [ 118.98197049800001, -9.464666484999952, 0.0 ], [ 118.982098429000075, -9.464534475999926, 0.0 ], [ 118.982162788000096, -9.464388977999931, 0.0 ], [ 118.982215672000052, -9.464256367999951, 0.0 ], [ 118.982414098000049, -9.464057001999947, 0.0 ], [ 118.982578629000045, -9.46395363299996, 0.0 ], [ 118.982661070000063, -9.463901834999945, 0.0 ], [ 118.982822253000109, -9.463763054999959, 0.0 ], [ 118.983026412000072, -9.463570799999957, 0.0 ], [ 118.983131197000034, -9.463450787999932, 0.0 ], [ 118.983191653000063, -9.463311504999979, 0.0 ], [ 118.983294293000085, -9.463144604999968, 0.0 ], [ 118.983576929000037, -9.462935678999941, 0.0 ], [ 118.983771267000066, -9.462789230999931, 0.0 ], [ 118.983899877000113, -9.462614709999968, 0.0 ], [ 118.984039627000016, -9.462284007999926, 0.0 ], [ 118.984184590000041, -9.462199858999952, 0.0 ], [ 118.984588833000089, -9.461985537999965, 0.0 ], [ 118.985032267000065, -9.461576186999935, 0.0 ], [ 118.985151787000063, -9.461400890999926, 0.0 ], [ 118.985180431000117, -9.461259297999959, 0.0 ], [ 118.98522584400007, -9.461079395999946, 0.0 ], [ 118.985267607000083, -9.461044613999945, 0.0 ], [ 118.985338250000041, -9.461033003999944, 0.0 ], [ 118.98552376900011, -9.460971319999942, 0.0 ], [ 118.985659263000116, -9.460904678999952, 0.0 ], [ 118.985755238000024, -9.460930315999974, 0.0 ], [ 118.985836612000071, -9.460915427999964, 0.0 ], [ 118.985873003000052, -9.460834363999936, 0.0 ], [ 118.985863513000027, -9.460619427999973, 0.0 ], [ 118.985941364000041, -9.460537206999959, 0.0 ], [ 118.986354694000056, -9.460249064999971, 0.0 ], [ 118.986428808000028, -9.460161321999976, 0.0 ], [ 118.986612238000021, -9.459919717999981, 0.0 ], [ 118.987101970000026, -9.459343873999956, 0.0 ], [ 118.987080114000037, -9.459175130999938, 0.0 ], [ 118.987138063000089, -9.459060442999942, 0.0 ], [ 118.987334273000101, -9.458860630999936, 0.0 ], [ 118.987648277000062, -9.458650787999943, 0.0 ], [ 118.987882986000045, -9.458455633999961, 0.0 ], [ 118.988361836000081, -9.458503767999957, 0.0 ], [ 118.988455367000029, -9.45845092999997, 0.0 ], [ 118.988547983000103, -9.458312515999978, 0.0 ], [ 118.98855444700007, -9.458189000999937, 0.0 ], [ 118.988518277000026, -9.457895529999973, 0.0 ], [ 118.988495832000012, -9.457772653999939, 0.0 ], [ 118.988593151000032, -9.457660364999981, 0.0 ], [ 118.98866964900003, -9.457607696999958, 0.0 ], [ 118.988729321000051, -9.457578570999942, 0.0 ], [ 118.988885783000114, -9.45745121799996, 0.0 ], [ 118.988987319000103, -9.457172438999976, 0.0 ], [ 118.989140409000015, -9.457011541999975, 0.0 ], [ 118.989289768000049, -9.456924833999949, 0.0 ], [ 118.989405161000036, -9.456812534999926, 0.0 ], [ 118.989508228000091, -9.456606674999932, 0.0 ], [ 118.989829425000039, -9.456273943999975, 0.0 ], [ 118.990799777, -9.456129252999972, 0.0 ], [ 118.990988093000055, -9.456001957999945, 0.0 ], [ 118.991212713000095, -9.455894814999965, 0.0 ], [ 118.991383802000087, -9.455781556999966, 0.0 ], [ 118.991686156000014, -9.455695644999935, 0.0 ], [ 118.991714837000018, -9.455679376999967, 0.0 ], [ 118.991909271000054, -9.455555712999967, 0.0 ], [ 118.99203058, -9.455496140999969, 0.0 ], [ 118.992296822000071, -9.455354608999926, 0.0 ], [ 118.99248878700007, -9.455243238999969, 0.0 ], [ 118.992707310000014, -9.455047737999962, 0.0 ], [ 118.992842289, -9.454983894999941, 0.0 ], [ 118.993332937000105, -9.454801675999931, 0.0 ], [ 118.993456068000114, -9.454863149999937, 0.0 ], [ 118.993590788, -9.454706285999976, 0.0 ], [ 118.993684770000073, -9.454610810999952, 0.0 ], [ 118.993774621000057, -9.454578673999947, 0.0 ], [ 118.993916638000087, -9.454545473999929, 0.0 ], [ 118.993912604000116, -9.454476401999955, 0.0 ], [ 118.993899656000053, -9.454244019999976, 0.0 ], [ 118.993992352000078, -9.454176755999981, 0.0 ], [ 118.99415383600001, -9.45417354999995, 0.0 ], [ 118.994304836000083, -9.454152201999932, 0.0 ], [ 118.994575595000015, -9.454116691999957, 0.0 ], [ 118.994740972000045, -9.454071759999977, 0.0 ], [ 118.994792784000083, -9.453990457999964, 0.0 ], [ 118.994752255000094, -9.453848981999954, 0.0 ], [ 118.994685293000089, -9.45363094399994, 0.0 ], [ 118.994876435000037, -9.453344210999944, 0.0 ], [ 118.99493006900002, -9.453283490999979, 0.0 ], [ 118.99497197900007, -9.453061145999982, 0.0 ], [ 118.995082308000065, -9.452984411999978, 0.0 ], [ 118.995111432000044, -9.452944696999964, 0.0 ], [ 118.995320862000085, -9.452748303999954, 0.0 ], [ 118.99546677, -9.452519240999948, 0.0 ], [ 118.995514814000103, -9.452489642999979, 0.0 ], [ 118.995600269000079, -9.452358882999931, 0.0 ], [ 118.995607127000085, -9.452236330999938, 0.0 ], [ 118.995633604000091, -9.452158819999966, 0.0 ], [ 118.995895168000061, -9.451986158999944, 0.0 ], [ 118.99610478000011, -9.451928595999959, 0.0 ], [ 118.996421170000076, -9.451737764999962, 0.0 ], [ 118.996531022000113, -9.451626959999942, 0.0 ], [ 118.996572116000038, -9.451595988999941, 0.0 ], [ 118.996746197000107, -9.451417154999945, 0.0 ], [ 118.996951236000086, -9.451206515999957, 0.0 ], [ 118.997045164000042, -9.45109978399995, 0.0 ], [ 118.997113444000092, -9.45096811999997, 0.0 ], [ 118.997444189000021, -9.450929941999959, 0.0 ], [ 118.997704862000091, -9.450803563999955, 0.0 ], [ 118.99809583800004, -9.450516131999962, 0.0 ], [ 118.998237533000065, -9.450216601999955, 0.0 ], [ 118.99870656600001, -9.449756630999957, 0.0 ], [ 118.998919680000085, -9.449633981999966, 0.0 ], [ 118.999105136000026, -9.449488332999977, 0.0 ], [ 118.999160022000069, -9.449478215999932, 0.0 ], [ 118.999197453000079, -9.44947131999993, 0.0 ], [ 118.999334210000029, -9.44943092799997, 0.0 ], [ 118.999509769000042, -9.449295269999936, 0.0 ], [ 118.999689645000103, -9.44920717499997, 0.0 ], [ 118.999762301000032, -9.449080803999948, 0.0 ], [ 118.999849784000048, -9.449004180999964, 0.0 ], [ 118.999998848000018, -9.448888156999942, 0.0 ], [ 119.000095454000075, -9.448812973999964, 0.0 ], [ 119.000189091000038, -9.448725623999962, 0.0 ], [ 119.000518100000022, -9.448545705999948, 0.0 ], [ 119.000694036000027, -9.448539153999945, 0.0 ], [ 119.000836825000079, -9.448498972999971, 0.0 ], [ 119.001165426000057, -9.448270970999943, 0.0 ], [ 119.00158719600006, -9.448084221999977, 0.0 ], [ 119.001782860000048, -9.44804602399995, 0.0 ], [ 119.002112895000096, -9.447816253999974, 0.0 ], [ 119.002252143000078, -9.447687834999954, 0.0 ], [ 119.002407104000099, -9.447517265999977, 0.0 ], [ 119.002777971000114, -9.447291012999926, 0.0 ], [ 119.003760784000065, -9.446706862999974, 0.0 ], [ 119.00391069300008, -9.446559067999942, 0.0 ], [ 119.004030678000049, -9.44641026599993, 0.0 ], [ 119.004217159000063, -9.446305333999931, 0.0 ], [ 119.004679167000063, -9.446220603999961, 0.0 ], [ 119.004834961000029, -9.446169927999961, 0.0 ], [ 119.005462838000085, -9.446040539999956, 0.0 ], [ 119.005623808000109, -9.446077601999946, 0.0 ], [ 119.0060333670001, -9.446038599999952, 0.0 ], [ 119.00617205900005, -9.445920286999979, 0.0 ], [ 119.006220362000022, -9.445739472999946, 0.0 ], [ 119.00631678100001, -9.445614565999961, 0.0 ], [ 119.006474802000071, -9.445513645999938, 0.0 ], [ 119.006803897000054, -9.445291911999959, 0.0 ], [ 119.007194518, -9.444841466999947, 0.0 ], [ 119.007381606000081, -9.444751891999942, 0.0 ], [ 119.008424033000097, -9.444449085999963, 0.0 ], [ 119.008561715000042, -9.444424356999946, 0.0 ], [ 119.008688975000041, -9.444401454999934, 0.0 ], [ 119.008790128000101, -9.444383268999957, 0.0 ], [ 119.009002197000086, -9.444008147999966, 0.0 ], [ 119.00917443700007, -9.443872158999966, 0.0 ], [ 119.009435428000074, -9.443793802999949, 0.0 ], [ 119.009499081000058, -9.443662160999963, 0.0 ], [ 119.00959208300003, -9.443536422999955, 0.0 ], [ 119.009714192000047, -9.443496551999942, 0.0 ], [ 119.009946979, -9.44341663299997, 0.0 ], [ 119.010408253000037, -9.443145862999927, 0.0 ], [ 119.010594708000099, -9.443135395999946, 0.0 ], [ 119.011152224000057, -9.443113005999976, 0.0 ], [ 119.011558906000118, -9.443096648999926, 0.0 ], [ 119.011620810000068, -9.443011673999933, 0.0 ], [ 119.011555870000052, -9.44296028399998, 0.0 ], [ 119.011438394000038, -9.442824600999927, 0.0 ], [ 119.01148114800003, -9.442533065999953, 0.0 ], [ 119.01162011800011, -9.442479172999981, 0.0 ], [ 119.011763489000032, -9.442379865999953, 0.0 ], [ 119.011834050000061, -9.442347544999961, 0.0 ], [ 119.011934691000079, -9.442301467999926, 0.0 ], [ 119.012160228000084, -9.442205312999931, 0.0 ], [ 119.012338347000082, -9.442024518999972, 0.0 ], [ 119.012404848000074, -9.44194033499997, 0.0 ], [ 119.012618531000044, -9.441856989999962, 0.0 ], [ 119.012666639000031, -9.44178803799997, 0.0 ], [ 119.01285069700009, -9.441805452999972, 0.0 ], [ 119.013047724000103, -9.441830509999932, 0.0 ], [ 119.013508878000039, -9.441650336999942, 0.0 ], [ 119.013609047000045, -9.441496799999982, 0.0 ], [ 119.013694391000058, -9.441439959999968, 0.0 ], [ 119.014098192, -9.44138110199998, 0.0 ], [ 119.014617164000015, -9.441480441999943, 0.0 ], [ 119.014575614000023, -9.441412212999978, 0.0 ], [ 119.014506026000049, -9.441302975999974, 0.0 ], [ 119.014546628000062, -9.441194785999926, 0.0 ], [ 119.014991434000081, -9.440862563999929, 0.0 ], [ 119.015271288, -9.44078051799994, 0.0 ], [ 119.01559330900011, -9.440766456999938, 0.0 ], [ 119.015814405000015, -9.440767065999978, 0.0 ], [ 119.015998114000013, -9.440692738999928, 0.0 ], [ 119.016212913000118, -9.440581062999968, 0.0 ], [ 119.016450431000067, -9.440507138999976, 0.0 ], [ 119.017666947000066, -9.440101977999973, 0.0 ], [ 119.017858786000033, -9.440038085999959, 0.0 ], [ 119.018325997000034, -9.440295697999943, 0.0 ], [ 119.018418796000105, -9.440295697999943, 0.0 ], [ 119.018375965000018, -9.439967331999981, 0.0 ], [ 119.018837581000071, -9.439398640999968, 0.0 ], [ 119.019085045000111, -9.43927014999997, 0.0 ], [ 119.019275402000062, -9.439108346999944, 0.0 ], [ 119.019518107000067, -9.438970337999933, 0.0 ], [ 119.019779847000109, -9.438837087999957, 0.0 ], [ 119.020317605000059, -9.438770462999969, 0.0 ], [ 119.020774462000077, -9.438527757999964, 0.0 ], [ 119.021098069000118, -9.438327883999932, 0.0 ], [ 119.0214121570001, -9.438232704999962, 0.0 ], [ 119.021602514000051, -9.438089937999962, 0.0 ], [ 119.022216415000116, -9.438142285999959, 0.0 ], [ 119.023025432000054, -9.437742535999973, 0.0 ], [ 119.023487047000117, -9.437395134999974, 0.0 ], [ 119.023565310000095, -9.43731988199994, 0.0 ], [ 119.023705772000085, -9.437184822999939, 0.0 ], [ 119.023858243000063, -9.437038215999962, 0.0 ], [ 119.024093979000099, -9.43694114799996, 0.0 ], [ 119.024132383000051, -9.436925334999955, 0.0 ], [ 119.024148857000114, -9.436918551999952, 0.0 ], [ 119.02416930000004, -9.436910133999959, 0.0 ], [ 119.024262752000027, -9.436871653999958, 0.0 ], [ 119.024368545000016, -9.436816797999938, 0.0 ], [ 119.024513928000033, -9.436741413999925, 0.0 ], [ 119.024586518000092, -9.436703773999966, 0.0 ], [ 119.024591367000085, -9.43670125999995, 0.0 ], [ 119.024648224000089, -9.436671778999937, 0.0 ], [ 119.024651130000052, -9.43666606499994, 0.0 ], [ 119.024653302000047, -9.436661794999964, 0.0 ], [ 119.024798753000027, -9.436375831999953, 0.0 ], [ 119.02480055, -9.43637229899997, 0.0 ], [ 119.024814200000037, -9.436359302999961, 0.0 ], [ 119.025195182000061, -9.43599656799995, 0.0 ], [ 119.02551736700002, -9.435831420999932, 0.0 ], [ 119.025704971000096, -9.435733672999959, 0.0 ], [ 119.026020341000049, -9.435621069999968, 0.0 ], [ 119.026290359000086, -9.435348319999946, 0.0 ], [ 119.026519332000021, -9.435195982999971, 0.0 ], [ 119.027081620000104, -9.434848442999964, 0.0 ], [ 119.027162555000018, -9.434728571999926, 0.0 ], [ 119.027291183000102, -9.434408022999946, 0.0 ], [ 119.027426023000089, -9.434278628999948, 0.0 ], [ 119.027521731000093, -9.434178237999959, 0.0 ], [ 119.027594643000043, -9.434098260999974, 0.0 ], [ 119.028072189000113, -9.43386719199998, 0.0 ], [ 119.02821958200002, -9.433733318999941, 0.0 ], [ 119.028260820000014, -9.433642693999957, 0.0 ], [ 119.028667194000036, -9.433294283999942, 0.0 ], [ 119.028837366000062, -9.433266303999972, 0.0 ], [ 119.029006602000095, -9.433224552999945, 0.0 ], [ 119.029314916000089, -9.433030689999953, 0.0 ], [ 119.029406383000037, -9.43294752099996, 0.0 ], [ 119.029448310000021, -9.432823507999956, 0.0 ], [ 119.029560558000071, -9.432688302999964, 0.0 ], [ 119.030346886000075, -9.432268910999937, 0.0 ], [ 119.030466084000068, -9.432252897999945, 0.0 ], [ 119.030620486000089, -9.432146898999974, 0.0 ], [ 119.030919660000109, -9.431965151999975, 0.0 ], [ 119.031184069, -9.431919562999951, 0.0 ], [ 119.031342242000051, -9.43188043899994, 0.0 ], [ 119.031837913000118, -9.431560356999967, 0.0 ], [ 119.032039896000015, -9.43146343199993, 0.0 ], [ 119.032961281000098, -9.431012034999981, 0.0 ], [ 119.033242956000095, -9.430986168999937, 0.0 ], [ 119.033512688000087, -9.430922363999969, 0.0 ], [ 119.033746636000046, -9.430883391999942, 0.0 ], [ 119.03401864500006, -9.430785550999929, 0.0 ], [ 119.034105660000023, -9.430713169999933, 0.0 ], [ 119.034366318000025, -9.430586257999948, 0.0 ], [ 119.034494233000032, -9.430526216999965, 0.0 ], [ 119.03471821100004, -9.430511845999945, 0.0 ], [ 119.03490424000006, -9.430488808999939, 0.0 ], [ 119.035337566000067, -9.430249394999976, 0.0 ], [ 119.035582273000045, -9.430185176999942, 0.0 ], [ 119.036086031000082, -9.430110428999967, 0.0 ], [ 119.036414455000113, -9.429978502999973, 0.0 ], [ 119.036576502000116, -9.429922334999958, 0.0 ], [ 119.036688526000034, -9.429877318999957, 0.0 ], [ 119.036974101000055, -9.42981556999996, 0.0 ], [ 119.037801585000011, -9.429529658999968, 0.0 ], [ 119.038375268000095, -9.429258956999945, 0.0 ], [ 119.038549357000079, -9.429170676999945, 0.0 ], [ 119.038700352000092, -9.429117454999925, 0.0 ], [ 119.038916089000054, -9.42904776499995, 0.0 ], [ 119.039259719000029, -9.428600097999947, 0.0 ], [ 119.039368141000068, -9.428490243999931, 0.0 ], [ 119.039588361000028, -9.428405734999956, 0.0 ], [ 119.039780243000109, -9.428313818999982, 0.0 ], [ 119.040055775000042, -9.428194608999945, 0.0 ], [ 119.040258115000029, -9.428189226999962, 0.0 ], [ 119.040382332000036, -9.428174615999978, 0.0 ], [ 119.040423530000112, -9.42817957099993, 0.0 ], [ 119.040744157000063, -9.42813855199995, 0.0 ], [ 119.041160209000054, -9.427986518999944, 0.0 ], [ 119.041264072000104, -9.427957257999935, 0.0 ], [ 119.041639944000053, -9.427918943999941, 0.0 ], [ 119.041767868000079, -9.427858344999947, 0.0 ], [ 119.042067002000067, -9.427684382999928, 0.0 ], [ 119.042304512000101, -9.427622336999946, 0.0 ], [ 119.042598707000025, -9.427559019999933, 0.0 ], [ 119.042743500000029, -9.427453052999965, 0.0 ], [ 119.043284074000098, -9.427028253999936, 0.0 ], [ 119.043595690000075, -9.426826333999941, 0.0 ], [ 119.044332990000044, -9.426788324999961, 0.0 ], [ 119.044459963, -9.426718472999937, 0.0 ], [ 119.044598958000051, -9.426618990999941, 0.0 ], [ 119.044688398000062, -9.426535242999933, 0.0 ], [ 119.044814193000093, -9.426511984999934, 0.0 ], [ 119.045312917000047, -9.426500995999959, 0.0 ], [ 119.04543964700008, -9.426469614999974, 0.0 ], [ 119.04626999200002, -9.426232876999961, 0.0 ], [ 119.046414619000075, -9.426230352999937, 0.0 ], [ 119.046746396000117, -9.426160218999939, 0.0 ], [ 119.046780145000071, -9.426152553999941, 0.0 ], [ 119.047059851000085, -9.426089083999955, 0.0 ], [ 119.047226082000066, -9.426087865999932, 0.0 ], [ 119.047383563000039, -9.426054990999944, 0.0 ], [ 119.047452681000095, -9.426028913999971, 0.0 ], [ 119.04770600900008, -9.425934359999928, 0.0 ], [ 119.048544436000043, -9.425792365999939, 0.0 ], [ 119.048714325000105, -9.425740001999941, 0.0 ], [ 119.048938848000034, -9.425661489999982, 0.0 ], [ 119.049450628000045, -9.425548222999964, 0.0 ], [ 119.049946304000059, -9.425248134999947, 0.0 ], [ 119.050550677000047, -9.424985784999933, 0.0 ], [ 119.050799269000095, -9.424904464999941, 0.0 ], [ 119.051172255000097, -9.424815492999926, 0.0 ], [ 119.051354830000037, -9.424688241999945, 0.0 ], [ 119.0515082390001, -9.424603818999969, 0.0 ], [ 119.052237582000089, -9.424463227999979, 0.0 ], [ 119.053134474000103, -9.424290314999951, 0.0 ], [ 119.053187487000059, -9.424291222999955, 0.0 ], [ 119.053226668000093, -9.424279695999928, 0.0 ], [ 119.053428440000062, -9.424266262999936, 0.0 ], [ 119.053521833000104, -9.424312175999944, 0.0 ], [ 119.05379683000001, -9.424534222999966, 0.0 ], [ 119.053926477000118, -9.424504395999975, 0.0 ], [ 119.054186260000051, -9.42434293499997, 0.0 ], [ 119.054411843000025, -9.424172037999938, 0.0 ], [ 119.054892815000017, -9.424051161999955, 0.0 ], [ 119.055224613000064, -9.423957430999963, 0.0 ], [ 119.055710672000032, -9.423820119999959, 0.0 ], [ 119.056103341000039, -9.423720425999932, 0.0 ], [ 119.056441656000061, -9.423732109999946, 0.0 ], [ 119.056552375000024, -9.423785742999939, 0.0 ], [ 119.056726222000066, -9.423758904999943, 0.0 ], [ 119.057126468000092, -9.423634533999973, 0.0 ], [ 119.057447392000086, -9.423627548999946, 0.0 ], [ 119.057747394000103, -9.423666524999931, 0.0 ], [ 119.057965996, -9.423784584999964, 0.0 ], [ 119.058187100000055, -9.423798021999971, 0.0 ], [ 119.058385854000107, -9.423756200999946, 0.0 ], [ 119.058618200000069, -9.423700464999968, 0.0 ], [ 119.058778733000054, -9.423649112999954, 0.0 ], [ 119.059051083000099, -9.423567506999973, 0.0 ], [ 119.059486335000088, -9.423548095999934, 0.0 ], [ 119.059762158000012, -9.423552787999938, 0.0 ], [ 119.060021770000048, -9.423592271999951, 0.0 ], [ 119.060375399, -9.423703196999952, 0.0 ], [ 119.061328947000106, -9.423520710999981, 0.0 ], [ 119.061444220000112, -9.423508217999938, 0.0 ], [ 119.061945227000024, -9.423472041999958, 0.0 ], [ 119.062112667000065, -9.423411551999948, 0.0 ], [ 119.062182116000031, -9.42335507599995, 0.0 ], [ 119.062253613000053, -9.423327972999971, 0.0 ], [ 119.062472707000097, -9.423329195999941, 0.0 ], [ 119.063465049000115, -9.423596190999945, 0.0 ], [ 119.063515143000018, -9.423624769999947, 0.0 ], [ 119.063777947000062, -9.423734560999947, 0.0 ], [ 119.064089943000113, -9.423895358999971, 0.0 ], [ 119.064204455000095, -9.423934759999952, 0.0 ], [ 119.064509238000028, -9.423972194999976, 0.0 ], [ 119.064643955000065, -9.424014038999928, 0.0 ], [ 119.065027541000063, -9.424051107999958, 0.0 ], [ 119.065462602000025, -9.424223108999968, 0.0 ], [ 119.065584849000061, -9.424273925999955, 0.0 ], [ 119.065999911000063, -9.42425061299997, 0.0 ], [ 119.066250119000074, -9.424340383999947, 0.0 ], [ 119.066875732000085, -9.424338552999927, 0.0 ], [ 119.067033011000035, -9.424259487999961, 0.0 ], [ 119.067514643000095, -9.424061809999955, 0.0 ], [ 119.068375821000018, -9.423853785999938, 0.0 ], [ 119.068639923000092, -9.423813095999947, 0.0 ], [ 119.069229661, -9.423734314999933, 0.0 ], [ 119.070240781000052, -9.423768767999945, 0.0 ], [ 119.071419314000082, -9.42386314099997, 0.0 ], [ 119.071706558000074, -9.423835606999944, 0.0 ], [ 119.072098560000086, -9.423819694999963, 0.0 ], [ 119.072565366000049, -9.423707978999971, 0.0 ], [ 119.073881409000023, -9.423393023999949, 0.0 ], [ 119.075595541000098, -9.422725007999929, 0.0 ], [ 119.076361011000017, -9.422384690999934, 0.0 ], [ 119.076467060000027, -9.422344712999973, 0.0 ], [ 119.076559404000022, -9.422234555999978, 0.0 ], [ 119.076707984000109, -9.422050988999956, 0.0 ], [ 119.077552290000085, -9.421464813999933, 0.0 ], [ 119.077714711000112, -9.421326660999966, 0.0 ], [ 119.078027660000089, -9.42113934799994, 0.0 ], [ 119.078289021000046, -9.420903843999952, 0.0 ], [ 119.07854197600011, -9.420721328999946, 0.0 ], [ 119.078679068000042, -9.42064253999996, 0.0 ], [ 119.078965080000103, -9.420480131999966, 0.0 ], [ 119.07902414800003, -9.420340603999932, 0.0 ], [ 119.079146265000077, -9.420197997999935, 0.0 ], [ 119.079659946000106, -9.419846704999941, 0.0 ], [ 119.080301304000045, -9.419465268999943, 0.0 ], [ 119.080781961000071, -9.41927364299994, 0.0 ], [ 119.081259785000043, -9.419096792999937, 0.0 ], [ 119.081434554000111, -9.419055936999939, 0.0 ], [ 119.081597862000081, -9.419043518999956, 0.0 ], [ 119.081819698000118, -9.419004350999955, 0.0 ], [ 119.082071245000066, -9.418948772999954, 0.0 ], [ 119.082256008000059, -9.419013115999974, 0.0 ], [ 119.082459737000022, -9.419017795999935, 0.0 ], [ 119.082724829000085, -9.418983752999964, 0.0 ], [ 119.083026436000068, -9.418944288999967, 0.0 ], [ 119.083176758000036, -9.418935033999958, 0.0 ], [ 119.083214380000072, -9.418930526999929, 0.0 ], [ 119.083482299000025, -9.418900349999944, 0.0 ], [ 119.084159276000037, -9.418793426999969, 0.0 ], [ 119.084458163000022, -9.418859416999965, 0.0 ], [ 119.084861646000036, -9.419058259999929, 0.0 ], [ 119.085341269000082, -9.419303180999975, 0.0 ], [ 119.085665879000089, -9.419464970999968, 0.0 ], [ 119.085688906000087, -9.419476343999975, 0.0 ], [ 119.085710286000108, -9.419490531999941, 0.0 ], [ 119.086341330000096, -9.419743299999936, 0.0 ], [ 119.0865301770001, -9.419782817999931, 0.0 ], [ 119.086685285000044, -9.419901366999966, 0.0 ], [ 119.086912944, -9.420085130999951, 0.0 ], [ 119.087327386000084, -9.420312344999957, 0.0 ], [ 119.087813868000012, -9.420528395999952, 0.0 ], [ 119.088102326000012, -9.42060332099993, 0.0 ], [ 119.088995539000052, -9.420663824999963, 0.0 ], [ 119.089528465000058, -9.420642317999977, 0.0 ], [ 119.089983861000064, -9.420802993999928, 0.0 ], [ 119.090468028000032, -9.420965051999929, 0.0 ], [ 119.09145094400003, -9.421133257999941, 0.0 ], [ 119.091897538000012, -9.421221227999979, 0.0 ], [ 119.094067212000027, -9.421849405999978, 0.0 ], [ 119.094603709000012, -9.421924069999932, 0.0 ], [ 119.095476315000042, -9.421995961999926, 0.0 ], [ 119.096214410000016, -9.422039914999971, 0.0 ], [ 119.096993550000093, -9.422028216999934, 0.0 ], [ 119.097238658000038, -9.422008827999946, 0.0 ], [ 119.101975897000102, -9.428165815999932, 0.0 ], [ 119.104837024000062, -9.431256540999925, 0.0 ], [ 119.105212834000099, -9.431812719999925, 0.0 ], [ 119.10544070900005, -9.432149961999926, 0.0 ], [ 119.10659940000005, -9.43290498999994, 0.0 ], [ 119.107151429000055, -9.434082150999927, 0.0 ], [ 119.107356358000061, -9.43472666599996, 0.0 ], [ 119.1076423290001, -9.435626063999962, 0.0 ], [ 119.108780608000075, -9.439205981999976, 0.0 ], [ 119.109190649000084, -9.440495554999927, 0.0 ], [ 119.109227515000043, -9.440611497999953, 0.0 ], [ 119.111656540000013, -9.446068220999962, 0.0 ], [ 119.112032175000081, -9.447254778999934, 0.0 ], [ 119.112075888000049, -9.447392858999933, 0.0 ], [ 119.112633689000063, -9.449154820999979, 0.0 ], [ 119.115290802000118, -9.452707062999934, 0.0 ], [ 119.115434819000029, -9.45285841599997, 0.0 ], [ 119.115456857000027, -9.452881575999982, 0.0 ], [ 119.118666709000081, -9.456254936999926, 0.0 ], [ 119.118865485000015, -9.457032372999947, 0.0 ], [ 119.118931435000036, -9.457984330999977, 0.0 ], [ 119.119064685000012, -9.458384079999973, 0.0 ], [ 119.119572209000012, -9.45888214799993, 0.0 ], [ 119.120422183000073, -9.459381158999975, 0.0 ], [ 119.121341703000098, -9.459600327999965, 0.0 ], [ 119.122320982000019, -9.459691493999969, 0.0 ], [ 119.122595231000105, -9.459781497999927, 0.0 ], [ 119.122983074000103, -9.459908781999957, 0.0 ], [ 119.123455510000099, -9.460949108999955, 0.0 ], [ 119.124091535000048, -9.461812352999971, 0.0 ], [ 119.124100905000091, -9.46333784899997, 0.0 ], [ 119.124104721000094, -9.463959023999962, 0.0 ], [ 119.124118566000107, -9.466212980999956, 0.0 ], [ 119.123900174000028, -9.469663571999945, 0.0 ], [ 119.124262131000023, -9.470670564999978, 0.0 ], [ 119.125022806000061, -9.472786823999968, 0.0 ], [ 119.125398555000061, -9.473832186999971, 0.0 ], [ 119.12523477700006, -9.474302122999973, 0.0 ], [ 119.125332489000016, -9.474422667999931, 0.0 ], [ 119.125342491000083, -9.474555310999961, 0.0 ], [ 119.125281243000018, -9.474706386999969, 0.0 ], [ 119.125155366000058, -9.474840029999939, 0.0 ], [ 119.1249991950001, -9.475002591999953, 0.0 ], [ 119.124947708000036, -9.475056173999974, 0.0 ], [ 119.124950506000118, -9.475092515999961, 0.0 ], [ 119.124998296000058, -9.475373532999981, 0.0 ], [ 119.125098752000099, -9.475539013999935, 0.0 ], [ 119.125132823000058, -9.475640061999968, 0.0 ], [ 119.125068594000027, -9.475720405999937, 0.0 ], [ 119.124999211000045, -9.475748421999981, 0.0 ], [ 119.124954661000061, -9.475766411999928, 0.0 ], [ 119.124926506000065, -9.475777748999974, 0.0 ], [ 119.12455749500009, -9.475785233999943, 0.0 ], [ 119.123589275000086, -9.475843528999974, 0.0 ], [ 119.123461178000071, -9.475918640999964, 0.0 ], [ 119.123431176000054, -9.476030900999945, 0.0 ], [ 119.123434207000059, -9.476079901999981, 0.0 ], [ 119.123444979000055, -9.47625391899993, 0.0 ], [ 119.123525898000025, -9.476919102999943, 0.0 ], [ 119.12350380700002, -9.476942891999954, 0.0 ], [ 119.123421021000013, -9.477074621999975, 0.0 ], [ 119.123225681, -9.477220292999959, 0.0 ], [ 119.12302403800004, -9.477266217999954, 0.0 ], [ 119.122852191000106, -9.477217906999954, 0.0 ], [ 119.122745226, -9.477036923999947, 0.0 ], [ 119.122682349000115, -9.476825560999941, 0.0 ], [ 119.122730099000023, -9.476615872999957, 0.0 ], [ 119.122015143000112, -9.477140524999982, 0.0 ], [ 119.12113712900009, -9.477911710999933, 0.0 ], [ 119.12045602, -9.478602616999979, 0.0 ], [ 119.120000333, -9.479193649999957, 0.0 ], [ 119.119786496000074, -9.479547712999931, 0.0 ], [ 119.119668994000108, -9.479915726999934, 0.0 ], [ 119.119629213000053, -9.480323602999931, 0.0 ], [ 119.119638867000049, -9.480800396999939, 0.0 ], [ 119.119646240000066, -9.481165960999931, 0.0 ], [ 119.119584025000108, -9.482048080999959, 0.0 ], [ 119.119493402000103, -9.482953021999947, 0.0 ], [ 119.119396706000089, -9.483555958999943, 0.0 ], [ 119.119241736000049, -9.484446308999964, 0.0 ], [ 119.119094067000105, -9.485218809999935, 0.0 ], [ 119.118979550000063, -9.485736247999967, 0.0 ], [ 119.118821561000118, -9.485937600999932, 0.0 ], [ 119.118158282000081, -9.486782929999947, 0.0 ], [ 119.118121220000035, -9.486809652999966, 0.0 ], [ 119.11727015200006, -9.487423308999951, 0.0 ], [ 119.117133700000068, -9.487521695999931, 0.0 ], [ 119.116724986, -9.487816395999971, 0.0 ], [ 119.115489969, -9.488518366999926, 0.0 ], [ 119.113470739000036, -9.489566648999926, 0.0 ], [ 119.112226152000062, -9.490271990999929, 0.0 ], [ 119.111481829000013, -9.490846490999957, 0.0 ], [ 119.110162570000057, -9.491979431999937, 0.0 ], [ 119.110130358000106, -9.492030007999972, 0.0 ], [ 119.109535454000024, -9.492965020999975, 0.0 ], [ 119.109092175000114, -9.493854712999962, 0.0 ], [ 119.108949243000097, -9.495024631999968, 0.0 ], [ 119.108807993000028, -9.496595210999942, 0.0 ], [ 119.108720848000075, -9.499699866999947, 0.0 ], [ 119.108718604000046, -9.499780206999958, 0.0 ], [ 119.108727650000105, -9.500000617999945, 0.0 ], [ 119.1085965420001, -9.501299304999975, 0.0 ], [ 119.108462160000045, -9.50263089699996, 0.0 ], [ 119.108109443000103, -9.504079246999936, 0.0 ], [ 119.108020475000103, -9.50438399899997, 0.0 ], [ 119.108024763000117, -9.504574339999976, 0.0 ], [ 119.108020341000042, -9.504768109999929, 0.0 ], [ 119.107833959000118, -9.50518087599994, 0.0 ], [ 119.107378944000061, -9.505835533999971, 0.0 ], [ 119.107167025000081, -9.506302142999971, 0.0 ], [ 119.107077333, -9.506626264999966, 0.0 ], [ 119.107006490000117, -9.506939096999929, 0.0 ], [ 119.106985181000027, -9.507077250999941, 0.0 ], [ 119.10699137600011, -9.507369191999942, 0.0 ], [ 119.106998507000071, -9.507461668999952, 0.0 ], [ 119.107275271000049, -9.508705211999938, 0.0 ], [ 119.107286837000061, -9.508765235999931, 0.0 ], [ 119.107452268000088, -9.509623493999982, 0.0 ], [ 119.107495372000017, -9.509745806999945, 0.0 ], [ 119.107875901000057, -9.510825569999952, 0.0 ], [ 119.10854108, -9.511727245999964, 0.0 ], [ 119.110398395000061, -9.513573424999947, 0.0 ], [ 119.110738878, -9.513935385999957, 0.0 ], [ 119.111307270000111, -9.514506462999975, 0.0 ], [ 119.111376317, -9.514591700999972, 0.0 ], [ 119.111738794000075, -9.515038930999935, 0.0 ], [ 119.11350321000009, -9.51721595999993, 0.0 ], [ 119.11541232400009, -9.519234050999955, 0.0 ], [ 119.117279007000093, -9.521207339999933, 0.0 ], [ 119.118834810000067, -9.522851948999971, 0.0 ], [ 119.120390612000051, -9.524496558999942, 0.0 ], [ 119.120937950000098, -9.525420898999926, 0.0 ], [ 119.12096735800003, -9.525470561999953, 0.0 ], [ 119.12115948600001, -9.525795021999954, 0.0 ], [ 119.122318942000106, -9.527322311999967, 0.0 ], [ 119.123471158000029, -9.528839021999943, 0.0 ], [ 119.124320171000022, -9.529593364999926, 0.0 ], [ 119.124999090000074, -9.530226460999927, 0.0 ], [ 119.125114896000014, -9.530342430999951, 0.0 ], [ 119.125219100000095, -9.530532695999966, 0.0 ], [ 119.125383769000109, -9.530833337999979, 0.0 ], [ 119.125491108, -9.531411984999977, 0.0 ], [ 119.125530454000113, -9.531624026999964, 0.0 ], [ 119.125418800000034, -9.53363010299995, 0.0 ], [ 119.125373490000015, -9.534896896999953, 0.0 ], [ 119.125336071000106, -9.535677010999962, 0.0 ], [ 119.125320816000112, -9.535995736999951, 0.0 ], [ 119.125546926000084, -9.53714748699997, 0.0 ], [ 119.12554641600002, -9.537204548999966, 0.0 ], [ 119.125533211000061, -9.53870233799995, 0.0 ], [ 119.125540407000017, -9.539842374999978, 0.0 ], [ 119.125543635000099, -9.540354149999928, 0.0 ], [ 119.125546247000102, -9.540769193999949, 0.0 ], [ 119.12549905000003, -9.542167240999959, 0.0 ], [ 119.125484997000058, -9.542246964999947, 0.0 ], [ 119.125370848000102, -9.542895022999971, 0.0 ], [ 119.12534388600011, -9.543105036999975, 0.0 ], [ 119.125254897000104, -9.543798220999975, 0.0 ], [ 119.125223242000061, -9.544044622999934, 0.0 ], [ 119.125215256000047, -9.544226309999942, 0.0 ], [ 119.125168076000023, -9.545300474999976, 0.0 ], [ 119.124998837000021, -9.54582721099996, 0.0 ], [ 119.110606018000112, -9.544692944999952, 0.0 ], [ 119.109797001000061, -9.546501334999959, 0.0 ], [ 119.100589677000016, -9.558042017999981, 0.0 ], [ 119.099238143000093, -9.558327553999959, 0.0 ], [ 119.098267323000073, -9.558403695999971, 0.0 ], [ 119.097068075000038, -9.558651159999954, 0.0 ], [ 119.095202577, -9.55903187399997, 0.0 ], [ 119.093812972000023, -9.560649907999959, 0.0 ], [ 119.096839647000024, -9.563752724999972, 0.0 ], [ 119.100646784000105, -9.567788290999943, 0.0 ], [ 119.106852418000017, -9.573308639999937, 0.0 ], [ 119.109764879000068, -9.575269315999947, 0.0 ], [ 119.114103366000109, -9.577693989999943, 0.0 ], [ 119.114220175000014, -9.57829830299994, 0.0 ], [ 119.114257329000111, -9.578507062999961, 0.0 ], [ 119.114215990000048, -9.57894136699997, 0.0 ], [ 119.113941325000042, -9.579581575999953, 0.0 ], [ 119.113876143000084, -9.579784141999937, 0.0 ], [ 119.113886484000091, -9.580478853999978, 0.0 ], [ 119.113864482000054, -9.581012582999961, 0.0 ], [ 119.113849942000115, -9.581182174999981, 0.0 ], [ 119.113829031000023, -9.58144439299997, 0.0 ], [ 119.113710108000078, -9.581465440999978, 0.0 ], [ 119.113534120000054, -9.581495598999936, 0.0 ], [ 119.113371783000048, -9.581520817999944, 0.0 ], [ 119.113177269000062, -9.581551016999981, 0.0 ], [ 119.112494046000052, -9.581658349999941, 0.0 ], [ 119.112324498000021, -9.581669957999964, 0.0 ], [ 119.11220267300007, -9.581621808999955, 0.0 ], [ 119.112105014, -9.58149323899994, 0.0 ], [ 119.112238639000111, -9.581273688999943, 0.0 ], [ 119.112203515000033, -9.581212563999941, 0.0 ], [ 119.111620152000114, -9.581065425999952, 0.0 ], [ 119.111200308000093, -9.58103204799994, 0.0 ], [ 119.110566234000089, -9.58052794699995, 0.0 ], [ 119.110526798000024, -9.580496350999965, 0.0 ], [ 119.110499968000113, -9.580447655999933, 0.0 ], [ 119.110376700000074, -9.580265611999948, 0.0 ], [ 119.109915987000022, -9.579548206999959, 0.0 ], [ 119.109801247000064, -9.579442238999945, 0.0 ], [ 119.109643979000111, -9.579409716999976, 0.0 ], [ 119.10936924900011, -9.579416735999928, 0.0 ], [ 119.109052857000052, -9.579524972999934, 0.0 ], [ 119.108678037000118, -9.579622580999967, 0.0 ], [ 119.108525770000028, -9.579580534999934, 0.0 ], [ 119.108203123000067, -9.579417127999932, 0.0 ], [ 119.10769231200004, -9.579102658999943, 0.0 ], [ 119.107414031000076, -9.578953792999926, 0.0 ], [ 119.106896051000035, -9.578781784999933, 0.0 ], [ 119.106646751000085, -9.578671752999981, 0.0 ], [ 119.106416657000068, -9.57840946999994, 0.0 ], [ 119.106125501000065, -9.578147530999956, 0.0 ], [ 119.105825383000024, -9.577962768999953, 0.0 ], [ 119.105714142000011, -9.57788895799996, 0.0 ], [ 119.105305778000115, -9.577618016999963, 0.0 ], [ 119.105274702000088, -9.577501814999948, 0.0 ], [ 119.105170952000094, -9.577109847999964, 0.0 ], [ 119.10488276600006, -9.576707368999962, 0.0 ], [ 119.104588794000051, -9.576539471999979, 0.0 ], [ 119.104325356000118, -9.576320678999934, 0.0 ], [ 119.104149481000036, -9.576107189999959, 0.0 ], [ 119.104137090000108, -9.575956894999933, 0.0 ], [ 119.104192123000075, -9.575589409999964, 0.0 ], [ 119.104195497000092, -9.575518504999934, 0.0 ], [ 119.104164604000061, -9.575477783999929, 0.0 ], [ 119.104121750000104, -9.575421314999971, 0.0 ], [ 119.103895265, -9.575264064999942, 0.0 ], [ 119.103664891000108, -9.57512658099995, 0.0 ], [ 119.103033702000062, -9.574722582999925, 0.0 ], [ 119.10292855900002, -9.574728141999969, 0.0 ], [ 119.102800764000108, -9.574808472999962, 0.0 ], [ 119.102652202000058, -9.574873331999981, 0.0 ], [ 119.102501202000099, -9.574789115999977, 0.0 ], [ 119.10228828400011, -9.57470858399995, 0.0 ], [ 119.102168168000048, -9.574734157999956, 0.0 ], [ 119.101748908000104, -9.574839165999947, 0.0 ], [ 119.100980327000116, -9.574642458999961, 0.0 ], [ 119.100606045000063, -9.574665393999965, 0.0 ], [ 119.100440764000041, -9.574561221999943, 0.0 ], [ 119.100307310000062, -9.574357769999949, 0.0 ], [ 119.100289747000033, -9.574251207999964, 0.0 ], [ 119.099889079000036, -9.573870708999948, 0.0 ], [ 119.099853116000077, -9.573858070999961, 0.0 ], [ 119.099679256000059, -9.57379696199996, 0.0 ], [ 119.099129165000022, -9.573716084999944, 0.0 ], [ 119.09881348600004, -9.573685462999947, 0.0 ], [ 119.098240124000085, -9.573624473999928, 0.0 ], [ 119.098195466000107, -9.573619876999942, 0.0 ], [ 119.097887955000033, -9.573776864999957, 0.0 ], [ 119.097697399000026, -9.573871116999953, 0.0 ], [ 119.097350124000059, -9.574042876999954, 0.0 ], [ 119.096942121000097, -9.574146826999936, 0.0 ], [ 119.096737811000025, -9.574162190999971, 0.0 ], [ 119.096618654000054, -9.574171120999949, 0.0 ], [ 119.096351872000014, -9.574238738999952, 0.0 ], [ 119.096178279000014, -9.574259428999937, 0.0 ], [ 119.096079793000058, -9.574271178999936, 0.0 ], [ 119.095786980000071, -9.574208179999971, 0.0 ], [ 119.095222380000109, -9.574063085999967, 0.0 ], [ 119.094296666000105, -9.573956940999949, 0.0 ], [ 119.094228845000089, -9.573953685999982, 0.0 ], [ 119.093823946000043, -9.573934131999977, 0.0 ], [ 119.093365849000065, -9.573966538999969, 0.0 ], [ 119.093180528000062, -9.573979642999973, 0.0 ], [ 119.092427366000038, -9.574175454999931, 0.0 ], [ 119.092228966000107, -9.574320880999949, 0.0 ], [ 119.092026621000059, -9.574566910999977, 0.0 ], [ 119.091950076000103, -9.574644941999964, 0.0 ], [ 119.091844265000077, -9.574752846999957, 0.0 ], [ 119.091532309000058, -9.574926203999951, 0.0 ], [ 119.091348216000029, -9.574943843999961, 0.0 ], [ 119.090956398000117, -9.574982054999964, 0.0 ], [ 119.090636014000097, -9.575008081999954, 0.0 ], [ 119.090291546000117, -9.57505976799996, 0.0 ], [ 119.090126063000071, -9.575153239999963, 0.0 ], [ 119.090068486000064, -9.575189273999968, 0.0 ], [ 119.089641285000084, -9.575413693999963, 0.0 ], [ 119.089472233000038, -9.575376141999925, 0.0 ], [ 119.088727787000039, -9.575054830999932, 0.0 ], [ 119.088314497000056, -9.574876252999957, 0.0 ], [ 119.088069171000029, -9.574843203999933, 0.0 ], [ 119.087589668000078, -9.574865236999926, 0.0 ], [ 119.087128706000044, -9.574948734999964, 0.0 ], [ 119.086649205000072, -9.574971408999943, 0.0 ], [ 119.085765762000051, -9.574941250999927, 0.0 ], [ 119.085570656000073, -9.57488944399995, 0.0 ], [ 119.085468315000071, -9.574862241999938, 0.0 ], [ 119.084863799000118, -9.574612503999958, 0.0 ], [ 119.084811878000096, -9.574542660999953, 0.0 ], [ 119.084739238000111, -9.574444941999957, 0.0 ], [ 119.084566707000022, -9.574078865999979, 0.0 ], [ 119.084506810000107, -9.57399737399993, 0.0 ], [ 119.084464362000062, -9.573939694999979, 0.0 ], [ 119.084037376000083, -9.573833395999941, 0.0 ], [ 119.083527796000112, -9.573873085999935, 0.0 ], [ 119.08327105300009, -9.573958036999954, 0.0 ], [ 119.083154135000086, -9.573996738999938, 0.0 ], [ 119.082793675000062, -9.574255241999936, 0.0 ], [ 119.082576397000025, -9.574545314999966, 0.0 ], [ 119.082368947000077, -9.57491325899997, 0.0 ], [ 119.082240894000051, -9.575062572999968, 0.0 ], [ 119.082094304000066, -9.575120586999958, 0.0 ], [ 119.081885447000104, -9.575122272999977, 0.0 ], [ 119.081235812000045, -9.575059769999939, 0.0 ], [ 119.080365615, -9.574977317999981, 0.0 ], [ 119.079946650000011, -9.574940117999972, 0.0 ], [ 119.07977289300004, -9.574840725999934, 0.0 ], [ 119.079106301000024, -9.574237094999944, 0.0 ], [ 119.078845651000051, -9.573984585999938, 0.0 ], [ 119.078821861000051, -9.57396152299998, 0.0 ], [ 119.078568536000034, -9.573624893999977, 0.0 ], [ 119.078430007000065, -9.573399489999929, 0.0 ], [ 119.078109807000033, -9.573028179999937, 0.0 ], [ 119.077286690000051, -9.572604860999945, 0.0 ], [ 119.077136839000104, -9.572527806999972, 0.0 ], [ 119.076935477, -9.572588086999929, 0.0 ], [ 119.076632800000084, -9.572648812999944, 0.0 ], [ 119.076471893000075, -9.572589616999949, 0.0 ], [ 119.076358346, -9.572445697999967, 0.0 ], [ 119.076308251000114, -9.572250708999945, 0.0 ], [ 119.07626562900009, -9.57201955599993, 0.0 ], [ 119.076248157, -9.571924861999946, 0.0 ], [ 119.076184634000015, -9.571806801999969, 0.0 ], [ 119.076143273000071, -9.571729927999968, 0.0 ], [ 119.076059027000042, -9.571573379999961, 0.0 ], [ 119.076107777000061, -9.571420720999981, 0.0 ], [ 119.076311794000048, -9.570994361999965, 0.0 ], [ 119.07649398600006, -9.570629597999925, 0.0 ], [ 119.076606747000028, -9.570463547999964, 0.0 ], [ 119.076624203000051, -9.570335578999959, 0.0 ], [ 119.076613210000119, -9.570258816999967, 0.0 ], [ 119.076516906000052, -9.570192298999928, 0.0 ], [ 119.076320201000044, -9.57020191099997, 0.0 ], [ 119.076183013000104, -9.570214875999966, 0.0 ], [ 119.076073486000041, -9.570150144999957, 0.0 ], [ 119.075854235000065, -9.569825975999947, 0.0 ], [ 119.075709686000096, -9.569652313999939, 0.0 ], [ 119.075580867000099, -9.569547986999964, 0.0 ], [ 119.075540825000076, -9.569540375999964, 0.0 ], [ 119.075307946000066, -9.569579874999931, 0.0 ], [ 119.075048203000051, -9.569513812999958, 0.0 ], [ 119.074809247000076, -9.569387357999972, 0.0 ], [ 119.074408891000076, -9.569105066999953, 0.0 ], [ 119.073771702000045, -9.56859759699995, 0.0 ], [ 119.073614792000058, -9.568516493999937, 0.0 ], [ 119.073276530000044, -9.568482457999949, 0.0 ], [ 119.072745499, -9.56861351799995, 0.0 ], [ 119.072076610000067, -9.568801719999954, 0.0 ], [ 119.071881953000116, -9.568818846999932, 0.0 ], [ 119.071718201000067, -9.568776177999951, 0.0 ], [ 119.071549921000042, -9.568654394999953, 0.0 ], [ 119.071401211000079, -9.568336832999933, 0.0 ], [ 119.071340189000011, -9.568223985999964, 0.0 ], [ 119.070945288000075, -9.568109383999968, 0.0 ], [ 119.070412271, -9.567954661999977, 0.0 ], [ 119.070118922, -9.567869520999977, 0.0 ], [ 119.069971870000018, -9.567787501999931, 0.0 ], [ 119.069700450000028, -9.567249736999941, 0.0 ], [ 119.06964696700004, -9.567181249999976, 0.0 ], [ 119.069495386000085, -9.567153489999953, 0.0 ], [ 119.069089058000031, -9.567370315999938, 0.0 ], [ 119.068933887000071, -9.567410940999935, 0.0 ], [ 119.068713670000079, -9.567373369999927, 0.0 ], [ 119.068545161000088, -9.567261225999971, 0.0 ], [ 119.068509230000018, -9.567155829999933, 0.0 ], [ 119.068404547000114, -9.567090379999968, 0.0 ], [ 119.068228090000048, -9.566991264999956, 0.0 ], [ 119.067444360000081, -9.566674041999931, 0.0 ], [ 119.067242453000063, -9.566664816999946, 0.0 ], [ 119.066967720000093, -9.566711736999935, 0.0 ], [ 119.066634902000033, -9.566735754999968, 0.0 ], [ 119.066119282000045, -9.566707708999957, 0.0 ], [ 119.065871374000039, -9.566621051999959, 0.0 ], [ 119.065589701000022, -9.566450471999929, 0.0 ], [ 119.06524059100002, -9.566289360999974, 0.0 ], [ 119.064945953, -9.566360533999955, 0.0 ], [ 119.064570983000067, -9.566405944999929, 0.0 ], [ 119.064512892000039, -9.566315706999944, 0.0 ], [ 119.064480013000093, -9.566250983999964, 0.0 ], [ 119.064424030000055, -9.566140674999929, 0.0 ], [ 119.064299174000098, -9.566031455999962, 0.0 ], [ 119.064076236, -9.56599061199995, 0.0 ], [ 119.063889662000065, -9.566024844999959, 0.0 ], [ 119.063503278000098, -9.566174156999978, 0.0 ], [ 119.063203297000086, -9.566345458999933, 0.0 ], [ 119.06281518500009, -9.566518241999972, 0.0 ], [ 119.062223753000012, -9.566671156999973, 0.0 ], [ 119.061696341000015, -9.566725391999967, 0.0 ], [ 119.061386637000055, -9.56677248799997, 0.0 ], [ 119.06076671400001, -9.56687661199993, 0.0 ], [ 119.0607010330001, -9.566853672999969, 0.0 ], [ 119.060567298000024, -9.566806895999946, 0.0 ], [ 119.059844782000027, -9.566356645999974, 0.0 ], [ 119.059340703000089, -9.565949176999936, 0.0 ], [ 119.059030889000041, -9.565716939999959, 0.0 ], [ 119.058389891000047, -9.565236379999931, 0.0 ], [ 119.058037213000034, -9.564946536999969, 0.0 ], [ 119.05781343600006, -9.56467853099997, 0.0 ], [ 119.057796206000035, -9.56465486299993, 0.0 ], [ 119.057524955000076, -9.564282406999951, 0.0 ], [ 119.057091796, -9.563877614999967, 0.0 ], [ 119.056792293000058, -9.56370660999994, 0.0 ], [ 119.056631555000081, -9.563675280999973, 0.0 ], [ 119.056524372000013, -9.563540829999965, 0.0 ], [ 119.056491015, -9.563432533999958, 0.0 ], [ 119.056520797000076, -9.56327900499997, 0.0 ], [ 119.056555547000016, -9.563042579999944, 0.0 ], [ 119.056492981000019, -9.562852686999975, 0.0 ], [ 119.056400781000093, -9.562673614999937, 0.0 ], [ 119.056234317000076, -9.562572159999945, 0.0 ], [ 119.056021514, -9.56259306499993, 0.0 ], [ 119.05583462300001, -9.562670689999948, 0.0 ], [ 119.05541421800001, -9.562899952999942, 0.0 ], [ 119.055285758000082, -9.562815442999977, 0.0 ], [ 119.055215575000034, -9.56268780299996, 0.0 ], [ 119.055089292000048, -9.561264336999955, 0.0 ], [ 119.055157673000053, -9.560914001999947, 0.0 ], [ 119.055132258000071, -9.560857365999937, 0.0 ], [ 119.055095712000025, -9.560686259999954, 0.0 ], [ 119.055020984000066, -9.560639459999948, 0.0 ], [ 119.05500960300003, -9.560639705999961, 0.0 ], [ 119.055119375000118, -9.560343801999977, 0.0 ], [ 119.055162317000054, -9.559890283999948, 0.0 ], [ 119.05502260500009, -9.55943784699997, 0.0 ], [ 119.055387098000097, -9.559299710999937, 0.0 ], [ 119.055749414000047, -9.55879897799997, 0.0 ], [ 119.055698851000102, -9.557983401999934, 0.0 ], [ 119.055239495000023, -9.557532854999977, 0.0 ], [ 119.054917402000115, -9.55712682199993, 0.0 ], [ 119.05492752300006, -9.556936736999944, 0.0 ], [ 119.054958441000053, -9.55635603099995, 0.0 ], [ 119.054978182000013, -9.556325146999939, 0.0 ], [ 119.055365602000052, -9.555719053999951, 0.0 ], [ 119.055267091000019, -9.55557768999995, 0.0 ], [ 119.054075884000099, -9.553868293999926, 0.0 ], [ 119.053863026000045, -9.553652882999927, 0.0 ], [ 119.053430248000041, -9.553214913999966, 0.0 ], [ 119.051181468000095, -9.550939160999974, 0.0 ], [ 119.049227965000114, -9.548716700999933, 0.0 ], [ 119.049025114000074, -9.548850149999964, 0.0 ] ] ], [ [ [ 119.158114348000026, -9.437874876999956, 0.0 ], [ 119.158052515, -9.438286583999968, 0.0 ], [ 119.157877450000115, -9.438682408999966, 0.0 ], [ 119.157979155000021, -9.438726676999977, 0.0 ], [ 119.158075796000048, -9.438781111999958, 0.0 ], [ 119.158119135000106, -9.43892746399996, 0.0 ], [ 119.158277080000062, -9.439174702999935, 0.0 ], [ 119.158444325000119, -9.439441512999963, 0.0 ], [ 119.158422709000092, -9.439538341999935, 0.0 ], [ 119.158337118000077, -9.439829946999964, 0.0 ], [ 119.158284619000028, -9.439892154999939, 0.0 ], [ 119.158134741000026, -9.440002270999969, 0.0 ], [ 119.158139733000098, -9.440088378999974, 0.0 ], [ 119.158198900000116, -9.440367306999974, 0.0 ], [ 119.158208771000091, -9.440678989999981, 0.0 ], [ 119.158078777000014, -9.441045953999947, 0.0 ], [ 119.158161802000109, -9.441204366999955, 0.0 ], [ 119.158198329000015, -9.441280056999972, 0.0 ], [ 119.158207240000024, -9.441527195999981, 0.0 ], [ 119.158146709000107, -9.441691367999965, 0.0 ], [ 119.158138241000074, -9.441776740999956, 0.0 ], [ 119.158226869000032, -9.442986214999962, 0.0 ], [ 119.158145023000088, -9.44369925999996, 0.0 ], [ 119.158074709000061, -9.444195443999945, 0.0 ], [ 119.158068456000024, -9.444239677999974, 0.0 ], [ 119.157940834000101, -9.444838038999933, 0.0 ], [ 119.157778455000084, -9.445529305999969, 0.0 ], [ 119.157590708000043, -9.446284567999953, 0.0 ], [ 119.157421618000058, -9.446937552999941, 0.0 ], [ 119.157338609000021, -9.447484442999951, 0.0 ], [ 119.156561864000082, -9.44956336499996, 0.0 ], [ 119.156003956000063, -9.450286177999942, 0.0 ], [ 119.155158525000047, -9.451311211999951, 0.0 ], [ 119.153741454000055, -9.452931430999968, 0.0 ], [ 119.152734791000057, -9.453916146999973, 0.0 ], [ 119.151858339000114, -9.454647518999934, 0.0 ], [ 119.150168548000011, -9.455486803999975, 0.0 ], [ 119.147672775000046, -9.456568241999946, 0.0 ], [ 119.144841869000061, -9.457578430999945, 0.0 ], [ 119.142243086, -9.458660524999971, 0.0 ], [ 119.141062430000034, -9.459154431999934, 0.0 ], [ 119.13988177300007, -9.459648337999965, 0.0 ], [ 119.137219315000038, -9.460832985999957, 0.0 ], [ 119.13570289200004, -9.461632769999937, 0.0 ], [ 119.137168740000106, -9.438593794999974, 0.0 ], [ 119.137016136000057, -9.438084089999961, 0.0 ], [ 119.136825780000095, -9.437427358999969, 0.0 ], [ 119.136578316000055, -9.436837251999975, 0.0 ], [ 119.136426030000052, -9.436599305999948, 0.0 ], [ 119.13639747700006, -9.436399431999973, 0.0 ], [ 119.136340369000095, -9.436075824999932, 0.0 ], [ 119.136302298000032, -9.435894985999937, 0.0 ], [ 119.136302298000032, -9.435752217999948, 0.0 ], [ 119.136188084000082, -9.435438128999976, 0.0 ], [ 119.135997727000017, -9.435219218999976, 0.0 ], [ 119.135769299000117, -9.434981272999948, 0.0 ], [ 119.135597978000078, -9.434743326999978, 0.0 ], [ 119.135379067000031, -9.434295987999974, 0.0 ], [ 119.135226782000018, -9.433801059999951, 0.0 ], [ 119.135084014000086, -9.433391792999942, 0.0 ], [ 119.134931729000073, -9.433039632999964, 0.0 ], [ 119.134741372, -9.432649400999935, 0.0 ], [ 119.134598604000075, -9.432440008999947, 0.0 ], [ 119.134455836000029, -9.431859419999967, 0.0 ], [ 119.134379694000017, -9.431412080999962, 0.0 ], [ 119.134265480000067, -9.430898117999959, 0.0 ], [ 119.134132230000091, -9.430422225999962, 0.0 ], [ 119.133799105000094, -9.429717904999961, 0.0 ], [ 119.133504052000035, -9.428946959999962, 0.0 ], [ 119.133247070000039, -9.428347335999945, 0.0 ], [ 119.13308526700007, -9.42804276499993, 0.0 ], [ 119.132856839000056, -9.427776264999977, 0.0 ], [ 119.132599857000059, -9.427576389999956, 0.0 ], [ 119.132409500000108, -9.427433622999956, 0.0 ], [ 119.132342875000063, -9.427271818999941, 0.0 ], [ 119.132314321000081, -9.427033872999971, 0.0 ], [ 119.132295286000044, -9.426719783999943, 0.0 ], [ 119.132285768000088, -9.426396177999948, 0.0 ], [ 119.132266732000062, -9.426024981999944, 0.0 ], [ 119.132228661000113, -9.425606196999979, 0.0 ], [ 119.132266732000062, -9.42521596499995, 0.0 ], [ 119.132333357000107, -9.424901875999979, 0.0 ], [ 119.132342875000063, -9.424511643999949, 0.0 ], [ 119.132352393000019, -9.424159483999972, 0.0 ], [ 119.132352393000019, -9.423636002999956, 0.0 ], [ 119.132342875000063, -9.423188663999952, 0.0 ], [ 119.132361911000089, -9.422693735999928, 0.0 ], [ 119.132371429000045, -9.422408200999939, 0.0 ], [ 119.132333357000107, -9.422160736999956, 0.0 ], [ 119.132114447000049, -9.42154207699997, 0.0 ], [ 119.131781322000052, -9.420942452999952, 0.0 ], [ 119.131638555000109, -9.420675952999943, 0.0 ], [ 119.13146723300008, -9.420371381999928, 0.0 ], [ 119.131257841000092, -9.420057292999957, 0.0 ], [ 119.13121976900004, -9.419866936999938, 0.0 ], [ 119.131143627000029, -9.419352972999945, 0.0 ], [ 119.131077002000097, -9.419057919999943, 0.0 ], [ 119.131086520000053, -9.418762866999941, 0.0 ], [ 119.131086520000053, -9.418429741999944, 0.0 ], [ 119.131048448000115, -9.418096617999936, 0.0 ], [ 119.130991341000026, -9.417544582999938, 0.0 ], [ 119.130972305000114, -9.417097243999933, 0.0 ], [ 119.130953270000077, -9.416573762999974, 0.0 ], [ 119.130905681000058, -9.416335815999958, 0.0 ], [ 119.130848573000094, -9.415993173999937, 0.0 ], [ 119.13073435900003, -9.415412585999945, 0.0 ], [ 119.130582074000017, -9.415117531999954, 0.0 ], [ 119.130410753000092, -9.414603568999951, 0.0 ], [ 119.130315574000065, -9.414308515999949, 0.0 ], [ 119.130267985000046, -9.413975390999951, 0.0 ], [ 119.13025846700009, -9.413689855999962, 0.0 ], [ 119.130153771000096, -9.413432873999966, 0.0 ], [ 119.130001485000093, -9.413232998999945, 0.0 ], [ 119.129820646000098, -9.413004570999931, 0.0 ], [ 119.129677879000042, -9.412766624999961, 0.0 ], [ 119.129401861000019, -9.412138446999961, 0.0 ], [ 119.129192469000031, -9.411938572999929, 0.0 ], [ 119.128821273000085, -9.411729179999952, 0.0 ], [ 119.12851670200007, -9.411567376999926, 0.0 ], [ 119.128288273000067, -9.411415090999981, 0.0 ], [ 119.128097917000105, -9.41121521599996, 0.0 ], [ 119.127926595000076, -9.410986787999946, 0.0 ], [ 119.127679131000036, -9.41080594899995, 0.0 ], [ 119.127469739000048, -9.410663180999961, 0.0 ], [ 119.127260346000071, -9.41046330699993, 0.0 ], [ 119.127127096000095, -9.410453788999973, 0.0 ], [ 119.126993847000108, -9.410539448999941, 0.0 ], [ 119.126698794000049, -9.410767877999945, 0.0 ], [ 119.126365669000052, -9.410901127999978, 0.0 ], [ 119.126143913000078, -9.410911455999951, 0.0 ], [ 119.125803218000101, -9.410901254999942, 0.0 ], [ 119.125556367000058, -9.41098489899997, 0.0 ], [ 119.125319717000025, -9.411109344999943, 0.0 ], [ 119.125178950000077, -9.411170546999927, 0.0 ], [ 119.125097347000064, -9.411180747999936, 0.0 ], [ 119.125026696000077, -9.411152791999939, 0.0 ], [ 119.124950553000076, -9.411019541999963, 0.0 ], [ 119.124750678000055, -9.410619791999977, 0.0 ], [ 119.124645982000061, -9.410324738999975, 0.0 ], [ 119.124645982000061, -9.410029685999973, 0.0 ], [ 119.124607911000112, -9.409553793999976, 0.0 ], [ 119.124503215000118, -9.409087419999935, 0.0 ], [ 119.124389, -9.408392616999947, 0.0 ], [ 119.124389, -9.408088045999932, 0.0 ], [ 119.124379483000098, -9.407812027999967, 0.0 ], [ 119.124217679000026, -9.407488421999972, 0.0 ], [ 119.124004876000072, -9.407036289999951, 0.0 ], [ 119.12368468000011, -9.406412904999968, 0.0 ], [ 119.123503841000115, -9.405927494999958, 0.0 ], [ 119.12331348400005, -9.405565816999967, 0.0 ], [ 119.123123127000099, -9.405375459999959, 0.0 ], [ 119.122989877, -9.405194620999964, 0.0 ], [ 119.121636943000112, -9.404019601999948, 0.0 ], [ 119.121506296, -9.403853161999962, 0.0 ], [ 119.122100010000054, -9.403348747999928, 0.0 ], [ 119.122761105000109, -9.402912565999941, 0.0 ], [ 119.123000660000116, -9.402759129999936, 0.0 ], [ 119.123260942000115, -9.402688533999935, 0.0 ], [ 119.123483330000113, -9.402611942999954, 0.0 ], [ 119.123723326000118, -9.402482303999932, 0.0 ], [ 119.123881431000086, -9.402343663999943, 0.0 ], [ 119.123978476000048, -9.402386239999942, 0.0 ], [ 119.124142726000059, -9.402475296999967, 0.0 ], [ 119.124352799, -9.402465258999939, 0.0 ], [ 119.12451425800009, -9.402399424999942, 0.0 ], [ 119.124708813000098, -9.402303313999937, 0.0 ], [ 119.124999168000045, -9.402214021999953, 0.0 ], [ 119.125100104000012, -9.402182983999978, 0.0 ], [ 119.125632498000073, -9.40217995699993, 0.0 ], [ 119.126225975000011, -9.402056332999962, 0.0 ], [ 119.12689754400003, -9.401773068999944, 0.0 ], [ 119.127322818000039, -9.401597592999963, 0.0 ], [ 119.127531550000072, -9.401371566999956, 0.0 ], [ 119.128168243000118, -9.400842378999926, 0.0 ], [ 119.128359955000064, -9.400537132999943, 0.0 ], [ 119.128503426000066, -9.40054033399997, 0.0 ], [ 119.128659425000023, -9.400500028999943, 0.0 ], [ 119.128827019000028, -9.400349474999928, 0.0 ], [ 119.129086697000048, -9.40008968199993, 0.0 ], [ 119.129377793000117, -9.399912382999958, 0.0 ], [ 119.129513582000072, -9.39975159599993, 0.0 ], [ 119.129778050000027, -9.399459391999926, 0.0 ], [ 119.130091332, -9.399510049999947, 0.0 ], [ 119.130200274000117, -9.399445281999931, 0.0 ], [ 119.130279011000084, -9.399334512999928, 0.0 ], [ 119.130447790000062, -9.39902503999997, 0.0 ], [ 119.130666532000077, -9.398883972999954, 0.0 ], [ 119.130854683000052, -9.398798645999932, 0.0 ], [ 119.130968119000045, -9.39874687899993, 0.0 ], [ 119.131002270000067, -9.398729268999944, 0.0 ], [ 119.131100958000047, -9.398645852999948, 0.0 ], [ 119.131308100000069, -9.398465786999964, 0.0 ], [ 119.131501205000063, -9.398356332999981, 0.0 ], [ 119.131754882000109, -9.398269347999928, 0.0 ], [ 119.132241720000025, -9.398112966999975, 0.0 ], [ 119.132482669000069, -9.397975095999925, 0.0 ], [ 119.132748460000016, -9.397847763999948, 0.0 ], [ 119.132828392000079, -9.397827031999952, 0.0 ], [ 119.141286169000068, -9.405241896999939, 0.0 ], [ 119.141602725000098, -9.406159376999938, 0.0 ], [ 119.141772255000092, -9.406650677999949, 0.0 ], [ 119.141917551, -9.407350889999975, 0.0 ], [ 119.141696554000077, -9.407465851999973, 0.0 ], [ 119.141358671000035, -9.40767524499995, 0.0 ], [ 119.141154037000092, -9.407832288999941, 0.0 ], [ 119.141092171000082, -9.407951261999926, 0.0 ], [ 119.141073135000056, -9.408113064999952, 0.0 ], [ 119.141073135000056, -9.408246314999928, 0.0 ], [ 119.141030305000072, -9.408379564999962, 0.0 ], [ 119.140963680000027, -9.408469984999954, 0.0 ], [ 119.140782841000032, -9.408636546999958, 0.0 ], [ 119.140559172000053, -9.408765037999956, 0.0 ], [ 119.14039260900006, -9.408879251999963, 0.0 ], [ 119.140283154000031, -9.409007742999961, 0.0 ], [ 119.140149904000054, -9.409136233999959, 0.0 ], [ 119.140002378000077, -9.409259965999979, 0.0 ], [ 119.139873887000022, -9.40941700999997, 0.0 ], [ 119.139773950000063, -9.409497911999949, 0.0 ], [ 119.139773950000063, -9.40963592099996, 0.0 ], [ 119.139854851000109, -9.409892901999967, 0.0 ], [ 119.139904820000083, -9.410046377999947, 0.0 ], [ 119.140076141, -9.410139176999962, 0.0 ], [ 119.14016180200008, -9.410253390999969, 0.0 ], [ 119.140190355000072, -9.410417572999961, 0.0 ], [ 119.140176078000081, -9.410624586999973, 0.0 ], [ 119.140168940000081, -9.410938674999954, 0.0 ], [ 119.140218909000055, -9.411209933999942, 0.0 ], [ 119.140375953000103, -9.411424084999965, 0.0 ], [ 119.140554413000018, -9.411688205999951, 0.0 ], [ 119.140711457000066, -9.411916633999965, 0.0 ], [ 119.141039823000028, -9.412180753999962, 0.0 ], [ 119.141225421000058, -9.412416320999967, 0.0 ], [ 119.141475264000064, -9.412758962999931, 0.0 ], [ 119.141760800000043, -9.412973114999943, 0.0 ], [ 119.142053473000033, -9.413180127999965, 0.0 ], [ 119.142181964000088, -9.413287202999982, 0.0 ], [ 119.142253348000054, -9.413537046999977, 0.0 ], [ 119.14238897700011, -9.413836858999957, 0.0 ], [ 119.142524606000052, -9.41405100999998, 0.0 ], [ 119.142631682000115, -9.41420805499996, 0.0 ], [ 119.142660236000097, -9.414365098999951, 0.0 ], [ 119.142488915000058, -9.414422205999927, 0.0 ], [ 119.142346147000012, -9.414536419999934, 0.0 ], [ 119.14220337900008, -9.414786263999929, 0.0 ], [ 119.142053473000033, -9.41513604499994, 0.0 ], [ 119.141875014000107, -9.415864159999956, 0.0 ], [ 119.141789353000036, -9.416299600999935, 0.0 ], [ 119.141810768000028, -9.416549443999941, 0.0 ], [ 119.14191070600009, -9.416763595999953, 0.0 ], [ 119.142124857000113, -9.417049130999942, 0.0 ], [ 119.142267625000045, -9.417270420999955, 0.0 ], [ 119.142260486000055, -9.417413188999944, 0.0 ], [ 119.142231933000062, -9.417641616999958, 0.0 ], [ 119.142174826000087, -9.417891459999964, 0.0 ], [ 119.14221051800007, -9.418176995999943, 0.0 ], [ 119.14232473200002, -9.418448253999941, 0.0 ], [ 119.14251033000005, -9.418669543999954, 0.0 ], [ 119.142717343000072, -9.418869418999975, 0.0 ], [ 119.143195615000081, -9.419140676999973, 0.0 ], [ 119.143502565000063, -9.419383382999968, 0.0 ], [ 119.143623917000014, -9.419483319999927, 0.0 ], [ 119.143681025000092, -9.419676055999957, 0.0 ], [ 119.14365960900011, -9.41989020799997, 0.0 ], [ 119.143602502000022, -9.420504108999978, 0.0 ], [ 119.143688163000093, -9.420818197999949, 0.0 ], [ 119.143802377000043, -9.421025210999971, 0.0 ], [ 119.144159296000112, -9.421296468999969, 0.0 ], [ 119.144573322000042, -9.421524896999927, 0.0 ], [ 119.144794612000055, -9.421739048999939, 0.0 ], [ 119.144965933000094, -9.422003168999936, 0.0 ], [ 119.145201500000098, -9.422495717999936, 0.0 ], [ 119.145529866000061, -9.422981127999947, 0.0 ], [ 119.145665495000117, -9.42350222999994, 0.0 ], [ 119.145608388000028, -9.42383059499997, 0.0 ], [ 119.145651218000012, -9.424194652999972, 0.0 ], [ 119.145716891, -9.424559423999938, 0.0 ], [ 119.145812070000034, -9.424825923999947, 0.0 ], [ 119.14595483700009, -9.424968690999947, 0.0 ], [ 119.146202301000017, -9.425225672999943, 0.0 ], [ 119.146583015000033, -9.425416029999951, 0.0 ], [ 119.146992282000042, -9.425720600999966, 0.0 ], [ 119.147296853000057, -9.426025171999981, 0.0 ], [ 119.147449139000059, -9.426405885999941, 0.0 ], [ 119.147610942000028, -9.426739009999949, 0.0 ], [ 119.147791781000024, -9.427195866999966, 0.0 ], [ 119.148134424000091, -9.427747901999965, 0.0 ], [ 119.148505620000037, -9.428366561999951, 0.0 ], [ 119.148943441000029, -9.428861489999974, 0.0 ], [ 119.149076690000015, -9.428871006999941, 0.0 ], [ 119.149200422000035, -9.428928113999973, 0.0 ], [ 119.149781011000073, -9.429470631999948, 0.0 ], [ 119.150076064000018, -9.429670505999979, 0.0 ], [ 119.150314010000102, -9.429746648999981, 0.0 ], [ 119.150475813000071, -9.429870380999944, 0.0 ], [ 119.150732795000067, -9.430232058999934, 0.0 ], [ 119.150961223000081, -9.430641325999943, 0.0 ], [ 119.151199170000041, -9.431003003999933, 0.0 ], [ 119.15160843700005, -9.431469378999964, 0.0 ], [ 119.15182457100002, -9.43158438599994, 0.0 ], [ 119.152235028000064, -9.431667666999942, 0.0 ], [ 119.152758510000012, -9.43176284599997, 0.0 ], [ 119.15309163400002, -9.431733101999953, 0.0 ], [ 119.153377170000113, -9.431655769999963, 0.0 ], [ 119.153686499000059, -9.431602231999932, 0.0 ], [ 119.154043419000118, -9.431536796999978, 0.0 ], [ 119.154227827000113, -9.431608180999945, 0.0 ], [ 119.154483619000075, -9.431691461999947, 0.0 ], [ 119.15470966800001, -9.431822331999967, 0.0 ], [ 119.154894076000119, -9.432101918999933, 0.0 ], [ 119.155054690000043, -9.432310121999933, 0.0 ], [ 119.155221252000047, -9.432714629999964, 0.0 ], [ 119.155346173000112, -9.433261905999927, 0.0 ], [ 119.155471095000053, -9.433737797999981, 0.0 ], [ 119.155578171000116, -9.434047127999975, 0.0 ], [ 119.156331990000012, -9.434873358999937, 0.0 ], [ 119.156335390000095, -9.434960807999971, 0.0 ], [ 119.156426990000114, -9.435186771999952, 0.0 ], [ 119.156642421000015, -9.435620405999941, 0.0 ], [ 119.156852639000022, -9.436268621999943, 0.0 ], [ 119.156981921000011, -9.43657858399996, 0.0 ], [ 119.15708964800001, -9.436612801999956, 0.0 ], [ 119.157266241000116, -9.436669399999971, 0.0 ], [ 119.1574234630001, -9.436776622999957, 0.0 ], [ 119.157533575000116, -9.436859282999933, 0.0 ], [ 119.157685739000044, -9.436896680999951, 0.0 ], [ 119.157833393000033, -9.43696977899998, 0.0 ], [ 119.157935451000071, -9.437089211999933, 0.0 ], [ 119.157941800000117, -9.437158402999955, 0.0 ], [ 119.157868115000042, -9.437282509999932, 0.0 ], [ 119.15785057700009, -9.437375075999967, 0.0 ], [ 119.157891421000045, -9.437471081999945, 0.0 ], [ 119.158140803000038, -9.437698904999934, 0.0 ], [ 119.158114348000026, -9.437874876999956, 0.0 ] ] ] ] } },
{ "type": "Feature", "properties": { "nm_kecamatan": "Kota Tambolaka" }, "geometry": { "type": "MultiPolygon", "coordinates": [ [ [ [ 119.131820923000078, -9.464196582999932, 0.0 ], [ 119.130883677000043, -9.464982696999925, 0.0 ], [ 119.129912110000078, -9.465928740999971, 0.0 ], [ 119.128683830000114, -9.467442073999962, 0.0 ], [ 119.127933489000043, -9.468731680999952, 0.0 ], [ 119.127700225000012, -9.469163651999963, 0.0 ], [ 119.127041492000103, -9.470383584999979, 0.0 ], [ 119.126167778000081, -9.472008782999978, 0.0 ], [ 119.125772330000018, -9.473018336999928, 0.0 ], [ 119.12541408800007, -9.473787616999971, 0.0 ], [ 119.125398555000061, -9.473832186999971, 0.0 ], [ 119.125022806000061, -9.472786823999968, 0.0 ], [ 119.124262131000023, -9.470670564999978, 0.0 ], [ 119.123900174000028, -9.469663571999945, 0.0 ], [ 119.124118566000107, -9.466212980999956, 0.0 ], [ 119.124104721000094, -9.463959023999962, 0.0 ], [ 119.124100905000091, -9.46333784899997, 0.0 ], [ 119.124091535000048, -9.461812352999971, 0.0 ], [ 119.123455510000099, -9.460949108999955, 0.0 ], [ 119.122983074000103, -9.459908781999957, 0.0 ], [ 119.122595231000105, -9.459781497999927, 0.0 ], [ 119.122320982000019, -9.459691493999969, 0.0 ], [ 119.121341703000098, -9.459600327999965, 0.0 ], [ 119.120422183000073, -9.459381158999975, 0.0 ], [ 119.119572209000012, -9.45888214799993, 0.0 ], [ 119.119064685000012, -9.458384079999973, 0.0 ], [ 119.118931435000036, -9.457984330999977, 0.0 ], [ 119.118865485000015, -9.457032372999947, 0.0 ], [ 119.118666709000081, -9.456254936999926, 0.0 ], [ 119.115456857000027, -9.452881575999982, 0.0 ], [ 119.115434819000029, -9.45285841599997, 0.0 ], [ 119.115290802000118, -9.452707062999934, 0.0 ], [ 119.112633689000063, -9.449154820999979, 0.0 ], [ 119.112075888000049, -9.447392858999933, 0.0 ], [ 119.112032175000081, -9.447254778999934, 0.0 ], [ 119.111656540000013, -9.446068220999962, 0.0 ], [ 119.109227515000043, -9.440611497999953, 0.0 ], [ 119.109190649000084, -9.440495554999927, 0.0 ], [ 119.108780608000075, -9.439205981999976, 0.0 ], [ 119.1076423290001, -9.435626063999962, 0.0 ], [ 119.107356358000061, -9.43472666599996, 0.0 ], [ 119.107151429000055, -9.434082150999927, 0.0 ], [ 119.10659940000005, -9.43290498999994, 0.0 ], [ 119.10544070900005, -9.432149961999926, 0.0 ], [ 119.105212834000099, -9.431812719999925, 0.0 ], [ 119.104837024000062, -9.431256540999925, 0.0 ], [ 119.101975897000102, -9.428165815999932, 0.0 ], [ 119.097238658000038, -9.422008827999946, 0.0 ], [ 119.099252710000087, -9.421849508999969, 0.0 ], [ 119.100363135000066, -9.421655580999982, 0.0 ], [ 119.100861161000012, -9.421564663999959, 0.0 ], [ 119.10132619400008, -9.421469692999949, 0.0 ], [ 119.101620070000081, -9.421349726999949, 0.0 ], [ 119.101760129000013, -9.421256140999958, 0.0 ], [ 119.101799916000118, -9.42124698899994, 0.0 ], [ 119.102190268000072, -9.421092079999937, 0.0 ], [ 119.102647473000047, -9.42083058999998, 0.0 ], [ 119.104357164000021, -9.419758411999965, 0.0 ], [ 119.104681907000099, -9.419558579999944, 0.0 ], [ 119.10521578800001, -9.419076878999931, 0.0 ], [ 119.105422467000039, -9.418900839999935, 0.0 ], [ 119.106815437000023, -9.417728083999975, 0.0 ], [ 119.107057768000118, -9.417525627999964, 0.0 ], [ 119.10797784600004, -9.416900790999932, 0.0 ], [ 119.108210733000078, -9.416740268999945, 0.0 ], [ 119.108874257000025, -9.416275207999945, 0.0 ], [ 119.108954613000037, -9.416202486999964, 0.0 ], [ 119.109334765000085, -9.415858425999943, 0.0 ], [ 119.109614522000015, -9.415482665999946, 0.0 ], [ 119.109964629000046, -9.414950569999974, 0.0 ], [ 119.110252001000049, -9.41453738499996, 0.0 ], [ 119.110497814000041, -9.414310292999971, 0.0 ], [ 119.110693085000094, -9.414086232999978, 0.0 ], [ 119.110983495000028, -9.413641459999951, 0.0 ], [ 119.111358221000046, -9.413313614999936, 0.0 ], [ 119.111641830000053, -9.412956131999977, 0.0 ], [ 119.111708441000019, -9.412780087999977, 0.0 ], [ 119.111851548000118, -9.412433155999963, 0.0 ], [ 119.112223568000104, -9.41183886999994, 0.0 ], [ 119.112576514000011, -9.411392409999962, 0.0 ], [ 119.112626890000115, -9.411357144999954, 0.0 ], [ 119.112661987000024, -9.411282637999932, 0.0 ], [ 119.112780477000115, -9.411013399999945, 0.0 ], [ 119.11290839600008, -9.410837994999952, 0.0 ], [ 119.113086575000011, -9.410721385999977, 0.0 ], [ 119.113376956000025, -9.410571366999932, 0.0 ], [ 119.113555691000101, -9.410401655999976, 0.0 ], [ 119.113719488000015, -9.410202031999972, 0.0 ], [ 119.113787983000066, -9.41000747399994, 0.0 ], [ 119.113921241000071, -9.40914162699994, 0.0 ], [ 119.11404751300006, -9.408980711999959, 0.0 ], [ 119.114388814000108, -9.408739926999942, 0.0 ], [ 119.114933892000067, -9.408557128999973, 0.0 ], [ 119.115311525000038, -9.408464974999958, 0.0 ], [ 119.116221872000096, -9.407816889999935, 0.0 ], [ 119.11635608600011, -9.40779039399996, 0.0 ], [ 119.116752614, -9.407797969999933, 0.0 ], [ 119.116946553000048, -9.407666111999959, 0.0 ], [ 119.117123224000011, -9.407478473999959, 0.0 ], [ 119.117449301000079, -9.407101441999941, 0.0 ], [ 119.117709271000081, -9.40694790799995, 0.0 ], [ 119.117864133000012, -9.406892554999956, 0.0 ], [ 119.118181556000081, -9.406755729999929, 0.0 ], [ 119.118481527000085, -9.406567493999944, 0.0 ], [ 119.119216961, -9.406040652999934, 0.0 ], [ 119.120377053000084, -9.404901851999966, 0.0 ], [ 119.120454412000072, -9.404792448999956, 0.0 ], [ 119.120477483000059, -9.404781168999932, 0.0 ], [ 119.120709118000036, -9.404533178999941, 0.0 ], [ 119.121506296, -9.403853161999962, 0.0 ], [ 119.121636943000112, -9.404019601999948, 0.0 ], [ 119.122989877, -9.405194620999964, 0.0 ], [ 119.123123127000099, -9.405375459999959, 0.0 ], [ 119.12331348400005, -9.405565816999967, 0.0 ], [ 119.123503841000115, -9.405927494999958, 0.0 ], [ 119.12368468000011, -9.406412904999968, 0.0 ], [ 119.124004876000072, -9.407036289999951, 0.0 ], [ 119.124217679000026, -9.407488421999972, 0.0 ], [ 119.124379483000098, -9.407812027999967, 0.0 ], [ 119.124389, -9.408088045999932, 0.0 ], [ 119.124389, -9.408392616999947, 0.0 ], [ 119.124503215000118, -9.409087419999935, 0.0 ], [ 119.124607911000112, -9.409553793999976, 0.0 ], [ 119.124645982000061, -9.410029685999973, 0.0 ], [ 119.124645982000061, -9.410324738999975, 0.0 ], [ 119.124750678000055, -9.410619791999977, 0.0 ], [ 119.124950553000076, -9.411019541999963, 0.0 ], [ 119.125026696000077, -9.411152791999939, 0.0 ], [ 119.125097347000064, -9.411180747999936, 0.0 ], [ 119.125178950000077, -9.411170546999927, 0.0 ], [ 119.125319717000025, -9.411109344999943, 0.0 ], [ 119.125556367000058, -9.41098489899997, 0.0 ], [ 119.125803218000101, -9.410901254999942, 0.0 ], [ 119.126143913000078, -9.410911455999951, 0.0 ], [ 119.126365669000052, -9.410901127999978, 0.0 ], [ 119.126698794000049, -9.410767877999945, 0.0 ], [ 119.126993847000108, -9.410539448999941, 0.0 ], [ 119.127127096000095, -9.410453788999973, 0.0 ], [ 119.127260346000071, -9.41046330699993, 0.0 ], [ 119.127469739000048, -9.410663180999961, 0.0 ], [ 119.127679131000036, -9.41080594899995, 0.0 ], [ 119.127926595000076, -9.410986787999946, 0.0 ], [ 119.128097917000105, -9.41121521599996, 0.0 ], [ 119.128288273000067, -9.411415090999981, 0.0 ], [ 119.12851670200007, -9.411567376999926, 0.0 ], [ 119.128821273000085, -9.411729179999952, 0.0 ], [ 119.129192469000031, -9.411938572999929, 0.0 ], [ 119.129401861000019, -9.412138446999961, 0.0 ], [ 119.129677879000042, -9.412766624999961, 0.0 ], [ 119.129820646000098, -9.413004570999931, 0.0 ], [ 119.130001485000093, -9.413232998999945, 0.0 ], [ 119.130153771000096, -9.413432873999966, 0.0 ], [ 119.13025846700009, -9.413689855999962, 0.0 ], [ 119.130267985000046, -9.413975390999951, 0.0 ], [ 119.130315574000065, -9.414308515999949, 0.0 ], [ 119.130410753000092, -9.414603568999951, 0.0 ], [ 119.130582074000017, -9.415117531999954, 0.0 ], [ 119.13073435900003, -9.415412585999945, 0.0 ], [ 119.130848573000094, -9.415993173999937, 0.0 ], [ 119.130905681000058, -9.416335815999958, 0.0 ], [ 119.130953270000077, -9.416573762999974, 0.0 ], [ 119.130972305000114, -9.417097243999933, 0.0 ], [ 119.130991341000026, -9.417544582999938, 0.0 ], [ 119.131048448000115, -9.418096617999936, 0.0 ], [ 119.131086520000053, -9.418429741999944, 0.0 ], [ 119.131086520000053, -9.418762866999941, 0.0 ], [ 119.131077002000097, -9.419057919999943, 0.0 ], [ 119.131143627000029, -9.419352972999945, 0.0 ], [ 119.13121976900004, -9.419866936999938, 0.0 ], [ 119.131257841000092, -9.420057292999957, 0.0 ], [ 119.13146723300008, -9.420371381999928, 0.0 ], [ 119.131638555000109, -9.420675952999943, 0.0 ], [ 119.131781322000052, -9.420942452999952, 0.0 ], [ 119.132114447000049, -9.42154207699997, 0.0 ], [ 119.132333357000107, -9.422160736999956, 0.0 ], [ 119.132371429000045, -9.422408200999939, 0.0 ], [ 119.132361911000089, -9.422693735999928, 0.0 ], [ 119.132342875000063, -9.423188663999952, 0.0 ], [ 119.132352393000019, -9.423636002999956, 0.0 ], [ 119.132352393000019, -9.424159483999972, 0.0 ], [ 119.132342875000063, -9.424511643999949, 0.0 ], [ 119.132333357000107, -9.424901875999979, 0.0 ], [ 119.132266732000062, -9.42521596499995, 0.0 ], [ 119.132228661000113, -9.425606196999979, 0.0 ], [ 119.132266732000062, -9.426024981999944, 0.0 ], [ 119.132285768000088, -9.426396177999948, 0.0 ], [ 119.132295286000044, -9.426719783999943, 0.0 ], [ 119.132314321000081, -9.427033872999971, 0.0 ], [ 119.132342875000063, -9.427271818999941, 0.0 ], [ 119.132409500000108, -9.427433622999956, 0.0 ], [ 119.132599857000059, -9.427576389999956, 0.0 ], [ 119.132856839000056, -9.427776264999977, 0.0 ], [ 119.13308526700007, -9.42804276499993, 0.0 ], [ 119.133247070000039, -9.428347335999945, 0.0 ], [ 119.133504052000035, -9.428946959999962, 0.0 ], [ 119.133799105000094, -9.429717904999961, 0.0 ], [ 119.134132230000091, -9.430422225999962, 0.0 ], [ 119.134265480000067, -9.430898117999959, 0.0 ], [ 119.134379694000017, -9.431412080999962, 0.0 ], [ 119.134455836000029, -9.431859419999967, 0.0 ], [ 119.134598604000075, -9.432440008999947, 0.0 ], [ 119.134741372, -9.432649400999935, 0.0 ], [ 119.134931729000073, -9.433039632999964, 0.0 ], [ 119.135084014000086, -9.433391792999942, 0.0 ], [ 119.135226782000018, -9.433801059999951, 0.0 ], [ 119.135379067000031, -9.434295987999974, 0.0 ], [ 119.135597978000078, -9.434743326999978, 0.0 ], [ 119.135769299000117, -9.434981272999948, 0.0 ], [ 119.135997727000017, -9.435219218999976, 0.0 ], [ 119.136188084000082, -9.435438128999976, 0.0 ], [ 119.136302298000032, -9.435752217999948, 0.0 ], [ 119.136302298000032, -9.435894985999937, 0.0 ], [ 119.136340369000095, -9.436075824999932, 0.0 ], [ 119.13639747700006, -9.436399431999973, 0.0 ], [ 119.136426030000052, -9.436599305999948, 0.0 ], [ 119.136578316000055, -9.436837251999975, 0.0 ], [ 119.136825780000095, -9.437427358999969, 0.0 ], [ 119.137016136000057, -9.438084089999961, 0.0 ], [ 119.137168740000106, -9.438593794999974, 0.0 ], [ 119.13570289200004, -9.461632769999937, 0.0 ], [ 119.133892083000092, -9.462667708999959, 0.0 ], [ 119.132790706000037, -9.463451737999947, 0.0 ], [ 119.131820923000078, -9.464196582999932, 0.0 ] ] ], [ [ [ 119.21703375900006, -9.472297739999931, 0.0 ], [ 119.216595176000055, -9.472186711999939, 0.0 ], [ 119.216372472000103, -9.472073532999957, 0.0 ], [ 119.216014529000063, -9.471891625999945, 0.0 ], [ 119.214177414, -9.471026986999959, 0.0 ], [ 119.21406675500009, -9.470974904999935, 0.0 ], [ 119.212156560000039, -9.469381710999926, 0.0 ], [ 119.211611283000025, -9.468752053999935, 0.0 ], [ 119.210861287000057, -9.467861983999967, 0.0 ], [ 119.210462993000078, -9.46732781299994, 0.0 ], [ 119.210088168000084, -9.466867905999948, 0.0 ], [ 119.209906557000068, -9.466627989999949, 0.0 ], [ 119.209817505000046, -9.466460468999969, 0.0 ], [ 119.209523453000088, -9.465907281999932, 0.0 ], [ 119.20799149700008, -9.463025287999926, 0.0 ], [ 119.203689958000041, -9.46399224399994, 0.0 ], [ 119.203464335000035, -9.464039556999978, 0.0 ], [ 119.20276538600001, -9.464186121999944, 0.0 ], [ 119.200550302000011, -9.46465059999997, 0.0 ], [ 119.200252778000049, -9.464712977999966, 0.0 ], [ 119.199229428000081, -9.464927562999947, 0.0 ], [ 119.198582007000027, -9.465063304999944, 0.0 ], [ 119.198436874000095, -9.465093741999965, 0.0 ], [ 119.197698404000107, -9.465285496999968, 0.0 ], [ 119.196792552000034, -9.465524950999963, 0.0 ], [ 119.196628445000101, -9.465568327999961, 0.0 ], [ 119.196362114000067, -9.465632523999943, 0.0 ], [ 119.194626182000093, -9.465862079999965, 0.0 ], [ 119.193514398000048, -9.465881649999972, 0.0 ], [ 119.191875271000072, -9.465910493999957, 0.0 ], [ 119.188955207000049, -9.465701334999949, 0.0 ], [ 119.186381055000084, -9.465266054999972, 0.0 ], [ 119.186003913000036, -9.465165380999963, 0.0 ], [ 119.183524526000042, -9.464503585999978, 0.0 ], [ 119.183396794000032, -9.464457682999978, 0.0 ], [ 119.182351756000116, -9.46408250199994, 0.0 ], [ 119.180998437000085, -9.463591834999932, 0.0 ], [ 119.179070176000096, -9.462592773999972, 0.0 ], [ 119.177166551000028, -9.461427396999966, 0.0 ], [ 119.175750347000076, -9.46037331399998, 0.0 ], [ 119.175529618000041, -9.460209008999925, 0.0 ], [ 119.174646988000063, -9.459189676999927, 0.0 ], [ 119.174505320000094, -9.458964296999966, 0.0 ], [ 119.173969329000101, -9.458021992999932, 0.0 ], [ 119.173012048000032, -9.456463336999946, 0.0 ], [ 119.171678646000032, -9.454485524999939, 0.0 ], [ 119.169875870000055, -9.452127710999946, 0.0 ], [ 119.168372992000059, -9.450751737999951, 0.0 ], [ 119.166737742, -9.449756898999965, 0.0 ], [ 119.166164882000089, -9.449509798999941, 0.0 ], [ 119.165429214000028, -9.449192447999962, 0.0 ], [ 119.164588087000084, -9.448829617999934, 0.0 ], [ 119.163327195000079, -9.448444352999957, 0.0 ], [ 119.162237204, -9.448111302999962, 0.0 ], [ 119.162152201000026, -9.448100428999965, 0.0 ], [ 119.160741584000107, -9.447897857999976, 0.0 ], [ 119.159759503000032, -9.447782211999936, 0.0 ], [ 119.157338609000021, -9.447484442999951, 0.0 ], [ 119.157421618000058, -9.446937552999941, 0.0 ], [ 119.157590708000043, -9.446284567999953, 0.0 ], [ 119.157778455000084, -9.445529305999969, 0.0 ], [ 119.157940834000101, -9.444838038999933, 0.0 ], [ 119.158068456000024, -9.444239677999974, 0.0 ], [ 119.158074709000061, -9.444195443999945, 0.0 ], [ 119.158145023000088, -9.44369925999996, 0.0 ], [ 119.158226869000032, -9.442986214999962, 0.0 ], [ 119.158138241000074, -9.441776740999956, 0.0 ], [ 119.158146709000107, -9.441691367999965, 0.0 ], [ 119.158207240000024, -9.441527195999981, 0.0 ], [ 119.158198329000015, -9.441280056999972, 0.0 ], [ 119.158161802000109, -9.441204366999955, 0.0 ], [ 119.158078777000014, -9.441045953999947, 0.0 ], [ 119.158208771000091, -9.440678989999981, 0.0 ], [ 119.158198900000116, -9.440367306999974, 0.0 ], [ 119.158139733000098, -9.440088378999974, 0.0 ], [ 119.158134741000026, -9.440002270999969, 0.0 ], [ 119.158284619000028, -9.439892154999939, 0.0 ], [ 119.158337118000077, -9.439829946999964, 0.0 ], [ 119.158422709000092, -9.439538341999935, 0.0 ], [ 119.158444325000119, -9.439441512999963, 0.0 ], [ 119.158277080000062, -9.439174702999935, 0.0 ], [ 119.158119135000106, -9.43892746399996, 0.0 ], [ 119.158075796000048, -9.438781111999958, 0.0 ], [ 119.157979155000021, -9.438726676999977, 0.0 ], [ 119.157877450000115, -9.438682408999966, 0.0 ], [ 119.158052515, -9.438286583999968, 0.0 ], [ 119.158114348000026, -9.437874876999956, 0.0 ], [ 119.158140803000038, -9.437698904999934, 0.0 ], [ 119.157891421000045, -9.437471081999945, 0.0 ], [ 119.15785057700009, -9.437375075999967, 0.0 ], [ 119.157868115000042, -9.437282509999932, 0.0 ], [ 119.157941800000117, -9.437158402999955, 0.0 ], [ 119.173398459000055, -9.437646883999946, 0.0 ], [ 119.176037727000107, -9.433299098999953, 0.0 ], [ 119.175787461000027, -9.43281955499998, 0.0 ], [ 119.175455526000064, -9.43233414499997, 0.0 ], [ 119.174645319000092, -9.431309786999975, 0.0 ], [ 119.174092095000105, -9.430588809999961, 0.0 ], [ 119.173588839000104, -9.429964200999962, 0.0 ], [ 119.173060598, -9.429300331999968, 0.0 ], [ 119.172700110000051, -9.428782798999976, 0.0 ], [ 119.172243254000023, -9.428434207999942, 0.0 ], [ 119.17202910200001, -9.428303337999978, 0.0 ], [ 119.171517518000087, -9.428017801999943, 0.0 ], [ 119.170910755000023, -9.427684677999935, 0.0 ], [ 119.170934550000084, -9.426958941999942, 0.0 ], [ 119.170982139000103, -9.426387871999964, 0.0 ], [ 119.171053523000069, -9.425816800999939, 0.0 ], [ 119.170946447, -9.425614546999952, 0.0 ], [ 119.170827474000021, -9.425412292999965, 0.0 ], [ 119.170708501000036, -9.425091064999947, 0.0 ], [ 119.167841251000027, -9.422628322999969, 0.0 ], [ 119.168079197000111, -9.421581359999948, 0.0 ], [ 119.168400424000083, -9.420379731999958, 0.0 ], [ 119.168531294000104, -9.419915737999929, 0.0 ], [ 119.168674062000036, -9.419392255999981, 0.0 ], [ 119.168781138000099, -9.418904466999948, 0.0 ], [ 119.168876316000024, -9.418369087999963, 0.0 ], [ 119.168947700000103, -9.418000270999926, 0.0 ], [ 119.168543192000016, -9.417905092999945, 0.0 ], [ 119.167793661000019, -9.417905092999945, 0.0 ], [ 119.166889466000043, -9.417964579999932, 0.0 ], [ 119.166282704000082, -9.418000270999926, 0.0 ], [ 119.165818709000064, -9.418131141999936, 0.0 ], [ 119.164985897000065, -9.418404779999946, 0.0 ], [ 119.163772372000039, -9.418833082999981, 0.0 ], [ 119.162713512000096, -9.419225693999977, 0.0 ], [ 119.162142442000118, -9.419439844999943, 0.0 ], [ 119.161845009000103, -9.419475536999926, 0.0 ], [ 119.161607063000019, -9.419570715999953, 0.0 ], [ 119.161238246000039, -9.419725380999978, 0.0 ], [ 119.160928916000103, -9.419963326999948, 0.0 ], [ 119.160607689000017, -9.420236964999958, 0.0 ], [ 119.160403650000035, -9.420556406999935, 0.0 ], [ 119.160303713000076, -9.420884772999955, 0.0 ], [ 119.160061008000071, -9.421241691999967, 0.0 ], [ 119.159646982000027, -9.421669994999945, 0.0 ], [ 119.159190125, -9.42205546799994, 0.0 ], [ 119.158861760000036, -9.422341002999929, 0.0 ], [ 119.158476287000099, -9.422555154999941, 0.0 ], [ 119.158105091000039, -9.422983457999976, 0.0 ], [ 119.157933770000113, -9.423426036999956, 0.0 ], [ 119.157890940000016, -9.423640188999968, 0.0 ], [ 119.157029178000016, -9.423161123999932, 0.0 ], [ 119.155922729000054, -9.422578155999929, 0.0 ], [ 119.154923355000051, -9.421804830999974, 0.0 ], [ 119.153793111000027, -9.42081735499994, 0.0 ], [ 119.152341640000031, -9.419544342999927, 0.0 ], [ 119.151984721000076, -9.419246910999959, 0.0 ], [ 119.151806261000047, -9.419020861999968, 0.0 ], [ 119.151473137000039, -9.418366509999942, 0.0 ], [ 119.151140012000042, -9.417652671999974, 0.0 ], [ 119.150973450000038, -9.417224368999939, 0.0 ], [ 119.150735504000068, -9.416998319999948, 0.0 ], [ 119.151128115, -9.416462940999963, 0.0 ], [ 119.151485034000075, -9.415915664999943, 0.0 ], [ 119.151330369000107, -9.415261313999963, 0.0 ], [ 119.151258985000027, -9.414868701999978, 0.0 ], [ 119.151187601000061, -9.414630755999951, 0.0 ], [ 119.151021039000057, -9.413952609999967, 0.0 ], [ 119.150973450000038, -9.413512409999953, 0.0 ], [ 119.151009142000021, -9.412917543999981, 0.0 ], [ 119.151068628000075, -9.411787299999958, 0.0 ], [ 119.151080526000101, -9.411370894999948, 0.0 ], [ 119.151128115, -9.411121050999952, 0.0 ], [ 119.151187601000061, -9.410859310999967, 0.0 ], [ 119.151211396, -9.410121677999939, 0.0 ], [ 119.151485034000075, -9.408812973999943, 0.0 ], [ 119.151580212000113, -9.408325184999967, 0.0 ], [ 119.151544521, -9.40795636799993, 0.0 ], [ 119.151461239000014, -9.407635140999957, 0.0 ], [ 119.151437445000056, -9.40743288699997, 0.0 ], [ 119.151532623000094, -9.407278221999945, 0.0 ], [ 119.151675391000026, -9.407218734999958, 0.0 ], [ 119.151865748000091, -9.40715924899996, 0.0 ], [ 119.15197282400004, -9.407099761999973, 0.0 ], [ 119.152365435000092, -9.406623869999976, 0.0 ], [ 119.152710456000023, -9.406266950999964, 0.0 ], [ 119.153079273000117, -9.406005209999933, 0.0 ], [ 119.153222041000049, -9.405802955999945, 0.0 ], [ 119.153436192000072, -9.40568398299996, 0.0 ], [ 119.153614652000101, -9.405481728999973, 0.0 ], [ 119.153781214000105, -9.405255679999925, 0.0 ], [ 119.153947776000109, -9.404755992999981, 0.0 ], [ 119.153923982000038, -9.404173024999977, 0.0 ], [ 119.153769317000069, -9.403613851999978, 0.0 ], [ 119.153725913000017, -9.403439433999949, 0.0 ], [ 119.157490254000095, -9.403042846999938, 0.0 ], [ 119.158337864000032, -9.402953547999971, 0.0 ], [ 119.158725943000036, -9.402974447999952, 0.0 ], [ 119.159643008000103, -9.403023831999974, 0.0 ], [ 119.161977506000085, -9.403149544999962, 0.0 ], [ 119.162658657000065, -9.403186209999944, 0.0 ], [ 119.163057147000018, -9.403207662999932, 0.0 ], [ 119.165802178000035, -9.403355475999945, 0.0 ], [ 119.166241359000082, -9.403379128999973, 0.0 ], [ 119.166631972000118, -9.403400149999982, 0.0 ], [ 119.172186955000029, -9.404024460999949, 0.0 ], [ 119.175834897000072, -9.397609457999977, 0.0 ], [ 119.182462384000019, -9.393823100999953, 0.0 ], [ 119.182709848000059, -9.393727921999925, 0.0 ], [ 119.182681294000076, -9.392842762999976, 0.0 ], [ 119.184813291000069, -9.39269999499993, 0.0 ], [ 119.184794256000032, -9.390977265999936, 0.0 ], [ 119.186172876000114, -9.389001739999969, 0.0 ], [ 119.18607406700005, -9.388889702999961, 0.0 ], [ 119.1854744420001, -9.388275801999953, 0.0 ], [ 119.185117523000031, -9.387861775999966, 0.0 ], [ 119.184846265000033, -9.387427048999939, 0.0 ], [ 119.184550022000053, -9.387016591999952, 0.0 ], [ 119.184346578000032, -9.386670379999941, 0.0 ], [ 119.184250210000073, -9.38650619699996, 0.0 ], [ 119.184160980000115, -9.386274199999946, 0.0 ], [ 119.184089596000035, -9.386142139999947, 0.0 ], [ 119.183950398000093, -9.385981525999966, 0.0 ], [ 119.183693416000096, -9.385813773999928, 0.0 ], [ 119.183422157000109, -9.385678144999929, 0.0 ], [ 119.183229421000078, -9.385585345999971, 0.0 ], [ 119.183025977000057, -9.38539617899994, 0.0 ], [ 119.18287964000001, -9.385249841999951, 0.0 ], [ 119.182722596000076, -9.385121350999952, 0.0 ], [ 119.182483460000071, -9.385021413999937, 0.0 ], [ 119.182258601000058, -9.38494289099998, 0.0 ], [ 119.182258601000058, -9.384743016999948, 0.0 ], [ 119.182322846000034, -9.38445748099997, 0.0 ], [ 119.182390661000113, -9.384218345999955, 0.0 ], [ 119.18246918300008, -9.383882841999934, 0.0 ], [ 119.182526290000055, -9.383600874999956, 0.0 ], [ 119.18257982800003, -9.383222540999952, 0.0 ], [ 119.182611951000013, -9.383054788999971, 0.0 ], [ 119.182629797000118, -9.382776391999926, 0.0 ], [ 119.182644074000109, -9.382444456999963, 0.0 ], [ 119.182669058000101, -9.381991169999935, 0.0 ], [ 119.182686904000093, -9.38163068199998, 0.0 ], [ 119.182719027000076, -9.381220224999936, 0.0 ], [ 119.182744011000068, -9.380552785999953, 0.0 ], [ 119.182747580000068, -9.380142328999966, 0.0 ], [ 119.182740442000068, -9.379589103999933, 0.0 ], [ 119.18276542600006, -9.379142954999963, 0.0 ], [ 119.182815395000034, -9.378693236999936, 0.0 ], [ 119.182847517000027, -9.378396993999957, 0.0 ], [ 119.182904625000106, -9.378022228999953, 0.0 ], [ 119.182936747000099, -9.377829492999979, 0.0 ], [ 119.18295102400009, -9.377404758999944, 0.0 ], [ 119.182965301000081, -9.37706568599998, 0.0 ], [ 119.18295459300009, -9.376897933999942, 0.0 ], [ 119.183183021000104, -9.376887225999951, 0.0 ], [ 119.183136622, -9.376620964999972, 0.0 ], [ 119.183022408000056, -9.37622121499993, 0.0 ], [ 119.18288915800008, -9.375754840999946, 0.0 ], [ 119.182813015000079, -9.375307501999941, 0.0 ], [ 119.182727355000111, -9.374926787999925, 0.0 ], [ 119.18264169400004, -9.374460413999941, 0.0 ], [ 119.182607155000028, -9.374360330999934, 0.0 ], [ 119.182599384000014, -9.374354271999948, 0.0 ], [ 119.182898899000065, -9.374283845999969, 0.0 ], [ 119.183726409000087, -9.374288972999977, 0.0 ], [ 119.184877316000097, -9.374203346999934, 0.0 ], [ 119.18510561800008, -9.374167600999954, 0.0 ], [ 119.185524084, -9.374157252999964, 0.0 ], [ 119.185755849000088, -9.374160482999969, 0.0 ], [ 119.186051497000108, -9.374126039999965, 0.0 ], [ 119.186575399000048, -9.374032453999973, 0.0 ], [ 119.187365363000026, -9.374062911999943, 0.0 ], [ 119.189635987000088, -9.373956975999931, 0.0 ], [ 119.190089798000031, -9.374010350999981, 0.0 ], [ 119.191644103000044, -9.374312017999955, 0.0 ], [ 119.192185801000051, -9.374420529999952, 0.0 ], [ 119.192925126000091, -9.374568083999975, 0.0 ], [ 119.194238494000047, -9.374943019999932, 0.0 ], [ 119.194373989000042, -9.375000546999956, 0.0 ], [ 119.194798871000103, -9.375181022999925, 0.0 ], [ 119.195495145000109, -9.375560534999977, 0.0 ], [ 119.196508128000119, -9.376112660999979, 0.0 ], [ 119.198312361000035, -9.377451488999952, 0.0 ], [ 119.1997001310001, -9.378510859999949, 0.0 ], [ 119.200146526000026, -9.378920491999963, 0.0 ], [ 119.200496815000065, -9.379215347999946, 0.0 ], [ 119.200675148000073, -9.379464567999946, 0.0 ], [ 119.201144353000018, -9.380038944999967, 0.0 ], [ 119.201400988000046, -9.380340773999933, 0.0 ], [ 119.201640723000082, -9.380695571999979, 0.0 ], [ 119.201876722000065, -9.381029782999974, 0.0 ], [ 119.201918880000107, -9.381094000999951, 0.0 ], [ 119.2020768000001, -9.381334724999931, 0.0 ], [ 119.202275789000055, -9.381579434999935, 0.0 ], [ 119.202603330000102, -9.381950934999963, 0.0 ], [ 119.203026111000099, -9.382606326999962, 0.0 ], [ 119.203308035000077, -9.383019741999931, 0.0 ], [ 119.204466391000096, -9.384406349999949, 0.0 ], [ 119.204785518000108, -9.384642849999977, 0.0 ], [ 119.206295394000108, -9.385761679999973, 0.0 ], [ 119.206696063000095, -9.386069094999925, 0.0 ], [ 119.206994315000088, -9.386296097999946, 0.0 ], [ 119.20730892000006, -9.38653587999994, 0.0 ], [ 119.207648649000021, -9.386770584999965, 0.0 ], [ 119.208565191000048, -9.387328559999958, 0.0 ], [ 119.210589437000067, -9.38837338299993, 0.0 ], [ 119.21215896800004, -9.388900628999977, 0.0 ], [ 119.214308440000082, -9.389521246999948, 0.0 ], [ 119.214774676000047, -9.389680279999936, 0.0 ], [ 119.21538836000002, -9.389964531999965, 0.0 ], [ 119.215941473000044, -9.390277068999978, 0.0 ], [ 119.216457442000092, -9.390549911999926, 0.0 ], [ 119.216704832000119, -9.39061843099995, 0.0 ], [ 119.217337498, -9.390744579999932, 0.0 ], [ 119.218067239000106, -9.390890099999979, 0.0 ], [ 119.218576190000022, -9.390993080999976, 0.0 ], [ 119.219023289, -9.391049018999979, 0.0 ], [ 119.219589091000103, -9.391019926999945, 0.0 ], [ 119.219625922000091, -9.39101803899996, 0.0 ], [ 119.219744321, -9.391011971999944, 0.0 ], [ 119.220046428000046, -9.390940566999973, 0.0 ], [ 119.220423290000099, -9.390803657999982, 0.0 ], [ 119.221159085000068, -9.390494996999962, 0.0 ], [ 119.223360116000094, -9.389979685999947, 0.0 ], [ 119.223857363000093, -9.389837977999946, 0.0 ], [ 119.223900169000103, -9.38982576899997, 0.0 ], [ 119.225093643000037, -9.389363813999978, 0.0 ], [ 119.225440504000062, -9.389042469999936, 0.0 ], [ 119.22577423000007, -9.388768062999929, 0.0 ], [ 119.225964237000085, -9.388491103999968, 0.0 ], [ 119.226114891000066, -9.388334189999966, 0.0 ], [ 119.227806333000103, -9.386932969999975, 0.0 ], [ 119.228054976000067, -9.386705177999943, 0.0 ], [ 119.228690629000084, -9.386260127999947, 0.0 ], [ 119.229011186000093, -9.385998367999946, 0.0 ], [ 119.229033740000091, -9.385979950999968, 0.0 ], [ 119.229309780000108, -9.385709374999976, 0.0 ], [ 119.228938584000048, -9.38527036499994, 0.0 ], [ 119.228949292000038, -9.384949137999968, 0.0 ], [ 119.229099198000085, -9.384695724999972, 0.0 ], [ 119.229099198000085, -9.38464218699994, 0.0 ], [ 119.229167012000062, -9.384656463999931, 0.0 ], [ 119.229163443000061, -9.384774246999939, 0.0 ], [ 119.229056367000112, -9.385016951999944, 0.0 ], [ 119.229056367000112, -9.385159719999933, 0.0 ], [ 119.229456117000041, -9.385555899999929, 0.0 ], [ 119.22994669000002, -9.386089356999946, 0.0 ], [ 119.230712725000103, -9.386794667999936, 0.0 ], [ 119.231905788000063, -9.387584053999944, 0.0 ], [ 119.232736343000056, -9.388762613999972, 0.0 ], [ 119.232986523000022, -9.389139968999928, 0.0 ], [ 119.233240186000103, -9.389918402999967, 0.0 ], [ 119.233196330000055, -9.390871445999949, 0.0 ], [ 119.232982048000054, -9.390969589999941, 0.0 ], [ 119.232096889000104, -9.391076664999957, 0.0 ], [ 119.232339594000109, -9.391376477999927, 0.0 ], [ 119.232853557000112, -9.39207603899996, 0.0 ], [ 119.233460320000063, -9.393011166999941, 0.0 ], [ 119.233695887000067, -9.393303840999977, 0.0 ], [ 119.234117051000112, -9.393567960999974, 0.0 ], [ 119.234581046000017, -9.393853495999963, 0.0 ], [ 119.234666707000088, -9.393874911999944, 0.0 ], [ 119.234642080000071, -9.394392723999943, 0.0 ], [ 119.234707515000082, -9.395124407999958, 0.0 ], [ 119.234772950000092, -9.395647889999964, 0.0 ], [ 119.234874078000075, -9.395975065999949, 0.0 ], [ 119.23486218000005, -9.396278446999929, 0.0 ], [ 119.23468966900009, -9.396700800999952, 0.0 ], [ 119.234606388000088, -9.397033925999949, 0.0 ], [ 119.234588542000097, -9.397616893999952, 0.0 ], [ 119.234546902000034, -9.398866110999961, 0.0 ], [ 119.234582594000017, -9.399776254999949, 0.0 ], [ 119.234653977000107, -9.40053173299998, 0.0 ], [ 119.234665875000019, -9.400757781999971, 0.0 ], [ 119.234612337000044, -9.401037368999937, 0.0 ], [ 119.23462423400008, -9.401578695999945, 0.0 ], [ 119.23468966900009, -9.402816015999974, 0.0 ], [ 119.234677772000055, -9.403214575999925, 0.0 ], [ 119.234499312000025, -9.403868926999962, 0.0 ], [ 119.234082907000015, -9.404898043999935, 0.0 ], [ 119.233451160000072, -9.406048513999963, 0.0 ], [ 119.233151348000092, -9.40664813799998, 0.0 ], [ 119.231716533000053, -9.406526784999926, 0.0 ], [ 119.230381655000087, -9.406455401999949, 0.0 ], [ 119.229667817000063, -9.406398294999974, 0.0 ], [ 119.228704135000044, -9.406141312999978, 0.0 ], [ 119.227669070000047, -9.405848638999942, 0.0 ], [ 119.227690485000039, -9.406633860999932, 0.0 ], [ 119.227804699000103, -9.406826597999952, 0.0 ], [ 119.228825488000098, -9.407319145999963, 0.0 ], [ 119.229610710000088, -9.407604680999953, 0.0 ], [ 119.232665938000082, -9.408232858999952, 0.0 ], [ 119.232836545000055, -9.408293534999927, 0.0 ], [ 119.232800853000072, -9.40884319099996, 0.0 ], [ 119.232650947000025, -9.409878255999956, 0.0 ], [ 119.232758023000088, -9.409985331999962, 0.0 ], [ 119.233271986000091, -9.410078130999977, 0.0 ], [ 119.236077371000079, -9.41039935799995, 0.0 ], [ 119.240310432000115, -9.410963289999927, 0.0 ], [ 119.241888015000086, -9.411163164999948, 0.0 ], [ 119.241902292000077, -9.411327347999929, 0.0 ], [ 119.241945122000061, -9.41152722299995, 0.0 ], [ 119.242259211000032, -9.411848449999979, 0.0 ], [ 119.243172924000078, -9.412105431999976, 0.0 ], [ 119.246003608000024, -9.412836427999935, 0.0 ], [ 119.245986992000098, -9.412949414999957, 0.0 ], [ 119.245858502000033, -9.414291430999981, 0.0 ], [ 119.2457157340001, -9.415462124999976, 0.0 ], [ 119.245615797000028, -9.416532882999945, 0.0 ], [ 119.245273154000074, -9.41803194299996, 0.0 ], [ 119.245210635000035, -9.418253601999936, 0.0 ], [ 119.245149978000086, -9.418744093999976, 0.0 ], [ 119.245419091000031, -9.42098668899996, 0.0 ], [ 119.245587243000045, -9.421715348999953, 0.0 ], [ 119.245701457000109, -9.422500570999944, 0.0 ], [ 119.24564435000002, -9.423171578999927, 0.0 ], [ 119.245625488000087, -9.42349223399998, 0.0 ], [ 119.245744106000075, -9.423839165999937, 0.0 ], [ 119.24654876000011, -9.424981641999977, 0.0 ], [ 119.247858934000078, -9.424289492999947, 0.0 ], [ 119.247900770000115, -9.424267390999944, 0.0 ], [ 119.248559146000048, -9.423919578999971, 0.0 ], [ 119.249316408000027, -9.42350313299994, 0.0 ], [ 119.249338482000098, -9.423502991999953, 0.0 ], [ 119.249338470000112, -9.42353981399998, 0.0 ], [ 119.249338662000014, -9.423475794999945, 0.0 ], [ 119.250004243000035, -9.423092987999951, 0.0 ], [ 119.250077738000073, -9.423052921999954, 0.0 ], [ 119.250399608000066, -9.422878213999979, 0.0 ], [ 119.250654176000012, -9.422734714999933, 0.0 ], [ 119.250861898000039, -9.422607297999946, 0.0 ], [ 119.251703348000092, -9.422091124999952, 0.0 ], [ 119.25184885300007, -9.422001879999925, 0.0 ], [ 119.252323273000115, -9.421720307999976, 0.0 ], [ 119.252831399000115, -9.421413564999966, 0.0 ], [ 119.253241446000061, -9.421165981999934, 0.0 ], [ 119.253626410000038, -9.420962012999951, 0.0 ], [ 119.253843194000069, -9.420816656999932, 0.0 ], [ 119.25398946100006, -9.420712855999966, 0.0 ], [ 119.25442836600007, -9.420409249999977, 0.0 ], [ 119.254647103000025, -9.420218747999968, 0.0 ], [ 119.256325941000114, -9.418831345999934, 0.0 ], [ 119.256356340000025, -9.418806228999927, 0.0 ], [ 119.256398476000072, -9.418771412999945, 0.0 ], [ 119.256434775000116, -9.418744152999977, 0.0 ], [ 119.256470565000086, -9.418704107999929, 0.0 ], [ 119.256801739000025, -9.418486496999947, 0.0 ], [ 119.257464912000046, -9.41819792299998, 0.0 ], [ 119.257668568000099, -9.418107517999943, 0.0 ], [ 119.258391617000029, -9.417847778999942, 0.0 ], [ 119.258597959000099, -9.417777093999973, 0.0 ], [ 119.258819636000112, -9.417700905999936, 0.0 ], [ 119.258826076000105, -9.417650862999949, 0.0 ], [ 119.258797213000094, -9.417552604999969, 0.0 ], [ 119.25885414600009, -9.417535416999954, 0.0 ], [ 119.260146213000098, -9.417108815999939, 0.0 ], [ 119.260742117000063, -9.416830515999948, 0.0 ], [ 119.261678586000016, -9.416385458999969, 0.0 ], [ 119.262221103000115, -9.416171307999946, 0.0 ], [ 119.262758861000066, -9.416019021999944, 0.0 ], [ 119.263748717000112, -9.415747763999946, 0.0 ], [ 119.264786162000064, -9.415466986999945, 0.0 ], [ 119.265871196000035, -9.415181451999956, 0.0 ], [ 119.266418472000055, -9.415057719999936, 0.0 ], [ 119.267041891000076, -9.414919710999982, 0.0 ], [ 119.267679587000089, -9.41478170299996, 0.0 ], [ 119.268374389000087, -9.414638934999971, 0.0 ], [ 119.268821728000034, -9.414572309999926, 0.0 ], [ 119.269216719000042, -9.414524720999964, 0.0 ], [ 119.269744959000036, -9.414496166999982, 0.0 ], [ 119.270111438000072, -9.414485140999943, 0.0 ], [ 119.270143556000107, -9.414587356999959, 0.0 ], [ 119.270232489000023, -9.414862486999937, 0.0 ], [ 119.270709305000082, -9.416142676999925, 0.0 ], [ 119.271024801000067, -9.417224430999966, 0.0 ], [ 119.271254083000031, -9.417920085999981, 0.0 ], [ 119.271608302000118, -9.419052270999941, 0.0 ], [ 119.271742595000092, -9.419649130999971, 0.0 ], [ 119.271936557000117, -9.420511175999934, 0.0 ], [ 119.272485423000035, -9.42239634799995, 0.0 ], [ 119.273336556000118, -9.424532677999935, 0.0 ], [ 119.273683220000066, -9.425232669999957, 0.0 ], [ 119.273809779000089, -9.425488228999939, 0.0 ], [ 119.274226368000086, -9.426329427999974, 0.0 ], [ 119.274609339000108, -9.427165478999939, 0.0 ], [ 119.275234003000037, -9.428529140999956, 0.0 ], [ 119.27525080700002, -9.428565802999969, 0.0 ], [ 119.275419615000033, -9.429042418999927, 0.0 ], [ 119.276144011000042, -9.431087627999943, 0.0 ], [ 119.27648027400005, -9.43203699399993, 0.0 ], [ 119.277283463000117, -9.434544646999939, 0.0 ], [ 119.277623773000073, -9.435386149999943, 0.0 ], [ 119.277811521000103, -9.436066616999938, 0.0 ], [ 119.277875611000013, -9.436520602999963, 0.0 ], [ 119.277584324000031, -9.437287496999943, 0.0 ], [ 119.277860636000014, -9.438052287999938, 0.0 ], [ 119.277873455000076, -9.438277909999954, 0.0 ], [ 119.277791768000043, -9.438517033999972, 0.0 ], [ 119.277783828000111, -9.438671581999927, 0.0 ], [ 119.277762330000087, -9.439177879999932, 0.0 ], [ 119.27767338700005, -9.439303718999952, 0.0 ], [ 119.277383899000029, -9.439694126999939, 0.0 ], [ 119.277347250000048, -9.439888430999929, 0.0 ], [ 119.27738381000006, -9.440173595999966, 0.0 ], [ 119.277502089000109, -9.440422935999948, 0.0 ], [ 119.277700565000032, -9.440649004999955, 0.0 ], [ 119.278503018000038, -9.441410986999927, 0.0 ], [ 119.278692068000055, -9.441835202999926, 0.0 ], [ 119.278681687000017, -9.441999452999937, 0.0 ], [ 119.278593292000096, -9.442276167999978, 0.0 ], [ 119.278431558000079, -9.442829595999967, 0.0 ], [ 119.278578687000049, -9.443335780999973, 0.0 ], [ 119.278625076000026, -9.443583859999933, 0.0 ], [ 119.278662736000115, -9.44413824999998, 0.0 ], [ 119.27873893800006, -9.444707050999966, 0.0 ], [ 119.278838329000109, -9.445448940999938, 0.0 ], [ 119.278807517000018, -9.447129534999931, 0.0 ], [ 119.27880876100005, -9.447435895999945, 0.0 ], [ 119.278776296000046, -9.448002001999953, 0.0 ], [ 119.278551945000117, -9.447865964999949, 0.0 ], [ 119.278274051000039, -9.44776461899994, 0.0 ], [ 119.277955174000112, -9.447747053999933, 0.0 ], [ 119.277732800000081, -9.447776594999937, 0.0 ], [ 119.277599208000083, -9.447794342999941, 0.0 ], [ 119.277237862000106, -9.447842348999927, 0.0 ], [ 119.275708230000077, -9.448216380999952, 0.0 ], [ 119.274227383000039, -9.448694614999965, 0.0 ], [ 119.273275732000116, -9.449058527999966, 0.0 ], [ 119.273237527000106, -9.44907313799996, 0.0 ], [ 119.273223425000083, -9.449078530999941, 0.0 ], [ 119.27247348700007, -9.44936531999997, 0.0 ], [ 119.271382036000091, -9.449792278999951, 0.0 ], [ 119.271035490000031, -9.44992831299993, 0.0 ], [ 119.269911679000074, -9.450339480999958, 0.0 ], [ 119.269793243000095, -9.450382866999973, 0.0 ], [ 119.269624645000022, -9.450411419999966, 0.0 ], [ 119.269571763000044, -9.450438171999963, 0.0 ], [ 119.269034992000115, -9.45059202799996, 0.0 ], [ 119.267850964000104, -9.451055149999945, 0.0 ], [ 119.267377563000082, -9.451204443999927, 0.0 ], [ 119.266777617000116, -9.45139368599996, 0.0 ], [ 119.265946487000065, -9.451669958999958, 0.0 ], [ 119.264972125000099, -9.452007678999962, 0.0 ], [ 119.264089378000108, -9.452220990999933, 0.0 ], [ 119.263206328000024, -9.452399459999981, 0.0 ], [ 119.262288089000094, -9.452571839999962, 0.0 ], [ 119.261563335, -9.452667178999945, 0.0 ], [ 119.261363058000029, -9.452693523999926, 0.0 ], [ 119.260818500000028, -9.452699292999966, 0.0 ], [ 119.26045939800008, -9.452700927999956, 0.0 ], [ 119.259425417000102, -9.45278413099993, 0.0 ], [ 119.259503876000053, -9.452865932999941, 0.0 ], [ 119.25974351800005, -9.453095739999981, 0.0 ], [ 119.259868433000065, -9.453333986999951, 0.0 ], [ 119.26010618600003, -9.454010943999947, 0.0 ], [ 119.260110569000062, -9.45428316899995, 0.0 ], [ 119.260112710000044, -9.454415285999971, 0.0 ], [ 119.260114813000087, -9.454588876999935, 0.0 ], [ 119.260058422000043, -9.454773364999937, 0.0 ], [ 119.259823377000089, -9.45515566499995, 0.0 ], [ 119.25972217900005, -9.455487514999959, 0.0 ], [ 119.259781094000118, -9.455813658999944, 0.0 ], [ 119.259794784000064, -9.456017963999955, 0.0 ], [ 119.25973211400003, -9.456180117999963, 0.0 ], [ 119.259647550000068, -9.456363537999948, 0.0 ], [ 119.259572413000114, -9.456558122999979, 0.0 ], [ 119.259464580000099, -9.456671426999947, 0.0 ], [ 119.259306491000075, -9.456822931999966, 0.0 ], [ 119.259125584000117, -9.457263960999967, 0.0 ], [ 119.259144091000053, -9.457403299999953, 0.0 ], [ 119.259146702000066, -9.457609440999931, 0.0 ], [ 119.259297023000045, -9.457740120999972, 0.0 ], [ 119.25948633400003, -9.458057774999929, 0.0 ], [ 119.259490861000018, -9.458094014999972, 0.0 ], [ 119.259504113000048, -9.45819986999993, 0.0 ], [ 119.259309663000067, -9.458959758999981, 0.0 ], [ 119.259166743000037, -9.459747237999977, 0.0 ], [ 119.259130305000099, -9.460197161999929, 0.0 ], [ 119.259126858000059, -9.46023994799998, 0.0 ], [ 119.259176247000028, -9.461011644999928, 0.0 ], [ 119.25919443600003, -9.461369612999931, 0.0 ], [ 119.259093794000023, -9.461832382999944, 0.0 ], [ 119.258915642000034, -9.462190839999948, 0.0 ], [ 119.258683985000062, -9.462460549999946, 0.0 ], [ 119.258464530000083, -9.462687052999968, 0.0 ], [ 119.258358613000041, -9.462864767999974, 0.0 ], [ 119.258303516000069, -9.463121221999927, 0.0 ], [ 119.258345263000024, -9.46331820499995, 0.0 ], [ 119.258463059000064, -9.463639986999965, 0.0 ], [ 119.258608355000092, -9.463797658999965, 0.0 ], [ 119.258916187000068, -9.464166501999955, 0.0 ], [ 119.259029142000031, -9.464396826999973, 0.0 ], [ 119.259055075000106, -9.464769781999962, 0.0 ], [ 119.258662559000072, -9.465329145999931, 0.0 ], [ 119.258173141000043, -9.465872675999947, 0.0 ], [ 119.257276703000116, -9.466749830999959, 0.0 ], [ 119.256966374000058, -9.467703626999935, 0.0 ], [ 119.256562463000023, -9.468442521999975, 0.0 ], [ 119.256571483000016, -9.469176179999977, 0.0 ], [ 119.256895452000094, -9.470206565999945, 0.0 ], [ 119.25752262200001, -9.470972004999965, 0.0 ], [ 119.257465186000104, -9.471569096999929, 0.0 ], [ 119.257171032000088, -9.472638094999979, 0.0 ], [ 119.257227506000049, -9.47298731099994, 0.0 ], [ 119.254951576000053, -9.472291887999972, 0.0 ], [ 119.248883951000039, -9.471506665999925, 0.0 ], [ 119.242673558000092, -9.471221130999936, 0.0 ], [ 119.23789084100008, -9.471435281999959, 0.0 ], [ 119.234036114000105, -9.471792200999971, 0.0 ], [ 119.230395539000028, -9.472934342999963, 0.0 ], [ 119.227682953000112, -9.474647554999933, 0.0 ], [ 119.22642109100002, -9.475517887999956, 0.0 ], [ 119.225315986000055, -9.474899880999942, 0.0 ], [ 119.223204425000063, -9.47392801999996, 0.0 ], [ 119.222137472000099, -9.473601985999949, 0.0 ], [ 119.221366143000068, -9.473366270999975, 0.0 ], [ 119.21956118300011, -9.472957615999974, 0.0 ], [ 119.218229982000025, -9.472600565999926, 0.0 ], [ 119.21703375900006, -9.472297739999931, 0.0 ] ] ] ] } },
{ "type": "Feature", "properties": { "nm_kecamatan": "Wewewa Tengah" }, "geometry": { "type": "MultiPolygon", "coordinates": [ [ [ [ 119.306929927000056, -9.580348088999926, 0.0 ], [ 119.308178524000027, -9.580517311999927, 0.0 ], [ 119.308567743000026, -9.580812836999939, 0.0 ], [ 119.309056893000047, -9.58099361799998, 0.0 ], [ 119.309627332000105, -9.58130986599997, 0.0 ], [ 119.310168914000087, -9.58159612999998, 0.0 ], [ 119.310376584000096, -9.581705867999972, 0.0 ], [ 119.310807243000113, -9.581920771999933, 0.0 ], [ 119.311149288000024, -9.582090716999971, 0.0 ], [ 119.311266617000115, -9.58214899099994, 0.0 ], [ 119.311832774000095, -9.582340618999979, 0.0 ], [ 119.312090957, -9.582526951999967, 0.0 ], [ 119.312261651000085, -9.582657708999932, 0.0 ], [ 119.312743867000108, -9.582867086999954, 0.0 ], [ 119.312839992000022, -9.582919541999956, 0.0 ], [ 119.313202863000015, -9.583117586999947, 0.0 ], [ 119.313632988000109, -9.583361243999946, 0.0 ], [ 119.314004243000113, -9.583661334999931, 0.0 ], [ 119.314400747000036, -9.583972805999963, 0.0 ], [ 119.314925836000043, -9.584325304999936, 0.0 ], [ 119.315104708000035, -9.584431568999946, 0.0 ], [ 119.315263430000073, -9.584525833999976, 0.0 ], [ 119.315513610000039, -9.584695584999963, 0.0 ], [ 119.315688611000041, -9.58488786199996, 0.0 ], [ 119.31585128100005, -9.585134790999973, 0.0 ], [ 119.31576661400004, -9.585195429999942, 0.0 ], [ 119.315594084000054, -9.585499054999957, 0.0 ], [ 119.315266923000081, -9.585998053999958, 0.0 ], [ 119.314898965000111, -9.586438840999961, 0.0 ], [ 119.314521253000066, -9.586882646999982, 0.0 ], [ 119.314318111000034, -9.587138094999943, 0.0 ], [ 119.314047648000042, -9.587478163999947, 0.0 ], [ 119.313763006000045, -9.587719450999941, 0.0 ], [ 119.31368477, -9.587810462999926, 0.0 ], [ 119.313353833000065, -9.588156079999976, 0.0 ], [ 119.313046326000062, -9.58835079399995, 0.0 ], [ 119.312101363000011, -9.588949053999954, 0.0 ], [ 119.311503286000061, -9.589368736999972, 0.0 ], [ 119.311186096000029, -9.589591302999963, 0.0 ], [ 119.310340901000018, -9.590276241999959, 0.0 ], [ 119.309473376000028, -9.591136430999939, 0.0 ], [ 119.309185274000015, -9.59142533499994, 0.0 ], [ 119.308871223000097, -9.591723334999926, 0.0 ], [ 119.308573774000024, -9.591992898999933, 0.0 ], [ 119.308184926000081, -9.592337556999951, 0.0 ], [ 119.307720370000084, -9.592779900999972, 0.0 ], [ 119.307304448000082, -9.593074416999968, 0.0 ], [ 119.307244770000011, -9.593116678999934, 0.0 ], [ 119.306767160000049, -9.593568346999973, 0.0 ], [ 119.305819048000103, -9.594436773999973, 0.0 ], [ 119.305653083000038, -9.594730928999979, 0.0 ], [ 119.305378447000066, -9.595170146999976, 0.0 ], [ 119.305349961000047, -9.595226819999937, 0.0 ], [ 119.30513183000005, -9.595660896999959, 0.0 ], [ 119.304969456000094, -9.59611797599996, 0.0 ], [ 119.304934471000024, -9.596448798999972, 0.0 ], [ 119.304904081000018, -9.596736368999927, 0.0 ], [ 119.30487520600002, -9.59710311799995, 0.0 ], [ 119.304916644000059, -9.597496614999955, 0.0 ], [ 119.304948237000076, -9.597648985999967, 0.0 ], [ 119.304984469000033, -9.597823951999942, 0.0 ], [ 119.304922849000036, -9.597904626999934, 0.0 ], [ 119.30470420600011, -9.59820446699996, 0.0 ], [ 119.304673474000083, -9.598294669999973, 0.0 ], [ 119.304565820000107, -9.598610623999946, 0.0 ], [ 119.304562846000067, -9.598787656999946, 0.0 ], [ 119.304577696000024, -9.599127215999943, 0.0 ], [ 119.304642740000077, -9.59936139399997, 0.0 ], [ 119.304717130000085, -9.599653545999956, 0.0 ], [ 119.304755180000029, -9.599782012999981, 0.0 ], [ 119.304718516000094, -9.600336872999947, 0.0 ], [ 119.304606664000062, -9.600734397999929, 0.0 ], [ 119.304432385000041, -9.60099999199997, 0.0 ], [ 119.304262351000034, -9.601259003999928, 0.0 ], [ 119.30419392500005, -9.60147229699993, 0.0 ], [ 119.304002458000014, -9.602111597999965, 0.0 ], [ 119.303945662000046, -9.602301237999939, 0.0 ], [ 119.303600605000042, -9.60288186799994, 0.0 ], [ 119.3034867880001, -9.603073388999974, 0.0 ], [ 119.30321321100007, -9.603271966999955, 0.0 ], [ 119.302949180000041, -9.603431047999948, 0.0 ], [ 119.302905492000036, -9.603452593999975, 0.0 ], [ 119.302239437000026, -9.603996196999958, 0.0 ], [ 119.302206495000064, -9.604014520999954, 0.0 ], [ 119.301766668000027, -9.604221614999972, 0.0 ], [ 119.301641213000039, -9.604211906999979, 0.0 ], [ 119.301445077000039, -9.604103867999982, 0.0 ], [ 119.301219741000068, -9.60391442699995, 0.0 ], [ 119.301164841000059, -9.603908801999978, 0.0 ], [ 119.300998312000047, -9.603885365999929, 0.0 ], [ 119.300736737000079, -9.603846344999965, 0.0 ], [ 119.300349612000105, -9.60382776199998, 0.0 ], [ 119.300059449000059, -9.603837873999964, 0.0 ], [ 119.299897663000024, -9.603852409999945, 0.0 ], [ 119.299600692000013, -9.603841030999945, 0.0 ], [ 119.299269426000023, -9.603827731999957, 0.0 ], [ 119.298830428000088, -9.603790325999967, 0.0 ], [ 119.298345975000075, -9.603855641999928, 0.0 ], [ 119.297823550000089, -9.603990217999979, 0.0 ], [ 119.297625181000058, -9.603954903999977, 0.0 ], [ 119.297301865, -9.60390943699997, 0.0 ], [ 119.29721152400009, -9.603957140999967, 0.0 ], [ 119.297022550000065, -9.604092001999959, 0.0 ], [ 119.296732083000052, -9.604185751999978, 0.0 ], [ 119.296630240000013, -9.604158888999962, 0.0 ], [ 119.296483414000022, -9.604030314999932, 0.0 ], [ 119.296329551000099, -9.603926136999974, 0.0 ], [ 119.296228769000095, -9.60392332899994, 0.0 ], [ 119.29610914400007, -9.603924393999932, 0.0 ], [ 119.295952294000017, -9.603714364999973, 0.0 ], [ 119.295555647000015, -9.603327031999982, 0.0 ], [ 119.29545483000004, -9.603237083999943, 0.0 ], [ 119.295207005000066, -9.603201866999939, 0.0 ], [ 119.294755649000081, -9.603272398999934, 0.0 ], [ 119.294489933000023, -9.603335552999965, 0.0 ], [ 119.294403201000023, -9.603360989999942, 0.0 ], [ 119.294168675000037, -9.603429774999938, 0.0 ], [ 119.293929246000062, -9.603539634999947, 0.0 ], [ 119.293897205, -9.603554334999956, 0.0 ], [ 119.293786362000105, -9.60364102799997, 0.0 ], [ 119.293651074000081, -9.60376470999995, 0.0 ], [ 119.29358417900005, -9.603949272999955, 0.0 ], [ 119.293561767000028, -9.604176614999972, 0.0 ], [ 119.293508953000014, -9.604351525999959, 0.0 ], [ 119.293391622000058, -9.604470815999946, 0.0 ], [ 119.29308982900011, -9.604768974999956, 0.0 ], [ 119.292910732000109, -9.605035861999966, 0.0 ], [ 119.29282473100011, -9.605336158999933, 0.0 ], [ 119.292809532000092, -9.605480082999975, 0.0 ], [ 119.292825466000068, -9.605766642999981, 0.0 ], [ 119.292716248000033, -9.605892678999965, 0.0 ], [ 119.292482551000035, -9.606095564999976, 0.0 ], [ 119.292258029000095, -9.606246545999966, 0.0 ], [ 119.292057059000058, -9.606391502999941, 0.0 ], [ 119.291924014000074, -9.606510783999965, 0.0 ], [ 119.291730010000038, -9.606772753999962, 0.0 ], [ 119.291722029000084, -9.60690601899995, 0.0 ], [ 119.291726939000114, -9.607132706999948, 0.0 ], [ 119.291712095000094, -9.60733887899994, 0.0 ], [ 119.291686764000019, -9.607695827999976, 0.0 ], [ 119.291592636000019, -9.607977129999938, 0.0 ], [ 119.291388515000108, -9.608592440999928, 0.0 ], [ 119.291277922000063, -9.608888017999959, 0.0 ], [ 119.291102626000111, -9.609241535999956, 0.0 ], [ 119.29093952900007, -9.609697207999943, 0.0 ], [ 119.290939404000028, -9.609735160999946, 0.0 ], [ 119.290918940000097, -9.610048315999961, 0.0 ], [ 119.290813423000031, -9.610185754999975, 0.0 ], [ 119.290531924000106, -9.610502021999935, 0.0 ], [ 119.290525906000084, -9.610567021999941, 0.0 ], [ 119.290439994000053, -9.610505549999971, 0.0 ], [ 119.290260749000026, -9.610477645999936, 0.0 ], [ 119.290031671000065, -9.610523443999966, 0.0 ], [ 119.289721686, -9.610594504999938, 0.0 ], [ 119.289480654000045, -9.610599272999934, 0.0 ], [ 119.289445871000112, -9.610598861999961, 0.0 ], [ 119.288797019000071, -9.610776867999959, 0.0 ], [ 119.287961144000064, -9.610841645999926, 0.0 ], [ 119.286925017000044, -9.610730025999942, 0.0 ], [ 119.28618752400007, -9.610616396999944, 0.0 ], [ 119.285920052000051, -9.610548085999937, 0.0 ], [ 119.285509364000063, -9.610443179999947, 0.0 ], [ 119.284950289000108, -9.610209898999926, 0.0 ], [ 119.284450800000059, -9.609956520999958, 0.0 ], [ 119.283830882000075, -9.609565618999966, 0.0 ], [ 119.283795461000068, -9.609533287999966, 0.0 ], [ 119.283409676000019, -9.609181244999945, 0.0 ], [ 119.28300058700006, -9.608835739999961, 0.0 ], [ 119.28253208000001, -9.608390210999971, 0.0 ], [ 119.282087298000079, -9.607878898999957, 0.0 ], [ 119.281801286000018, -9.607486786999971, 0.0 ], [ 119.281455692, -9.607005024999978, 0.0 ], [ 119.28110308600003, -9.60655509999998, 0.0 ], [ 119.280618243000049, -9.605940052999927, 0.0 ], [ 119.280281361000107, -9.605512739999938, 0.0 ], [ 119.279931580000039, -9.605088430999956, 0.0 ], [ 119.27963468300004, -9.604767208999931, 0.0 ], [ 119.279143955000109, -9.604305333999946, 0.0 ], [ 119.278571149000072, -9.603937899999949, 0.0 ], [ 119.277822211000057, -9.603522680999959, 0.0 ], [ 119.276829944000042, -9.602851022999971, 0.0 ], [ 119.2763615880001, -9.60258433599995, 0.0 ], [ 119.275512300000059, -9.602017302999968, 0.0 ], [ 119.274847052000041, -9.601597180999931, 0.0 ], [ 119.274359589000028, -9.601320585999929, 0.0 ], [ 119.273794018000103, -9.600908493999952, 0.0 ], [ 119.273241270000085, -9.600496644999964, 0.0 ], [ 119.272712751000086, -9.600174614999958, 0.0 ], [ 119.272196807000114, -9.599868803999925, 0.0 ], [ 119.271177572000056, -9.599270112999932, 0.0 ], [ 119.270628173000091, -9.598851929999967, 0.0 ], [ 119.26972278900007, -9.59818174399993, 0.0 ], [ 119.269085023000116, -9.597666273999948, 0.0 ], [ 119.268693970000072, -9.597394495999936, 0.0 ], [ 119.267968271000086, -9.596938146999946, 0.0 ], [ 119.267222551000032, -9.596522958999969, 0.0 ], [ 119.266570664000028, -9.596080677999964, 0.0 ], [ 119.266157734000103, -9.595770178999942, 0.0 ], [ 119.265579305000074, -9.595357930999967, 0.0 ], [ 119.265116595000109, -9.594996734999938, 0.0 ], [ 119.264663500000097, -9.594285733999982, 0.0 ], [ 119.264584513000045, -9.594270581999979, 0.0 ], [ 119.26425322700004, -9.594132469999977, 0.0 ], [ 119.264144000000101, -9.59407912599994, 0.0 ], [ 119.263522264000017, -9.593774923999945, 0.0 ], [ 119.263444702000015, -9.593741924999961, 0.0 ], [ 119.262879143000077, -9.593541047999963, 0.0 ], [ 119.26272895000011, -9.593496365999954, 0.0 ], [ 119.262227155000119, -9.593508172999975, 0.0 ], [ 119.262179513000092, -9.593509035999944, 0.0 ], [ 119.261820953000097, -9.593315657999938, 0.0 ], [ 119.261376028000086, -9.593164581999929, 0.0 ], [ 119.261244551000118, -9.593119907999949, 0.0 ], [ 119.261098715000116, -9.593053328999929, 0.0 ], [ 119.260945199000048, -9.592851957999926, 0.0 ], [ 119.260750704000088, -9.592611272999932, 0.0 ], [ 119.260501053000098, -9.592429830999947, 0.0 ], [ 119.260460303000059, -9.592405218999943, 0.0 ], [ 119.260295005000103, -9.592305422999971, 0.0 ], [ 119.259873809000055, -9.592198455999949, 0.0 ], [ 119.259642403000043, -9.592114230999925, 0.0 ], [ 119.259521616000029, -9.592044188999978, 0.0 ], [ 119.259418, -9.591963457999952, 0.0 ], [ 119.25922257600007, -9.591808721999939, 0.0 ], [ 119.258871536000015, -9.591598361999957, 0.0 ], [ 119.258662468000011, -9.591470121999976, 0.0 ], [ 119.258416705000059, -9.591277892999926, 0.0 ], [ 119.258210594000047, -9.591151718999981, 0.0 ], [ 119.258038484000053, -9.591117723999957, 0.0 ], [ 119.257862532000104, -9.591108346999931, 0.0 ], [ 119.257754077000072, -9.591042536999964, 0.0 ], [ 119.257703220000053, -9.590963064999926, 0.0 ], [ 119.257225088000041, -9.591177836999975, 0.0 ], [ 119.256569192000029, -9.59114251699998, 0.0 ], [ 119.255998308000017, -9.591226990999928, 0.0 ], [ 119.255396866000069, -9.591505681999934, 0.0 ], [ 119.254335548000086, -9.591549678999968, 0.0 ], [ 119.253836589000116, -9.591563427999972, 0.0 ], [ 119.253546301000029, -9.591603181999972, 0.0 ], [ 119.253232149000041, -9.591719116999968, 0.0 ], [ 119.252647171000035, -9.592169303999981, 0.0 ], [ 119.252554702000111, -9.592113342999937, 0.0 ], [ 119.251938204000112, -9.591871243999947, 0.0 ], [ 119.251894058000062, -9.591858735999949, 0.0 ], [ 119.251927956000031, -9.591700529999969, 0.0 ], [ 119.252037947000076, -9.591419050999946, 0.0 ], [ 119.252160533000051, -9.591176584999971, 0.0 ], [ 119.251981549000106, -9.590736350999975, 0.0 ], [ 119.251620402000071, -9.590246647999948, 0.0 ], [ 119.2511914910001, -9.589745867999966, 0.0 ], [ 119.250838120000026, -9.589377868999975, 0.0 ], [ 119.250587580000115, -9.588947927999982, 0.0 ], [ 119.250370611000108, -9.588524270999926, 0.0 ], [ 119.249998896000079, -9.588126583999951, 0.0 ], [ 119.249751527000058, -9.587907583999936, 0.0 ], [ 119.249503338000068, -9.587639199999956, 0.0 ], [ 119.249328514000013, -9.587464630999932, 0.0 ], [ 119.249122631000091, -9.587259045999929, 0.0 ], [ 119.248910924000029, -9.587067052999942, 0.0 ], [ 119.248329901000034, -9.586394662999965, 0.0 ], [ 119.24795579900001, -9.586020596999958, 0.0 ], [ 119.247911192000061, -9.585975992999977, 0.0 ], [ 119.247508946000039, -9.585512708999943, 0.0 ], [ 119.247255162000101, -9.585223692999932, 0.0 ], [ 119.247049020000077, -9.585004270999946, 0.0 ], [ 119.246230510000032, -9.584227772999952, 0.0 ], [ 119.246072782000056, -9.583960429999934, 0.0 ], [ 119.245963424000024, -9.583775085999946, 0.0 ], [ 119.245929525000065, -9.583318317999954, 0.0 ], [ 119.245925450000072, -9.58326335299995, 0.0 ], [ 119.245948425000051, -9.583119397999951, 0.0 ], [ 119.246037021, -9.582567396999934, 0.0 ], [ 119.246202571000026, -9.581977335999966, 0.0 ], [ 119.246374246000073, -9.58141924399996, 0.0 ], [ 119.246559540000021, -9.580778180999971, 0.0 ], [ 119.246766457000035, -9.580239505999941, 0.0 ], [ 119.246981989, -9.579429303999973, 0.0 ], [ 119.247230493000075, -9.578510553999934, 0.0 ], [ 119.247318412000027, -9.578166862999979, 0.0 ], [ 119.247476112000072, -9.577550330999941, 0.0 ], [ 119.247662205000097, -9.576797368999962, 0.0 ], [ 119.247715050000011, -9.576621959999954, 0.0 ], [ 119.248018050000042, -9.575742058999936, 0.0 ], [ 119.248358667000048, -9.574784940999962, 0.0 ], [ 119.248449148000077, -9.574530679999953, 0.0 ], [ 119.248610921000022, -9.573845481999967, 0.0 ], [ 119.248618061000116, -9.573827030999951, 0.0 ], [ 119.248687713000095, -9.573647051999956, 0.0 ], [ 119.24882092200005, -9.573341219999975, 0.0 ], [ 119.248981306000019, -9.572972985999968, 0.0 ], [ 119.249031849000062, -9.572856950999949, 0.0 ], [ 119.24908073000006, -9.572736598999938, 0.0 ], [ 119.249307551000015, -9.572178178999934, 0.0 ], [ 119.249511224000116, -9.571718716999953, 0.0 ], [ 119.24956316500004, -9.571601554999972, 0.0 ], [ 119.249770050000052, -9.571072523999931, 0.0 ], [ 119.249998704000063, -9.570552585999963, 0.0 ], [ 119.250185894000083, -9.570164101999978, 0.0 ], [ 119.250304848000042, -9.570075250999935, 0.0 ], [ 119.250544430000105, -9.569989163999935, 0.0 ], [ 119.250820605000058, -9.569897913999966, 0.0 ], [ 119.251198769000098, -9.569799085999932, 0.0 ], [ 119.251788711000017, -9.569550559999925, 0.0 ], [ 119.251836943000058, -9.569524835999971, 0.0 ], [ 119.252505644000053, -9.569214837999937, 0.0 ], [ 119.253087143000016, -9.568895900999962, 0.0 ], [ 119.253688243000056, -9.568561330999955, 0.0 ], [ 119.254316551000102, -9.568141056999934, 0.0 ], [ 119.254953901000022, -9.567756024999937, 0.0 ], [ 119.25564019, -9.567515554999943, 0.0 ], [ 119.25649820700005, -9.567207774999929, 0.0 ], [ 119.257600833000083, -9.566709395999965, 0.0 ], [ 119.258505649000085, -9.566300241999954, 0.0 ], [ 119.259409813000048, -9.566158453999947, 0.0 ], [ 119.260356023000099, -9.566095741999959, 0.0 ], [ 119.261452370000029, -9.565958126999931, 0.0 ], [ 119.262247007000042, -9.565962212999978, 0.0 ], [ 119.263084817000049, -9.566072428999973, 0.0 ], [ 119.263851879000072, -9.566184617999966, 0.0 ], [ 119.264381536000087, -9.566176046999942, 0.0 ], [ 119.264493753000011, -9.566181409999956, 0.0 ], [ 119.264691562000053, -9.566186285999947, 0.0 ], [ 119.265417789000026, -9.566166491999979, 0.0 ], [ 119.26561958800005, -9.566105006999976, 0.0 ], [ 119.266027488000077, -9.565980709999963, 0.0 ], [ 119.266480275000049, -9.565646173999937, 0.0 ], [ 119.266772268000068, -9.565430461999938, 0.0 ], [ 119.266902933000097, -9.565320412999938, 0.0 ], [ 119.267334269000116, -9.564957147999962, 0.0 ], [ 119.267492899000104, -9.564827887999968, 0.0 ], [ 119.26777418000006, -9.564582923999978, 0.0 ], [ 119.267926773000113, -9.564483662999976, 0.0 ], [ 119.268319179000059, -9.564064271999939, 0.0 ], [ 119.268390539000052, -9.563953954999931, 0.0 ], [ 119.268671651000091, -9.563519686999939, 0.0 ], [ 119.268859772000042, -9.563209917999927, 0.0 ], [ 119.268821300000013, -9.562615540999957, 0.0 ], [ 119.268741004000049, -9.562477308999974, 0.0 ], [ 119.268361410000011, -9.562256390999949, 0.0 ], [ 119.268197383000029, -9.562081764999959, 0.0 ], [ 119.267866130000016, -9.561960803999966, 0.0 ], [ 119.267775662000076, -9.561920108999971, 0.0 ], [ 119.26778863200002, -9.561584640999968, 0.0 ], [ 119.267831118000117, -9.561269188999972, 0.0 ], [ 119.267843862000063, -9.561054217999981, 0.0 ], [ 119.267946742000049, -9.560845092999955, 0.0 ], [ 119.268002441000021, -9.560689203999971, 0.0 ], [ 119.267901254000094, -9.560528735999981, 0.0 ], [ 119.267865398000026, -9.560503388999962, 0.0 ], [ 119.267358933000082, -9.559720616999925, 0.0 ], [ 119.267022394000037, -9.559384144999967, 0.0 ], [ 119.266572864000068, -9.558305177999955, 0.0 ], [ 119.266339149000032, -9.557691864999981, 0.0 ], [ 119.265983146000053, -9.556982179999977, 0.0 ], [ 119.265536166000061, -9.556363962999967, 0.0 ], [ 119.265099394000117, -9.555903903999933, 0.0 ], [ 119.264344551000022, -9.55528099299994, 0.0 ], [ 119.264032425000096, -9.554914743999973, 0.0 ], [ 119.263708019000092, -9.554327958999977, 0.0 ], [ 119.263072799000042, -9.55348993299998, 0.0 ], [ 119.262759815000095, -9.553174774999945, 0.0 ], [ 119.262281777000112, -9.552729023999973, 0.0 ], [ 119.261811550000061, -9.552388852999968, 0.0 ], [ 119.261367597000117, -9.552017117999981, 0.0 ], [ 119.261134520000041, -9.551732087999937, 0.0 ], [ 119.26076342600004, -9.551058270999931, 0.0 ], [ 119.260579457000063, -9.550722973999939, 0.0 ], [ 119.260440509000091, -9.550276708999945, 0.0 ], [ 119.260345055000016, -9.549776865999945, 0.0 ], [ 119.260372117000088, -9.549171177999938, 0.0 ], [ 119.260504082000011, -9.548776848999978, 0.0 ], [ 119.260703173000024, -9.548426744999972, 0.0 ], [ 119.260936861000118, -9.548129615999926, 0.0 ], [ 119.261554915000033, -9.547559054999965, 0.0 ], [ 119.261909142000036, -9.547169162999978, 0.0 ], [ 119.262055345000022, -9.546993770999961, 0.0 ], [ 119.262339617000066, -9.546652835999964, 0.0 ], [ 119.26249899000004, -9.546465632999968, 0.0 ], [ 119.262848736000024, -9.54605483399996, 0.0 ], [ 119.263194890000022, -9.545760630999951, 0.0 ], [ 119.264009500000043, -9.544920818999969, 0.0 ], [ 119.264202271000045, -9.544601459999967, 0.0 ], [ 119.264475182000069, -9.544273773999976, 0.0 ], [ 119.264702647000036, -9.544006991999936, 0.0 ], [ 119.264803672000085, -9.54389899399996, 0.0 ], [ 119.265059302000054, -9.543625678999945, 0.0 ], [ 119.265423393000106, -9.543221568999968, 0.0 ], [ 119.265647028000103, -9.543004459999963, 0.0 ], [ 119.265729091000026, -9.54292480099997, 0.0 ], [ 119.265871364000077, -9.542786649999925, 0.0 ], [ 119.266464080000105, -9.542290084999934, 0.0 ], [ 119.266764400000056, -9.541983430999949, 0.0 ], [ 119.266925557000036, -9.541785022999932, 0.0 ], [ 119.267207523000025, -9.541294897999933, 0.0 ], [ 119.267522019000012, -9.54041889399997, 0.0 ], [ 119.267564138000012, -9.540325577999965, 0.0 ], [ 119.267709430000082, -9.540003773999956, 0.0 ], [ 119.268125081000107, -9.539413747999959, 0.0 ], [ 119.268351087000042, -9.539029796999955, 0.0 ], [ 119.268476737000015, -9.538803461999976, 0.0 ], [ 119.268625488000112, -9.538368532999925, 0.0 ], [ 119.268870971000069, -9.537650805999931, 0.0 ], [ 119.269036448000065, -9.537247990999958, 0.0 ], [ 119.269278269000097, -9.536844677999966, 0.0 ], [ 119.26934591700001, -9.536781929999961, 0.0 ], [ 119.269475720000059, -9.536661491999951, 0.0 ], [ 119.269698504000075, -9.536451743999976, 0.0 ], [ 119.269781265, -9.536389462999978, 0.0 ], [ 119.269825358000048, -9.536356285999943, 0.0 ], [ 119.270063589000074, -9.53617699299997, 0.0 ], [ 119.270438923000029, -9.535870453999962, 0.0 ], [ 119.270882946000029, -9.535501157999931, 0.0 ], [ 119.270989963000034, -9.535448818999953, 0.0 ], [ 119.271630067000046, -9.53496513999994, 0.0 ], [ 119.272022118000109, -9.534636273999979, 0.0 ], [ 119.272201245000019, -9.534431739999945, 0.0 ], [ 119.272496745000012, -9.53394626599993, 0.0 ], [ 119.272701364000113, -9.533610084999964, 0.0 ], [ 119.272949399000026, -9.533039492999933, 0.0 ], [ 119.27298329700011, -9.532979169999976, 0.0 ], [ 119.2733006200001, -9.532454772999927, 0.0 ], [ 119.273622358000011, -9.531898856999931, 0.0 ], [ 119.273672113000089, -9.531812867999975, 0.0 ], [ 119.273972488000027, -9.531470431999935, 0.0 ], [ 119.27413915000011, -9.531249516999935, 0.0 ], [ 119.274251996000089, -9.530983492999951, 0.0 ], [ 119.274448587000052, -9.530671459999951, 0.0 ], [ 119.274660801000095, -9.530412335999927, 0.0 ], [ 119.274758239000107, -9.530123702999958, 0.0 ], [ 119.274868706, -9.529607617999943, 0.0 ], [ 119.274891960000105, -9.529208533999963, 0.0 ], [ 119.274915631000113, -9.529078562999928, 0.0 ], [ 119.275031112000079, -9.529046439999945, 0.0 ], [ 119.27564764400006, -9.528913230999933, 0.0 ], [ 119.275544804000106, -9.528766012999938, 0.0 ], [ 119.275329146000104, -9.528075293999962, 0.0 ], [ 119.275252050000063, -9.527828342999953, 0.0 ], [ 119.275213763000011, -9.527723049999963, 0.0 ], [ 119.275122466000084, -9.527499397999975, 0.0 ], [ 119.274323361000029, -9.526546948999965, 0.0 ], [ 119.274034581000024, -9.526144969999962, 0.0 ], [ 119.27367584600006, -9.525595330999977, 0.0 ], [ 119.273300256000084, -9.524809696999966, 0.0 ], [ 119.273199772000112, -9.524795935999975, 0.0 ], [ 119.272940634000065, -9.524742809999964, 0.0 ], [ 119.272740237000107, -9.524742490999927, 0.0 ], [ 119.272529112000029, -9.524650553999948, 0.0 ], [ 119.272199871000112, -9.524554384999931, 0.0 ], [ 119.271605975000057, -9.524486680999928, 0.0 ], [ 119.271022346000109, -9.524418872999945, 0.0 ], [ 119.270928494000032, -9.524407959999962, 0.0 ], [ 119.270193883000047, -9.524321595999936, 0.0 ], [ 119.270093755000062, -9.524309810999966, 0.0 ], [ 119.269852400000104, -9.524281427999938, 0.0 ], [ 119.269546455000068, -9.524245522999934, 0.0 ], [ 119.269358973000067, -9.524232413999925, 0.0 ], [ 119.268905402000087, -9.524200708999956, 0.0 ], [ 119.26852963400006, -9.524161161999928, 0.0 ], [ 119.268486739000082, -9.524156649999952, 0.0 ], [ 119.268288862000077, -9.524135802999979, 0.0 ], [ 119.26767398800007, -9.524160368999958, 0.0 ], [ 119.267247830000088, -9.524245650999944, 0.0 ], [ 119.266818961000013, -9.524285976999977, 0.0 ], [ 119.266268973000024, -9.524304742999959, 0.0 ], [ 119.265764585000056, -9.524292865999939, 0.0 ], [ 119.265307940000071, -9.524247368999966, 0.0 ], [ 119.265098987000101, -9.524168331999931, 0.0 ], [ 119.264830518000053, -9.524010892999968, 0.0 ], [ 119.264655665000078, -9.523887677999937, 0.0 ], [ 119.264591213000017, -9.523842240999954, 0.0 ], [ 119.264208598000096, -9.523552583999958, 0.0 ], [ 119.263853114000085, -9.523369614999979, 0.0 ], [ 119.263644963000047, -9.523314978999963, 0.0 ], [ 119.263425810000058, -9.52323824299998, 0.0 ], [ 119.263299611000093, -9.523194051999951, 0.0 ], [ 119.262974927000073, -9.523022431999948, 0.0 ], [ 119.262925815000017, -9.522992894999959, 0.0 ], [ 119.262775473000033, -9.522902427999952, 0.0 ], [ 119.262483555000017, -9.522669335999979, 0.0 ], [ 119.262274697000066, -9.522350959999926, 0.0 ], [ 119.262221143000033, -9.522269336999955, 0.0 ], [ 119.262150976000044, -9.521914982999931, 0.0 ], [ 119.261920523000072, -9.521790560999932, 0.0 ], [ 119.261760209000045, -9.521683440999936, 0.0 ], [ 119.261649649000105, -9.521570014999952, 0.0 ], [ 119.261497038000016, -9.521413466999945, 0.0 ], [ 119.26124134500003, -9.521000202999971, 0.0 ], [ 119.261240912000062, -9.520863829999939, 0.0 ], [ 119.261175196000067, -9.520804683999927, 0.0 ], [ 119.261133148000113, -9.520766839999965, 0.0 ], [ 119.260997108000083, -9.520736324999973, 0.0 ], [ 119.260895080000068, -9.520767206999949, 0.0 ], [ 119.260869462000073, -9.520769579999978, 0.0 ], [ 119.260729067000057, -9.520877405999954, 0.0 ], [ 119.260572190000062, -9.521015685999942, 0.0 ], [ 119.260498116, -9.521053952999978, 0.0 ], [ 119.260459959000059, -9.52107366599995, 0.0 ], [ 119.260432453000021, -9.521087830999932, 0.0 ], [ 119.259992081000064, -9.521309464999945, 0.0 ], [ 119.259950071000048, -9.521363968999935, 0.0 ], [ 119.259899316000087, -9.521429761999968, 0.0 ], [ 119.259637508000083, -9.521757970999943, 0.0 ], [ 119.259541643000034, -9.52179354499998, 0.0 ], [ 119.259513828000081, -9.521804096999972, 0.0 ], [ 119.259226177000073, -9.521943750999981, 0.0 ], [ 119.258991423000111, -9.522080860999949, 0.0 ], [ 119.258783991000087, -9.522118147999947, 0.0 ], [ 119.258485649000022, -9.521924346999981, 0.0 ], [ 119.258326800000077, -9.521803403999968, 0.0 ], [ 119.258033882000063, -9.521494246999964, 0.0 ], [ 119.257986086000074, -9.521343171999945, 0.0 ], [ 119.257972928000072, -9.521301496999968, 0.0 ], [ 119.257944020000082, -9.521131172999958, 0.0 ], [ 119.25785471100005, -9.520867274999944, 0.0 ], [ 119.257499625000037, -9.520989407999934, 0.0 ], [ 119.257277274000103, -9.521065867999937, 0.0 ], [ 119.257045708000078, -9.521105699999964, 0.0 ], [ 119.256452988000092, -9.521207647999972, 0.0 ], [ 119.256239812000103, -9.521224453999935, 0.0 ], [ 119.256118884000102, -9.521236348999935, 0.0 ], [ 119.256057480000095, -9.521221514999979, 0.0 ], [ 119.256048120000059, -9.521066314999928, 0.0 ], [ 119.256058168000095, -9.520956956999953, 0.0 ], [ 119.255892313000118, -9.520882204999964, 0.0 ], [ 119.255701656000042, -9.520370861999936, 0.0 ], [ 119.255557778000025, -9.520219096999938, 0.0 ], [ 119.255392684000071, -9.52007464199994, 0.0 ], [ 119.255346155000097, -9.519983846999935, 0.0 ], [ 119.255244717000096, -9.51992136399997, 0.0 ], [ 119.255171998000037, -9.519814942999972, 0.0 ], [ 119.255182909000041, -9.519692159999977, 0.0 ], [ 119.255200608000109, -9.519530078999935, 0.0 ], [ 119.255138330000023, -9.519386251999947, 0.0 ], [ 119.254974452000056, -9.519293395999966, 0.0 ], [ 119.254719839000018, -9.519001863999961, 0.0 ], [ 119.254660716000103, -9.518984161999981, 0.0 ], [ 119.254611104000105, -9.518986581999968, 0.0 ], [ 119.254529285000103, -9.518755794999947, 0.0 ], [ 119.254531610000072, -9.518657865999955, 0.0 ], [ 119.25462281800003, -9.518580071999963, 0.0 ], [ 119.254731725000056, -9.518530941999927, 0.0 ], [ 119.254823697, -9.51773413199993, 0.0 ], [ 119.254853118000028, -9.517343622999931, 0.0 ], [ 119.255043522000051, -9.517011622999973, 0.0 ], [ 119.255145363000111, -9.516838974999928, 0.0 ], [ 119.255163008000068, -9.516690327999981, 0.0 ], [ 119.255125505000024, -9.51648296299993, 0.0 ], [ 119.254967278000095, -9.516266032999965, 0.0 ], [ 119.254795137000087, -9.516058413999929, 0.0 ], [ 119.254670423000107, -9.515911786999936, 0.0 ], [ 119.254616283000018, -9.515851633999944, 0.0 ], [ 119.25456307200011, -9.51579253999995, 0.0 ], [ 119.254455341000039, -9.515573300999961, 0.0 ], [ 119.254374265000024, -9.515498239999943, 0.0 ], [ 119.254410552000081, -9.515321684999947, 0.0 ], [ 119.254558016000033, -9.51479455599997, 0.0 ], [ 119.254774070000053, -9.514395897999975, 0.0 ], [ 119.254885744000035, -9.514081676999979, 0.0 ], [ 119.255115765000028, -9.513804599999958, 0.0 ], [ 119.255310770000051, -9.513594357999978, 0.0 ], [ 119.255456801000037, -9.513436897999952, 0.0 ], [ 119.255747123000106, -9.513209007999933, 0.0 ], [ 119.255799290000027, -9.513168103999931, 0.0 ], [ 119.256209463000118, -9.51289098999996, 0.0 ], [ 119.256239779000111, -9.512867916999937, 0.0 ], [ 119.256620305000069, -9.512577562999979, 0.0 ], [ 119.256895776000079, -9.512276897999925, 0.0 ], [ 119.25737854700003, -9.511528367999972, 0.0 ], [ 119.257440065000083, -9.511114839999948, 0.0 ], [ 119.25739150600009, -9.510976984999957, 0.0 ], [ 119.257412679000026, -9.510674730999938, 0.0 ], [ 119.257423410000115, -9.510521206999954, 0.0 ], [ 119.25738707000005, -9.510356095999953, 0.0 ], [ 119.257280507000019, -9.510223121999957, 0.0 ], [ 119.256915243000094, -9.510024579999936, 0.0 ], [ 119.256631836000111, -9.509938503999933, 0.0 ], [ 119.256451315000049, -9.509801852999942, 0.0 ], [ 119.256396832000064, -9.509650586999953, 0.0 ], [ 119.256402829000081, -9.50940044999993, 0.0 ], [ 119.25657405000004, -9.50870955399995, 0.0 ], [ 119.256587926000066, -9.508497244999944, 0.0 ], [ 119.25653344400007, -9.508319760999939, 0.0 ], [ 119.256477551000103, -9.508240724999951, 0.0 ], [ 119.256290399000022, -9.507976081999971, 0.0 ], [ 119.256136724000044, -9.507758778999971, 0.0 ], [ 119.25592151, -9.50752876599995, 0.0 ], [ 119.255714287000046, -9.507331012999941, 0.0 ], [ 119.25563334800006, -9.507170687999974, 0.0 ], [ 119.255622519000099, -9.507077529999947, 0.0 ], [ 119.255331479, -9.506946237999955, 0.0 ], [ 119.255211924000037, -9.50699586099995, 0.0 ], [ 119.255096348000052, -9.50699420899997, 0.0 ], [ 119.255151029000103, -9.50664379899996, 0.0 ], [ 119.2551803, -9.506456367999931, 0.0 ], [ 119.255168486000116, -9.506201805999979, 0.0 ], [ 119.255205832000115, -9.505723405999959, 0.0 ], [ 119.255241101000024, -9.505583968999929, 0.0 ], [ 119.25537156900009, -9.505068212999959, 0.0 ], [ 119.255422107000072, -9.504922824999937, 0.0 ], [ 119.255712830000107, -9.504638021999938, 0.0 ], [ 119.255790686000068, -9.504530227999965, 0.0 ], [ 119.255838812000093, -9.50424637499998, 0.0 ], [ 119.255863273000045, -9.504092684999932, 0.0 ], [ 119.25603973300008, -9.503697114999966, 0.0 ], [ 119.256131198000048, -9.503578027999936, 0.0 ], [ 119.256211483000016, -9.503121327999963, 0.0 ], [ 119.2562812970001, -9.502724114999978, 0.0 ], [ 119.25631395500011, -9.502513897999961, 0.0 ], [ 119.256530984000051, -9.501916052999945, 0.0 ], [ 119.256607278000047, -9.501797310999962, 0.0 ], [ 119.256779245000075, -9.501529663999975, 0.0 ], [ 119.256857767000042, -9.501407460999928, 0.0 ], [ 119.256956789000014, -9.501302393999936, 0.0 ], [ 119.257140106000065, -9.501107899999965, 0.0 ], [ 119.257323421000024, -9.500913407999974, 0.0 ], [ 119.257235359000106, -9.500672221999935, 0.0 ], [ 119.257167756000058, -9.500565080999934, 0.0 ], [ 119.256938168000033, -9.50020105699997, 0.0 ], [ 119.256804135000039, -9.500001835999967, 0.0 ], [ 119.25678227100002, -9.499732441999981, 0.0 ], [ 119.256878615, -9.499328145999925, 0.0 ], [ 119.256913474000044, -9.499146208999946, 0.0 ], [ 119.256936797000094, -9.499028530999965, 0.0 ], [ 119.256940920000034, -9.498727785999961, 0.0 ], [ 119.256875143000116, -9.498486098999933, 0.0 ], [ 119.257002071000102, -9.498259681999969, 0.0 ], [ 119.257014635000019, -9.498237269999947, 0.0 ], [ 119.257154127000035, -9.497988440999961, 0.0 ], [ 119.257273111000018, -9.497722008999972, 0.0 ], [ 119.257403187000023, -9.497430736999945, 0.0 ], [ 119.257532751000099, -9.497204799999963, 0.0 ], [ 119.257588211000098, -9.497016593999945, 0.0 ], [ 119.257555595000099, -9.496810348999929, 0.0 ], [ 119.257357554, -9.496513283999946, 0.0 ], [ 119.257170359000042, -9.496074222999937, 0.0 ], [ 119.256966120000016, -9.495648098999936, 0.0 ], [ 119.256892858000015, -9.495412880999936, 0.0 ], [ 119.256900090000045, -9.495315442999981, 0.0 ], [ 119.257024264000052, -9.495153988999959, 0.0 ], [ 119.257136628000012, -9.49507213399994, 0.0 ], [ 119.257175345000064, -9.495043927999973, 0.0 ], [ 119.257187952000095, -9.49499205199993, 0.0 ], [ 119.257124544000021, -9.494894300999931, 0.0 ], [ 119.257174482000096, -9.494825627999944, 0.0 ], [ 119.257270497000036, -9.494759191999947, 0.0 ], [ 119.257268877000115, -9.494654287999936, 0.0 ], [ 119.257260578000114, -9.494486218999953, 0.0 ], [ 119.257270309000091, -9.494422296999971, 0.0 ], [ 119.257231702000013, -9.494259661999934, 0.0 ], [ 119.257029892000105, -9.494085457999972, 0.0 ], [ 119.256517169000062, -9.493624500999942, 0.0 ], [ 119.256308254000032, -9.493516849999935, 0.0 ], [ 119.256113943000059, -9.493478617999926, 0.0 ], [ 119.25607259100002, -9.493477721999966, 0.0 ], [ 119.256206467000084, -9.492793719999952, 0.0 ], [ 119.256156643000054, -9.492602255999941, 0.0 ], [ 119.256486327000061, -9.491980440999953, 0.0 ], [ 119.256504875000019, -9.491711313999929, 0.0 ], [ 119.25653448300011, -9.49162047599998, 0.0 ], [ 119.256610765000119, -9.491575266999973, 0.0 ], [ 119.256767625000066, -9.491526927999928, 0.0 ], [ 119.25699871900008, -9.49132975699996, 0.0 ], [ 119.257095077000031, -9.49120673699997, 0.0 ], [ 119.257156890000033, -9.490984237999953, 0.0 ], [ 119.257078199000034, -9.490782878999937, 0.0 ], [ 119.25699391, -9.49054019099998, 0.0 ], [ 119.256957108000051, -9.490245721999941, 0.0 ], [ 119.257058717000064, -9.489982558999941, 0.0 ], [ 119.257239823000077, -9.48979006899998, 0.0 ], [ 119.257498611000074, -9.489593082999932, 0.0 ], [ 119.257778719000044, -9.489486162999981, 0.0 ], [ 119.257852269000068, -9.489470413999982, 0.0 ], [ 119.257951908000109, -9.489449047999926, 0.0 ], [ 119.258083878000093, -9.489390477999962, 0.0 ], [ 119.258290199000044, -9.489298909999945, 0.0 ], [ 119.258634279000034, -9.489200515999926, 0.0 ], [ 119.259635671000069, -9.488583276999975, 0.0 ], [ 119.259833357000048, -9.488461464999943, 0.0 ], [ 119.260320409000087, -9.488198031999957, 0.0 ], [ 119.260751674000062, -9.487762421999946, 0.0 ], [ 119.260980953000058, -9.487472018999938, 0.0 ], [ 119.261230827000077, -9.486454347999938, 0.0 ], [ 119.261424454, -9.485696362999931, 0.0 ], [ 119.261498345000064, -9.485060316999977, 0.0 ], [ 119.261484543000051, -9.484034441999938, 0.0 ], [ 119.2614945790001, -9.483783810999967, 0.0 ], [ 119.261544091000019, -9.483551046999935, 0.0 ], [ 119.261629686000106, -9.483298948999959, 0.0 ], [ 119.261638291000054, -9.482985914999972, 0.0 ], [ 119.261642815000073, -9.482821392999938, 0.0 ], [ 119.261379316000102, -9.481720068999948, 0.0 ], [ 119.261354759000028, -9.481600786999934, 0.0 ], [ 119.261303203000011, -9.481350203999966, 0.0 ], [ 119.261295029000053, -9.481069346999959, 0.0 ], [ 119.261783229000116, -9.480399423999927, 0.0 ], [ 119.261973074000025, -9.479994660999978, 0.0 ], [ 119.262258669000062, -9.479306253999937, 0.0 ], [ 119.26256795200004, -9.47883613099998, 0.0 ], [ 119.26266074800003, -9.478689392999968, 0.0 ], [ 119.262892394000119, -9.478217063999978, 0.0 ], [ 119.263038825000081, -9.477798298999971, 0.0 ], [ 119.263078073000088, -9.477746174999936, 0.0 ], [ 119.263113800000042, -9.477671907999934, 0.0 ], [ 119.263330207000081, -9.477221940999925, 0.0 ], [ 119.263494638000111, -9.476427141999977, 0.0 ], [ 119.263457279000022, -9.476020348999953, 0.0 ], [ 119.263354484000047, -9.475746003999973, 0.0 ], [ 119.263031200000114, -9.475218113999972, 0.0 ], [ 119.26284032500007, -9.475023928999974, 0.0 ], [ 119.262426778000076, -9.474699301999976, 0.0 ], [ 119.26009121200002, -9.473862332999943, 0.0 ], [ 119.257227506000049, -9.47298731099994, 0.0 ], [ 119.257171032000088, -9.472638094999979, 0.0 ], [ 119.257465186000104, -9.471569096999929, 0.0 ], [ 119.25752262200001, -9.470972004999965, 0.0 ], [ 119.256895452000094, -9.470206565999945, 0.0 ], [ 119.256571483000016, -9.469176179999977, 0.0 ], [ 119.256562463000023, -9.468442521999975, 0.0 ], [ 119.256966374000058, -9.467703626999935, 0.0 ], [ 119.257276703000116, -9.466749830999959, 0.0 ], [ 119.258173141000043, -9.465872675999947, 0.0 ], [ 119.258662559000072, -9.465329145999931, 0.0 ], [ 119.259055075000106, -9.464769781999962, 0.0 ], [ 119.259029142000031, -9.464396826999973, 0.0 ], [ 119.258916187000068, -9.464166501999955, 0.0 ], [ 119.258608355000092, -9.463797658999965, 0.0 ], [ 119.258463059000064, -9.463639986999965, 0.0 ], [ 119.258345263000024, -9.46331820499995, 0.0 ], [ 119.258303516000069, -9.463121221999927, 0.0 ], [ 119.258358613000041, -9.462864767999974, 0.0 ], [ 119.258464530000083, -9.462687052999968, 0.0 ], [ 119.258683985000062, -9.462460549999946, 0.0 ], [ 119.258915642000034, -9.462190839999948, 0.0 ], [ 119.259093794000023, -9.461832382999944, 0.0 ], [ 119.25919443600003, -9.461369612999931, 0.0 ], [ 119.259176247000028, -9.461011644999928, 0.0 ], [ 119.259126858000059, -9.46023994799998, 0.0 ], [ 119.259130305000099, -9.460197161999929, 0.0 ], [ 119.259166743000037, -9.459747237999977, 0.0 ], [ 119.259309663000067, -9.458959758999981, 0.0 ], [ 119.259504113000048, -9.45819986999993, 0.0 ], [ 119.259490861000018, -9.458094014999972, 0.0 ], [ 119.25948633400003, -9.458057774999929, 0.0 ], [ 119.259297023000045, -9.457740120999972, 0.0 ], [ 119.259146702000066, -9.457609440999931, 0.0 ], [ 119.259144091000053, -9.457403299999953, 0.0 ], [ 119.259125584000117, -9.457263960999967, 0.0 ], [ 119.259306491000075, -9.456822931999966, 0.0 ], [ 119.259464580000099, -9.456671426999947, 0.0 ], [ 119.259572413000114, -9.456558122999979, 0.0 ], [ 119.259647550000068, -9.456363537999948, 0.0 ], [ 119.25973211400003, -9.456180117999963, 0.0 ], [ 119.259794784000064, -9.456017963999955, 0.0 ], [ 119.259781094000118, -9.455813658999944, 0.0 ], [ 119.25972217900005, -9.455487514999959, 0.0 ], [ 119.259823377000089, -9.45515566499995, 0.0 ], [ 119.260058422000043, -9.454773364999937, 0.0 ], [ 119.260114813000087, -9.454588876999935, 0.0 ], [ 119.260112710000044, -9.454415285999971, 0.0 ], [ 119.260110569000062, -9.45428316899995, 0.0 ], [ 119.26010618600003, -9.454010943999947, 0.0 ], [ 119.259868433000065, -9.453333986999951, 0.0 ], [ 119.25974351800005, -9.453095739999981, 0.0 ], [ 119.259503876000053, -9.452865932999941, 0.0 ], [ 119.259425417000102, -9.45278413099993, 0.0 ], [ 119.26045939800008, -9.452700927999956, 0.0 ], [ 119.260818500000028, -9.452699292999966, 0.0 ], [ 119.261363058000029, -9.452693523999926, 0.0 ], [ 119.261563335, -9.452667178999945, 0.0 ], [ 119.262288089000094, -9.452571839999962, 0.0 ], [ 119.263206328000024, -9.452399459999981, 0.0 ], [ 119.264089378000108, -9.452220990999933, 0.0 ], [ 119.264972125000099, -9.452007678999962, 0.0 ], [ 119.265946487000065, -9.451669958999958, 0.0 ], [ 119.266777617000116, -9.45139368599996, 0.0 ], [ 119.267377563000082, -9.451204443999927, 0.0 ], [ 119.267850964000104, -9.451055149999945, 0.0 ], [ 119.269034992000115, -9.45059202799996, 0.0 ], [ 119.269571763000044, -9.450438171999963, 0.0 ], [ 119.269624645000022, -9.450411419999966, 0.0 ], [ 119.269793243000095, -9.450382866999973, 0.0 ], [ 119.269911679000074, -9.450339480999958, 0.0 ], [ 119.271035490000031, -9.44992831299993, 0.0 ], [ 119.271382036000091, -9.449792278999951, 0.0 ], [ 119.27247348700007, -9.44936531999997, 0.0 ], [ 119.273223425000083, -9.449078530999941, 0.0 ], [ 119.273237527000106, -9.44907313799996, 0.0 ], [ 119.273275732000116, -9.449058527999966, 0.0 ], [ 119.274227383000039, -9.448694614999965, 0.0 ], [ 119.275708230000077, -9.448216380999952, 0.0 ], [ 119.277237862000106, -9.447842348999927, 0.0 ], [ 119.277599208000083, -9.447794342999941, 0.0 ], [ 119.277732800000081, -9.447776594999937, 0.0 ], [ 119.277955174000112, -9.447747053999933, 0.0 ], [ 119.278274051000039, -9.44776461899994, 0.0 ], [ 119.278551945000117, -9.447865964999949, 0.0 ], [ 119.278776296000046, -9.448002001999953, 0.0 ], [ 119.278881865000017, -9.448086366999974, 0.0 ], [ 119.27932166100004, -9.448403601999928, 0.0 ], [ 119.279557858000089, -9.448651793999943, 0.0 ], [ 119.279798639000091, -9.448882438999931, 0.0 ], [ 119.28063076400008, -9.44937736199995, 0.0 ], [ 119.280838609000057, -9.449508406999939, 0.0 ], [ 119.281003419000058, -9.449552173999962, 0.0 ], [ 119.281552979000026, -9.44959558499994, 0.0 ], [ 119.282178403000103, -9.449610764999932, 0.0 ], [ 119.284700122000118, -9.44926292699995, 0.0 ], [ 119.28651199, -9.448788456999978, 0.0 ], [ 119.28719727500004, -9.448617135999939, 0.0 ], [ 119.288225202000035, -9.448521956999969, 0.0 ], [ 119.288853380000091, -9.448483885999963, 0.0 ], [ 119.289462522, -9.448388707999982, 0.0 ], [ 119.290071664000038, -9.448293528999955, 0.0 ], [ 119.291636304, -9.448306173999981, 0.0 ], [ 119.292632155000092, -9.448168808999981, 0.0 ], [ 119.29360404900001, -9.44803474899993, 0.0 ], [ 119.29437908400007, -9.447927843999935, 0.0 ], [ 119.295000686000094, -9.447842101999981, 0.0 ], [ 119.295515871000021, -9.447848093999937, 0.0 ], [ 119.295727167000109, -9.447870936999948, 0.0 ], [ 119.295904199, -9.447882357999958, 0.0 ], [ 119.296052677000034, -9.447905200999969, 0.0 ], [ 119.296201155000062, -9.447939464999934, 0.0 ], [ 119.296275395000066, -9.447985150999955, 0.0 ], [ 119.296395319000112, -9.448059389999969, 0.0 ], [ 119.296452426000087, -9.448127918999944, 0.0 ], [ 119.296558444000084, -9.448227620999944, 0.0 ], [ 119.296361593000029, -9.449113451999949, 0.0 ], [ 119.296125013000051, -9.450178061999964, 0.0 ], [ 119.296003050000081, -9.450726894999946, 0.0 ], [ 119.295900257000085, -9.451189461999945, 0.0 ], [ 119.295841806000112, -9.451452489999951, 0.0 ], [ 119.295793433000085, -9.451670168999954, 0.0 ], [ 119.295652928000095, -9.452049269999975, 0.0 ], [ 119.295595820000017, -9.452115894999963, 0.0 ], [ 119.295481606000067, -9.452211073999933, 0.0 ], [ 119.295367392000117, -9.452277698999978, 0.0 ], [ 119.295272214000079, -9.452315769999927, 0.0 ], [ 119.295115169000042, -9.452358599999968, 0.0 ], [ 119.295005714000013, -9.452401430999942, 0.0 ], [ 119.294805839000105, -9.452444260999926, 0.0 ], [ 119.294682107000085, -9.452463296999952, 0.0 ], [ 119.29447614500009, -9.452492703999951, 0.0 ], [ 119.292618639000011, -9.452724561999958, 0.0 ], [ 119.290466430000038, -9.453069305999975, 0.0 ], [ 119.288985362000062, -9.452957437999942, 0.0 ], [ 119.288574799000116, -9.452926427999955, 0.0 ], [ 119.287159019000114, -9.452813294999942, 0.0 ], [ 119.287158954, -9.452813289999938, 0.0 ], [ 119.28688106200002, -9.452791083999955, 0.0 ], [ 119.284342313000025, -9.452749629999971, 0.0 ], [ 119.284508390000042, -9.453099476999967, 0.0 ], [ 119.284752749000063, -9.453930536999962, 0.0 ], [ 119.284959965000098, -9.45439659799996, 0.0 ], [ 119.284965827000065, -9.454687193999973, 0.0 ], [ 119.285020199000087, -9.455159959999946, 0.0 ], [ 119.285025498000095, -9.455391160999966, 0.0 ], [ 119.285059015000115, -9.456225857999925, 0.0 ], [ 119.285166374000028, -9.456589798999971, 0.0 ], [ 119.285390595000081, -9.457256473999962, 0.0 ], [ 119.285371033000047, -9.457663443999934, 0.0 ], [ 119.285296670000093, -9.457989858999952, 0.0 ], [ 119.285226195000064, -9.458228109999936, 0.0 ], [ 119.285292371000082, -9.458525491999978, 0.0 ], [ 119.285435255000039, -9.45884922099998, 0.0 ], [ 119.285641780000105, -9.459092472999941, 0.0 ], [ 119.285894548000101, -9.459431471999949, 0.0 ], [ 119.286029828000096, -9.459754223999937, 0.0 ], [ 119.286129984000013, -9.459919174999982, 0.0 ], [ 119.286410359000115, -9.460143066999933, 0.0 ], [ 119.28695390300004, -9.46047490899997, 0.0 ], [ 119.28719227900001, -9.460679267999978, 0.0 ], [ 119.28745509700002, -9.460979412999961, 0.0 ], [ 119.287594731000013, -9.461236268999926, 0.0 ], [ 119.28801002900002, -9.462254702999928, 0.0 ], [ 119.28805361000002, -9.462875971999949, 0.0 ], [ 119.288012797000079, -9.463377998999931, 0.0 ], [ 119.287925768000036, -9.463682082999981, 0.0 ], [ 119.287805619000096, -9.463884830999973, 0.0 ], [ 119.287662762000082, -9.463993221999942, 0.0 ], [ 119.287404356000025, -9.464065550999976, 0.0 ], [ 119.287127281000039, -9.464134598999976, 0.0 ], [ 119.286934091000035, -9.464261885999974, 0.0 ], [ 119.286751405000018, -9.464468610999972, 0.0 ], [ 119.286608252000065, -9.464747848999934, 0.0 ], [ 119.286489828000072, -9.465145516999939, 0.0 ], [ 119.28645275100007, -9.465650844999971, 0.0 ], [ 119.286450608000109, -9.466065768999954, 0.0 ], [ 119.286460459000068, -9.466099458999963, 0.0 ], [ 119.28652764900005, -9.466328875999977, 0.0 ], [ 119.286734674000058, -9.466672397999957, 0.0 ], [ 119.287040525000066, -9.467029666999963, 0.0 ], [ 119.287624176, -9.467558252999936, 0.0 ], [ 119.287709602000064, -9.467761958999972, 0.0 ], [ 119.287721070000089, -9.468068365999954, 0.0 ], [ 119.287681753000015, -9.468393557999946, 0.0 ], [ 119.287439132000031, -9.469151785999941, 0.0 ], [ 119.287495470000067, -9.469421250999972, 0.0 ], [ 119.28767854900002, -9.469703405999951, 0.0 ], [ 119.287900879000063, -9.469945799999948, 0.0 ], [ 119.288115986000093, -9.470201109999948, 0.0 ], [ 119.288121324000031, -9.470319023999934, 0.0 ], [ 119.288075223000078, -9.47049455399997, 0.0 ], [ 119.288053409000099, -9.470577721999973, 0.0 ], [ 119.287655549000078, -9.471601188999955, 0.0 ], [ 119.287721874000113, -9.471905052999944, 0.0 ], [ 119.287935193000067, -9.472678959999939, 0.0 ], [ 119.288012039000023, -9.472957756999961, 0.0 ], [ 119.288088449000043, -9.473180922999973, 0.0 ], [ 119.288476969000044, -9.473375635999957, 0.0 ], [ 119.288751097000045, -9.473440250999943, 0.0 ], [ 119.289078887000073, -9.473528399999964, 0.0 ], [ 119.289247605000014, -9.473636773999942, 0.0 ], [ 119.289364566000017, -9.473808129999952, 0.0 ], [ 119.289645340000106, -9.474521912999933, 0.0 ], [ 119.289925800000105, -9.47495116999994, 0.0 ], [ 119.290109980000011, -9.475464648999946, 0.0 ], [ 119.290398689000085, -9.475763610999934, 0.0 ], [ 119.291063283000085, -9.476355305999959, 0.0 ], [ 119.291322584000113, -9.476720396999951, 0.0 ], [ 119.29171606500006, -9.477067771999941, 0.0 ], [ 119.291953956000043, -9.477270241999975, 0.0 ], [ 119.292119195000055, -9.477425465999943, 0.0 ], [ 119.292212735000021, -9.477513336999948, 0.0 ], [ 119.292378970000073, -9.477767273999973, 0.0 ], [ 119.292597431000104, -9.478133054999944, 0.0 ], [ 119.292674545000068, -9.478314008999973, 0.0 ], [ 119.29277511500004, -9.47855011799993, 0.0 ], [ 119.29297495600008, -9.479222016999927, 0.0 ], [ 119.293085798000106, -9.479619481999976, 0.0 ], [ 119.293202333000067, -9.480128742999966, 0.0 ], [ 119.293276143000071, -9.480403648999982, 0.0 ], [ 119.293308459000059, -9.480617649999942, 0.0 ], [ 119.293321083000023, -9.480974600999957, 0.0 ], [ 119.293060587000014, -9.482042313999955, 0.0 ], [ 119.292981996000094, -9.482364641999936, 0.0 ], [ 119.292924160000098, -9.482533373999956, 0.0 ], [ 119.292689569000117, -9.482979750999959, 0.0 ], [ 119.292592223000042, -9.483172378999939, 0.0 ], [ 119.292672745000118, -9.483745532999933, 0.0 ], [ 119.29270916400003, -9.483998205999967, 0.0 ], [ 119.292926553000029, -9.484675033999963, 0.0 ], [ 119.292966863000061, -9.484941266999954, 0.0 ], [ 119.293000531000075, -9.485163651999926, 0.0 ], [ 119.293036709000035, -9.485486872999957, 0.0 ], [ 119.293012367000074, -9.485692840999945, 0.0 ], [ 119.292969388000074, -9.48584358599993, 0.0 ], [ 119.292937757000118, -9.486239952999938, 0.0 ], [ 119.293002771000033, -9.486552146999941, 0.0 ], [ 119.293097022000097, -9.486892348999959, 0.0 ], [ 119.293115130000047, -9.48731528299993, 0.0 ], [ 119.293299822000108, -9.487621544999968, 0.0 ], [ 119.293479719000061, -9.487998362999974, 0.0 ], [ 119.293482306000101, -9.488159887999927, 0.0 ], [ 119.293397819, -9.488386011999978, 0.0 ], [ 119.293286384000112, -9.488732685999935, 0.0 ], [ 119.293302847000064, -9.488920280999935, 0.0 ], [ 119.293475038000111, -9.489235783999959, 0.0 ], [ 119.293538973000068, -9.489412452999943, 0.0 ], [ 119.293250738000097, -9.490418016999968, 0.0 ], [ 119.293308599000056, -9.490401187999964, 0.0 ], [ 119.293486773000041, -9.490411188999929, 0.0 ], [ 119.2936292280001, -9.490443096999968, 0.0 ], [ 119.294004694000023, -9.490882528999975, 0.0 ], [ 119.294229381000036, -9.491054187999964, 0.0 ], [ 119.294507895000038, -9.491183401999933, 0.0 ], [ 119.29460068000003, -9.491194345999929, 0.0 ], [ 119.294845261000091, -9.491223217999959, 0.0 ], [ 119.294643495000059, -9.491333359999942, 0.0 ], [ 119.294650035000018, -9.491480982999974, 0.0 ], [ 119.294706974000064, -9.491592655999966, 0.0 ], [ 119.294972323000025, -9.491857373999949, 0.0 ], [ 119.29509543100005, -9.491946404999965, 0.0 ], [ 119.295277412000019, -9.492161779999947, 0.0 ], [ 119.295554288000062, -9.492243917999929, 0.0 ], [ 119.296637460000056, -9.492565749999926, 0.0 ], [ 119.296878947000096, -9.492513577999944, 0.0 ], [ 119.29707488300005, -9.492403234999927, 0.0 ], [ 119.297237930000051, -9.492331674999946, 0.0 ], [ 119.297351740000067, -9.492389284999945, 0.0 ], [ 119.297470960000055, -9.492550437999967, 0.0 ], [ 119.297637679000104, -9.492902107999953, 0.0 ], [ 119.297886680000033, -9.493283855999948, 0.0 ], [ 119.298217178000073, -9.493561468999928, 0.0 ], [ 119.298364486000082, -9.493685612999968, 0.0 ], [ 119.298606452000058, -9.494004382999947, 0.0 ], [ 119.298647395000103, -9.494042631999946, 0.0 ], [ 119.298791926000035, -9.494243310999934, 0.0 ], [ 119.298924240000019, -9.494421974999966, 0.0 ], [ 119.299100551000038, -9.494583053999975, 0.0 ], [ 119.299251867000066, -9.494868899999972, 0.0 ], [ 119.299439923000023, -9.494943036999928, 0.0 ], [ 119.299811358000056, -9.495097677999979, 0.0 ], [ 119.300096957000051, -9.495216672999959, 0.0 ], [ 119.300146484000038, -9.495222095999964, 0.0 ], [ 119.300322236000056, -9.495235617999981, 0.0 ], [ 119.300458863000017, -9.495211057999938, 0.0 ], [ 119.300565898000059, -9.495215176999977, 0.0 ], [ 119.300708520000057, -9.495334653999976, 0.0 ], [ 119.300809082000114, -9.495739772999968, 0.0 ], [ 119.300966666000022, -9.495862318999968, 0.0 ], [ 119.30114987200011, -9.495785329999933, 0.0 ], [ 119.301153040000031, -9.495783998999968, 0.0 ], [ 119.301246975000026, -9.495744524999964, 0.0 ], [ 119.301520667000091, -9.495622130999948, 0.0 ], [ 119.301553464000108, -9.495607470999971, 0.0 ], [ 119.301718797000035, -9.495585890999962, 0.0 ], [ 119.301926532000039, -9.495575222999946, 0.0 ], [ 119.302516805000096, -9.495415049999963, 0.0 ], [ 119.302666998000063, -9.495210544999964, 0.0 ], [ 119.302799642000082, -9.495045327999946, 0.0 ], [ 119.302983028000085, -9.494917169999951, 0.0 ], [ 119.303101450000099, -9.494909734999965, 0.0 ], [ 119.303670312, -9.494915161999927, 0.0 ], [ 119.303837234000071, -9.494851409999967, 0.0 ], [ 119.30383266900003, -9.494743160999974, 0.0 ], [ 119.303855357000089, -9.494571252999947, 0.0 ], [ 119.303948169000023, -9.494450205999954, 0.0 ], [ 119.304144268000073, -9.494291718999932, 0.0 ], [ 119.304361610000115, -9.494179641999949, 0.0 ], [ 119.304506356000047, -9.494173204999981, 0.0 ], [ 119.304694014, -9.494247770999948, 0.0 ], [ 119.304894855000043, -9.494197002999954, 0.0 ], [ 119.30523392200007, -9.494279893999931, 0.0 ], [ 119.305373500000087, -9.494208456999957, 0.0 ], [ 119.305793874000074, -9.493948982999939, 0.0 ], [ 119.30593129500005, -9.493974954999942, 0.0 ], [ 119.306012138000028, -9.494072876999951, 0.0 ], [ 119.306128515000069, -9.494305159999954, 0.0 ], [ 119.306245772000011, -9.494299914999942, 0.0 ], [ 119.306381028000033, -9.494245217999946, 0.0 ], [ 119.306742954000015, -9.493968176999942, 0.0 ], [ 119.306911600000035, -9.493740564999939, 0.0 ], [ 119.30699927, -9.493476749999957, 0.0 ], [ 119.306959927000094, -9.493317413999932, 0.0 ], [ 119.306943765000028, -9.493102836999981, 0.0 ], [ 119.306979696000099, -9.492774962999931, 0.0 ], [ 119.306984457000112, -9.492672667999955, 0.0 ], [ 119.306993891000047, -9.492470110999932, 0.0 ], [ 119.30695971800003, -9.492404313999941, 0.0 ], [ 119.307037982000111, -9.492191876999925, 0.0 ], [ 119.307211468000105, -9.491899143999944, 0.0 ], [ 119.30723674, -9.49162103499998, 0.0 ], [ 119.307249034000051, -9.491514326999948, 0.0 ], [ 119.30737453800009, -9.491444957999931, 0.0 ], [ 119.307777717000022, -9.491287389999968, 0.0 ], [ 119.30821013100001, -9.491005127999927, 0.0 ], [ 119.308474138000065, -9.490840726999977, 0.0 ], [ 119.30883712800005, -9.49062381799996, 0.0 ], [ 119.308970438000074, -9.49054414099993, 0.0 ], [ 119.309027903000015, -9.490382267999962, 0.0 ], [ 119.309181514000102, -9.48985289899997, 0.0 ], [ 119.309368215000063, -9.489536139999927, 0.0 ], [ 119.309369419000063, -9.489367160999961, 0.0 ], [ 119.309308311000109, -9.489085674999956, 0.0 ], [ 119.309261859000117, -9.488923596999939, 0.0 ], [ 119.309323826000082, -9.488791549999974, 0.0 ], [ 119.309449228000062, -9.488672520999955, 0.0 ], [ 119.30961659400009, -9.488535688999946, 0.0 ], [ 119.30967277700006, -9.488505116999931, 0.0 ], [ 119.309776747000114, -9.48844850699993, 0.0 ], [ 119.309905019000098, -9.488338880999947, 0.0 ], [ 119.310199518000104, -9.487965144999976, 0.0 ], [ 119.310431061000031, -9.487868879999951, 0.0 ], [ 119.310522975000026, -9.487827301999971, 0.0 ], [ 119.310582013000044, -9.48780316999995, 0.0 ], [ 119.310781205000012, -9.487650828999961, 0.0 ], [ 119.311149796000109, -9.487265985999954, 0.0 ], [ 119.311306620000096, -9.487052613999936, 0.0 ], [ 119.311460810000085, -9.486801361999937, 0.0 ], [ 119.311631533000082, -9.486621700999933, 0.0 ], [ 119.312036205000027, -9.486316500999976, 0.0 ], [ 119.312228627000081, -9.486271594999948, 0.0 ], [ 119.312368895000077, -9.486249757999929, 0.0 ], [ 119.312477505000061, -9.48623194399994, 0.0 ], [ 119.312709564000102, -9.486071651999964, 0.0 ], [ 119.312888325000017, -9.485861541999952, 0.0 ], [ 119.313043863000075, -9.485656054999936, 0.0 ], [ 119.313280018000114, -9.485453033999931, 0.0 ], [ 119.313566865000098, -9.485327677999976, 0.0 ], [ 119.31389518800006, -9.485221235999973, 0.0 ], [ 119.314122066000095, -9.48513133299997, 0.0 ], [ 119.314510332000054, -9.484992189999957, 0.0 ], [ 119.31487499800005, -9.484838441999955, 0.0 ], [ 119.31498870900009, -9.484749758999953, 0.0 ], [ 119.315101755000114, -9.484566019999932, 0.0 ], [ 119.315151455000091, -9.484415395999974, 0.0 ], [ 119.315293907000068, -9.483806299999969, 0.0 ], [ 119.315483525000104, -9.483510973999955, 0.0 ], [ 119.315953057000115, -9.483054736999975, 0.0 ], [ 119.316216194000049, -9.482903822999958, 0.0 ], [ 119.316357447000087, -9.482822183999929, 0.0 ], [ 119.316572022000059, -9.482698166999967, 0.0 ], [ 119.316648334000092, -9.482566018999933, 0.0 ], [ 119.316785593000077, -9.482347597999933, 0.0 ], [ 119.31722852900009, -9.48184355199993, 0.0 ], [ 119.317284326000049, -9.481568735999929, 0.0 ], [ 119.31732287400007, -9.481432158999951, 0.0 ], [ 119.317550907000054, -9.480885454999964, 0.0 ], [ 119.317637622, -9.480483498999945, 0.0 ], [ 119.317744028000106, -9.480342768999947, 0.0 ], [ 119.317940142000111, -9.480220374999931, 0.0 ], [ 119.318197092000105, -9.480124975999956, 0.0 ], [ 119.318419222000102, -9.48016156999995, 0.0 ], [ 119.318704780000076, -9.480258846999959, 0.0 ], [ 119.318776257000081, -9.480292404999943, 0.0 ], [ 119.319134915000063, -9.480460790999928, 0.0 ], [ 119.319526145000054, -9.480774409999981, 0.0 ], [ 119.319772602000057, -9.481189023999946, 0.0 ], [ 119.319884629000057, -9.481513090999954, 0.0 ], [ 119.320085895000034, -9.482133331999933, 0.0 ], [ 119.320262386000081, -9.482415879999962, 0.0 ], [ 119.320465058000082, -9.482617398999935, 0.0 ], [ 119.320642366000015, -9.482693079999933, 0.0 ], [ 119.320829426000046, -9.482688017999976, 0.0 ], [ 119.321146750000025, -9.482624448999957, 0.0 ], [ 119.321628393000083, -9.482534408999982, 0.0 ], [ 119.321920514000112, -9.482628254999952, 0.0 ], [ 119.322119502000078, -9.482823458999974, 0.0 ], [ 119.322310324000114, -9.483054612999979, 0.0 ], [ 119.322524139000052, -9.483177085999955, 0.0 ], [ 119.322887194000032, -9.483330364999972, 0.0 ], [ 119.323319574000038, -9.483453021999935, 0.0 ], [ 119.3235086950001, -9.483603612999957, 0.0 ], [ 119.323749139000029, -9.483872439999971, 0.0 ], [ 119.324314938000043, -9.484655413999974, 0.0 ], [ 119.32454357000006, -9.48515322399993, 0.0 ], [ 119.324682918, -9.485348276999957, 0.0 ], [ 119.324922162, -9.485546814999964, 0.0 ], [ 119.325093650000099, -9.485599216999958, 0.0 ], [ 119.325361533000091, -9.485592760999964, 0.0 ], [ 119.325556671000072, -9.485528939999938, 0.0 ], [ 119.325873220000062, -9.485421760999941, 0.0 ], [ 119.325932965000106, -9.485476223999967, 0.0 ], [ 119.326031065000052, -9.485689302999958, 0.0 ], [ 119.326215282000021, -9.486080970999978, 0.0 ], [ 119.326446849000035, -9.486253549999958, 0.0 ], [ 119.326671243000078, -9.486465288999966, 0.0 ], [ 119.326900344000023, -9.486795055999949, 0.0 ], [ 119.327051037000047, -9.487028301999942, 0.0 ], [ 119.327295675000073, -9.487370114999976, 0.0 ], [ 119.327583399000105, -9.487799799999948, 0.0 ], [ 119.327863585000046, -9.488156299999957, 0.0 ], [ 119.328202780000083, -9.488495302999979, 0.0 ], [ 119.32980928500001, -9.489724056999933, 0.0 ], [ 119.329862603000038, -9.489958897999941, 0.0 ], [ 119.329893514000105, -9.490542064999943, 0.0 ], [ 119.329934163000075, -9.490941284999963, 0.0 ], [ 119.330044186, -9.491045392999979, 0.0 ], [ 119.330180737000092, -9.491077853999968, 0.0 ], [ 119.33045039700005, -9.491051488999972, 0.0 ], [ 119.330865750000044, -9.490887642999951, 0.0 ], [ 119.331337414000018, -9.49070957999993, 0.0 ], [ 119.331652253000016, -9.490691771999934, 0.0 ], [ 119.331747124000117, -9.490759142999934, 0.0 ], [ 119.331841411000028, -9.490916255999934, 0.0 ], [ 119.33197515400002, -9.491285879999964, 0.0 ], [ 119.332199345000049, -9.491996972999971, 0.0 ], [ 119.332324182000093, -9.492240670999934, 0.0 ], [ 119.332429987000069, -9.492328271999952, 0.0 ], [ 119.332573016000083, -9.492343989999938, 0.0 ], [ 119.333487118000107, -9.492375161999973, 0.0 ], [ 119.333604168000079, -9.492488494999975, 0.0 ], [ 119.333789216000014, -9.49281670299996, 0.0 ], [ 119.334105874000102, -9.493429612999932, 0.0 ], [ 119.334295343, -9.49357783399995, 0.0 ], [ 119.334402619000116, -9.493580817999941, 0.0 ], [ 119.334502205000035, -9.493583576999981, 0.0 ], [ 119.335365563000096, -9.493616786999951, 0.0 ], [ 119.336130917000105, -9.493758585999956, 0.0 ], [ 119.33633071700001, -9.493687737999949, 0.0 ], [ 119.336610373000099, -9.493484830999932, 0.0 ], [ 119.337000637000074, -9.493126865999955, 0.0 ], [ 119.337113720000048, -9.492944980999937, 0.0 ], [ 119.337214481000046, -9.492694139999969, 0.0 ], [ 119.337286567000092, -9.492552802999967, 0.0 ], [ 119.337435196000115, -9.49226136599998, 0.0 ], [ 119.337626982000074, -9.492087223999931, 0.0 ], [ 119.337954941000021, -9.491929940999967, 0.0 ], [ 119.338412363000089, -9.491733271999976, 0.0 ], [ 119.338891696000019, -9.491376504999948, 0.0 ], [ 119.339060922000044, -9.491163665999977, 0.0 ], [ 119.339114965000022, -9.49095325299993, 0.0 ], [ 119.339290402000074, -9.490248234999967, 0.0 ], [ 119.339519709000115, -9.489633409999954, 0.0 ], [ 119.339666189000013, -9.489379459999952, 0.0 ], [ 119.339857186000017, -9.489022484999964, 0.0 ], [ 119.339907950000111, -9.488726234999945, 0.0 ], [ 119.339942935000067, -9.488343781999959, 0.0 ], [ 119.340023078000058, -9.488096328999973, 0.0 ], [ 119.340169140000057, -9.487652877999949, 0.0 ], [ 119.340312859000051, -9.487195443999951, 0.0 ], [ 119.340611230000036, -9.486582300999942, 0.0 ], [ 119.340725063000036, -9.486383595999939, 0.0 ], [ 119.340754809000032, -9.486331664999966, 0.0 ], [ 119.340823064, -9.48600272699997, 0.0 ], [ 119.340872245000014, -9.485614675999955, 0.0 ], [ 119.340928262000034, -9.485469785999953, 0.0 ], [ 119.341096830000083, -9.485330223999938, 0.0 ], [ 119.341257847000065, -9.485284005999972, 0.0 ], [ 119.341784730000086, -9.485438959999954, 0.0 ], [ 119.341966549000063, -9.485480929999937, 0.0 ], [ 119.342153560000042, -9.485427070999947, 0.0 ], [ 119.342332487000022, -9.485276458999977, 0.0 ], [ 119.342439296000066, -9.485144698999932, 0.0 ], [ 119.34255943800008, -9.485093148999965, 0.0 ], [ 119.342845831000091, -9.485180984999943, 0.0 ], [ 119.343327061000082, -9.485524882999925, 0.0 ], [ 119.343773117000069, -9.485808455999972, 0.0 ], [ 119.343972557000029, -9.485929427999963, 0.0 ], [ 119.344091853, -9.486084188999939, 0.0 ], [ 119.344244054000114, -9.486324053999965, 0.0 ], [ 119.344747975000018, -9.486804780999933, 0.0 ], [ 119.345084634000045, -9.487052664999965, 0.0 ], [ 119.345843285000115, -9.487639804999958, 0.0 ], [ 119.346059561000061, -9.487773611999955, 0.0 ], [ 119.346309, -9.487836553999955, 0.0 ], [ 119.346999829000083, -9.487691111999936, 0.0 ], [ 119.347190750000095, -9.487670001999959, 0.0 ], [ 119.347781231000113, -9.487967892999961, 0.0 ], [ 119.348633266000093, -9.488098221999962, 0.0 ], [ 119.349199172000112, -9.487915488999931, 0.0 ], [ 119.349429436000037, -9.487773625999978, 0.0 ], [ 119.349470938000081, -9.487754156999927, 0.0 ], [ 119.350426914000082, -9.488362489999929, 0.0 ], [ 119.351338613000053, -9.488919086999942, 0.0 ], [ 119.352276076000066, -9.489499782999928, 0.0 ], [ 119.352414145000012, -9.489585302999956, 0.0 ], [ 119.352719873000069, -9.489771727999937, 0.0 ], [ 119.35320386300009, -9.490066852999973, 0.0 ], [ 119.353794926000091, -9.490398917999926, 0.0 ], [ 119.353967708000027, -9.490507396999931, 0.0 ], [ 119.354536321000069, -9.490825116999929, 0.0 ], [ 119.354834088000075, -9.490991486999974, 0.0 ], [ 119.355491957000027, -9.491366335999942, 0.0 ], [ 119.355670106000048, -9.491498931999956, 0.0 ], [ 119.355858365000017, -9.491639052999972, 0.0 ], [ 119.356498239000075, -9.492147239999952, 0.0 ], [ 119.356929713000113, -9.49255889899996, 0.0 ], [ 119.357425740000053, -9.493052458999955, 0.0 ], [ 119.358128242000021, -9.493788364999943, 0.0 ], [ 119.358216305000042, -9.493902379999952, 0.0 ], [ 119.358264665000092, -9.493965179999975, 0.0 ], [ 119.358796770000026, -9.494654554999954, 0.0 ], [ 119.359465742000111, -9.495574614999953, 0.0 ], [ 119.359995524000055, -9.496277086999953, 0.0 ], [ 119.360490943000059, -9.49706548599994, 0.0 ], [ 119.360514384000112, -9.497137251999959, 0.0 ], [ 119.360713984000085, -9.497748395999963, 0.0 ], [ 119.361001410000085, -9.498865114999944, 0.0 ], [ 119.361169404000066, -9.50000055299995, 0.0 ], [ 119.361185556, -9.500129492999974, 0.0 ], [ 119.361201583000025, -9.500271149999946, 0.0 ], [ 119.361187335000068, -9.500386987999946, 0.0 ], [ 119.361123581000015, -9.500477428999943, 0.0 ], [ 119.361016642000095, -9.500584868999965, 0.0 ], [ 119.360808155000086, -9.500741178999931, 0.0 ], [ 119.360774960000072, -9.500766067999962, 0.0 ], [ 119.360231737000049, -9.50111770999996, 0.0 ], [ 119.359745048000036, -9.501361695999947, 0.0 ], [ 119.359317156000088, -9.501476774999958, 0.0 ], [ 119.359240557000021, -9.501519210999959, 0.0 ], [ 119.358806152000056, -9.501713022999979, 0.0 ], [ 119.358425423000085, -9.501783240999941, 0.0 ], [ 119.357795113000066, -9.501960896999947, 0.0 ], [ 119.357359934000101, -9.502049185999965, 0.0 ], [ 119.357272207000051, -9.502066984999942, 0.0 ], [ 119.356815228000073, -9.50207839899997, 0.0 ], [ 119.356230117000109, -9.502062086999956, 0.0 ], [ 119.355467333000092, -9.502087431999939, 0.0 ], [ 119.354760150000061, -9.502059480999947, 0.0 ], [ 119.354589452000027, -9.502065767999966, 0.0 ], [ 119.353762305000032, -9.502100022999969, 0.0 ], [ 119.353328211000075, -9.502092618999939, 0.0 ], [ 119.35258302200009, -9.502028898999981, 0.0 ], [ 119.352325394000104, -9.502040179999938, 0.0 ], [ 119.351742869000077, -9.502065725999955, 0.0 ], [ 119.351041879000036, -9.502053786999966, 0.0 ], [ 119.350838552000027, -9.502091864999954, 0.0 ], [ 119.350699539000061, -9.502087073999974, 0.0 ], [ 119.350511150000102, -9.502051179999967, 0.0 ], [ 119.350217589000067, -9.502083639999967, 0.0 ], [ 119.349389464000069, -9.502185396999948, 0.0 ], [ 119.349043916000028, -9.50219948199998, 0.0 ], [ 119.348781085000041, -9.502210196999954, 0.0 ], [ 119.348250463000113, -9.502201180999975, 0.0 ], [ 119.347359777000065, -9.502186047999942, 0.0 ], [ 119.346803456000089, -9.502176584999972, 0.0 ], [ 119.345942654000055, -9.502202893999936, 0.0 ], [ 119.345796113, -9.502207367999972, 0.0 ], [ 119.345429519000049, -9.502201113999945, 0.0 ], [ 119.344979432000059, -9.502187083999956, 0.0 ], [ 119.3447873880001, -9.502205324999977, 0.0 ], [ 119.344409195000026, -9.502241240999979, 0.0 ], [ 119.343844994000051, -9.502499899999975, 0.0 ], [ 119.343400240000051, -9.502735016999964, 0.0 ], [ 119.343065157000069, -9.503049752999971, 0.0 ], [ 119.342618798000103, -9.503468958999974, 0.0 ], [ 119.342485528000111, -9.50361722599996, 0.0 ], [ 119.342306197000084, -9.50381673399994, 0.0 ], [ 119.342126865000068, -9.504016241999977, 0.0 ], [ 119.341744539000047, -9.504360990999942, 0.0 ], [ 119.341434705000097, -9.504607990999943, 0.0 ], [ 119.340855373000068, -9.505000492999955, 0.0 ], [ 119.340468393000037, -9.505242989999942, 0.0 ], [ 119.340234111000086, -9.505398645999946, 0.0 ], [ 119.34010476900005, -9.505437958999948, 0.0 ], [ 119.3398424290001, -9.505542085999934, 0.0 ], [ 119.339467364000029, -9.505839083999945, 0.0 ], [ 119.338989020000099, -9.50634505599993, 0.0 ], [ 119.338620370000058, -9.507015772999978, 0.0 ], [ 119.33847715200011, -9.507485931999952, 0.0 ], [ 119.338455733000046, -9.507560244999979, 0.0 ], [ 119.338347111000076, -9.507937148999929, 0.0 ], [ 119.338240805000055, -9.508503771999926, 0.0 ], [ 119.338232677000065, -9.508976239999981, 0.0 ], [ 119.338118549000114, -9.509437334999973, 0.0 ], [ 119.338167896000073, -9.509933099999955, 0.0 ], [ 119.338143049000109, -9.510440435999953, 0.0 ], [ 119.338080801000046, -9.511065304999931, 0.0 ], [ 119.337886084000047, -9.51153777299993, 0.0 ], [ 119.33755343200005, -9.51235917899993, 0.0 ], [ 119.33730270600006, -9.513092549999953, 0.0 ], [ 119.337184081000032, -9.513256580999951, 0.0 ], [ 119.336881990000052, -9.513985898999977, 0.0 ], [ 119.336757557000055, -9.514299928999947, 0.0 ], [ 119.336458366000102, -9.514860038999927, 0.0 ], [ 119.336323402000062, -9.515224992999947, 0.0 ], [ 119.336067208000031, -9.515715568999951, 0.0 ], [ 119.335836253000025, -9.516235351999967, 0.0 ], [ 119.335642652000047, -9.51671980499998, 0.0 ], [ 119.335485307000113, -9.517158302999974, 0.0 ], [ 119.335328556000036, -9.517676336999955, 0.0 ], [ 119.335334494000108, -9.518551179999974, 0.0 ], [ 119.335476152000069, -9.519020178999938, 0.0 ], [ 119.335597994000068, -9.519415055999957, 0.0 ], [ 119.335778336000089, -9.519964180999978, 0.0 ], [ 119.335988176000114, -9.52047867899995, 0.0 ], [ 119.336324273000059, -9.521506227999964, 0.0 ], [ 119.336532776000013, -9.522285742999941, 0.0 ], [ 119.336583806000021, -9.52268580599997, 0.0 ], [ 119.336775551000073, -9.523503368999968, 0.0 ], [ 119.336789302000057, -9.523537757999975, 0.0 ], [ 119.336983626, -9.524023302999979, 0.0 ], [ 119.337069148000069, -9.524222294999959, 0.0 ], [ 119.337260490000062, -9.524667583999928, 0.0 ], [ 119.338208426000051, -9.526299772999948, 0.0 ], [ 119.338340083000048, -9.526612954999962, 0.0 ], [ 119.338486897000053, -9.52705461499994, 0.0 ], [ 119.338607492000051, -9.527886993999971, 0.0 ], [ 119.338767034000057, -9.528336773999968, 0.0 ], [ 119.338923989000023, -9.528933381999934, 0.0 ], [ 119.339140798000017, -9.529419274999952, 0.0 ], [ 119.339397892000079, -9.529992055999969, 0.0 ], [ 119.339518020000014, -9.530489037999928, 0.0 ], [ 119.339640681000105, -9.531024431999981, 0.0 ], [ 119.339811025000017, -9.531592556999954, 0.0 ], [ 119.339943805000075, -9.531914083999936, 0.0 ], [ 119.340371518000097, -9.532668614999977, 0.0 ], [ 119.34072255500007, -9.53301946199997, 0.0 ], [ 119.341176361000066, -9.533378460999927, 0.0 ], [ 119.341503175000071, -9.533643272999939, 0.0 ], [ 119.342016868000087, -9.53410023999993, 0.0 ], [ 119.342390612000031, -9.534435461999976, 0.0 ], [ 119.342762770000036, -9.534540460999949, 0.0 ], [ 119.343283552000116, -9.534678787999951, 0.0 ], [ 119.343651427000054, -9.534799986999928, 0.0 ], [ 119.344116620000023, -9.53506017899997, 0.0 ], [ 119.344759862000046, -9.535441520999939, 0.0 ], [ 119.345061933000011, -9.535647802999961, 0.0 ], [ 119.345376055000088, -9.535899020999977, 0.0 ], [ 119.345729711000104, -9.536285052999972, 0.0 ], [ 119.34602015400003, -9.536500330999957, 0.0 ], [ 119.346041616000093, -9.536529462999965, 0.0 ], [ 119.346318363000023, -9.536561052999957, 0.0 ], [ 119.34634832800009, -9.536538201999974, 0.0 ], [ 119.34641965000003, -9.536483810999925, 0.0 ], [ 119.34665373200005, -9.53641840399996, 0.0 ], [ 119.34688264600004, -9.536414494999974, 0.0 ], [ 119.347171100000082, -9.536481407999929, 0.0 ], [ 119.347462695000104, -9.536520530999951, 0.0 ], [ 119.347674975000018, -9.536433859999931, 0.0 ], [ 119.347707509000088, -9.536403607999944, 0.0 ], [ 119.347773493000091, -9.536259359999974, 0.0 ], [ 119.347869804000084, -9.535510469999963, 0.0 ], [ 119.34792113200001, -9.535233183999935, 0.0 ], [ 119.347986510000055, -9.535084593999954, 0.0 ], [ 119.348136747000012, -9.53494384499993, 0.0 ], [ 119.348628803000111, -9.534703483999976, 0.0 ], [ 119.348963458000071, -9.534586452999974, 0.0 ], [ 119.349164272000053, -9.534552341999927, 0.0 ], [ 119.349869428000034, -9.534567859999981, 0.0 ], [ 119.350129134000099, -9.53464625099997, 0.0 ], [ 119.350315709000029, -9.534802832999958, 0.0 ], [ 119.350431409000066, -9.53488671599996, 0.0 ], [ 119.350586547000034, -9.53491850599994, 0.0 ], [ 119.350718957000026, -9.535234727999978, 0.0 ], [ 119.350821395000025, -9.535394318999977, 0.0 ], [ 119.350970111000038, -9.535578956999927, 0.0 ], [ 119.351119643000061, -9.535728461999952, 0.0 ], [ 119.351411663000022, -9.536013018999938, 0.0 ], [ 119.351779405000116, -9.536365319999959, 0.0 ], [ 119.35196510500009, -9.536560623999947, 0.0 ], [ 119.352256612000019, -9.536862008999947, 0.0 ], [ 119.352385757000093, -9.53696588899993, 0.0 ], [ 119.352723058000038, -9.537237146999928, 0.0 ], [ 119.353736479000077, -9.537979210999936, 0.0 ], [ 119.354114757000048, -9.53815383899996, 0.0 ], [ 119.354224800000111, -9.538204614999927, 0.0 ], [ 119.354948775000025, -9.538568149999946, 0.0 ], [ 119.355022093000116, -9.538608421999982, 0.0 ], [ 119.355560645000082, -9.538904240999955, 0.0 ], [ 119.355843584000013, -9.539100614999938, 0.0 ], [ 119.356237829000065, -9.539372328999946, 0.0 ], [ 119.356683332000102, -9.539654521999978, 0.0 ], [ 119.357193598000094, -9.539915428999961, 0.0 ], [ 119.357313802000021, -9.540032395999958, 0.0 ], [ 119.357641490000105, -9.540245525999978, 0.0 ], [ 119.357717497000067, -9.540295054999945, 0.0 ], [ 119.357979902000011, -9.540466037999977, 0.0 ], [ 119.35819686800005, -9.540607317999957, 0.0 ], [ 119.358305470000118, -9.540663619999975, 0.0 ], [ 119.35842802600007, -9.540727147999974, 0.0 ], [ 119.358615707000013, -9.54081155199998, 0.0 ], [ 119.358859529000028, -9.540782929999978, 0.0 ], [ 119.358898890000091, -9.540803470999947, 0.0 ], [ 119.35893687500004, -9.540802375999931, 0.0 ], [ 119.358697955000025, -9.541037802999938, 0.0 ], [ 119.358470099000101, -9.541200498999956, 0.0 ], [ 119.358096246000059, -9.541463617999966, 0.0 ], [ 119.357690738000088, -9.541683336999938, 0.0 ], [ 119.357456334000062, -9.541786485999978, 0.0 ], [ 119.357061901000066, -9.541960052999968, 0.0 ], [ 119.356836762000057, -9.54207779799998, 0.0 ], [ 119.356718353000019, -9.542139735999967, 0.0 ], [ 119.356529548000026, -9.542238462999933, 0.0 ], [ 119.356192331000102, -9.542451919999962, 0.0 ], [ 119.356067712000026, -9.542530805999945, 0.0 ], [ 119.355452566000054, -9.542945051999936, 0.0 ], [ 119.355407139000022, -9.542985226999974, 0.0 ], [ 119.355116082000109, -9.543242724999971, 0.0 ], [ 119.354167864000033, -9.543945161999943, 0.0 ], [ 119.353796463000094, -9.544216679999977, 0.0 ], [ 119.353376081000079, -9.544528864999961, 0.0 ], [ 119.353055857000072, -9.54468322799994, 0.0 ], [ 119.35290248900003, -9.544757137999966, 0.0 ], [ 119.352311833000044, -9.545056867999961, 0.0 ], [ 119.351909737000028, -9.54524164299994, 0.0 ], [ 119.351428812000108, -9.545520899999929, 0.0 ], [ 119.350888770000097, -9.545684164999955, 0.0 ], [ 119.350158925000073, -9.54603267899995, 0.0 ], [ 119.349894382000116, -9.546098140999959, 0.0 ], [ 119.34958016500002, -9.546222093999972, 0.0 ], [ 119.349069457000041, -9.546343085999979, 0.0 ], [ 119.348493243, -9.546550425999953, 0.0 ], [ 119.348192686000061, -9.54664220899997, 0.0 ], [ 119.348027536000018, -9.54669264599994, 0.0 ], [ 119.347336245000065, -9.546859709999978, 0.0 ], [ 119.346761221000065, -9.547000020999974, 0.0 ], [ 119.346329683000022, -9.547024676999968, 0.0 ], [ 119.345680768000079, -9.547157369999979, 0.0 ], [ 119.344935870000086, -9.547259677999932, 0.0 ], [ 119.344397426000114, -9.547327180999957, 0.0 ], [ 119.343695253000078, -9.547379116999934, 0.0 ], [ 119.343230331000086, -9.547473412999977, 0.0 ], [ 119.342539518000081, -9.547611772999971, 0.0 ], [ 119.341944868000041, -9.547767711999938, 0.0 ], [ 119.341359425000064, -9.547952584999962, 0.0 ], [ 119.340770494000026, -9.548150147999934, 0.0 ], [ 119.340305173000047, -9.548269961999949, 0.0 ], [ 119.339962643000035, -9.548303745999931, 0.0 ], [ 119.339725090000115, -9.548327172999961, 0.0 ], [ 119.339513705000059, -9.54846089199998, 0.0 ], [ 119.338662462000116, -9.548759380999968, 0.0 ], [ 119.338011014000017, -9.549123306999945, 0.0 ], [ 119.337808151000104, -9.549236634999943, 0.0 ], [ 119.337478182000041, -9.549342807999949, 0.0 ], [ 119.33697664400006, -9.549509895999961, 0.0 ], [ 119.336428658000045, -9.54975927299995, 0.0 ], [ 119.335850862000029, -9.550056022999968, 0.0 ], [ 119.33539268200002, -9.55032283099996, 0.0 ], [ 119.334995241000115, -9.550609866999935, 0.0 ], [ 119.33482072400011, -9.550699909999935, 0.0 ], [ 119.334294089000082, -9.550971553999943, 0.0 ], [ 119.333622304000073, -9.551213211999936, 0.0 ], [ 119.333471835000068, -9.551267336999956, 0.0 ], [ 119.332967675000077, -9.551587680999944, 0.0 ], [ 119.332183369000063, -9.552107616999933, 0.0 ], [ 119.33175892700001, -9.552467646999958, 0.0 ], [ 119.331338243000118, -9.552795773999947, 0.0 ], [ 119.331103743000085, -9.55299600099994, 0.0 ], [ 119.33089089200007, -9.553177740999956, 0.0 ], [ 119.330260055000053, -9.553754583999932, 0.0 ], [ 119.329931463000094, -9.554151368999953, 0.0 ], [ 119.32941155200001, -9.554637491999927, 0.0 ], [ 119.328983819000086, -9.555003846999966, 0.0 ], [ 119.328660395000043, -9.555285741999967, 0.0 ], [ 119.328514208000115, -9.555369460999941, 0.0 ], [ 119.327998961000048, -9.555584223999972, 0.0 ], [ 119.327965155000015, -9.555618120999952, 0.0 ], [ 119.327710865000086, -9.555873100999975, 0.0 ], [ 119.327513708000083, -9.556069529999945, 0.0 ], [ 119.327054399000076, -9.556439946999944, 0.0 ], [ 119.326702147000105, -9.556718141999966, 0.0 ], [ 119.326139861000115, -9.556743126999947, 0.0 ], [ 119.324674113000015, -9.556609876999971, 0.0 ], [ 119.322865723000064, -9.556609876999971, 0.0 ], [ 119.322366953000028, -9.55656331299997, 0.0 ], [ 119.320955008000055, -9.556431498999927, 0.0 ], [ 119.319820013000026, -9.556181573999936, 0.0 ], [ 119.31839714900002, -9.55613600199996, 0.0 ], [ 119.318221214000118, -9.556052591999958, 0.0 ], [ 119.317924725000012, -9.55616215699996, 0.0 ], [ 119.317700104000096, -9.556249721999961, 0.0 ], [ 119.317537272000095, -9.556313677999981, 0.0 ], [ 119.315248307000047, -9.556280178999941, 0.0 ], [ 119.315117476000069, -9.554647123999928, 0.0 ], [ 119.314980817000105, -9.55454079499998, 0.0 ], [ 119.314875286000074, -9.554517200999953, 0.0 ], [ 119.314641858000073, -9.55448404699996, 0.0 ], [ 119.314488307000033, -9.554385686999979, 0.0 ], [ 119.314389417000029, -9.554097165999963, 0.0 ], [ 119.314305660000059, -9.553967722999971, 0.0 ], [ 119.314130975000012, -9.553835857999957, 0.0 ], [ 119.31381925300002, -9.553801749999934, 0.0 ], [ 119.313553245000094, -9.553842953999947, 0.0 ], [ 119.313414789000035, -9.553853508999964, 0.0 ], [ 119.313300575000085, -9.553929651999965, 0.0 ], [ 119.313178747000052, -9.554021022999962, 0.0 ], [ 119.31307976100004, -9.554104779999932, 0.0 ], [ 119.312942704000079, -9.554135236999969, 0.0 ], [ 119.312717165000095, -9.554234722999979, 0.0 ], [ 119.312612435, -9.554235650999942, 0.0 ], [ 119.312398723000115, -9.556398846999969, 0.0 ], [ 119.311761372000092, -9.559324836999963, 0.0 ], [ 119.312064168, -9.559993152999937, 0.0 ], [ 119.312159346000044, -9.560164473999976, 0.0 ], [ 119.312311632000046, -9.560430973999928, 0.0 ], [ 119.310510861000012, -9.56167725399996, 0.0 ], [ 119.31147877300009, -9.56238359799994, 0.0 ], [ 119.311687082000049, -9.562692182999967, 0.0 ], [ 119.311739863000071, -9.562814302999925, 0.0 ], [ 119.311749277000104, -9.562996996999971, 0.0 ], [ 119.311684245000038, -9.563259411999979, 0.0 ], [ 119.311573671000019, -9.563476210999966, 0.0 ], [ 119.311432362000119, -9.563646269999936, 0.0 ], [ 119.311353029000088, -9.563714078999965, 0.0 ], [ 119.311161302000073, -9.563877931999968, 0.0 ], [ 119.310597517000019, -9.564293020999969, 0.0 ], [ 119.31018830000005, -9.564515945999972, 0.0 ], [ 119.309843399000101, -9.564740026999971, 0.0 ], [ 119.309746656000016, -9.564814670999965, 0.0 ], [ 119.309608620000063, -9.56492121399998, 0.0 ], [ 119.309507152000037, -9.565021688999934, 0.0 ], [ 119.309387863000097, -9.56522083599998, 0.0 ], [ 119.309180552000043, -9.565488709999954, 0.0 ], [ 119.309032550000097, -9.565674618999935, 0.0 ], [ 119.308985779000068, -9.565744150999933, 0.0 ], [ 119.308972483000048, -9.565763932999971, 0.0 ], [ 119.308943395000028, -9.565807211999982, 0.0 ], [ 119.308841427000061, -9.566121615999975, 0.0 ], [ 119.308330395000098, -9.567205022999929, 0.0 ], [ 119.308067829000038, -9.56768911599994, 0.0 ], [ 119.307496118000017, -9.568563929999925, 0.0 ], [ 119.307090301000017, -9.568959365999945, 0.0 ], [ 119.306771580000031, -9.569155115999934, 0.0 ], [ 119.306309815000077, -9.569441023999957, 0.0 ], [ 119.305630583000038, -9.569831787999931, 0.0 ], [ 119.305158457000061, -9.570155864999947, 0.0 ], [ 119.304876642000067, -9.570266021999942, 0.0 ], [ 119.304508899000098, -9.570508803999928, 0.0 ], [ 119.304163966000033, -9.570732804999977, 0.0 ], [ 119.303692195000053, -9.570977420999952, 0.0 ], [ 119.303578395000045, -9.571034201999964, 0.0 ], [ 119.303497676, -9.571143297999981, 0.0 ], [ 119.303201444000024, -9.571649158999946, 0.0 ], [ 119.303059927000049, -9.571694874999935, 0.0 ], [ 119.302801677000048, -9.571696547999977, 0.0 ], [ 119.302539053000032, -9.57174575099998, 0.0 ], [ 119.302315853000096, -9.571857125999941, 0.0 ], [ 119.302129443000013, -9.572033861999955, 0.0 ], [ 119.302040211000076, -9.572222605999968, 0.0 ], [ 119.302046648000101, -9.572382855999933, 0.0 ], [ 119.302071367000053, -9.572457483999926, 0.0 ], [ 119.302201806000085, -9.572934741999973, 0.0 ], [ 119.302340056000048, -9.573310708999941, 0.0 ], [ 119.302629331000048, -9.573698866999962, 0.0 ], [ 119.302859270000113, -9.574169006999966, 0.0 ], [ 119.303169400000115, -9.574653302999934, 0.0 ], [ 119.303461275000018, -9.575076622999973, 0.0 ], [ 119.303663322000034, -9.57551112699997, 0.0 ], [ 119.304046831000051, -9.576006304999964, 0.0 ], [ 119.304131528000084, -9.576085958999954, 0.0 ], [ 119.30427162, -9.576217680999946, 0.0 ], [ 119.304600267000069, -9.57666465899996, 0.0 ], [ 119.304818548000071, -9.576961523999955, 0.0 ], [ 119.30497195800001, -9.577206833999981, 0.0 ], [ 119.305376337000098, -9.577823680999927, 0.0 ], [ 119.305650495, -9.578154085999927, 0.0 ], [ 119.305853298000102, -9.578521586999955, 0.0 ], [ 119.306130705000101, -9.578978255999971, 0.0 ], [ 119.306413226000018, -9.579302718999941, 0.0 ], [ 119.306546786000013, -9.579622107999967, 0.0 ], [ 119.306620275000114, -9.579849451999962, 0.0 ], [ 119.306753897000021, -9.580059000999938, 0.0 ], [ 119.306857099000013, -9.580141906999927, 0.0 ], [ 119.306876360000047, -9.580196380999951, 0.0 ], [ 119.306929927000056, -9.580348088999926, 0.0 ] ] ] ] } },
{ "type": "Feature", "properties": { "nm_kecamatan": "Kodi Balaghar" }, "geometry": { "type": "MultiPolygon", "coordinates": [ [ [ [ 119.096014195000066, -9.714789541999949, 0.0 ], [ 119.095961321000118, -9.714601596999955, 0.0 ], [ 119.095906046000096, -9.714445209999951, 0.0 ], [ 119.095936983000115, -9.714379187999953, 0.0 ], [ 119.096052437000026, -9.71435827199997, 0.0 ], [ 119.096088538000117, -9.714403458999925, 0.0 ], [ 119.09623388600005, -9.714600163999933, 0.0 ], [ 119.096273613000108, -9.71472345899997, 0.0 ], [ 119.096236598000019, -9.714860912999939, 0.0 ], [ 119.096214855000085, -9.714910424999971, 0.0 ], [ 119.096092765000094, -9.714873866999937, 0.0 ], [ 119.096014195000066, -9.714789541999949, 0.0 ] ] ], [ [ [ 119.070634116000065, -9.672246342999927, 0.0 ], [ 119.070491348000019, -9.672346280999932, 0.0 ], [ 119.070350960000042, -9.672472391999975, 0.0 ], [ 119.070246065000106, -9.672675438999931, 0.0 ], [ 119.070103298000049, -9.67293123099995, 0.0 ], [ 119.069764225000085, -9.673222714999952, 0.0 ], [ 119.069389460000025, -9.673341687999937, 0.0 ], [ 119.069050386000072, -9.673401174999981, 0.0 ], [ 119.068782697000074, -9.67341307199996, 0.0 ], [ 119.068479316000094, -9.673436866999964, 0.0 ], [ 119.067949886000065, -9.67347850699997, 0.0 ], [ 119.067604864000032, -9.673680761999947, 0.0 ], [ 119.067384764000053, -9.673835426999972, 0.0 ], [ 119.06717656100011, -9.67389491299997, 0.0 ], [ 119.066944563000106, -9.673871117999965, 0.0 ], [ 119.066748258000075, -9.67389491299997, 0.0 ], [ 119.066599541000073, -9.674001988999976, 0.0 ], [ 119.066480568000088, -9.67416855099998, 0.0 ], [ 119.06626046800011, -9.674352958999975, 0.0 ], [ 119.066004676000034, -9.674442188999933, 0.0 ], [ 119.065725090000115, -9.67453736799996, 0.0 ], [ 119.065380068000081, -9.674596853999958, 0.0 ], [ 119.065148070000077, -9.674620648999962, 0.0 ], [ 119.064910124000107, -9.67468013499996, 0.0 ], [ 119.064624589000118, -9.67481100599997, 0.0 ], [ 119.064386643000034, -9.674858594999932, 0.0 ], [ 119.064148697000064, -9.674852645999977, 0.0 ], [ 119.063910751000094, -9.67481100599997, 0.0 ], [ 119.063708496000118, -9.674769364999975, 0.0 ], [ 119.063488396000025, -9.674781261999954, 0.0 ], [ 119.063244501000099, -9.674924029999943, 0.0 ], [ 119.063119580000034, -9.675090591999947, 0.0 ], [ 119.063006555000015, -9.675215513999945, 0.0 ], [ 119.062804301000028, -9.675310691999925, 0.0 ], [ 119.062619893000033, -9.675393972999927, 0.0 ], [ 119.062322460000019, -9.675483202999942, 0.0 ], [ 119.062114257000076, -9.675572432999957, 0.0 ], [ 119.062001233000046, -9.675691405999942, 0.0 ], [ 119.061894157000097, -9.675852019999979, 0.0 ], [ 119.061739492000015, -9.67615540099996, 0.0 ], [ 119.061650263000047, -9.676345757999968, 0.0 ], [ 119.061572930000011, -9.676482576999945, 0.0 ], [ 119.061424214000112, -9.676649138999949, 0.0 ], [ 119.061334984000041, -9.676768111999934, 0.0 ], [ 119.061168422000037, -9.677029852999965, 0.0 ], [ 119.061085141000035, -9.677202363999982, 0.0 ], [ 119.060859092000101, -9.677339182999958, 0.0 ], [ 119.060621146000017, -9.677511693999975, 0.0 ], [ 119.060496224000076, -9.677553333999981, 0.0 ], [ 119.060323713000116, -9.677594974999977, 0.0 ], [ 119.060186894000026, -9.67769610199997, 0.0 ], [ 119.060061972000085, -9.677880509999966, 0.0 ], [ 119.059960845000091, -9.678171993999968, 0.0 ], [ 119.059714353000118, -9.678353497999979, 0.0 ], [ 119.059300327000074, -9.678467711999929, 0.0 ], [ 119.058929131000014, -9.678581925999936, 0.0 ], [ 119.058672149000017, -9.678774661999967, 0.0 ], [ 119.058415167000021, -9.678910290999966, 0.0 ], [ 119.058236708000095, -9.678988813999979, 0.0 ], [ 119.058022556000083, -9.679017366999972, 0.0 ], [ 119.057572838000056, -9.678981674999932, 0.0 ], [ 119.05733013300005, -9.67896025999994, 0.0 ], [ 119.057123120000028, -9.678953121999939, 0.0 ], [ 119.056958937000104, -9.679045920999954, 0.0 ], [ 119.056809031000057, -9.679181549999953, 0.0 ], [ 119.056716232000099, -9.679374285999927, 0.0 ], [ 119.056751924000082, -9.679538468999965, 0.0 ], [ 119.056901830000015, -9.679702651999946, 0.0 ], [ 119.057016044000079, -9.679888249999976, 0.0 ], [ 119.057016044000079, -9.680038155999966, 0.0 ], [ 119.056930384000111, -9.680130954999981, 0.0 ], [ 119.056744786000081, -9.68023089199994, 0.0 ], [ 119.056637710000018, -9.680352244999938, 0.0 ], [ 119.056609156000036, -9.680530703999978, 0.0 ], [ 119.056609156000036, -9.680744855999933, 0.0 ], [ 119.056552049000061, -9.681137466999928, 0.0 ], [ 119.056416420000119, -9.681294510999976, 0.0 ], [ 119.05624509900008, -9.681936965999967, 0.0 ], [ 119.05624509900008, -9.682365268999945, 0.0 ], [ 119.056337898000038, -9.682650803999934, 0.0 ], [ 119.05654491100006, -9.68293633899998, 0.0 ], [ 119.056737647000091, -9.68308624499997, 0.0 ], [ 119.056816169000058, -9.683236151999949, 0.0 ], [ 119.056823308000048, -9.683485994999955, 0.0 ], [ 119.056651987, -9.684042788999932, 0.0 ], [ 119.056330759000048, -9.684463952999977, 0.0 ], [ 119.056073778000041, -9.685020746999953, 0.0 ], [ 119.0559452870001, -9.685292005999941, 0.0 ], [ 119.055795381000053, -9.685570402999929, 0.0 ], [ 119.05558122900004, -9.685784553999952, 0.0 ], [ 119.055374216000018, -9.685941598999932, 0.0 ], [ 119.055202895000093, -9.685991566999974, 0.0 ], [ 119.054688931000101, -9.686091504999979, 0.0 ], [ 119.054510472000061, -9.686091504999979, 0.0 ], [ 119.051782225000011, -9.68100388199997, 0.0 ], [ 119.051409728000067, -9.681057095999961, 0.0 ], [ 119.051285283000084, -9.681058443999973, 0.0 ], [ 119.051037819000044, -9.680810979999933, 0.0 ], [ 119.050876015000085, -9.680534962999957, 0.0 ], [ 119.050504819000025, -9.679925820999927, 0.0 ], [ 119.05038584600004, -9.679764016999968, 0.0 ], [ 119.050181213000087, -9.679445169999951, 0.0 ], [ 119.050126054000089, -9.679354365999927, 0.0 ], [ 119.049453267000104, -9.678246813999976, 0.0 ], [ 119.049656195000011, -9.678161499999931, 0.0 ], [ 119.052827431000082, -9.676828275999981, 0.0 ], [ 119.052781829000082, -9.676662905999933, 0.0 ], [ 119.05268189200001, -9.676355955999952, 0.0 ], [ 119.052617646000044, -9.675856268999951, 0.0 ], [ 119.052410633000022, -9.67522095299995, 0.0 ], [ 119.051982330000101, -9.674264409999978, 0.0 ], [ 119.052745109000057, -9.673912065999957, 0.0 ], [ 119.053941897000072, -9.673397370999965, 0.0 ], [ 119.054772799000034, -9.67292171899993, 0.0 ], [ 119.054426246000048, -9.672616559999938, 0.0 ], [ 119.053624158000048, -9.67205151099995, 0.0 ], [ 119.05295315, -9.671209181999927, 0.0 ], [ 119.052610508000043, -9.670609557999967, 0.0 ], [ 119.052403495000021, -9.669488830999967, 0.0 ], [ 119.052317834000064, -9.668725023999968, 0.0 ], [ 119.052332111000055, -9.667504360999942, 0.0 ], [ 119.052403495000021, -9.667383007999945, 0.0 ], [ 119.052639061000036, -9.667411561999927, 0.0 ], [ 119.052924597000015, -9.66747580699996, 0.0 ], [ 119.053245824000101, -9.667447253999967, 0.0 ], [ 119.053659850000031, -9.667390146999935, 0.0 ], [ 119.0540167690001, -9.66729020899993, 0.0 ], [ 119.054295166000088, -9.667233101999955, 0.0 ], [ 119.054487903000108, -9.667118887999948, 0.0 ], [ 119.054830545000073, -9.66699039699995, 0.0 ], [ 119.055058973000087, -9.666933289999974, 0.0 ], [ 119.055315955000083, -9.666904736999982, 0.0 ], [ 119.055565798000089, -9.666854767999951, 0.0 ], [ 119.055737120000117, -9.666719138999952, 0.0 ], [ 119.05599410100001, -9.666526401999931, 0.0 ], [ 119.056372436000061, -9.666312250999965, 0.0 ], [ 119.056643694000059, -9.666183759999967, 0.0 ], [ 119.056857846000071, -9.666055268999969, 0.0 ], [ 119.057129104000069, -9.665983884999946, 0.0 ], [ 119.057271872000115, -9.665948192999963, 0.0 ], [ 119.05744319300004, -9.665898224999978, 0.0 ], [ 119.057607376000078, -9.665812563999964, 0.0 ], [ 119.057721590000028, -9.66573404199994, 0.0 ], [ 119.057921465000049, -9.665684072999966, 0.0 ], [ 119.058135616000072, -9.665655519999973, 0.0 ], [ 119.058417550000058, -9.66570797199995, 0.0 ], [ 119.060721544000103, -9.665063686999929, 0.0 ], [ 119.059637805000079, -9.664315536999936, 0.0 ], [ 119.059425557000054, -9.664169195999932, 0.0 ], [ 119.057468669000059, -9.662819869999964, 0.0 ], [ 119.055964363000044, -9.661782633999962, 0.0 ], [ 119.055768489000116, -9.66165400899996, 0.0 ], [ 119.055597181000053, -9.661541510999939, 0.0 ], [ 119.055433123000057, -9.661433780999971, 0.0 ], [ 119.05507096000008, -9.661195939999971, 0.0 ], [ 119.054767792, -9.661001881999937, 0.0 ], [ 119.053301840000017, -9.660034225999937, 0.0 ], [ 119.053200987000082, -9.660064869999928, 0.0 ], [ 119.052912567000021, -9.660163058999956, 0.0 ], [ 119.052360770000064, -9.660257957999931, 0.0 ], [ 119.051615642000115, -9.660512530999938, 0.0 ], [ 119.051135900000077, -9.660548272999961, 0.0 ], [ 119.050584143000037, -9.660647332999929, 0.0 ], [ 119.050537272000042, -9.660654929999964, 0.0 ], [ 119.045337676000031, -9.661412878999954, 0.0 ], [ 119.045383255000047, -9.661574680999934, 0.0 ], [ 119.046866942000065, -9.66634001999995, 0.0 ], [ 119.040706149000016, -9.666592244999947, 0.0 ], [ 119.040591393000113, -9.666597708999973, 0.0 ], [ 119.04058422300011, -9.666598049999948, 0.0 ], [ 119.039962885000023, -9.666627637999966, 0.0 ], [ 119.039247182000054, -9.665910330999964, 0.0 ], [ 119.035067058000095, -9.663024911999969, 0.0 ], [ 119.034942091000062, -9.662938650999934, 0.0 ], [ 119.034133720000113, -9.662269755999944, 0.0 ], [ 119.032316664000064, -9.663057716999958, 0.0 ], [ 119.031958397000039, -9.66261379599996, 0.0 ], [ 119.03119989400011, -9.663192725999977, 0.0 ], [ 119.030061174000025, -9.663541229999964, 0.0 ], [ 119.029185532000042, -9.663664961999928, 0.0 ], [ 119.027828817000113, -9.663858028999925, 0.0 ], [ 119.026927557000022, -9.663968196999974, 0.0 ], [ 119.025111498000115, -9.664190188999953, 0.0 ], [ 119.023812271000111, -9.664095127999929, 0.0 ], [ 119.023313061000067, -9.664058602999944, 0.0 ], [ 119.023005342000033, -9.664036087999932, 0.0 ], [ 119.022109030000024, -9.664310929999942, 0.0 ], [ 119.02152331700006, -9.664393649999965, 0.0 ], [ 119.02141305300006, -9.664399464999974, 0.0 ], [ 119.020657544000073, -9.664216996999926, 0.0 ], [ 119.020383585000104, -9.664092469999957, 0.0 ], [ 119.020187135000015, -9.664003174999948, 0.0 ], [ 119.020134062000011, -9.663979050999956, 0.0 ], [ 119.019781902000091, -9.663969532999943, 0.0 ], [ 119.019492716000059, -9.664079224999966, 0.0 ], [ 119.019454020000012, -9.664006258999962, 0.0 ], [ 119.019196721000071, -9.663818394999964, 0.0 ], [ 119.018543648000104, -9.66331639699996, 0.0 ], [ 119.017991351000092, -9.662627991999955, 0.0 ], [ 119.017578576, -9.661913052999978, 0.0 ], [ 119.017364301000043, -9.661453446999928, 0.0 ], [ 119.017150612000023, -9.660803291999969, 0.0 ], [ 119.017014033, -9.660515966999981, 0.0 ], [ 119.016642407000063, -9.659897283999953, 0.0 ], [ 119.016471237000019, -9.659525412999926, 0.0 ], [ 119.016434512000046, -9.659241620999978, 0.0 ], [ 119.016368164000028, -9.658729269999981, 0.0 ], [ 119.01623315900008, -9.658367640999927, 0.0 ], [ 119.01607500800003, -9.658115567999971, 0.0 ], [ 119.015636065000081, -9.657648838999933, 0.0 ], [ 119.015182502000016, -9.657246525999938, 0.0 ], [ 119.014961582000069, -9.657002383999952, 0.0 ], [ 119.01496445500004, -9.656862394999962, 0.0 ], [ 119.014968796000062, -9.656565753999928, 0.0 ], [ 119.014884944000073, -9.656245349999949, 0.0 ], [ 119.014852909000069, -9.656024807999927, 0.0 ], [ 119.014930176, -9.655800848999945, 0.0 ], [ 119.015078443000107, -9.65555956399993, 0.0 ], [ 119.015184696, -9.655352462999929, 0.0 ], [ 119.015285644000073, -9.655020469999954, 0.0 ], [ 119.015197236000063, -9.654777378999938, 0.0 ], [ 119.014829969000061, -9.654296409999972, 0.0 ], [ 119.014623194000023, -9.654058350999946, 0.0 ], [ 119.014109967000081, -9.653401453999948, 0.0 ], [ 119.013466581000102, -9.652651866999975, 0.0 ], [ 119.012968939000075, -9.652003162999961, 0.0 ], [ 119.011730186000023, -9.650116068999978, 0.0 ], [ 119.011400624000089, -9.649540572999967, 0.0 ], [ 119.010572004000096, -9.648223867999945, 0.0 ], [ 119.009287630000017, -9.646656932999974, 0.0 ], [ 119.009112937000054, -9.646331973999963, 0.0 ], [ 119.008822025000086, -9.645558579999943, 0.0 ], [ 119.008461744000101, -9.644585653999968, 0.0 ], [ 119.008269988000052, -9.644078131999947, 0.0 ], [ 119.007785294000087, -9.642624376999947, 0.0 ], [ 119.007547586000101, -9.641836621999971, 0.0 ], [ 119.006961877000094, -9.639673681999966, 0.0 ], [ 119.006448161000094, -9.63793164599997, 0.0 ], [ 119.006375865000109, -9.637640646999955, 0.0 ], [ 119.006311220000043, -9.636852691999934, 0.0 ], [ 119.006228096000086, -9.635169204999954, 0.0 ], [ 119.006010425000113, -9.634509396999931, 0.0 ], [ 119.005774148000114, -9.634075570999926, 0.0 ], [ 119.005697604000034, -9.633935003999966, 0.0 ], [ 119.005485501000067, -9.633529992999968, 0.0 ], [ 119.0052342460001, -9.633104507999974, 0.0 ], [ 119.004896579000047, -9.632644717999938, 0.0 ], [ 119.0044133130001, -9.632066315999964, 0.0 ], [ 119.003837871000087, -9.631396773999938, 0.0 ], [ 119.003550180000047, -9.63106202299997, 0.0 ], [ 119.003262467000013, -9.630727272999934, 0.0 ], [ 119.003025660000048, -9.630565682999929, 0.0 ], [ 119.003116266, -9.630502886999977, 0.0 ], [ 119.003350764000061, -9.630401596999945, 0.0 ], [ 119.003494679000028, -9.630347365999967, 0.0 ], [ 119.00352496000005, -9.630309373999978, 0.0 ], [ 119.003660282000055, -9.630159797999966, 0.0 ], [ 119.003693525000017, -9.630083861999935, 0.0 ], [ 119.003740679000089, -9.63000945899995, 0.0 ], [ 119.003804807000051, -9.629815021999946, 0.0 ], [ 119.003751150000085, -9.629569462999939, 0.0 ], [ 119.003619551000043, -9.629389087999925, 0.0 ], [ 119.003501340000071, -9.629260397999929, 0.0 ], [ 119.003448204000051, -9.629105396999933, 0.0 ], [ 119.003486305000024, -9.62892405599996, 0.0 ], [ 119.003654818000086, -9.628836086999968, 0.0 ], [ 119.004099268000118, -9.628842834999944, 0.0 ], [ 119.004543299000034, -9.628892008999969, 0.0 ], [ 119.005039804000035, -9.628979709999953, 0.0 ], [ 119.005681289000108, -9.629058657999963, 0.0 ], [ 119.00609307700006, -9.629131814999937, 0.0 ], [ 119.006227615000057, -9.629158743999938, 0.0 ], [ 119.006814706000114, -9.629276243999925, 0.0 ], [ 119.007882824000035, -9.629420231999973, 0.0 ], [ 119.008201258000099, -9.62946599299994, 0.0 ], [ 119.008566487000053, -9.629425023999943, 0.0 ], [ 119.008826838000118, -9.629307048999976, 0.0 ], [ 119.009191370000053, -9.629149630999962, 0.0 ], [ 119.009513419000086, -9.628982595999958, 0.0 ], [ 119.00994611200008, -9.628770024999938, 0.0 ], [ 119.011023654000041, -9.628331565999929, 0.0 ], [ 119.011717666000095, -9.628036970999972, 0.0 ], [ 119.012197076, -9.62787325499994, 0.0 ], [ 119.01226393200011, -9.62785073799995, 0.0 ], [ 119.012655021000114, -9.627770818999977, 0.0 ], [ 119.012917483000024, -9.627777772999934, 0.0 ], [ 119.013194297000041, -9.627759185999935, 0.0 ], [ 119.013477179, -9.627753083999949, 0.0 ], [ 119.013956970000095, -9.627707971999939, 0.0 ], [ 119.014103438, -9.627709854999978, 0.0 ], [ 119.01456014900009, -9.627694991999931, 0.0 ], [ 119.015173487000084, -9.627678497999966, 0.0 ], [ 119.01536073300008, -9.627659048999931, 0.0 ], [ 119.015525589000049, -9.627624680999929, 0.0 ], [ 119.015811442000086, -9.627415932999952, 0.0 ], [ 119.016096767000022, -9.627103743999953, 0.0 ], [ 119.016185270000051, -9.627031857999953, 0.0 ], [ 119.016367927000033, -9.626879831999929, 0.0 ], [ 119.016590962, -9.626803268999936, 0.0 ], [ 119.016786462000027, -9.626763302999962, 0.0 ], [ 119.016911748000098, -9.62676255599996, 0.0 ], [ 119.01701128600007, -9.626756826999951, 0.0 ], [ 119.017063341000039, -9.626785921999954, 0.0 ], [ 119.017225868000082, -9.626922166999975, 0.0 ], [ 119.017263536000087, -9.62695373899993, 0.0 ], [ 119.017507150000029, -9.627237841999943, 0.0 ], [ 119.017915206000112, -9.627817746999938, 0.0 ], [ 119.018493558000046, -9.628500147999944, 0.0 ], [ 119.018847543000106, -9.628769802999955, 0.0 ], [ 119.019711932000064, -9.629269382999951, 0.0 ], [ 119.020221845000037, -9.629600736999976, 0.0 ], [ 119.020498144000044, -9.629782363999936, 0.0 ], [ 119.020781686000078, -9.629923628999961, 0.0 ], [ 119.020912621000093, -9.629994847999967, 0.0 ], [ 119.021365554000113, -9.630212232999952, 0.0 ], [ 119.021619031000114, -9.63041411599994, 0.0 ], [ 119.021820019000074, -9.630627422999964, 0.0 ], [ 119.02193060500008, -9.63095463999997, 0.0 ], [ 119.021997328000111, -9.631158441999958, 0.0 ], [ 119.022074211000017, -9.63144230499995, 0.0 ], [ 119.022327206000114, -9.632281864999982, 0.0 ], [ 119.022527643000103, -9.632567741999935, 0.0 ], [ 119.022788337000065, -9.632886897999981, 0.0 ], [ 119.023176282, -9.633330847999957, 0.0 ], [ 119.02341922100004, -9.633599441999934, 0.0 ], [ 119.02390841700003, -9.634046801999943, 0.0 ], [ 119.024119714000108, -9.634177320999981, 0.0 ], [ 119.02415028300004, -9.634191784999928, 0.0 ], [ 119.024554828000078, -9.634337493999965, 0.0 ], [ 119.024598896000043, -9.634353360999967, 0.0 ], [ 119.024962367000057, -9.634449832999962, 0.0 ], [ 119.02503432200001, -9.634458836999954, 0.0 ], [ 119.025074799000095, -9.63444385899993, 0.0 ], [ 119.025117339000076, -9.634439992999944, 0.0 ], [ 119.025163252000084, -9.634384740999963, 0.0 ], [ 119.025181070000031, -9.634274681999955, 0.0 ], [ 119.025225615000068, -9.633999556999981, 0.0 ], [ 119.025344742000016, -9.633824766999965, 0.0 ], [ 119.025402686, -9.633751514999972, 0.0 ], [ 119.025439080000069, -9.63374291599996, 0.0 ], [ 119.025556363000078, -9.633667774999935, 0.0 ], [ 119.025731848000078, -9.633648430999926, 0.0 ], [ 119.025833707000061, -9.633684493999965, 0.0 ], [ 119.025926420000019, -9.633737024999959, 0.0 ], [ 119.02597266600003, -9.633736749999969, 0.0 ], [ 119.026099963000092, -9.63373599199997, 0.0 ], [ 119.02620054700003, -9.63370806699993, 0.0 ], [ 119.02638150100006, -9.633657833999962, 0.0 ], [ 119.026431468000055, -9.633637618999956, 0.0 ], [ 119.026542694000113, -9.633592619999945, 0.0 ], [ 119.026806460000103, -9.633485901999961, 0.0 ], [ 119.026855187000024, -9.633466189999979, 0.0 ], [ 119.026941273000034, -9.633430584999928, 0.0 ], [ 119.027164518000063, -9.633421617999943, 0.0 ], [ 119.027246140000102, -9.63340986299994, 0.0 ], [ 119.027504735000093, -9.63339753799994, 0.0 ], [ 119.027910139000028, -9.63337821999994, 0.0 ], [ 119.028400992000115, -9.633348708999961, 0.0 ], [ 119.028924612000083, -9.633412444999976, 0.0 ], [ 119.029168707000053, -9.633421754999972, 0.0 ], [ 119.029535514000031, -9.633401698999933, 0.0 ], [ 119.029577730000028, -9.633406814999944, 0.0 ], [ 119.030092721000074, -9.633484236999948, 0.0 ], [ 119.030367230000024, -9.633578661999934, 0.0 ], [ 119.030600329000094, -9.633792392999965, 0.0 ], [ 119.030817659000036, -9.634033612999929, 0.0 ], [ 119.031219810000039, -9.634593328999927, 0.0 ], [ 119.031368168000085, -9.634876169999927, 0.0 ], [ 119.031613844000049, -9.635373347999973, 0.0 ], [ 119.031848732000071, -9.635729969999943, 0.0 ], [ 119.032041965000076, -9.635912205999944, 0.0 ], [ 119.032275671000093, -9.636009893999926, 0.0 ], [ 119.032490605000021, -9.636014689999968, 0.0 ], [ 119.032662654000092, -9.635937861999935, 0.0 ], [ 119.033210733000033, -9.635319472999981, 0.0 ], [ 119.033337170000095, -9.635090251999941, 0.0 ], [ 119.033712637, -9.633777235999958, 0.0 ], [ 119.033904095000025, -9.631998282999973, 0.0 ], [ 119.033981202000064, -9.631314877999955, 0.0 ], [ 119.034087137000029, -9.630852543999936, 0.0 ], [ 119.034158543000103, -9.630610864999937, 0.0 ], [ 119.034309435000068, -9.630392351999944, 0.0 ], [ 119.034432222000078, -9.630291927999963, 0.0 ], [ 119.034516889000088, -9.630222676999949, 0.0 ], [ 119.034738860000061, -9.63014895799995, 0.0 ], [ 119.035267500000032, -9.630147689999944, 0.0 ], [ 119.035646121000013, -9.630201409999927, 0.0 ], [ 119.035914968000043, -9.630283179999935, 0.0 ], [ 119.036402894000048, -9.630431576999968, 0.0 ], [ 119.036555448000058, -9.630477973999973, 0.0 ], [ 119.03681446600001, -9.630556750999972, 0.0 ], [ 119.037421997000024, -9.630742940999937, 0.0 ], [ 119.038179516000014, -9.630708284999969, 0.0 ], [ 119.038214189000087, -9.630700282999953, 0.0 ], [ 119.038479015, -9.630699890999949, 0.0 ], [ 119.0389060440001, -9.630843217999939, 0.0 ], [ 119.039121213000044, -9.630975317999969, 0.0 ], [ 119.039489030000027, -9.631459906999964, 0.0 ], [ 119.03972485700001, -9.631789266999931, 0.0 ], [ 119.040686826000069, -9.63317937599993, 0.0 ], [ 119.041224109000041, -9.633741595999936, 0.0 ], [ 119.041248327000062, -9.633766962999971, 0.0 ], [ 119.04145212200001, -9.633933237999941, 0.0 ], [ 119.042689046000078, -9.634260780999966, 0.0 ], [ 119.042988918000106, -9.634245974999942, 0.0 ], [ 119.043482110000014, -9.634125239999946, 0.0 ], [ 119.044046378000075, -9.633859442999949, 0.0 ], [ 119.044675045000076, -9.633456907999971, 0.0 ], [ 119.0462309830001, -9.632544905999964, 0.0 ], [ 119.046473736000053, -9.632400095999969, 0.0 ], [ 119.046908309000059, -9.631962753999971, 0.0 ], [ 119.047190767000075, -9.631584252999971, 0.0 ], [ 119.047383670000045, -9.63131846999994, 0.0 ], [ 119.04837284000007, -9.630650862999971, 0.0 ], [ 119.049049408000087, -9.630248282999958, 0.0 ], [ 119.049767547000101, -9.629699001999938, 0.0 ], [ 119.050978515000111, -9.628380863999951, 0.0 ], [ 119.051289422000082, -9.628010393999944, 0.0 ], [ 119.051706422000052, -9.627418348999981, 0.0 ], [ 119.051749075000089, -9.627361986999972, 0.0 ], [ 119.052531782000074, -9.626248188999966, 0.0 ], [ 119.052734292000082, -9.625973611999939, 0.0 ], [ 119.053010732000075, -9.625610672999926, 0.0 ], [ 119.053066028000103, -9.62549435699998, 0.0 ], [ 119.053319106000117, -9.625100002999943, 0.0 ], [ 119.05337889000009, -9.625000487999955, 0.0 ], [ 119.054365573000041, -9.623358799999949, 0.0 ], [ 119.055386156000054, -9.62222000099996, 0.0 ], [ 119.055597687000045, -9.62198843799996, 0.0 ], [ 119.056490595000014, -9.62023893199995, 0.0 ], [ 119.057639990000098, -9.621309811999936, 0.0 ], [ 119.059166787000095, -9.622732312999972, 0.0 ], [ 119.059402194000086, -9.62295163999994, 0.0 ], [ 119.061281187000077, -9.624702277999972, 0.0 ], [ 119.06130629900008, -9.624698096999964, 0.0 ], [ 119.061299539000061, -9.625000640999929, 0.0 ], [ 119.06128827200007, -9.62554406199996, 0.0 ], [ 119.061311975000081, -9.625587131999964, 0.0 ], [ 119.061330832000067, -9.625621395999929, 0.0 ], [ 119.061346711000056, -9.625650248999932, 0.0 ], [ 119.061442381, -9.625854672999935, 0.0 ], [ 119.06146517500008, -9.625941937999926, 0.0 ], [ 119.061481745000037, -9.626027839999949, 0.0 ], [ 119.06149042800007, -9.62607285799993, 0.0 ], [ 119.061509025000078, -9.626255373999982, 0.0 ], [ 119.061574130000054, -9.626313591999974, 0.0 ], [ 119.061570619, -9.626373840999975, 0.0 ], [ 119.061584793000065, -9.626531442999976, 0.0 ], [ 119.061633553000092, -9.626577465999958, 0.0 ], [ 119.061707160000083, -9.626672592999967, 0.0 ], [ 119.061780379000083, -9.627068383999926, 0.0 ], [ 119.061713525000073, -9.627162515999942, 0.0 ], [ 119.061617132000038, -9.627159700999925, 0.0 ], [ 119.061432758000024, -9.627165263999927, 0.0 ], [ 119.061378991000083, -9.627190048999978, 0.0 ], [ 119.061178549000033, -9.627330518999941, 0.0 ], [ 119.061151659000075, -9.627379018999932, 0.0 ], [ 119.061051038000073, -9.627560498999969, 0.0 ], [ 119.06107863200009, -9.62777373299997, 0.0 ], [ 119.061016044000098, -9.627805185999932, 0.0 ], [ 119.060727900000074, -9.62797831499995, 0.0 ], [ 119.061040150000053, -9.628662346999931, 0.0 ], [ 119.061049170000047, -9.628682106999975, 0.0 ], [ 119.061458309000045, -9.629578391999928, 0.0 ], [ 119.061577863000025, -9.629700732999936, 0.0 ], [ 119.061592653000048, -9.629714365999973, 0.0 ], [ 119.061778083000036, -9.629885277999961, 0.0 ], [ 119.061849880000068, -9.630036949999976, 0.0 ], [ 119.061897043000045, -9.630121929999973, 0.0 ], [ 119.061733134000065, -9.631084400999953, 0.0 ], [ 119.061651292000079, -9.631624555999963, 0.0 ], [ 119.06163983700003, -9.631700160999969, 0.0 ], [ 119.061495188000094, -9.632654844999934, 0.0 ], [ 119.061314349000099, -9.633321093999939, 0.0 ], [ 119.061734320000028, -9.634329238999953, 0.0 ], [ 119.061737846000028, -9.634444102999964, 0.0 ], [ 119.06184277400007, -9.634589583999968, 0.0 ], [ 119.061918657000092, -9.634705765999968, 0.0 ], [ 119.062019031000091, -9.63485944699994, 0.0 ], [ 119.062220483000033, -9.635167886999966, 0.0 ], [ 119.0624286850001, -9.635486662999938, 0.0 ], [ 119.062456490000045, -9.635529233999932, 0.0 ], [ 119.063272731000097, -9.635979117999966, 0.0 ], [ 119.06377787200006, -9.636257533999981, 0.0 ], [ 119.064144677000058, -9.636597718999951, 0.0 ], [ 119.064293434000092, -9.636661857999968, 0.0 ], [ 119.064586413000029, -9.63640827699993, 0.0 ], [ 119.064552781000089, -9.63572927499996, 0.0 ], [ 119.064530163000086, -9.635272624999971, 0.0 ], [ 119.06432050300009, -9.633891638999955, 0.0 ], [ 119.064395519000072, -9.63386590999994, 0.0 ], [ 119.064544194000064, -9.633791660999975, 0.0 ], [ 119.064694391000103, -9.633716651999976, 0.0 ], [ 119.064936049000039, -9.633562143999939, 0.0 ], [ 119.065104549000012, -9.633419333999939, 0.0 ], [ 119.065465615000107, -9.633210104999932, 0.0 ], [ 119.065523123000048, -9.633171500999936, 0.0 ], [ 119.065661332000104, -9.633027332999973, 0.0 ], [ 119.06581114700009, -9.632783313999937, 0.0 ], [ 119.065865098000017, -9.632691698999963, 0.0 ], [ 119.066346702000033, -9.632434402999934, 0.0 ], [ 119.066544014000101, -9.632328989999962, 0.0 ], [ 119.066594455000086, -9.632293986999969, 0.0 ], [ 119.066666231000113, -9.632232573999943, 0.0 ], [ 119.066742883000074, -9.632163866999974, 0.0 ], [ 119.067293773000074, -9.631866926999976, 0.0 ], [ 119.067371581000089, -9.631796339999937, 0.0 ], [ 119.067456923, -9.631638837999958, 0.0 ], [ 119.067505643000118, -9.631501594999975, 0.0 ], [ 119.067575017000081, -9.631411398999944, 0.0 ], [ 119.067711675000055, -9.63116744499996, 0.0 ], [ 119.067746361000104, -9.631116584999972, 0.0 ], [ 119.068482298000049, -9.63045077299995, 0.0 ], [ 119.069387305000078, -9.629818209999939, 0.0 ], [ 119.07046970500005, -9.629090453999936, 0.0 ], [ 119.07169461400008, -9.628325055999937, 0.0 ], [ 119.073031237, -9.627535861999945, 0.0 ], [ 119.074312143000043, -9.626761680999948, 0.0 ], [ 119.075810995000097, -9.626089523999951, 0.0 ], [ 119.07702899700007, -9.625255795999976, 0.0 ], [ 119.077402238000104, -9.625000303999968, 0.0 ], [ 119.078785337000113, -9.624271835999934, 0.0 ], [ 119.078908133000027, -9.624228615999925, 0.0 ], [ 119.07985299500001, -9.623896056999968, 0.0 ], [ 119.079950509000014, -9.623879604999956, 0.0 ], [ 119.079949335000038, -9.623522869999931, 0.0 ], [ 119.080149210000059, -9.623087428999952, 0.0 ], [ 119.080441884000038, -9.622823308999955, 0.0 ], [ 119.080898740000066, -9.622794754999973, 0.0 ], [ 119.081805315000111, -9.62288041599993, 0.0 ], [ 119.085420163000094, -9.62199751199995, 0.0 ], [ 119.08661789100006, -9.621253964999937, 0.0 ], [ 119.08825020900008, -9.620428410999978, 0.0 ], [ 119.090683962000071, -9.619431831999975, 0.0 ], [ 119.091787974000113, -9.619000344999961, 0.0 ], [ 119.09266900800003, -9.618498566999961, 0.0 ], [ 119.093933799000069, -9.617716085999973, 0.0 ], [ 119.095511443000078, -9.61621785799997, 0.0 ], [ 119.096126308000066, -9.615633943999967, 0.0 ], [ 119.09927062600002, -9.613827284999957, 0.0 ], [ 119.099684216000014, -9.614208062999978, 0.0 ], [ 119.100420308000025, -9.614215197999954, 0.0 ], [ 119.100478258000066, -9.614218260999962, 0.0 ], [ 119.100760692000108, -9.614233191999972, 0.0 ], [ 119.100904591000017, -9.614277471999969, 0.0 ], [ 119.1010904850001, -9.614505192999957, 0.0 ], [ 119.101154927000039, -9.614689339999927, 0.0 ], [ 119.101159529000029, -9.614702488999967, 0.0 ], [ 119.101246633000073, -9.615344045999962, 0.0 ], [ 119.101365418000114, -9.61587723699995, 0.0 ], [ 119.101397843000086, -9.61602278099997, 0.0 ], [ 119.101423809000039, -9.616193296999938, 0.0 ], [ 119.101377905000049, -9.616338590999931, 0.0 ], [ 119.101344962000098, -9.616373893999935, 0.0 ], [ 119.101260747000083, -9.616464142999973, 0.0 ], [ 119.101122220000093, -9.616548860999956, 0.0 ], [ 119.10082688600005, -9.616884269999957, 0.0 ], [ 119.100753952000105, -9.617059708999932, 0.0 ], [ 119.100764232000074, -9.61721474899997, 0.0 ], [ 119.100878218000048, -9.617311690999941, 0.0 ], [ 119.101174978000017, -9.617316314999925, 0.0 ], [ 119.101344962000098, -9.617318925999939, 0.0 ], [ 119.10148124400007, -9.617321018999974, 0.0 ], [ 119.102076484, -9.617283024999949, 0.0 ], [ 119.102118327000085, -9.617287179999948, 0.0 ], [ 119.10215397200011, -9.617286519999936, 0.0 ], [ 119.10304441400001, -9.617207909999934, 0.0 ], [ 119.103077362000022, -9.617218355999967, 0.0 ], [ 119.103190815000062, -9.617254301999935, 0.0 ], [ 119.103530416000012, -9.617440457999976, 0.0 ], [ 119.103979330000016, -9.617821896999942, 0.0 ], [ 119.104156878000026, -9.617842966999945, 0.0 ], [ 119.104257771000107, -9.617780492999941, 0.0 ], [ 119.104355281000039, -9.617604461999974, 0.0 ], [ 119.104447511000103, -9.617292862999932, 0.0 ], [ 119.104569853000044, -9.617159395999977, 0.0 ], [ 119.1046442170001, -9.617118484999935, 0.0 ], [ 119.10482029700006, -9.617021613999952, 0.0 ], [ 119.10501229800002, -9.617005316999951, 0.0 ], [ 119.105585632000043, -9.617038348999927, 0.0 ], [ 119.105793472000073, -9.617147239999952, 0.0 ], [ 119.106071175000011, -9.617285581999965, 0.0 ], [ 119.106267062000029, -9.617425930999957, 0.0 ], [ 119.106405926000093, -9.617616103999978, 0.0 ], [ 119.106558093000103, -9.61823901799994, 0.0 ], [ 119.106545277, -9.618441949999976, 0.0 ], [ 119.106542991000083, -9.618478147999951, 0.0 ], [ 119.106477011000038, -9.619521793999979, 0.0 ], [ 119.106535075000011, -9.619677249999938, 0.0 ], [ 119.10657702200001, -9.619744686999979, 0.0 ], [ 119.106684242000028, -9.61985294699997, 0.0 ], [ 119.10677274000011, -9.619914893999976, 0.0 ], [ 119.10711239200009, -9.620152640999947, 0.0 ], [ 119.107521717000054, -9.620439157999954, 0.0 ], [ 119.108164969000086, -9.620843428999933, 0.0 ], [ 119.108490296000014, -9.621036971999956, 0.0 ], [ 119.108590344000049, -9.62117268999998, 0.0 ], [ 119.108961684000064, -9.621676408999974, 0.0 ], [ 119.109143076, -9.621899097999972, 0.0 ], [ 119.109476823000023, -9.622139862999973, 0.0 ], [ 119.109710171000074, -9.622256753999977, 0.0 ], [ 119.110082014000113, -9.622367507999968, 0.0 ], [ 119.110614798000029, -9.622398783999927, 0.0 ], [ 119.111158388000035, -9.622271973999943, 0.0 ], [ 119.111950303000071, -9.622204776999979, 0.0 ], [ 119.1121645610001, -9.622186595999949, 0.0 ], [ 119.112448266000115, -9.622200740999972, 0.0 ], [ 119.112652061000063, -9.622261296999966, 0.0 ], [ 119.112707137000029, -9.622492148999982, 0.0 ], [ 119.112750436000056, -9.622682084999951, 0.0 ], [ 119.112854200000015, -9.622834043999944, 0.0 ], [ 119.113180701000033, -9.623209704999965, 0.0 ], [ 119.113262927000051, -9.623293408999928, 0.0 ], [ 119.113480027000037, -9.623448203999942, 0.0 ], [ 119.113828107000018, -9.623539209999933, 0.0 ], [ 119.114030715000013, -9.623560364999946, 0.0 ], [ 119.114071283000044, -9.623564596999927, 0.0 ], [ 119.114263529000027, -9.623507718999974, 0.0 ], [ 119.114519974000018, -9.623306174999925, 0.0 ], [ 119.11463948700009, -9.623138376999975, 0.0 ], [ 119.1150720280001, -9.62264276999997, 0.0 ], [ 119.115378408000083, -9.622420240999929, 0.0 ], [ 119.115516981000042, -9.622364595999954, 0.0 ], [ 119.116037452000114, -9.62242073699997, 0.0 ], [ 119.11657819800007, -9.622625452999955, 0.0 ], [ 119.117322373000093, -9.622906672999932, 0.0 ], [ 119.117695108000021, -9.623007218999931, 0.0 ], [ 119.11805830600008, -9.623045131999959, 0.0 ], [ 119.118243106000023, -9.62299282999993, 0.0 ], [ 119.118509276000054, -9.622827908999966, 0.0 ], [ 119.118625279000071, -9.622666455999934, 0.0 ], [ 119.118710089000047, -9.622138768999946, 0.0 ], [ 119.118826677000015, -9.62186784499994, 0.0 ], [ 119.118925061000027, -9.621742959999949, 0.0 ], [ 119.119209984, -9.621659289999968, 0.0 ], [ 119.119994528, -9.621478112999966, 0.0 ], [ 119.120243797000057, -9.621392912999966, 0.0 ], [ 119.120642567000118, -9.620915597999954, 0.0 ], [ 119.120908328000041, -9.620754518999945, 0.0 ], [ 119.121143861000064, -9.620647565999946, 0.0 ], [ 119.121255470000051, -9.620560848999958, 0.0 ], [ 119.121355283000071, -9.62026911199996, 0.0 ], [ 119.121414015000028, -9.619918971999937, 0.0 ], [ 119.121417693000012, -9.619825204999927, 0.0 ], [ 119.121428291000029, -9.619554768999933, 0.0 ], [ 119.121417018000102, -9.619194225999934, 0.0 ], [ 119.121470438000074, -9.619054828999936, 0.0 ], [ 119.121588983000038, -9.618952644999979, 0.0 ], [ 119.121718792000024, -9.618929965999939, 0.0 ], [ 119.121895451000114, -9.618989425999928, 0.0 ], [ 119.12246251800002, -9.619468188999974, 0.0 ], [ 119.122683841000025, -9.619650718999935, 0.0 ], [ 119.122913295000103, -9.619780611999943, 0.0 ], [ 119.123028779000038, -9.619815313999936, 0.0 ], [ 119.123208657000077, -9.619869379999955, 0.0 ], [ 119.123520576000033, -9.61989786099997, 0.0 ], [ 119.123800405000111, -9.619865863999962, 0.0 ], [ 119.123949620000076, -9.619806194999967, 0.0 ], [ 119.124102994000054, -9.619667337999942, 0.0 ], [ 119.124130124000089, -9.61960116399996, 0.0 ], [ 119.124148865000052, -9.619270059999963, 0.0 ], [ 119.124170280000044, -9.619063046999941, 0.0 ], [ 119.12412031100007, -9.618827479999936, 0.0 ], [ 119.124084619000087, -9.61857763699993, 0.0 ], [ 119.123941851000041, -9.618213578999928, 0.0 ], [ 119.123813361000089, -9.617956597999978, 0.0 ], [ 119.123741977, -9.617756722999957, 0.0 ], [ 119.123784807000106, -9.617542570999944, 0.0 ], [ 119.124098896000078, -9.617328419999978, 0.0 ], [ 119.124291632000109, -9.617299865999939, 0.0 ], [ 119.124669621000066, -9.617439229999945, 0.0 ], [ 119.124999615000092, -9.617590997999969, 0.0 ], [ 119.125078025000107, -9.617629441999952, 0.0 ], [ 119.125356209000074, -9.617826142999945, 0.0 ], [ 119.125807969000107, -9.618290225999942, 0.0 ], [ 119.125944606000076, -9.618456484999967, 0.0 ], [ 119.126141436000012, -9.618588342999942, 0.0 ], [ 119.126195811000116, -9.618865715999959, 0.0 ], [ 119.126341989000025, -9.619251711999937, 0.0 ], [ 119.126626020000117, -9.619828429999927, 0.0 ], [ 119.12683276700011, -9.620159271999967, 0.0 ], [ 119.127086148000103, -9.620483805999982, 0.0 ], [ 119.127234558000055, -9.620673899999929, 0.0 ], [ 119.127555018000066, -9.621286931999975, 0.0 ], [ 119.128075120000062, -9.621907929999963, 0.0 ], [ 119.128345521000028, -9.622335208999971, 0.0 ], [ 119.12852345500005, -9.622646679999946, 0.0 ], [ 119.128780925000115, -9.623080208999966, 0.0 ], [ 119.1290550330001, -9.62344997699995, 0.0 ], [ 119.129215418000058, -9.623933928999975, 0.0 ], [ 119.129350052000063, -9.624424024999939, 0.0 ], [ 119.129414992000079, -9.624766583999929, 0.0 ], [ 119.129451930000073, -9.625000242999931, 0.0 ], [ 119.129455714000073, -9.625114365999934, 0.0 ], [ 119.12942626600011, -9.626490892999925, 0.0 ], [ 119.129435901000079, -9.627515459999927, 0.0 ], [ 119.129369243000042, -9.628394398999944, 0.0 ], [ 119.129247652000117, -9.62925817799993, 0.0 ], [ 119.129220494000037, -9.630401430999939, 0.0 ], [ 119.12914502700005, -9.631127239999955, 0.0 ], [ 119.129118929000015, -9.631721428999981, 0.0 ], [ 119.129081014, -9.632462020999981, 0.0 ], [ 119.129079520000118, -9.632491364999964, 0.0 ], [ 119.129023083000106, -9.632996620999961, 0.0 ], [ 119.128938549000054, -9.633556553999938, 0.0 ], [ 119.128929705000019, -9.634428210999943, 0.0 ], [ 119.128923534000023, -9.635060393999936, 0.0 ], [ 119.128936563000025, -9.635580153999967, 0.0 ], [ 119.12891680000007, -9.635864961999971, 0.0 ], [ 119.128905517000021, -9.636583362999943, 0.0 ], [ 119.128908208000098, -9.637164334999966, 0.0 ], [ 119.129018865000035, -9.638685368999973, 0.0 ], [ 119.129088908000085, -9.639459977999934, 0.0 ], [ 119.129126861000032, -9.640241523999975, 0.0 ], [ 119.129137993000086, -9.640745717999948, 0.0 ], [ 119.12925172700011, -9.641528539999968, 0.0 ], [ 119.129347164000023, -9.642185427999948, 0.0 ], [ 119.129601864000051, -9.643659520999961, 0.0 ], [ 119.129775705000043, -9.644490023999936, 0.0 ], [ 119.130025895000017, -9.64567371399994, 0.0 ], [ 119.130272010000112, -9.646803151999961, 0.0 ], [ 119.130396307000069, -9.647755736999954, 0.0 ], [ 119.130501275000029, -9.648501115999977, 0.0 ], [ 119.130619205000016, -9.649456974999964, 0.0 ], [ 119.1307462420001, -9.65017327399994, 0.0 ], [ 119.130933771000059, -9.651057834999961, 0.0 ], [ 119.131143784000074, -9.651932459999955, 0.0 ], [ 119.131173299000011, -9.652082249999978, 0.0 ], [ 119.131320855000013, -9.652831172999981, 0.0 ], [ 119.131332523000083, -9.652890428999967, 0.0 ], [ 119.125804576000064, -9.653905542999951, 0.0 ], [ 119.123074082000016, -9.653922393999949, 0.0 ], [ 119.107987025000057, -9.654548636999948, 0.0 ], [ 119.107936779000056, -9.654595214999972, 0.0 ], [ 119.107878336000113, -9.654637497999943, 0.0 ], [ 119.107606860000033, -9.654810655999938, 0.0 ], [ 119.107042822000039, -9.655194551999955, 0.0 ], [ 119.106451942000035, -9.655841488999954, 0.0 ], [ 119.106322238000075, -9.656025423999949, 0.0 ], [ 119.105575529000021, -9.656988772999966, 0.0 ], [ 119.105433177, -9.657154870999932, 0.0 ], [ 119.10507020700004, -9.657505681999965, 0.0 ], [ 119.104937296000116, -9.657614897999963, 0.0 ], [ 119.104674897000109, -9.657847027999935, 0.0 ], [ 119.104640567000047, -9.657878710999967, 0.0 ], [ 119.104496675000064, -9.658014990999959, 0.0 ], [ 119.104313787000024, -9.658178155999963, 0.0 ], [ 119.104141294000101, -9.658318490999932, 0.0 ], [ 119.104020987000013, -9.658419305999928, 0.0 ], [ 119.103457780000099, -9.658857929999954, 0.0 ], [ 119.103261235000105, -9.658978413999932, 0.0 ], [ 119.103166316000056, -9.659051758999965, 0.0 ], [ 119.103108576000068, -9.659079808999934, 0.0 ], [ 119.102175353, -9.659589836999942, 0.0 ], [ 119.102138271000058, -9.659627454999963, 0.0 ], [ 119.101982803000055, -9.659708655999964, 0.0 ], [ 119.101645922000102, -9.659837767999932, 0.0 ], [ 119.101335052000081, -9.659897835999971, 0.0 ], [ 119.101071302000037, -9.659981388999938, 0.0 ], [ 119.100924852000048, -9.660040119999962, 0.0 ], [ 119.100690514, -9.660131810999928, 0.0 ], [ 119.10041939700011, -9.660260239999957, 0.0 ], [ 119.100083415000086, -9.660483737999925, 0.0 ], [ 119.099650804000021, -9.660704179999925, 0.0 ], [ 119.09957664500007, -9.660755140999981, 0.0 ], [ 119.099297581000087, -9.660914422999952, 0.0 ], [ 119.099064429, -9.661072358999945, 0.0 ], [ 119.098739091000084, -9.661344743999962, 0.0 ], [ 119.098638519000019, -9.661369805999925, 0.0 ], [ 119.098173680000059, -9.661396279999963, 0.0 ], [ 119.097806928000068, -9.661410420999971, 0.0 ], [ 119.097398336000083, -9.661456389999955, 0.0 ], [ 119.097256257000026, -9.661475245999952, 0.0 ], [ 119.097062569000059, -9.661494406999964, 0.0 ], [ 119.09696253300001, -9.661529597999959, 0.0 ], [ 119.0966995550001, -9.661580870999956, 0.0 ], [ 119.096532364000041, -9.661617354999976, 0.0 ], [ 119.096367806000103, -9.661696809999967, 0.0 ], [ 119.096260756000106, -9.661749031999932, 0.0 ], [ 119.096039863000101, -9.661816700999964, 0.0 ], [ 119.095600472000115, -9.661856952999926, 0.0 ], [ 119.095321401000092, -9.661906608999971, 0.0 ], [ 119.094663963000016, -9.661970487999952, 0.0 ], [ 119.094323116000055, -9.661979003999932, 0.0 ], [ 119.094346886000039, -9.662042718999942, 0.0 ], [ 119.094501551, -9.662369893999937, 0.0 ], [ 119.094626473000062, -9.662780350999981, 0.0 ], [ 119.094674062000081, -9.663125372999957, 0.0 ], [ 119.094691908000073, -9.663351421999948, 0.0 ], [ 119.09471570300002, -9.663720238999929, 0.0 ], [ 119.094858470000077, -9.664624433999961, 0.0 ], [ 119.094947700000034, -9.665141966999954, 0.0 ], [ 119.094995289000053, -9.665588114999935, 0.0 ], [ 119.095001238, -9.66574277999996, 0.0 ], [ 119.094989341000087, -9.665843907999943, 0.0 ], [ 119.094923906000076, -9.666194877999942, 0.0 ], [ 119.094846573000041, -9.666646975999981, 0.0 ], [ 119.094674062000081, -9.667301326999961, 0.0 ], [ 119.094602678000115, -9.667592810999963, 0.0 ], [ 119.094566986000018, -9.667759373999957, 0.0 ], [ 119.094608627000071, -9.668021113999941, 0.0 ], [ 119.094697857000028, -9.668383981999966, 0.0 ], [ 119.094751395000117, -9.669103768999946, 0.0 ], [ 119.094709754000064, -9.669621301999939, 0.0 ], [ 119.094709754000064, -9.669835452999962, 0.0 ], [ 119.094739497000091, -9.670132885999976, 0.0 ], [ 119.094822778000093, -9.670412472999942, 0.0 ], [ 119.095019084000114, -9.671048977999931, 0.0 ], [ 119.095173749000082, -9.671477280999966, 0.0 ], [ 119.095197546, -9.671620065999946, 0.0 ], [ 119.099302637000051, -9.673277273999929, 0.0 ], [ 119.101416960000051, -9.674588185999937, 0.0 ], [ 119.104046863, -9.676096328999961, 0.0 ], [ 119.106928831000118, -9.677952822999941, 0.0 ], [ 119.109258253, -9.679509080999935, 0.0 ], [ 119.110155816000088, -9.680108731999951, 0.0 ], [ 119.111043796000104, -9.680978946999971, 0.0 ], [ 119.111113085000056, -9.681979291999937, 0.0 ], [ 119.111525022000023, -9.683856057999947, 0.0 ], [ 119.112144744000034, -9.685663283999929, 0.0 ], [ 119.112531217000083, -9.686023066999951, 0.0 ], [ 119.113412928000116, -9.686843887999942, 0.0 ], [ 119.114478335000058, -9.68841922799993, 0.0 ], [ 119.115356094000049, -9.689361251999969, 0.0 ], [ 119.115988989000016, -9.690006567999944, 0.0 ], [ 119.116124559000014, -9.692018651999945, 0.0 ], [ 119.115540767000084, -9.694022871999948, 0.0 ], [ 119.115117604000034, -9.695015263999949, 0.0 ], [ 119.114968878000013, -9.696044392999966, 0.0 ], [ 119.115470768000023, -9.696965517999956, 0.0 ], [ 119.116474480000079, -9.698658974999944, 0.0 ], [ 119.117401962000031, -9.700223799999947, 0.0 ], [ 119.119219335000025, -9.702073034999955, 0.0 ], [ 119.120672249000108, -9.703560890999938, 0.0 ], [ 119.121445355000105, -9.704322746999935, 0.0 ], [ 119.121458066000059, -9.70433527299997, 0.0 ], [ 119.12137086000007, -9.70444195999994, 0.0 ], [ 119.121088143000065, -9.704954369999939, 0.0 ], [ 119.12096258300005, -9.70545164899994, 0.0 ], [ 119.120637245000012, -9.706006865999939, 0.0 ], [ 119.120338678000053, -9.706278242999929, 0.0 ], [ 119.119812835000062, -9.706777993999935, 0.0 ], [ 119.119633114000067, -9.707029346999946, 0.0 ], [ 119.119486835000089, -9.707233928999926, 0.0 ], [ 119.119377348000057, -9.707404556999961, 0.0 ], [ 119.119371693000062, -9.707413369999927, 0.0 ], [ 119.11897723800007, -9.708045646999949, 0.0 ], [ 119.118606967, -9.708546785999943, 0.0 ], [ 119.118590661000098, -9.708577864999938, 0.0 ], [ 119.118412336, -9.708823368999958, 0.0 ], [ 119.117861051000091, -9.709833928999956, 0.0 ], [ 119.117466525000054, -9.710758430999931, 0.0 ], [ 119.11738334000006, -9.711011278999933, 0.0 ], [ 119.117143849000058, -9.711739209999962, 0.0 ], [ 119.117027635000113, -9.711930545999962, 0.0 ], [ 119.116828513000087, -9.712248079999938, 0.0 ], [ 119.116605554000103, -9.712536930999931, 0.0 ], [ 119.116235932000109, -9.712879646999966, 0.0 ], [ 119.116140621000113, -9.712940532999937, 0.0 ], [ 119.11518211900011, -9.71355286499994, 0.0 ], [ 119.114549623000016, -9.713893306999978, 0.0 ], [ 119.114370837000024, -9.714139493999937, 0.0 ], [ 119.114262710000048, -9.714800899999943, 0.0 ], [ 119.113881675000016, -9.71559764999995, 0.0 ], [ 119.113830577000044, -9.715647236999928, 0.0 ], [ 119.113424630000054, -9.71606731199995, 0.0 ], [ 119.113169414000026, -9.716633176999949, 0.0 ], [ 119.113018086000011, -9.716964774999951, 0.0 ], [ 119.112722796000071, -9.71754991399996, 0.0 ], [ 119.112594394000098, -9.717804333999936, 0.0 ], [ 119.112536230000046, -9.717880842999932, 0.0 ], [ 119.112113081000075, -9.718437207999955, 0.0 ], [ 119.112012212000081, -9.718363064999949, 0.0 ], [ 119.111625132000086, -9.71815847299996, 0.0 ], [ 119.111026467000102, -9.717819492999979, 0.0 ], [ 119.110599052000111, -9.717587654999932, 0.0 ], [ 119.109976545000109, -9.717281163999928, 0.0 ], [ 119.109354053000061, -9.716974676999939, 0.0 ], [ 119.108972440000116, -9.716799842999933, 0.0 ], [ 119.108130939000034, -9.716297531999942, 0.0 ], [ 119.107289407000053, -9.71579522899998, 0.0 ], [ 119.106823300000087, -9.715398017999973, 0.0 ], [ 119.106635130000086, -9.715112552999926, 0.0 ], [ 119.106348110000113, -9.714619985999946, 0.0 ], [ 119.105957473000103, -9.714423204999946, 0.0 ], [ 119.105646465000063, -9.714283722999937, 0.0 ], [ 119.105624769000087, -9.714263333999952, 0.0 ], [ 119.105474215000072, -9.714121803999944, 0.0 ], [ 119.105437621000078, -9.713942424999971, 0.0 ], [ 119.105389019000086, -9.713784053999973, 0.0 ], [ 119.105249499000024, -9.713588235999964, 0.0 ], [ 119.105120425000109, -9.713535367999953, 0.0 ], [ 119.105015888000025, -9.713559456999974, 0.0 ], [ 119.104954966000037, -9.71364701899995, 0.0 ], [ 119.104957407000029, -9.713767222999934, 0.0 ], [ 119.104993015000105, -9.714037719999965, 0.0 ], [ 119.104953014000102, -9.714245941999934, 0.0 ], [ 119.104869127000029, -9.71431725399998, 0.0 ], [ 119.104765164000014, -9.714316724999946, 0.0 ], [ 119.10469123200005, -9.71423503799997, 0.0 ], [ 119.104675531000112, -9.714129736999951, 0.0 ], [ 119.104672593000032, -9.714080145999958, 0.0 ], [ 119.104587448000075, -9.714026429999933, 0.0 ], [ 119.1044179700001, -9.71398559599993, 0.0 ], [ 119.10275643600005, -9.713945399999943, 0.0 ], [ 119.102292610000063, -9.713935378999963, 0.0 ], [ 119.101630734000082, -9.713986502999944, 0.0 ], [ 119.101381617000015, -9.714032663999944, 0.0 ], [ 119.101213721000022, -9.714178490999927, 0.0 ], [ 119.100911624000105, -9.714353394999932, 0.0 ], [ 119.100745677000077, -9.714493814999969, 0.0 ], [ 119.100557786000081, -9.714536404999933, 0.0 ], [ 119.100422390000062, -9.714433036999935, 0.0 ], [ 119.100275126000042, -9.714304503999927, 0.0 ], [ 119.100136382000073, -9.714283587999944, 0.0 ], [ 119.099928782, -9.714333316999955, 0.0 ], [ 119.099573555, -9.714436836999937, 0.0 ], [ 119.099487984, -9.714299895999943, 0.0 ], [ 119.099396244000104, -9.714224163999972, 0.0 ], [ 119.099224204000052, -9.714195935999953, 0.0 ], [ 119.098906553, -9.714248534999967, 0.0 ], [ 119.098259235000114, -9.714328036999973, 0.0 ], [ 119.097865786000057, -9.714240380999968, 0.0 ], [ 119.097725737000019, -9.714073798999948, 0.0 ], [ 119.097716984000044, -9.713955103999979, 0.0 ], [ 119.097686768000017, -9.713918019999937, 0.0 ], [ 119.097437767000088, -9.713698959999931, 0.0 ], [ 119.097171078000088, -9.713590187999955, 0.0 ], [ 119.097020083000075, -9.713617259999978, 0.0 ], [ 119.096900217000098, -9.713704995999933, 0.0 ], [ 119.096731835000014, -9.713806336999937, 0.0 ], [ 119.096450103000052, -9.713832838999963, 0.0 ], [ 119.095936860000052, -9.713807143999929, 0.0 ], [ 119.095593669000095, -9.713787955999976, 0.0 ], [ 119.09516915800009, -9.713965428999927, 0.0 ], [ 119.095089871000027, -9.714069657999971, 0.0 ], [ 119.095000135000078, -9.714329312999951, 0.0 ], [ 119.095037228000024, -9.714443119999942, 0.0 ], [ 119.095058314000084, -9.714585386999943, 0.0 ], [ 119.095006654000031, -9.714712179999935, 0.0 ], [ 119.094929449, -9.714709661999962, 0.0 ], [ 119.094686612000032, -9.714729615999943, 0.0 ], [ 119.094515763000118, -9.714810349999937, 0.0 ], [ 119.094426997000028, -9.714783052999962, 0.0 ], [ 119.094403820000025, -9.714717395999969, 0.0 ], [ 119.094442363000098, -9.714673884999968, 0.0 ], [ 119.094547827000042, -9.714578286999938, 0.0 ], [ 119.094717575000118, -9.714264272999969, 0.0 ], [ 119.094598142000109, -9.71410568899995, 0.0 ], [ 119.094483252000032, -9.714038771999981, 0.0 ], [ 119.094236024000111, -9.714009820999934, 0.0 ], [ 119.09379844700004, -9.714045891999945, 0.0 ], [ 119.09376411900007, -9.714204552999945, 0.0 ], [ 119.093807323000078, -9.71446707299998, 0.0 ], [ 119.093706962000056, -9.714562741999941, 0.0 ], [ 119.09363535500006, -9.714536592999934, 0.0 ], [ 119.093464207000011, -9.714476614999967, 0.0 ], [ 119.093396298000016, -9.714557961999958, 0.0 ], [ 119.093323093000095, -9.714557942999932, 0.0 ], [ 119.093213714000058, -9.714513474999933, 0.0 ], [ 119.09316353600002, -9.714560692999953, 0.0 ], [ 119.093094685000096, -9.714595613999961, 0.0 ], [ 119.093007405000094, -9.714574391999975, 0.0 ], [ 119.092734387000064, -9.714395240999977, 0.0 ], [ 119.092425554000101, -9.714187992999939, 0.0 ], [ 119.092103857000097, -9.714247427999965, 0.0 ], [ 119.091868784000098, -9.71437326399996, 0.0 ], [ 119.0916367640001, -9.714607151999928, 0.0 ], [ 119.091579415000069, -9.71475922299993, 0.0 ], [ 119.091573495000034, -9.715010597999935, 0.0 ], [ 119.091607348000025, -9.715337740999928, 0.0 ], [ 119.091614164000021, -9.715403631999948, 0.0 ], [ 119.091635126000028, -9.715606173999959, 0.0 ], [ 119.091592291000097, -9.71569922499998, 0.0 ], [ 119.091493699000011, -9.715755974999979, 0.0 ], [ 119.091374705000021, -9.715363801999956, 0.0 ], [ 119.091358877000062, -9.714470333999941, 0.0 ], [ 119.091494021000017, -9.713331584999935, 0.0 ], [ 119.091521697000076, -9.713150248999966, 0.0 ], [ 119.09158719200002, -9.712721131999956, 0.0 ], [ 119.091645019000111, -9.712269982999942, 0.0 ], [ 119.09168627400004, -9.712071991999949, 0.0 ], [ 119.091675460000033, -9.710896386999934, 0.0 ], [ 119.091815994000058, -9.709334240999965, 0.0 ], [ 119.092006127000104, -9.707489810999959, 0.0 ], [ 119.092125392000071, -9.705605053999932, 0.0 ], [ 119.092315747000043, -9.703656594999927, 0.0 ], [ 119.092320801000028, -9.703604798999947, 0.0 ], [ 119.092466408000064, -9.701880646999939, 0.0 ], [ 119.092595558000085, -9.70034388299996, 0.0 ], [ 119.09260258300003, -9.699757930999965, 0.0 ], [ 119.092608474000031, -9.699274919999937, 0.0 ], [ 119.092681292000066, -9.698806876999981, 0.0 ], [ 119.092772682000032, -9.698220016999926, 0.0 ], [ 119.092898669000078, -9.69621052399998, 0.0 ], [ 119.092969900000071, -9.695542921999959, 0.0 ], [ 119.093077550000089, -9.694123899999965, 0.0 ], [ 119.093048220000014, -9.693796798999927, 0.0 ], [ 119.09299344100009, -9.693185799999981, 0.0 ], [ 119.093245852000109, -9.69298048099995, 0.0 ], [ 119.093386926000107, -9.692821280999965, 0.0 ], [ 119.093457607000119, -9.692590142999961, 0.0 ], [ 119.093455455000026, -9.692535524999926, 0.0 ], [ 119.093343018000041, -9.692423437999935, 0.0 ], [ 119.093338765000112, -9.692106488999968, 0.0 ], [ 119.093403233000117, -9.691863745999967, 0.0 ], [ 119.093481731000111, -9.69173527199996, 0.0 ], [ 119.093561767000097, -9.691056490999927, 0.0 ], [ 119.093551922000074, -9.690938249999931, 0.0 ], [ 119.093493926000065, -9.690670711999928, 0.0 ], [ 119.093488295000043, -9.690524406999941, 0.0 ], [ 119.093472363000046, -9.690465773999961, 0.0 ], [ 119.093304647000082, -9.690204917999949, 0.0 ], [ 119.093514675000051, -9.688826923999954, 0.0 ], [ 119.093757162000088, -9.687743386999955, 0.0 ], [ 119.093440266000016, -9.687724742999933, 0.0 ], [ 119.093075052000017, -9.687740798999926, 0.0 ], [ 119.09291536, -9.687726959999964, 0.0 ], [ 119.092468705000101, -9.687713136999946, 0.0 ], [ 119.09242464700003, -9.687721039999929, 0.0 ], [ 119.092170892000013, -9.687729646999969, 0.0 ], [ 119.0919740490001, -9.687729646999969, 0.0 ], [ 119.091742393000118, -9.68773179599998, 0.0 ], [ 119.091364455000075, -9.687691706999942, 0.0 ], [ 119.090958833000059, -9.687626959999932, 0.0 ], [ 119.090715764000038, -9.687563950999959, 0.0 ], [ 119.090542335, -9.687504629999978, 0.0 ], [ 119.090230746000088, -9.687386647999972, 0.0 ], [ 119.089876055000104, -9.687170418999926, 0.0 ], [ 119.089487240000039, -9.686889711999982, 0.0 ], [ 119.089407118000054, -9.686842521999949, 0.0 ], [ 119.08912607000002, -9.686646359999941, 0.0 ], [ 119.089077193000094, -9.686613530999978, 0.0 ], [ 119.08871595700009, -9.686393654999961, 0.0 ], [ 119.088472634000027, -9.686232554999947, 0.0 ], [ 119.088270723000051, -9.686070874999928, 0.0 ], [ 119.087989617000062, -9.68589185899998, 0.0 ], [ 119.087720628000056, -9.685705254999959, 0.0 ], [ 119.087666241000079, -9.685666624999953, 0.0 ], [ 119.087128321000023, -9.685282452999957, 0.0 ], [ 119.087081431000115, -9.685234985999955, 0.0 ], [ 119.086888117000058, -9.68508113799993, 0.0 ], [ 119.086831209000025, -9.685036924999963, 0.0 ], [ 119.08658833700008, -9.684897407999927, 0.0 ], [ 119.086399446000087, -9.684772123999949, 0.0 ], [ 119.086157150000076, -9.684612628999957, 0.0 ], [ 119.086095161000117, -9.68457449899995, 0.0 ], [ 119.085612659000049, -9.684230529999979, 0.0 ], [ 119.085174350000102, -9.683839311999975, 0.0 ], [ 119.085069522000026, -9.683732546999977, 0.0 ], [ 119.084766446000117, -9.68337196899995, 0.0 ], [ 119.084603175000098, -9.683245452999927, 0.0 ], [ 119.084452634000058, -9.683102248999944, 0.0 ], [ 119.084265725000023, -9.682920735999971, 0.0 ], [ 119.08420873700004, -9.682854171999963, 0.0 ], [ 119.084068257000013, -9.682740987999978, 0.0 ], [ 119.083967002, -9.682671893999952, 0.0 ], [ 119.083722145000024, -9.682525967999936, 0.0 ], [ 119.083594271000038, -9.682425171999967, 0.0 ], [ 119.083451336000053, -9.682312500999956, 0.0 ], [ 119.082912709000084, -9.681916387999934, 0.0 ], [ 119.08272523100004, -9.68182739599996, 0.0 ], [ 119.082481355000027, -9.681684428999972, 0.0 ], [ 119.082088427000031, -9.68143114999998, 0.0 ], [ 119.081955826000012, -9.681377046999955, 0.0 ], [ 119.081805694000082, -9.681289077999963, 0.0 ], [ 119.081668615000012, -9.681218372999979, 0.0 ], [ 119.081102800000053, -9.680908246999934, 0.0 ], [ 119.077326864000042, -9.676406739999948, 0.0 ], [ 119.07565286900001, -9.675338336999971, 0.0 ], [ 119.074350526000103, -9.674439553999946, 0.0 ], [ 119.072003957000106, -9.672798272999955, 0.0 ], [ 119.071024493000095, -9.672106688999975, 0.0 ], [ 119.070926414000041, -9.672037438999951, 0.0 ], [ 119.070634116000065, -9.672246342999927, 0.0 ] ] ], [ [ [ 119.105498963000059, -9.719174239999973, 0.0 ], [ 119.10551367100004, -9.719150125999931, 0.0 ], [ 119.105894602000035, -9.719212893999952, 0.0 ], [ 119.105967619000012, -9.71927594999994, 0.0 ], [ 119.105982126000072, -9.719372133999968, 0.0 ], [ 119.10592095700008, -9.719563271999959, 0.0 ], [ 119.105770393000057, -9.719759784999951, 0.0 ], [ 119.105718331000048, -9.719711971999971, 0.0 ], [ 119.105452401000093, -9.719265555999925, 0.0 ], [ 119.105498963000059, -9.719174239999973, 0.0 ] ] ], [ [ [ 119.099992354000051, -9.716858895999962, 0.0 ], [ 119.099729241000091, -9.716911686999936, 0.0 ], [ 119.099686366000014, -9.716846474999954, 0.0 ], [ 119.099683500000083, -9.716715772999976, 0.0 ], [ 119.099703594000061, -9.716621273999976, 0.0 ], [ 119.099816926000017, -9.716479763999928, 0.0 ], [ 119.099801832000026, -9.71622985099998, 0.0 ], [ 119.099732443000107, -9.716010822999976, 0.0 ], [ 119.099788862000082, -9.715945107999971, 0.0 ], [ 119.099988065000048, -9.715830754999956, 0.0 ], [ 119.100252983000019, -9.715866733999974, 0.0 ], [ 119.100396987000067, -9.716089691999969, 0.0 ], [ 119.100420283000062, -9.716219457999955, 0.0 ], [ 119.100467081000033, -9.716324752999981, 0.0 ], [ 119.100502909000056, -9.716451053999947, 0.0 ], [ 119.100464989000102, -9.716811993999954, 0.0 ], [ 119.100388551000037, -9.71687137999993, 0.0 ], [ 119.100267354000039, -9.716887818999965, 0.0 ], [ 119.100094848000026, -9.716850269999952, 0.0 ], [ 119.099992354000051, -9.716858895999962, 0.0 ] ] ] ] } }
]
}
