{
"type": "FeatureCollection",
"name": "53.17_Sumba_Tengah_kecamatan",
"crs": { "type": "name", "properties": { "name": "urn:ogc:def:crs:EPSG::4979" } },
"features": [
{ "type": "Feature", "properties": { "nm_kecamatan": "Katiku Tana" }, "geometry": { "type": "MultiPolygon", "coordinates": [ [ [ [ 119.532650521000051, -9.61346593199994, 0.0 ], [ 119.532648661000053, -9.613466596999956, 0.0 ], [ 119.530928433000099, -9.614081271999964, 0.0 ], [ 119.527323768000088, -9.614791974999946, 0.0 ], [ 119.527105754000104, -9.614854117999926, 0.0 ], [ 119.526328158000069, -9.615075683999976, 0.0 ], [ 119.524204488, -9.615680836999957, 0.0 ], [ 119.519210464000025, -9.616763958999968, 0.0 ], [ 119.51712919900001, -9.617340265999928, 0.0 ], [ 119.516991161000078, -9.617378488999975, 0.0 ], [ 119.516289033000021, -9.617572911999957, 0.0 ], [ 119.515569982000102, -9.617772004999949, 0.0 ], [ 119.515496674000019, -9.617792303999977, 0.0 ], [ 119.511561899000071, -9.618697619999978, 0.0 ], [ 119.510470491000092, -9.619103622999944, 0.0 ], [ 119.508036927000035, -9.620008900999949, 0.0 ], [ 119.506600409000043, -9.620586195999977, 0.0 ], [ 119.505629186000078, -9.620991538999931, 0.0 ], [ 119.504786779000028, -9.621141327999965, 0.0 ], [ 119.502557704000083, -9.62153767999996, 0.0 ], [ 119.500778091000029, -9.621827589999953, 0.0 ], [ 119.499999860000116, -9.62195436899998, 0.0 ], [ 119.498689410000111, -9.622143244999961, 0.0 ], [ 119.497549641000091, -9.622307531999979, 0.0 ], [ 119.496083368000086, -9.622516795999957, 0.0 ], [ 119.496006838000085, -9.622277861999976, 0.0 ], [ 119.495885146000091, -9.621977911999977, 0.0 ], [ 119.495687397000097, -9.621587975999944, 0.0 ], [ 119.495489647000113, -9.621213037999951, 0.0 ], [ 119.495276686000011, -9.620853096999952, 0.0 ], [ 119.495078937000017, -9.620703120999963, 0.0 ], [ 119.494896399000027, -9.620523150999929, 0.0 ], [ 119.494729072000041, -9.620193203999975, 0.0 ], [ 119.494576957000049, -9.619818263999946, 0.0 ], [ 119.494424842000058, -9.619278349999945, 0.0 ], [ 119.494242304000068, -9.618768429999932, 0.0 ], [ 119.494036645000051, -9.618307923999964, 0.0 ], [ 119.493718289000071, -9.617618543999981, 0.0 ], [ 119.493290355000113, -9.616985905999968, 0.0 ], [ 119.493242357000099, -9.616908588999934, 0.0 ], [ 119.493026458000031, -9.616560813999968, 0.0 ], [ 119.492860415000109, -9.616335959999958, 0.0 ], [ 119.492664257000115, -9.61606889799998, 0.0 ], [ 119.492650210000079, -9.616074278999974, 0.0 ], [ 119.492574347000073, -9.61603830599995, 0.0 ], [ 119.492553401, -9.615939343999969, 0.0 ], [ 119.492541197000037, -9.615699158999973, 0.0 ], [ 119.492511973000092, -9.615654826999958, 0.0 ], [ 119.492364504000079, -9.61555784199993, 0.0 ], [ 119.492273515000079, -9.615515128999959, 0.0 ], [ 119.492163350000055, -9.615463414999965, 0.0 ], [ 119.492079859000114, -9.615324143999942, 0.0 ], [ 119.492046584000036, -9.61518822599993, 0.0 ], [ 119.491965773000061, -9.614958571999978, 0.0 ], [ 119.491895076000105, -9.61479679699994, 0.0 ], [ 119.491796649000094, -9.614625357999955, 0.0 ], [ 119.491792116000056, -9.61448095999998, 0.0 ], [ 119.491791890000059, -9.614263678999976, 0.0 ], [ 119.491796649000094, -9.614034457999935, 0.0 ], [ 119.491882309000061, -9.613825064999958, 0.0 ], [ 119.491910863000044, -9.613558565999938, 0.0 ], [ 119.491872791000105, -9.613282547999972, 0.0 ], [ 119.491749059000085, -9.612977976999957, 0.0 ], [ 119.491596774000072, -9.612873280999963, 0.0 ], [ 119.491339792000076, -9.612759066999956, 0.0 ], [ 119.491161170000055, -9.612750006999931, 0.0 ], [ 119.490901545000042, -9.612756241999932, 0.0 ], [ 119.490701145000116, -9.612794282999971, 0.0 ], [ 119.490444163, -9.612817125999982, 0.0 ], [ 119.490198603000067, -9.612868521999928, 0.0 ], [ 119.489964464000082, -9.612965603999953, 0.0 ], [ 119.48976458900006, -9.613028421999957, 0.0 ], [ 119.489741440000103, -9.61313746299993, 0.0 ], [ 119.489745009000103, -9.613294506999978, 0.0 ], [ 119.489741440000103, -9.613433704999977, 0.0 ], [ 119.489730733000101, -9.613501519999943, 0.0 ], [ 119.489698610000119, -9.613572903999966, 0.0 ], [ 119.489559411000073, -9.613704963999965, 0.0 ], [ 119.489445197, -9.613837023999963, 0.0 ], [ 119.489402367000025, -9.613926253999978, 0.0 ], [ 119.489398798000025, -9.613986929999953, 0.0 ], [ 119.489373813000043, -9.614036898999927, 0.0 ], [ 119.489334552000059, -9.614090436999959, 0.0 ], [ 119.489298860000076, -9.614122558999952, 0.0 ], [ 119.4892310460001, -9.614172527999926, 0.0 ], [ 119.489088278000054, -9.614254618999951, 0.0 ], [ 119.488931234, -9.614333141999964, 0.0 ], [ 119.488849142000049, -9.614408094999931, 0.0 ], [ 119.488781328000073, -9.614497323999956, 0.0 ], [ 119.488727790000098, -9.614558000999978, 0.0 ], [ 119.488699542000063, -9.61467881599998, 0.0 ], [ 119.488717082000107, -9.614893504999941, 0.0 ], [ 119.488684959000011, -9.615018425999949, 0.0 ], [ 119.488634991000026, -9.615121932999955, 0.0 ], [ 119.488485085000093, -9.615250423999953, 0.0 ], [ 119.488313764000054, -9.615375345999951, 0.0 ], [ 119.488160288000017, -9.61551097499995, 0.0 ], [ 119.488060351000058, -9.615610911999966, 0.0 ], [ 119.488017521000074, -9.615657311999939, 0.0 ], [ 119.48795412700008, -9.615749908999931, 0.0 ], [ 119.487858014000039, -9.615799350999964, 0.0 ], [ 119.48777919500003, -9.615839895999954, 0.0 ], [ 119.486995877000027, -9.61581055299996, 0.0 ], [ 119.486710661000075, -9.61564182799998, 0.0 ], [ 119.486178259000098, -9.615566838999939, 0.0 ], [ 119.485683885000071, -9.61545435499994, 0.0 ], [ 119.485151482000106, -9.615304376999973, 0.0 ], [ 119.484847252, -9.615098156999977, 0.0 ], [ 119.484528999000077, -9.614973579999969, 0.0 ], [ 119.484463088000098, -9.61476005399993, 0.0 ], [ 119.484265338000114, -9.614475094999932, 0.0 ], [ 119.48423966900009, -9.614232317999949, 0.0 ], [ 119.484229112000094, -9.614065463999964, 0.0 ], [ 119.484029507000059, -9.613814784999931, 0.0 ], [ 119.483884155000055, -9.613608358999954, 0.0 ], [ 119.483671903000072, -9.613583443999971, 0.0 ], [ 119.48353162300009, -9.61323704299997, 0.0 ], [ 119.483558943000048, -9.612362863999977, 0.0 ], [ 119.483629945000075, -9.611804713999959, 0.0 ], [ 119.483685419000039, -9.611154840999973, 0.0 ], [ 119.483687150000037, -9.610727612999938, 0.0 ], [ 119.483775540000011, -9.610534903999962, 0.0 ], [ 119.483756131000064, -9.610370435999926, 0.0 ], [ 119.483608603000107, -9.609915521999937, 0.0 ], [ 119.483508523000069, -9.609660965999979, 0.0 ], [ 119.483203522000053, -9.609365029999935, 0.0 ], [ 119.483094897000115, -9.60933102499996, 0.0 ], [ 119.482899506000081, -9.609224821999931, 0.0 ], [ 119.482830035, -9.609131722999962, 0.0 ], [ 119.482767021000086, -9.609047276999945, 0.0 ], [ 119.482680802000118, -9.608838791999972, 0.0 ], [ 119.48264538, -9.608585068999957, 0.0 ], [ 119.482654351000065, -9.608258431999957, 0.0 ], [ 119.482485023000095, -9.607873082999959, 0.0 ], [ 119.482395942000039, -9.60767035799995, 0.0 ], [ 119.482211845000052, -9.607460633999949, 0.0 ], [ 119.482274943000107, -9.607431166999959, 0.0 ], [ 119.482527727000047, -9.607313089999934, 0.0 ], [ 119.482727461000081, -9.607193214999938, 0.0 ], [ 119.482936987000016, -9.606954697999981, 0.0 ], [ 119.483059884000113, -9.606638480999948, 0.0 ], [ 119.483085736000021, -9.606429968999976, 0.0 ], [ 119.483100434000107, -9.60640802599994, 0.0 ], [ 119.483125885000049, -9.60637849699998, 0.0 ], [ 119.483129285000018, -9.606373423999969, 0.0 ], [ 119.483246586000064, -9.606368416999942, 0.0 ], [ 119.483434506000094, -9.606444305999958, 0.0 ], [ 119.48363358600011, -9.606452992999948, 0.0 ], [ 119.483978676000106, -9.606505107999965, 0.0 ], [ 119.48460508200003, -9.606605917999957, 0.0 ], [ 119.484934894000048, -9.606492167999932, 0.0 ], [ 119.485549878000029, -9.606084725999949, 0.0 ], [ 119.485673427000052, -9.60600287099993, 0.0 ], [ 119.485945227000116, -9.60575982499995, 0.0 ], [ 119.486197960000027, -9.605487102999973, 0.0 ], [ 119.486320739, -9.60537368599995, 0.0 ], [ 119.486545055000079, -9.605309839999961, 0.0 ], [ 119.486756259000117, -9.605287001999955, 0.0 ], [ 119.487036981000074, -9.605082871999969, 0.0 ], [ 119.487225379000051, -9.604950059999965, 0.0 ], [ 119.487288427000067, -9.604930748999948, 0.0 ], [ 119.487489272000062, -9.604869182999948, 0.0 ], [ 119.487704785, -9.604816931999949, 0.0 ], [ 119.487836582000114, -9.604732293999973, 0.0 ], [ 119.487940165000055, -9.604665773999955, 0.0 ], [ 119.488205476000076, -9.604567464999946, 0.0 ], [ 119.48831541200002, -9.604537965999953, 0.0 ], [ 119.488573563000045, -9.604591993999975, 0.0 ], [ 119.488618270000075, -9.604601350999928, 0.0 ], [ 119.489371862000098, -9.604639215999953, 0.0 ], [ 119.489848037000115, -9.604806248999978, 0.0 ], [ 119.490546331000019, -9.60502771299997, 0.0 ], [ 119.490972960000022, -9.605125293999947, 0.0 ], [ 119.491022462000046, -9.605129619999957, 0.0 ], [ 119.491016946000059, -9.605087247999961, 0.0 ], [ 119.491260584000088, -9.604870962999939, 0.0 ], [ 119.491381986000079, -9.60470618599993, 0.0 ], [ 119.491392849000022, -9.604488262999951, 0.0 ], [ 119.491255618000082, -9.60425610599998, 0.0 ], [ 119.491151974000104, -9.604111213999943, 0.0 ], [ 119.491236503000096, -9.603701948999969, 0.0 ], [ 119.491303273000085, -9.603580480999938, 0.0 ], [ 119.491343727000071, -9.603565946999936, 0.0 ], [ 119.491425124000102, -9.603579448999938, 0.0 ], [ 119.491493649000063, -9.603607181999962, 0.0 ], [ 119.491728520000038, -9.603921430999947, 0.0 ], [ 119.491779991000044, -9.604151372999979, 0.0 ], [ 119.491822704000015, -9.604231679999941, 0.0 ], [ 119.491993772000114, -9.604553316999954, 0.0 ], [ 119.492186364000077, -9.60475732499998, 0.0 ], [ 119.492308258000094, -9.604814542999975, 0.0 ], [ 119.492481269000109, -9.604775373999928, 0.0 ], [ 119.492620536000118, -9.60473142099994, 0.0 ], [ 119.492768869000088, -9.604808903999981, 0.0 ], [ 119.492921678000016, -9.604922638999938, 0.0 ], [ 119.493009782000058, -9.604982790999941, 0.0 ], [ 119.49322750500005, -9.605037527999968, 0.0 ], [ 119.494211538000059, -9.604893211999979, 0.0 ], [ 119.494322056000101, -9.60488913699993, 0.0 ], [ 119.494410599000048, -9.604914368999971, 0.0 ], [ 119.494465687000115, -9.604952182999966, 0.0 ], [ 119.494493527000031, -9.604940261999957, 0.0 ], [ 119.494536704000097, -9.604920536999941, 0.0 ], [ 119.494561844000032, -9.604907288999925, 0.0 ], [ 119.494584377000024, -9.604907569999966, 0.0 ], [ 119.494616638000025, -9.604887552999969, 0.0 ], [ 119.494639215, -9.604887835999932, 0.0 ], [ 119.49467165100009, -9.604895060999979, 0.0 ], [ 119.49468855900011, -9.604895272999954, 0.0 ], [ 119.49472236400004, -9.604895696999961, 0.0 ], [ 119.494744894000064, -9.604895978999934, 0.0 ], [ 119.494773603000112, -9.604895486999965, 0.0 ], [ 119.494810068000106, -9.604887393999945, 0.0 ], [ 119.49481593400003, -9.604887124999948, 0.0 ], [ 119.494853862000014, -9.604872499999942, 0.0 ], [ 119.494885717000102, -9.604858567999941, 0.0 ], [ 119.494910411000092, -9.604851357999962, 0.0 ], [ 119.494978924000065, -9.604829818999974, 0.0 ], [ 119.495003937000092, -9.604796166999961, 0.0 ], [ 119.495005418, -9.604772298999933, 0.0 ], [ 119.494997487000091, -9.604740573999948, 0.0 ], [ 119.494997947000115, -9.604700099999945, 0.0 ], [ 119.49500543900001, -9.604675305999933, 0.0 ], [ 119.49501792, -9.604633761999935, 0.0 ], [ 119.495029586000101, -9.60459313299998, 0.0 ], [ 119.495039017000067, -9.604560291999974, 0.0 ], [ 119.495044556000039, -9.604519386999925, 0.0 ], [ 119.495045353000023, -9.604494855999974, 0.0 ], [ 119.495050978000108, -9.604453207999939, 0.0 ], [ 119.495056668000075, -9.604411082999945, 0.0 ], [ 119.495059967000088, -9.604377156999931, 0.0 ], [ 119.495074793000072, -9.604324736999956, 0.0 ], [ 119.49508731100002, -9.604280474999939, 0.0 ], [ 119.495099981000067, -9.604235675999973, 0.0 ], [ 119.495105092000017, -9.604217604999974, 0.0 ], [ 119.495159701000034, -9.603834003999964, 0.0 ], [ 119.495257639000101, -9.603027397999938, 0.0 ], [ 119.495311530000095, -9.602016522999975, 0.0 ], [ 119.495516360000011, -9.60053008999995, 0.0 ], [ 119.495621655000036, -9.599765975999958, 0.0 ], [ 119.495750733000023, -9.598452913999949, 0.0 ], [ 119.49575088000006, -9.597943831999942, 0.0 ], [ 119.495863454000073, -9.597518997999941, 0.0 ], [ 119.49599343400007, -9.596813901999951, 0.0 ], [ 119.496298249, -9.596549256999936, 0.0 ], [ 119.496537752000108, -9.596398748999945, 0.0 ], [ 119.496679264000022, -9.595924319999938, 0.0 ], [ 119.49669223300009, -9.595263178999971, 0.0 ], [ 119.496714327000063, -9.594624756999963, 0.0 ], [ 119.496739827000056, -9.594017803999975, 0.0 ], [ 119.496782514000074, -9.593666475999953, 0.0 ], [ 119.496914546000085, -9.592795968999951, 0.0 ], [ 119.497104389000015, -9.592300834999946, 0.0 ], [ 119.497332534000066, -9.591764145999946, 0.0 ], [ 119.497487342000113, -9.591214506999961, 0.0 ], [ 119.497565030000032, -9.590417788999957, 0.0 ], [ 119.497598186000118, -9.589564975999963, 0.0 ], [ 119.497679785000059, -9.589179420999926, 0.0 ], [ 119.498372577000055, -9.586612272999957, 0.0 ], [ 119.498292983000056, -9.585739991999958, 0.0 ], [ 119.498440638000034, -9.58517627599997, 0.0 ], [ 119.49864995900009, -9.584811342999956, 0.0 ], [ 119.499229472000025, -9.584046247999936, 0.0 ], [ 119.49936442, -9.583868084999949, 0.0 ], [ 119.500072694000096, -9.583348256999955, 0.0 ], [ 119.50042411600009, -9.583062541999936, 0.0 ], [ 119.500672091000069, -9.581985008999936, 0.0 ], [ 119.500990552000076, -9.581328865999978, 0.0 ], [ 119.501555177000114, -9.581020246999969, 0.0 ], [ 119.502533362, -9.580535865999934, 0.0 ], [ 119.503556304000085, -9.579998836999948, 0.0 ], [ 119.504523237000058, -9.579548991999957, 0.0 ], [ 119.505529334000016, -9.578970864999974, 0.0 ], [ 119.506430500000079, -9.578133507999951, 0.0 ], [ 119.507650395000041, -9.577022021999937, 0.0 ], [ 119.508322495000016, -9.575975770999946, 0.0 ], [ 119.508515117000115, -9.575664805999963, 0.0 ], [ 119.509153536000099, -9.574634174999971, 0.0 ], [ 119.509348149000061, -9.574319992999961, 0.0 ], [ 119.510448149000013, -9.572532023999941, 0.0 ], [ 119.51064112600011, -9.572229126999957, 0.0 ], [ 119.511541101000034, -9.570797591999963, 0.0 ], [ 119.511727895000035, -9.570524368999941, 0.0 ], [ 119.512574207000057, -9.569143198999939, 0.0 ], [ 119.513124753000056, -9.568245257999934, 0.0 ], [ 119.5144038950001, -9.565803554999945, 0.0 ], [ 119.515151611000078, -9.564220302999956, 0.0 ], [ 119.515432520000104, -9.563331958999981, 0.0 ], [ 119.515585742000098, -9.562847396999928, 0.0 ], [ 119.515596424000023, -9.562803679999945, 0.0 ], [ 119.515973839000026, -9.561261927999965, 0.0 ], [ 119.516069024000103, -9.560268777999966, 0.0 ], [ 119.515964241, -9.559488030999944, 0.0 ], [ 119.515942636000091, -9.559433116999969, 0.0 ], [ 119.515613081000083, -9.558085267999957, 0.0 ], [ 119.515159362000077, -9.555382179999981, 0.0 ], [ 119.515007989000082, -9.552861023999981, 0.0 ], [ 119.514984775000016, -9.550480710999977, 0.0 ], [ 119.514826090000042, -9.548302770999953, 0.0 ], [ 119.514700352000091, -9.546335730999942, 0.0 ], [ 119.514658356000041, -9.545690641999954, 0.0 ], [ 119.514674474000117, -9.544847087999926, 0.0 ], [ 119.514689305000047, -9.544070975999944, 0.0 ], [ 119.514928178000105, -9.542415177999942, 0.0 ], [ 119.515076109, -9.541793196999947, 0.0 ], [ 119.515273989000093, -9.540961212999946, 0.0 ], [ 119.516130739000118, -9.53937261699997, 0.0 ], [ 119.516528159000018, -9.538706617999935, 0.0 ], [ 119.517026402000056, -9.53803753699998, 0.0 ], [ 119.517746112000054, -9.537075743999935, 0.0 ], [ 119.518133963000082, -9.536601552999969, 0.0 ], [ 119.518530375000068, -9.536135849999937, 0.0 ], [ 119.518775220000066, -9.53630424499994, 0.0 ], [ 119.521030900000028, -9.537367458999938, 0.0 ], [ 119.522078589000103, -9.537879773999975, 0.0 ], [ 119.524480837000056, -9.53931820899993, 0.0 ], [ 119.526445633000094, -9.540712586999973, 0.0 ], [ 119.527543368000011, -9.541477527999973, 0.0 ], [ 119.52910505300008, -9.542472118999967, 0.0 ], [ 119.529186491000019, -9.54251190399998, 0.0 ], [ 119.529197956000075, -9.542517504999978, 0.0 ], [ 119.529483521000088, -9.542746070999954, 0.0 ], [ 119.530227018000119, -9.543319430999929, 0.0 ], [ 119.530398905000084, -9.543420805999972, 0.0 ], [ 119.531266257000084, -9.543932307999967, 0.0 ], [ 119.531491362000111, -9.544065038999975, 0.0 ], [ 119.532773924000026, -9.544915455999956, 0.0 ], [ 119.533381170000098, -9.545414255999958, 0.0 ], [ 119.533890964000079, -9.545832989999951, 0.0 ], [ 119.535345681000081, -9.546934915999941, 0.0 ], [ 119.536617115000013, -9.547712209999929, 0.0 ], [ 119.537094090000096, -9.548110444999963, 0.0 ], [ 119.538038739000058, -9.547986114999958, 0.0 ], [ 119.539605713000014, -9.547524029999977, 0.0 ], [ 119.541632242000105, -9.547061431999964, 0.0 ], [ 119.541782027000068, -9.547027233999927, 0.0 ], [ 119.544090268000105, -9.546543678999967, 0.0 ], [ 119.544749714000091, -9.546462865999956, 0.0 ], [ 119.545020610000051, -9.546465904999934, 0.0 ], [ 119.545774496000035, -9.546474367999963, 0.0 ], [ 119.545835040000043, -9.546495273999938, 0.0 ], [ 119.546286423000083, -9.546651053999938, 0.0 ], [ 119.547239676000117, -9.547185440999954, 0.0 ], [ 119.547307113000102, -9.547228983999958, 0.0 ], [ 119.547411103000059, -9.547397029999956, 0.0 ], [ 119.547517146000018, -9.547647047999931, 0.0 ], [ 119.547638447000054, -9.547823531999938, 0.0 ], [ 119.54783215100008, -9.548049502999959, 0.0 ], [ 119.547925436000014, -9.548117591999926, 0.0 ], [ 119.548314447000052, -9.54823874899995, 0.0 ], [ 119.548432535000074, -9.548307545999933, 0.0 ], [ 119.548781097000074, -9.548513187999959, 0.0 ], [ 119.548906661000046, -9.548613425999974, 0.0 ], [ 119.549171177000062, -9.54880329599996, 0.0 ], [ 119.549402211000029, -9.548824622999973, 0.0 ], [ 119.549531163000097, -9.54888952899995, 0.0 ], [ 119.549712353000018, -9.549206673999947, 0.0 ], [ 119.549812164000059, -9.549373263999939, 0.0 ], [ 119.550541112000019, -9.54811755299994, 0.0 ], [ 119.550659241000062, -9.547941013999946, 0.0 ], [ 119.551354058000015, -9.546902646999968, 0.0 ], [ 119.552942114000075, -9.544821056999979, 0.0 ], [ 119.553455690000078, -9.544131212999957, 0.0 ], [ 119.553899358000081, -9.543516782999973, 0.0 ], [ 119.554303308000044, -9.543018429999961, 0.0 ], [ 119.554770176000034, -9.54238083599995, 0.0 ], [ 119.555229265000094, -9.541963161999945, 0.0 ], [ 119.55534354800011, -9.54185918099995, 0.0 ], [ 119.555517145000067, -9.541759110999976, 0.0 ], [ 119.555968923000023, -9.541498696999952, 0.0 ], [ 119.556122046000041, -9.541417225999965, 0.0 ], [ 119.556577016, -9.541175126999974, 0.0 ], [ 119.556420906000085, -9.541002391999939, 0.0 ], [ 119.556441342000085, -9.54077432899993, 0.0 ], [ 119.55651015300009, -9.540548677999936, 0.0 ], [ 119.556531263000011, -9.540462136999963, 0.0 ], [ 119.556547810000097, -9.540398206999953, 0.0 ], [ 119.556639733000111, -9.540112560999944, 0.0 ], [ 119.556729343000029, -9.539711612999952, 0.0 ], [ 119.556732356000111, -9.539577644999952, 0.0 ], [ 119.556742360000044, -9.539155812999979, 0.0 ], [ 119.556804138000075, -9.538699145999942, 0.0 ], [ 119.556857904000026, -9.538471282999978, 0.0 ], [ 119.556954609000059, -9.538221299999975, 0.0 ], [ 119.557172485000024, -9.537704671999961, 0.0 ], [ 119.557332795000093, -9.537354318999974, 0.0 ], [ 119.557348438000076, -9.537311766999949, 0.0 ], [ 119.557579807000025, -9.536615927999947, 0.0 ], [ 119.557763990000012, -9.536125395999932, 0.0 ], [ 119.558025090000115, -9.535865969999975, 0.0 ], [ 119.558073021000041, -9.535818336999967, 0.0 ], [ 119.558956339000019, -9.53583539899995, 0.0 ], [ 119.560490111000036, -9.535947580999959, 0.0 ], [ 119.56063640800005, -9.535965789999977, 0.0 ], [ 119.561934962, -9.536127366999949, 0.0 ], [ 119.56216194000001, -9.536265170999968, 0.0 ], [ 119.563034869000035, -9.536795149999932, 0.0 ], [ 119.56320189600001, -9.536884867999959, 0.0 ], [ 119.564795855000057, -9.537741061999952, 0.0 ], [ 119.564821335000033, -9.537718715999972, 0.0 ], [ 119.564879587000064, -9.537693281999964, 0.0 ], [ 119.56509040100002, -9.537719731999971, 0.0 ], [ 119.565326304000109, -9.537740529999951, 0.0 ], [ 119.565448024000034, -9.537780388999977, 0.0 ], [ 119.565754518000062, -9.537880714999972, 0.0 ], [ 119.56610411500003, -9.537876911999945, 0.0 ], [ 119.566274045000114, -9.537899873999947, 0.0 ], [ 119.566460269000117, -9.537952333999954, 0.0 ], [ 119.566654948000064, -9.538024016999941, 0.0 ], [ 119.567040275000068, -9.538251056999968, 0.0 ], [ 119.56723119500009, -9.538379255999928, 0.0 ], [ 119.567475535000085, -9.538503640999977, 0.0 ], [ 119.567684054000097, -9.538602153999932, 0.0 ], [ 119.567911863000063, -9.538730480999959, 0.0 ], [ 119.568399110000087, -9.53884802999994, 0.0 ], [ 119.568649865000111, -9.538903552999955, 0.0 ], [ 119.568753482000034, -9.538998847999949, 0.0 ], [ 119.568935016000069, -9.53914023599998, 0.0 ], [ 119.569222513000113, -9.539321834999953, 0.0 ], [ 119.569474642000046, -9.53954063499998, 0.0 ], [ 119.569584145000022, -9.539681764999955, 0.0 ], [ 119.569647148000058, -9.539762905999964, 0.0 ], [ 119.569693961000098, -9.539984686999958, 0.0 ], [ 119.569692631000066, -9.540131464999945, 0.0 ], [ 119.569795209000063, -9.542026772999975, 0.0 ], [ 119.569818516000055, -9.542233671999952, 0.0 ], [ 119.569932474000097, -9.543245399999932, 0.0 ], [ 119.570044007000092, -9.543682536999938, 0.0 ], [ 119.570221684000103, -9.544481618999953, 0.0 ], [ 119.570145191000051, -9.546120712999937, 0.0 ], [ 119.570218583000042, -9.547442991999958, 0.0 ], [ 119.570337426000037, -9.548358359999952, 0.0 ], [ 119.570373977000031, -9.548670517999938, 0.0 ], [ 119.570383178000043, -9.548710713999981, 0.0 ], [ 119.570541430000048, -9.549842071999933, 0.0 ], [ 119.570642768000084, -9.550098740999942, 0.0 ], [ 119.570610587000033, -9.550283580999974, 0.0 ], [ 119.570624757000019, -9.550488415999951, 0.0 ], [ 119.570663864000039, -9.550950741999941, 0.0 ], [ 119.570711173000063, -9.551595376999956, 0.0 ], [ 119.570822205000013, -9.55167939599994, 0.0 ], [ 119.571460223000031, -9.552347446999931, 0.0 ], [ 119.572616656000037, -9.553183394999962, 0.0 ], [ 119.57265652500007, -9.553212173999952, 0.0 ], [ 119.57367574500006, -9.554208023999934, 0.0 ], [ 119.574300987000015, -9.555097178999972, 0.0 ], [ 119.57457217700005, -9.556874132999951, 0.0 ], [ 119.574605986000051, -9.557264491999945, 0.0 ], [ 119.574861994000116, -9.560162619999971, 0.0 ], [ 119.574862142000029, -9.560306897999965, 0.0 ], [ 119.574864337, -9.562444489999962, 0.0 ], [ 119.574957248000032, -9.565006635999964, 0.0 ], [ 119.574961806000033, -9.565132335999976, 0.0 ], [ 119.574974141000098, -9.565300524999941, 0.0 ], [ 119.57514539500005, -9.567636774999926, 0.0 ], [ 119.575192967000021, -9.56793487799996, 0.0 ], [ 119.57524942900011, -9.568180204999976, 0.0 ], [ 119.575666021000075, -9.570898427999964, 0.0 ], [ 119.57571995100011, -9.571216468999978, 0.0 ], [ 119.575763942000094, -9.571475975999931, 0.0 ], [ 119.575854342000071, -9.572000535999962, 0.0 ], [ 119.576047896000091, -9.573123665999958, 0.0 ], [ 119.576247019000107, -9.575078207999979, 0.0 ], [ 119.576286434000053, -9.575307066999926, 0.0 ], [ 119.576366536000023, -9.575772169999937, 0.0 ], [ 119.576417540000079, -9.576097045999973, 0.0 ], [ 119.576544128000023, -9.576903361999939, 0.0 ], [ 119.576675268000031, -9.577738677999946, 0.0 ], [ 119.576709489000109, -9.577866927999935, 0.0 ], [ 119.576760852, -9.57826354499997, 0.0 ], [ 119.577012055000068, -9.579913178999959, 0.0 ], [ 119.577321150000103, -9.581485682999926, 0.0 ], [ 119.577466174000051, -9.582223487999954, 0.0 ], [ 119.577575717000059, -9.582780574999958, 0.0 ], [ 119.577923491000092, -9.584586005999938, 0.0 ], [ 119.578125716000045, -9.585193581999931, 0.0 ], [ 119.578346927000098, -9.585881528999948, 0.0 ], [ 119.578706861000114, -9.586836363999964, 0.0 ], [ 119.578838611000037, -9.587185834999957, 0.0 ], [ 119.579009247000045, -9.58759562399996, 0.0 ], [ 119.579083992000051, -9.587775086999955, 0.0 ], [ 119.579291338000075, -9.588364646999935, 0.0 ], [ 119.57942145700008, -9.588803840999958, 0.0 ], [ 119.579455249000034, -9.589003716999969, 0.0 ], [ 119.579634863000024, -9.590065774999971, 0.0 ], [ 119.579683919000104, -9.590260132999958, 0.0 ], [ 119.579786176000084, -9.590665243999979, 0.0 ], [ 119.579853706000108, -9.591101484999967, 0.0 ], [ 119.579854288000092, -9.591593558999932, 0.0 ], [ 119.580011273000082, -9.591847844999961, 0.0 ], [ 119.580054395000047, -9.59203751299998, 0.0 ], [ 119.580141619000074, -9.592339185999947, 0.0 ], [ 119.580201975000023, -9.592378592999978, 0.0 ], [ 119.580317599000068, -9.592416655999955, 0.0 ], [ 119.580802008000092, -9.592653373999951, 0.0 ], [ 119.580988883000032, -9.592829437999967, 0.0 ], [ 119.581377444000054, -9.593280986999957, 0.0 ], [ 119.581481332000067, -9.593383855999946, 0.0 ], [ 119.582163955000055, -9.593912524999951, 0.0 ], [ 119.582202711000036, -9.59394032299997, 0.0 ], [ 119.582289389000039, -9.594002665999938, 0.0 ], [ 119.581907080000065, -9.594507522999947, 0.0 ], [ 119.581689520000054, -9.59485492999994, 0.0 ], [ 119.581492329000071, -9.595205159999978, 0.0 ], [ 119.581794323000054, -9.595503642999972, 0.0 ], [ 119.581957387000102, -9.595632301999956, 0.0 ], [ 119.582153980000044, -9.595649565999963, 0.0 ], [ 119.582232071000021, -9.595674973999962, 0.0 ], [ 119.582281875000035, -9.595793553999954, 0.0 ], [ 119.582282657000064, -9.595986728999947, 0.0 ], [ 119.582284764000065, -9.596097610999948, 0.0 ], [ 119.582374075000075, -9.59621414999998, 0.0 ], [ 119.58284492700011, -9.59632823499993, 0.0 ], [ 119.582938125000055, -9.596386643999949, 0.0 ], [ 119.583013826000069, -9.596439970999938, 0.0 ], [ 119.583130764000089, -9.596531567999932, 0.0 ], [ 119.58324984300009, -9.59657692299993, 0.0 ], [ 119.583539086000087, -9.597476990999951, 0.0 ], [ 119.583543995000014, -9.598839274999932, 0.0 ], [ 119.583554169000081, -9.598990162999939, 0.0 ], [ 119.583661336000091, -9.599804180999968, 0.0 ], [ 119.583923020000043, -9.601424174999977, 0.0 ], [ 119.584006800000111, -9.603290023999932, 0.0 ], [ 119.584062520000089, -9.605660023999974, 0.0 ], [ 119.584246207000092, -9.60816121299996, 0.0 ], [ 119.584422714000084, -9.610471349999955, 0.0 ], [ 119.584554246000039, -9.611799426999937, 0.0 ], [ 119.584365846000082, -9.611704754999948, 0.0 ], [ 119.583893555000031, -9.61157379499997, 0.0 ], [ 119.583769533, -9.611486226999943, 0.0 ], [ 119.583349806000115, -9.611306280999941, 0.0 ], [ 119.582616214000041, -9.610994827999946, 0.0 ], [ 119.582392734000109, -9.610903329999928, 0.0 ], [ 119.582087174000094, -9.610774127999946, 0.0 ], [ 119.580762173000039, -9.610160297999926, 0.0 ], [ 119.580708250000043, -9.61016709699993, 0.0 ], [ 119.580456865000087, -9.610414097999978, 0.0 ], [ 119.580432298, -9.61045056699993, 0.0 ], [ 119.580391217000056, -9.610453760999974, 0.0 ], [ 119.580165232000013, -9.610461407999935, 0.0 ], [ 119.579405672, -9.610430211999926, 0.0 ], [ 119.57886093500008, -9.610391428999947, 0.0 ], [ 119.578043454000067, -9.610302315999945, 0.0 ], [ 119.57750559100009, -9.610276251999949, 0.0 ], [ 119.576442205000035, -9.610245644999964, 0.0 ], [ 119.576298955000084, -9.610239767999929, 0.0 ], [ 119.57583881100004, -9.610220860999959, 0.0 ], [ 119.573566573000107, -9.610117705999926, 0.0 ], [ 119.573013998000079, -9.610085548999962, 0.0 ], [ 119.572841785000037, -9.610083384999939, 0.0 ], [ 119.572617186000116, -9.61008056299994, 0.0 ], [ 119.572561490000112, -9.610078079999937, 0.0 ], [ 119.572560931000112, -9.610078054999974, 0.0 ], [ 119.571583589000056, -9.610034485999961, 0.0 ], [ 119.570609747000049, -9.610004471999957, 0.0 ], [ 119.570394936000071, -9.610001876999945, 0.0 ], [ 119.569952027000113, -9.609989406999944, 0.0 ], [ 119.569598147000079, -9.609960003999959, 0.0 ], [ 119.569169264000038, -9.609585937999952, 0.0 ], [ 119.568997126000113, -9.609495331999938, 0.0 ], [ 119.568736449000085, -9.60947441199994, 0.0 ], [ 119.567054904000088, -9.60933904999996, 0.0 ], [ 119.566434385000093, -9.609197972999937, 0.0 ], [ 119.565914125000063, -9.609048220999966, 0.0 ], [ 119.565580706000105, -9.609002346999944, 0.0 ], [ 119.564715202000116, -9.608905297999968, 0.0 ], [ 119.564552781000089, -9.608912313999951, 0.0 ], [ 119.564250061000052, -9.609058723999965, 0.0 ], [ 119.563588268000103, -9.609345627999971, 0.0 ], [ 119.563084075, -9.609517048999976, 0.0 ], [ 119.562432110000032, -9.609586323999963, 0.0 ], [ 119.562163873000031, -9.609562313999959, 0.0 ], [ 119.562032124000098, -9.609527610999976, 0.0 ], [ 119.561527029000104, -9.609619610999971, 0.0 ], [ 119.561396341000091, -9.609769865999965, 0.0 ], [ 119.561239326000077, -9.610134236999954, 0.0 ], [ 119.56120520200011, -9.610217406999936, 0.0 ], [ 119.560918405000052, -9.61084311299993, 0.0 ], [ 119.560865045000014, -9.611260953999931, 0.0 ], [ 119.560882890000016, -9.611454594999941, 0.0 ], [ 119.560880103000045, -9.611677658999952, 0.0 ], [ 119.560895982000034, -9.611793017999958, 0.0 ], [ 119.56084940400001, -9.612049125999931, 0.0 ], [ 119.560766467, -9.612195176999933, 0.0 ], [ 119.560685032000038, -9.612253036999959, 0.0 ], [ 119.56065073100001, -9.61226017499996, 0.0 ], [ 119.560617026000045, -9.612222161999966, 0.0 ], [ 119.560574578000114, -9.61227342899997, 0.0 ], [ 119.560537047000025, -9.612305526999933, 0.0 ], [ 119.560383394000041, -9.612419210999974, 0.0 ], [ 119.559718052000107, -9.613134398999932, 0.0 ], [ 119.558688585000027, -9.614119312999946, 0.0 ], [ 119.558059503000095, -9.614754245999961, 0.0 ], [ 119.557440459000077, -9.615315364999958, 0.0 ], [ 119.557140009000022, -9.615598452999961, 0.0 ], [ 119.556806300000062, -9.615886307999972, 0.0 ], [ 119.55604495700004, -9.616596147999928, 0.0 ], [ 119.555768384000089, -9.616824430999941, 0.0 ], [ 119.555520270000102, -9.617046113999947, 0.0 ], [ 119.555162614000096, -9.617377677999968, 0.0 ], [ 119.555032338000046, -9.617493139999965, 0.0 ], [ 119.555014924000034, -9.617513953999946, 0.0 ], [ 119.554968311000039, -9.617560957999956, 0.0 ], [ 119.554551936000053, -9.617335929999967, 0.0 ], [ 119.553540245000022, -9.616630206999957, 0.0 ], [ 119.553332652000108, -9.616445424999938, 0.0 ], [ 119.55311344900008, -9.616235891999963, 0.0 ], [ 119.55234504900011, -9.615514206999933, 0.0 ], [ 119.551675741000054, -9.614602156999979, 0.0 ], [ 119.55161003, -9.614497562999929, 0.0 ], [ 119.551428220000048, -9.614180252999972, 0.0 ], [ 119.55135387200005, -9.613941644999954, 0.0 ], [ 119.551320509000107, -9.613767969999969, 0.0 ], [ 119.551261045000047, -9.613461779999966, 0.0 ], [ 119.551152294000076, -9.613179626999965, 0.0 ], [ 119.550980955000114, -9.612865200999977, 0.0 ], [ 119.550824954000063, -9.612482211999975, 0.0 ], [ 119.550806705000014, -9.612390993999952, 0.0 ], [ 119.550818133, -9.612022482999976, 0.0 ], [ 119.550604476000103, -9.611946418999935, 0.0 ], [ 119.550249538000116, -9.611768366999968, 0.0 ], [ 119.549819067000044, -9.611459968999952, 0.0 ], [ 119.549700144000099, -9.611419840999929, 0.0 ], [ 119.549253495000016, -9.611187679999944, 0.0 ], [ 119.548192964, -9.610878208999964, 0.0 ], [ 119.548162083000079, -9.610877927999979, 0.0 ], [ 119.547679114000061, -9.610873266999931, 0.0 ], [ 119.547098993000077, -9.610867679999956, 0.0 ], [ 119.546663095000099, -9.610880444999964, 0.0 ], [ 119.544947277, -9.611019862999967, 0.0 ], [ 119.543282103000024, -9.611213460999977, 0.0 ], [ 119.542954112000075, -9.611251593999953, 0.0 ], [ 119.542532218000019, -9.611300644999972, 0.0 ], [ 119.541589805000058, -9.611410211999953, 0.0 ], [ 119.53791354100008, -9.611915300999954, 0.0 ], [ 119.535914259000037, -9.612386271999981, 0.0 ], [ 119.535203432000117, -9.612553727999966, 0.0 ], [ 119.534964276000096, -9.61263916799993, 0.0 ], [ 119.533269196000106, -9.61324297799996, 0.0 ], [ 119.533006625000098, -9.613338688999931, 0.0 ], [ 119.532650521000051, -9.61346593199994, 0.0 ] ] ] ] } },
{ "type": "Feature", "properties": { "nm_kecamatan": "Umbu Ratu Nggay Barat" }, "geometry": { "type": "MultiPolygon", "coordinates": [ [ [ [ 119.61305139000001, -9.619958410999971, 0.0 ], [ 119.612836297000058, -9.620013345999951, 0.0 ], [ 119.612812794000092, -9.620072268999934, 0.0 ], [ 119.612703982000085, -9.620285344999957, 0.0 ], [ 119.612548043000061, -9.620424646999936, 0.0 ], [ 119.612317294000036, -9.620805050999934, 0.0 ], [ 119.612016623000045, -9.621075202999975, 0.0 ], [ 119.611801830000104, -9.621277111999973, 0.0 ], [ 119.611541924000107, -9.621380741999928, 0.0 ], [ 119.611447810000072, -9.621316645999968, 0.0 ], [ 119.611097279000091, -9.620955909999964, 0.0 ], [ 119.610965892000081, -9.620840032999979, 0.0 ], [ 119.610692500000027, -9.620642284999974, 0.0 ], [ 119.61061737700004, -9.620650926999929, 0.0 ], [ 119.610453453000105, -9.620659251999939, 0.0 ], [ 119.610364985000047, -9.62056873399996, 0.0 ], [ 119.610114673000112, -9.620313518999978, 0.0 ], [ 119.609977668000056, -9.620182158999967, 0.0 ], [ 119.609836406000113, -9.619929253999942, 0.0 ], [ 119.609916970000086, -9.619854861999954, 0.0 ], [ 119.609864360000074, -9.619745019999925, 0.0 ], [ 119.609779754000101, -9.61968582999998, 0.0 ], [ 119.609438519000037, -9.619483965999962, 0.0 ], [ 119.609328736000066, -9.619358142999943, 0.0 ], [ 119.609236232000057, -9.619071597999948, 0.0 ], [ 119.609199638000064, -9.618494014999953, 0.0 ], [ 119.609055886000078, -9.618296628999929, 0.0 ], [ 119.608872544000064, -9.618131026999947, 0.0 ], [ 119.608511280000016, -9.617877361999945, 0.0 ], [ 119.608178313000053, -9.617655364999962, 0.0 ], [ 119.607972828000015, -9.617542235999963, 0.0 ], [ 119.60785665800006, -9.617503798999962, 0.0 ], [ 119.607656618000078, -9.617365147999976, 0.0 ], [ 119.60756974700007, -9.617233673999976, 0.0 ], [ 119.607314388000077, -9.616611736999971, 0.0 ], [ 119.607294621000051, -9.61655994299997, 0.0 ], [ 119.607173876000047, -9.616446485999973, 0.0 ], [ 119.607017685000073, -9.616372958999932, 0.0 ], [ 119.606851766000091, -9.61630050499997, 0.0 ], [ 119.606731866000018, -9.616388535999931, 0.0 ], [ 119.606574298000055, -9.616418955999961, 0.0 ], [ 119.606001548000108, -9.616419469999926, 0.0 ], [ 119.605827371000032, -9.616421154999955, 0.0 ], [ 119.60570154800007, -9.616449122999938, 0.0 ], [ 119.6055498610001, -9.616493830999957, 0.0 ], [ 119.60512918400002, -9.616393844999948, 0.0 ], [ 119.604894217000037, -9.616559175999953, 0.0 ], [ 119.604697890000011, -9.616660083999932, 0.0 ], [ 119.604454968000027, -9.616696524999952, 0.0 ], [ 119.604256985, -9.616802190999977, 0.0 ], [ 119.60376210700008, -9.61707987799997, 0.0 ], [ 119.603445652000119, -9.617294220999952, 0.0 ], [ 119.603230152000037, -9.61742038899996, 0.0 ], [ 119.603035551000062, -9.61747287999998, 0.0 ], [ 119.602745884000115, -9.617541632999973, 0.0 ], [ 119.602508583000031, -9.617747835999978, 0.0 ], [ 119.602348987000028, -9.617725293999968, 0.0 ], [ 119.602121569000019, -9.617659587999981, 0.0 ], [ 119.601897141000109, -9.617658283999958, 0.0 ], [ 119.601238823000017, -9.61749021299994, 0.0 ], [ 119.600944561, -9.617424416999938, 0.0 ], [ 119.600720681000098, -9.61746153699994, 0.0 ], [ 119.600530966000065, -9.617524360999937, 0.0 ], [ 119.600300173000051, -9.617516705999947, 0.0 ], [ 119.600070813000116, -9.617445084999929, 0.0 ], [ 119.599897091000116, -9.617420752999976, 0.0 ], [ 119.599672801000111, -9.617536600999927, 0.0 ], [ 119.599447524000084, -9.617656599999975, 0.0 ], [ 119.599204581000095, -9.617690076999963, 0.0 ], [ 119.598980609000023, -9.617649793999931, 0.0 ], [ 119.598452117000079, -9.617519070999947, 0.0 ], [ 119.598180346000049, -9.617500974999928, 0.0 ], [ 119.597373829000048, -9.617590341999971, 0.0 ], [ 119.597245540000017, -9.617712940999979, 0.0 ], [ 119.59702854000011, -9.617815807999932, 0.0 ], [ 119.596895349000079, -9.617824937999956, 0.0 ], [ 119.596607539000047, -9.617861692999952, 0.0 ], [ 119.596455923, -9.617981130999965, 0.0 ], [ 119.596197324000059, -9.618237662999945, 0.0 ], [ 119.596178627000086, -9.618326755999931, 0.0 ], [ 119.596100113000034, -9.618401990999928, 0.0 ], [ 119.595937926000033, -9.618598682999959, 0.0 ], [ 119.595982439000068, -9.618954490999954, 0.0 ], [ 119.595893662000094, -9.61906927299998, 0.0 ], [ 119.595761045000017, -9.619161929999962, 0.0 ], [ 119.595661785000061, -9.619274019999978, 0.0 ], [ 119.595527444000027, -9.619665361999978, 0.0 ], [ 119.595374043000106, -9.619893600999944, 0.0 ], [ 119.595200965000117, -9.619993759999943, 0.0 ], [ 119.594739161, -9.620216005999964, 0.0 ], [ 119.594566069000052, -9.620321332999936, 0.0 ], [ 119.594113479000043, -9.620486331999928, 0.0 ], [ 119.593861855000114, -9.620627188999947, 0.0 ], [ 119.593711036000059, -9.620795582999961, 0.0 ], [ 119.59371231700004, -9.620866754999952, 0.0 ], [ 119.593723005000015, -9.621013940999944, 0.0 ], [ 119.593463498, -9.62107117499994, 0.0 ], [ 119.593307249000077, -9.621153375999938, 0.0 ], [ 119.59326842300004, -9.621138715999962, 0.0 ], [ 119.593222034000064, -9.621060029999967, 0.0 ], [ 119.593085918000043, -9.620854397999949, 0.0 ], [ 119.59295647600004, -9.620743689999927, 0.0 ], [ 119.592856440000105, -9.620728097999972, 0.0 ], [ 119.592348098000116, -9.620763257999954, 0.0 ], [ 119.592091991000075, -9.620794537999927, 0.0 ], [ 119.591290754000056, -9.620657525999945, 0.0 ], [ 119.590656722000062, -9.620315497999968, 0.0 ], [ 119.590259299000081, -9.620101083999941, 0.0 ], [ 119.59005624200006, -9.619978117999949, 0.0 ], [ 119.589843402000042, -9.619852756999933, 0.0 ], [ 119.58966160500006, -9.619644944999948, 0.0 ], [ 119.589491817000066, -9.619444198999929, 0.0 ], [ 119.589389502000017, -9.619237532999932, 0.0 ], [ 119.589279215000033, -9.618966506999925, 0.0 ], [ 119.589229628000112, -9.618799991999936, 0.0 ], [ 119.589101753000023, -9.618490235999957, 0.0 ], [ 119.589023489000056, -9.61824241599993, 0.0 ], [ 119.588945110000054, -9.618058504999965, 0.0 ], [ 119.58886791000009, -9.617884776999972, 0.0 ], [ 119.588746266000044, -9.617670873999941, 0.0 ], [ 119.588714297000024, -9.617542104999927, 0.0 ], [ 119.588749072000041, -9.61728353899997, 0.0 ], [ 119.588718372000017, -9.617175890999931, 0.0 ], [ 119.588576329000034, -9.617116083999974, 0.0 ], [ 119.58825270300008, -9.61695360899995, 0.0 ], [ 119.588185291000059, -9.61684811799995, 0.0 ], [ 119.588113626000109, -9.61666323399993, 0.0 ], [ 119.587915629, -9.616279956999961, 0.0 ], [ 119.587654500000099, -9.616025807999961, 0.0 ], [ 119.587492095000016, -9.615878823999935, 0.0 ], [ 119.58744023600002, -9.615761443999929, 0.0 ], [ 119.587393935000023, -9.615584224999964, 0.0 ], [ 119.587337885000011, -9.61538220999995, 0.0 ], [ 119.587219766000089, -9.615317112999946, 0.0 ], [ 119.587115942000082, -9.61522574199995, 0.0 ], [ 119.587105677000068, -9.61514198499998, 0.0 ], [ 119.587120791000075, -9.61488051699996, 0.0 ], [ 119.58679517500002, -9.614420380999945, 0.0 ], [ 119.586514055000066, -9.61405849199997, 0.0 ], [ 119.586402412000098, -9.613898310999957, 0.0 ], [ 119.586318908000067, -9.613814412999943, 0.0 ], [ 119.586090051000042, -9.613567161999981, 0.0 ], [ 119.585921535000011, -9.613400334999938, 0.0 ], [ 119.585611073000109, -9.613233726999965, 0.0 ], [ 119.584702180000022, -9.612388427999974, 0.0 ], [ 119.584554246000039, -9.611799426999937, 0.0 ], [ 119.584422714000084, -9.610471349999955, 0.0 ], [ 119.584246207000092, -9.60816121299996, 0.0 ], [ 119.584062520000089, -9.605660023999974, 0.0 ], [ 119.584006800000111, -9.603290023999932, 0.0 ], [ 119.583923020000043, -9.601424174999977, 0.0 ], [ 119.583661336000091, -9.599804180999968, 0.0 ], [ 119.583554169000081, -9.598990162999939, 0.0 ], [ 119.583543995000014, -9.598839274999932, 0.0 ], [ 119.583539086000087, -9.597476990999951, 0.0 ], [ 119.58324984300009, -9.59657692299993, 0.0 ], [ 119.583130764000089, -9.596531567999932, 0.0 ], [ 119.583013826000069, -9.596439970999938, 0.0 ], [ 119.582938125000055, -9.596386643999949, 0.0 ], [ 119.58284492700011, -9.59632823499993, 0.0 ], [ 119.582374075000075, -9.59621414999998, 0.0 ], [ 119.582284764000065, -9.596097610999948, 0.0 ], [ 119.582282657000064, -9.595986728999947, 0.0 ], [ 119.582281875000035, -9.595793553999954, 0.0 ], [ 119.582232071000021, -9.595674973999962, 0.0 ], [ 119.582153980000044, -9.595649565999963, 0.0 ], [ 119.581957387000102, -9.595632301999956, 0.0 ], [ 119.581794323000054, -9.595503642999972, 0.0 ], [ 119.581492329000071, -9.595205159999978, 0.0 ], [ 119.581689520000054, -9.59485492999994, 0.0 ], [ 119.581907080000065, -9.594507522999947, 0.0 ], [ 119.582289389000039, -9.594002665999938, 0.0 ], [ 119.582202711000036, -9.59394032299997, 0.0 ], [ 119.582163955000055, -9.593912524999951, 0.0 ], [ 119.581481332000067, -9.593383855999946, 0.0 ], [ 119.581377444000054, -9.593280986999957, 0.0 ], [ 119.580988883000032, -9.592829437999967, 0.0 ], [ 119.580802008000092, -9.592653373999951, 0.0 ], [ 119.580317599000068, -9.592416655999955, 0.0 ], [ 119.580201975000023, -9.592378592999978, 0.0 ], [ 119.580141619000074, -9.592339185999947, 0.0 ], [ 119.580054395000047, -9.59203751299998, 0.0 ], [ 119.580011273000082, -9.591847844999961, 0.0 ], [ 119.579854288000092, -9.591593558999932, 0.0 ], [ 119.579853706000108, -9.591101484999967, 0.0 ], [ 119.579786176000084, -9.590665243999979, 0.0 ], [ 119.579683919000104, -9.590260132999958, 0.0 ], [ 119.579634863000024, -9.590065774999971, 0.0 ], [ 119.579455249000034, -9.589003716999969, 0.0 ], [ 119.57942145700008, -9.588803840999958, 0.0 ], [ 119.579291338000075, -9.588364646999935, 0.0 ], [ 119.579083992000051, -9.587775086999955, 0.0 ], [ 119.579009247000045, -9.58759562399996, 0.0 ], [ 119.578838611000037, -9.587185834999957, 0.0 ], [ 119.578706861000114, -9.586836363999964, 0.0 ], [ 119.578346927000098, -9.585881528999948, 0.0 ], [ 119.578125716000045, -9.585193581999931, 0.0 ], [ 119.577923491000092, -9.584586005999938, 0.0 ], [ 119.577575717000059, -9.582780574999958, 0.0 ], [ 119.577466174000051, -9.582223487999954, 0.0 ], [ 119.577321150000103, -9.581485682999926, 0.0 ], [ 119.577012055000068, -9.579913178999959, 0.0 ], [ 119.576760852, -9.57826354499997, 0.0 ], [ 119.576709489000109, -9.577866927999935, 0.0 ], [ 119.576675268000031, -9.577738677999946, 0.0 ], [ 119.576544128000023, -9.576903361999939, 0.0 ], [ 119.576417540000079, -9.576097045999973, 0.0 ], [ 119.576366536000023, -9.575772169999937, 0.0 ], [ 119.576286434000053, -9.575307066999926, 0.0 ], [ 119.576247019000107, -9.575078207999979, 0.0 ], [ 119.576047896000091, -9.573123665999958, 0.0 ], [ 119.575854342000071, -9.572000535999962, 0.0 ], [ 119.575763942000094, -9.571475975999931, 0.0 ], [ 119.57571995100011, -9.571216468999978, 0.0 ], [ 119.575666021000075, -9.570898427999964, 0.0 ], [ 119.57524942900011, -9.568180204999976, 0.0 ], [ 119.575192967000021, -9.56793487799996, 0.0 ], [ 119.57514539500005, -9.567636774999926, 0.0 ], [ 119.574974141000098, -9.565300524999941, 0.0 ], [ 119.574961806000033, -9.565132335999976, 0.0 ], [ 119.574957248000032, -9.565006635999964, 0.0 ], [ 119.574864337, -9.562444489999962, 0.0 ], [ 119.574862142000029, -9.560306897999965, 0.0 ], [ 119.574861994000116, -9.560162619999971, 0.0 ], [ 119.574605986000051, -9.557264491999945, 0.0 ], [ 119.57457217700005, -9.556874132999951, 0.0 ], [ 119.574300987000015, -9.555097178999972, 0.0 ], [ 119.57367574500006, -9.554208023999934, 0.0 ], [ 119.57265652500007, -9.553212173999952, 0.0 ], [ 119.572616656000037, -9.553183394999962, 0.0 ], [ 119.571460223000031, -9.552347446999931, 0.0 ], [ 119.570822205000013, -9.55167939599994, 0.0 ], [ 119.570711173000063, -9.551595376999956, 0.0 ], [ 119.570663864000039, -9.550950741999941, 0.0 ], [ 119.570624757000019, -9.550488415999951, 0.0 ], [ 119.570610587000033, -9.550283580999974, 0.0 ], [ 119.570642768000084, -9.550098740999942, 0.0 ], [ 119.570541430000048, -9.549842071999933, 0.0 ], [ 119.570383178000043, -9.548710713999981, 0.0 ], [ 119.570373977000031, -9.548670517999938, 0.0 ], [ 119.570337426000037, -9.548358359999952, 0.0 ], [ 119.570218583000042, -9.547442991999958, 0.0 ], [ 119.570145191000051, -9.546120712999937, 0.0 ], [ 119.570221684000103, -9.544481618999953, 0.0 ], [ 119.570044007000092, -9.543682536999938, 0.0 ], [ 119.569932474000097, -9.543245399999932, 0.0 ], [ 119.569818516000055, -9.542233671999952, 0.0 ], [ 119.569795209000063, -9.542026772999975, 0.0 ], [ 119.569692631000066, -9.540131464999945, 0.0 ], [ 119.569693961000098, -9.539984686999958, 0.0 ], [ 119.569647148000058, -9.539762905999964, 0.0 ], [ 119.569584145000022, -9.539681764999955, 0.0 ], [ 119.569474642000046, -9.53954063499998, 0.0 ], [ 119.569222513000113, -9.539321834999953, 0.0 ], [ 119.568935016000069, -9.53914023599998, 0.0 ], [ 119.568753482000034, -9.538998847999949, 0.0 ], [ 119.568649865000111, -9.538903552999955, 0.0 ], [ 119.568399110000087, -9.53884802999994, 0.0 ], [ 119.567911863000063, -9.538730480999959, 0.0 ], [ 119.567684054000097, -9.538602153999932, 0.0 ], [ 119.567475535000085, -9.538503640999977, 0.0 ], [ 119.56723119500009, -9.538379255999928, 0.0 ], [ 119.567040275000068, -9.538251056999968, 0.0 ], [ 119.566654948000064, -9.538024016999941, 0.0 ], [ 119.566460269000117, -9.537952333999954, 0.0 ], [ 119.566274045000114, -9.537899873999947, 0.0 ], [ 119.56610411500003, -9.537876911999945, 0.0 ], [ 119.565754518000062, -9.537880714999972, 0.0 ], [ 119.565448024000034, -9.537780388999977, 0.0 ], [ 119.565326304000109, -9.537740529999951, 0.0 ], [ 119.56509040100002, -9.537719731999971, 0.0 ], [ 119.564879587000064, -9.537693281999964, 0.0 ], [ 119.564821335000033, -9.537718715999972, 0.0 ], [ 119.564795855000057, -9.537741061999952, 0.0 ], [ 119.56320189600001, -9.536884867999959, 0.0 ], [ 119.563034869000035, -9.536795149999932, 0.0 ], [ 119.56216194000001, -9.536265170999968, 0.0 ], [ 119.561934962, -9.536127366999949, 0.0 ], [ 119.56063640800005, -9.535965789999977, 0.0 ], [ 119.560490111000036, -9.535947580999959, 0.0 ], [ 119.558956339000019, -9.53583539899995, 0.0 ], [ 119.558073021000041, -9.535818336999967, 0.0 ], [ 119.558025090000115, -9.535865969999975, 0.0 ], [ 119.557763990000012, -9.536125395999932, 0.0 ], [ 119.557579807000025, -9.536615927999947, 0.0 ], [ 119.557348438000076, -9.537311766999949, 0.0 ], [ 119.557332795000093, -9.537354318999974, 0.0 ], [ 119.557172485000024, -9.537704671999961, 0.0 ], [ 119.556954609000059, -9.538221299999975, 0.0 ], [ 119.556857904000026, -9.538471282999978, 0.0 ], [ 119.556804138000075, -9.538699145999942, 0.0 ], [ 119.556742360000044, -9.539155812999979, 0.0 ], [ 119.556732356000111, -9.539577644999952, 0.0 ], [ 119.556729343000029, -9.539711612999952, 0.0 ], [ 119.556639733000111, -9.540112560999944, 0.0 ], [ 119.556547810000097, -9.540398206999953, 0.0 ], [ 119.556531263000011, -9.540462136999963, 0.0 ], [ 119.55651015300009, -9.540548677999936, 0.0 ], [ 119.556441342000085, -9.54077432899993, 0.0 ], [ 119.556420906000085, -9.541002391999939, 0.0 ], [ 119.556577016, -9.541175126999974, 0.0 ], [ 119.556122046000041, -9.541417225999965, 0.0 ], [ 119.555968923000023, -9.541498696999952, 0.0 ], [ 119.555517145000067, -9.541759110999976, 0.0 ], [ 119.55534354800011, -9.54185918099995, 0.0 ], [ 119.555229265000094, -9.541963161999945, 0.0 ], [ 119.554770176000034, -9.54238083599995, 0.0 ], [ 119.554303308000044, -9.543018429999961, 0.0 ], [ 119.553899358000081, -9.543516782999973, 0.0 ], [ 119.553455690000078, -9.544131212999957, 0.0 ], [ 119.552942114000075, -9.544821056999979, 0.0 ], [ 119.551354058000015, -9.546902646999968, 0.0 ], [ 119.550659241000062, -9.547941013999946, 0.0 ], [ 119.550541112000019, -9.54811755299994, 0.0 ], [ 119.549812164000059, -9.549373263999939, 0.0 ], [ 119.549712353000018, -9.549206673999947, 0.0 ], [ 119.549531163000097, -9.54888952899995, 0.0 ], [ 119.549402211000029, -9.548824622999973, 0.0 ], [ 119.549171177000062, -9.54880329599996, 0.0 ], [ 119.548906661000046, -9.548613425999974, 0.0 ], [ 119.548781097000074, -9.548513187999959, 0.0 ], [ 119.548432535000074, -9.548307545999933, 0.0 ], [ 119.548314447000052, -9.54823874899995, 0.0 ], [ 119.547925436000014, -9.548117591999926, 0.0 ], [ 119.54783215100008, -9.548049502999959, 0.0 ], [ 119.547638447000054, -9.547823531999938, 0.0 ], [ 119.547517146000018, -9.547647047999931, 0.0 ], [ 119.547411103000059, -9.547397029999956, 0.0 ], [ 119.547307113000102, -9.547228983999958, 0.0 ], [ 119.547239676000117, -9.547185440999954, 0.0 ], [ 119.546286423000083, -9.546651053999938, 0.0 ], [ 119.545835040000043, -9.546495273999938, 0.0 ], [ 119.545774496000035, -9.546474367999963, 0.0 ], [ 119.545020610000051, -9.546465904999934, 0.0 ], [ 119.544749714000091, -9.546462865999956, 0.0 ], [ 119.544090268000105, -9.546543678999967, 0.0 ], [ 119.541782027000068, -9.547027233999927, 0.0 ], [ 119.541632242000105, -9.547061431999964, 0.0 ], [ 119.539605713000014, -9.547524029999977, 0.0 ], [ 119.538038739000058, -9.547986114999958, 0.0 ], [ 119.537094090000096, -9.548110444999963, 0.0 ], [ 119.536617115000013, -9.547712209999929, 0.0 ], [ 119.535345681000081, -9.546934915999941, 0.0 ], [ 119.533890964000079, -9.545832989999951, 0.0 ], [ 119.533381170000098, -9.545414255999958, 0.0 ], [ 119.532773924000026, -9.544915455999956, 0.0 ], [ 119.531491362000111, -9.544065038999975, 0.0 ], [ 119.531266257000084, -9.543932307999967, 0.0 ], [ 119.530398905000084, -9.543420805999972, 0.0 ], [ 119.530227018000119, -9.543319430999929, 0.0 ], [ 119.529483521000088, -9.542746070999954, 0.0 ], [ 119.529197956000075, -9.542517504999978, 0.0 ], [ 119.529186491000019, -9.54251190399998, 0.0 ], [ 119.52910505300008, -9.542472118999967, 0.0 ], [ 119.527543368000011, -9.541477527999973, 0.0 ], [ 119.526445633000094, -9.540712586999973, 0.0 ], [ 119.524480837000056, -9.53931820899993, 0.0 ], [ 119.522078589000103, -9.537879773999975, 0.0 ], [ 119.521030900000028, -9.537367458999938, 0.0 ], [ 119.518775220000066, -9.53630424499994, 0.0 ], [ 119.518530375000068, -9.536135849999937, 0.0 ], [ 119.518614267000089, -9.536101560999953, 0.0 ], [ 119.518846392000114, -9.535763684999949, 0.0 ], [ 119.518924616000049, -9.535441711999965, 0.0 ], [ 119.518923635000078, -9.535422854999979, 0.0 ], [ 119.518914941000048, -9.535255647999975, 0.0 ], [ 119.518462295000063, -9.53426342299997, 0.0 ], [ 119.518398671000114, -9.534103687999959, 0.0 ], [ 119.51837079500001, -9.533658148999962, 0.0 ], [ 119.518462582000097, -9.533397927999943, 0.0 ], [ 119.518539113000088, -9.533260970999947, 0.0 ], [ 119.518792236000081, -9.532951332999971, 0.0 ], [ 119.518875114000025, -9.532833248999964, 0.0 ], [ 119.519068885000024, -9.532622892999939, 0.0 ], [ 119.519226777000085, -9.532280542999956, 0.0 ], [ 119.519202806000067, -9.532191674999979, 0.0 ], [ 119.519166386000052, -9.531969308999976, 0.0 ], [ 119.519312641000056, -9.531656622999947, 0.0 ], [ 119.5194189340001, -9.53149074199996, 0.0 ], [ 119.519493669000099, -9.531189673999961, 0.0 ], [ 119.519469244000106, -9.530941771999949, 0.0 ], [ 119.519437586000095, -9.530592898999942, 0.0 ], [ 119.519661767000116, -9.53007711999993, 0.0 ], [ 119.51970967200009, -9.529898177999939, 0.0 ], [ 119.519716583000104, -9.529812308999965, 0.0 ], [ 119.519710012000019, -9.529596130999948, 0.0 ], [ 119.51967448500011, -9.529396739999981, 0.0 ], [ 119.51964676800003, -9.528387836999968, 0.0 ], [ 119.519694301000072, -9.528274516999943, 0.0 ], [ 119.519844568000053, -9.528100845999973, 0.0 ], [ 119.519973458000095, -9.528002192999963, 0.0 ], [ 119.520235552000031, -9.527949841999941, 0.0 ], [ 119.520344267000041, -9.527934867999932, 0.0 ], [ 119.520931802000064, -9.527455461999978, 0.0 ], [ 119.521427112000083, -9.526524520999942, 0.0 ], [ 119.522246707000022, -9.524039725999955, 0.0 ], [ 119.522253797000076, -9.522977949999927, 0.0 ], [ 119.522476071000028, -9.522464328999945, 0.0 ], [ 119.522621518000051, -9.522066302999974, 0.0 ], [ 119.523125957000047, -9.521395772999938, 0.0 ], [ 119.523367251000082, -9.521184507999976, 0.0 ], [ 119.523340534000113, -9.521134785999948, 0.0 ], [ 119.523322123000071, -9.521011301999977, 0.0 ], [ 119.523389580000071, -9.520895677999931, 0.0 ], [ 119.523556996000025, -9.520585934999929, 0.0 ], [ 119.523559377000083, -9.520417908999946, 0.0 ], [ 119.523503667000114, -9.519873096999959, 0.0 ], [ 119.523268955000049, -9.519273738999971, 0.0 ], [ 119.523222026000099, -9.519161235999945, 0.0 ], [ 119.523061217000077, -9.518758549999973, 0.0 ], [ 119.523001433000104, -9.518505860999937, 0.0 ], [ 119.523000108000019, -9.518467486999953, 0.0 ], [ 119.522948982000116, -9.518216067999958, 0.0 ], [ 119.52298806500005, -9.518032736999942, 0.0 ], [ 119.523149283000066, -9.517632124999977, 0.0 ], [ 119.523304280000048, -9.517440375999968, 0.0 ], [ 119.523502922000034, -9.517231411999944, 0.0 ], [ 119.523570982000024, -9.517100251999977, 0.0 ], [ 119.523661091, -9.516659862999973, 0.0 ], [ 119.523768233000055, -9.516323162999981, 0.0 ], [ 119.523787875000039, -9.515924564999978, 0.0 ], [ 119.523757091000107, -9.51536779199995, 0.0 ], [ 119.523705514000085, -9.515307333999942, 0.0 ], [ 119.523650266000118, -9.515188955999974, 0.0 ], [ 119.523667127000067, -9.51504045799993, 0.0 ], [ 119.52369554500001, -9.514961958999947, 0.0 ], [ 119.52377354500004, -9.514741079999965, 0.0 ], [ 119.523790465000047, -9.514706442999966, 0.0 ], [ 119.523955129000115, -9.514376302999949, 0.0 ], [ 119.524311225000019, -9.513968362999947, 0.0 ], [ 119.524687881000091, -9.513681445999964, 0.0 ], [ 119.524741075000065, -9.51358384699995, 0.0 ], [ 119.524770021000108, -9.513517602999968, 0.0 ], [ 119.524863702000061, -9.513303333999943, 0.0 ], [ 119.524873078000041, -9.513290978999976, 0.0 ], [ 119.525172840000096, -9.512895987999968, 0.0 ], [ 119.525224986000012, -9.512630660999946, 0.0 ], [ 119.525177486000075, -9.512523875999932, 0.0 ], [ 119.525179967000099, -9.512459504999981, 0.0 ], [ 119.525222967000104, -9.512408923999942, 0.0 ], [ 119.525306590000014, -9.512296395999954, 0.0 ], [ 119.525215812000056, -9.512158955999951, 0.0 ], [ 119.525196813000093, -9.512061237999944, 0.0 ], [ 119.525190591000069, -9.511812082999938, 0.0 ], [ 119.52514408400009, -9.511736507999956, 0.0 ], [ 119.525149561000035, -9.511654455999974, 0.0 ], [ 119.525175421000085, -9.511576457999979, 0.0 ], [ 119.525253784000029, -9.511510705999967, 0.0 ], [ 119.525335449000067, -9.511430142999927, 0.0 ], [ 119.525080136000042, -9.511341864999963, 0.0 ], [ 119.524993943000027, -9.51128483399998, 0.0 ], [ 119.524873113000012, -9.511205240999971, 0.0 ], [ 119.52489790900006, -9.510790743999962, 0.0 ], [ 119.52482266100003, -9.510644573999969, 0.0 ], [ 119.524642941000025, -9.510367034999945, 0.0 ], [ 119.524616610000066, -9.510211458999947, 0.0 ], [ 119.524653616000023, -9.510002850999967, 0.0 ], [ 119.524736183000073, -9.509871288999932, 0.0 ], [ 119.524931863, -9.509731723999948, 0.0 ], [ 119.525204106000047, -9.509769896999956, 0.0 ], [ 119.525339319000068, -9.509799424999926, 0.0 ], [ 119.525669171000118, -9.509796125999969, 0.0 ], [ 119.525845424000067, -9.509418173999961, 0.0 ], [ 119.525946987000111, -9.50903010299993, 0.0 ], [ 119.525971721000019, -9.50861189699998, 0.0 ], [ 119.526035756000056, -9.507657567999956, 0.0 ], [ 119.526126552000051, -9.506304492999959, 0.0 ], [ 119.526244757000086, -9.504756470999951, 0.0 ], [ 119.526247543000068, -9.504112497999927, 0.0 ], [ 119.526258236000103, -9.503181615999949, 0.0 ], [ 119.526235124000095, -9.502404976999969, 0.0 ], [ 119.52628978700011, -9.501567386999966, 0.0 ], [ 119.526355826000099, -9.500555258999952, 0.0 ], [ 119.526318551000031, -9.500493778999953, 0.0 ], [ 119.526372798000011, -9.500399410999933, 0.0 ], [ 119.526534010000091, -9.50015809699994, 0.0 ], [ 119.526639233000083, -9.500000565999926, 0.0 ], [ 119.526679639, -9.499940033999962, 0.0 ], [ 119.526652733000105, -9.499863941999934, 0.0 ], [ 119.526639125000088, -9.499710377999975, 0.0 ], [ 119.52668849500003, -9.499507204999929, 0.0 ], [ 119.526801576000025, -9.49934615899997, 0.0 ], [ 119.526839606000067, -9.499249812999949, 0.0 ], [ 119.52694628100005, -9.498934817999952, 0.0 ], [ 119.52700229800007, -9.498700588999952, 0.0 ], [ 119.527078500000016, -9.498621990999936, 0.0 ], [ 119.527230175000113, -9.498538885999949, 0.0 ], [ 119.527563021000105, -9.498436664999929, 0.0 ], [ 119.5276499470001, -9.498340975999952, 0.0 ], [ 119.527594858000043, -9.498116223999943, 0.0 ], [ 119.52745854300008, -9.497836285999938, 0.0 ], [ 119.527480248000074, -9.497720813999933, 0.0 ], [ 119.527517281000087, -9.497512704999963, 0.0 ], [ 119.527503684000067, -9.497204256999964, 0.0 ], [ 119.527494406000073, -9.496993412999927, 0.0 ], [ 119.52747390400009, -9.496853894999958, 0.0 ], [ 119.527373425000064, -9.496698667999965, 0.0 ], [ 119.52704243800008, -9.496481537999955, 0.0 ], [ 119.526745831000085, -9.496429110999941, 0.0 ], [ 119.526389711000093, -9.496356615999957, 0.0 ], [ 119.526296995000052, -9.496375007999973, 0.0 ], [ 119.526019378000115, -9.496665036999957, 0.0 ], [ 119.525840134000077, -9.496694994999928, 0.0 ], [ 119.52570499300009, -9.496637977999967, 0.0 ], [ 119.525345516000016, -9.496479208999972, 0.0 ], [ 119.524965402000021, -9.496477771999935, 0.0 ], [ 119.524670112000081, -9.49652287999993, 0.0 ], [ 119.524329273000035, -9.496577584999955, 0.0 ], [ 119.523834524000108, -9.496674822999978, 0.0 ], [ 119.523553111000069, -9.496766462999972, 0.0 ], [ 119.523320825000042, -9.497043019999978, 0.0 ], [ 119.523164505000068, -9.497192861999963, 0.0 ], [ 119.522927264000032, -9.497264599999937, 0.0 ], [ 119.522695549000105, -9.497236553999926, 0.0 ], [ 119.522132468000109, -9.497163297999975, 0.0 ], [ 119.521574655000109, -9.49703242399994, 0.0 ], [ 119.521099107000055, -9.496888836999972, 0.0 ], [ 119.520874701000025, -9.496719953999957, 0.0 ], [ 119.52072057700002, -9.496569896999972, 0.0 ], [ 119.520465533000106, -9.496292112999981, 0.0 ], [ 119.520355810000069, -9.496108815999946, 0.0 ], [ 119.520257123000079, -9.495781802999943, 0.0 ], [ 119.520214672000066, -9.495404157999928, 0.0 ], [ 119.520264406000024, -9.495140753999976, 0.0 ], [ 119.520389247000026, -9.494855954999935, 0.0 ], [ 119.520430981000118, -9.49479957899996, 0.0 ], [ 119.520544124000025, -9.494530426999972, 0.0 ], [ 119.52058851400011, -9.494088070999965, 0.0 ], [ 119.520558031000064, -9.493748954999944, 0.0 ], [ 119.520533105000027, -9.493517001999976, 0.0 ], [ 119.520484720000013, -9.493153331999963, 0.0 ], [ 119.520511364000072, -9.492300475999969, 0.0 ], [ 119.520569124000076, -9.492057908999925, 0.0 ], [ 119.52084168600004, -9.491330814999969, 0.0 ], [ 119.521020139000029, -9.491162673999952, 0.0 ], [ 119.52129418700008, -9.491037560999928, 0.0 ], [ 119.521590030000084, -9.490976797999963, 0.0 ], [ 119.522410576000084, -9.490922188999946, 0.0 ], [ 119.522780223000041, -9.490968520999957, 0.0 ], [ 119.523093654000036, -9.491071019999936, 0.0 ], [ 119.523574092000104, -9.491295628999978, 0.0 ], [ 119.524253378000026, -9.491684471999974, 0.0 ], [ 119.524434657000029, -9.491723501999957, 0.0 ], [ 119.524600811000028, -9.491761249999968, 0.0 ], [ 119.525082595000072, -9.491889159999971, 0.0 ], [ 119.525739151000039, -9.492062330999943, 0.0 ], [ 119.526019729000041, -9.492011485999967, 0.0 ], [ 119.527059548000011, -9.491816272999927, 0.0 ], [ 119.528555561000076, -9.490965241999959, 0.0 ], [ 119.529429692, -9.490567302999978, 0.0 ], [ 119.530070562000105, -9.490202008999972, 0.0 ], [ 119.530579959000079, -9.489911680999967, 0.0 ], [ 119.531490509000037, -9.489194552999948, 0.0 ], [ 119.532444989000055, -9.488439680999932, 0.0 ], [ 119.533565615000043, -9.48771460599994, 0.0 ], [ 119.533632535000038, -9.487671305999982, 0.0 ], [ 119.534806171000014, -9.487259803999962, 0.0 ], [ 119.535448541000051, -9.487174671999981, 0.0 ], [ 119.536125276, -9.487084863999939, 0.0 ], [ 119.536172539000063, -9.487085761999936, 0.0 ], [ 119.537681520000092, -9.487046805999967, 0.0 ], [ 119.538725559000113, -9.487133807999953, 0.0 ], [ 119.539036799000087, -9.487159743999939, 0.0 ], [ 119.539213323000013, -9.487198250999938, 0.0 ], [ 119.539213581000013, -9.487198306999971, 0.0 ], [ 119.539297863000115, -9.487204167999948, 0.0 ], [ 119.540580353000109, -9.487286549999965, 0.0 ], [ 119.540713590000109, -9.487296304999973, 0.0 ], [ 119.542401023000025, -9.487691560999963, 0.0 ], [ 119.543230440000116, -9.48788583399994, 0.0 ], [ 119.544360215000097, -9.488267746999952, 0.0 ], [ 119.544391646, -9.488287367999931, 0.0 ], [ 119.545672924000087, -9.48875720999996, 0.0 ], [ 119.546764892000056, -9.489171524999961, 0.0 ], [ 119.547866554000052, -9.489703947999942, 0.0 ], [ 119.548406815000021, -9.489965056999949, 0.0 ], [ 119.548469489000013, -9.49001937099996, 0.0 ], [ 119.549600958000042, -9.490685461999931, 0.0 ], [ 119.549957010000071, -9.490888257999927, 0.0 ], [ 119.550712802000021, -9.491318676999981, 0.0 ], [ 119.552013739000017, -9.491963523999971, 0.0 ], [ 119.552840334000052, -9.492203865999954, 0.0 ], [ 119.554353939000066, -9.492491195999946, 0.0 ], [ 119.554862723000042, -9.492370192999942, 0.0 ], [ 119.554951575000018, -9.492349059999981, 0.0 ], [ 119.554951643000095, -9.49234904399998, 0.0 ], [ 119.554959251000014, -9.492347234999954, 0.0 ], [ 119.555184877000102, -9.492293570999948, 0.0 ], [ 119.556134678000035, -9.491926553999974, 0.0 ], [ 119.557059615000071, -9.491622179999979, 0.0 ], [ 119.557191326000066, -9.49157198599994, 0.0 ], [ 119.557584102000078, -9.49142220899995, 0.0 ], [ 119.557657192000079, -9.491394334999939, 0.0 ], [ 119.558254487000113, -9.491097649999972, 0.0 ], [ 119.558346660000097, -9.491043616999946, 0.0 ], [ 119.558371828000077, -9.491028863999929, 0.0 ], [ 119.559146923000071, -9.490574506999963, 0.0 ], [ 119.559994505000077, -9.489876335999952, 0.0 ], [ 119.560226621000083, -9.48975588299993, 0.0 ], [ 119.560808912000084, -9.489453713999978, 0.0 ], [ 119.561534348, -9.48907728599994, 0.0 ], [ 119.562168648000011, -9.48872614499993, 0.0 ], [ 119.563059265000106, -9.488233083999944, 0.0 ], [ 119.563236178000011, -9.48813514099993, 0.0 ], [ 119.564124339000045, -9.487643462999927, 0.0 ], [ 119.566208869000093, -9.486091856999963, 0.0 ], [ 119.566314266000063, -9.486013411999977, 0.0 ], [ 119.566387311000085, -9.485959054999967, 0.0 ], [ 119.566720394000072, -9.485711135999964, 0.0 ], [ 119.566991336000115, -9.48550948899998, 0.0 ], [ 119.567151330000115, -9.485390429999939, 0.0 ], [ 119.567716711000116, -9.484769790999962, 0.0 ], [ 119.568704382000078, -9.483712201999936, 0.0 ], [ 119.56902027000001, -9.483338862999972, 0.0 ], [ 119.569148882000036, -9.483108346999927, 0.0 ], [ 119.57057033600006, -9.480658368999968, 0.0 ], [ 119.571118875000025, -9.479591658999936, 0.0 ], [ 119.57135710700004, -9.479200060999972, 0.0 ], [ 119.571386577000112, -9.479131299999949, 0.0 ], [ 119.571618830000034, -9.478771624999979, 0.0 ], [ 119.571845186000019, -9.478405863999967, 0.0 ], [ 119.571983856000088, -9.477825324999969, 0.0 ], [ 119.572002591000114, -9.477372848999948, 0.0 ], [ 119.571999216000108, -9.477222362999953, 0.0 ], [ 119.571991639000089, -9.477051784999958, 0.0 ], [ 119.571821843000066, -9.475916146999964, 0.0 ], [ 119.571733902, -9.474862676999976, 0.0 ], [ 119.571673239, -9.47434961099998, 0.0 ], [ 119.571431637000046, -9.473300109999968, 0.0 ], [ 119.571330279000108, -9.472670019999953, 0.0 ], [ 119.571354284000108, -9.472467393999978, 0.0 ], [ 119.571652250000056, -9.472056221999935, 0.0 ], [ 119.57222049500001, -9.471838997999953, 0.0 ], [ 119.572772435000047, -9.471822878999944, 0.0 ], [ 119.573556608000104, -9.471797111999933, 0.0 ], [ 119.574247782000043, -9.471876598999927, 0.0 ], [ 119.574632734000033, -9.471902549999982, 0.0 ], [ 119.574978453000085, -9.471851391999962, 0.0 ], [ 119.575196109000103, -9.47181153799994, 0.0 ], [ 119.575643957000011, -9.471655273999943, 0.0 ], [ 119.575917166000067, -9.471452392999936, 0.0 ], [ 119.576084065000032, -9.471272798999962, 0.0 ], [ 119.576342247000071, -9.471051596999928, 0.0 ], [ 119.576816198000074, -9.470717776999948, 0.0 ], [ 119.577182384000025, -9.470340674999932, 0.0 ], [ 119.577448268000012, -9.47009253899995, 0.0 ], [ 119.578117391000092, -9.469542689999969, 0.0 ], [ 119.578292275000081, -9.46938264399995, 0.0 ], [ 119.578747780000072, -9.468986643999926, 0.0 ], [ 119.578926390000106, -9.468653452999945, 0.0 ], [ 119.579019538000011, -9.468339861999937, 0.0 ], [ 119.579031795000105, -9.467870518999973, 0.0 ], [ 119.57903783200004, -9.467475315999934, 0.0 ], [ 119.578991184000074, -9.46722988199997, 0.0 ], [ 119.578954406000094, -9.467162875999975, 0.0 ], [ 119.58115677, -9.463961672999972, 0.0 ], [ 119.583789205000016, -9.459522099999958, 0.0 ], [ 119.58423933600011, -9.458772774999943, 0.0 ], [ 119.584827676000032, -9.458338210999955, 0.0 ], [ 119.585874208000064, -9.458014677999927, 0.0 ], [ 119.587003357000071, -9.457818457999963, 0.0 ], [ 119.586796170000071, -9.458115563999968, 0.0 ], [ 119.586549011000102, -9.458686367999974, 0.0 ], [ 119.586469172000079, -9.45907508199997, 0.0 ], [ 119.58651007900005, -9.459538598999927, 0.0 ], [ 119.586657991000038, -9.459943393999936, 0.0 ], [ 119.586796448000086, -9.46014796999998, 0.0 ], [ 119.587247246000061, -9.460621787999969, 0.0 ], [ 119.587811219000059, -9.461080311999979, 0.0 ], [ 119.588186955000083, -9.461123297999961, 0.0 ], [ 119.58866634200001, -9.461113499999954, 0.0 ], [ 119.589082611000094, -9.461034328999972, 0.0 ], [ 119.589220871000066, -9.461006658999963, 0.0 ], [ 119.589649871, -9.461012957999969, 0.0 ], [ 119.589946011000052, -9.461091874999966, 0.0 ], [ 119.59001923400001, -9.461198392999961, 0.0 ], [ 119.590030415000115, -9.461454596999943, 0.0 ], [ 119.590061342000013, -9.46285775399997, 0.0 ], [ 119.590033683000115, -9.46304235599996, 0.0 ], [ 119.589907357000016, -9.463429000999952, 0.0 ], [ 119.589755732000071, -9.463621859999932, 0.0 ], [ 119.589471685000035, -9.463847938999947, 0.0 ], [ 119.589295279000112, -9.463978813999972, 0.0 ], [ 119.588612110000099, -9.464573448999943, 0.0 ], [ 119.588285809000013, -9.464974535999943, 0.0 ], [ 119.588183530000038, -9.465180203999978, 0.0 ], [ 119.58808615800001, -9.465481156999942, 0.0 ], [ 119.588102516000049, -9.465798954999968, 0.0 ], [ 119.588178736000032, -9.46600043799998, 0.0 ], [ 119.588593374000084, -9.46655396899996, 0.0 ], [ 119.589092219, -9.466881737999927, 0.0 ], [ 119.589294780000046, -9.466877952999937, 0.0 ], [ 119.589730356000018, -9.46679706599997, 0.0 ], [ 119.590521957000078, -9.466566005999937, 0.0 ], [ 119.59078559000011, -9.466563831999963, 0.0 ], [ 119.591350574000103, -9.466635378999968, 0.0 ], [ 119.591573831, -9.46678428499996, 0.0 ], [ 119.591704955000068, -9.46688542499993, 0.0 ], [ 119.591776136000021, -9.467015500999935, 0.0 ], [ 119.591917279000086, -9.467407646999959, 0.0 ], [ 119.591952638000066, -9.46782120499995, 0.0 ], [ 119.591860412000074, -9.468273327999952, 0.0 ], [ 119.591738888, -9.468564329999936, 0.0 ], [ 119.591196843000034, -9.469663271999934, 0.0 ], [ 119.591030642000078, -9.470558251999933, 0.0 ], [ 119.590883968000071, -9.470986297999957, 0.0 ], [ 119.590759358000014, -9.471212451999975, 0.0 ], [ 119.590079326000023, -9.472036378999974, 0.0 ], [ 119.58982612300008, -9.472207956999966, 0.0 ], [ 119.589334607000069, -9.472533286999976, 0.0 ], [ 119.589326422000113, -9.472629364999932, 0.0 ], [ 119.589370313000018, -9.472965048999981, 0.0 ], [ 119.589489843000024, -9.473104408999973, 0.0 ], [ 119.589872812000067, -9.473112783999966, 0.0 ], [ 119.59007434800003, -9.473033096999927, 0.0 ], [ 119.590356279000048, -9.472850096999935, 0.0 ], [ 119.591105937000066, -9.472167128999956, 0.0 ], [ 119.591703198000118, -9.471890705999954, 0.0 ], [ 119.591939664000051, -9.471873441999946, 0.0 ], [ 119.592328157000111, -9.471903360999931, 0.0 ], [ 119.59279003100005, -9.472108504999937, 0.0 ], [ 119.593183934000081, -9.472411848999968, 0.0 ], [ 119.59335588600004, -9.472653925999964, 0.0 ], [ 119.593456501000105, -9.472869031999949, 0.0 ], [ 119.593529216000093, -9.473048562999963, 0.0 ], [ 119.593589562000034, -9.473420723999936, 0.0 ], [ 119.593579951000038, -9.474045882999974, 0.0 ], [ 119.593465905000016, -9.474643002999926, 0.0 ], [ 119.593220684000016, -9.475592208999956, 0.0 ], [ 119.593072541000083, -9.475799595999945, 0.0 ], [ 119.592664344000013, -9.476172161999955, 0.0 ], [ 119.592220688000111, -9.476592204999974, 0.0 ], [ 119.591769575000058, -9.477088205999962, 0.0 ], [ 119.591430761000083, -9.477618457999938, 0.0 ], [ 119.591249595000022, -9.478169063999928, 0.0 ], [ 119.591159563000019, -9.478481674999955, 0.0 ], [ 119.591050436000046, -9.478768079999952, 0.0 ], [ 119.590844262000019, -9.479255585999965, 0.0 ], [ 119.590744765000068, -9.479502843999967, 0.0 ], [ 119.590384110000059, -9.480010096999933, 0.0 ], [ 119.59029742000007, -9.48014926999997, 0.0 ], [ 119.590082486000028, -9.480397782999944, 0.0 ], [ 119.589868438000053, -9.480536799999982, 0.0 ], [ 119.589517986000033, -9.480602057999931, 0.0 ], [ 119.589058874000102, -9.480697155999962, 0.0 ], [ 119.588947454000049, -9.48089491199994, 0.0 ], [ 119.588818936000052, -9.481238143999974, 0.0 ], [ 119.58880879600008, -9.48172286099998, 0.0 ], [ 119.588972204000015, -9.482446409999966, 0.0 ], [ 119.589209561000075, -9.482911344999934, 0.0 ], [ 119.589424767000082, -9.483151173999943, 0.0 ], [ 119.590081561000034, -9.483569193999926, 0.0 ], [ 119.590720637000118, -9.48377150999994, 0.0 ], [ 119.590768955000044, -9.483818128999928, 0.0 ], [ 119.590950080000084, -9.483876721999934, 0.0 ], [ 119.591326387000095, -9.483993096999939, 0.0 ], [ 119.592093627000054, -9.484229875999972, 0.0 ], [ 119.592412528000068, -9.484357003999946, 0.0 ], [ 119.593168830000081, -9.484708892999947, 0.0 ], [ 119.593633121000039, -9.484807204999981, 0.0 ], [ 119.593926001000114, -9.484887268999955, 0.0 ], [ 119.59447160700006, -9.485073439999951, 0.0 ], [ 119.594735315000094, -9.485159034999981, 0.0 ], [ 119.595210058000021, -9.485330316999978, 0.0 ], [ 119.595487422000019, -9.485493926999936, 0.0 ], [ 119.595814207000103, -9.485827017999952, 0.0 ], [ 119.595907720000014, -9.486050972999976, 0.0 ], [ 119.595897984000089, -9.486280474999944, 0.0 ], [ 119.595823856000038, -9.486405628999933, 0.0 ], [ 119.595625953000081, -9.486620672999948, 0.0 ], [ 119.59550025100009, -9.486779332999959, 0.0 ], [ 119.595376624000096, -9.486941548999937, 0.0 ], [ 119.595169217000034, -9.487096098999928, 0.0 ], [ 119.594637465, -9.487324409999928, 0.0 ], [ 119.593968653000047, -9.487621717999957, 0.0 ], [ 119.59377366800004, -9.487701537999953, 0.0 ], [ 119.593589139000073, -9.48776240799998, 0.0 ], [ 119.593286689000024, -9.487913440999932, 0.0 ], [ 119.592543405000015, -9.488413220999973, 0.0 ], [ 119.592459652000116, -9.488653091999936, 0.0 ], [ 119.592455607000034, -9.488967995999928, 0.0 ], [ 119.592531514000029, -9.489430737999953, 0.0 ], [ 119.592545939000047, -9.489622143999952, 0.0 ], [ 119.59247576700011, -9.489892395999959, 0.0 ], [ 119.592299732000015, -9.490474280999933, 0.0 ], [ 119.592247407000059, -9.490838427999961, 0.0 ], [ 119.592267545000027, -9.491136660999928, 0.0 ], [ 119.592710308000051, -9.491967423999938, 0.0 ], [ 119.59320565500002, -9.492257796999979, 0.0 ], [ 119.593755136000027, -9.492478674999973, 0.0 ], [ 119.593945703000031, -9.492787112999963, 0.0 ], [ 119.594510735000085, -9.492950065999935, 0.0 ], [ 119.59493968400011, -9.493069454999954, 0.0 ], [ 119.595083221000095, -9.493130316999952, 0.0 ], [ 119.595478546000095, -9.493304924999961, 0.0 ], [ 119.59590399700005, -9.493642677999958, 0.0 ], [ 119.59607067200011, -9.493819634999966, 0.0 ], [ 119.59618128000011, -9.494018232999963, 0.0 ], [ 119.596205670000018, -9.49440207899994, 0.0 ], [ 119.596202816000073, -9.494441456999937, 0.0 ], [ 119.596177092000062, -9.494796361999931, 0.0 ], [ 119.596288683000012, -9.495545174999961, 0.0 ], [ 119.596414227000082, -9.496139953999943, 0.0 ], [ 119.596450483000012, -9.496321110999929, 0.0 ], [ 119.59656717200005, -9.496796844999949, 0.0 ], [ 119.596752732000027, -9.497126546999937, 0.0 ], [ 119.596876153000039, -9.497292921999929, 0.0 ], [ 119.597263060000046, -9.497568362999971, 0.0 ], [ 119.597382872000026, -9.497614628999941, 0.0 ], [ 119.597529417000032, -9.497602283999981, 0.0 ], [ 119.597773013000051, -9.497634064999943, 0.0 ], [ 119.597955027000012, -9.497680908999939, 0.0 ], [ 119.598128812000027, -9.497674422999978, 0.0 ], [ 119.598262937000072, -9.497647924999967, 0.0 ], [ 119.598451905000047, -9.497623439999927, 0.0 ], [ 119.598897840000063, -9.497272456999951, 0.0 ], [ 119.599025090000055, -9.497120612999936, 0.0 ], [ 119.599156704000052, -9.496830174999957, 0.0 ], [ 119.599447233000092, -9.495559362999927, 0.0 ], [ 119.599648996000042, -9.494585068999982, 0.0 ], [ 119.59971542400001, -9.494391004999954, 0.0 ], [ 119.599794774000088, -9.494274282999982, 0.0 ], [ 119.600273920000063, -9.493992675999948, 0.0 ], [ 119.60062855000001, -9.493931816999975, 0.0 ], [ 119.600963405000016, -9.493946205999976, 0.0 ], [ 119.601219886000081, -9.493979282999931, 0.0 ], [ 119.601684642, -9.494072392999954, 0.0 ], [ 119.602152267000065, -9.494314146999955, 0.0 ], [ 119.602645901000074, -9.494707018999975, 0.0 ], [ 119.602975686000036, -9.495224704999941, 0.0 ], [ 119.603014189000078, -9.495705796999971, 0.0 ], [ 119.602981134000061, -9.495918267999969, 0.0 ], [ 119.602904590000094, -9.496642281999925, 0.0 ], [ 119.602885063000031, -9.496881125999948, 0.0 ], [ 119.602876110000011, -9.497065985999939, 0.0 ], [ 119.602918030000069, -9.497165251999945, 0.0 ], [ 119.603005215000053, -9.497216436999963, 0.0 ], [ 119.603533134000031, -9.49715178699995, 0.0 ], [ 119.604290645000106, -9.496932663999928, 0.0 ], [ 119.604673372000093, -9.49679079799995, 0.0 ], [ 119.604913746000079, -9.496697516999973, 0.0 ], [ 119.605474077000054, -9.496533172999932, 0.0 ], [ 119.605675950000091, -9.496519516999967, 0.0 ], [ 119.606233416, -9.496673781999959, 0.0 ], [ 119.606498141000088, -9.496762455999942, 0.0 ], [ 119.606749105000063, -9.496859207999933, 0.0 ], [ 119.60734009500004, -9.496926736999967, 0.0 ], [ 119.607508608000103, -9.496947327999976, 0.0 ], [ 119.607698096000036, -9.497006814999963, 0.0 ], [ 119.607857185000057, -9.497100112999931, 0.0 ], [ 119.607992752000087, -9.497305410999957, 0.0 ], [ 119.608049112000117, -9.497547706999967, 0.0 ], [ 119.608029715000043, -9.497798814999953, 0.0 ], [ 119.607997141000055, -9.498267640999927, 0.0 ], [ 119.607953608000116, -9.498653692999937, 0.0 ], [ 119.607919762000051, -9.498817146999954, 0.0 ], [ 119.607755459000032, -9.499451430999954, 0.0 ], [ 119.607647517000032, -9.499837758999945, 0.0 ], [ 119.607323556000097, -9.500987657999929, 0.0 ], [ 119.607430632000046, -9.501308885999947, 0.0 ], [ 119.607823243000098, -9.501708634999943, 0.0 ], [ 119.608558496000114, -9.502693731999955, 0.0 ], [ 119.609086736000108, -9.503243386999941, 0.0 ], [ 119.609527982000031, -9.503693889999965, 0.0 ], [ 119.609830454000075, -9.504007405999971, 0.0 ], [ 119.609172836000084, -9.504577729999937, 0.0 ], [ 119.608230569000057, -9.50521542599995, 0.0 ], [ 119.607964070000094, -9.50557710399994, 0.0 ], [ 119.607856673000015, -9.506140277999975, 0.0 ], [ 119.607821302000048, -9.507166583999947, 0.0 ], [ 119.607554802000095, -9.507728135999969, 0.0 ], [ 119.607031321000022, -9.507985117999965, 0.0 ], [ 119.606412661000036, -9.50804222499994, 0.0 ], [ 119.605898697000043, -9.508537152999963, 0.0 ], [ 119.60538473400004, -9.509555561999946, 0.0 ], [ 119.605308591000039, -9.510250364999933, 0.0 ], [ 119.605241966000108, -9.510888060999946, 0.0 ], [ 119.605527502000086, -9.511211666999941, 0.0 ], [ 119.60672675, -9.511402023999949, 0.0 ], [ 119.607896530000062, -9.511861199999942, 0.0 ], [ 119.60918041900004, -9.512601046999976, 0.0 ], [ 119.60938633100011, -9.512701809999953, 0.0 ], [ 119.609924690000071, -9.513039037999931, 0.0 ], [ 119.609941375000062, -9.513071816999968, 0.0 ], [ 119.610433745000023, -9.513555555999972, 0.0 ], [ 119.610533062000059, -9.513696489999973, 0.0 ], [ 119.610568088000036, -9.51373671999994, 0.0 ], [ 119.610845925000035, -9.514111391999961, 0.0 ], [ 119.61125784, -9.514628662999939, 0.0 ], [ 119.611631924000108, -9.515087936999976, 0.0 ], [ 119.611848801000065, -9.515703461999976, 0.0 ], [ 119.611862839000082, -9.516185599999972, 0.0 ], [ 119.611864548000085, -9.516214409999975, 0.0 ], [ 119.611819060000016, -9.51662026899993, 0.0 ], [ 119.611817428000109, -9.516686586999981, 0.0 ], [ 119.611660202000053, -9.516854408999961, 0.0 ], [ 119.611586368000076, -9.516958116999945, 0.0 ], [ 119.611200902000064, -9.517365709999979, 0.0 ], [ 119.611053810000044, -9.517535030999966, 0.0 ], [ 119.610931269000048, -9.517676087999973, 0.0 ], [ 119.610739362000118, -9.517985892999945, 0.0 ], [ 119.610561987000096, -9.518344559999946, 0.0 ], [ 119.610491921000062, -9.518473601999972, 0.0 ], [ 119.610450519000096, -9.518565557999978, 0.0 ], [ 119.610378181000101, -9.51902926899993, 0.0 ], [ 119.610459119000097, -9.519452680999962, 0.0 ], [ 119.610655987000086, -9.519798082999955, 0.0 ], [ 119.610967956000081, -9.519949929999939, 0.0 ], [ 119.611318245, -9.520024398999965, 0.0 ], [ 119.611570472000039, -9.519983961999969, 0.0 ], [ 119.611867605000043, -9.519783033999943, 0.0 ], [ 119.612125498000069, -9.519504307999966, 0.0 ], [ 119.612149472000056, -9.519478553999932, 0.0 ], [ 119.612239525000064, -9.519457237999973, 0.0 ], [ 119.612301781000042, -9.519431535999956, 0.0 ], [ 119.612401956000099, -9.519427090999955, 0.0 ], [ 119.612512294000112, -9.519422203999966, 0.0 ], [ 119.612801347000072, -9.519474222999975, 0.0 ], [ 119.61312883700009, -9.519599467999967, 0.0 ], [ 119.613203028000044, -9.51973490599994, 0.0 ], [ 119.613279159000058, -9.51985554099997, 0.0 ], [ 119.613336683000057, -9.520161950999977, 0.0 ], [ 119.613380330000041, -9.520394397999951, 0.0 ], [ 119.61348238100004, -9.520629649999933, 0.0 ], [ 119.613518710000108, -9.520701718999931, 0.0 ], [ 119.613618682000038, -9.520778811999946, 0.0 ], [ 119.613744442000097, -9.52087579099998, 0.0 ], [ 119.613890036000043, -9.52098805299994, 0.0 ], [ 119.614332171000115, -9.521215877999964, 0.0 ], [ 119.614415552000082, -9.521274797999979, 0.0 ], [ 119.61482386900002, -9.521563334999939, 0.0 ], [ 119.614940140000044, -9.521645500999966, 0.0 ], [ 119.614979910000102, -9.521673737999947, 0.0 ], [ 119.615413021000109, -9.521998026999938, 0.0 ], [ 119.615820153000072, -9.522270393999975, 0.0 ], [ 119.615899298000045, -9.522343423999928, 0.0 ], [ 119.616145257000085, -9.522572070999956, 0.0 ], [ 119.616228018000015, -9.52265144699993, 0.0 ], [ 119.61641312900008, -9.522908989999962, 0.0 ], [ 119.616649370000118, -9.52312673299997, 0.0 ], [ 119.616877992000013, -9.523214413999938, 0.0 ], [ 119.616950312000085, -9.523223756999926, 0.0 ], [ 119.617271983000023, -9.523256204999939, 0.0 ], [ 119.617317971000034, -9.523265583999944, 0.0 ], [ 119.617588049, -9.523259087999975, 0.0 ], [ 119.61819170800004, -9.523154552999927, 0.0 ], [ 119.618380106000018, -9.52312858199997, 0.0 ], [ 119.61864459800006, -9.523092118999955, 0.0 ], [ 119.618761397000071, -9.523117907999961, 0.0 ], [ 119.61915650100002, -9.523160798999982, 0.0 ], [ 119.619307770000091, -9.52321068699996, 0.0 ], [ 119.619459888000051, -9.523299689999931, 0.0 ], [ 119.619557951000047, -9.523437129999934, 0.0 ], [ 119.619603982000058, -9.523501645999943, 0.0 ], [ 119.619680181000035, -9.523642678999977, 0.0 ], [ 119.619798525000078, -9.523873016999971, 0.0 ], [ 119.619859433000101, -9.524219461999962, 0.0 ], [ 119.619920368000066, -9.524565930999927, 0.0 ], [ 119.619963619000032, -9.525143742999944, 0.0 ], [ 119.620057561000067, -9.525666151999928, 0.0 ], [ 119.620198576, -9.526016892999962, 0.0 ], [ 119.620419819000062, -9.526373741999976, 0.0 ], [ 119.620679997000025, -9.526732726999967, 0.0 ], [ 119.620809264000059, -9.52685000699995, 0.0 ], [ 119.621007651000014, -9.527024559999973, 0.0 ], [ 119.621353424000063, -9.527241080999943, 0.0 ], [ 119.621416918000023, -9.527288922999958, 0.0 ], [ 119.621664080000073, -9.527533446999939, 0.0 ], [ 119.6218690500001, -9.527885334999951, 0.0 ], [ 119.621977922000042, -9.528229374999967, 0.0 ], [ 119.621979524000039, -9.528269566999938, 0.0 ], [ 119.621969635000028, -9.528340253999943, 0.0 ], [ 119.621971017000078, -9.528520108999942, 0.0 ], [ 119.621971464000012, -9.528578305999929, 0.0 ], [ 119.621992621000118, -9.528809430999956, 0.0 ], [ 119.622110690000113, -9.529001236999932, 0.0 ], [ 119.622286399000018, -9.529115540999953, 0.0 ], [ 119.622496719000083, -9.529223070999933, 0.0 ], [ 119.622620114000028, -9.529387247999978, 0.0 ], [ 119.622759980000069, -9.529591941999968, 0.0 ], [ 119.622931296000047, -9.529919831999962, 0.0 ], [ 119.622985837000101, -9.530265050999958, 0.0 ], [ 119.622987293000051, -9.530308690999959, 0.0 ], [ 119.622967349000078, -9.530461209999942, 0.0 ], [ 119.622833724000088, -9.530645908999929, 0.0 ], [ 119.622720452000067, -9.530775769999934, 0.0 ], [ 119.622645995000084, -9.530843689999926, 0.0 ], [ 119.622580449000111, -9.530903484999953, 0.0 ], [ 119.622243870000034, -9.531177991999925, 0.0 ], [ 119.622110529000111, -9.531297375999941, 0.0 ], [ 119.621896550000088, -9.531488959999933, 0.0 ], [ 119.621623594000084, -9.531777938999937, 0.0 ], [ 119.621630395000011, -9.532053506999944, 0.0 ], [ 119.621733064000068, -9.532355345999974, 0.0 ], [ 119.621746988000041, -9.532385800999975, 0.0 ], [ 119.621904743000073, -9.532626419999929, 0.0 ], [ 119.622159119000116, -9.532797485999936, 0.0 ], [ 119.622322100000019, -9.532913193999946, 0.0 ], [ 119.622373986000071, -9.532950021999966, 0.0 ], [ 119.622467450000045, -9.533131940999965, 0.0 ], [ 119.622402970000053, -9.533350537999979, 0.0 ], [ 119.622352419000094, -9.533499351999978, 0.0 ], [ 119.622674103, -9.533864643999948, 0.0 ], [ 119.62279898700001, -9.534030522999956, 0.0 ], [ 119.62287858000002, -9.534204016999979, 0.0 ], [ 119.622914432000016, -9.534416537999959, 0.0 ], [ 119.622744657000112, -9.534969366999974, 0.0 ], [ 119.622696986000051, -9.53511132899996, 0.0 ], [ 119.622651326000096, -9.535283191999952, 0.0 ], [ 119.622614625000097, -9.535451063999972, 0.0 ], [ 119.622425527000019, -9.535717957999964, 0.0 ], [ 119.622227371, -9.53583903699996, 0.0 ], [ 119.62186715100006, -9.535881717999928, 0.0 ], [ 119.621533782000029, -9.535876608999956, 0.0 ], [ 119.621334979000039, -9.535907305999956, 0.0 ], [ 119.621168436000062, -9.536042893999934, 0.0 ], [ 119.621138701000064, -9.536186245999943, 0.0 ], [ 119.62114576700003, -9.53626315899993, 0.0 ], [ 119.621053858000096, -9.536367362999954, 0.0 ], [ 119.620938373000058, -9.536516345999928, 0.0 ], [ 119.62086884200005, -9.536646185999928, 0.0 ], [ 119.620793655000057, -9.536760501999936, 0.0 ], [ 119.620576888000073, -9.536917427999981, 0.0 ], [ 119.620443340000065, -9.536960629999953, 0.0 ], [ 119.620324746000051, -9.536949625999966, 0.0 ], [ 119.620050297000034, -9.536729721999961, 0.0 ], [ 119.619858187000091, -9.53664804899995, 0.0 ], [ 119.619679296000072, -9.536631894999971, 0.0 ], [ 119.619313233000071, -9.536609110999962, 0.0 ], [ 119.619119719000082, -9.536616421999952, 0.0 ], [ 119.618995124000094, -9.53666609499993, 0.0 ], [ 119.618879761000017, -9.536940109999932, 0.0 ], [ 119.618937122000034, -9.537055907999957, 0.0 ], [ 119.619134968000026, -9.537291406999941, 0.0 ], [ 119.619186815000035, -9.53735140799995, 0.0 ], [ 119.619224375000044, -9.537712143999954, 0.0 ], [ 119.619431879000103, -9.53804318899995, 0.0 ], [ 119.619510514000012, -9.538181939999959, 0.0 ], [ 119.61951819, -9.538311798999928, 0.0 ], [ 119.619482659000028, -9.538366891999942, 0.0 ], [ 119.619184058000087, -9.538522193999938, 0.0 ], [ 119.618978201000118, -9.538766581999937, 0.0 ], [ 119.618985512000108, -9.539068016999977, 0.0 ], [ 119.619008325000095, -9.539339902999927, 0.0 ], [ 119.618963185000098, -9.539471078999952, 0.0 ], [ 119.618777846000057, -9.53977372099996, 0.0 ], [ 119.618616811000038, -9.540243863999933, 0.0 ], [ 119.618469615000095, -9.540534003999937, 0.0 ], [ 119.618376237, -9.540635691999967, 0.0 ], [ 119.618208206000077, -9.540801790999978, 0.0 ], [ 119.61801356300009, -9.541092735999939, 0.0 ], [ 119.617889464000086, -9.541381283999954, 0.0 ], [ 119.617754765000086, -9.541691457999946, 0.0 ], [ 119.617642938000017, -9.541844597999955, 0.0 ], [ 119.617354888000023, -9.542160811999963, 0.0 ], [ 119.617140877000111, -9.542391376999944, 0.0 ], [ 119.616588917000058, -9.542896111999937, 0.0 ], [ 119.61623866900004, -9.543475770999976, 0.0 ], [ 119.616157813000086, -9.543597361999957, 0.0 ], [ 119.61590886700003, -9.543774345999964, 0.0 ], [ 119.615889231000097, -9.543873327999961, 0.0 ], [ 119.615881531000014, -9.544268953999961, 0.0 ], [ 119.615957466000054, -9.545207160999951, 0.0 ], [ 119.61600507300011, -9.545395111999937, 0.0 ], [ 119.616061762000072, -9.545574638999938, 0.0 ], [ 119.616218827000012, -9.54649173599995, 0.0 ], [ 119.616224706000025, -9.546539236999934, 0.0 ], [ 119.616256339000074, -9.546906252999975, 0.0 ], [ 119.616232155000034, -9.547153408999975, 0.0 ], [ 119.616224998, -9.547182909999947, 0.0 ], [ 119.616257593000114, -9.547325193999939, 0.0 ], [ 119.616265827, -9.547441317999926, 0.0 ], [ 119.616254239000114, -9.547536970999943, 0.0 ], [ 119.616309118000117, -9.547891679999964, 0.0 ], [ 119.616388921000066, -9.548207735999938, 0.0 ], [ 119.616488013000094, -9.54851741899995, 0.0 ], [ 119.616667942000049, -9.549083837999945, 0.0 ], [ 119.617024816000026, -9.549626411999952, 0.0 ], [ 119.617711813000028, -9.550723355999935, 0.0 ], [ 119.617945314000053, -9.551096192999978, 0.0 ], [ 119.618659152000077, -9.552238333999981, 0.0 ], [ 119.619753704000118, -9.552904582999929, 0.0 ], [ 119.62151450500005, -9.553380474999926, 0.0 ], [ 119.622233102000109, -9.55371003099998, 0.0 ], [ 119.623223106000069, -9.553997270999957, 0.0 ], [ 119.623655110000072, -9.553905827999927, 0.0 ], [ 119.623993327000107, -9.553520082999967, 0.0 ], [ 119.624173577000079, -9.553243256999963, 0.0 ], [ 119.624446001000024, -9.552824870999927, 0.0 ], [ 119.624745813000118, -9.552824870999927, 0.0 ], [ 119.625516759000107, -9.553067575999933, 0.0 ], [ 119.626187621000099, -9.553441111999973, 0.0 ], [ 119.626335028000085, -9.553255271999944, 0.0 ], [ 119.626431123000089, -9.552892391999933, 0.0 ], [ 119.626526303000105, -9.552427089999981, 0.0 ], [ 119.62657368400005, -9.552152285999966, 0.0 ], [ 119.626793152000118, -9.551414612999963, 0.0 ], [ 119.626860122000039, -9.551362579999932, 0.0 ], [ 119.627025509000077, -9.551433146999955, 0.0 ], [ 119.627221488000032, -9.551567113999965, 0.0 ], [ 119.627426309000043, -9.551625349999938, 0.0 ], [ 119.627715965000107, -9.551593439999976, 0.0 ], [ 119.62794602800011, -9.551505379999981, 0.0 ], [ 119.628048749000072, -9.551434094999934, 0.0 ], [ 119.628137343000049, -9.551281095999968, 0.0 ], [ 119.628150514000026, -9.551099189999945, 0.0 ], [ 119.628149205000113, -9.550924646999931, 0.0 ], [ 119.628188435000084, -9.550856754999927, 0.0 ], [ 119.628307202000087, -9.550667768999972, 0.0 ], [ 119.62840243800008, -9.550488720999965, 0.0 ], [ 119.628745449, -9.54952381499993, 0.0 ], [ 119.629139920000057, -9.548992860999931, 0.0 ], [ 119.629475170000092, -9.54867412599998, 0.0 ], [ 119.629768465000097, -9.548522046999949, 0.0 ], [ 119.629884329000106, -9.548421997999981, 0.0 ], [ 119.629934359000117, -9.54830256799994, 0.0 ], [ 119.629859295000074, -9.548026594999953, 0.0 ], [ 119.629709109000032, -9.547839826999962, 0.0 ], [ 119.629587860000015, -9.547653296999954, 0.0 ], [ 119.629542602000015, -9.547527000999935, 0.0 ], [ 119.629494466000097, -9.547392676999948, 0.0 ], [ 119.629524937000042, -9.547206180999979, 0.0 ], [ 119.629750611000077, -9.546808311999939, 0.0 ], [ 119.630270091000057, -9.546503062999932, 0.0 ], [ 119.630559323000057, -9.546475495999971, 0.0 ], [ 119.630906372000027, -9.546386364999933, 0.0 ], [ 119.631651890000057, -9.546058924999954, 0.0 ], [ 119.631696737000084, -9.546012219999966, 0.0 ], [ 119.631729732000053, -9.545966268999962, 0.0 ], [ 119.631773120000048, -9.545840203999944, 0.0 ], [ 119.631792848000032, -9.545727719999945, 0.0 ], [ 119.631812575000026, -9.545615235999946, 0.0 ], [ 119.631850437000026, -9.545098505999931, 0.0 ], [ 119.63196908000009, -9.544879488999982, 0.0 ], [ 119.632011764000026, -9.544800692999956, 0.0 ], [ 119.632169986, -9.544725889999938, 0.0 ], [ 119.632799294000051, -9.544550546999972, 0.0 ], [ 119.633074373000113, -9.544526940999958, 0.0 ], [ 119.633281727000053, -9.546283104999929, 0.0 ], [ 119.633431802000018, -9.546977092999953, 0.0 ], [ 119.633496314000013, -9.54715026599996, 0.0 ], [ 119.63350532600009, -9.54735934699994, 0.0 ], [ 119.63345052000011, -9.547659133999957, 0.0 ], [ 119.633216477000019, -9.548329946999957, 0.0 ], [ 119.633218930000112, -9.548612919999925, 0.0 ], [ 119.633279293000101, -9.548814457999981, 0.0 ], [ 119.633497396000053, -9.549115515999972, 0.0 ], [ 119.633863604000112, -9.54937147399994, 0.0 ], [ 119.634260423000114, -9.549407051999935, 0.0 ], [ 119.634674316000087, -9.549388317999956, 0.0 ], [ 119.635523893000027, -9.549245054999972, 0.0 ], [ 119.635874789000013, -9.549024991999943, 0.0 ], [ 119.636152425000091, -9.54885431699995, 0.0 ], [ 119.636237593000033, -9.548882302999971, 0.0 ], [ 119.636382956000034, -9.548994425999979, 0.0 ], [ 119.63662553000006, -9.549293051999939, 0.0 ], [ 119.637045418000071, -9.549830211999961, 0.0 ], [ 119.637059828000019, -9.549892936999981, 0.0 ], [ 119.637182498000016, -9.550305270999957, 0.0 ], [ 119.637304003000054, -9.550359175999972, 0.0 ], [ 119.637447068000029, -9.550352977999978, 0.0 ], [ 119.637596871000028, -9.550285344999963, 0.0 ], [ 119.637715523000111, -9.550130847999981, 0.0 ], [ 119.637839409000094, -9.549948928999981, 0.0 ], [ 119.63790481500007, -9.549780896999948, 0.0 ], [ 119.638036691000025, -9.549483012999929, 0.0 ], [ 119.63824640100006, -9.54927172899994, 0.0 ], [ 119.638538428000061, -9.549083691999954, 0.0 ], [ 119.638921004000053, -9.548930100999939, 0.0 ], [ 119.639137447000053, -9.548944366999933, 0.0 ], [ 119.639465263000034, -9.549054988999956, 0.0 ], [ 119.640091531000053, -9.549418314999969, 0.0 ], [ 119.640330875000018, -9.549481282999977, 0.0 ], [ 119.640771876000031, -9.549550193999949, 0.0 ], [ 119.641161903000011, -9.549826049999979, 0.0 ], [ 119.641237329000091, -9.549946893999959, 0.0 ], [ 119.641261780000036, -9.550080172999969, 0.0 ], [ 119.641399935000095, -9.550460518999955, 0.0 ], [ 119.641458019000083, -9.550582993999967, 0.0 ], [ 119.64148783600001, -9.550657274999935, 0.0 ], [ 119.641734234000069, -9.550736736999966, 0.0 ], [ 119.642120208000051, -9.550698962999945, 0.0 ], [ 119.642373889000055, -9.550628549999942, 0.0 ], [ 119.642491717000098, -9.550595044999966, 0.0 ], [ 119.642797686000108, -9.550508048999973, 0.0 ], [ 119.643094561000112, -9.550401332999968, 0.0 ], [ 119.643194521000055, -9.550365459999966, 0.0 ], [ 119.643296243, -9.550271847999966, 0.0 ], [ 119.643330030000016, -9.550250157999926, 0.0 ], [ 119.643452508000109, -9.550111353999966, 0.0 ], [ 119.643651430000091, -9.549881453999944, 0.0 ], [ 119.643668892000051, -9.549856308999949, 0.0 ], [ 119.643866549000109, -9.549477366999952, 0.0 ], [ 119.643985594000014, -9.549292410999954, 0.0 ], [ 119.64409774, -9.549103837999951, 0.0 ], [ 119.644318332000012, -9.548869772999979, 0.0 ], [ 119.644522264000102, -9.548767298999962, 0.0 ], [ 119.64479661900009, -9.548656993999941, 0.0 ], [ 119.64491969200003, -9.548635679999961, 0.0 ], [ 119.645008584000038, -9.548614941999972, 0.0 ], [ 119.645175643000016, -9.548705161999976, 0.0 ], [ 119.645276057000046, -9.548769794999941, 0.0 ], [ 119.645688803000098, -9.54899874399996, 0.0 ], [ 119.64583028200002, -9.549126503999958, 0.0 ], [ 119.646466236000037, -9.549631861999956, 0.0 ], [ 119.647367472000042, -9.550450240999965, 0.0 ], [ 119.647857835000082, -9.550909992999948, 0.0 ], [ 119.648083778000114, -9.551077089999978, 0.0 ], [ 119.648182176000091, -9.551149862999978, 0.0 ], [ 119.648207985000113, -9.55116894799994, 0.0 ], [ 119.648859909000066, -9.551542588999951, 0.0 ], [ 119.648939397000049, -9.551588146999961, 0.0 ], [ 119.649066198000014, -9.551619144999961, 0.0 ], [ 119.649220831000093, -9.551655695999955, 0.0 ], [ 119.649501942000029, -9.551676774999976, 0.0 ], [ 119.649626032000015, -9.55165735099996, 0.0 ], [ 119.649735740000096, -9.551640178999946, 0.0 ], [ 119.650023349000094, -9.551608835999957, 0.0 ], [ 119.650037758000053, -9.551591840999947, 0.0 ], [ 119.650089089000062, -9.551569383999947, 0.0 ], [ 119.650163447000068, -9.551495025999941, 0.0 ], [ 119.650258626000095, -9.551358206999964, 0.0 ], [ 119.650318112000036, -9.551280873999929, 0.0 ], [ 119.650383547000047, -9.551233284999967, 0.0 ], [ 119.65049062300011, -9.551221387999931, 0.0 ], [ 119.650532264000049, -9.551161900999944, 0.0 ], [ 119.650544161000084, -9.55096262099994, 0.0 ], [ 119.650520366000023, -9.550712777999934, 0.0 ], [ 119.65041923900003, -9.550442113999964, 0.0 ], [ 119.650231857000108, -9.550122671999929, 0.0 ], [ 119.650196165000011, -9.549926365999966, 0.0 ], [ 119.6502787390001, -9.549645107999936, 0.0 ], [ 119.650474528000018, -9.548908984999969, 0.0 ], [ 119.650514305000115, -9.548502966999934, 0.0 ], [ 119.650464337000017, -9.548181739999961, 0.0 ], [ 119.65050002800001, -9.547560699999963, 0.0 ], [ 119.650518581000028, -9.547347086999935, 0.0 ], [ 119.650371538000059, -9.547011044999977, 0.0 ], [ 119.650328707000085, -9.546625571999925, 0.0 ], [ 119.650307292000093, -9.54626865299997, 0.0 ], [ 119.650304642000037, -9.545690631999946, 0.0 ], [ 119.650507167000114, -9.545376354999974, 0.0 ], [ 119.650778425000112, -9.545219310999926, 0.0 ], [ 119.651013992000117, -9.545126511999968, 0.0 ], [ 119.651506540000014, -9.545212171999935, 0.0 ], [ 119.651820629000099, -9.545326385999942, 0.0 ], [ 119.652170410000053, -9.545276417999958, 0.0 ], [ 119.652370285000075, -9.545083680999937, 0.0 ], [ 119.652520191, -9.545076542999936, 0.0 ], [ 119.652827141000103, -9.545197895999934, 0.0 ], [ 119.653391074000069, -9.545247863999975, 0.0 ], [ 119.654083497000101, -9.545205033999935, 0.0 ], [ 119.65446896900005, -9.545083680999937, 0.0 ], [ 119.654882996000083, -9.544948051999938, 0.0 ], [ 119.655384326000103, -9.544914192999954, 0.0 ], [ 119.656146086000035, -9.544667765999975, 0.0 ], [ 119.65673682900001, -9.544588952999959, 0.0 ], [ 119.657168349000017, -9.54459079999998, 0.0 ], [ 119.657364322000035, -9.544644734999963, 0.0 ], [ 119.65759756500006, -9.544829223999955, 0.0 ], [ 119.657818164000105, -9.544974976999981, 0.0 ], [ 119.65799899000001, -9.545006956999941, 0.0 ], [ 119.658291502000111, -9.544995458999949, 0.0 ], [ 119.658949060000054, -9.544961853999951, 0.0 ], [ 119.659247720000053, -9.545086570999956, 0.0 ], [ 119.659454848000109, -9.545176054999956, 0.0 ], [ 119.659748571000023, -9.545214334999969, 0.0 ], [ 119.659903191000012, -9.545166182999935, 0.0 ], [ 119.660348598000041, -9.544975498999975, 0.0 ], [ 119.66070911700001, -9.54488545199996, 0.0 ], [ 119.661654759000044, -9.54481553599993, 0.0 ], [ 119.661804393000011, -9.544804498999952, 0.0 ], [ 119.662224797000022, -9.544673399999965, 0.0 ], [ 119.662552675000029, -9.544508117999953, 0.0 ], [ 119.6630821870001, -9.544267281999964, 0.0 ], [ 119.663384159000088, -9.544240533999925, 0.0 ], [ 119.663649314000054, -9.54429343299995, 0.0 ], [ 119.663760564000086, -9.544405176999931, 0.0 ], [ 119.664044764000096, -9.545021087999942, 0.0 ], [ 119.66415981800003, -9.545177009999975, 0.0 ], [ 119.664221421000093, -9.545260485999961, 0.0 ], [ 119.664460893000069, -9.545908475999966, 0.0 ], [ 119.664638749, -9.546181626999953, 0.0 ], [ 119.664769031000105, -9.546481428999925, 0.0 ], [ 119.664840442000013, -9.546901333999926, 0.0 ], [ 119.664815307000026, -9.547332939999933, 0.0 ], [ 119.664709923000032, -9.547664250999958, 0.0 ], [ 119.664669484000115, -9.54789853699998, 0.0 ], [ 119.664687545000106, -9.548136519999957, 0.0 ], [ 119.664718695000033, -9.548156301999938, 0.0 ], [ 119.664794661000087, -9.548204578999957, 0.0 ], [ 119.665004434000025, -9.548267315999965, 0.0 ], [ 119.665296802000057, -9.548370099999943, 0.0 ], [ 119.665420030000064, -9.548468360999948, 0.0 ], [ 119.665468262000104, -9.548672238999927, 0.0 ], [ 119.665475629000071, -9.549348803999976, 0.0 ], [ 119.665578541000059, -9.549409059999959, 0.0 ], [ 119.665849153000067, -9.549486080999941, 0.0 ], [ 119.666073, -9.549499878999939, 0.0 ], [ 119.666427842000076, -9.549450422999939, 0.0 ], [ 119.666471333000118, -9.549452406999933, 0.0 ], [ 119.666503857000066, -9.54945169299998, 0.0 ], [ 119.666821863000109, -9.549534483999935, 0.0 ], [ 119.66724057600004, -9.549643443999969, 0.0 ], [ 119.667532425000104, -9.549748097999952, 0.0 ], [ 119.667808773000047, -9.549896757999932, 0.0 ], [ 119.667855444000111, -9.549939093999967, 0.0 ], [ 119.668051855000044, -9.550117220999937, 0.0 ], [ 119.668236481, -9.550484875999928, 0.0 ], [ 119.66834338700005, -9.550625474999947, 0.0 ], [ 119.668447173000118, -9.550675534999925, 0.0 ], [ 119.668632996000042, -9.550689563999981, 0.0 ], [ 119.668961636000063, -9.550655392999943, 0.0 ], [ 119.669312139000112, -9.550593940999931, 0.0 ], [ 119.669706872, -9.550468191999926, 0.0 ], [ 119.670259391000059, -9.550169661999973, 0.0 ], [ 119.670715468000026, -9.549923677999971, 0.0 ], [ 119.671423902000015, -9.549698945999978, 0.0 ], [ 119.671566666000103, -9.549653657999954, 0.0 ], [ 119.671804046000034, -9.549711495999929, 0.0 ], [ 119.672000817000026, -9.549926196999934, 0.0 ], [ 119.672040472000049, -9.549983546999954, 0.0 ], [ 119.67235418000007, -9.550581310999974, 0.0 ], [ 119.672482814000091, -9.551001719999931, 0.0 ], [ 119.672480167000117, -9.55128407199993, 0.0 ], [ 119.672489119000033, -9.551607178999973, 0.0 ], [ 119.672554824000031, -9.551947446999975, 0.0 ], [ 119.672731935000115, -9.552407509999966, 0.0 ], [ 119.67279897200001, -9.552581561999943, 0.0 ], [ 119.672908178000057, -9.552700931999937, 0.0 ], [ 119.672996801000068, -9.552797783999949, 0.0 ], [ 119.673156250000034, -9.552946800999962, 0.0 ], [ 119.673404328000061, -9.553178599999967, 0.0 ], [ 119.674077390000093, -9.55377040999997, 0.0 ], [ 119.67433613500009, -9.554263969999965, 0.0 ], [ 119.674374066000041, -9.554484440999943, 0.0 ], [ 119.674407989000088, -9.554681612999957, 0.0 ], [ 119.674445678000097, -9.554923126999938, 0.0 ], [ 119.674580733000084, -9.554997439999966, 0.0 ], [ 119.674763922000011, -9.555004879999956, 0.0 ], [ 119.674926780000078, -9.554919645999973, 0.0 ], [ 119.675209311000117, -9.554792, 0.0 ], [ 119.675388156000054, -9.55479678599994, 0.0 ], [ 119.675660730000118, -9.55486256599994, 0.0 ], [ 119.675874625, -9.554989018999947, 0.0 ], [ 119.675969613, -9.555115913999941, 0.0 ], [ 119.675967723000099, -9.555233772999941, 0.0 ], [ 119.675877338000078, -9.555394906999936, 0.0 ], [ 119.675789183, -9.555626710999945, 0.0 ], [ 119.675831744000106, -9.555764283999963, 0.0 ], [ 119.675919957000019, -9.555833926999981, 0.0 ], [ 119.676064361000044, -9.555878538999934, 0.0 ], [ 119.676336196000079, -9.55588000299997, 0.0 ], [ 119.677380989000085, -9.555715164999981, 0.0 ], [ 119.67758019300004, -9.555509658999938, 0.0 ], [ 119.677639975000034, -9.555373377999956, 0.0 ], [ 119.677680537000015, -9.555183456999941, 0.0 ], [ 119.677931710000053, -9.554535081999973, 0.0 ], [ 119.677959498000064, -9.554463312999928, 0.0 ], [ 119.678143361000025, -9.554300112999954, 0.0 ], [ 119.678423720000069, -9.554192581999928, 0.0 ], [ 119.678729290000092, -9.554090581999958, 0.0 ], [ 119.67893910500004, -9.553923767999947, 0.0 ], [ 119.679125046000081, -9.553615397999977, 0.0 ], [ 119.679319181000096, -9.553141361999963, 0.0 ], [ 119.67950767800005, -9.553098619999957, 0.0 ], [ 119.679840644000024, -9.553151458999935, 0.0 ], [ 119.680206171, -9.553212348999978, 0.0 ], [ 119.680420560000016, -9.55318906499997, 0.0 ], [ 119.680510013000116, -9.55311609599994, 0.0 ], [ 119.681018601, -9.552412297999979, 0.0 ], [ 119.681123287000105, -9.552372785999978, 0.0 ], [ 119.681297740000105, -9.552373786999965, 0.0 ], [ 119.681520345000081, -9.552436925999928, 0.0 ], [ 119.681642300000021, -9.552595221999979, 0.0 ], [ 119.681807099000025, -9.552824676999933, 0.0 ], [ 119.68201319100001, -9.552927910999927, 0.0 ], [ 119.682197088000066, -9.552862777999962, 0.0 ], [ 119.682620488000111, -9.55270500599994, 0.0 ], [ 119.683019705000106, -9.552633411999977, 0.0 ], [ 119.683238182000082, -9.552671861999954, 0.0 ], [ 119.683546110000066, -9.552785021999966, 0.0 ], [ 119.683636748000026, -9.552858403999949, 0.0 ], [ 119.683736748000115, -9.552868415999967, 0.0 ], [ 119.684384608000073, -9.552917158999946, 0.0 ], [ 119.684761970000068, -9.552909552999949, 0.0 ], [ 119.68552722700008, -9.553102226999954, 0.0 ], [ 119.685738382000068, -9.553223959999968, 0.0 ], [ 119.685971588000029, -9.55342793899996, 0.0 ], [ 119.686120835000111, -9.55362400599995, 0.0 ], [ 119.68651189000002, -9.55413785099995, 0.0 ], [ 119.686653435000039, -9.554216331999953, 0.0 ], [ 119.686865600000033, -9.554164924999952, 0.0 ], [ 119.687029718000076, -9.554284849999931, 0.0 ], [ 119.687279859000114, -9.554429081999956, 0.0 ], [ 119.687500791000048, -9.554468657999962, 0.0 ], [ 119.687956224000118, -9.554423759999963, 0.0 ], [ 119.688535981000086, -9.554402469999957, 0.0 ], [ 119.688738574000013, -9.55445264399998, 0.0 ], [ 119.689052434000018, -9.554661440999951, 0.0 ], [ 119.689501791000112, -9.554944239999941, 0.0 ], [ 119.689648860000034, -9.554966091999972, 0.0 ], [ 119.689710607000052, -9.554903017999948, 0.0 ], [ 119.690015976000041, -9.554552754999975, 0.0 ], [ 119.690263007000112, -9.55445758299993, 0.0 ], [ 119.691315340000074, -9.55427683399995, 0.0 ], [ 119.691554310000015, -9.554417100999956, 0.0 ], [ 119.691915047000066, -9.55470343199994, 0.0 ], [ 119.692344097000046, -9.555120386999931, 0.0 ], [ 119.692733145000034, -9.555476890999955, 0.0 ], [ 119.69281508600011, -9.555586330999972, 0.0 ], [ 119.692859992000081, -9.555774619999966, 0.0 ], [ 119.692953026000055, -9.556164836999926, 0.0 ], [ 119.692976744000021, -9.55645650699995, 0.0 ], [ 119.693111855000097, -9.556696459999955, 0.0 ], [ 119.693400623000116, -9.55696680099993, 0.0 ], [ 119.693671775000098, -9.557180819999928, 0.0 ], [ 119.69383477000008, -9.557338297999934, 0.0 ], [ 119.694186079000019, -9.55767770999995, 0.0 ], [ 119.694294816000024, -9.557846299999937, 0.0 ], [ 119.694456689000049, -9.55816098899993, 0.0 ], [ 119.694542521000017, -9.558601539999927, 0.0 ], [ 119.69457722300001, -9.558795007999947, 0.0 ], [ 119.694624067000063, -9.559056127999952, 0.0 ], [ 119.694732928, -9.559308869999938, 0.0 ], [ 119.694860629000118, -9.559435051999969, 0.0 ], [ 119.695089923000069, -9.55953104799994, 0.0 ], [ 119.695559770000045, -9.559736739999948, 0.0 ], [ 119.695715097000061, -9.559880958999941, 0.0 ], [ 119.695806041000083, -9.560071848999939, 0.0 ], [ 119.695823147000056, -9.560107753999944, 0.0 ], [ 119.695840825000118, -9.56014683099994, 0.0 ], [ 119.695934409000074, -9.560353697999972, 0.0 ], [ 119.696325436000052, -9.561218018999966, 0.0 ], [ 119.696346923000078, -9.561426013999949, 0.0 ], [ 119.696324184000105, -9.561790845999951, 0.0 ], [ 119.696154345000082, -9.562345764999975, 0.0 ], [ 119.696134232000077, -9.562430907999953, 0.0 ], [ 119.696108887000037, -9.562519124999938, 0.0 ], [ 119.696086641000079, -9.562615814999958, 0.0 ], [ 119.696011798000086, -9.563015336999968, 0.0 ], [ 119.69563262500003, -9.564647442999956, 0.0 ], [ 119.695647861000111, -9.564823049999973, 0.0 ], [ 119.695663078000052, -9.564998656999933, 0.0 ], [ 119.695693516, -9.565349910999942, 0.0 ], [ 119.695754438000108, -9.56605237499997, 0.0 ], [ 119.696071581000069, -9.566810718999932, 0.0 ], [ 119.696314592000022, -9.567228894999971, 0.0 ], [ 119.696458923000023, -9.567410784999936, 0.0 ], [ 119.697159140000053, -9.568096865999962, 0.0 ], [ 119.697468561000051, -9.568254938999928, 0.0 ], [ 119.697956736000037, -9.568496380999932, 0.0 ], [ 119.698304557000029, -9.568748299999982, 0.0 ], [ 119.698609622000049, -9.568906566999942, 0.0 ], [ 119.698899594000068, -9.568882420999955, 0.0 ], [ 119.698987845000033, -9.568816486999935, 0.0 ], [ 119.699094346000038, -9.568629202999944, 0.0 ], [ 119.699201200000061, -9.568510989999936, 0.0 ], [ 119.699327216000029, -9.56851015899997, 0.0 ], [ 119.699548948000029, -9.568582964999962, 0.0 ], [ 119.69971264000003, -9.568710566999926, 0.0 ], [ 119.699831143000097, -9.568909331999976, 0.0 ], [ 119.699942880000094, -9.56920966399997, 0.0 ], [ 119.700048047000109, -9.56949229099996, 0.0 ], [ 119.700156470000024, -9.569708912999943, 0.0 ], [ 119.700350071000116, -9.569960745999936, 0.0 ], [ 119.700486825000098, -9.570192973999951, 0.0 ], [ 119.70062517100007, -9.570378532999939, 0.0 ], [ 119.700810392000108, -9.570520363999947, 0.0 ], [ 119.700922406000018, -9.570606425999927, 0.0 ], [ 119.701231655000015, -9.570844007999938, 0.0 ], [ 119.701403995000078, -9.571278817999939, 0.0 ], [ 119.701428433000046, -9.571652237999956, 0.0 ], [ 119.70134853400009, -9.571993132999978, 0.0 ], [ 119.701157643000101, -9.572389088999955, 0.0 ], [ 119.701089057000104, -9.572570986999949, 0.0 ], [ 119.701043276000064, -9.572692360999952, 0.0 ], [ 119.701009154000076, -9.573020735999933, 0.0 ], [ 119.701042888000075, -9.573327205999931, 0.0 ], [ 119.701187343000015, -9.574038364999979, 0.0 ], [ 119.701147527000103, -9.574334582999938, 0.0 ], [ 119.701031374000081, -9.574634023999977, 0.0 ], [ 119.700993575000098, -9.574783529999934, 0.0 ], [ 119.700870236000014, -9.575022910999962, 0.0 ], [ 119.700729608000074, -9.575282266999977, 0.0 ], [ 119.700590422000118, -9.575644969999928, 0.0 ], [ 119.700597084000037, -9.575845458999936, 0.0 ], [ 119.700723140000036, -9.576167252999937, 0.0 ], [ 119.701111978000085, -9.576856985999939, 0.0 ], [ 119.701386837000086, -9.577769673999967, 0.0 ], [ 119.701593717000037, -9.578282018999971, 0.0 ], [ 119.70176724800001, -9.579163128999937, 0.0 ], [ 119.701828751000107, -9.579516890999969, 0.0 ], [ 119.70207223400007, -9.580458750999981, 0.0 ], [ 119.704221415, -9.58094350999994, 0.0 ], [ 119.704483846000016, -9.58100270999995, 0.0 ], [ 119.704995183000051, -9.58119398599996, 0.0 ], [ 119.705176585000117, -9.581389515999945, 0.0 ], [ 119.705266584000015, -9.581492730999969, 0.0 ], [ 119.705367689000013, -9.581463698999926, 0.0 ], [ 119.705414517, -9.581469021999965, 0.0 ], [ 119.705730809000102, -9.581606540999928, 0.0 ], [ 119.706037471000059, -9.581673707999926, 0.0 ], [ 119.70620373600002, -9.581850709999969, 0.0 ], [ 119.706439747000104, -9.581941062999931, 0.0 ], [ 119.707139134000045, -9.582208712999943, 0.0 ], [ 119.707690206000052, -9.582279523999944, 0.0 ], [ 119.708141975000103, -9.582275725999978, 0.0 ], [ 119.70818551900004, -9.582417604999932, 0.0 ], [ 119.70829070800005, -9.582808477999947, 0.0 ], [ 119.708232734000035, -9.582975894999947, 0.0 ], [ 119.708059290000051, -9.583261260999961, 0.0 ], [ 119.708073469000055, -9.583417444999952, 0.0 ], [ 119.708211984000059, -9.583599333999928, 0.0 ], [ 119.70835197100007, -9.583729507999976, 0.0 ], [ 119.708765348000043, -9.583950521999952, 0.0 ], [ 119.708921691000114, -9.58402341599998, 0.0 ], [ 119.709341963000043, -9.584219351999934, 0.0 ], [ 119.709368398000038, -9.584317161999934, 0.0 ], [ 119.709477321, -9.584537363999971, 0.0 ], [ 119.709582343000079, -9.584749612999929, 0.0 ], [ 119.709686503000057, -9.584792344999926, 0.0 ], [ 119.709924293000086, -9.584779655999967, 0.0 ], [ 119.710516447000032, -9.58469439299995, 0.0 ], [ 119.710559510000053, -9.584738953999931, 0.0 ], [ 119.710684350000065, -9.584927980999964, 0.0 ], [ 119.710824652000042, -9.585095789999968, 0.0 ], [ 119.71111057600001, -9.585287580999932, 0.0 ], [ 119.711355601000037, -9.58531605099995, 0.0 ], [ 119.711652932000106, -9.585382879999941, 0.0 ], [ 119.711716083000056, -9.585492648999946, 0.0 ], [ 119.711687598000026, -9.585572146999937, 0.0 ], [ 119.711300013000027, -9.58594334999998, 0.0 ], [ 119.711119722000035, -9.586158584999964, 0.0 ], [ 119.711125069000104, -9.58631711299995, 0.0 ], [ 119.711220948000118, -9.586742356999935, 0.0 ], [ 119.711493381000082, -9.58712408699995, 0.0 ], [ 119.711915537000095, -9.587263356999927, 0.0 ], [ 119.711997035000081, -9.587384272999941, 0.0 ], [ 119.712106753000057, -9.58768650199994, 0.0 ], [ 119.712091257000111, -9.58784611699997, 0.0 ], [ 119.711953174000087, -9.588332183999967, 0.0 ], [ 119.711773567000023, -9.588791338999954, 0.0 ], [ 119.711888123000108, -9.589165322999975, 0.0 ], [ 119.711974734000023, -9.589286443999981, 0.0 ], [ 119.712149448000105, -9.58932761799997, 0.0 ], [ 119.712202197000011, -9.589303599999937, 0.0 ], [ 119.712383106000061, -9.589221124999938, 0.0 ], [ 119.712694810000016, -9.589127297999937, 0.0 ], [ 119.712797567000052, -9.589215692999971, 0.0 ], [ 119.712904124000033, -9.589443348999964, 0.0 ], [ 119.713094234000096, -9.589796878999948, 0.0 ], [ 119.713583354000093, -9.590032767999958, 0.0 ], [ 119.713861679000047, -9.590440727999976, 0.0 ], [ 119.714077791000022, -9.590926546999981, 0.0 ], [ 119.71432285800006, -9.591308451999964, 0.0 ], [ 119.714400750000095, -9.591508203999979, 0.0 ], [ 119.714414091000094, -9.591719661999946, 0.0 ], [ 119.714334158000042, -9.592031283999972, 0.0 ], [ 119.714237626000113, -9.592116626999939, 0.0 ], [ 119.714034213000105, -9.59215951799996, 0.0 ], [ 119.713625628000045, -9.59213108199998, 0.0 ], [ 119.712901742000099, -9.591970153999966, 0.0 ], [ 119.712773177000031, -9.591874780999945, 0.0 ], [ 119.712573504000034, -9.591626506999944, 0.0 ], [ 119.712265167000055, -9.591600851999942, 0.0 ], [ 119.711548833000052, -9.591629980999926, 0.0 ], [ 119.711355192000042, -9.591705971999943, 0.0 ], [ 119.711333065000076, -9.59191723999993, 0.0 ], [ 119.711404972000082, -9.592109500999982, 0.0 ], [ 119.711482907000118, -9.592308555999978, 0.0 ], [ 119.711588873000096, -9.592579113999932, 0.0 ], [ 119.711527040000078, -9.59283570499997, 0.0 ], [ 119.711404315000095, -9.59299705199993, 0.0 ], [ 119.711180088000106, -9.593159925999942, 0.0 ], [ 119.710450753000032, -9.593561291999947, 0.0 ], [ 119.710121888000117, -9.593742274999954, 0.0 ], [ 119.709918327000082, -9.593891644999928, 0.0 ], [ 119.709614067000075, -9.594101310999974, 0.0 ], [ 119.709191423000107, -9.594344833999969, 0.0 ], [ 119.709022696000034, -9.594343107999975, 0.0 ], [ 119.708885234000036, -9.594217317999949, 0.0 ], [ 119.708743724000101, -9.594076100999928, 0.0 ], [ 119.708464672000105, -9.593797630999973, 0.0 ], [ 119.708252781000056, -9.593780018999951, 0.0 ], [ 119.708024124000076, -9.593856926999933, 0.0 ], [ 119.707877608000103, -9.593982239999946, 0.0 ], [ 119.707599032000076, -9.594279567999934, 0.0 ], [ 119.707478499000104, -9.59449154899994, 0.0 ], [ 119.707480263000093, -9.594727968999962, 0.0 ], [ 119.707468722000044, -9.595071452999946, 0.0 ], [ 119.707337734000021, -9.595234234999964, 0.0 ], [ 119.707059903000072, -9.595488971999941, 0.0 ], [ 119.706872589000113, -9.595784471999934, 0.0 ], [ 119.706775035000078, -9.595974397999953, 0.0 ], [ 119.706615270000043, -9.596285487999978, 0.0 ], [ 119.706319816000018, -9.59698239599993, 0.0 ], [ 119.706522756000027, -9.597463394999977, 0.0 ], [ 119.706628262000095, -9.597474585999976, 0.0 ], [ 119.706754871000044, -9.597403569999926, 0.0 ], [ 119.70711317100006, -9.597215177999942, 0.0 ], [ 119.707724732000088, -9.597486720999939, 0.0 ], [ 119.708001628000034, -9.59747351599998, 0.0 ], [ 119.708276234000095, -9.597474094999939, 0.0 ], [ 119.708466238000028, -9.597549266999977, 0.0 ], [ 119.70848898700001, -9.59766637499996, 0.0 ], [ 119.708462638000015, -9.598126751999928, 0.0 ], [ 119.708540170000106, -9.598280061999958, 0.0 ], [ 119.708938390000071, -9.598742426999934, 0.0 ], [ 119.70916292000004, -9.598999549999974, 0.0 ], [ 119.709251262000066, -9.599104455999964, 0.0 ], [ 119.709275292000029, -9.599145927999928, 0.0 ], [ 119.709340568000016, -9.599258630999941, 0.0 ], [ 119.70932322200008, -9.599379786999975, 0.0 ], [ 119.709176054000068, -9.599592101999974, 0.0 ], [ 119.70906001100002, -9.599706519999927, 0.0 ], [ 119.709060009000041, -9.599871635999932, 0.0 ], [ 119.709147564000091, -9.600028147999979, 0.0 ], [ 119.709180379000031, -9.60009051399993, 0.0 ], [ 119.709350206000067, -9.600413193999941, 0.0 ], [ 119.709329161000028, -9.60091233199995, 0.0 ], [ 119.709315557000082, -9.601234864999981, 0.0 ], [ 119.709200497000097, -9.601420047999966, 0.0 ], [ 119.709027140000103, -9.601560039999981, 0.0 ], [ 119.708955969000044, -9.601695330999974, 0.0 ], [ 119.708985250000069, -9.601846178999949, 0.0 ], [ 119.709087810000028, -9.602008608999938, 0.0 ], [ 119.709249686000021, -9.60209636299993, 0.0 ], [ 119.709561735000079, -9.602179830999944, 0.0 ], [ 119.709828327000082, -9.602254164999977, 0.0 ], [ 119.709889994000036, -9.602271341999938, 0.0 ], [ 119.710076745000038, -9.602468427999952, 0.0 ], [ 119.710507438000036, -9.603174348999971, 0.0 ], [ 119.711013026000046, -9.603555037999968, 0.0 ], [ 119.711285010000097, -9.603711921999945, 0.0 ], [ 119.711609516000067, -9.60406480499995, 0.0 ], [ 119.711714439000048, -9.604328150999947, 0.0 ], [ 119.711762675000045, -9.604668440999944, 0.0 ], [ 119.711742981000043, -9.604962175999958, 0.0 ], [ 119.711727766000081, -9.605188832999943, 0.0 ], [ 119.711547187000065, -9.605805600999929, 0.0 ], [ 119.711588877000054, -9.605937577999953, 0.0 ], [ 119.711748900000089, -9.60609100299996, 0.0 ], [ 119.711791263, -9.606182639999929, 0.0 ], [ 119.711813076000112, -9.606398255999977, 0.0 ], [ 119.711775029000023, -9.606849802999932, 0.0 ], [ 119.711637502000031, -9.607125707999955, 0.0 ], [ 119.711432994, -9.607296408999957, 0.0 ], [ 119.711112639000021, -9.607548314999974, 0.0 ], [ 119.711079985000083, -9.607647537999981, 0.0 ], [ 119.711105324000073, -9.607778725999935, 0.0 ], [ 119.711251970000035, -9.608003283999949, 0.0 ], [ 119.711439895000012, -9.608150616999978, 0.0 ], [ 119.711676646000114, -9.608206236999933, 0.0 ], [ 119.712043472000119, -9.608208709999928, 0.0 ], [ 119.712231553000038, -9.608241016999955, 0.0 ], [ 119.71227396300003, -9.608248304999961, 0.0 ], [ 119.712392020000038, -9.608354487999975, 0.0 ], [ 119.712419003000036, -9.608461231999968, 0.0 ], [ 119.712394878000055, -9.608705326999939, 0.0 ], [ 119.712240948000044, -9.608962136999935, 0.0 ], [ 119.712113555000087, -9.609058391999952, 0.0 ], [ 119.71190238500003, -9.609135848999927, 0.0 ], [ 119.711591231000057, -9.609237706999977, 0.0 ], [ 119.711491190000061, -9.609270427999945, 0.0 ], [ 119.71138333500005, -9.609403941999972, 0.0 ], [ 119.711348640000097, -9.609570234999978, 0.0 ], [ 119.711389402, -9.609789955999929, 0.0 ], [ 119.711470437000116, -9.609885253999948, 0.0 ], [ 119.711546254000041, -9.609914457999935, 0.0 ], [ 119.711719310000035, -9.609981095999956, 0.0 ], [ 119.712117453000019, -9.610124543999973, 0.0 ], [ 119.71233187200005, -9.610312257999965, 0.0 ], [ 119.712521763000041, -9.610594171999935, 0.0 ], [ 119.712534711000103, -9.610619512999961, 0.0 ], [ 119.71255305000011, -9.610655403999942, 0.0 ], [ 119.712725706000015, -9.610993315999963, 0.0 ], [ 119.712734738000108, -9.611155082999971, 0.0 ], [ 119.712747879000062, -9.61142284999994, 0.0 ], [ 119.712805116000027, -9.611709521999956, 0.0 ], [ 119.712761708000016, -9.611875408999936, 0.0 ], [ 119.712665755000103, -9.611959913999954, 0.0 ], [ 119.71254061400009, -9.611976832999972, 0.0 ], [ 119.712332074000074, -9.611899088999962, 0.0 ], [ 119.711981724000111, -9.611760067999967, 0.0 ], [ 119.711756928000113, -9.611748536999926, 0.0 ], [ 119.711713123000095, -9.611746255999947, 0.0 ], [ 119.711502697000014, -9.611800018999929, 0.0 ], [ 119.71138003100009, -9.611931050999942, 0.0 ], [ 119.711337610000101, -9.612097894999977, 0.0 ], [ 119.711284199000033, -9.61218075599993, 0.0 ], [ 119.711235533000036, -9.612256268999943, 0.0 ], [ 119.711062020000099, -9.612376990999962, 0.0 ], [ 119.710921511000038, -9.612484239999958, 0.0 ], [ 119.710775830000102, -9.612595406999958, 0.0 ], [ 119.710732417000031, -9.612730831999954, 0.0 ], [ 119.710786643, -9.612855688999957, 0.0 ], [ 119.71092704800003, -9.613216798999929, 0.0 ], [ 119.710930136000115, -9.613531547999969, 0.0 ], [ 119.710865390000095, -9.613730923999981, 0.0 ], [ 119.710526186000038, -9.614179892999971, 0.0 ], [ 119.710185562000106, -9.614390196999977, 0.0 ], [ 119.709672488000024, -9.614618909999933, 0.0 ], [ 119.709626545000106, -9.614730613999939, 0.0 ], [ 119.709346298000014, -9.615385655999944, 0.0 ], [ 119.70925916300007, -9.615588002999971, 0.0 ], [ 119.709129670000038, -9.615954377999969, 0.0 ], [ 119.709143358, -9.616429502999949, 0.0 ], [ 119.709250701000087, -9.616724688999966, 0.0 ], [ 119.709434605000069, -9.617139940999948, 0.0 ], [ 119.70951884200008, -9.617416998999943, 0.0 ], [ 119.709718259000056, -9.61804086199993, 0.0 ], [ 119.709810376000064, -9.618447832999948, 0.0 ], [ 119.709720172000061, -9.618619717999934, 0.0 ], [ 119.709576108000078, -9.618696252999939, 0.0 ], [ 119.709355231000018, -9.61874342599998, 0.0 ], [ 119.708921049000082, -9.618837520999932, 0.0 ], [ 119.708716810000055, -9.618962515999954, 0.0 ], [ 119.708245935000036, -9.619264800999929, 0.0 ], [ 119.707902611, -9.619311548999974, 0.0 ], [ 119.7074036570001, -9.619402970999943, 0.0 ], [ 119.707193983000025, -9.619607550999945, 0.0 ], [ 119.706048358000089, -9.620466077999936, 0.0 ], [ 119.705309758000112, -9.621025566999947, 0.0 ], [ 119.704978897000046, -9.621493182999927, 0.0 ], [ 119.704576708000104, -9.622060727999951, 0.0 ], [ 119.704508199000088, -9.622167091999927, 0.0 ], [ 119.704441535000115, -9.622282018999954, 0.0 ], [ 119.704217647000064, -9.622618182999929, 0.0 ], [ 119.703860705000011, -9.62317233899995, 0.0 ], [ 119.702683324000077, -9.625000305999947, 0.0 ], [ 119.702445272000091, -9.625260818999948, 0.0 ], [ 119.702254927000013, -9.625469115999977, 0.0 ], [ 119.701596588000029, -9.625808709999944, 0.0 ], [ 119.701409589000036, -9.62597752399995, 0.0 ], [ 119.701140126000041, -9.626427253999964, 0.0 ], [ 119.701114159000099, -9.626441314999965, 0.0 ], [ 119.700988421000034, -9.626477956999963, 0.0 ], [ 119.700891328000012, -9.626526912999964, 0.0 ], [ 119.700755545000106, -9.626591818999941, 0.0 ], [ 119.700626389000035, -9.626614408999956, 0.0 ], [ 119.70047618500007, -9.626701972999967, 0.0 ], [ 119.7002819490001, -9.626797020999959, 0.0 ], [ 119.700115622000112, -9.626853080999979, 0.0 ], [ 119.69978818800007, -9.627138701999968, 0.0 ], [ 119.699621171000103, -9.627261035999936, 0.0 ], [ 119.699341261000086, -9.627355271999932, 0.0 ], [ 119.698880798000118, -9.627667642999938, 0.0 ], [ 119.698669607000056, -9.627755924999974, 0.0 ], [ 119.698587826000107, -9.627769803999968, 0.0 ], [ 119.698124218000089, -9.627809468999942, 0.0 ], [ 119.697778189000019, -9.627835145999939, 0.0 ], [ 119.697557326000037, -9.627804081999955, 0.0 ], [ 119.697504887000036, -9.627799330999949, 0.0 ], [ 119.697451033000107, -9.627859124999929, 0.0 ], [ 119.696866420000106, -9.62827559699997, 0.0 ], [ 119.696130559000039, -9.629025851999927, 0.0 ], [ 119.696035371000107, -9.629140034999978, 0.0 ], [ 119.695982449000098, -9.629213611999944, 0.0 ], [ 119.695886220000034, -9.629249331999972, 0.0 ], [ 119.695565248000094, -9.629248687999961, 0.0 ], [ 119.695354639000016, -9.629239678999966, 0.0 ], [ 119.695208418000107, -9.629229940999949, 0.0 ], [ 119.695024360000048, -9.62920294099996, 0.0 ], [ 119.694515262000095, -9.629126458999963, 0.0 ], [ 119.694362297000112, -9.629130360999966, 0.0 ], [ 119.694204391000085, -9.629233584999952, 0.0 ], [ 119.693999498000039, -9.62944003399997, 0.0 ], [ 119.693674247000104, -9.629784470999937, 0.0 ], [ 119.693349019000038, -9.630128911999975, 0.0 ], [ 119.69293208900001, -9.630547050999951, 0.0 ], [ 119.692706951000105, -9.630671674999974, 0.0 ], [ 119.692399858000044, -9.630748475999951, 0.0 ], [ 119.69213087300011, -9.630795034999949, 0.0 ], [ 119.691904154000099, -9.630881062999947, 0.0 ], [ 119.691711910000095, -9.631100234999963, 0.0 ], [ 119.691351825000083, -9.632373720999965, 0.0 ], [ 119.691249653000114, -9.632783952999944, 0.0 ], [ 119.691142669000101, -9.633150893999925, 0.0 ], [ 119.690962923000029, -9.63345279899994, 0.0 ], [ 119.690808017000109, -9.633641220999948, 0.0 ], [ 119.690517937000095, -9.634113128999957, 0.0 ], [ 119.69039014000009, -9.634364408999943, 0.0 ], [ 119.690333422000094, -9.634696100999975, 0.0 ], [ 119.690307293000046, -9.634930159999954, 0.0 ], [ 119.690246809000087, -9.635777362999931, 0.0 ], [ 119.690245342000026, -9.635838379999939, 0.0 ], [ 119.690440062000107, -9.636527536999949, 0.0 ], [ 119.690474175000077, -9.636703463999936, 0.0 ], [ 119.69021305900003, -9.637432534999959, 0.0 ], [ 119.690088449000086, -9.637961939999968, 0.0 ], [ 119.689890593000086, -9.638207889999933, 0.0 ], [ 119.689213248000101, -9.638829534999957, 0.0 ], [ 119.68860364000011, -9.639651816999958, 0.0 ], [ 119.688489204, -9.639794453999968, 0.0 ], [ 119.687448407000034, -9.640441282999973, 0.0 ], [ 119.68695565500002, -9.640724156999966, 0.0 ], [ 119.686693046000073, -9.640941975999965, 0.0 ], [ 119.686317169000063, -9.641267006999954, 0.0 ], [ 119.686108905000083, -9.641455252999947, 0.0 ], [ 119.685871422000105, -9.64181886199998, 0.0 ], [ 119.685741110000095, -9.642262782999978, 0.0 ], [ 119.685611735000066, -9.642514514999959, 0.0 ], [ 119.68545240200001, -9.642686896999976, 0.0 ], [ 119.685495550000041, -9.642778150999959, 0.0 ], [ 119.685448740000083, -9.642888956999968, 0.0 ], [ 119.685169607000034, -9.643040904999964, 0.0 ], [ 119.685036429000093, -9.64316110599998, 0.0 ], [ 119.684716345000083, -9.643555030999948, 0.0 ], [ 119.684640086000059, -9.643830460999936, 0.0 ], [ 119.684569427000042, -9.64398295899997, 0.0 ], [ 119.684417739000082, -9.644221048999952, 0.0 ], [ 119.684494425000025, -9.644292721999932, 0.0 ], [ 119.684577397000112, -9.644307627999979, 0.0 ], [ 119.68493211200007, -9.644649085999959, 0.0 ], [ 119.684915250000017, -9.645077896999965, 0.0 ], [ 119.684895337000057, -9.645584192999934, 0.0 ], [ 119.684875892000036, -9.646078304999946, 0.0 ], [ 119.684861315000035, -9.646859743999926, 0.0 ], [ 119.685064896000085, -9.648560648999933, 0.0 ], [ 119.685154741000019, -9.649184233999961, 0.0 ], [ 119.6851621510001, -9.649345093999955, 0.0 ], [ 119.685293648000084, -9.650207053999964, 0.0 ], [ 119.68541227500009, -9.651449584999966, 0.0 ], [ 119.685499453000034, -9.652045296999972, 0.0 ], [ 119.68564574100003, -9.652734219999957, 0.0 ], [ 119.685681557000066, -9.652968054999974, 0.0 ], [ 119.685814956000058, -9.65408283599993, 0.0 ], [ 119.685905490000096, -9.655089646999954, 0.0 ], [ 119.685929576000035, -9.655360412999926, 0.0 ], [ 119.68601064500001, -9.656271711999977, 0.0 ], [ 119.686020394000025, -9.656475722999971, 0.0 ], [ 119.686051445000089, -9.657125955999959, 0.0 ], [ 119.686220992000017, -9.658279970999956, 0.0 ], [ 119.686234364000029, -9.658371021999926, 0.0 ], [ 119.68652071200006, -9.659988148999958, 0.0 ], [ 119.686584278000055, -9.660216499999933, 0.0 ], [ 119.686943552000116, -9.661507273999973, 0.0 ], [ 119.687081019000061, -9.662001178999958, 0.0 ], [ 119.687348433000011, -9.663390733999961, 0.0 ], [ 119.687389736000114, -9.663605318999942, 0.0 ], [ 119.687537549000012, -9.664222361999975, 0.0 ], [ 119.687721998000029, -9.664992428999938, 0.0 ], [ 119.688026829000023, -9.666532836999977, 0.0 ], [ 119.68817036300004, -9.667277251999963, 0.0 ], [ 119.688271082000028, -9.667799584999955, 0.0 ], [ 119.688631813000029, -9.670248458999936, 0.0 ], [ 119.688629140000103, -9.670293096999956, 0.0 ], [ 119.688587354000106, -9.67098492599996, 0.0 ], [ 119.688621279000017, -9.671215390999976, 0.0 ], [ 119.688824019000094, -9.671809486999962, 0.0 ], [ 119.688932763000025, -9.672271375999969, 0.0 ], [ 119.689081203000114, -9.67337867699996, 0.0 ], [ 119.689083506000088, -9.673752422999939, 0.0 ], [ 119.689043081000023, -9.674660924999955, 0.0 ], [ 119.689087530000052, -9.675558843999966, 0.0 ], [ 119.689166048000061, -9.675858787999971, 0.0 ], [ 119.689370727000096, -9.676219860999936, 0.0 ], [ 119.689490721000084, -9.676382972999932, 0.0 ], [ 119.68960013100002, -9.676530553999953, 0.0 ], [ 119.689686554000104, -9.676752366999949, 0.0 ], [ 119.68965735200004, -9.676938298999971, 0.0 ], [ 119.689911780000102, -9.67702447299996, 0.0 ], [ 119.690150839000012, -9.677112189999946, 0.0 ], [ 119.6901564530001, -9.677231707999965, 0.0 ], [ 119.689989044000072, -9.67755184799995, 0.0 ], [ 119.689830531000098, -9.677813034999929, 0.0 ], [ 119.689870140000039, -9.678365484999972, 0.0 ], [ 119.690237173000014, -9.67894251599995, 0.0 ], [ 119.6903827000001, -9.679038928999944, 0.0 ], [ 119.69105262700009, -9.67932742499994, 0.0 ], [ 119.69136237400005, -9.679627675999939, 0.0 ], [ 119.691599151000105, -9.679944316999979, 0.0 ], [ 119.691711, -9.68012233099995, 0.0 ], [ 119.691919795000103, -9.680577454999934, 0.0 ], [ 119.692214048000096, -9.680963083999927, 0.0 ], [ 119.692338126000095, -9.681047749999948, 0.0 ], [ 119.692467089000047, -9.681069471999933, 0.0 ], [ 119.692624964000061, -9.680987311999957, 0.0 ], [ 119.692776105, -9.680874191999976, 0.0 ], [ 119.69292580900003, -9.680861750999952, 0.0 ], [ 119.693152308000094, -9.680943394999929, 0.0 ], [ 119.693395281000107, -9.681110110999953, 0.0 ], [ 119.693713346000095, -9.681413672999952, 0.0 ], [ 119.693922077000025, -9.681675234999943, 0.0 ], [ 119.694315467000024, -9.682037141999956, 0.0 ], [ 119.694582605000051, -9.682210267999949, 0.0 ], [ 119.694825062000064, -9.682253342999957, 0.0 ], [ 119.694947203000083, -9.682243718999928, 0.0 ], [ 119.695019674000037, -9.682238, 0.0 ], [ 119.695345108000083, -9.682184487999962, 0.0 ], [ 119.695633866000094, -9.682142254999974, 0.0 ], [ 119.695936190000111, -9.682098006999979, 0.0 ], [ 119.696118261000038, -9.682100476999949, 0.0 ], [ 119.696362597000075, -9.682183410999926, 0.0 ], [ 119.696398875000114, -9.682195725999975, 0.0 ], [ 119.696579514000064, -9.682283973999972, 0.0 ], [ 119.696739896000054, -9.682400886999972, 0.0 ], [ 119.696802817000048, -9.682522080999945, 0.0 ], [ 119.6967505, -9.682602078999935, 0.0 ], [ 119.696560800000043, -9.682892221999964, 0.0 ], [ 119.696337374000109, -9.683036707999975, 0.0 ], [ 119.696052981000093, -9.683168467999963, 0.0 ], [ 119.696121373000096, -9.68331909799997, 0.0 ], [ 119.696324954000033, -9.68352202899996, 0.0 ], [ 119.696558752000101, -9.68369626499998, 0.0 ], [ 119.696693481000011, -9.683741801999929, 0.0 ], [ 119.696779487000072, -9.683599224999966, 0.0 ], [ 119.696811856000068, -9.683532877999937, 0.0 ], [ 119.696936946000051, -9.683492488999946, 0.0 ], [ 119.697798512000077, -9.683652611999946, 0.0 ], [ 119.698235157000113, -9.683864610999933, 0.0 ], [ 119.698285186000021, -9.683888894999939, 0.0 ], [ 119.698560860000043, -9.684123126999964, 0.0 ], [ 119.698608671000102, -9.68414209599996, 0.0 ], [ 119.698810069000046, -9.684148283999946, 0.0 ], [ 119.699043511000013, -9.684165631999974, 0.0 ], [ 119.700056424000081, -9.684222708999926, 0.0 ], [ 119.700582336000025, -9.684544413999959, 0.0 ], [ 119.700798449000104, -9.684676619999948, 0.0 ], [ 119.701069427000107, -9.684842366999931, 0.0 ], [ 119.701220675000059, -9.684934884999961, 0.0 ], [ 119.701574850000043, -9.685085096999956, 0.0 ], [ 119.702453786000092, -9.685457864999933, 0.0 ], [ 119.702660337000111, -9.685545443999956, 0.0 ], [ 119.703748897000082, -9.686079833999941, 0.0 ], [ 119.70401946100003, -9.686188496999932, 0.0 ], [ 119.70480141400003, -9.686547617999963, 0.0 ], [ 119.704838282000082, -9.686560733999954, 0.0 ], [ 119.705769150000037, -9.686891841999966, 0.0 ], [ 119.706017536000104, -9.686964581999973, 0.0 ], [ 119.70632557600004, -9.687088772999971, 0.0 ], [ 119.706868553000049, -9.687280951999981, 0.0 ], [ 119.707065871000054, -9.687350786999957, 0.0 ], [ 119.707160002000023, -9.687386696999965, 0.0 ], [ 119.708401681000055, -9.687860302999979, 0.0 ], [ 119.708722732000069, -9.687943102999952, 0.0 ], [ 119.709722893000048, -9.688200976999951, 0.0 ], [ 119.709805569000082, -9.688221734999956, 0.0 ], [ 119.710447571000032, -9.688374929999952, 0.0 ], [ 119.710928176000039, -9.688517308999963, 0.0 ], [ 119.711281364000115, -9.688579200999982, 0.0 ], [ 119.712089318000039, -9.688758115999974, 0.0 ], [ 119.712174621000031, -9.688775800999963, 0.0 ], [ 119.712820307000015, -9.688925221999966, 0.0 ], [ 119.713376308000079, -9.689053899999976, 0.0 ], [ 119.713595411000028, -9.689103203999935, 0.0 ], [ 119.714319145000104, -9.689266071999953, 0.0 ], [ 119.714407149000067, -9.689285867999956, 0.0 ], [ 119.715243807000093, -9.689441239999951, 0.0 ], [ 119.716100924000102, -9.689600412999937, 0.0 ], [ 119.716803037000091, -9.689702771999976, 0.0 ], [ 119.717170356000111, -9.689756308999961, 0.0 ], [ 119.717246798000019, -9.689767462999953, 0.0 ], [ 119.717678699000089, -9.689798273999941, 0.0 ], [ 119.718578401000059, -9.689862461999951, 0.0 ], [ 119.71951544, -9.68994915299993, 0.0 ], [ 119.71987023600002, -9.689976175999959, 0.0 ], [ 119.720032539000044, -9.689997648999963, 0.0 ], [ 119.720298679000052, -9.690008980999949, 0.0 ], [ 119.721122521000098, -9.690044023999974, 0.0 ], [ 119.72225078300005, -9.690054959999941, 0.0 ], [ 119.722665669000094, -9.690043831999958, 0.0 ], [ 119.723077671000055, -9.690032780999957, 0.0 ], [ 119.723205023000105, -9.690029351999954, 0.0 ], [ 119.72328368, -9.690044344999933, 0.0 ], [ 119.723822268000049, -9.690045462999933, 0.0 ], [ 119.724334152000097, -9.690126397999961, 0.0 ], [ 119.724717994000116, -9.690164720999974, 0.0 ], [ 119.725334186000055, -9.690226250999956, 0.0 ], [ 119.7253348590001, -9.69022631799993, 0.0 ], [ 119.729581303000032, -9.690722337999944, 0.0 ], [ 119.733745360000057, -9.691317202999926, 0.0 ], [ 119.737790443000108, -9.69203104099995, 0.0 ], [ 119.74171655400005, -9.692863852999949, 0.0 ], [ 119.746356503000015, -9.69405358299997, 0.0 ], [ 119.750758506000011, -9.695957151999949, 0.0 ], [ 119.754803590000051, -9.697979693999969, 0.0 ], [ 119.757302024000069, -9.699764289999962, 0.0 ], [ 119.759205592000058, -9.701548884999966, 0.0 ], [ 119.760825350000118, -9.703822159999959, 0.0 ], [ 119.760741363000079, -9.703811740999981, 0.0 ], [ 119.760593443000062, -9.70379338999993, 0.0 ], [ 119.760535823000055, -9.703786241999978, 0.0 ], [ 119.759382107000079, -9.703643112999941, 0.0 ], [ 119.759202545000107, -9.703649224999936, 0.0 ], [ 119.759161084000084, -9.703650635999963, 0.0 ], [ 119.759016173000077, -9.703704543999947, 0.0 ], [ 119.75865723600009, -9.703776398999935, 0.0 ], [ 119.758091712, -9.703913784999941, 0.0 ], [ 119.757881537000117, -9.704077218999942, 0.0 ], [ 119.757548680000014, -9.704368317999979, 0.0 ], [ 119.757335651000062, -9.704306322999969, 0.0 ], [ 119.757068599000036, -9.704228603999979, 0.0 ], [ 119.757016964000059, -9.704200578999973, 0.0 ], [ 119.756810962000031, -9.704139527999928, 0.0 ], [ 119.756765284000039, -9.704125989999966, 0.0 ], [ 119.756706516, -9.70412523899995, 0.0 ], [ 119.756667791000041, -9.704124742999966, 0.0 ], [ 119.756466447000093, -9.704122171999927, 0.0 ], [ 119.756304633000013, -9.704190693999976, 0.0 ], [ 119.756135884000059, -9.704305409999961, 0.0 ], [ 119.755783983000015, -9.704544633999944, 0.0 ], [ 119.755489440000019, -9.704744864999952, 0.0 ], [ 119.755367316000047, -9.704955322999979, 0.0 ], [ 119.755304358000103, -9.705063818999975, 0.0 ], [ 119.755308151, -9.705351808999978, 0.0 ], [ 119.755308168000056, -9.705351868999969, 0.0 ], [ 119.755387564000102, -9.705639657999939, 0.0 ], [ 119.755387580000047, -9.70563971699994, 0.0 ], [ 119.755499690000079, -9.706046082999933, 0.0 ], [ 119.755499721000092, -9.706046132999973, 0.0 ], [ 119.755723661000047, -9.706407785999943, 0.0 ], [ 119.755704651000087, -9.706548619999978, 0.0 ], [ 119.755660191000061, -9.706635528999925, 0.0 ], [ 119.755589126000018, -9.706774443999961, 0.0 ], [ 119.755485152, -9.706993073999968, 0.0 ], [ 119.755380427000091, -9.707213281999941, 0.0 ], [ 119.755380434000017, -9.707213338999964, 0.0 ], [ 119.755407674000026, -9.707442618999949, 0.0 ], [ 119.755407681000065, -9.707442674999982, 0.0 ], [ 119.755408085000113, -9.70744607599994, 0.0 ], [ 119.755408098000089, -9.707446131999973, 0.0 ], [ 119.755416499000034, -9.707480561999944, 0.0 ], [ 119.755453712000076, -9.707633069999929, 0.0 ], [ 119.755453726000042, -9.707633125999962, 0.0 ], [ 119.755533570000011, -9.707960347999972, 0.0 ], [ 119.755516732000046, -9.708364374999974, 0.0 ], [ 119.755444861000115, -9.708592196999973, 0.0 ], [ 119.755311505, -9.708814695999934, 0.0 ], [ 119.755259251000098, -9.708881917999975, 0.0 ], [ 119.755034973000079, -9.709170441999959, 0.0 ], [ 119.754902431000119, -9.709340950999945, 0.0 ], [ 119.75473850000003, -9.709551841999939, 0.0 ], [ 119.754354450000051, -9.709815449999951, 0.0 ], [ 119.754346481000084, -9.70982091999997, 0.0 ], [ 119.754164927000033, -9.709922960999961, 0.0 ], [ 119.75372642800005, -9.710169414999939, 0.0 ], [ 119.753572520000034, -9.710201432999952, 0.0 ], [ 119.753525753000076, -9.71021116199995, 0.0 ], [ 119.752993445000016, -9.709940985999935, 0.0 ], [ 119.752850074000094, -9.709913309999934, 0.0 ], [ 119.752823347000117, -9.709933715999966, 0.0 ], [ 119.752716106000094, -9.710015595999948, 0.0 ], [ 119.75263239100002, -9.710173899999972, 0.0 ], [ 119.752469654000038, -9.710529988999951, 0.0 ], [ 119.752348725000047, -9.710794599999929, 0.0 ], [ 119.752071138000019, -9.711402000999954, 0.0 ], [ 119.752059795000037, -9.711426820999975, 0.0 ], [ 119.75191621700003, -9.711493143999974, 0.0 ], [ 119.751734428000077, -9.71148590599995, 0.0 ], [ 119.751579455000069, -9.71145355799996, 0.0 ], [ 119.751375281000037, -9.711410941999929, 0.0 ], [ 119.751248522000083, -9.711375476999933, 0.0 ], [ 119.751127426000039, -9.711341595999954, 0.0 ], [ 119.751094816000091, -9.711366302999977, 0.0 ], [ 119.750955601000101, -9.711471777999975, 0.0 ], [ 119.750854286000049, -9.711649566999938, 0.0 ], [ 119.750768696000023, -9.711933481999949, 0.0 ], [ 119.750760742000011, -9.711959864999926, 0.0 ], [ 119.750570115000073, -9.712592201999939, 0.0 ], [ 119.75050485600002, -9.712808673999973, 0.0 ], [ 119.750515598000106, -9.713129226999968, 0.0 ], [ 119.750515599000096, -9.713129264999964, 0.0 ], [ 119.750518731000057, -9.713222763999966, 0.0 ], [ 119.750518732000046, -9.713222800999972, 0.0 ], [ 119.750525706000076, -9.713424182999972, 0.0 ], [ 119.750530570000024, -9.713564651999945, 0.0 ], [ 119.750530571000013, -9.713564689999941, 0.0 ], [ 119.750533367000116, -9.713645421999956, 0.0 ], [ 119.750533371000074, -9.713645458999963, 0.0 ], [ 119.750591492000012, -9.714129471999968, 0.0 ], [ 119.750591496000084, -9.714129507999928, 0.0 ], [ 119.750603833000014, -9.714232253999967, 0.0 ], [ 119.750645164000048, -9.714576434999969, 0.0 ], [ 119.750658902000055, -9.714690835999932, 0.0 ], [ 119.750578300000029, -9.714962899999932, 0.0 ], [ 119.750437801000089, -9.71515773699997, 0.0 ], [ 119.750432172000046, -9.715162351999936, 0.0 ], [ 119.750232175000065, -9.715326344999937, 0.0 ], [ 119.749998695000045, -9.715403952999964, 0.0 ], [ 119.749923014000046, -9.715429108999956, 0.0 ], [ 119.749815813000055, -9.71546690699995, 0.0 ], [ 119.749766865000083, -9.715503441999942, 0.0 ], [ 119.749641083000029, -9.715683529999978, 0.0 ], [ 119.74911424700008, -9.716387730999941, 0.0 ], [ 119.748671396000077, -9.716910361999965, 0.0 ], [ 119.748552478000079, -9.717133987999944, 0.0 ], [ 119.748507578000044, -9.717218420999927, 0.0 ], [ 119.748124844000017, -9.717687306999949, 0.0 ], [ 119.747682733000033, -9.718024625999931, 0.0 ], [ 119.747573812000041, -9.718107730999975, 0.0 ], [ 119.747566491000043, -9.718113315999972, 0.0 ], [ 119.747276498000019, -9.718399160999979, 0.0 ], [ 119.747206124000058, -9.718601285999966, 0.0 ], [ 119.746924486000012, -9.719316596999931, 0.0 ], [ 119.7468657390001, -9.71946580499997, 0.0 ], [ 119.746691238000039, -9.719909007999945, 0.0 ], [ 119.746410325000056, -9.720364832999962, 0.0 ], [ 119.746350843000073, -9.720466835999957, 0.0 ], [ 119.746013701000038, -9.721044984999935, 0.0 ], [ 119.74598539200008, -9.721093529999962, 0.0 ], [ 119.745870705000016, -9.721374089999927, 0.0 ], [ 119.74575230500011, -9.72141961899996, 0.0 ], [ 119.745631542000069, -9.721467780999944, 0.0 ], [ 119.745408047000069, -9.721556913999962, 0.0 ], [ 119.744900228, -9.721679476999952, 0.0 ], [ 119.744815716000062, -9.721716258999948, 0.0 ], [ 119.744803489000105, -9.72172158099994, 0.0 ], [ 119.744597963000047, -9.721811033999927, 0.0 ], [ 119.744481506000056, -9.721861720999925, 0.0 ], [ 119.744237050000038, -9.722018078999952, 0.0 ], [ 119.743504844000086, -9.722486411999967, 0.0 ], [ 119.7434954470001, -9.722492421999959, 0.0 ], [ 119.743395449000104, -9.722693893999974, 0.0 ], [ 119.743293218000076, -9.722899865999977, 0.0 ], [ 119.74328516300011, -9.722920006999971, 0.0 ], [ 119.743206992000069, -9.723115459999974, 0.0 ], [ 119.743156283000076, -9.723242248999952, 0.0 ], [ 119.743085380000025, -9.723418569999978, 0.0 ], [ 119.742936189000034, -9.72378957799998, 0.0 ], [ 119.742861524000091, -9.723873301999959, 0.0 ], [ 119.742590084000085, -9.724177675999954, 0.0 ], [ 119.742523461000019, -9.724231782999937, 0.0 ], [ 119.742337397000028, -9.724382890999948, 0.0 ], [ 119.742125644000112, -9.724554860999945, 0.0 ], [ 119.742011922000074, -9.724696139999935, 0.0 ], [ 119.741930979000017, -9.724796697999977, 0.0 ], [ 119.741876560000037, -9.724861840999949, 0.0 ], [ 119.741749887000083, -9.725013479999973, 0.0 ], [ 119.741418787000043, -9.725270775999945, 0.0 ], [ 119.741403969000089, -9.725277954999967, 0.0 ], [ 119.741193234000093, -9.725380050999945, 0.0 ], [ 119.740969764000056, -9.725488316999929, 0.0 ], [ 119.740939214000036, -9.725494380999976, 0.0 ], [ 119.740782581000076, -9.72552546999998, 0.0 ], [ 119.740607236000073, -9.725573676999943, 0.0 ], [ 119.740495052000028, -9.725604518999944, 0.0 ], [ 119.740407264000055, -9.725637721999931, 0.0 ], [ 119.74034864500004, -9.725659891999953, 0.0 ], [ 119.73884372200007, -9.725997111999959, 0.0 ], [ 119.739051280000012, -9.72611858099998, 0.0 ], [ 119.739200074000109, -9.726205659999948, 0.0 ], [ 119.739413459000048, -9.726330538999946, 0.0 ], [ 119.739509065000107, -9.726386490999971, 0.0 ], [ 119.739509099000088, -9.726386509999941, 0.0 ], [ 119.739375988, -9.726433588999953, 0.0 ], [ 119.73922067, -9.726550839999959, 0.0 ], [ 119.739066475000072, -9.726788591999934, 0.0 ], [ 119.73896698100009, -9.726901169999962, 0.0 ], [ 119.738608211000042, -9.72711185199995, 0.0 ], [ 119.738407886000118, -9.727153461999933, 0.0 ], [ 119.738226141000041, -9.726913013999933, 0.0 ], [ 119.737954919000117, -9.726580456999955, 0.0 ], [ 119.737707201000035, -9.72576965099995, 0.0 ], [ 119.737577086000101, -9.725485178999975, 0.0 ], [ 119.737502110000037, -9.725398224999935, 0.0 ], [ 119.737362735000033, -9.72523664199997, 0.0 ], [ 119.737173319000021, -9.725121092999927, 0.0 ], [ 119.736978465000107, -9.725060721999967, 0.0 ], [ 119.736747490000084, -9.725023396999973, 0.0 ], [ 119.736613733000013, -9.724929842999927, 0.0 ], [ 119.736113084000067, -9.724358646999974, 0.0 ], [ 119.735945548000018, -9.724086924999938, 0.0 ], [ 119.735679989000118, -9.723551243999964, 0.0 ], [ 119.735520143000031, -9.723133651999945, 0.0 ], [ 119.73531786, -9.722733052999956, 0.0 ], [ 119.735250331000088, -9.72250764599994, 0.0 ], [ 119.735212586000102, -9.722327924999945, 0.0 ], [ 119.735077168000089, -9.721920835999981, 0.0 ], [ 119.734716682000112, -9.721247147999975, 0.0 ], [ 119.734576982000021, -9.72103677299998, 0.0 ], [ 119.734436203000087, -9.720705711999926, 0.0 ], [ 119.734242390000077, -9.72018084299998, 0.0 ], [ 119.734066622000114, -9.719957475999934, 0.0 ], [ 119.733691335000117, -9.719835862999957, 0.0 ], [ 119.733385171, -9.719620622999969, 0.0 ], [ 119.733188613000038, -9.719468309999968, 0.0 ], [ 119.732909980000045, -9.71922552999996, 0.0 ], [ 119.73272454500011, -9.718373988999929, 0.0 ], [ 119.732633239000052, -9.718096245999959, 0.0 ], [ 119.732524804000036, -9.717882585999973, 0.0 ], [ 119.732313960000056, -9.717732961999957, 0.0 ], [ 119.731893401000093, -9.717509390999965, 0.0 ], [ 119.731428390000019, -9.717237085999955, 0.0 ], [ 119.730755216000034, -9.716881428999955, 0.0 ], [ 119.730350055000031, -9.716620279999972, 0.0 ], [ 119.729899310000064, -9.71640580899998, 0.0 ], [ 119.729631806000043, -9.716274871999929, 0.0 ], [ 119.729504020000036, -9.716228705999981, 0.0 ], [ 119.728975516000105, -9.715897259999963, 0.0 ], [ 119.728042170000094, -9.715520119999951, 0.0 ], [ 119.727838254000062, -9.715490430999978, 0.0 ], [ 119.727612204000025, -9.714162739999949, 0.0 ], [ 119.727227492000111, -9.71332158499996, 0.0 ], [ 119.72710048600004, -9.71285092599993, 0.0 ], [ 119.726977488000102, -9.71214105599995, 0.0 ], [ 119.727051079000034, -9.711486591999972, 0.0 ], [ 119.727168703000075, -9.711048508999966, 0.0 ], [ 119.727315341, -9.710426591999976, 0.0 ], [ 119.727347334000115, -9.710290960999941, 0.0 ], [ 119.72743661800007, -9.709594897999978, 0.0 ], [ 119.727466076000042, -9.709429474999979, 0.0 ], [ 119.726928237000038, -9.709542649999946, 0.0 ], [ 119.726529768000091, -9.709553053999969, 0.0 ], [ 119.726111932000094, -9.709550899999954, 0.0 ], [ 119.725481871000056, -9.709544521999931, 0.0 ], [ 119.724810811000111, -9.709570314999951, 0.0 ], [ 119.724453799000116, -9.709565716999975, 0.0 ], [ 119.724159401000065, -9.709561889999975, 0.0 ], [ 119.723987431000069, -9.709559645999946, 0.0 ], [ 119.723347833000048, -9.709559775999935, 0.0 ], [ 119.722634017000019, -9.709535079999966, 0.0 ], [ 119.721990014000085, -9.709464957999955, 0.0 ], [ 119.721439121000117, -9.709404965999965, 0.0 ], [ 119.721321175000071, -9.709392118999972, 0.0 ], [ 119.720192579000013, -9.709352520999971, 0.0 ], [ 119.719950533000087, -9.709336286999928, 0.0 ], [ 119.719450023000036, -9.709302782999941, 0.0 ], [ 119.7189928680001, -9.70927216299998, 0.0 ], [ 119.718772607, -9.709274400999959, 0.0 ], [ 119.71852620300001, -9.709276873999954, 0.0 ], [ 119.717980518000104, -9.709282397999971, 0.0 ], [ 119.716765527, -9.709278745999939, 0.0 ], [ 119.716623665000043, -9.709274465999954, 0.0 ], [ 119.715960084000017, -9.709241227999939, 0.0 ], [ 119.715752587000111, -9.709231550999959, 0.0 ], [ 119.715410623000025, -9.709207811999931, 0.0 ], [ 119.71435018000011, -9.709134116999962, 0.0 ], [ 119.713291541000103, -9.709020430999942, 0.0 ], [ 119.712225993000061, -9.708858992999978, 0.0 ], [ 119.711398036000105, -9.708766156999957, 0.0 ], [ 119.711286371000028, -9.708753643999955, 0.0 ], [ 119.710228029000064, -9.708665461999942, 0.0 ], [ 119.709244337000086, -9.708653081999955, 0.0 ], [ 119.708934833000058, -9.708640570999933, 0.0 ], [ 119.708657351000056, -9.708629365999968, 0.0 ], [ 119.708299020000027, -9.708630170999982, 0.0 ], [ 119.707980651000071, -9.708602028999962, 0.0 ], [ 119.70685745000003, -9.708538803999943, 0.0 ], [ 119.706708532000107, -9.708532834999971, 0.0 ], [ 119.706223819000115, -9.708535620999953, 0.0 ], [ 119.705758526000068, -9.708493646999955, 0.0 ], [ 119.704960306000089, -9.708386892999954, 0.0 ], [ 119.704365909000103, -9.708308307999971, 0.0 ], [ 119.704133959000046, -9.708277618999944, 0.0 ], [ 119.703795180000043, -9.70823280299993, 0.0 ], [ 119.703423834000091, -9.708216074999939, 0.0 ], [ 119.702794714000106, -9.708150398999976, 0.0 ], [ 119.702393866000079, -9.708136052999976, 0.0 ], [ 119.702178739000033, -9.708128361999968, 0.0 ], [ 119.701125950000119, -9.708090648999928, 0.0 ], [ 119.700786961000063, -9.708094070999948, 0.0 ], [ 119.700293548000104, -9.708099020999953, 0.0 ], [ 119.699062330000061, -9.708082680999951, 0.0 ], [ 119.697905582000089, -9.708119805999956, 0.0 ], [ 119.697585480000043, -9.708104411999955, 0.0 ], [ 119.6970819390001, -9.70808016899997, 0.0 ], [ 119.69659032800007, -9.708056492999958, 0.0 ], [ 119.695367902000044, -9.707953961999976, 0.0 ], [ 119.694354518000068, -9.70786845899994, 0.0 ], [ 119.694131451000089, -9.707793976999938, 0.0 ], [ 119.693826032000061, -9.707692012999928, 0.0 ], [ 119.69361273800007, -9.70762080399993, 0.0 ], [ 119.693147371, -9.707373549999943, 0.0 ], [ 119.692294030000085, -9.706933466999942, 0.0 ], [ 119.692110152000055, -9.70683861699996, 0.0 ], [ 119.691033558000072, -9.70622439999994, 0.0 ], [ 119.690971035000075, -9.706185224999956, 0.0 ], [ 119.689836684000056, -9.705474207999941, 0.0 ], [ 119.688790121000011, -9.704968102999942, 0.0 ], [ 119.688442217000102, -9.704783084999974, 0.0 ], [ 119.687736559000086, -9.704407836999962, 0.0 ], [ 119.686841049, -9.703896993999933, 0.0 ], [ 119.685955174000014, -9.703382895999937, 0.0 ], [ 119.685082204000082, -9.70288136399995, 0.0 ], [ 119.684166798000092, -9.702310116999968, 0.0 ], [ 119.683261306000077, -9.701767490999941, 0.0 ], [ 119.682410865000065, -9.701265755999941, 0.0 ], [ 119.681518393000033, -9.700738927999964, 0.0 ], [ 119.680693520000091, -9.700220996999974, 0.0 ], [ 119.679936903000112, -9.69977569699995, 0.0 ], [ 119.679210088000104, -9.69941941999997, 0.0 ], [ 119.678346022000028, -9.698932299999967, 0.0 ], [ 119.677926875000026, -9.69873079599995, 0.0 ], [ 119.677416704000052, -9.698480641999936, 0.0 ], [ 119.676806433000024, -9.698202898999966, 0.0 ], [ 119.676063550000094, -9.697849960999974, 0.0 ], [ 119.675083297000015, -9.697537645999944, 0.0 ], [ 119.674422058000118, -9.697308247999956, 0.0 ], [ 119.673783152000055, -9.697233679999954, 0.0 ], [ 119.672230762000027, -9.69749477199997, 0.0 ], [ 119.672052982000082, -9.697374067999931, 0.0 ], [ 119.671687869000039, -9.697359154999958, 0.0 ], [ 119.67113912100001, -9.697759476999977, 0.0 ], [ 119.671097220000092, -9.697799371999963, 0.0 ], [ 119.670985735000045, -9.697857792999969, 0.0 ], [ 119.670573865000051, -9.698093302999951, 0.0 ], [ 119.669956015000025, -9.698269177999975, 0.0 ], [ 119.669312024000078, -9.698372240999959, 0.0 ], [ 119.668250054000055, -9.698421214999939, 0.0 ], [ 119.668204239000033, -9.698359743999958, 0.0 ], [ 119.667986739000071, -9.698228183999959, 0.0 ], [ 119.667727573000093, -9.698149993999948, 0.0 ], [ 119.666562102000057, -9.698172040999964, 0.0 ], [ 119.665988375000097, -9.698104671999943, 0.0 ], [ 119.664642892000074, -9.697867154999926, 0.0 ], [ 119.664318174000073, -9.697712430999957, 0.0 ], [ 119.663739769000017, -9.697332087999939, 0.0 ], [ 119.663266729000043, -9.696952521999947, 0.0 ], [ 119.662871040000027, -9.696574337999948, 0.0 ], [ 119.662626048000106, -9.696247716999949, 0.0 ], [ 119.66217086100005, -9.69553218599998, 0.0 ], [ 119.662106552000068, -9.695369997999933, 0.0 ], [ 119.66181296000002, -9.694343232999927, 0.0 ], [ 119.661561051000035, -9.692857572999969, 0.0 ], [ 119.661381772000027, -9.692247491999979, 0.0 ], [ 119.661094455000011, -9.691549177999946, 0.0 ], [ 119.660989995000023, -9.691265353999938, 0.0 ], [ 119.660815621000097, -9.690791022999974, 0.0 ], [ 119.660545357000046, -9.690357710999933, 0.0 ], [ 119.660226082, -9.690095145999976, 0.0 ], [ 119.659585867000033, -9.689679052999963, 0.0 ], [ 119.659179151000103, -9.689474925999946, 0.0 ], [ 119.65813567400005, -9.68909933499998, 0.0 ], [ 119.657887925000068, -9.688958714999956, 0.0 ], [ 119.657547421000118, -9.688676717999954, 0.0 ], [ 119.657585706000077, -9.688484746999961, 0.0 ], [ 119.657660011000075, -9.688179021999929, 0.0 ], [ 119.657638491000057, -9.688154219999944, 0.0 ], [ 119.657573363000097, -9.688079235999965, 0.0 ], [ 119.65731099300001, -9.687908420999975, 0.0 ], [ 119.657181945000048, -9.687914998999929, 0.0 ], [ 119.656989749000104, -9.68795431999996, 0.0 ], [ 119.656853453000053, -9.687982186999932, 0.0 ], [ 119.656444398000076, -9.688050807999957, 0.0 ], [ 119.656024944000023, -9.68805623999998, 0.0 ], [ 119.655902040000115, -9.688023948999955, 0.0 ], [ 119.655876304000117, -9.688023045999955, 0.0 ], [ 119.65579781800011, -9.68768834399998, 0.0 ], [ 119.65566732100001, -9.687419420999959, 0.0 ], [ 119.655277049, -9.686941338999929, 0.0 ], [ 119.654953927000065, -9.686718485999961, 0.0 ], [ 119.65439432300002, -9.686570747999951, 0.0 ], [ 119.653850867000074, -9.686538419999977, 0.0 ], [ 119.65356616400004, -9.686530073999961, 0.0 ], [ 119.65332258300009, -9.686486025999955, 0.0 ], [ 119.653033224000069, -9.686326503999965, 0.0 ], [ 119.652770977000046, -9.686098173999937, 0.0 ], [ 119.652675463000037, -9.685990014999959, 0.0 ], [ 119.652434147, -9.685777783999981, 0.0 ], [ 119.652270898000097, -9.685638703999928, 0.0 ], [ 119.652140332000045, -9.685450249999974, 0.0 ], [ 119.652169151000066, -9.684705368999971, 0.0 ], [ 119.652276285000084, -9.684165309999969, 0.0 ], [ 119.652440883000054, -9.68350957499996, 0.0 ], [ 119.65248400400003, -9.683364765999954, 0.0 ], [ 119.652541555000084, -9.683279415999948, 0.0 ], [ 119.65260609500001, -9.682125308999957, 0.0 ], [ 119.652609020000114, -9.682072805999951, 0.0 ], [ 119.652582516000052, -9.68176251999995, 0.0 ], [ 119.652384901000119, -9.681112741999925, 0.0 ], [ 119.652290239000081, -9.680260209999972, 0.0 ], [ 119.652145117000032, -9.679757398999982, 0.0 ], [ 119.652017345000104, -9.679471081999964, 0.0 ], [ 119.651980520000052, -9.679348373999971, 0.0 ], [ 119.651932180000017, -9.678777854999964, 0.0 ], [ 119.651923237, -9.678503844999966, 0.0 ], [ 119.652043581000044, -9.678086933999964, 0.0 ], [ 119.652305143000035, -9.67721411399998, 0.0 ], [ 119.652209559000084, -9.676485429999957, 0.0 ], [ 119.652081962000011, -9.676294269999971, 0.0 ], [ 119.652024453000081, -9.67623369699993, 0.0 ], [ 119.651790576000053, -9.675987419999956, 0.0 ], [ 119.65162680200001, -9.675871646999951, 0.0 ], [ 119.651009582000029, -9.675813240999958, 0.0 ], [ 119.650523249000116, -9.675823746999981, 0.0 ], [ 119.649939646, -9.675744560999931, 0.0 ], [ 119.649731192000104, -9.675658569999939, 0.0 ], [ 119.649522738000087, -9.675572578999947, 0.0 ], [ 119.648029992000033, -9.675833711999928, 0.0 ], [ 119.647980733000054, -9.675820835999957, 0.0 ], [ 119.647137334000035, -9.675600147999944, 0.0 ], [ 119.647090578000075, -9.675577257999976, 0.0 ], [ 119.646313739000107, -9.675196897999967, 0.0 ], [ 119.645661628000084, -9.674784259999967, 0.0 ], [ 119.645514801000104, -9.674691337999946, 0.0 ], [ 119.645089944, -9.674378107999928, 0.0 ], [ 119.64485752600001, -9.674206712999933, 0.0 ], [ 119.644160913000064, -9.673619414999962, 0.0 ], [ 119.644102269000086, -9.673569991999955, 0.0 ], [ 119.642728551000118, -9.672996252999951, 0.0 ], [ 119.642473472, -9.67279859599995, 0.0 ], [ 119.642125408000084, -9.67264124299993, 0.0 ], [ 119.641881990000115, -9.672605665999981, 0.0 ], [ 119.641819219000013, -9.672596456999941, 0.0 ], [ 119.641394046000073, -9.672606504999976, 0.0 ], [ 119.641326012000036, -9.672630481999931, 0.0 ], [ 119.640990428, -9.672735116999945, 0.0 ], [ 119.640654977000054, -9.672871847999943, 0.0 ], [ 119.640551293000044, -9.672914107999929, 0.0 ], [ 119.639504627000065, -9.67303921599995, 0.0 ], [ 119.639452924000011, -9.673045394999974, 0.0 ], [ 119.639189752000107, -9.673045693999939, 0.0 ], [ 119.639162607000117, -9.672835643999974, 0.0 ], [ 119.63902698600009, -9.672535471999936, 0.0 ], [ 119.63885859700008, -9.672290330999942, 0.0 ], [ 119.638561112000048, -9.672028879999971, 0.0 ], [ 119.63725614000009, -9.671472302999973, 0.0 ], [ 119.637068857000031, -9.671371052999973, 0.0 ], [ 119.636901350000016, -9.67116492599996, 0.0 ], [ 119.636752299000023, -9.670814061999977, 0.0 ], [ 119.636690695000084, -9.67066903999995, 0.0 ], [ 119.636565360000077, -9.670373984999969, 0.0 ], [ 119.636421793000068, -9.669618595999964, 0.0 ], [ 119.636276, -9.668851363999977, 0.0 ], [ 119.636190593000038, -9.66822045899994, 0.0 ], [ 119.636189436000109, -9.667940994999981, 0.0 ], [ 119.636188949000029, -9.667828781999958, 0.0 ], [ 119.636194938000017, -9.667356996999956, 0.0 ], [ 119.636189704000117, -9.667297627999972, 0.0 ], [ 119.636163798000098, -9.667004874999975, 0.0 ], [ 119.635995858000115, -9.666582908999942, 0.0 ], [ 119.635879782000075, -9.666397550999932, 0.0 ], [ 119.635449608000044, -9.666050849999976, 0.0 ], [ 119.635201328000107, -9.665840113999934, 0.0 ], [ 119.634891140000036, -9.66515568899996, 0.0 ], [ 119.634639601000117, -9.66490540999996, 0.0 ], [ 119.63443506100009, -9.664987610999958, 0.0 ], [ 119.634082640000088, -9.665533034999953, 0.0 ], [ 119.633940731000052, -9.665755740999941, 0.0 ], [ 119.63389827900005, -9.665764673999945, 0.0 ], [ 119.634123706000082, -9.664545769999961, 0.0 ], [ 119.634242629000028, -9.664216838999948, 0.0 ], [ 119.634547241000064, -9.663623866999956, 0.0 ], [ 119.634498099000098, -9.663586296999938, 0.0 ], [ 119.634312289000036, -9.663486563999982, 0.0 ], [ 119.634285778000049, -9.663478444999953, 0.0 ], [ 119.634161301000063, -9.663292833999947, 0.0 ], [ 119.63410873700002, -9.663154875999965, 0.0 ], [ 119.634040773000038, -9.66289898499997, 0.0 ], [ 119.633886991000054, -9.662472829999956, 0.0 ], [ 119.633876778000058, -9.662442803999966, 0.0 ], [ 119.633780830000092, -9.661642767999979, 0.0 ], [ 119.633785771000021, -9.660950302999936, 0.0 ], [ 119.633785053000111, -9.660659090999957, 0.0 ], [ 119.633752122000033, -9.660285143999943, 0.0 ], [ 119.633726050000064, -9.660083616999941, 0.0 ], [ 119.633599779000065, -9.659700340999962, 0.0 ], [ 119.633493608000094, -9.659330724999961, 0.0 ], [ 119.633418665000022, -9.659080895999978, 0.0 ], [ 119.633385802000021, -9.658718460999978, 0.0 ], [ 119.633368044, -9.658522359999949, 0.0 ], [ 119.633381520000057, -9.658167120999963, 0.0 ], [ 119.633382430000097, -9.658114987999966, 0.0 ], [ 119.632965115000047, -9.657983176999949, 0.0 ], [ 119.632736525000041, -9.65788637199995, 0.0 ], [ 119.632587349000119, -9.657756664999965, 0.0 ], [ 119.632422365000025, -9.657430158999944, 0.0 ], [ 119.632074066000087, -9.656322134999925, 0.0 ], [ 119.631953253, -9.655843773999948, 0.0 ], [ 119.631877286000076, -9.655448748999959, 0.0 ], [ 119.631802519000075, -9.65526566799997, 0.0 ], [ 119.631739824000078, -9.655091013999936, 0.0 ], [ 119.631599314000027, -9.654962893999937, 0.0 ], [ 119.631392283000082, -9.654836752999927, 0.0 ], [ 119.631117939000092, -9.654559440999947, 0.0 ], [ 119.630952749000016, -9.654182224999943, 0.0 ], [ 119.630707433000111, -9.653535030999933, 0.0 ], [ 119.630661422000117, -9.653377313999954, 0.0 ], [ 119.630663316000096, -9.653014670999937, 0.0 ], [ 119.63069985900006, -9.652908645999958, 0.0 ], [ 119.630749784000045, -9.652817690999939, 0.0 ], [ 119.630723655000111, -9.65276761399997, 0.0 ], [ 119.630516887000113, -9.652758907999953, 0.0 ], [ 119.63030173300001, -9.652610652999954, 0.0 ], [ 119.62999198600005, -9.652242625999975, 0.0 ], [ 119.629863140000111, -9.652023545999953, 0.0 ], [ 119.629810657, -9.651810252999951, 0.0 ], [ 119.629789956000081, -9.651551283999936, 0.0 ], [ 119.629823607000048, -9.651413394999963, 0.0 ], [ 119.630003121000072, -9.651125738999951, 0.0 ], [ 119.630096339000033, -9.650900313999955, 0.0 ], [ 119.630103281000061, -9.650807161999978, 0.0 ], [ 119.629678672000068, -9.650775863999968, 0.0 ], [ 119.629365266000036, -9.650775219999957, 0.0 ], [ 119.629069769000012, -9.650718065999968, 0.0 ], [ 119.628941234000081, -9.65064947299993, 0.0 ], [ 119.628851594000025, -9.650493911999945, 0.0 ], [ 119.62883849900004, -9.650367285999948, 0.0 ], [ 119.628991905000021, -9.650107488999936, 0.0 ], [ 119.629096015000073, -9.649882618999982, 0.0 ], [ 119.629104467000047, -9.649771612999928, 0.0 ], [ 119.629043140000022, -9.649689997999928, 0.0 ], [ 119.628783276000036, -9.649690063999969, 0.0 ], [ 119.628622244000098, -9.649683765999953, 0.0 ], [ 119.628426984000043, -9.64962344199995, 0.0 ], [ 119.627532110000061, -9.649465537999959, 0.0 ], [ 119.627229700000044, -9.649412206999955, 0.0 ], [ 119.626644690000035, -9.649192375999974, 0.0 ], [ 119.626285700000039, -9.649018251999962, 0.0 ], [ 119.625997065000092, -9.648798626999962, 0.0 ], [ 119.625806247000014, -9.648592442999927, 0.0 ], [ 119.625779588000114, -9.648563637999928, 0.0 ], [ 119.625296484000046, -9.647483661999956, 0.0 ], [ 119.624999095000021, -9.646821630999966, 0.0 ], [ 119.624929272000031, -9.646635117999949, 0.0 ], [ 119.624878351, -9.646305925999968, 0.0 ], [ 119.624997535000034, -9.645834867999952, 0.0 ], [ 119.625007480000022, -9.645801357999972, 0.0 ], [ 119.625004378000085, -9.64570862599993, 0.0 ], [ 119.62494670600006, -9.645631156999968, 0.0 ], [ 119.624464206000084, -9.645517283999936, 0.0 ], [ 119.624110572000063, -9.645417798999972, 0.0 ], [ 119.623911753000016, -9.645305865999944, 0.0 ], [ 119.623719864, -9.645100614999933, 0.0 ], [ 119.623661094000113, -9.644992643999956, 0.0 ], [ 119.623626367000043, -9.644962159999977, 0.0 ], [ 119.623174773000073, -9.644565679999971, 0.0 ], [ 119.622905298000092, -9.643987257999981, 0.0 ], [ 119.622513612000034, -9.643110115999946, 0.0 ], [ 119.622437012000091, -9.642883932999951, 0.0 ], [ 119.62237145600011, -9.64269295899993, 0.0 ], [ 119.622134023000058, -9.642176710999934, 0.0 ], [ 119.621814456000038, -9.641623683999967, 0.0 ], [ 119.621572084000036, -9.640551641999934, 0.0 ], [ 119.621546925000075, -9.640403376999927, 0.0 ], [ 119.621506050000107, -9.640202491999958, 0.0 ], [ 119.62124677700001, -9.639349210999967, 0.0 ], [ 119.621129480000036, -9.638900582999952, 0.0 ], [ 119.62099959000011, -9.63844583599996, 0.0 ], [ 119.620875620000106, -9.637947312999927, 0.0 ], [ 119.620752612000047, -9.637561213999959, 0.0 ], [ 119.620622615000116, -9.637093959999959, 0.0 ], [ 119.620461306000038, -9.636645704999978, 0.0 ], [ 119.620383955000079, -9.63644030599994, 0.0 ], [ 119.620349440000041, -9.636294089999978, 0.0 ], [ 119.620266239000102, -9.635941742999933, 0.0 ], [ 119.620129147000057, -9.63538086799997, 0.0 ], [ 119.620004838000114, -9.634844869999938, 0.0 ], [ 119.619868306000058, -9.63435267899996, 0.0 ], [ 119.619776271000092, -9.633910133999962, 0.0 ], [ 119.619690486000081, -9.633461205999936, 0.0 ], [ 119.619623364000063, -9.632987147999927, 0.0 ], [ 119.619537071000082, -9.632482115999949, 0.0 ], [ 119.61949977900008, -9.632302723999942, 0.0 ], [ 119.619445051000071, -9.632039492999979, 0.0 ], [ 119.619358143000113, -9.631465711999965, 0.0 ], [ 119.619315738000068, -9.630935275999946, 0.0 ], [ 119.6192216930001, -9.630416676999971, 0.0 ], [ 119.618996336, -9.629695266999931, 0.0 ], [ 119.618791281000085, -9.628566710999962, 0.0 ], [ 119.618475944000011, -9.626934597999934, 0.0 ], [ 119.61826368100003, -9.625835962999929, 0.0 ], [ 119.61811754900009, -9.625000368999963, 0.0 ], [ 119.617989667000074, -9.624704150999946, 0.0 ], [ 119.617920459000061, -9.624543839999944, 0.0 ], [ 119.61769958900004, -9.623879803999955, 0.0 ], [ 119.617447988000094, -9.622786021999957, 0.0 ], [ 119.617434952000053, -9.62266165799997, 0.0 ], [ 119.617331420000028, -9.621628121999947, 0.0 ], [ 119.617180092000012, -9.62155787599994, 0.0 ], [ 119.616884325000115, -9.621520033999957, 0.0 ], [ 119.616795295000088, -9.621383611999931, 0.0 ], [ 119.616750608000075, -9.621245159999944, 0.0 ], [ 119.616537342000015, -9.621146960999965, 0.0 ], [ 119.616306070000064, -9.621128843999941, 0.0 ], [ 119.616075204000026, -9.621068909999963, 0.0 ], [ 119.615680404000045, -9.620927657999971, 0.0 ], [ 119.61550623100004, -9.62093035099997, 0.0 ], [ 119.615360795000015, -9.620890753999959, 0.0 ], [ 119.615210452000042, -9.620770831999948, 0.0 ], [ 119.615085402000091, -9.620669446999955, 0.0 ], [ 119.614337754000076, -9.620460565999963, 0.0 ], [ 119.614194877000045, -9.620401146999939, 0.0 ], [ 119.613950216000035, -9.62029937899996, 0.0 ], [ 119.613806561000047, -9.620121814999948, 0.0 ], [ 119.613705198000048, -9.620015141999943, 0.0 ], [ 119.6134762370001, -9.619853143999933, 0.0 ], [ 119.613355671000022, -9.619807331999937, 0.0 ], [ 119.61327226700007, -9.61983392999997, 0.0 ], [ 119.61305139000001, -9.619958410999971, 0.0 ] ] ] ] } },
{ "type": "Feature", "properties": { "nm_kecamatan": "Mamboro" }, "geometry": { "type": "MultiPolygon", "coordinates": [ [ [ [ 119.524741075000065, -9.51358384699995, 0.0 ], [ 119.524687881000091, -9.513681445999964, 0.0 ], [ 119.524311225000019, -9.513968362999947, 0.0 ], [ 119.523955129000115, -9.514376302999949, 0.0 ], [ 119.523790465000047, -9.514706442999966, 0.0 ], [ 119.52377354500004, -9.514741079999965, 0.0 ], [ 119.52369554500001, -9.514961958999947, 0.0 ], [ 119.523667127000067, -9.51504045799993, 0.0 ], [ 119.523650266000118, -9.515188955999974, 0.0 ], [ 119.523705514000085, -9.515307333999942, 0.0 ], [ 119.523757091000107, -9.51536779199995, 0.0 ], [ 119.523787875000039, -9.515924564999978, 0.0 ], [ 119.523768233000055, -9.516323162999981, 0.0 ], [ 119.523661091, -9.516659862999973, 0.0 ], [ 119.523570982000024, -9.517100251999977, 0.0 ], [ 119.523502922000034, -9.517231411999944, 0.0 ], [ 119.523304280000048, -9.517440375999968, 0.0 ], [ 119.523149283000066, -9.517632124999977, 0.0 ], [ 119.52298806500005, -9.518032736999942, 0.0 ], [ 119.522948982000116, -9.518216067999958, 0.0 ], [ 119.523000108000019, -9.518467486999953, 0.0 ], [ 119.523001433000104, -9.518505860999937, 0.0 ], [ 119.523061217000077, -9.518758549999973, 0.0 ], [ 119.523222026000099, -9.519161235999945, 0.0 ], [ 119.523268955000049, -9.519273738999971, 0.0 ], [ 119.523503667000114, -9.519873096999959, 0.0 ], [ 119.523559377000083, -9.520417908999946, 0.0 ], [ 119.523556996000025, -9.520585934999929, 0.0 ], [ 119.523389580000071, -9.520895677999931, 0.0 ], [ 119.523322123000071, -9.521011301999977, 0.0 ], [ 119.523340534000113, -9.521134785999948, 0.0 ], [ 119.523367251000082, -9.521184507999976, 0.0 ], [ 119.523125957000047, -9.521395772999938, 0.0 ], [ 119.522621518000051, -9.522066302999974, 0.0 ], [ 119.522476071000028, -9.522464328999945, 0.0 ], [ 119.522253797000076, -9.522977949999927, 0.0 ], [ 119.522246707000022, -9.524039725999955, 0.0 ], [ 119.521427112000083, -9.526524520999942, 0.0 ], [ 119.520931802000064, -9.527455461999978, 0.0 ], [ 119.520344267000041, -9.527934867999932, 0.0 ], [ 119.52036432500006, -9.527414525999973, 0.0 ], [ 119.52030728200009, -9.526936346999946, 0.0 ], [ 119.520136153000067, -9.526486295999973, 0.0 ], [ 119.519793894000031, -9.526008115999957, 0.0 ], [ 119.519451635000109, -9.525754960999961, 0.0 ], [ 119.519166419000044, -9.525248651999959, 0.0 ], [ 119.518738596000048, -9.524911110999938, 0.0 ], [ 119.518481902000076, -9.524123515999975, 0.0 ], [ 119.518310772000063, -9.523364047999962, 0.0 ], [ 119.518082600000071, -9.522998376999965, 0.0 ], [ 119.517711819000056, -9.522492063999948, 0.0 ], [ 119.517198431000111, -9.521816977999947, 0.0 ], [ 119.516770608000115, -9.52119814699995, 0.0 ], [ 119.51645687000007, -9.520691830999965, 0.0 ], [ 119.515886439000042, -9.520494929999927, 0.0 ], [ 119.51560122300009, -9.520551186999967, 0.0 ], [ 119.515087835000031, -9.520832474999963, 0.0 ], [ 119.514488882000023, -9.521057503999941, 0.0 ], [ 119.514203667000061, -9.521366918999945, 0.0 ], [ 119.513690278000013, -9.521845105999944, 0.0 ], [ 119.513148369000078, -9.522098263999965, 0.0 ], [ 119.51252089400009, -9.522013877999939, 0.0 ], [ 119.512150114000065, -9.521760719999975, 0.0 ], [ 119.511807855000029, -9.521395047999931, 0.0 ], [ 119.511551161000057, -9.521254404999979, 0.0 ], [ 119.511265945000105, -9.521310661999962, 0.0 ], [ 119.511009251000019, -9.521591948999969, 0.0 ], [ 119.510866643000099, -9.52192949199997, 0.0 ], [ 119.510609949000013, -9.522154520999948, 0.0 ], [ 119.510467341000094, -9.52274522099998, 0.0 ], [ 119.510210647, -9.523223404999953, 0.0 ], [ 119.509640216000093, -9.523110890999931, 0.0 ], [ 119.509269436000068, -9.522829605999959, 0.0 ], [ 119.508784569000113, -9.52268896399994, 0.0 ], [ 119.508470832000057, -9.522913991999928, 0.0 ], [ 119.508128573000022, -9.523448432999942, 0.0 ], [ 119.508100051000042, -9.523982873999955, 0.0 ], [ 119.508043008000072, -9.524770468999975, 0.0 ], [ 119.507985965000103, -9.525276779999956, 0.0 ], [ 119.507643706000067, -9.525670575999982, 0.0 ], [ 119.507444055000065, -9.526036243999954, 0.0 ], [ 119.507101796000029, -9.526401910999937, 0.0 ], [ 119.506417279000061, -9.526767577999976, 0.0 ], [ 119.505732761000104, -9.52659880899995, 0.0 ], [ 119.505304938000108, -9.526486295999973, 0.0 ], [ 119.50482007100004, -9.526542551999967, 0.0 ], [ 119.504506334000098, -9.526626936999946, 0.0 ], [ 119.503679208000108, -9.526823834999959, 0.0 ], [ 119.503108777000079, -9.526767577999976, 0.0 ], [ 119.502595389000021, -9.52651442399997, 0.0 ], [ 119.502367216000039, -9.525951858999974, 0.0 ], [ 119.502053479000097, -9.525670575999982, 0.0 ], [ 119.501682699000071, -9.525586190999945, 0.0 ], [ 119.501340440000035, -9.525951858999974, 0.0 ], [ 119.50088409500006, -9.526176884999927, 0.0 ], [ 119.500570357000015, -9.52637378299994, 0.0 ], [ 119.500171056000113, -9.52628939799996, 0.0 ], [ 119.499857318000068, -9.52628939799996, 0.0 ], [ 119.49922984400007, -9.526092499999947, 0.0 ], [ 119.498944628000118, -9.525726832999965, 0.0 ], [ 119.498573848000092, -9.525361164999936, 0.0 ], [ 119.498146024000107, -9.525276779999956, 0.0 ], [ 119.497803765000072, -9.525276779999956, 0.0 ], [ 119.497432985000046, -9.52533303599995, 0.0 ], [ 119.497176291000073, -9.525192394999976, 0.0 ], [ 119.496891075, -9.525079880999954, 0.0 ], [ 119.496377687000063, -9.52502362499996, 0.0 ], [ 119.496092471000111, -9.52510800999994, 0.0 ], [ 119.495493519000092, -9.525136137999937, 0.0 ], [ 119.495208303000027, -9.524939239999981, 0.0 ], [ 119.494894566000085, -9.524714212999982, 0.0 ], [ 119.494438221000109, -9.524573570999962, 0.0 ], [ 119.493725181000059, -9.52446105699994, 0.0 ], [ 119.493325879000054, -9.524545441999976, 0.0 ], [ 119.492983621, -9.524601698999959, 0.0 ], [ 119.49232762500003, -9.524742340999978, 0.0 ], [ 119.491928323000025, -9.524967367999977, 0.0 ], [ 119.491643107000073, -9.52510800999994, 0.0 ], [ 119.491158240000118, -9.525276779999956, 0.0 ], [ 119.490758938000113, -9.525389292999932, 0.0 ], [ 119.490188507000084, -9.525445549999972, 0.0 ], [ 119.489703640000016, -9.525558062999949, 0.0 ], [ 119.489418425000054, -9.525586190999945, 0.0 ], [ 119.489076166000018, -9.525698704999968, 0.0 ], [ 119.488676864000013, -9.525923730999978, 0.0 ], [ 119.488249040000028, -9.526233141999967, 0.0 ], [ 119.487078147000034, -9.526333008999927, 0.0 ], [ 119.486996959000066, -9.526311456999963, 0.0 ], [ 119.486915632000091, -9.526289866999946, 0.0 ], [ 119.486891957000012, -9.52626980499997, 0.0 ], [ 119.486772427, -9.526232777999951, 0.0 ], [ 119.48669442500011, -9.526214886999981, 0.0 ], [ 119.48661624600004, -9.526196866999953, 0.0 ], [ 119.486431274000097, -9.526071955999953, 0.0 ], [ 119.48637175500005, -9.526125157999957, 0.0 ], [ 119.486317407000115, -9.52610333299998, 0.0 ], [ 119.486188456000036, -9.526077914999973, 0.0 ], [ 119.486132590000011, -9.526075037999931, 0.0 ], [ 119.486022954000077, -9.526031707999948, 0.0 ], [ 119.485967999000081, -9.526009988999931, 0.0 ], [ 119.485961397000096, -9.526009696999949, 0.0 ], [ 119.485981930000094, -9.526105085999973, 0.0 ], [ 119.485937772000057, -9.52623762099995, 0.0 ], [ 119.485926422000034, -9.52624592899997, 0.0 ], [ 119.48585239800002, -9.526300116999948, 0.0 ], [ 119.485669075000033, -9.526367764999975, 0.0 ], [ 119.485661993, -9.526438650999978, 0.0 ], [ 119.485605613000075, -9.526815226999929, 0.0 ], [ 119.48557452700004, -9.526980977999926, 0.0 ], [ 119.485561686000096, -9.527394964999928, 0.0 ], [ 119.484707313000058, -9.527094125999952, 0.0 ], [ 119.484437859000082, -9.526962095999977, 0.0 ], [ 119.48426349600004, -9.526893880999978, 0.0 ], [ 119.484106279000116, -9.526899259999936, 0.0 ], [ 119.483864016000098, -9.527246425999977, 0.0 ], [ 119.483825582, -9.527301504999969, 0.0 ], [ 119.483391045000076, -9.527172356999927, 0.0 ], [ 119.483066408000013, -9.527082329999928, 0.0 ], [ 119.48280077700008, -9.527018175999956, 0.0 ], [ 119.482373938000023, -9.526879507999979, 0.0 ], [ 119.482287762000055, -9.526769722999973, 0.0 ], [ 119.482112480000069, -9.526524144999939, 0.0 ], [ 119.481958484000074, -9.526472437999928, 0.0 ], [ 119.48195604700004, -9.52639350499993, 0.0 ], [ 119.481915143000037, -9.526163161999932, 0.0 ], [ 119.48184591100005, -9.525967714999979, 0.0 ], [ 119.481715128000019, -9.525815390999981, 0.0 ], [ 119.481834059000107, -9.525806867999961, 0.0 ], [ 119.481616738000071, -9.525794232999942, 0.0 ], [ 119.481261918000087, -9.525717818999965, 0.0 ], [ 119.48115951300008, -9.525637269999947, 0.0 ], [ 119.481059548000076, -9.525536313999964, 0.0 ], [ 119.480789453000057, -9.525429455999927, 0.0 ], [ 119.480436548000057, -9.525266672999976, 0.0 ], [ 119.480356296000082, -9.525193813999977, 0.0 ], [ 119.480386650000014, -9.524925733999964, 0.0 ], [ 119.480523816000073, -9.524747960999946, 0.0 ], [ 119.480759581000029, -9.524623593999934, 0.0 ], [ 119.480929971000023, -9.524541802999977, 0.0 ], [ 119.481033506000017, -9.524403452999934, 0.0 ], [ 119.481120221000083, -9.523820396999952, 0.0 ], [ 119.481087304000084, -9.523510457999976, 0.0 ], [ 119.480921441000078, -9.523211467999943, 0.0 ], [ 119.480792304000033, -9.523039065999967, 0.0 ], [ 119.480581409000024, -9.522940160999951, 0.0 ], [ 119.480216220000102, -9.522808475999966, 0.0 ], [ 119.48010449700007, -9.522703050999951, 0.0 ], [ 119.480041989000028, -9.522571478999964, 0.0 ], [ 119.480136770000058, -9.522246285999927, 0.0 ], [ 119.480231102000062, -9.521795504999943, 0.0 ], [ 119.480384381000022, -9.521251345999929, 0.0 ], [ 119.480407494000019, -9.521093933999964, 0.0 ], [ 119.480349218000015, -9.520898287999955, 0.0 ], [ 119.480180667000013, -9.520675475999951, 0.0 ], [ 119.48008341000002, -9.52059933399994, 0.0 ], [ 119.479766551000012, -9.520539945999928, 0.0 ], [ 119.47952323700008, -9.520499706999942, 0.0 ], [ 119.479431133000048, -9.520440239999971, 0.0 ], [ 119.479361678000032, -9.520148242999937, 0.0 ], [ 119.479287747000058, -9.519920806999949, 0.0 ], [ 119.479121487000043, -9.519635394999966, 0.0 ], [ 119.478740440000024, -9.519177241999955, 0.0 ], [ 119.478516144000082, -9.519094569999936, 0.0 ], [ 119.477943088000075, -9.519350240999927, 0.0 ], [ 119.477641078000033, -9.519491270999936, 0.0 ], [ 119.477313717000015, -9.519598286999951, 0.0 ], [ 119.476927078000017, -9.519727893999971, 0.0 ], [ 119.476743406000082, -9.519803752999962, 0.0 ], [ 119.476632063000011, -9.519841627999938, 0.0 ], [ 119.476512189000118, -9.51990366299998, 0.0 ], [ 119.476458531000048, -9.519907705999969, 0.0 ], [ 119.476368953000019, -9.519802610999932, 0.0 ], [ 119.476093106, -9.519776847999935, 0.0 ], [ 119.475454031000027, -9.519734911999933, 0.0 ], [ 119.475017938000065, -9.519706657999961, 0.0 ], [ 119.474209497000061, -9.519856989999937, 0.0 ], [ 119.474145621000048, -9.519868861999953, 0.0 ], [ 119.473258450000117, -9.520348111999965, 0.0 ], [ 119.473046328, -9.520449973999973, 0.0 ], [ 119.473010737000095, -9.520454957999959, 0.0 ], [ 119.472947299000111, -9.520420972999943, 0.0 ], [ 119.472808340000029, -9.520335346999957, 0.0 ], [ 119.472672075000105, -9.520266204999928, 0.0 ], [ 119.472560465000015, -9.520084876999931, 0.0 ], [ 119.47241396600009, -9.519861439999943, 0.0 ], [ 119.472072701000116, -9.519619727999952, 0.0 ], [ 119.471814952000045, -9.519522798999958, 0.0 ], [ 119.47164215500004, -9.519458357999952, 0.0 ], [ 119.471455090000063, -9.519281905999947, 0.0 ], [ 119.471373779000032, -9.519138942999973, 0.0 ], [ 119.471334934000083, -9.51880340699995, 0.0 ], [ 119.471252155000116, -9.518660954999973, 0.0 ], [ 119.471006951000049, -9.518366005999951, 0.0 ], [ 119.470790485000066, -9.518207694999944, 0.0 ], [ 119.47041614300008, -9.518084267999939, 0.0 ], [ 119.470018105, -9.517956235999975, 0.0 ], [ 119.469665403000022, -9.517755251999972, 0.0 ], [ 119.469339823000041, -9.51758769099996, 0.0 ], [ 119.46890015200006, -9.517389454999943, 0.0 ], [ 119.4687449380001, -9.517254502999947, 0.0 ], [ 119.467970387000037, -9.516071863999969, 0.0 ], [ 119.467841047000093, -9.51589200199993, 0.0 ], [ 119.467560828000046, -9.515621686999964, 0.0 ], [ 119.467270596000048, -9.515396954999972, 0.0 ], [ 119.467025076000027, -9.515294535999942, 0.0 ], [ 119.466653889000099, -9.515187640999955, 0.0 ], [ 119.466277170000012, -9.515032405999932, 0.0 ], [ 119.465899986000068, -9.514812875999951, 0.0 ], [ 119.465799734000029, -9.514692597999954, 0.0 ], [ 119.465559856000027, -9.514199664999978, 0.0 ], [ 119.465534902000059, -9.514143099999956, 0.0 ], [ 119.465136218000112, -9.513239238999972, 0.0 ], [ 119.465013857000031, -9.512800657999946, 0.0 ], [ 119.464976918000048, -9.512628984999935, 0.0 ], [ 119.464826436000067, -9.512502968999968, 0.0 ], [ 119.464587118000054, -9.512407703999941, 0.0 ], [ 119.464371522000079, -9.512347532999968, 0.0 ], [ 119.4641278900001, -9.512159189999977, 0.0 ], [ 119.464051563000112, -9.512048597999978, 0.0 ], [ 119.463922143000104, -9.511748237999939, 0.0 ], [ 119.463756810000064, -9.510768704999975, 0.0 ], [ 119.463719204000085, -9.510554581999941, 0.0 ], [ 119.463547593000044, -9.510293095999941, 0.0 ], [ 119.463258575000054, -9.510060571999929, 0.0 ], [ 119.4630827310001, -9.509911833999979, 0.0 ], [ 119.462848826000027, -9.509634234999965, 0.0 ], [ 119.462751687000036, -9.509406203999959, 0.0 ], [ 119.462664326000095, -9.509035628999982, 0.0 ], [ 119.462300002, -9.508492080999929, 0.0 ], [ 119.462121983000088, -9.508282394999981, 0.0 ], [ 119.461847936000026, -9.507982223999932, 0.0 ], [ 119.461367655000117, -9.507602455999972, 0.0 ], [ 119.461034484000038, -9.507297090999941, 0.0 ], [ 119.460593687000028, -9.506789783999977, 0.0 ], [ 119.460452375000045, -9.506658124999944, 0.0 ], [ 119.460421594000081, -9.506622569999934, 0.0 ], [ 119.459656795000114, -9.505856783999945, 0.0 ], [ 119.459474187000069, -9.505616033999956, 0.0 ], [ 119.45934159400008, -9.505306018999931, 0.0 ], [ 119.459274311000058, -9.504596455999945, 0.0 ], [ 119.459277272, -9.504545429999951, 0.0 ], [ 119.459194371000081, -9.504216873999951, 0.0 ], [ 119.459039597000015, -9.503777789999958, 0.0 ], [ 119.458857711000064, -9.503533473999937, 0.0 ], [ 119.458662018000041, -9.503382411999951, 0.0 ], [ 119.458106942000086, -9.503115505999972, 0.0 ], [ 119.458011910000096, -9.503046404999964, 0.0 ], [ 119.45797829300011, -9.503006346999939, 0.0 ], [ 119.457908667000083, -9.502854904999936, 0.0 ], [ 119.458002423000039, -9.502565717999971, 0.0 ], [ 119.458218670000065, -9.502209049999976, 0.0 ], [ 119.458594367000046, -9.501576281999974, 0.0 ], [ 119.458679599000106, -9.501366514999972, 0.0 ], [ 119.458723683000017, -9.501128254999969, 0.0 ], [ 119.45885544600003, -9.500935152999944, 0.0 ], [ 119.458909793000089, -9.500884115999952, 0.0 ], [ 119.459416109000017, -9.500490065999941, 0.0 ], [ 119.460030125000117, -9.50035984699997, 0.0 ], [ 119.460627775000034, -9.500129354999956, 0.0 ], [ 119.460996076000015, -9.500011486999938, 0.0 ], [ 119.461095703000069, -9.500000139999941, 0.0 ], [ 119.462223186000074, -9.499871439999936, 0.0 ], [ 119.462781904000053, -9.499881564999953, 0.0 ], [ 119.463131871000087, -9.499885719999952, 0.0 ], [ 119.463479630000052, -9.499798065999926, 0.0 ], [ 119.464064593000103, -9.49949036199996, 0.0 ], [ 119.464293107000117, -9.499332598999956, 0.0 ], [ 119.464293837000014, -9.499332094999943, 0.0 ], [ 119.46480026800009, -9.498734461999959, 0.0 ], [ 119.464995839000039, -9.498401909999927, 0.0 ], [ 119.465026641, -9.498351502999981, 0.0 ], [ 119.465010857000038, -9.498229940999977, 0.0 ], [ 119.46494287500002, -9.497989160999964, 0.0 ], [ 119.464904546000071, -9.497461143999942, 0.0 ], [ 119.464928998000119, -9.497120406999954, 0.0 ], [ 119.464827421000109, -9.495953094999948, 0.0 ], [ 119.46482930600007, -9.495569066999963, 0.0 ], [ 119.465124610000089, -9.49476126899998, 0.0 ], [ 119.465192684000044, -9.494622924999931, 0.0 ], [ 119.465153204000103, -9.494185174999927, 0.0 ], [ 119.464983906000043, -9.49355428399997, 0.0 ], [ 119.464831216000107, -9.493148564999956, 0.0 ], [ 119.464796561000071, -9.493093400999953, 0.0 ], [ 119.464466154000093, -9.49256745699995, 0.0 ], [ 119.464256764000083, -9.492272974999935, 0.0 ], [ 119.463896576000025, -9.491925735999928, 0.0 ], [ 119.463426154000103, -9.491581115999963, 0.0 ], [ 119.463257481000028, -9.491454830999942, 0.0 ], [ 119.463214731000107, -9.491413225999963, 0.0 ], [ 119.463183559000072, -9.491399971999954, 0.0 ], [ 119.462734484000066, -9.491256602999954, 0.0 ], [ 119.462494561000085, -9.491182968999965, 0.0 ], [ 119.46202224600006, -9.490974970999957, 0.0 ], [ 119.461542189000056, -9.490859313999977, 0.0 ], [ 119.461015060000022, -9.490796172999978, 0.0 ], [ 119.46054012500008, -9.490633, 0.0 ], [ 119.460195590000012, -9.490456391999942, 0.0 ], [ 119.45954352900003, -9.489806422999948, 0.0 ], [ 119.459219984000015, -9.489445031999935, 0.0 ], [ 119.459105842000099, -9.489297489999956, 0.0 ], [ 119.458969264000075, -9.489025063999975, 0.0 ], [ 119.458542233000117, -9.488163085999929, 0.0 ], [ 119.458352597000044, -9.487667583999951, 0.0 ], [ 119.458030546000032, -9.486981253999943, 0.0 ], [ 119.457787889000087, -9.486623677999944, 0.0 ], [ 119.457367751000106, -9.486232658999938, 0.0 ], [ 119.457027906, -9.485924272999966, 0.0 ], [ 119.456641204000107, -9.485513913999966, 0.0 ], [ 119.456203187000028, -9.484895723999955, 0.0 ], [ 119.455936511000118, -9.484492035999949, 0.0 ], [ 119.45568667100008, -9.484128840999972, 0.0 ], [ 119.455655251000053, -9.483421473999954, 0.0 ], [ 119.45565428000009, -9.483176220999951, 0.0 ], [ 119.45563482700004, -9.482647173999965, 0.0 ], [ 119.455607154000063, -9.482337035999933, 0.0 ], [ 119.455571186000043, -9.481906790999972, 0.0 ], [ 119.455570607000027, -9.481669052999962, 0.0 ], [ 119.455594077000114, -9.48142957999994, 0.0 ], [ 119.455640029000051, -9.481227800999932, 0.0 ], [ 119.455652825000016, -9.480926845999932, 0.0 ], [ 119.45568610700002, -9.480649484999958, 0.0 ], [ 119.455694297000036, -9.480324562999954, 0.0 ], [ 119.45570892, -9.480098659999953, 0.0 ], [ 119.455714268000065, -9.479859566999949, 0.0 ], [ 119.455719437000084, -9.478952738999965, 0.0 ], [ 119.455711440000073, -9.478719164999973, 0.0 ], [ 119.455634639000095, -9.478507160999982, 0.0 ], [ 119.45556952700008, -9.478446667999947, 0.0 ], [ 119.45541331000004, -9.478310675999978, 0.0 ], [ 119.455174353000075, -9.478236190999951, 0.0 ], [ 119.454924546000029, -9.478231598999969, 0.0 ], [ 119.454277864, -9.478474910999978, 0.0 ], [ 119.454012045000013, -9.478574923999929, 0.0 ], [ 119.453576368000085, -9.478741061999926, 0.0 ], [ 119.453145984000116, -9.47882517599993, 0.0 ], [ 119.452046764000102, -9.478640975999951, 0.0 ], [ 119.451859573000092, -9.478595048999978, 0.0 ], [ 119.451481624000053, -9.478343940999935, 0.0 ], [ 119.451347326000018, -9.478230464999967, 0.0 ], [ 119.450847345000057, -9.477719581999963, 0.0 ], [ 119.450637184000016, -9.477403300999981, 0.0 ], [ 119.450584556000081, -9.477287610999952, 0.0 ], [ 119.450526342000103, -9.477015249999965, 0.0 ], [ 119.450533514000085, -9.47671003399995, 0.0 ], [ 119.450673590000065, -9.476416986999936, 0.0 ], [ 119.451113704000022, -9.475880286999939, 0.0 ], [ 119.452155245000085, -9.475122073999955, 0.0 ], [ 119.453373752000061, -9.474244061999968, 0.0 ], [ 119.453915858000073, -9.474016175999964, 0.0 ], [ 119.454323360000103, -9.474062191999963, 0.0 ], [ 119.455003440000041, -9.474262220999947, 0.0 ], [ 119.455527310000093, -9.474395530999971, 0.0 ], [ 119.455833440000106, -9.474452468999971, 0.0 ], [ 119.456031999000061, -9.47443995499998, 0.0 ], [ 119.456156312000076, -9.47434157899994, 0.0 ], [ 119.456317169000044, -9.474120871999958, 0.0 ], [ 119.456410236000011, -9.473879611999962, 0.0 ], [ 119.456404716000065, -9.473708077999959, 0.0 ], [ 119.456317981000097, -9.473203750999971, 0.0 ], [ 119.456091675000039, -9.472460047999959, 0.0 ], [ 119.455851763000055, -9.47165846799993, 0.0 ], [ 119.455688660000078, -9.471173424999961, 0.0 ], [ 119.455569984000022, -9.470952311999952, 0.0 ], [ 119.455399420000049, -9.470622686999945, 0.0 ], [ 119.455282185000101, -9.470203614999946, 0.0 ], [ 119.455243591000112, -9.469898548999936, 0.0 ], [ 119.455066739000017, -9.46922680199998, 0.0 ], [ 119.454980683000031, -9.469042878999971, 0.0 ], [ 119.454455607000114, -9.46857111099996, 0.0 ], [ 119.454070466000076, -9.468400126999938, 0.0 ], [ 119.453684622000083, -9.468329925999967, 0.0 ], [ 119.453392329000053, -9.468325390999951, 0.0 ], [ 119.453172850000101, -9.468370997999955, 0.0 ], [ 119.452984979, -9.468490062999933, 0.0 ], [ 119.452568210000095, -9.468860160999952, 0.0 ], [ 119.4523189680001, -9.468981219999932, 0.0 ], [ 119.45126128000004, -9.468875966999974, 0.0 ], [ 119.450272121000012, -9.468562533999943, 0.0 ], [ 119.450051950000102, -9.46843765899996, 0.0 ], [ 119.449872282000115, -9.468234269999925, 0.0 ], [ 119.449797656000101, -9.467950070999962, 0.0 ], [ 119.449860275000106, -9.467413578999981, 0.0 ], [ 119.449920277000047, -9.467234394999934, 0.0 ], [ 119.450004124000088, -9.466989738999928, 0.0 ], [ 119.450090921000083, -9.466345579999938, 0.0 ], [ 119.450157857000022, -9.466039831999979, 0.0 ], [ 119.450206065000089, -9.465795863999972, 0.0 ], [ 119.450250281000081, -9.46546832599995, 0.0 ], [ 119.450338127, -9.465069036999978, 0.0 ], [ 119.450307310000085, -9.464807159999964, 0.0 ], [ 119.450150124000061, -9.46440046999993, 0.0 ], [ 119.450034918000028, -9.464181124999925, 0.0 ], [ 119.449910419000048, -9.464069973999926, 0.0 ], [ 119.449730109000029, -9.463987239999938, 0.0 ], [ 119.449358783000093, -9.463868197999943, 0.0 ], [ 119.449102389000018, -9.463793206999981, 0.0 ], [ 119.44867234000003, -9.463761175999934, 0.0 ], [ 119.447974185000021, -9.463848811999981, 0.0 ], [ 119.447391592000031, -9.464019582999981, 0.0 ], [ 119.446908812000061, -9.464240317999952, 0.0 ], [ 119.446544104000054, -9.464453955999943, 0.0 ], [ 119.445249112000056, -9.465130484999975, 0.0 ], [ 119.445211015000041, -9.465146688999937, 0.0 ], [ 119.444739185000117, -9.465354083999955, 0.0 ], [ 119.444299700000101, -9.46552420699993, 0.0 ], [ 119.444155530000103, -9.465545407999969, 0.0 ], [ 119.443738997000082, -9.465606690999948, 0.0 ], [ 119.443514374000074, -9.465513630999965, 0.0 ], [ 119.44338653300008, -9.465382348999981, 0.0 ], [ 119.443320949000054, -9.465161972999965, 0.0 ], [ 119.443304293000097, -9.464626331999966, 0.0 ], [ 119.443345346000115, -9.464238377999948, 0.0 ], [ 119.443382046000011, -9.463891629999978, 0.0 ], [ 119.443443637000087, -9.463681723999969, 0.0 ], [ 119.443592155000033, -9.463282249999963, 0.0 ], [ 119.443724139000096, -9.463054341999964, 0.0 ], [ 119.443870249000042, -9.462931816999969, 0.0 ], [ 119.444142813000099, -9.462763064999933, 0.0 ], [ 119.444296454000096, -9.462470573999951, 0.0 ], [ 119.44425654500003, -9.462258829999939, 0.0 ], [ 119.444121172000109, -9.462023424999927, 0.0 ], [ 119.444011314000022, -9.461804642999937, 0.0 ], [ 119.444037453000078, -9.461664176999932, 0.0 ], [ 119.444133046000047, -9.461575233999952, 0.0 ], [ 119.444283559000041, -9.46152881699993, 0.0 ], [ 119.444524421000096, -9.461526594999953, 0.0 ], [ 119.444858259000057, -9.461470345999942, 0.0 ], [ 119.444995142000039, -9.461345364999943, 0.0 ], [ 119.44503768900006, -9.461212940999928, 0.0 ], [ 119.445042781000097, -9.460913797999979, 0.0 ], [ 119.444780343000048, -9.459833012999979, 0.0 ], [ 119.444849842000053, -9.459625765999931, 0.0 ], [ 119.445275436000088, -9.459025487999952, 0.0 ], [ 119.445367923000049, -9.458890370999939, 0.0 ], [ 119.44534984500001, -9.458708782999963, 0.0 ], [ 119.445043951000116, -9.457999551999933, 0.0 ], [ 119.444896609000011, -9.457778162999944, 0.0 ], [ 119.444422121000116, -9.457058065999945, 0.0 ], [ 119.444261876000041, -9.456928388999927, 0.0 ], [ 119.44380091700009, -9.45667076999996, 0.0 ], [ 119.443708763000018, -9.456481630999974, 0.0 ], [ 119.443683637000049, -9.45635343999993, 0.0 ], [ 119.443759359000069, -9.456226414999946, 0.0 ], [ 119.44397390600011, -9.456071471999962, 0.0 ], [ 119.444454732000054, -9.455727967999962, 0.0 ], [ 119.445142001000022, -9.455174830999965, 0.0 ], [ 119.445179198, -9.454958894999947, 0.0 ], [ 119.445129312000063, -9.454825404999951, 0.0 ], [ 119.444977001000098, -9.454642692999926, 0.0 ], [ 119.444759935000093, -9.45454878299995, 0.0 ], [ 119.444498937000048, -9.454455033999977, 0.0 ], [ 119.443803156000058, -9.454340984999931, 0.0 ], [ 119.443389436000075, -9.454337891999955, 0.0 ], [ 119.44282079200002, -9.45440717699995, 0.0 ], [ 119.442622263000089, -9.454435690999958, 0.0 ], [ 119.441996264000068, -9.454533288999926, 0.0 ], [ 119.441843295000012, -9.454458660999933, 0.0 ], [ 119.441715674000079, -9.454322200999968, 0.0 ], [ 119.441631428000051, -9.45412607999998, 0.0 ], [ 119.441599936000102, -9.453853417999937, 0.0 ], [ 119.441640327000073, -9.45369051199998, 0.0 ], [ 119.441639904000112, -9.453536190999955, 0.0 ], [ 119.441685437000046, -9.453471752999974, 0.0 ], [ 119.441874204000101, -9.453249347999929, 0.0 ], [ 119.442757921000066, -9.45266128399993, 0.0 ], [ 119.442924231, -9.452513704999944, 0.0 ], [ 119.443021402000113, -9.45237698699998, 0.0 ], [ 119.443011828000067, -9.452240457999949, 0.0 ], [ 119.442555092000021, -9.451820923999946, 0.0 ], [ 119.442357216000119, -9.451645352999947, 0.0 ], [ 119.442289392000021, -9.451570798999967, 0.0 ], [ 119.441984324000032, -9.451365172999942, 0.0 ], [ 119.441772954000044, -9.451269049999951, 0.0 ], [ 119.44149892300004, -9.451146937999965, 0.0 ], [ 119.441255191000096, -9.451018924999971, 0.0 ], [ 119.441201627000055, -9.450979270999937, 0.0 ], [ 119.440791498000067, -9.449989362999929, 0.0 ], [ 119.440729873, -9.449724929999945, 0.0 ], [ 119.440712295000026, -9.449270455999965, 0.0 ], [ 119.441099374000032, -9.448091939999927, 0.0 ], [ 119.441473701000064, -9.447422517999939, 0.0 ], [ 119.441595985000049, -9.447166877999962, 0.0 ], [ 119.441670701000021, -9.446913694999978, 0.0 ], [ 119.441653048000035, -9.446714767999936, 0.0 ], [ 119.441539619000082, -9.446599609999964, 0.0 ], [ 119.441383486000063, -9.446574018999968, 0.0 ], [ 119.440923091000059, -9.446698110999932, 0.0 ], [ 119.440470569000013, -9.447012284999971, 0.0 ], [ 119.440287626000099, -9.447188495999967, 0.0 ], [ 119.440025578000018, -9.447455970999954, 0.0 ], [ 119.439880901000038, -9.447548145999974, 0.0 ], [ 119.439681717000099, -9.447597878999943, 0.0 ], [ 119.43949104100011, -9.447585267999955, 0.0 ], [ 119.439367315000027, -9.447513094999977, 0.0 ], [ 119.439248516000021, -9.447226670999953, 0.0 ], [ 119.439233031000072, -9.446750160999954, 0.0 ], [ 119.439331623000044, -9.446149223999953, 0.0 ], [ 119.439416548000054, -9.445717940999941, 0.0 ], [ 119.43945979700004, -9.445318221999969, 0.0 ], [ 119.439466371000094, -9.445224517999975, 0.0 ], [ 119.439429328000074, -9.445118098999956, 0.0 ], [ 119.439417951000109, -9.445085375999952, 0.0 ], [ 119.439053987000079, -9.444654986999979, 0.0 ], [ 119.438964171000066, -9.444445690999942, 0.0 ], [ 119.438811795000106, -9.44389834499998, 0.0 ], [ 119.438706669000112, -9.443581140999981, 0.0 ], [ 119.438693122000018, -9.443311393999977, 0.0 ], [ 119.43866846800006, -9.443193515999951, 0.0 ], [ 119.438511171000073, -9.443021051999949, 0.0 ], [ 119.43838750000009, -9.442944576999935, 0.0 ], [ 119.438001892000102, -9.442976624999972, 0.0 ], [ 119.437679920000051, -9.443095983999967, 0.0 ], [ 119.43746637400011, -9.443308452999929, 0.0 ], [ 119.437287548000086, -9.443759282999963, 0.0 ], [ 119.4370728560001, -9.444269844999951, 0.0 ], [ 119.437013027000035, -9.444357364999973, 0.0 ], [ 119.436841105000099, -9.444426251999971, 0.0 ], [ 119.43660551500011, -9.444415600999946, 0.0 ], [ 119.436360027000092, -9.444338975999926, 0.0 ], [ 119.436210591000076, -9.444201623999959, 0.0 ], [ 119.436079828000061, -9.443959708999955, 0.0 ], [ 119.436080170000082, -9.443534858999953, 0.0 ], [ 119.436276844000076, -9.442941159999975, 0.0 ], [ 119.43636079700002, -9.442677251999953, 0.0 ], [ 119.436404737000089, -9.442198816999962, 0.0 ], [ 119.436399325000025, -9.442027158999963, 0.0 ], [ 119.436287213000014, -9.441913219999947, 0.0 ], [ 119.436149063000016, -9.44194809499993, 0.0 ], [ 119.435694623000018, -9.442366876999927, 0.0 ], [ 119.435424326000089, -9.442552771999942, 0.0 ], [ 119.435244451000017, -9.442614268999932, 0.0 ], [ 119.435088277000091, -9.442592016999981, 0.0 ], [ 119.434866248000048, -9.442425532999948, 0.0 ], [ 119.434846560000096, -9.442361843999947, 0.0 ], [ 119.434740766000118, -9.44198059799993, 0.0 ], [ 119.434666140000104, -9.441460972999948, 0.0 ], [ 119.434705092000058, -9.441299475999926, 0.0 ], [ 119.43482812700006, -9.441041017999964, 0.0 ], [ 119.435002547000067, -9.440760878999981, 0.0 ], [ 119.43519842, -9.440579688999946, 0.0 ], [ 119.436116814000115, -9.440265143999966, 0.0 ], [ 119.436267063000059, -9.440187156999968, 0.0 ], [ 119.436317498000108, -9.440101302999949, 0.0 ], [ 119.436330810000072, -9.440002443999958, 0.0 ], [ 119.435723513000084, -9.439764393999951, 0.0 ], [ 119.435421797000117, -9.439622100999941, 0.0 ], [ 119.434727093000106, -9.439423345999955, 0.0 ], [ 119.434300485000108, -9.439311332999978, 0.0 ], [ 119.433805156000062, -9.439164785999935, 0.0 ], [ 119.43314406200011, -9.438890099999981, 0.0 ], [ 119.432792311000071, -9.438673814999959, 0.0 ], [ 119.432461581000098, -9.438272909999966, 0.0 ], [ 119.432391996000092, -9.43806189299994, 0.0 ], [ 119.432506781000029, -9.43750093899996, 0.0 ], [ 119.43254128, -9.437416536999933, 0.0 ], [ 119.432728717000032, -9.436958035999965, 0.0 ], [ 119.4329252120001, -9.436528475999978, 0.0 ], [ 119.432966903000079, -9.436398407999945, 0.0 ], [ 119.433212140000023, -9.435726724999938, 0.0 ], [ 119.433243533000109, -9.435535156999947, 0.0 ], [ 119.433173657000111, -9.435292703999949, 0.0 ], [ 119.432840951000117, -9.434682712999972, 0.0 ], [ 119.432706859000064, -9.434506392999936, 0.0 ], [ 119.43248295300009, -9.434446363999939, 0.0 ], [ 119.4320767480001, -9.434527700999979, 0.0 ], [ 119.431869616000085, -9.434564412999976, 0.0 ], [ 119.431583894000028, -9.434498333999954, 0.0 ], [ 119.431077050000113, -9.434180218999927, 0.0 ], [ 119.430925183000113, -9.434043970999937, 0.0 ], [ 119.430842261000066, -9.433863316999975, 0.0 ], [ 119.430887305000056, -9.433513824999977, 0.0 ], [ 119.430872549000014, -9.433203036999942, 0.0 ], [ 119.430858108000052, -9.432898880999971, 0.0 ], [ 119.430788441000118, -9.432738486999938, 0.0 ], [ 119.430728792000082, -9.432538303999934, 0.0 ], [ 119.430785588000049, -9.432217492999939, 0.0 ], [ 119.430875508000099, -9.432049724999956, 0.0 ], [ 119.431083429000068, -9.431903320999936, 0.0 ], [ 119.431387564000033, -9.431834209999977, 0.0 ], [ 119.431796895000048, -9.431852614999968, 0.0 ], [ 119.432040481000058, -9.431864811999958, 0.0 ], [ 119.432298894000041, -9.431784682999933, 0.0 ], [ 119.432450775, -9.431669373999966, 0.0 ], [ 119.432597003000069, -9.431429381999976, 0.0 ], [ 119.432747271000039, -9.43100792599995, 0.0 ], [ 119.432883617000016, -9.430804877999947, 0.0 ], [ 119.433025247000046, -9.430712644999971, 0.0 ], [ 119.433195290000072, -9.430707038999969, 0.0 ], [ 119.433444234000035, -9.431180389999952, 0.0 ], [ 119.43353185, -9.431501270999945, 0.0 ], [ 119.433618783000043, -9.431622016999938, 0.0 ], [ 119.433703175, -9.431641302999935, 0.0 ], [ 119.43387422100011, -9.43156225599995, 0.0 ], [ 119.434036136000032, -9.431404224999937, 0.0 ], [ 119.43419338700005, -9.431080362999978, 0.0 ], [ 119.434234933000084, -9.430828837999968, 0.0 ], [ 119.434045992000051, -9.430431283999951, 0.0 ], [ 119.43386982700008, -9.430231384999956, 0.0 ], [ 119.433681491000016, -9.430052130999968, 0.0 ], [ 119.433312374000025, -9.429823575999933, 0.0 ], [ 119.432958142000075, -9.429458518999979, 0.0 ], [ 119.432852430000025, -9.429365039999936, 0.0 ], [ 119.432737502, -9.429321990999938, 0.0 ], [ 119.432491567000056, -9.429374068999948, 0.0 ], [ 119.431662765000056, -9.429945853999925, 0.0 ], [ 119.43139597000004, -9.430143570999974, 0.0 ], [ 119.43116481800007, -9.43024281199996, 0.0 ], [ 119.430966967000018, -9.430241885999976, 0.0 ], [ 119.430787821000081, -9.43019617899995, 0.0 ], [ 119.430654487000083, -9.430070759999978, 0.0 ], [ 119.430617784000106, -9.43000765599993, 0.0 ], [ 119.430478390000076, -9.429710332999946, 0.0 ], [ 119.430535231000022, -9.429403098999956, 0.0 ], [ 119.430764298000099, -9.429007053999953, 0.0 ], [ 119.430924434000076, -9.428675688999931, 0.0 ], [ 119.430993700000045, -9.42853127099994, 0.0 ], [ 119.431190527000012, -9.428053408999972, 0.0 ], [ 119.431420080000066, -9.427323014999956, 0.0 ], [ 119.431495638000115, -9.427112536999971, 0.0 ], [ 119.431536917000017, -9.426985264999928, 0.0 ], [ 119.431573454000045, -9.426980879999974, 0.0 ], [ 119.431666937000045, -9.426696401999948, 0.0 ], [ 119.431736548000117, -9.426326925999945, 0.0 ], [ 119.431712795000067, -9.426245625999968, 0.0 ], [ 119.431587843000102, -9.426145457999951, 0.0 ], [ 119.431339734000062, -9.426103225999952, 0.0 ], [ 119.430874751000033, -9.426281269999947, 0.0 ], [ 119.430585639000014, -9.426429564999978, 0.0 ], [ 119.43012077700007, -9.426651924999931, 0.0 ], [ 119.430070589000024, -9.426668328999938, 0.0 ], [ 119.429928345, -9.426673393999977, 0.0 ], [ 119.429717467000046, -9.426600918999952, 0.0 ], [ 119.429515062000064, -9.426505408999958, 0.0 ], [ 119.429336061000072, -9.426309626999966, 0.0 ], [ 119.429145110000036, -9.425921722999931, 0.0 ], [ 119.429002681000043, -9.42556443899997, 0.0 ], [ 119.428364273000057, -9.424782411999956, 0.0 ], [ 119.42784287500001, -9.42421090299996, 0.0 ], [ 119.42758385500008, -9.424011922999966, 0.0 ], [ 119.427363152000112, -9.423907952999969, 0.0 ], [ 119.42697423300001, -9.423882066999965, 0.0 ], [ 119.426823080000077, -9.423876750999966, 0.0 ], [ 119.426605326000072, -9.423671311999954, 0.0 ], [ 119.426527530000044, -9.423590845999968, 0.0 ], [ 119.426640454000108, -9.423425317999943, 0.0 ], [ 119.426795202000108, -9.423198486999979, 0.0 ], [ 119.426861982000105, -9.422892611999941, 0.0 ], [ 119.426904347000118, -9.422641767999949, 0.0 ], [ 119.427001859000029, -9.422479706999979, 0.0 ], [ 119.427513388000079, -9.422354893999966, 0.0 ], [ 119.427857877000065, -9.422335582999949, 0.0 ], [ 119.42809580100004, -9.422320894999928, 0.0 ], [ 119.429219108000098, -9.422076066999978, 0.0 ], [ 119.42936153200003, -9.422028892999947, 0.0 ], [ 119.429550145, -9.421859397999981, 0.0 ], [ 119.42972002800002, -9.421692883999981, 0.0 ], [ 119.429719722000073, -9.421504896999977, 0.0 ], [ 119.429528804000029, -9.42125770399997, 0.0 ], [ 119.429103004000012, -9.421000645999982, 0.0 ], [ 119.428322419000096, -9.420867519999945, 0.0 ], [ 119.42805493600008, -9.420827520999978, 0.0 ], [ 119.427887171000066, -9.420745721999936, 0.0 ], [ 119.427816249000102, -9.42061156799997, 0.0 ], [ 119.427799276000087, -9.420467282999937, 0.0 ], [ 119.427856576000067, -9.420279015999938, 0.0 ], [ 119.427935794000064, -9.420099628999935, 0.0 ], [ 119.427719421, -9.419808375999935, 0.0 ], [ 119.427668482000058, -9.419702925999957, 0.0 ], [ 119.427677685000049, -9.419604237999977, 0.0 ], [ 119.427693780000027, -9.419580956999937, 0.0 ], [ 119.428120314000012, -9.419495345999962, 0.0 ], [ 119.4285981700001, -9.419459598999936, 0.0 ], [ 119.428804385000035, -9.419445461999942, 0.0 ], [ 119.428904153000076, -9.419399689999977, 0.0 ], [ 119.42894177900007, -9.419359449999945, 0.0 ], [ 119.428928545000076, -9.419325959999981, 0.0 ], [ 119.428875018000099, -9.41924566199998, 0.0 ], [ 119.428770665000116, -9.419089202999942, 0.0 ], [ 119.42867372, -9.418922076999934, 0.0 ], [ 119.428615436000086, -9.418612407999944, 0.0 ], [ 119.428598598, -9.418483410999954, 0.0 ], [ 119.4285307990001, -9.418407220999939, 0.0 ], [ 119.428470075000064, -9.418469626999979, 0.0 ], [ 119.428359689000104, -9.418627240999967, 0.0 ], [ 119.428220094000039, -9.418728487999942, 0.0 ], [ 119.428165012000022, -9.418746016999933, 0.0 ], [ 119.42811030900009, -9.418667440999968, 0.0 ], [ 119.4281757010001, -9.418263148999927, 0.0 ], [ 119.428198236000071, -9.418160375999946, 0.0 ], [ 119.428125123000086, -9.418084986999929, 0.0 ], [ 119.427946371000075, -9.417900639999971, 0.0 ], [ 119.427819352000029, -9.417679532999955, 0.0 ], [ 119.428218315000095, -9.417296798999928, 0.0 ], [ 119.428486772000042, -9.41706753699998, 0.0 ], [ 119.428618586000084, -9.416896221999934, 0.0 ], [ 119.428681582000081, -9.416742888999977, 0.0 ], [ 119.428665587000069, -9.41666459399994, 0.0 ], [ 119.428526459000068, -9.416608735999944, 0.0 ], [ 119.427950321000026, -9.416690348999964, 0.0 ], [ 119.427209846000096, -9.416869254999938, 0.0 ], [ 119.426822481000045, -9.416967692999947, 0.0 ], [ 119.426673745000016, -9.416978474999951, 0.0 ], [ 119.426558243000045, -9.416875983999944, 0.0 ], [ 119.426470295000058, -9.416336332999947, 0.0 ], [ 119.426435265, -9.415969577999931, 0.0 ], [ 119.426426156000048, -9.415777655999932, 0.0 ], [ 119.426224872000034, -9.415317348999963, 0.0 ], [ 119.42574968800011, -9.41509597299995, 0.0 ], [ 119.425516190000053, -9.414978722999933, 0.0 ], [ 119.425377796000021, -9.414847674999976, 0.0 ], [ 119.425361012000053, -9.414824877999934, 0.0 ], [ 119.424798187000079, -9.414407629999971, 0.0 ], [ 119.42446424100001, -9.414244647999965, 0.0 ], [ 119.424123709000014, -9.414115133999928, 0.0 ], [ 119.423683531000052, -9.414099317999955, 0.0 ], [ 119.422884175000036, -9.414231962999963, 0.0 ], [ 119.422402605000116, -9.414077505999956, 0.0 ], [ 119.422033457000111, -9.413848429999973, 0.0 ], [ 119.42188942700011, -9.413687272999937, 0.0 ], [ 119.421544698000048, -9.41309189499998, 0.0 ], [ 119.421470615000089, -9.41293959799998, 0.0 ], [ 119.421224899000094, -9.412434413999961, 0.0 ], [ 119.42082317500001, -9.411367432999953, 0.0 ], [ 119.420574543000043, -9.410440589999951, 0.0 ], [ 119.420540241000026, -9.41031264999998, 0.0 ], [ 119.420298235000018, -9.409149258999946, 0.0 ], [ 119.420038791000025, -9.408994491999977, 0.0 ], [ 119.419713627000078, -9.408848795999972, 0.0 ], [ 119.419400281000094, -9.408803123999974, 0.0 ], [ 119.418704654000067, -9.408913264999967, 0.0 ], [ 119.418005588000028, -9.409075707999932, 0.0 ], [ 119.417635827000026, -9.409243991999972, 0.0 ], [ 119.417381720000094, -9.409390827999971, 0.0 ], [ 119.416974222000022, -9.40965664099997, 0.0 ], [ 119.416637793000064, -9.409754590999967, 0.0 ], [ 119.416175469000109, -9.409827809999967, 0.0 ], [ 119.416160173000094, -9.409821966999971, 0.0 ], [ 119.416043254000101, -9.409777303999931, 0.0 ], [ 119.415898360000028, -9.409709364999969, 0.0 ], [ 119.415779941000096, -9.40966386599996, 0.0 ], [ 119.415671874000054, -9.409573217999935, 0.0 ], [ 119.415568869000026, -9.409504844999958, 0.0 ], [ 119.415493095000102, -9.40945929399993, 0.0 ], [ 119.415379822000091, -9.409345998999981, 0.0 ], [ 119.415342582000108, -9.40927828699995, 0.0 ], [ 119.41524620000007, -9.409142288999931, 0.0 ], [ 119.415224802000012, -9.409051015999978, 0.0 ], [ 119.41519792400004, -9.408936381999979, 0.0 ], [ 119.415198019000059, -9.408844165999938, 0.0 ], [ 119.41522012400003, -9.408751675999952, 0.0 ], [ 119.41524382700004, -9.408659909999926, 0.0 ], [ 119.415284600000064, -9.408544721999931, 0.0 ], [ 119.4153254900001, -9.408489193999969, 0.0 ], [ 119.415458193000063, -9.40839936499998, 0.0 ], [ 119.415572279000116, -9.408324329999971, 0.0 ], [ 119.415681612000071, -9.408258674999956, 0.0 ], [ 119.415824220000104, -9.408188330999963, 0.0 ], [ 119.41583666300005, -9.408098476999953, 0.0 ], [ 119.41547059100003, -9.407974985999942, 0.0 ], [ 119.414929020000045, -9.407836133999979, 0.0 ], [ 119.413618562000011, -9.407102001999931, 0.0 ], [ 119.413606982000033, -9.40707617399994, 0.0 ], [ 119.412984668000036, -9.406468702999973, 0.0 ], [ 119.412878903000092, -9.406350783999926, 0.0 ], [ 119.412791280000079, -9.406040953999934, 0.0 ], [ 119.412789704000033, -9.405795394999927, 0.0 ], [ 119.412804358000017, -9.405696052999929, 0.0 ], [ 119.412827126000025, -9.405622784999935, 0.0 ], [ 119.413024898000117, -9.40515593899994, 0.0 ], [ 119.412997521000079, -9.404841425999962, 0.0 ], [ 119.412996682000085, -9.404831786999978, 0.0 ], [ 119.41297919200008, -9.404630853999947, 0.0 ], [ 119.412957796000114, -9.404385049999973, 0.0 ], [ 119.413171217000013, -9.403431113999943, 0.0 ], [ 119.413221098, -9.403265877999957, 0.0 ], [ 119.413176389000114, -9.403060528999958, 0.0 ], [ 119.413128687000039, -9.402963921999969, 0.0 ], [ 119.412805892000051, -9.402878786999963, 0.0 ], [ 119.412499248000017, -9.402842954999926, 0.0 ], [ 119.412296465000054, -9.402729521999959, 0.0 ], [ 119.412066792000019, -9.402556980999975, 0.0 ], [ 119.411886168000024, -9.402421286999981, 0.0 ], [ 119.411665561000063, -9.402305808999927, 0.0 ], [ 119.411404593000043, -9.402239503999965, 0.0 ], [ 119.410769171000084, -9.402278170999978, 0.0 ], [ 119.410615062000034, -9.402276422999932, 0.0 ], [ 119.4105115320001, -9.40214685899997, 0.0 ], [ 119.410419545000082, -9.40186996999995, 0.0 ], [ 119.41040595000004, -9.401512178999951, 0.0 ], [ 119.410349357000086, -9.401330874999928, 0.0 ], [ 119.410196796000037, -9.401069048999943, 0.0 ], [ 119.410053782000091, -9.40085550699996, 0.0 ], [ 119.410022298000058, -9.400710706999973, 0.0 ], [ 119.409956965000106, -9.400174589999949, 0.0 ], [ 119.409937587000059, -9.400015571999973, 0.0 ], [ 119.409901669000078, -9.399825487999976, 0.0 ], [ 119.409853094000027, -9.399722973999928, 0.0 ], [ 119.409581641000045, -9.399547484999971, 0.0 ], [ 119.409299031000046, -9.399439737999955, 0.0 ], [ 119.408986610000056, -9.39935797399994, 0.0 ], [ 119.408501156000057, -9.399024468999926, 0.0 ], [ 119.408279060000041, -9.398906159999967, 0.0 ], [ 119.407724169000062, -9.398866268999939, 0.0 ], [ 119.40741545100002, -9.398718488999975, 0.0 ], [ 119.407361795000043, -9.398524327999951, 0.0 ], [ 119.407287470000028, -9.398149177999926, 0.0 ], [ 119.407218575000115, -9.398026705999939, 0.0 ], [ 119.407046955000055, -9.397925527999973, 0.0 ], [ 119.406864265000081, -9.397873626999967, 0.0 ], [ 119.406815694000102, -9.397850159999962, 0.0 ], [ 119.40688461000002, -9.397626319999972, 0.0 ], [ 119.406960667000021, -9.397446231999936, 0.0 ], [ 119.40717362800001, -9.397176099999967, 0.0 ], [ 119.407675608000091, -9.396845936999966, 0.0 ], [ 119.408040684000071, -9.396523277999961, 0.0 ], [ 119.40832970200006, -9.396290663999935, 0.0 ], [ 119.408540667000011, -9.395994923999979, 0.0 ], [ 119.408860108000113, -9.395604730999935, 0.0 ], [ 119.409133916000087, -9.394959410999945, 0.0 ], [ 119.409483780000073, -9.394103983999969, 0.0 ], [ 119.409696741000062, -9.39341363799997, 0.0 ], [ 119.409818433000055, -9.392753305999975, 0.0 ], [ 119.409863162000079, -9.392326718999925, 0.0 ], [ 119.409864117000097, -9.39232525999995, 0.0 ], [ 119.410306441000102, -9.391589120999981, 0.0 ], [ 119.410717611000109, -9.391269321999971, 0.0 ], [ 119.410915583000019, -9.390888607999955, 0.0 ], [ 119.411357211000109, -9.390492664999954, 0.0 ], [ 119.411844524000117, -9.390127179999979, 0.0 ], [ 119.412438438000095, -9.389685551999946, 0.0 ], [ 119.412895294, -9.389320066999971, 0.0 ], [ 119.413397836000058, -9.389000267999961, 0.0 ], [ 119.413809007000054, -9.388695696999946, 0.0 ], [ 119.414055599000108, -9.388456084999973, 0.0 ], [ 119.414298304000113, -9.388389459999928, 0.0 ], [ 119.414583839000102, -9.388170548999938, 0.0 ], [ 119.414793232000079, -9.387875495999936, 0.0 ], [ 119.414764678000097, -9.387532853999971, 0.0 ], [ 119.414669500000059, -9.387018889999979, 0.0 ], [ 119.414612393000084, -9.386771425999939, 0.0 ], [ 119.414345893000018, -9.386542997999982, 0.0 ], [ 119.414107947000048, -9.386562033999951, 0.0 ], [ 119.413736751000101, -9.386581069999977, 0.0 ], [ 119.413213269000039, -9.386704800999951, 0.0 ], [ 119.41268978800008, -9.386895157999959, 0.0 ], [ 119.412109200000032, -9.386923711999941, 0.0 ], [ 119.411958489000085, -9.386956593999969, 0.0 ], [ 119.411265839000066, -9.386990098999945, 0.0 ], [ 119.410869897000111, -9.38700532699994, 0.0 ], [ 119.410336898000082, -9.386929184999929, 0.0 ], [ 119.409666841000103, -9.386715984999967, 0.0 ], [ 119.409057699000073, -9.386548470999969, 0.0 ], [ 119.408539929000085, -9.386289585999975, 0.0 ], [ 119.408067844000016, -9.38601547199994, 0.0 ], [ 119.407601402000068, -9.385550536999972, 0.0 ], [ 119.407599582000103, -9.385541598999964, 0.0 ], [ 119.407447467000111, -9.38520392199996, 0.0 ], [ 119.406953093000084, -9.384528565999972, 0.0 ], [ 119.406496748000109, -9.383740649999936, 0.0 ], [ 119.405774202000089, -9.383290410999962, 0.0 ], [ 119.405317857000114, -9.382990250999967, 0.0 ], [ 119.404861511000036, -9.38272761199994, 0.0 ], [ 119.404146571000069, -9.382470974999933, 0.0 ], [ 119.403842341000086, -9.382335902999955, 0.0 ], [ 119.403538111000103, -9.382290878999981, 0.0 ], [ 119.402929651000022, -9.38202073399998, 0.0 ], [ 119.402610209000045, -9.381810621999932, 0.0 ], [ 119.402382037000052, -9.381510460999948, 0.0 ], [ 119.402366825000058, -9.381285339999977, 0.0 ], [ 119.402184287000068, -9.381000186999927, 0.0 ], [ 119.40204738400007, -9.38091013899998, 0.0 ], [ 119.401895268000089, -9.380760057999964, 0.0 ], [ 119.401880057000085, -9.380459895999934, 0.0 ], [ 119.402123441000072, -9.379964628999971, 0.0 ], [ 119.40233640200006, -9.37964945899995, 0.0 ], [ 119.402503729000045, -9.379169197999943, 0.0 ], [ 119.402686267000036, -9.37886903499998, 0.0 ], [ 119.402823170000033, -9.378598887999942, 0.0 ], [ 119.403142612000011, -9.378178658999957, 0.0 ], [ 119.403401207000115, -9.378118625999946, 0.0 ], [ 119.403751072000091, -9.378013568999961, 0.0 ], [ 119.404070513000079, -9.377698396999961, 0.0 ], [ 119.404176994000068, -9.377413239999953, 0.0 ], [ 119.403933610000081, -9.377098067999952, 0.0 ], [ 119.403811918000088, -9.37700801799997, 0.0 ], [ 119.403735860000097, -9.376767885999925, 0.0 ], [ 119.403690226000094, -9.37660279499994, 0.0 ], [ 119.403553322000107, -9.376407687999972, 0.0 ], [ 119.403431630000114, -9.37624259699993, 0.0 ], [ 119.403252844, -9.375968296999929, 0.0 ], [ 119.40339665800002, -9.375865657999952, 0.0 ], [ 119.403530283, -9.375778250999929, 0.0 ], [ 119.404365121000069, -9.375232173999962, 0.0 ], [ 119.404888962000086, -9.375000503999956, 0.0 ], [ 119.404938800000082, -9.374978467999938, 0.0 ], [ 119.405350767000073, -9.374781829999961, 0.0 ], [ 119.405844126000034, -9.374545618999946, 0.0 ], [ 119.408047150000016, -9.373846647999926, 0.0 ], [ 119.408641816000113, -9.373685796999951, 0.0 ], [ 119.409061680000036, -9.373641898999949, 0.0 ], [ 119.411030217000075, -9.373542425999972, 0.0 ], [ 119.411327653000058, -9.373508570999945, 0.0 ], [ 119.41183757500005, -9.373497144999931, 0.0 ], [ 119.412305801000116, -9.373515048999934, 0.0 ], [ 119.413263504000042, -9.373552817999951, 0.0 ], [ 119.415530113000045, -9.373672209999938, 0.0 ], [ 119.415997124000114, -9.373706672999958, 0.0 ], [ 119.416065124000056, -9.373711711999931, 0.0 ], [ 119.416956307000078, -9.37379292199995, 0.0 ], [ 119.418039229000101, -9.373874000999933, 0.0 ], [ 119.418766414000061, -9.373948720999977, 0.0 ], [ 119.419085854000059, -9.373999537999964, 0.0 ], [ 119.419608900000071, -9.37406230199997, 0.0 ], [ 119.420469177000086, -9.374192978999929, 0.0 ], [ 119.421104934000027, -9.374341646999937, 0.0 ], [ 119.421810067000024, -9.374478378999981, 0.0 ], [ 119.422177170000055, -9.374644457999977, 0.0 ], [ 119.422893511000098, -9.375001506999979, 0.0 ], [ 119.423103511000022, -9.375082187999965, 0.0 ], [ 119.423612438000077, -9.375278054999967, 0.0 ], [ 119.423658596000109, -9.375288583999975, 0.0 ], [ 119.424208237000016, -9.375405411999964, 0.0 ], [ 119.424764677000098, -9.375412081999968, 0.0 ], [ 119.425181223000095, -9.375466906999975, 0.0 ], [ 119.425340537000011, -9.375539928999956, 0.0 ], [ 119.425408500000117, -9.375629000999936, 0.0 ], [ 119.425508444000116, -9.375759960999972, 0.0 ], [ 119.425605569000027, -9.376002397999969, 0.0 ], [ 119.42563021400008, -9.376179148999938, 0.0 ], [ 119.425576885000055, -9.376373845999979, 0.0 ], [ 119.425541347000035, -9.376553348999948, 0.0 ], [ 119.425406721000058, -9.377383082999927, 0.0 ], [ 119.425442632000113, -9.377715379999927, 0.0 ], [ 119.425548113000104, -9.377856957999938, 0.0 ], [ 119.425684114000092, -9.377933534999954, 0.0 ], [ 119.425934748000032, -9.377963987999976, 0.0 ], [ 119.426158797000085, -9.377940287999934, 0.0 ], [ 119.426386063000109, -9.37785342799998, 0.0 ], [ 119.426555559, -9.377784001999942, 0.0 ], [ 119.426729404000071, -9.377712770999949, 0.0 ], [ 119.427123625000036, -9.377629571999933, 0.0 ], [ 119.42729058000009, -9.377495673999931, 0.0 ], [ 119.427396469000087, -9.37734986199996, 0.0 ], [ 119.427508147000026, -9.377177801999949, 0.0 ], [ 119.42764816600004, -9.377093429999945, 0.0 ], [ 119.428425583000035, -9.376666048999937, 0.0 ], [ 119.428620164000108, -9.376461378999977, 0.0 ], [ 119.428626733000101, -9.376298984999949, 0.0 ], [ 119.42861765300006, -9.375849691999974, 0.0 ], [ 119.428732280000077, -9.375595478999969, 0.0 ], [ 119.42884330600009, -9.375345528999958, 0.0 ], [ 119.428797120000013, -9.375198721999936, 0.0 ], [ 119.428717472000017, -9.375000521999937, 0.0 ], [ 119.428673745000083, -9.374891739999953, 0.0 ], [ 119.428721587000041, -9.374729499999944, 0.0 ], [ 119.428820919000032, -9.374608475999935, 0.0 ], [ 119.429145601000073, -9.374417352999956, 0.0 ], [ 119.430188817000044, -9.373705988999973, 0.0 ], [ 119.430455207000023, -9.373476039999957, 0.0 ], [ 119.430800959000067, -9.373216077999928, 0.0 ], [ 119.431219957000053, -9.372981292999953, 0.0 ], [ 119.431761411000025, -9.372726136999972, 0.0 ], [ 119.432553047000056, -9.372162537999941, 0.0 ], [ 119.432618582000032, -9.372124318999965, 0.0 ], [ 119.432771019000029, -9.372027342999957, 0.0 ], [ 119.433193995000011, -9.37179103699998, 0.0 ], [ 119.433651514000076, -9.371447060999969, 0.0 ], [ 119.434126526000114, -9.371055385999966, 0.0 ], [ 119.435162447000039, -9.370371101999979, 0.0 ], [ 119.435454521000111, -9.370154722999928, 0.0 ], [ 119.435840847, -9.36977550499995, 0.0 ], [ 119.436103939000077, -9.369547036999961, 0.0 ], [ 119.436800148000088, -9.369095110999979, 0.0 ], [ 119.437228731000118, -9.36880972199998, 0.0 ], [ 119.437341963000108, -9.368695707999962, 0.0 ], [ 119.437527868000075, -9.368491143999961, 0.0 ], [ 119.438665889000049, -9.367297269999938, 0.0 ], [ 119.439037128000109, -9.366876093999963, 0.0 ], [ 119.439513432000012, -9.366496668999957, 0.0 ], [ 119.440222482000081, -9.365997273999938, 0.0 ], [ 119.441582312000037, -9.36516900099997, 0.0 ], [ 119.441874693000045, -9.365042287999927, 0.0 ], [ 119.441965420000088, -9.364993974999948, 0.0 ], [ 119.443343250000112, -9.364305185999967, 0.0 ], [ 119.444116515000019, -9.364071629999955, 0.0 ], [ 119.445379291000108, -9.363776772999927, 0.0 ], [ 119.445928677000097, -9.363587818999974, 0.0 ], [ 119.446515436000027, -9.363344960999939, 0.0 ], [ 119.447220550000111, -9.363012100999981, 0.0 ], [ 119.448266482, -9.362552301999926, 0.0 ], [ 119.448761458000035, -9.362345716999926, 0.0 ], [ 119.449222838000082, -9.36216847399993, 0.0 ], [ 119.44969939300006, -9.361993800999926, 0.0 ], [ 119.450467703000072, -9.361750460999929, 0.0 ], [ 119.452147097000079, -9.361327143999972, 0.0 ], [ 119.452562399000044, -9.361219409999933, 0.0 ], [ 119.453333839000038, -9.36100774099998, 0.0 ], [ 119.453868718000081, -9.360847132999936, 0.0 ], [ 119.454801159000112, -9.360560502999931, 0.0 ], [ 119.456984298000066, -9.360088165999969, 0.0 ], [ 119.457529128000033, -9.360035310999933, 0.0 ], [ 119.457972951000102, -9.359950583999932, 0.0 ], [ 119.458441220000054, -9.359859698999969, 0.0 ], [ 119.459244489000071, -9.359657183999957, 0.0 ], [ 119.460662346000049, -9.359281677999945, 0.0 ], [ 119.460892105000084, -9.359242244999962, 0.0 ], [ 119.461502497000083, -9.359108971999945, 0.0 ], [ 119.463708902, -9.358685193999975, 0.0 ], [ 119.463791858000036, -9.358674964999977, 0.0 ], [ 119.463792019000039, -9.358674944999962, 0.0 ], [ 119.465956313000106, -9.358408082999972, 0.0 ], [ 119.466402871000014, -9.358368492999944, 0.0 ], [ 119.46702231200004, -9.358355804999974, 0.0 ], [ 119.46807173500008, -9.358312506999937, 0.0 ], [ 119.468851469000015, -9.358203085999946, 0.0 ], [ 119.469503585000098, -9.358111565999934, 0.0 ], [ 119.469904998000061, -9.358077895999941, 0.0 ], [ 119.470335632000115, -9.358079582999949, 0.0 ], [ 119.47082036300003, -9.358096148999948, 0.0 ], [ 119.472368473000074, -9.358048400999962, 0.0 ], [ 119.473915267000052, -9.358190368999942, 0.0 ], [ 119.475016357000072, -9.358392910999953, 0.0 ], [ 119.475952750000033, -9.358591364999938, 0.0 ], [ 119.476540139, -9.358720686999959, 0.0 ], [ 119.476924471000075, -9.35883946499996, 0.0 ], [ 119.478220197000041, -9.359510626999963, 0.0 ], [ 119.478671049000013, -9.359707429999958, 0.0 ], [ 119.479202246000114, -9.359932141999934, 0.0 ], [ 119.47976940500007, -9.360228344999939, 0.0 ], [ 119.480221243000074, -9.360481362999963, 0.0 ], [ 119.480600423000055, -9.360632042999953, 0.0 ], [ 119.480914991000077, -9.360800283999936, 0.0 ], [ 119.482310056000074, -9.361546410999949, 0.0 ], [ 119.48267097900009, -9.361741844999926, 0.0 ], [ 119.48356960600006, -9.362236310999947, 0.0 ], [ 119.483716439000091, -9.362301467999941, 0.0 ], [ 119.483874036000088, -9.362501301999941, 0.0 ], [ 119.484587875000102, -9.362920087999953, 0.0 ], [ 119.48514942700001, -9.36330080099998, 0.0 ], [ 119.485682427000029, -9.363691032999952, 0.0 ], [ 119.485996516000114, -9.364043192999929, 0.0 ], [ 119.486500961000047, -9.364519084999927, 0.0 ], [ 119.487195764000035, -9.364956905999975, 0.0 ], [ 119.487471781000067, -9.365309065999952, 0.0 ], [ 119.487652620000063, -9.366175189999979, 0.0 ], [ 119.487633585000026, -9.366593974999944, 0.0 ], [ 119.48771290600007, -9.366599262999955, 0.0 ], [ 119.487821799000017, -9.366606522999973, 0.0 ], [ 119.487996346000045, -9.366618158999927, 0.0 ], [ 119.488061888000061, -9.366622528999926, 0.0 ], [ 119.488375977000032, -9.366289403999929, 0.0 ], [ 119.488766208000015, -9.366194225999948, 0.0 ], [ 119.489270654000052, -9.366041939999945, 0.0 ], [ 119.489545074000034, -9.365913903999967, 0.0 ], [ 119.489752053000075, -9.365977317999977, 0.0 ], [ 119.490592251000066, -9.366234738999935, 0.0 ], [ 119.491484405000051, -9.366428443999951, 0.0 ], [ 119.491845422000097, -9.366463381999949, 0.0 ], [ 119.491946168000027, -9.366462789999957, 0.0 ], [ 119.494056188000059, -9.366721364999933, 0.0 ], [ 119.494485203000067, -9.36677608399998, 0.0 ], [ 119.49496014500005, -9.366859160999979, 0.0 ], [ 119.495005472000116, -9.366869862999977, 0.0 ], [ 119.495583721000116, -9.367008097999928, 0.0 ], [ 119.49632315000008, -9.367185098999926, 0.0 ], [ 119.496757514000024, -9.367317489999948, 0.0 ], [ 119.498900330000083, -9.368034204999958, 0.0 ], [ 119.499430696000104, -9.368197608999935, 0.0 ], [ 119.499465218000068, -9.368202012999973, 0.0 ], [ 119.499521555000115, -9.368219068999963, 0.0 ], [ 119.499784772000112, -9.368308875999958, 0.0 ], [ 119.499999700000103, -9.368370014999925, 0.0 ], [ 119.500101692000044, -9.368399036999961, 0.0 ], [ 119.500858729000015, -9.368764563999946, 0.0 ], [ 119.501036862000092, -9.368834080999932, 0.0 ], [ 119.501727087000063, -9.369129534999956, 0.0 ], [ 119.502526204000105, -9.369517220999967, 0.0 ], [ 119.502758244, -9.369617922999964, 0.0 ], [ 119.503946445000111, -9.370237131999943, 0.0 ], [ 119.504411185000095, -9.370550787999946, 0.0 ], [ 119.50454924600001, -9.370613047999939, 0.0 ], [ 119.506060530000013, -9.371384143999933, 0.0 ], [ 119.506367203000082, -9.371540615999947, 0.0 ], [ 119.507131985000115, -9.371998619999943, 0.0 ], [ 119.507769622000069, -9.372241914999961, 0.0 ], [ 119.509068066000054, -9.372838754999975, 0.0 ], [ 119.50948345300003, -9.372984740999925, 0.0 ], [ 119.509716487000105, -9.373086258999933, 0.0 ], [ 119.510009191000108, -9.373207785999966, 0.0 ], [ 119.510455170000114, -9.373409016999972, 0.0 ], [ 119.510475779000103, -9.37341831599997, 0.0 ], [ 119.5106051570001, -9.373501942999951, 0.0 ], [ 119.511112685000057, -9.373882541999933, 0.0 ], [ 119.511729201000094, -9.374223178999955, 0.0 ], [ 119.511854646000074, -9.374297049999939, 0.0 ], [ 119.513053448000051, -9.375000547999946, 0.0 ], [ 119.513426040000013, -9.375219195999932, 0.0 ], [ 119.513584274000095, -9.375306647999935, 0.0 ], [ 119.513954462000015, -9.375483623999969, 0.0 ], [ 119.514164332000064, -9.375552066999944, 0.0 ], [ 119.514375264000023, -9.375635812999974, 0.0 ], [ 119.514529768000102, -9.37566899199993, 0.0 ], [ 119.51479383700007, -9.375735328999951, 0.0 ], [ 119.514955623000105, -9.375768302999973, 0.0 ], [ 119.515325448000112, -9.375885330999949, 0.0 ], [ 119.51544281300005, -9.375901927999962, 0.0 ], [ 119.516361730000085, -9.376031893999937, 0.0 ], [ 119.517280658000118, -9.376161858999978, 0.0 ], [ 119.517532299000095, -9.376194356999974, 0.0 ], [ 119.518005600000038, -9.376384069999972, 0.0 ], [ 119.518160646000069, -9.376466079999943, 0.0 ], [ 119.518196035000074, -9.376483569999948, 0.0 ], [ 119.519085603, -9.376881763999961, 0.0 ], [ 119.521154603000014, -9.377651782999976, 0.0 ], [ 119.52188267300005, -9.377823036999928, 0.0 ], [ 119.522018581000111, -9.377855027999942, 0.0 ], [ 119.522612372000026, -9.377947259999928, 0.0 ], [ 119.52321327300001, -9.378000603999965, 0.0 ], [ 119.52386789000002, -9.377981377999959, 0.0 ], [ 119.52446718200008, -9.378012772999966, 0.0 ], [ 119.525095785000076, -9.378048989999968, 0.0 ], [ 119.525891567000031, -9.37811504299998, 0.0 ], [ 119.526684356000032, -9.378171393999935, 0.0 ], [ 119.527905729000054, -9.378129504999947, 0.0 ], [ 119.529351362000057, -9.378039985999976, 0.0 ], [ 119.530173313000091, -9.377989110999977, 0.0 ], [ 119.531780482000045, -9.377796036999939, 0.0 ], [ 119.53200171900005, -9.377763751999964, 0.0 ], [ 119.533047783000029, -9.377611143999957, 0.0 ], [ 119.533555662000026, -9.377537047999965, 0.0 ], [ 119.535042583000063, -9.377165457999979, 0.0 ], [ 119.5351714520001, -9.377131918999964, 0.0 ], [ 119.535572979000108, -9.377027417999955, 0.0 ], [ 119.535580751000111, -9.377025394999976, 0.0 ], [ 119.537297695, -9.377035049999961, 0.0 ], [ 119.53742099100009, -9.37713032399995, 0.0 ], [ 119.53791243, -9.37751007199995, 0.0 ], [ 119.537925873000063, -9.377520459999971, 0.0 ], [ 119.537997481000048, -9.377527421999957, 0.0 ], [ 119.538047970000093, -9.377532330999941, 0.0 ], [ 119.538611157000105, -9.377587084999959, 0.0 ], [ 119.538814548000119, -9.377499917999955, 0.0 ], [ 119.53914415700001, -9.377358656999945, 0.0 ], [ 119.539092989000096, -9.37689174999997, 0.0 ], [ 119.539068014, -9.376663853999958, 0.0 ], [ 119.54036244100007, -9.376283140999931, 0.0 ], [ 119.541025117000117, -9.376059379999958, 0.0 ], [ 119.541077679000068, -9.376041631999954, 0.0 ], [ 119.541095315, -9.376035676999948, 0.0 ], [ 119.541286723000098, -9.376035676999948, 0.0 ], [ 119.541599760000054, -9.376035676999948, 0.0 ], [ 119.541614484000092, -9.37602966299994, 0.0 ], [ 119.542275527000015, -9.375759658999925, 0.0 ], [ 119.542542027000081, -9.37570255199995, 0.0 ], [ 119.542808527000034, -9.375597855999956, 0.0 ], [ 119.543027437000092, -9.375550266999937, 0.0 ], [ 119.5433605610001, -9.375474123999936, 0.0 ], [ 119.543779347000054, -9.37534087399996, 0.0 ], [ 119.544483667, -9.375093409999977, 0.0 ], [ 119.545187988000066, -9.374922088999938, 0.0 ], [ 119.545997004000014, -9.37473173199993, 0.0 ], [ 119.546339647000082, -9.374522338999952, 0.0 ], [ 119.546710843000028, -9.374322464999977, 0.0 ], [ 119.547624556000073, -9.373979821999967, 0.0 ], [ 119.548043341000039, -9.373884643999929, 0.0 ], [ 119.548443090000092, -9.373675250999952, 0.0 ], [ 119.548724582000091, -9.37336288399996, 0.0 ], [ 119.548836928000014, -9.373304612999959, 0.0 ], [ 119.548851285000069, -9.373298810999927, 0.0 ], [ 119.549168610000038, -9.373170577999929, 0.0 ], [ 119.549777924000068, -9.372928394999974, 0.0 ], [ 119.550290872000119, -9.372656354999947, 0.0 ], [ 119.550474826000027, -9.372559613999954, 0.0 ], [ 119.551319026000101, -9.372161865999942, 0.0 ], [ 119.551618714000028, -9.371989084999939, 0.0 ], [ 119.552466248000087, -9.37139891399994, 0.0 ], [ 119.552566471000091, -9.371341251999979, 0.0 ], [ 119.552791253, -9.371213466999961, 0.0 ], [ 119.553051987000117, -9.371056109999927, 0.0 ], [ 119.554080505000115, -9.370461945999978, 0.0 ], [ 119.554429321000043, -9.370337067999969, 0.0 ], [ 119.554872004000117, -9.37007504099995, 0.0 ], [ 119.555072114000041, -9.36998250399995, 0.0 ], [ 119.555578088000061, -9.369689113999925, 0.0 ], [ 119.555826300000035, -9.36956042099996, 0.0 ], [ 119.55613968800003, -9.369392852999965, 0.0 ], [ 119.556964951000054, -9.368938519999972, 0.0 ], [ 119.557740270000068, -9.368459921999943, 0.0 ], [ 119.558020737000106, -9.368273890999944, 0.0 ], [ 119.558062153000037, -9.368246411999962, 0.0 ], [ 119.55838106200008, -9.367974811999943, 0.0 ], [ 119.558438315000103, -9.367926049999937, 0.0 ], [ 119.558505143000048, -9.367879646999938, 0.0 ], [ 119.558944050000036, -9.367447568999978, 0.0 ], [ 119.559309792000022, -9.367105555999956, 0.0 ], [ 119.559559470000067, -9.366902428999936, 0.0 ], [ 119.560048339000105, -9.366526411999928, 0.0 ], [ 119.56047387000001, -9.366198167999926, 0.0 ], [ 119.560775202000059, -9.365834922999966, 0.0 ], [ 119.561451949000116, -9.365485673999956, 0.0 ], [ 119.561732144000075, -9.365440841999941, 0.0 ], [ 119.561954663000051, -9.365215968999962, 0.0 ], [ 119.561973839000075, -9.365134877999935, 0.0 ], [ 119.562012185000071, -9.365105648999929, 0.0 ], [ 119.562120954000079, -9.364969335999945, 0.0 ], [ 119.562343551000026, -9.364720427999941, 0.0 ], [ 119.562646741000094, -9.36443527199998, 0.0 ], [ 119.562817565000046, -9.364257777999967, 0.0 ], [ 119.563557507000041, -9.363475178999977, 0.0 ], [ 119.564086103000022, -9.362915785999974, 0.0 ], [ 119.565186253000093, -9.361861210999962, 0.0 ], [ 119.565563398000108, -9.361499678999962, 0.0 ], [ 119.565801899, -9.361300115999938, 0.0 ], [ 119.566017645000102, -9.361070443999949, 0.0 ], [ 119.56616869800007, -9.360921616999974, 0.0 ], [ 119.566437348000022, -9.360728303999963, 0.0 ], [ 119.567047894000098, -9.36005625699994, 0.0 ], [ 119.567294715000116, -9.359807055999966, 0.0 ], [ 119.567404217000103, -9.35972845699996, 0.0 ], [ 119.567987235000032, -9.359197116999951, 0.0 ], [ 119.568482207000102, -9.358746051999958, 0.0 ], [ 119.568868709000071, -9.358351876999961, 0.0 ], [ 119.569351082000026, -9.357922301999963, 0.0 ], [ 119.570063917000084, -9.35740967299995, 0.0 ], [ 119.570424492000029, -9.357176418999927, 0.0 ], [ 119.570727631000068, -9.357026129999952, 0.0 ], [ 119.571531729000071, -9.356484783999974, 0.0 ], [ 119.571771101000081, -9.356296382999972, 0.0 ], [ 119.572393611000052, -9.355944801999954, 0.0 ], [ 119.572734560000072, -9.355737114999954, 0.0 ], [ 119.573188817000073, -9.35547810099996, 0.0 ], [ 119.574516177000078, -9.35485797299998, 0.0 ], [ 119.57501994200004, -9.354655475999948, 0.0 ], [ 119.575378502000035, -9.354516751999938, 0.0 ], [ 119.576377641000022, -9.354150473999937, 0.0 ], [ 119.578492198000049, -9.353329567999936, 0.0 ], [ 119.578575752, -9.353301562999945, 0.0 ], [ 119.579490828000075, -9.352994887999955, 0.0 ], [ 119.5797429590001, -9.352903631999936, 0.0 ], [ 119.580202066000084, -9.352746412999977, 0.0 ], [ 119.580787752000106, -9.352535425999974, 0.0 ], [ 119.581449879000047, -9.35229692799993, 0.0 ], [ 119.581671069000095, -9.35221844199998, 0.0 ], [ 119.582040909000057, -9.352076904999933, 0.0 ], [ 119.582350922000046, -9.351941272999966, 0.0 ], [ 119.584143533000088, -9.351268850999929, 0.0 ], [ 119.584477445000061, -9.351143612999977, 0.0 ], [ 119.585086613000044, -9.350934928999948, 0.0 ], [ 119.585802236000063, -9.350656768999954, 0.0 ], [ 119.586976927000023, -9.350305051999953, 0.0 ], [ 119.58713484000009, -9.350269211999944, 0.0 ], [ 119.587689582000053, -9.350068568999973, 0.0 ], [ 119.587976018000063, -9.349965643999951, 0.0 ], [ 119.588422840000021, -9.349819018999938, 0.0 ], [ 119.588630807000072, -9.34975633199997, 0.0 ], [ 119.588964331000057, -9.34964442699993, 0.0 ], [ 119.589698072000033, -9.349416412999972, 0.0 ], [ 119.590105639000058, -9.349287928999956, 0.0 ], [ 119.590543162000017, -9.349157802999969, 0.0 ], [ 119.591424473000075, -9.34889570699994, 0.0 ], [ 119.592019922000077, -9.348735432999945, 0.0 ], [ 119.592703091000089, -9.348560909999946, 0.0 ], [ 119.593016025000111, -9.348480957999925, 0.0 ], [ 119.59384586200008, -9.348270314999979, 0.0 ], [ 119.594325516000026, -9.348155946999952, 0.0 ], [ 119.59571349600003, -9.347803190999969, 0.0 ], [ 119.595946442000013, -9.347747478999963, 0.0 ], [ 119.596243681000033, -9.347649193999928, 0.0 ], [ 119.596634551000079, -9.347555911999962, 0.0 ], [ 119.598719478000021, -9.346972267999945, 0.0 ], [ 119.599010283000098, -9.346905670999945, 0.0 ], [ 119.599487011000065, -9.34678417899994, 0.0 ], [ 119.599705761000109, -9.346722086999932, 0.0 ], [ 119.600368814000035, -9.346579105999979, 0.0 ], [ 119.601465640000015, -9.34645405699996, 0.0 ], [ 119.601500436000038, -9.346448213999963, 0.0 ], [ 119.603274070000111, -9.346241220999957, 0.0 ], [ 119.604761882000048, -9.346146690999944, 0.0 ], [ 119.607033134000062, -9.346127182999965, 0.0 ], [ 119.608187050000083, -9.346156981999968, 0.0 ], [ 119.608906486000024, -9.346191094999938, 0.0 ], [ 119.609015688000113, -9.346179377999931, 0.0 ], [ 119.610577593000016, -9.346012015999975, 0.0 ], [ 119.611265141000104, -9.345931092999933, 0.0 ], [ 119.61195465000003, -9.345845271999963, 0.0 ], [ 119.612300138000023, -9.34580301799997, 0.0 ], [ 119.612664661000053, -9.345730874999958, 0.0 ], [ 119.614063084, -9.345507851999969, 0.0 ], [ 119.614524996000114, -9.345475864999969, 0.0 ], [ 119.615700244000095, -9.345437134999941, 0.0 ], [ 119.616245096000057, -9.34540250699996, 0.0 ], [ 119.61734384500005, -9.345386490999942, 0.0 ], [ 119.618514284000071, -9.345369416999972, 0.0 ], [ 119.61879220000003, -9.345372139999938, 0.0 ], [ 119.619273979000013, -9.345404857999938, 0.0 ], [ 119.6198057470001, -9.345412161999946, 0.0 ], [ 119.620397232000073, -9.345375252999929, 0.0 ], [ 119.62101361200007, -9.345353830999954, 0.0 ], [ 119.621264659000076, -9.345345130999931, 0.0 ], [ 119.621788410000022, -9.345308677999981, 0.0 ], [ 119.62189206700009, -9.345300039999927, 0.0 ], [ 119.622092709000071, -9.345283270999971, 0.0 ], [ 119.622744579000027, -9.345246326999927, 0.0 ], [ 119.623015075000012, -9.345232395999972, 0.0 ], [ 119.623450581000043, -9.345239535999951, 0.0 ], [ 119.623851703000014, -9.345236357999966, 0.0 ], [ 119.624146262000068, -9.345228442999939, 0.0 ], [ 119.624998879000032, -9.345225411999934, 0.0 ], [ 119.626414564000015, -9.345220393999966, 0.0 ], [ 119.626618553000071, -9.34521422399996, 0.0 ], [ 119.62665843700006, -9.34521717399997, 0.0 ], [ 119.62704055100005, -9.345229770999936, 0.0 ], [ 119.628065972000059, -9.345279453999979, 0.0 ], [ 119.628622920000112, -9.345367332999956, 0.0 ], [ 119.629170861000034, -9.345464394999965, 0.0 ], [ 119.629356646000019, -9.345497302999945, 0.0 ], [ 119.630551678000074, -9.345539564999967, 0.0 ], [ 119.630948582000087, -9.345553601999939, 0.0 ], [ 119.631429780000076, -9.345631533999949, 0.0 ], [ 119.631828257000052, -9.345809219999978, 0.0 ], [ 119.632397659000048, -9.34614546399996, 0.0 ], [ 119.633274174, -9.347398200999976, 0.0 ], [ 119.634235385000011, -9.348836163999977, 0.0 ], [ 119.634527749000085, -9.349273479999965, 0.0 ], [ 119.634723143000087, -9.34949445899997, 0.0 ], [ 119.635628863000079, -9.350279692999948, 0.0 ], [ 119.635959961000026, -9.350631251999971, 0.0 ], [ 119.636290927000118, -9.350973802999931, 0.0 ], [ 119.63652344400009, -9.351232911999944, 0.0 ], [ 119.637339849000114, -9.352106499999934, 0.0 ], [ 119.638092626000116, -9.352828040999952, 0.0 ], [ 119.638789987000109, -9.353566046999958, 0.0 ], [ 119.639158887, -9.353907772999946, 0.0 ], [ 119.639881026000012, -9.35469623299997, 0.0 ], [ 119.640074636, -9.354892818999929, 0.0 ], [ 119.640183517000082, -9.35499343999993, 0.0 ], [ 119.640680047000046, -9.355452459999981, 0.0 ], [ 119.641694401000109, -9.356301377999955, 0.0 ], [ 119.642138086000045, -9.356671959999971, 0.0 ], [ 119.642566756000065, -9.357012271999963, 0.0 ], [ 119.642901847000076, -9.357244550999951, 0.0 ], [ 119.643593661000068, -9.357807378999951, 0.0 ], [ 119.643656171000089, -9.357854986999939, 0.0 ], [ 119.644328450000103, -9.358367312999974, 0.0 ], [ 119.646222831000046, -9.359607085999926, 0.0 ], [ 119.646509564000098, -9.359800127999961, 0.0 ], [ 119.646848416000012, -9.360042329999942, 0.0 ], [ 119.647043685000085, -9.360163771999964, 0.0 ], [ 119.647327312000016, -9.360331161999966, 0.0 ], [ 119.648290195000072, -9.361063914999932, 0.0 ], [ 119.64846935300011, -9.361241646999929, 0.0 ], [ 119.649740174000044, -9.362149881999926, 0.0 ], [ 119.650057750000087, -9.36242133199994, 0.0 ], [ 119.650082689000101, -9.362442645999977, 0.0 ], [ 119.650579812000046, -9.362826414999972, 0.0 ], [ 119.651121340000032, -9.363233238999953, 0.0 ], [ 119.651271443000041, -9.363370550999946, 0.0 ], [ 119.651533897000036, -9.363611051999953, 0.0 ], [ 119.652077820000045, -9.364050022999947, 0.0 ], [ 119.652494767, -9.364395068999954, 0.0 ], [ 119.6532035890001, -9.364973116999977, 0.0 ], [ 119.653529767, -9.365240943999936, 0.0 ], [ 119.653920674, -9.365582122999967, 0.0 ], [ 119.654214372000069, -9.365856771999972, 0.0 ], [ 119.654510946000073, -9.366130203999944, 0.0 ], [ 119.654740332000074, -9.366316676999929, 0.0 ], [ 119.655545350000011, -9.367076349999934, 0.0 ], [ 119.655998201000102, -9.367373315999941, 0.0 ], [ 119.655852729000117, -9.367484597999976, 0.0 ], [ 119.655501640000011, -9.367717956999968, 0.0 ], [ 119.655266694000034, -9.367833279999957, 0.0 ], [ 119.655127904000096, -9.36792395699996, 0.0 ], [ 119.654940370000077, -9.368077953999943, 0.0 ], [ 119.654820125000015, -9.368251376999979, 0.0 ], [ 119.654844860000026, -9.368500191999942, 0.0 ], [ 119.654913105000105, -9.368642406999982, 0.0 ], [ 119.655038328000046, -9.368871157999934, 0.0 ], [ 119.655019293, -9.369017250999946, 0.0 ], [ 119.654931189000081, -9.369121250999967, 0.0 ], [ 119.65462233900007, -9.369270286999949, 0.0 ], [ 119.654546678000088, -9.369363215999954, 0.0 ], [ 119.654688984000018, -9.369465347999949, 0.0 ], [ 119.654808844000058, -9.369529377999982, 0.0 ], [ 119.655055468000114, -9.36968133299996, 0.0 ], [ 119.655404968000084, -9.369914362999964, 0.0 ], [ 119.65585967100003, -9.370608254999979, 0.0 ], [ 119.656026749000034, -9.370833003999962, 0.0 ], [ 119.656123639000043, -9.371003988999973, 0.0 ], [ 119.656098499000109, -9.371427298999947, 0.0 ], [ 119.656066198000076, -9.371574237999937, 0.0 ], [ 119.655711171, -9.372097093999969, 0.0 ], [ 119.655641416000094, -9.372136676999958, 0.0 ], [ 119.655202452000026, -9.372385695999981, 0.0 ], [ 119.655041917000062, -9.372396846999948, 0.0 ], [ 119.654771264000033, -9.372452922999969, 0.0 ], [ 119.654506222, -9.372655111999961, 0.0 ], [ 119.654464265000115, -9.372957362999955, 0.0 ], [ 119.654628421000098, -9.37324498299995, 0.0 ], [ 119.654749484000035, -9.373404110999957, 0.0 ], [ 119.654786671000011, -9.37354892299993, 0.0 ], [ 119.654747808000025, -9.373617278999973, 0.0 ], [ 119.654453466000064, -9.373718629999928, 0.0 ], [ 119.654211982000106, -9.373716471999956, 0.0 ], [ 119.65386994000005, -9.373806630999979, 0.0 ], [ 119.653720620000058, -9.373897377999981, 0.0 ], [ 119.653591510000069, -9.374088094999934, 0.0 ], [ 119.653525282000032, -9.374285528999962, 0.0 ], [ 119.653544278000027, -9.374362975999929, 0.0 ], [ 119.653656919000014, -9.374420692999934, 0.0 ], [ 119.653884341000094, -9.37442982999994, 0.0 ], [ 119.654058183000075, -9.374435116999962, 0.0 ], [ 119.654669092000063, -9.374997425999936, 0.0 ], [ 119.654829358000029, -9.375093583999956, 0.0 ], [ 119.6551114560001, -9.375272603999974, 0.0 ], [ 119.655195890000073, -9.375353536999967, 0.0 ], [ 119.655321874000037, -9.375708954999936, 0.0 ], [ 119.655216827000118, -9.375932782999939, 0.0 ], [ 119.654446282000094, -9.376219140999979, 0.0 ], [ 119.654305435000083, -9.37633787599998, 0.0 ], [ 119.654292312000052, -9.376533943999959, 0.0 ], [ 119.654305997000051, -9.376605519999941, 0.0 ], [ 119.654253749000077, -9.37759701799996, 0.0 ], [ 119.654081402000088, -9.377951125999971, 0.0 ], [ 119.653786874000048, -9.378307285999938, 0.0 ], [ 119.653385549000063, -9.378724796999961, 0.0 ], [ 119.653111498000044, -9.379135373999929, 0.0 ], [ 119.652893733000042, -9.379565250999974, 0.0 ], [ 119.652827393000052, -9.379914756999938, 0.0 ], [ 119.6528262490001, -9.38032248899998, 0.0 ], [ 119.652825563000079, -9.380569097999967, 0.0 ], [ 119.652917185000092, -9.380795561999946, 0.0 ], [ 119.652972780000027, -9.380963124999937, 0.0 ], [ 119.652948106000053, -9.381207518999929, 0.0 ], [ 119.652805279000063, -9.381440080999937, 0.0 ], [ 119.6525829200001, -9.381655721999948, 0.0 ], [ 119.65242493400001, -9.381818912999961, 0.0 ], [ 119.652360469000087, -9.381980830999964, 0.0 ], [ 119.652381405000028, -9.382141786999966, 0.0 ], [ 119.652498830000013, -9.382686594999939, 0.0 ], [ 119.652433980000069, -9.382811922999963, 0.0 ], [ 119.652318527000034, -9.382854941999938, 0.0 ], [ 119.65208932500002, -9.382880331999957, 0.0 ], [ 119.65184651300001, -9.382817644999932, 0.0 ], [ 119.651282034000019, -9.382666025999981, 0.0 ], [ 119.650986002000081, -9.382701470999962, 0.0 ], [ 119.650833410000018, -9.382781443999932, 0.0 ], [ 119.650697097000034, -9.382969177999939, 0.0 ], [ 119.650456522000013, -9.383519709999973, 0.0 ], [ 119.65048622300003, -9.383627009999941, 0.0 ], [ 119.650596595000025, -9.383682080999961, 0.0 ], [ 119.650824221000107, -9.383719519999943, 0.0 ], [ 119.651141357000029, -9.383786817999976, 0.0 ], [ 119.651382801000068, -9.38391828999994, 0.0 ], [ 119.651405829000055, -9.384010172999979, 0.0 ], [ 119.651365891000069, -9.384088924999958, 0.0 ], [ 119.651121620000026, -9.38430699099996, 0.0 ], [ 119.650919839000039, -9.384427780999943, 0.0 ], [ 119.650677580000092, -9.38449166099997, 0.0 ], [ 119.650386964000063, -9.384473921999927, 0.0 ], [ 119.650267496000083, -9.384439532999977, 0.0 ], [ 119.649981036000099, -9.384444390999931, 0.0 ], [ 119.649915706000115, -9.384524565999925, 0.0 ], [ 119.649851639000076, -9.38473589299997, 0.0 ], [ 119.649857969000095, -9.384929314999965, 0.0 ], [ 119.64992195100001, -9.385055220999959, 0.0 ], [ 119.650051622000092, -9.38520314799996, 0.0 ], [ 119.650157752000041, -9.385220113999935, 0.0 ], [ 119.65026444800003, -9.385181502999956, 0.0 ], [ 119.650449499000047, -9.385034362999932, 0.0 ], [ 119.650756669000089, -9.384791144999951, 0.0 ], [ 119.650820919000012, -9.384832536999966, 0.0 ], [ 119.650868109000044, -9.38493617499995, 0.0 ], [ 119.650878687000045, -9.385151237999935, 0.0 ], [ 119.650745184000016, -9.386059363999948, 0.0 ], [ 119.650630657000079, -9.386163770999929, 0.0 ], [ 119.65046174500003, -9.386193405999961, 0.0 ], [ 119.650193967000064, -9.386205394999934, 0.0 ], [ 119.650039389000085, -9.386295186999973, 0.0 ], [ 119.649937485, -9.386431337999966, 0.0 ], [ 119.649801937, -9.386746004999964, 0.0 ], [ 119.649809811000068, -9.386869876999981, 0.0 ], [ 119.649805406000041, -9.387219561999927, 0.0 ], [ 119.649728252000045, -9.387310161999949, 0.0 ], [ 119.649586001000102, -9.387374206999937, 0.0 ], [ 119.649194093, -9.387470083999972, 0.0 ], [ 119.649020969000048, -9.387558002999981, 0.0 ], [ 119.648979423000014, -9.387682297999959, 0.0 ], [ 119.649018058000024, -9.387914423999973, 0.0 ], [ 119.649376890000099, -9.388624015999937, 0.0 ], [ 119.649473701000034, -9.38867903299996, 0.0 ], [ 119.649776652000014, -9.388900645999968, 0.0 ], [ 119.64974996400008, -9.388998146999938, 0.0 ], [ 119.649629202000028, -9.389042985999936, 0.0 ], [ 119.649501219000058, -9.38908198699994, 0.0 ], [ 119.649443810000093, -9.38916768799993, 0.0 ], [ 119.649402712000096, -9.389358643999969, 0.0 ], [ 119.64938621500005, -9.389383971999962, 0.0 ], [ 119.649312669000096, -9.389496802999929, 0.0 ], [ 119.649214065000024, -9.389554547999978, 0.0 ], [ 119.648978141000043, -9.389570710999976, 0.0 ], [ 119.648858294000092, -9.389531028999954, 0.0 ], [ 119.648693502000015, -9.389368846999957, 0.0 ], [ 119.648662498000022, -9.389389394999966, 0.0 ], [ 119.648550656000111, -9.389426546999971, 0.0 ], [ 119.648480751000079, -9.389504907999935, 0.0 ], [ 119.648459359000071, -9.389604972999962, 0.0 ], [ 119.64849636100007, -9.389800127999933, 0.0 ], [ 119.648653122000042, -9.390155862999961, 0.0 ], [ 119.648699982000039, -9.390277755999932, 0.0 ], [ 119.648676870000031, -9.390402226999981, 0.0 ], [ 119.648584561, -9.39047683299998, 0.0 ], [ 119.648492202000057, -9.390485406999971, 0.0 ], [ 119.648391189000108, -9.390445657999976, 0.0 ], [ 119.648171043000048, -9.390343207999933, 0.0 ], [ 119.648043093000069, -9.390382110999951, 0.0 ], [ 119.64798522500007, -9.390470927999957, 0.0 ], [ 119.648044450000043, -9.390600613999936, 0.0 ], [ 119.648290547000101, -9.390905270999951, 0.0 ], [ 119.648596792000035, -9.39144302099993, 0.0 ], [ 119.648555345000091, -9.391591284999947, 0.0 ], [ 119.648433346000047, -9.391722407999964, 0.0 ], [ 119.648231813000052, -9.391730315999951, 0.0 ], [ 119.648075499000015, -9.391754330999959, 0.0 ], [ 119.64793648300008, -9.391873973999964, 0.0 ], [ 119.647768917, -9.392091408999931, 0.0 ], [ 119.647541468000099, -9.392451125999969, 0.0 ], [ 119.647390173000076, -9.392736240999966, 0.0 ], [ 119.647304904000066, -9.392851220999944, 0.0 ], [ 119.647317657000031, -9.393058124999982, 0.0 ], [ 119.647420204000014, -9.393322143999967, 0.0 ], [ 119.64745404700011, -9.393869425999981, 0.0 ], [ 119.647521777000065, -9.394243882999945, 0.0 ], [ 119.647465456000077, -9.394396767999979, 0.0 ], [ 119.647286423000082, -9.394516783999961, 0.0 ], [ 119.646306578, -9.395102785999939, 0.0 ], [ 119.646101562000013, -9.395388872999945, 0.0 ], [ 119.64592596600005, -9.395793408999964, 0.0 ], [ 119.645824984000114, -9.396000951999952, 0.0 ], [ 119.645690952000109, -9.396165534999966, 0.0 ], [ 119.645647643000075, -9.396353083999941, 0.0 ], [ 119.645662261000098, -9.396899188999953, 0.0 ], [ 119.64557534100004, -9.397159687999931, 0.0 ], [ 119.645428935000041, -9.397406643999943, 0.0 ], [ 119.645232749000115, -9.397541456999932, 0.0 ], [ 119.644917559000078, -9.397650545999966, 0.0 ], [ 119.644299795000052, -9.397888909999949, 0.0 ], [ 119.644057297000018, -9.398266722999949, 0.0 ], [ 119.643826982000064, -9.398624238999957, 0.0 ], [ 119.643652488000043, -9.398724141999935, 0.0 ], [ 119.643276284000081, -9.398927687999958, 0.0 ], [ 119.643166102, -9.399044799999956, 0.0 ], [ 119.642657579000115, -9.399598724999976, 0.0 ], [ 119.642532288000098, -9.399717768999949, 0.0 ], [ 119.642124218000049, -9.400105206999967, 0.0 ], [ 119.641924624000012, -9.400257094999972, 0.0 ], [ 119.64172932800011, -9.400574953999978, 0.0 ], [ 119.641649514000051, -9.400861941999949, 0.0 ], [ 119.641604139000037, -9.401425176999965, 0.0 ], [ 119.641523919000065, -9.401694858999974, 0.0 ], [ 119.641271936000066, -9.402166113999954, 0.0 ], [ 119.640329278000081, -9.404073905999951, 0.0 ], [ 119.640290997000079, -9.40427787699997, 0.0 ], [ 119.640226, -9.404609143999949, 0.0 ], [ 119.640141564000032, -9.404782863999969, 0.0 ], [ 119.639877170000091, -9.405257816999949, 0.0 ], [ 119.639844670000116, -9.405473349999966, 0.0 ], [ 119.639883608000105, -9.405697802999953, 0.0 ], [ 119.639958654000111, -9.405945203999977, 0.0 ], [ 119.639914059000034, -9.406477223999957, 0.0 ], [ 119.639900544000056, -9.406700677999936, 0.0 ], [ 119.639936578000061, -9.407061816999942, 0.0 ], [ 119.640009812000017, -9.407413781999935, 0.0 ], [ 119.639986266000051, -9.407662036999966, 0.0 ], [ 119.639868874000058, -9.408197111999925, 0.0 ], [ 119.639789686000086, -9.408689437999953, 0.0 ], [ 119.639663124000094, -9.40966769299996, 0.0 ], [ 119.639449795000019, -9.410321676999956, 0.0 ], [ 119.639358451000021, -9.410998567999968, 0.0 ], [ 119.639395185000012, -9.411183173999973, 0.0 ], [ 119.639493903000016, -9.411362004999944, 0.0 ], [ 119.639540109000109, -9.411466379999979, 0.0 ], [ 119.639500373000033, -9.411543174999963, 0.0 ], [ 119.63949518600009, -9.411662579999927, 0.0 ], [ 119.639728872000092, -9.412257748999934, 0.0 ], [ 119.639878825000096, -9.41263969299996, 0.0 ], [ 119.640157717000079, -9.413185286999976, 0.0 ], [ 119.640234768000028, -9.413532965999934, 0.0 ], [ 119.640238876000012, -9.414000286999965, 0.0 ], [ 119.6403295450001, -9.414226754999959, 0.0 ], [ 119.640418185000044, -9.414425689999973, 0.0 ], [ 119.640483016000076, -9.414533371999937, 0.0 ], [ 119.64054370100007, -9.414673659999949, 0.0 ], [ 119.640523251000104, -9.414863407999974, 0.0 ], [ 119.640509826000084, -9.415031173999978, 0.0 ], [ 119.640509920000113, -9.415065720999962, 0.0 ], [ 119.640515715000106, -9.415152598999953, 0.0 ], [ 119.640523076000022, -9.415190113999927, 0.0 ], [ 119.640524465000112, -9.415238575999979, 0.0 ], [ 119.64071014700005, -9.415854740999976, 0.0 ], [ 119.641196018000073, -9.416889614999945, 0.0 ], [ 119.641528371000049, -9.41747688199996, 0.0 ], [ 119.642187877000083, -9.418643833999965, 0.0 ], [ 119.642680527000039, -9.419429899999955, 0.0 ], [ 119.642714316000024, -9.419463186999963, 0.0 ], [ 119.642941816000075, -9.419850767999947, 0.0 ], [ 119.643342642000107, -9.420454771999971, 0.0 ], [ 119.643576433000021, -9.42091761699993, 0.0 ], [ 119.643829461000109, -9.421383086999981, 0.0 ], [ 119.644078862000015, -9.421832773999938, 0.0 ], [ 119.644263962000082, -9.422268459999941, 0.0 ], [ 119.644463271000063, -9.422754472999941, 0.0 ], [ 119.644584809000094, -9.42320148999994, 0.0 ], [ 119.64478039700009, -9.423779648999925, 0.0 ], [ 119.644899461000023, -9.424363116999928, 0.0 ], [ 119.644910365000101, -9.424740301999975, 0.0 ], [ 119.644801338000093, -9.42550158499995, 0.0 ], [ 119.644592833000047, -9.426468678999981, 0.0 ], [ 119.64342061800005, -9.43212017999997, 0.0 ], [ 119.642661980000071, -9.437823308999953, 0.0 ], [ 119.642503198000099, -9.438519398999972, 0.0 ], [ 119.642323490000081, -9.439266853999982, 0.0 ], [ 119.642165143000057, -9.439978744999962, 0.0 ], [ 119.642000862000032, -9.440706710999962, 0.0 ], [ 119.641820021000058, -9.441194054999926, 0.0 ], [ 119.641605308000067, -9.441945648999933, 0.0 ], [ 119.641368776000036, -9.442494842999963, 0.0 ], [ 119.641014209000105, -9.443161600999929, 0.0 ], [ 119.640620425000066, -9.443686709999952, 0.0 ], [ 119.640245711000034, -9.44420811699996, 0.0 ], [ 119.639872442000069, -9.444669224999927, 0.0 ], [ 119.639509653000118, -9.445050710999965, 0.0 ], [ 119.639113581000061, -9.445385556999952, 0.0 ], [ 119.638685575000068, -9.445681041999933, 0.0 ], [ 119.638552863000086, -9.445772664999936, 0.0 ], [ 119.63835417100006, -9.445912515999964, 0.0 ], [ 119.638120730000082, -9.446076801999936, 0.0 ], [ 119.637785782000037, -9.446258474999979, 0.0 ], [ 119.637633146000098, -9.446341301999951, 0.0 ], [ 119.637484570000083, -9.446424741999977, 0.0 ], [ 119.637299900000016, -9.446528427999965, 0.0 ], [ 119.63726925200001, -9.446540413999969, 0.0 ], [ 119.636538486000063, -9.446826084999941, 0.0 ], [ 119.636005121000039, -9.446942773999979, 0.0 ], [ 119.635576615000105, -9.447040618999949, 0.0 ], [ 119.635112182000057, -9.447110928999962, 0.0 ], [ 119.634668452000028, -9.447211395999943, 0.0 ], [ 119.634623394000073, -9.447223178999934, 0.0 ], [ 119.634475468000119, -9.447224812999934, 0.0 ], [ 119.634474764000061, -9.447224820999963, 0.0 ], [ 119.633531082000104, -9.447235242999966, 0.0 ], [ 119.632925133000072, -9.447160493999945, 0.0 ], [ 119.632181242000115, -9.447181645999933, 0.0 ], [ 119.631630046000055, -9.447217598999941, 0.0 ], [ 119.631406332000097, -9.447232240999938, 0.0 ], [ 119.630879981000021, -9.44725987399994, 0.0 ], [ 119.629909956, -9.447303335999948, 0.0 ], [ 119.629037083000071, -9.447391617999926, 0.0 ], [ 119.628587055000025, -9.447518618999936, 0.0 ], [ 119.627881454000089, -9.447646492999979, 0.0 ], [ 119.62740261700003, -9.447771185999954, 0.0 ], [ 119.627374153, -9.447776390999934, 0.0 ], [ 119.626986294000062, -9.447847313999944, 0.0 ], [ 119.626536866000038, -9.447931407999931, 0.0 ], [ 119.626334745, -9.447966493999957, 0.0 ], [ 119.625649176000024, -9.448014530999956, 0.0 ], [ 119.625395064000031, -9.44799736799996, 0.0 ], [ 119.624998490000053, -9.44794111899995, 0.0 ], [ 119.624336776000064, -9.448005868999928, 0.0 ], [ 119.623485552000034, -9.448246492999942, 0.0 ], [ 119.622635785000057, -9.448413024999979, 0.0 ], [ 119.621970810000107, -9.448532913999941, 0.0 ], [ 119.621796681000092, -9.448564386999976, 0.0 ], [ 119.621603456000116, -9.448599148999961, 0.0 ], [ 119.621289832000116, -9.448650662999967, 0.0 ], [ 119.620911917000058, -9.448699489999967, 0.0 ], [ 119.620761508000101, -9.448718922999944, 0.0 ], [ 119.620545801000048, -9.448772899999938, 0.0 ], [ 119.61914717600007, -9.44877930499996, 0.0 ], [ 119.618305852000049, -9.448732800999949, 0.0 ], [ 119.617369768000117, -9.448618538999938, 0.0 ], [ 119.616396172, -9.448619767999958, 0.0 ], [ 119.616186949000053, -9.448412593999933, 0.0 ], [ 119.616056699000069, -9.448264798999958, 0.0 ], [ 119.615389626000024, -9.447879472999944, 0.0 ], [ 119.615229168000042, -9.447859613999981, 0.0 ], [ 119.614972035000051, -9.447896926999931, 0.0 ], [ 119.614760785000044, -9.44788854799998, 0.0 ], [ 119.614214881000066, -9.447796892999975, 0.0 ], [ 119.614008234000039, -9.447637940999925, 0.0 ], [ 119.613802186000044, -9.447457268999926, 0.0 ], [ 119.613441798000053, -9.447324359999925, 0.0 ], [ 119.612728891000074, -9.447055894999949, 0.0 ], [ 119.612552673000096, -9.447026006999977, 0.0 ], [ 119.611725021000098, -9.446967641999947, 0.0 ], [ 119.611384104000081, -9.447004001999971, 0.0 ], [ 119.61131239000008, -9.447069911999961, 0.0 ], [ 119.611150063000082, -9.447260987999925, 0.0 ], [ 119.611013359000026, -9.447317171999941, 0.0 ], [ 119.610736125000017, -9.447288485999934, 0.0 ], [ 119.610517718000096, -9.447309332999964, 0.0 ], [ 119.610194218000061, -9.447313111999961, 0.0 ], [ 119.609970376000092, -9.447308347999979, 0.0 ], [ 119.609734640000056, -9.447346654999933, 0.0 ], [ 119.609341951000033, -9.447558283999967, 0.0 ], [ 119.608837847000018, -9.447919645999946, 0.0 ], [ 119.608508304000111, -9.448273114999949, 0.0 ], [ 119.608094658000027, -9.448492642999952, 0.0 ], [ 119.607933995000053, -9.448584970999946, 0.0 ], [ 119.607682313000055, -9.448724204999962, 0.0 ], [ 119.607468672000095, -9.448805113999981, 0.0 ], [ 119.607008072000099, -9.44885254899998, 0.0 ], [ 119.606693607000011, -9.44890167899996, 0.0 ], [ 119.606603125000106, -9.448936425999932, 0.0 ], [ 119.606549296000026, -9.448999890999971, 0.0 ], [ 119.6064653090001, -9.449203675999968, 0.0 ], [ 119.606299374000059, -9.449740188999954, 0.0 ], [ 119.606287407000082, -9.449908756999946, 0.0 ], [ 119.606246967000061, -9.450176591999934, 0.0 ], [ 119.6061552970001, -9.450379876999932, 0.0 ], [ 119.605595676, -9.451234678999981, 0.0 ], [ 119.605557455000053, -9.451267568999981, 0.0 ], [ 119.605485247000047, -9.451198501999954, 0.0 ], [ 119.60518787500007, -9.451029175999963, 0.0 ], [ 119.604928016000031, -9.450978797999937, 0.0 ], [ 119.604513034000092, -9.45094067399998, 0.0 ], [ 119.604274203000045, -9.450869439999963, 0.0 ], [ 119.604131028000097, -9.450728770999945, 0.0 ], [ 119.60399003100008, -9.449953409999978, 0.0 ], [ 119.603920544000061, -9.449471001999939, 0.0 ], [ 119.603742936000117, -9.449300905999962, 0.0 ], [ 119.603494873000045, -9.449212125999964, 0.0 ], [ 119.602406063000103, -9.449400453999942, 0.0 ], [ 119.602200745000118, -9.449409843999945, 0.0 ], [ 119.6015560620001, -9.449420159999931, 0.0 ], [ 119.601211669, -9.449411656999928, 0.0 ], [ 119.601073595000116, -9.449311299999977, 0.0 ], [ 119.600975515000073, -9.449197553999966, 0.0 ], [ 119.600829710000085, -9.448920126999951, 0.0 ], [ 119.600841389000038, -9.448546799999974, 0.0 ], [ 119.600929844, -9.448164206999934, 0.0 ], [ 119.600839995000115, -9.447782250999978, 0.0 ], [ 119.600732231000052, -9.447615298999949, 0.0 ], [ 119.600620918000118, -9.44751150299993, 0.0 ], [ 119.600429438000106, -9.447464267999976, 0.0 ], [ 119.600060281000083, -9.447468519999973, 0.0 ], [ 119.599598252000078, -9.447609302999979, 0.0 ], [ 119.59915310800011, -9.447793474999969, 0.0 ], [ 119.598641249000025, -9.448091803999944, 0.0 ], [ 119.598464262000107, -9.448193084999957, 0.0 ], [ 119.598270656000068, -9.448287297999968, 0.0 ], [ 119.598052111000015, -9.448447440999928, 0.0 ], [ 119.597873764000042, -9.448546238999938, 0.0 ], [ 119.597689857000091, -9.448556125999971, 0.0 ], [ 119.597414158000106, -9.448585335999951, 0.0 ], [ 119.597083842000075, -9.448635739999929, 0.0 ], [ 119.596608827000068, -9.448605291999968, 0.0 ], [ 119.596111720000067, -9.448442660999945, 0.0 ], [ 119.595935144, -9.448371877999932, 0.0 ], [ 119.595966358000055, -9.449208598999974, 0.0 ], [ 119.595868312000107, -9.449502066999969, 0.0 ], [ 119.595645217000083, -9.449948407999955, 0.0 ], [ 119.595490425000094, -9.450127266999971, 0.0 ], [ 119.59500284, -9.450778987999968, 0.0 ], [ 119.594872685000041, -9.451043363999929, 0.0 ], [ 119.594739469000046, -9.451269000999957, 0.0 ], [ 119.594482951000032, -9.45175250099993, 0.0 ], [ 119.594442904000061, -9.451955268999939, 0.0 ], [ 119.594401950000019, -9.45236895599993, 0.0 ], [ 119.594417513000053, -9.45292840999997, 0.0 ], [ 119.594534637000038, -9.453347519999966, 0.0 ], [ 119.594703501000026, -9.453983352999956, 0.0 ], [ 119.594737264000059, -9.454616209999926, 0.0 ], [ 119.594603652000046, -9.454884301999925, 0.0 ], [ 119.59399889000008, -9.455598236999947, 0.0 ], [ 119.593788358000097, -9.455861285999958, 0.0 ], [ 119.593362657000057, -9.456337394999935, 0.0 ], [ 119.59276598100007, -9.456951266999965, 0.0 ], [ 119.592332406000082, -9.457322280999961, 0.0 ], [ 119.592123576000063, -9.457361268999932, 0.0 ], [ 119.59171798300008, -9.457372344999953, 0.0 ], [ 119.589902607000113, -9.457384390999948, 0.0 ], [ 119.589059470000052, -9.457306674999927, 0.0 ], [ 119.588127234000012, -9.457378744999971, 0.0 ], [ 119.58783604100006, -9.457440626999926, 0.0 ], [ 119.587175966000018, -9.457687345999943, 0.0 ], [ 119.587003357000071, -9.457818457999963, 0.0 ], [ 119.585874208000064, -9.458014677999927, 0.0 ], [ 119.584827676000032, -9.458338210999955, 0.0 ], [ 119.58423933600011, -9.458772774999943, 0.0 ], [ 119.583789205000016, -9.459522099999958, 0.0 ], [ 119.58115677, -9.463961672999972, 0.0 ], [ 119.578954406000094, -9.467162875999975, 0.0 ], [ 119.578991184000074, -9.46722988199997, 0.0 ], [ 119.57903783200004, -9.467475315999934, 0.0 ], [ 119.579031795000105, -9.467870518999973, 0.0 ], [ 119.579019538000011, -9.468339861999937, 0.0 ], [ 119.578926390000106, -9.468653452999945, 0.0 ], [ 119.578747780000072, -9.468986643999926, 0.0 ], [ 119.578292275000081, -9.46938264399995, 0.0 ], [ 119.578117391000092, -9.469542689999969, 0.0 ], [ 119.577448268000012, -9.47009253899995, 0.0 ], [ 119.577182384000025, -9.470340674999932, 0.0 ], [ 119.576816198000074, -9.470717776999948, 0.0 ], [ 119.576342247000071, -9.471051596999928, 0.0 ], [ 119.576084065000032, -9.471272798999962, 0.0 ], [ 119.575917166000067, -9.471452392999936, 0.0 ], [ 119.575643957000011, -9.471655273999943, 0.0 ], [ 119.575196109000103, -9.47181153799994, 0.0 ], [ 119.574978453000085, -9.471851391999962, 0.0 ], [ 119.574632734000033, -9.471902549999982, 0.0 ], [ 119.574247782000043, -9.471876598999927, 0.0 ], [ 119.573556608000104, -9.471797111999933, 0.0 ], [ 119.572772435000047, -9.471822878999944, 0.0 ], [ 119.57222049500001, -9.471838997999953, 0.0 ], [ 119.571652250000056, -9.472056221999935, 0.0 ], [ 119.571354284000108, -9.472467393999978, 0.0 ], [ 119.571330279000108, -9.472670019999953, 0.0 ], [ 119.571431637000046, -9.473300109999968, 0.0 ], [ 119.571673239, -9.47434961099998, 0.0 ], [ 119.571733902, -9.474862676999976, 0.0 ], [ 119.571821843000066, -9.475916146999964, 0.0 ], [ 119.571991639000089, -9.477051784999958, 0.0 ], [ 119.571999216000108, -9.477222362999953, 0.0 ], [ 119.572002591000114, -9.477372848999948, 0.0 ], [ 119.571983856000088, -9.477825324999969, 0.0 ], [ 119.571845186000019, -9.478405863999967, 0.0 ], [ 119.571618830000034, -9.478771624999979, 0.0 ], [ 119.571386577000112, -9.479131299999949, 0.0 ], [ 119.57135710700004, -9.479200060999972, 0.0 ], [ 119.571118875000025, -9.479591658999936, 0.0 ], [ 119.57057033600006, -9.480658368999968, 0.0 ], [ 119.569148882000036, -9.483108346999927, 0.0 ], [ 119.56902027000001, -9.483338862999972, 0.0 ], [ 119.568704382000078, -9.483712201999936, 0.0 ], [ 119.567716711000116, -9.484769790999962, 0.0 ], [ 119.567151330000115, -9.485390429999939, 0.0 ], [ 119.566991336000115, -9.48550948899998, 0.0 ], [ 119.566720394000072, -9.485711135999964, 0.0 ], [ 119.566387311000085, -9.485959054999967, 0.0 ], [ 119.566314266000063, -9.486013411999977, 0.0 ], [ 119.566208869000093, -9.486091856999963, 0.0 ], [ 119.564124339000045, -9.487643462999927, 0.0 ], [ 119.563236178000011, -9.48813514099993, 0.0 ], [ 119.563059265000106, -9.488233083999944, 0.0 ], [ 119.562168648000011, -9.48872614499993, 0.0 ], [ 119.561534348, -9.48907728599994, 0.0 ], [ 119.560808912000084, -9.489453713999978, 0.0 ], [ 119.560226621000083, -9.48975588299993, 0.0 ], [ 119.559994505000077, -9.489876335999952, 0.0 ], [ 119.559146923000071, -9.490574506999963, 0.0 ], [ 119.558371828000077, -9.491028863999929, 0.0 ], [ 119.558346660000097, -9.491043616999946, 0.0 ], [ 119.558254487000113, -9.491097649999972, 0.0 ], [ 119.557657192000079, -9.491394334999939, 0.0 ], [ 119.557584102000078, -9.49142220899995, 0.0 ], [ 119.557191326000066, -9.49157198599994, 0.0 ], [ 119.557059615000071, -9.491622179999979, 0.0 ], [ 119.556134678000035, -9.491926553999974, 0.0 ], [ 119.555184877000102, -9.492293570999948, 0.0 ], [ 119.554959251000014, -9.492347234999954, 0.0 ], [ 119.554951643000095, -9.49234904399998, 0.0 ], [ 119.554951575000018, -9.492349059999981, 0.0 ], [ 119.554862723000042, -9.492370192999942, 0.0 ], [ 119.554353939000066, -9.492491195999946, 0.0 ], [ 119.552840334000052, -9.492203865999954, 0.0 ], [ 119.552013739000017, -9.491963523999971, 0.0 ], [ 119.550712802000021, -9.491318676999981, 0.0 ], [ 119.549957010000071, -9.490888257999927, 0.0 ], [ 119.549600958000042, -9.490685461999931, 0.0 ], [ 119.548469489000013, -9.49001937099996, 0.0 ], [ 119.548406815000021, -9.489965056999949, 0.0 ], [ 119.547866554000052, -9.489703947999942, 0.0 ], [ 119.546764892000056, -9.489171524999961, 0.0 ], [ 119.545672924000087, -9.48875720999996, 0.0 ], [ 119.544391646, -9.488287367999931, 0.0 ], [ 119.544360215000097, -9.488267746999952, 0.0 ], [ 119.543230440000116, -9.48788583399994, 0.0 ], [ 119.542401023000025, -9.487691560999963, 0.0 ], [ 119.540713590000109, -9.487296304999973, 0.0 ], [ 119.540580353000109, -9.487286549999965, 0.0 ], [ 119.539297863000115, -9.487204167999948, 0.0 ], [ 119.539213581000013, -9.487198306999971, 0.0 ], [ 119.539213323000013, -9.487198250999938, 0.0 ], [ 119.539036799000087, -9.487159743999939, 0.0 ], [ 119.538725559000113, -9.487133807999953, 0.0 ], [ 119.537681520000092, -9.487046805999967, 0.0 ], [ 119.536172539000063, -9.487085761999936, 0.0 ], [ 119.536125276, -9.487084863999939, 0.0 ], [ 119.535448541000051, -9.487174671999981, 0.0 ], [ 119.534806171000014, -9.487259803999962, 0.0 ], [ 119.533632535000038, -9.487671305999982, 0.0 ], [ 119.533565615000043, -9.48771460599994, 0.0 ], [ 119.532444989000055, -9.488439680999932, 0.0 ], [ 119.531490509000037, -9.489194552999948, 0.0 ], [ 119.530579959000079, -9.489911680999967, 0.0 ], [ 119.530070562000105, -9.490202008999972, 0.0 ], [ 119.529429692, -9.490567302999978, 0.0 ], [ 119.528555561000076, -9.490965241999959, 0.0 ], [ 119.527059548000011, -9.491816272999927, 0.0 ], [ 119.526019729000041, -9.492011485999967, 0.0 ], [ 119.525739151000039, -9.492062330999943, 0.0 ], [ 119.525082595000072, -9.491889159999971, 0.0 ], [ 119.524600811000028, -9.491761249999968, 0.0 ], [ 119.524434657000029, -9.491723501999957, 0.0 ], [ 119.524253378000026, -9.491684471999974, 0.0 ], [ 119.523574092000104, -9.491295628999978, 0.0 ], [ 119.523093654000036, -9.491071019999936, 0.0 ], [ 119.522780223000041, -9.490968520999957, 0.0 ], [ 119.522410576000084, -9.490922188999946, 0.0 ], [ 119.521590030000084, -9.490976797999963, 0.0 ], [ 119.52129418700008, -9.491037560999928, 0.0 ], [ 119.521020139000029, -9.491162673999952, 0.0 ], [ 119.52084168600004, -9.491330814999969, 0.0 ], [ 119.520569124000076, -9.492057908999925, 0.0 ], [ 119.520511364000072, -9.492300475999969, 0.0 ], [ 119.520484720000013, -9.493153331999963, 0.0 ], [ 119.520533105000027, -9.493517001999976, 0.0 ], [ 119.520558031000064, -9.493748954999944, 0.0 ], [ 119.52058851400011, -9.494088070999965, 0.0 ], [ 119.520544124000025, -9.494530426999972, 0.0 ], [ 119.520430981000118, -9.49479957899996, 0.0 ], [ 119.520389247000026, -9.494855954999935, 0.0 ], [ 119.520264406000024, -9.495140753999976, 0.0 ], [ 119.520214672000066, -9.495404157999928, 0.0 ], [ 119.520257123000079, -9.495781802999943, 0.0 ], [ 119.520355810000069, -9.496108815999946, 0.0 ], [ 119.520465533000106, -9.496292112999981, 0.0 ], [ 119.52072057700002, -9.496569896999972, 0.0 ], [ 119.520874701000025, -9.496719953999957, 0.0 ], [ 119.521099107000055, -9.496888836999972, 0.0 ], [ 119.521574655000109, -9.49703242399994, 0.0 ], [ 119.522132468000109, -9.497163297999975, 0.0 ], [ 119.522695549000105, -9.497236553999926, 0.0 ], [ 119.522927264000032, -9.497264599999937, 0.0 ], [ 119.523164505000068, -9.497192861999963, 0.0 ], [ 119.523320825000042, -9.497043019999978, 0.0 ], [ 119.523553111000069, -9.496766462999972, 0.0 ], [ 119.523834524000108, -9.496674822999978, 0.0 ], [ 119.524329273000035, -9.496577584999955, 0.0 ], [ 119.524670112000081, -9.49652287999993, 0.0 ], [ 119.524965402000021, -9.496477771999935, 0.0 ], [ 119.525345516000016, -9.496479208999972, 0.0 ], [ 119.52570499300009, -9.496637977999967, 0.0 ], [ 119.525840134000077, -9.496694994999928, 0.0 ], [ 119.526019378000115, -9.496665036999957, 0.0 ], [ 119.526296995000052, -9.496375007999973, 0.0 ], [ 119.526389711000093, -9.496356615999957, 0.0 ], [ 119.526745831000085, -9.496429110999941, 0.0 ], [ 119.52704243800008, -9.496481537999955, 0.0 ], [ 119.527373425000064, -9.496698667999965, 0.0 ], [ 119.52747390400009, -9.496853894999958, 0.0 ], [ 119.527494406000073, -9.496993412999927, 0.0 ], [ 119.527503684000067, -9.497204256999964, 0.0 ], [ 119.527517281000087, -9.497512704999963, 0.0 ], [ 119.527480248000074, -9.497720813999933, 0.0 ], [ 119.52745854300008, -9.497836285999938, 0.0 ], [ 119.527594858000043, -9.498116223999943, 0.0 ], [ 119.5276499470001, -9.498340975999952, 0.0 ], [ 119.527563021000105, -9.498436664999929, 0.0 ], [ 119.527230175000113, -9.498538885999949, 0.0 ], [ 119.527078500000016, -9.498621990999936, 0.0 ], [ 119.52700229800007, -9.498700588999952, 0.0 ], [ 119.52694628100005, -9.498934817999952, 0.0 ], [ 119.526839606000067, -9.499249812999949, 0.0 ], [ 119.526801576000025, -9.49934615899997, 0.0 ], [ 119.52668849500003, -9.499507204999929, 0.0 ], [ 119.526639125000088, -9.499710377999975, 0.0 ], [ 119.526652733000105, -9.499863941999934, 0.0 ], [ 119.526679639, -9.499940033999962, 0.0 ], [ 119.526639233000083, -9.500000565999926, 0.0 ], [ 119.526534010000091, -9.50015809699994, 0.0 ], [ 119.526372798000011, -9.500399410999933, 0.0 ], [ 119.526318551000031, -9.500493778999953, 0.0 ], [ 119.526355826000099, -9.500555258999952, 0.0 ], [ 119.52628978700011, -9.501567386999966, 0.0 ], [ 119.526235124000095, -9.502404976999969, 0.0 ], [ 119.526258236000103, -9.503181615999949, 0.0 ], [ 119.526247543000068, -9.504112497999927, 0.0 ], [ 119.526244757000086, -9.504756470999951, 0.0 ], [ 119.526126552000051, -9.506304492999959, 0.0 ], [ 119.526035756000056, -9.507657567999956, 0.0 ], [ 119.525971721000019, -9.50861189699998, 0.0 ], [ 119.525946987000111, -9.50903010299993, 0.0 ], [ 119.525845424000067, -9.509418173999961, 0.0 ], [ 119.525669171000118, -9.509796125999969, 0.0 ], [ 119.525339319000068, -9.509799424999926, 0.0 ], [ 119.525204106000047, -9.509769896999956, 0.0 ], [ 119.524931863, -9.509731723999948, 0.0 ], [ 119.524736183000073, -9.509871288999932, 0.0 ], [ 119.524653616000023, -9.510002850999967, 0.0 ], [ 119.524616610000066, -9.510211458999947, 0.0 ], [ 119.524642941000025, -9.510367034999945, 0.0 ], [ 119.52482266100003, -9.510644573999969, 0.0 ], [ 119.52489790900006, -9.510790743999962, 0.0 ], [ 119.524873113000012, -9.511205240999971, 0.0 ], [ 119.524993943000027, -9.51128483399998, 0.0 ], [ 119.525080136000042, -9.511341864999963, 0.0 ], [ 119.525335449000067, -9.511430142999927, 0.0 ], [ 119.525253784000029, -9.511510705999967, 0.0 ], [ 119.525175421000085, -9.511576457999979, 0.0 ], [ 119.525149561000035, -9.511654455999974, 0.0 ], [ 119.52514408400009, -9.511736507999956, 0.0 ], [ 119.525190591000069, -9.511812082999938, 0.0 ], [ 119.525196813000093, -9.512061237999944, 0.0 ], [ 119.525215812000056, -9.512158955999951, 0.0 ], [ 119.525306590000014, -9.512296395999954, 0.0 ], [ 119.525222967000104, -9.512408923999942, 0.0 ], [ 119.525179967000099, -9.512459504999981, 0.0 ], [ 119.525177486000075, -9.512523875999932, 0.0 ], [ 119.525224986000012, -9.512630660999946, 0.0 ], [ 119.525172840000096, -9.512895987999968, 0.0 ], [ 119.524873078000041, -9.513290978999976, 0.0 ], [ 119.524863702000061, -9.513303333999943, 0.0 ], [ 119.524770021000108, -9.513517602999968, 0.0 ], [ 119.524741075000065, -9.51358384699995, 0.0 ] ] ] ] } },
{ "type": "Feature", "properties": { "nm_kecamatan": "Umbu Ratu Nggay" }, "geometry": { "type": "MultiPolygon", "coordinates": [ [ [ [ 119.795431186000087, -9.689587609999933, 0.0 ], [ 119.795386844000063, -9.689569206999977, 0.0 ], [ 119.795231445000013, -9.689459005999936, 0.0 ], [ 119.795125658000075, -9.689370301999929, 0.0 ], [ 119.794991686000117, -9.689257963999978, 0.0 ], [ 119.794233220000024, -9.688621971999964, 0.0 ], [ 119.793871110000055, -9.688474904999964, 0.0 ], [ 119.79379945800008, -9.688456151999958, 0.0 ], [ 119.793478016000108, -9.688372024999978, 0.0 ], [ 119.793040692000091, -9.688353684999981, 0.0 ], [ 119.793014233, -9.688352574999954, 0.0 ], [ 119.792720848000044, -9.68839861999993, 0.0 ], [ 119.792372088000093, -9.688514914999928, 0.0 ], [ 119.79224591600007, -9.688556987999959, 0.0 ], [ 119.791771939000114, -9.688783657999977, 0.0 ], [ 119.79121710600009, -9.689061334999963, 0.0 ], [ 119.790986721000081, -9.689127404999965, 0.0 ], [ 119.790916475000017, -9.689147549999973, 0.0 ], [ 119.790879908000079, -9.68915803799996, 0.0 ], [ 119.790779424000107, -9.689186854999946, 0.0 ], [ 119.790552587000093, -9.68925190799996, 0.0 ], [ 119.790217362000021, -9.689348043999928, 0.0 ], [ 119.788856944000031, -9.689649700999951, 0.0 ], [ 119.788819972000056, -9.68965964299997, 0.0 ], [ 119.788726036000071, -9.689684900999964, 0.0 ], [ 119.787772849000021, -9.689941196999939, 0.0 ], [ 119.787555826000016, -9.69008198399996, 0.0 ], [ 119.787503773000026, -9.690120295999975, 0.0 ], [ 119.787305975000095, -9.690271245999952, 0.0 ], [ 119.786974579000116, -9.690524152999956, 0.0 ], [ 119.78685517100007, -9.690553081999951, 0.0 ], [ 119.786691356, -9.690592768999977, 0.0 ], [ 119.786027562000072, -9.690724350999972, 0.0 ], [ 119.785626791000027, -9.69080379299993, 0.0 ], [ 119.78558461700004, -9.690812152999968, 0.0 ], [ 119.785468784000045, -9.69094010699996, 0.0 ], [ 119.785448173000077, -9.690962874999968, 0.0 ], [ 119.785277478000012, -9.691314939999927, 0.0 ], [ 119.785256975000038, -9.691390396999964, 0.0 ], [ 119.785131915000079, -9.691850659999943, 0.0 ], [ 119.785121104000041, -9.69189044999996, 0.0 ], [ 119.785111204000032, -9.69192688499993, 0.0 ], [ 119.785000806000085, -9.692532584999981, 0.0 ], [ 119.784791420000033, -9.693203660999927, 0.0 ], [ 119.784667350000063, -9.693601303999969, 0.0 ], [ 119.784410100000059, -9.69391787099994, 0.0 ], [ 119.784315910000032, -9.693948306999971, 0.0 ], [ 119.784160626000016, -9.693998485999941, 0.0 ], [ 119.783896417000051, -9.694083862999946, 0.0 ], [ 119.783666941000092, -9.694044257999963, 0.0 ], [ 119.783243840000068, -9.693832616999941, 0.0 ], [ 119.78279700500002, -9.693633698999975, 0.0 ], [ 119.782520574000046, -9.693595622999965, 0.0 ], [ 119.782421642000031, -9.693615196999929, 0.0 ], [ 119.782309972, -9.693637292999938, 0.0 ], [ 119.78213229500011, -9.693612209999969, 0.0 ], [ 119.780424545000074, -9.694351111999936, 0.0 ], [ 119.779272580000111, -9.694557217999943, 0.0 ], [ 119.779272614000092, -9.694557335999946, 0.0 ], [ 119.779633147000027, -9.695816699999966, 0.0 ], [ 119.78002226600006, -9.696218425999973, 0.0 ], [ 119.780022275000078, -9.69621854899998, 0.0 ], [ 119.780116083000053, -9.697474992999958, 0.0 ], [ 119.780149822000112, -9.697926891999941, 0.0 ], [ 119.780198060000089, -9.697995056999957, 0.0 ], [ 119.780198012000028, -9.697995099999957, 0.0 ], [ 119.780086430000097, -9.698094896999976, 0.0 ], [ 119.779795213000057, -9.698355355999979, 0.0 ], [ 119.77955488900011, -9.698563763999971, 0.0 ], [ 119.779368153000064, -9.698725699999954, 0.0 ], [ 119.779253772000061, -9.698917827999935, 0.0 ], [ 119.779253765000021, -9.698917944999948, 0.0 ], [ 119.779243486000041, -9.699097577999964, 0.0 ], [ 119.779238682000027, -9.699181535999969, 0.0 ], [ 119.779238679000059, -9.699181651999936, 0.0 ], [ 119.779234928000051, -9.699422185999936, 0.0 ], [ 119.779202676000068, -9.699655138999958, 0.0 ], [ 119.779142680000064, -9.700088482999945, 0.0 ], [ 119.779124534000061, -9.70021954799995, 0.0 ], [ 119.778965017000019, -9.70056008399996, 0.0 ], [ 119.778698703000032, -9.700906144999976, 0.0 ], [ 119.778655016000016, -9.700962914999934, 0.0 ], [ 119.778480717000093, -9.701047962999951, 0.0 ], [ 119.77831948700009, -9.701066003999927, 0.0 ], [ 119.777286833000062, -9.700901637999948, 0.0 ], [ 119.776601767000102, -9.700920808999967, 0.0 ], [ 119.776342248000105, -9.701017514999933, 0.0 ], [ 119.776007192000066, -9.701269993999972, 0.0 ], [ 119.775529774, -9.701623369999936, 0.0 ], [ 119.775433648000103, -9.701687844999981, 0.0 ], [ 119.775250461000041, -9.701810715999954, 0.0 ], [ 119.775014255000087, -9.701969148999979, 0.0 ], [ 119.774641877000022, -9.702347318999955, 0.0 ], [ 119.774393495000027, -9.702558496999927, 0.0 ], [ 119.774028662000092, -9.702761289999955, 0.0 ], [ 119.773607418000097, -9.703034315999957, 0.0 ], [ 119.773545277000039, -9.703079266999964, 0.0 ], [ 119.773013961000061, -9.703463601999943, 0.0 ], [ 119.772687433000101, -9.703699798999935, 0.0 ], [ 119.772684626000114, -9.703701709999962, 0.0 ], [ 119.772617253000021, -9.70362031999997, 0.0 ], [ 119.772565050000026, -9.703558656999974, 0.0 ], [ 119.772496308000086, -9.703470140999968, 0.0 ], [ 119.772490644000072, -9.703461310999955, 0.0 ], [ 119.77244118200008, -9.703384206999942, 0.0 ], [ 119.772370893000016, -9.703284692999944, 0.0 ], [ 119.772322844000087, -9.703216667999982, 0.0 ], [ 119.77211710000006, -9.703088378999951, 0.0 ], [ 119.771728358000018, -9.70287802799993, 0.0 ], [ 119.771357099000056, -9.702651009999954, 0.0 ], [ 119.771085011000082, -9.702613937999956, 0.0 ], [ 119.7704807450001, -9.702598617999968, 0.0 ], [ 119.769781674000114, -9.702660857999945, 0.0 ], [ 119.769701274000113, -9.702684193999971, 0.0 ], [ 119.769464062000111, -9.702753042999973, 0.0 ], [ 119.76925682500007, -9.702896301999942, 0.0 ], [ 119.769255957000041, -9.702896902999953, 0.0 ], [ 119.768645395000021, -9.70331951999998, 0.0 ], [ 119.768630427000062, -9.703329879999956, 0.0 ], [ 119.76822401700008, -9.703611186999979, 0.0 ], [ 119.767964018000043, -9.703685692999954, 0.0 ], [ 119.767347658000062, -9.703876826999931, 0.0 ], [ 119.767217401000039, -9.704019760999927, 0.0 ], [ 119.767050884000014, -9.704182747999937, 0.0 ], [ 119.766947395000102, -9.704284049999956, 0.0 ], [ 119.766903400000047, -9.704310380999971, 0.0 ], [ 119.766739863000112, -9.704408255999965, 0.0 ], [ 119.766622916000074, -9.70447824799993, 0.0 ], [ 119.766540179000117, -9.704527763999977, 0.0 ], [ 119.766064754000013, -9.704438044999961, 0.0 ], [ 119.766002836000098, -9.704464472999973, 0.0 ], [ 119.760825350000118, -9.703822159999959, 0.0 ], [ 119.759205592000058, -9.701548884999966, 0.0 ], [ 119.757302024000069, -9.699764289999962, 0.0 ], [ 119.754803590000051, -9.697979693999969, 0.0 ], [ 119.750758506000011, -9.695957151999949, 0.0 ], [ 119.746356503000015, -9.69405358299997, 0.0 ], [ 119.74171655400005, -9.692863852999949, 0.0 ], [ 119.737790443000108, -9.69203104099995, 0.0 ], [ 119.733745360000057, -9.691317202999926, 0.0 ], [ 119.729581303000032, -9.690722337999944, 0.0 ], [ 119.7253348590001, -9.69022631799993, 0.0 ], [ 119.725334186000055, -9.690226250999956, 0.0 ], [ 119.724717994000116, -9.690164720999974, 0.0 ], [ 119.724334152000097, -9.690126397999961, 0.0 ], [ 119.723822268000049, -9.690045462999933, 0.0 ], [ 119.72328368, -9.690044344999933, 0.0 ], [ 119.723205023000105, -9.690029351999954, 0.0 ], [ 119.723077671000055, -9.690032780999957, 0.0 ], [ 119.722665669000094, -9.690043831999958, 0.0 ], [ 119.72225078300005, -9.690054959999941, 0.0 ], [ 119.721122521000098, -9.690044023999974, 0.0 ], [ 119.720298679000052, -9.690008980999949, 0.0 ], [ 119.720032539000044, -9.689997648999963, 0.0 ], [ 119.71987023600002, -9.689976175999959, 0.0 ], [ 119.71951544, -9.68994915299993, 0.0 ], [ 119.718578401000059, -9.689862461999951, 0.0 ], [ 119.717678699000089, -9.689798273999941, 0.0 ], [ 119.717246798000019, -9.689767462999953, 0.0 ], [ 119.717170356000111, -9.689756308999961, 0.0 ], [ 119.716803037000091, -9.689702771999976, 0.0 ], [ 119.716100924000102, -9.689600412999937, 0.0 ], [ 119.715243807000093, -9.689441239999951, 0.0 ], [ 119.714407149000067, -9.689285867999956, 0.0 ], [ 119.714319145000104, -9.689266071999953, 0.0 ], [ 119.713595411000028, -9.689103203999935, 0.0 ], [ 119.713376308000079, -9.689053899999976, 0.0 ], [ 119.712820307000015, -9.688925221999966, 0.0 ], [ 119.712174621000031, -9.688775800999963, 0.0 ], [ 119.712089318000039, -9.688758115999974, 0.0 ], [ 119.711281364000115, -9.688579200999982, 0.0 ], [ 119.710928176000039, -9.688517308999963, 0.0 ], [ 119.710447571000032, -9.688374929999952, 0.0 ], [ 119.709805569000082, -9.688221734999956, 0.0 ], [ 119.709722893000048, -9.688200976999951, 0.0 ], [ 119.708722732000069, -9.687943102999952, 0.0 ], [ 119.708401681000055, -9.687860302999979, 0.0 ], [ 119.707160002000023, -9.687386696999965, 0.0 ], [ 119.707065871000054, -9.687350786999957, 0.0 ], [ 119.706868553000049, -9.687280951999981, 0.0 ], [ 119.70632557600004, -9.687088772999971, 0.0 ], [ 119.706017536000104, -9.686964581999973, 0.0 ], [ 119.705769150000037, -9.686891841999966, 0.0 ], [ 119.704838282000082, -9.686560733999954, 0.0 ], [ 119.70480141400003, -9.686547617999963, 0.0 ], [ 119.70401946100003, -9.686188496999932, 0.0 ], [ 119.703748897000082, -9.686079833999941, 0.0 ], [ 119.702660337000111, -9.685545443999956, 0.0 ], [ 119.702453786000092, -9.685457864999933, 0.0 ], [ 119.701574850000043, -9.685085096999956, 0.0 ], [ 119.701220675000059, -9.684934884999961, 0.0 ], [ 119.701069427000107, -9.684842366999931, 0.0 ], [ 119.700798449000104, -9.684676619999948, 0.0 ], [ 119.700582336000025, -9.684544413999959, 0.0 ], [ 119.700056424000081, -9.684222708999926, 0.0 ], [ 119.699043511000013, -9.684165631999974, 0.0 ], [ 119.698810069000046, -9.684148283999946, 0.0 ], [ 119.698608671000102, -9.68414209599996, 0.0 ], [ 119.698560860000043, -9.684123126999964, 0.0 ], [ 119.698285186000021, -9.683888894999939, 0.0 ], [ 119.698235157000113, -9.683864610999933, 0.0 ], [ 119.697798512000077, -9.683652611999946, 0.0 ], [ 119.696936946000051, -9.683492488999946, 0.0 ], [ 119.696811856000068, -9.683532877999937, 0.0 ], [ 119.696779487000072, -9.683599224999966, 0.0 ], [ 119.696693481000011, -9.683741801999929, 0.0 ], [ 119.696558752000101, -9.68369626499998, 0.0 ], [ 119.696324954000033, -9.68352202899996, 0.0 ], [ 119.696121373000096, -9.68331909799997, 0.0 ], [ 119.696052981000093, -9.683168467999963, 0.0 ], [ 119.696337374000109, -9.683036707999975, 0.0 ], [ 119.696560800000043, -9.682892221999964, 0.0 ], [ 119.6967505, -9.682602078999935, 0.0 ], [ 119.696802817000048, -9.682522080999945, 0.0 ], [ 119.696739896000054, -9.682400886999972, 0.0 ], [ 119.696579514000064, -9.682283973999972, 0.0 ], [ 119.696398875000114, -9.682195725999975, 0.0 ], [ 119.696362597000075, -9.682183410999926, 0.0 ], [ 119.696118261000038, -9.682100476999949, 0.0 ], [ 119.695936190000111, -9.682098006999979, 0.0 ], [ 119.695633866000094, -9.682142254999974, 0.0 ], [ 119.695345108000083, -9.682184487999962, 0.0 ], [ 119.695019674000037, -9.682238, 0.0 ], [ 119.694947203000083, -9.682243718999928, 0.0 ], [ 119.694825062000064, -9.682253342999957, 0.0 ], [ 119.694582605000051, -9.682210267999949, 0.0 ], [ 119.694315467000024, -9.682037141999956, 0.0 ], [ 119.693922077000025, -9.681675234999943, 0.0 ], [ 119.693713346000095, -9.681413672999952, 0.0 ], [ 119.693395281000107, -9.681110110999953, 0.0 ], [ 119.693152308000094, -9.680943394999929, 0.0 ], [ 119.69292580900003, -9.680861750999952, 0.0 ], [ 119.692776105, -9.680874191999976, 0.0 ], [ 119.692624964000061, -9.680987311999957, 0.0 ], [ 119.692467089000047, -9.681069471999933, 0.0 ], [ 119.692338126000095, -9.681047749999948, 0.0 ], [ 119.692214048000096, -9.680963083999927, 0.0 ], [ 119.691919795000103, -9.680577454999934, 0.0 ], [ 119.691711, -9.68012233099995, 0.0 ], [ 119.691599151000105, -9.679944316999979, 0.0 ], [ 119.69136237400005, -9.679627675999939, 0.0 ], [ 119.69105262700009, -9.67932742499994, 0.0 ], [ 119.6903827000001, -9.679038928999944, 0.0 ], [ 119.690237173000014, -9.67894251599995, 0.0 ], [ 119.689870140000039, -9.678365484999972, 0.0 ], [ 119.689830531000098, -9.677813034999929, 0.0 ], [ 119.689989044000072, -9.67755184799995, 0.0 ], [ 119.6901564530001, -9.677231707999965, 0.0 ], [ 119.690150839000012, -9.677112189999946, 0.0 ], [ 119.689911780000102, -9.67702447299996, 0.0 ], [ 119.68965735200004, -9.676938298999971, 0.0 ], [ 119.689686554000104, -9.676752366999949, 0.0 ], [ 119.68960013100002, -9.676530553999953, 0.0 ], [ 119.689490721000084, -9.676382972999932, 0.0 ], [ 119.689370727000096, -9.676219860999936, 0.0 ], [ 119.689166048000061, -9.675858787999971, 0.0 ], [ 119.689087530000052, -9.675558843999966, 0.0 ], [ 119.689043081000023, -9.674660924999955, 0.0 ], [ 119.689083506000088, -9.673752422999939, 0.0 ], [ 119.689081203000114, -9.67337867699996, 0.0 ], [ 119.688932763000025, -9.672271375999969, 0.0 ], [ 119.688824019000094, -9.671809486999962, 0.0 ], [ 119.688621279000017, -9.671215390999976, 0.0 ], [ 119.688587354000106, -9.67098492599996, 0.0 ], [ 119.688629140000103, -9.670293096999956, 0.0 ], [ 119.688631813000029, -9.670248458999936, 0.0 ], [ 119.688271082000028, -9.667799584999955, 0.0 ], [ 119.68817036300004, -9.667277251999963, 0.0 ], [ 119.688026829000023, -9.666532836999977, 0.0 ], [ 119.687721998000029, -9.664992428999938, 0.0 ], [ 119.687537549000012, -9.664222361999975, 0.0 ], [ 119.687389736000114, -9.663605318999942, 0.0 ], [ 119.687348433000011, -9.663390733999961, 0.0 ], [ 119.687081019000061, -9.662001178999958, 0.0 ], [ 119.686943552000116, -9.661507273999973, 0.0 ], [ 119.686584278000055, -9.660216499999933, 0.0 ], [ 119.68652071200006, -9.659988148999958, 0.0 ], [ 119.686234364000029, -9.658371021999926, 0.0 ], [ 119.686220992000017, -9.658279970999956, 0.0 ], [ 119.686051445000089, -9.657125955999959, 0.0 ], [ 119.686020394000025, -9.656475722999971, 0.0 ], [ 119.68601064500001, -9.656271711999977, 0.0 ], [ 119.685929576000035, -9.655360412999926, 0.0 ], [ 119.685905490000096, -9.655089646999954, 0.0 ], [ 119.685814956000058, -9.65408283599993, 0.0 ], [ 119.685681557000066, -9.652968054999974, 0.0 ], [ 119.68564574100003, -9.652734219999957, 0.0 ], [ 119.685499453000034, -9.652045296999972, 0.0 ], [ 119.68541227500009, -9.651449584999966, 0.0 ], [ 119.685293648000084, -9.650207053999964, 0.0 ], [ 119.6851621510001, -9.649345093999955, 0.0 ], [ 119.685154741000019, -9.649184233999961, 0.0 ], [ 119.685064896000085, -9.648560648999933, 0.0 ], [ 119.684861315000035, -9.646859743999926, 0.0 ], [ 119.684875892000036, -9.646078304999946, 0.0 ], [ 119.684895337000057, -9.645584192999934, 0.0 ], [ 119.684915250000017, -9.645077896999965, 0.0 ], [ 119.68493211200007, -9.644649085999959, 0.0 ], [ 119.684577397000112, -9.644307627999979, 0.0 ], [ 119.684494425000025, -9.644292721999932, 0.0 ], [ 119.684417739000082, -9.644221048999952, 0.0 ], [ 119.684569427000042, -9.64398295899997, 0.0 ], [ 119.684640086000059, -9.643830460999936, 0.0 ], [ 119.684716345000083, -9.643555030999948, 0.0 ], [ 119.685036429000093, -9.64316110599998, 0.0 ], [ 119.685169607000034, -9.643040904999964, 0.0 ], [ 119.685448740000083, -9.642888956999968, 0.0 ], [ 119.685495550000041, -9.642778150999959, 0.0 ], [ 119.68545240200001, -9.642686896999976, 0.0 ], [ 119.685611735000066, -9.642514514999959, 0.0 ], [ 119.685741110000095, -9.642262782999978, 0.0 ], [ 119.685871422000105, -9.64181886199998, 0.0 ], [ 119.686108905000083, -9.641455252999947, 0.0 ], [ 119.686317169000063, -9.641267006999954, 0.0 ], [ 119.686693046000073, -9.640941975999965, 0.0 ], [ 119.68695565500002, -9.640724156999966, 0.0 ], [ 119.687448407000034, -9.640441282999973, 0.0 ], [ 119.688489204, -9.639794453999968, 0.0 ], [ 119.68860364000011, -9.639651816999958, 0.0 ], [ 119.689213248000101, -9.638829534999957, 0.0 ], [ 119.689890593000086, -9.638207889999933, 0.0 ], [ 119.690088449000086, -9.637961939999968, 0.0 ], [ 119.69021305900003, -9.637432534999959, 0.0 ], [ 119.690474175000077, -9.636703463999936, 0.0 ], [ 119.690440062000107, -9.636527536999949, 0.0 ], [ 119.690245342000026, -9.635838379999939, 0.0 ], [ 119.690246809000087, -9.635777362999931, 0.0 ], [ 119.690307293000046, -9.634930159999954, 0.0 ], [ 119.690333422000094, -9.634696100999975, 0.0 ], [ 119.69039014000009, -9.634364408999943, 0.0 ], [ 119.690517937000095, -9.634113128999957, 0.0 ], [ 119.690808017000109, -9.633641220999948, 0.0 ], [ 119.690962923000029, -9.63345279899994, 0.0 ], [ 119.691142669000101, -9.633150893999925, 0.0 ], [ 119.691249653000114, -9.632783952999944, 0.0 ], [ 119.691351825000083, -9.632373720999965, 0.0 ], [ 119.691711910000095, -9.631100234999963, 0.0 ], [ 119.691904154000099, -9.630881062999947, 0.0 ], [ 119.69213087300011, -9.630795034999949, 0.0 ], [ 119.692399858000044, -9.630748475999951, 0.0 ], [ 119.692706951000105, -9.630671674999974, 0.0 ], [ 119.69293208900001, -9.630547050999951, 0.0 ], [ 119.693349019000038, -9.630128911999975, 0.0 ], [ 119.693674247000104, -9.629784470999937, 0.0 ], [ 119.693999498000039, -9.62944003399997, 0.0 ], [ 119.694204391000085, -9.629233584999952, 0.0 ], [ 119.694362297000112, -9.629130360999966, 0.0 ], [ 119.694515262000095, -9.629126458999963, 0.0 ], [ 119.695024360000048, -9.62920294099996, 0.0 ], [ 119.695208418000107, -9.629229940999949, 0.0 ], [ 119.695354639000016, -9.629239678999966, 0.0 ], [ 119.695565248000094, -9.629248687999961, 0.0 ], [ 119.695886220000034, -9.629249331999972, 0.0 ], [ 119.695982449000098, -9.629213611999944, 0.0 ], [ 119.696035371000107, -9.629140034999978, 0.0 ], [ 119.696130559000039, -9.629025851999927, 0.0 ], [ 119.696866420000106, -9.62827559699997, 0.0 ], [ 119.697451033000107, -9.627859124999929, 0.0 ], [ 119.697504887000036, -9.627799330999949, 0.0 ], [ 119.697557326000037, -9.627804081999955, 0.0 ], [ 119.697778189000019, -9.627835145999939, 0.0 ], [ 119.698124218000089, -9.627809468999942, 0.0 ], [ 119.698587826000107, -9.627769803999968, 0.0 ], [ 119.698669607000056, -9.627755924999974, 0.0 ], [ 119.698880798000118, -9.627667642999938, 0.0 ], [ 119.699341261000086, -9.627355271999932, 0.0 ], [ 119.699621171000103, -9.627261035999936, 0.0 ], [ 119.69978818800007, -9.627138701999968, 0.0 ], [ 119.700115622000112, -9.626853080999979, 0.0 ], [ 119.7002819490001, -9.626797020999959, 0.0 ], [ 119.70047618500007, -9.626701972999967, 0.0 ], [ 119.700626389000035, -9.626614408999956, 0.0 ], [ 119.700755545000106, -9.626591818999941, 0.0 ], [ 119.700891328000012, -9.626526912999964, 0.0 ], [ 119.700988421000034, -9.626477956999963, 0.0 ], [ 119.701114159000099, -9.626441314999965, 0.0 ], [ 119.701140126000041, -9.626427253999964, 0.0 ], [ 119.701409589000036, -9.62597752399995, 0.0 ], [ 119.701596588000029, -9.625808709999944, 0.0 ], [ 119.702254927000013, -9.625469115999977, 0.0 ], [ 119.702445272000091, -9.625260818999948, 0.0 ], [ 119.702683324000077, -9.625000305999947, 0.0 ], [ 119.703860705000011, -9.62317233899995, 0.0 ], [ 119.704217647000064, -9.622618182999929, 0.0 ], [ 119.704441535000115, -9.622282018999954, 0.0 ], [ 119.704508199000088, -9.622167091999927, 0.0 ], [ 119.704576708000104, -9.622060727999951, 0.0 ], [ 119.704978897000046, -9.621493182999927, 0.0 ], [ 119.705309758000112, -9.621025566999947, 0.0 ], [ 119.706048358000089, -9.620466077999936, 0.0 ], [ 119.707193983000025, -9.619607550999945, 0.0 ], [ 119.7074036570001, -9.619402970999943, 0.0 ], [ 119.707902611, -9.619311548999974, 0.0 ], [ 119.708245935000036, -9.619264800999929, 0.0 ], [ 119.708716810000055, -9.618962515999954, 0.0 ], [ 119.708921049000082, -9.618837520999932, 0.0 ], [ 119.709355231000018, -9.61874342599998, 0.0 ], [ 119.709576108000078, -9.618696252999939, 0.0 ], [ 119.709720172000061, -9.618619717999934, 0.0 ], [ 119.709810376000064, -9.618447832999948, 0.0 ], [ 119.709718259000056, -9.61804086199993, 0.0 ], [ 119.70951884200008, -9.617416998999943, 0.0 ], [ 119.709434605000069, -9.617139940999948, 0.0 ], [ 119.709250701000087, -9.616724688999966, 0.0 ], [ 119.709143358, -9.616429502999949, 0.0 ], [ 119.709129670000038, -9.615954377999969, 0.0 ], [ 119.70925916300007, -9.615588002999971, 0.0 ], [ 119.709346298000014, -9.615385655999944, 0.0 ], [ 119.709626545000106, -9.614730613999939, 0.0 ], [ 119.709672488000024, -9.614618909999933, 0.0 ], [ 119.710185562000106, -9.614390196999977, 0.0 ], [ 119.710526186000038, -9.614179892999971, 0.0 ], [ 119.710865390000095, -9.613730923999981, 0.0 ], [ 119.710930136000115, -9.613531547999969, 0.0 ], [ 119.71092704800003, -9.613216798999929, 0.0 ], [ 119.710786643, -9.612855688999957, 0.0 ], [ 119.710732417000031, -9.612730831999954, 0.0 ], [ 119.710775830000102, -9.612595406999958, 0.0 ], [ 119.710921511000038, -9.612484239999958, 0.0 ], [ 119.711062020000099, -9.612376990999962, 0.0 ], [ 119.711235533000036, -9.612256268999943, 0.0 ], [ 119.711284199000033, -9.61218075599993, 0.0 ], [ 119.711337610000101, -9.612097894999977, 0.0 ], [ 119.71138003100009, -9.611931050999942, 0.0 ], [ 119.711502697000014, -9.611800018999929, 0.0 ], [ 119.711713123000095, -9.611746255999947, 0.0 ], [ 119.711756928000113, -9.611748536999926, 0.0 ], [ 119.711981724000111, -9.611760067999967, 0.0 ], [ 119.712332074000074, -9.611899088999962, 0.0 ], [ 119.71254061400009, -9.611976832999972, 0.0 ], [ 119.712665755000103, -9.611959913999954, 0.0 ], [ 119.712761708000016, -9.611875408999936, 0.0 ], [ 119.712805116000027, -9.611709521999956, 0.0 ], [ 119.712747879000062, -9.61142284999994, 0.0 ], [ 119.712734738000108, -9.611155082999971, 0.0 ], [ 119.712725706000015, -9.610993315999963, 0.0 ], [ 119.71255305000011, -9.610655403999942, 0.0 ], [ 119.712534711000103, -9.610619512999961, 0.0 ], [ 119.712826047000021, -9.610555202999933, 0.0 ], [ 119.713144232000104, -9.610546812999928, 0.0 ], [ 119.713492296000027, -9.610733662999962, 0.0 ], [ 119.713944394, -9.610900224999966, 0.0 ], [ 119.714301313000078, -9.611054889999934, 0.0 ], [ 119.714551156000084, -9.611150068999962, 0.0 ], [ 119.715157919000035, -9.61092401999997, 0.0 ], [ 119.715976803000103, -9.610610420999933, 0.0 ], [ 119.716538006000064, -9.610412435999933, 0.0 ], [ 119.71703616800005, -9.610181220999948, 0.0 ], [ 119.717619897000077, -9.609970428999929, 0.0 ], [ 119.718667624000091, -9.609912748999932, 0.0 ], [ 119.719393359000037, -9.609841364999966, 0.0 ], [ 119.721253305000118, -9.60973428899996, 0.0 ], [ 119.723870712, -9.609686699999941, 0.0 ], [ 119.725464951000049, -9.609639110999979, 0.0 ], [ 119.727154368000015, -9.609210807999943, 0.0 ], [ 119.729081732000054, -9.609258396999962, 0.0 ], [ 119.730747354000073, -9.609163218999981, 0.0 ], [ 119.733936297000014, -9.609059608999928, 0.0 ], [ 119.735696633000089, -9.609401164999952, 0.0 ], [ 119.737049164000041, -9.609935575999941, 0.0 ], [ 119.738195008000048, -9.610163139999941, 0.0 ], [ 119.738433013000076, -9.610162591999938, 0.0 ], [ 119.73907546800001, -9.609686699999941, 0.0 ], [ 119.739741717000015, -9.609163218999981, 0.0 ], [ 119.741098010000087, -9.608473174999972, 0.0 ], [ 119.74155010700008, -9.60835420199993, 0.0 ], [ 119.741946344000098, -9.608488213999976, 0.0 ], [ 119.741951233, -9.608463423999979, 0.0 ], [ 119.741981733000102, -9.608176109999931, 0.0 ], [ 119.742037393000032, -9.608041536999963, 0.0 ], [ 119.742222279000089, -9.607668643999943, 0.0 ], [ 119.742340281000111, -9.607299051999973, 0.0 ], [ 119.74246262600002, -9.606828113999939, 0.0 ], [ 119.742524346000096, -9.60662689399993, 0.0 ], [ 119.742614574000072, -9.606235921999939, 0.0 ], [ 119.742613716000051, -9.605823145999977, 0.0 ], [ 119.742617406000022, -9.60578514499997, 0.0 ], [ 119.742599218, -9.605573220999929, 0.0 ], [ 119.74260834100005, -9.60540475099998, 0.0 ], [ 119.7426026280001, -9.605203782999979, 0.0 ], [ 119.742575416000022, -9.605003462999946, 0.0 ], [ 119.742535593000071, -9.604900549999968, 0.0 ], [ 119.742431127000032, -9.604612393999957, 0.0 ], [ 119.742426814000055, -9.604514360999929, 0.0 ], [ 119.742355884000062, -9.603994511999929, 0.0 ], [ 119.742201692000094, -9.602860204999956, 0.0 ], [ 119.742011096000056, -9.601468064999949, 0.0 ], [ 119.742130669000062, -9.601361923999946, 0.0 ], [ 119.742279127000074, -9.601152536999962, 0.0 ], [ 119.742348122000067, -9.600986909999961, 0.0 ], [ 119.742347214, -9.600761299999931, 0.0 ], [ 119.742265704000033, -9.600607095999976, 0.0 ], [ 119.742055359, -9.600435798999968, 0.0 ], [ 119.741876251, -9.600313970999935, 0.0 ], [ 119.741824810000026, -9.600055425999926, 0.0 ], [ 119.741880453000022, -9.59994242199997, 0.0 ], [ 119.74218415200005, -9.599764616999948, 0.0 ], [ 119.742263587000025, -9.599717392999935, 0.0 ], [ 119.742382061000058, -9.59957155099994, 0.0 ], [ 119.742431354000018, -9.599367350999955, 0.0 ], [ 119.742399618000036, -9.599140720999969, 0.0 ], [ 119.742401833000031, -9.599015306999945, 0.0 ], [ 119.742463591000046, -9.598915518999945, 0.0 ], [ 119.742575360000046, -9.598853063999968, 0.0 ], [ 119.742705048000062, -9.598768656999937, 0.0 ], [ 119.742827229000113, -9.598583004999966, 0.0 ], [ 119.743026034000081, -9.598139658999969, 0.0 ], [ 119.74319567200007, -9.597867096999948, 0.0 ], [ 119.74328773000002, -9.597636942999941, 0.0 ], [ 119.743364936000035, -9.59739439699996, 0.0 ], [ 119.743466782000041, -9.597216788999958, 0.0 ], [ 119.743657046000067, -9.597079490999931, 0.0 ], [ 119.744007950000082, -9.596678939999947, 0.0 ], [ 119.744027065000068, -9.596636603999968, 0.0 ], [ 119.744125924000059, -9.596417610999936, 0.0 ], [ 119.744169722000038, -9.596272284999941, 0.0 ], [ 119.744210597, -9.596054147999951, 0.0 ], [ 119.744264159000068, -9.595241907999934, 0.0 ], [ 119.744137090000095, -9.59506076699995, 0.0 ], [ 119.744301834000112, -9.594879754999965, 0.0 ], [ 119.744572382000115, -9.594702678999965, 0.0 ], [ 119.744774605000089, -9.594416405999937, 0.0 ], [ 119.744849202000069, -9.594111282999961, 0.0 ], [ 119.744755050000094, -9.593854232999945, 0.0 ], [ 119.744585702000109, -9.593566618999944, 0.0 ], [ 119.744626911000069, -9.59332266499996, 0.0 ], [ 119.74461240800008, -9.59318852499996, 0.0 ], [ 119.744601080000052, -9.593114145999948, 0.0 ], [ 119.744568448000109, -9.592900079999936, 0.0 ], [ 119.744617832000017, -9.592804035999961, 0.0 ], [ 119.744724146000067, -9.59276658899995, 0.0 ], [ 119.744811222000067, -9.592765465999946, 0.0 ], [ 119.744851489000098, -9.592764956999929, 0.0 ], [ 119.74509562500009, -9.59276183399993, 0.0 ], [ 119.745336067000039, -9.592821130999937, 0.0 ], [ 119.745541557000024, -9.592922993999935, 0.0 ], [ 119.745989498000085, -9.593169101999933, 0.0 ], [ 119.746128517000102, -9.593245439999976, 0.0 ], [ 119.746390247000022, -9.593385644999955, 0.0 ], [ 119.74671150100005, -9.593559848999973, 0.0 ], [ 119.746882950000099, -9.593519175999973, 0.0 ], [ 119.747171483000102, -9.593407531999958, 0.0 ], [ 119.747299639000062, -9.593441856999959, 0.0 ], [ 119.747481093000033, -9.593577126999946, 0.0 ], [ 119.747608808000109, -9.593745516999945, 0.0 ], [ 119.747965734000104, -9.59425979699995, 0.0 ], [ 119.748096671000098, -9.594315130999973, 0.0 ], [ 119.748580756000024, -9.594364327999926, 0.0 ], [ 119.749619077000034, -9.594330906999971, 0.0 ], [ 119.749998777000087, -9.594277817999966, 0.0 ], [ 119.750932947000024, -9.594147236999959, 0.0 ], [ 119.751498408000089, -9.594068225999933, 0.0 ], [ 119.751724455000044, -9.593914144999928, 0.0 ], [ 119.752010728000073, -9.593645679999952, 0.0 ], [ 119.752382205000117, -9.593326550999961, 0.0 ], [ 119.752566157000047, -9.593090485999937, 0.0 ], [ 119.752622185000064, -9.592989725999928, 0.0 ], [ 119.752876111000091, -9.592323035999925, 0.0 ], [ 119.752938595000046, -9.591766561999975, 0.0 ], [ 119.752980452000088, -9.591512031999969, 0.0 ], [ 119.753106386000013, -9.591299724999942, 0.0 ], [ 119.753605360000051, -9.591071519999957, 0.0 ], [ 119.753812421000021, -9.590946161999966, 0.0 ], [ 119.753861269000026, -9.590893810999944, 0.0 ], [ 119.754063055000074, -9.590677502999938, 0.0 ], [ 119.754189063000013, -9.590535191999948, 0.0 ], [ 119.754270825000049, -9.590442898999981, 0.0 ], [ 119.754476567000097, -9.590295467999965, 0.0 ], [ 119.754948458000058, -9.590017650999926, 0.0 ], [ 119.755291651000107, -9.589835473999926, 0.0 ], [ 119.756177983000043, -9.589510440999959, 0.0 ], [ 119.756604889000073, -9.589612956999929, 0.0 ], [ 119.75690717000009, -9.589553269999953, 0.0 ], [ 119.757197967000025, -9.589379472999951, 0.0 ], [ 119.757312951000017, -9.589224438999963, 0.0 ], [ 119.757639015000109, -9.588863476999961, 0.0 ], [ 119.758148061000043, -9.588746016999949, 0.0 ], [ 119.758787954000013, -9.588893485999961, 0.0 ], [ 119.758932204000075, -9.588852097999961, 0.0 ], [ 119.758968219000053, -9.588578427999948, 0.0 ], [ 119.759011594000071, -9.58811609299994, 0.0 ], [ 119.759118825000087, -9.587989273999938, 0.0 ], [ 119.759459263000053, -9.587823549999939, 0.0 ], [ 119.759659783000075, -9.587568379999936, 0.0 ], [ 119.759869154000057, -9.587072409999962, 0.0 ], [ 119.760176983000065, -9.586369609999963, 0.0 ], [ 119.760363294000058, -9.586215767999931, 0.0 ], [ 119.761238467000112, -9.585805190999963, 0.0 ], [ 119.761544431000061, -9.585790176999978, 0.0 ], [ 119.761762563000048, -9.585761203999937, 0.0 ], [ 119.76200226200001, -9.585748403999958, 0.0 ], [ 119.762034122000045, -9.585748081999952, 0.0 ], [ 119.762107906000097, -9.58572189299997, 0.0 ], [ 119.762242908000076, -9.585645015999944, 0.0 ], [ 119.762308299000097, -9.585548423999967, 0.0 ], [ 119.762285200000065, -9.585421868999958, 0.0 ], [ 119.762193771000057, -9.585231784999962, 0.0 ], [ 119.761984851000079, -9.584972927999956, 0.0 ], [ 119.761962749000077, -9.584850242999948, 0.0 ], [ 119.762111126000036, -9.584682228999952, 0.0 ], [ 119.762299861000088, -9.584601567999925, 0.0 ], [ 119.762550070000088, -9.584555803999933, 0.0 ], [ 119.762785151000116, -9.584492878999981, 0.0 ], [ 119.762903579000067, -9.584396110999933, 0.0 ], [ 119.762978856000018, -9.58428074099993, 0.0 ], [ 119.76295140700006, -9.58416382799993, 0.0 ], [ 119.762901093000096, -9.584012437999945, 0.0 ], [ 119.765145326000038, -9.565943714999946, 0.0 ], [ 119.768661236000071, -9.553627805999952, 0.0 ], [ 119.771395950000056, -9.545049848999952, 0.0 ], [ 119.773418492000019, -9.541183224999941, 0.0 ], [ 119.775381548000041, -9.537495059999969, 0.0 ], [ 119.776807872000063, -9.533942345999947, 0.0 ], [ 119.777415355000016, -9.533138019999967, 0.0 ], [ 119.777723690000016, -9.532647563999944, 0.0 ], [ 119.778041108000025, -9.53220969299997, 0.0 ], [ 119.777987687000063, -9.532070922999935, 0.0 ], [ 119.777730984000073, -9.531870501999947, 0.0 ], [ 119.776771139000061, -9.531476176999945, 0.0 ], [ 119.776534718000107, -9.53126492399997, 0.0 ], [ 119.77650721200007, -9.53123715199996, 0.0 ], [ 119.776056252000103, -9.530781302999969, 0.0 ], [ 119.776058390000117, -9.530602878999957, 0.0 ], [ 119.77620881100006, -9.530418974999975, 0.0 ], [ 119.776381499000081, -9.530298407999965, 0.0 ], [ 119.776646671000094, -9.530087936999962, 0.0 ], [ 119.776716481000108, -9.530005268999957, 0.0 ], [ 119.776839625000093, -9.529859393999971, 0.0 ], [ 119.776912185000015, -9.529501253999968, 0.0 ], [ 119.776870919000089, -9.52939209699997, 0.0 ], [ 119.776778296000089, -9.529250314999956, 0.0 ], [ 119.776407797000047, -9.528879820999975, 0.0 ], [ 119.775972404000072, -9.528764472999967, 0.0 ], [ 119.775803435000057, -9.528640474999975, 0.0 ], [ 119.775736642000084, -9.528456095999957, 0.0 ], [ 119.775661920000061, -9.528318260999981, 0.0 ], [ 119.775547302000064, -9.528153677999967, 0.0 ], [ 119.775235074000079, -9.527495112999929, 0.0 ], [ 119.775101125000106, -9.527283925999939, 0.0 ], [ 119.775013527000056, -9.527162706999945, 0.0 ], [ 119.775169282000093, -9.526997893999976, 0.0 ], [ 119.775221106000117, -9.52683947099996, 0.0 ], [ 119.775278686000092, -9.526738751999972, 0.0 ], [ 119.775297768000087, -9.526601615999937, 0.0 ], [ 119.775274957000079, -9.526314551999974, 0.0 ], [ 119.775278583000045, -9.526151178999953, 0.0 ], [ 119.775335040000073, -9.525922457999968, 0.0 ], [ 119.775661054000011, -9.525066960999936, 0.0 ], [ 119.775616040000045, -9.524855010999943, 0.0 ], [ 119.775559085000054, -9.524708759999953, 0.0 ], [ 119.775434483000026, -9.524388690999956, 0.0 ], [ 119.775334483000051, -9.523882300999958, 0.0 ], [ 119.775398136000035, -9.523804878999954, 0.0 ], [ 119.77557700300008, -9.523769971999968, 0.0 ], [ 119.775754888000051, -9.523709156999928, 0.0 ], [ 119.775928847000046, -9.52355943799995, 0.0 ], [ 119.776024905000099, -9.523397220999925, 0.0 ], [ 119.77620029000002, -9.523122939999951, 0.0 ], [ 119.77631412400001, -9.523106471999938, 0.0 ], [ 119.777105488000075, -9.523257241999943, 0.0 ], [ 119.77738277900005, -9.523316097999952, 0.0 ], [ 119.777449920000095, -9.52327054899996, 0.0 ], [ 119.777519668000082, -9.523084019999942, 0.0 ], [ 119.777481856, -9.522942374999957, 0.0 ], [ 119.777133952000099, -9.522461703999966, 0.0 ], [ 119.77706209300004, -9.522370316999968, 0.0 ], [ 119.77702707900005, -9.522185537999974, 0.0 ], [ 119.777034235000087, -9.521959610999943, 0.0 ], [ 119.777059762000022, -9.521778831999939, 0.0 ], [ 119.777257015000032, -9.52117128499998, 0.0 ], [ 119.77741961400011, -9.520692138999948, 0.0 ], [ 119.7773823550001, -9.520510755999965, 0.0 ], [ 119.777313453000033, -9.52039568999993, 0.0 ], [ 119.777239063000025, -9.520224048999978, 0.0 ], [ 119.776784906000103, -9.520540254999958, 0.0 ], [ 119.776336218000097, -9.520701892999966, 0.0 ], [ 119.776120875000061, -9.52067792899993, 0.0 ], [ 119.775926672000082, -9.520599549999929, 0.0 ], [ 119.775805674000026, -9.52043735999996, 0.0 ], [ 119.775729783000088, -9.520248613999968, 0.0 ], [ 119.775667842000075, -9.519849944999976, 0.0 ], [ 119.775715564000052, -9.519730314999947, 0.0 ], [ 119.775915205000047, -9.519518034999976, 0.0 ], [ 119.776248686000031, -9.519327359999977, 0.0 ], [ 119.776499095000077, -9.519160141999976, 0.0 ], [ 119.776624921, -9.519003844999929, 0.0 ], [ 119.776694045000113, -9.518820740999956, 0.0 ], [ 119.776668731000086, -9.518707722999977, 0.0 ], [ 119.776484358000062, -9.518398500999979, 0.0 ], [ 119.776080766000064, -9.518029178999939, 0.0 ], [ 119.775734499, -9.517810365999935, 0.0 ], [ 119.775484778000077, -9.517656694999971, 0.0 ], [ 119.775168861000111, -9.517377203999956, 0.0 ], [ 119.774959065000075, -9.516875476999928, 0.0 ], [ 119.774970235000069, -9.516771240999958, 0.0 ], [ 119.775133481000012, -9.516505909999978, 0.0 ], [ 119.775229827000089, -9.516458660999945, 0.0 ], [ 119.775406585000042, -9.516471313999944, 0.0 ], [ 119.77578930300001, -9.516539273999967, 0.0 ], [ 119.776126249000072, -9.516567233999979, 0.0 ], [ 119.776226959000041, -9.516519571999936, 0.0 ], [ 119.776374127000054, -9.516372659999945, 0.0 ], [ 119.776408284000013, -9.516272361999938, 0.0 ], [ 119.776367286000095, -9.516110832999971, 0.0 ], [ 119.776230368000029, -9.515826431999926, 0.0 ], [ 119.776156488000083, -9.515574166999954, 0.0 ], [ 119.775904645000082, -9.514618527999971, 0.0 ], [ 119.775971069000093, -9.514307901999928, 0.0 ], [ 119.7761165820001, -9.514048819999971, 0.0 ], [ 119.776259394000022, -9.513919645999977, 0.0 ], [ 119.776421126000059, -9.513865153999973, 0.0 ], [ 119.777019305000067, -9.51369293099998, 0.0 ], [ 119.777159601000108, -9.513573878999978, 0.0 ], [ 119.777319663000071, -9.513438047999955, 0.0 ], [ 119.777322011000024, -9.513343550999934, 0.0 ], [ 119.77725014300006, -9.513209563999965, 0.0 ], [ 119.776454622000074, -9.512289832999954, 0.0 ], [ 119.776396030000114, -9.512103536999973, 0.0 ], [ 119.776393167000037, -9.511889239999959, 0.0 ], [ 119.776486873000067, -9.511687269999982, 0.0 ], [ 119.776634683000111, -9.511553970999955, 0.0 ], [ 119.776818495000043, -9.511473842999976, 0.0 ], [ 119.777215532000014, -9.511293175999981, 0.0 ], [ 119.77737675000003, -9.511219829999959, 0.0 ], [ 119.777898389000029, -9.510975627999926, 0.0 ], [ 119.778275502000042, -9.510933910999938, 0.0 ], [ 119.778607545000114, -9.510958787999925, 0.0 ], [ 119.779009796000082, -9.511022566999941, 0.0 ], [ 119.779313184000102, -9.510985753999933, 0.0 ], [ 119.779533188000073, -9.51087314199998, 0.0 ], [ 119.779631361000042, -9.510720142999958, 0.0 ], [ 119.779809716000045, -9.510291941999981, 0.0 ], [ 119.779922200000101, -9.509939738999947, 0.0 ], [ 119.780122844000061, -9.509579457999962, 0.0 ], [ 119.780513719000055, -9.509242751999977, 0.0 ], [ 119.780752138000025, -9.509195954999939, 0.0 ], [ 119.781090232000111, -9.509147612999925, 0.0 ], [ 119.781370782000067, -9.509033546999945, 0.0 ], [ 119.782019747000049, -9.508627333999925, 0.0 ], [ 119.782327751000025, -9.508471361999966, 0.0 ], [ 119.782554626000092, -9.508343018999938, 0.0 ], [ 119.782716952000101, -9.508258000999945, 0.0 ], [ 119.78282769000009, -9.508304095999961, 0.0 ], [ 119.783003645, -9.508454675999928, 0.0 ], [ 119.783220535000055, -9.508745531999978, 0.0 ], [ 119.783400515000039, -9.509121643999947, 0.0 ], [ 119.783550407, -9.509408987999961, 0.0 ], [ 119.783831594000048, -9.509794045999968, 0.0 ], [ 119.784200481000084, -9.510085072999971, 0.0 ], [ 119.784452748000035, -9.510187280999958, 0.0 ], [ 119.784711001, -9.510226716999966, 0.0 ], [ 119.78496503100007, -9.510192735999965, 0.0 ], [ 119.78512102600007, -9.510112378999963, 0.0 ], [ 119.785230827000078, -9.509979922999946, 0.0 ], [ 119.785302560000105, -9.509742048999954, 0.0 ], [ 119.785303108000107, -9.509592235999946, 0.0 ], [ 119.785299175000091, -9.508887313999935, 0.0 ], [ 119.785378970000011, -9.508554407999952, 0.0 ], [ 119.785535886000048, -9.508198882999977, 0.0 ], [ 119.785648621000064, -9.508044956999981, 0.0 ], [ 119.785813040000107, -9.507906834999972, 0.0 ], [ 119.785972781000055, -9.507739038999944, 0.0 ], [ 119.78601715100001, -9.507615504999933, 0.0 ], [ 119.786008617000107, -9.507472474999929, 0.0 ], [ 119.785934405000035, -9.507209530999944, 0.0 ], [ 119.785831971000107, -9.50675115599995, 0.0 ], [ 119.785896469000022, -9.506510375999937, 0.0 ], [ 119.785970300000031, -9.506198286999961, 0.0 ], [ 119.786037375000092, -9.505786330999968, 0.0 ], [ 119.786119935000102, -9.505714553999951, 0.0 ], [ 119.786146875000099, -9.505700267999941, 0.0 ], [ 119.786261887000023, -9.505305796999949, 0.0 ], [ 119.786348970000063, -9.504463453999961, 0.0 ], [ 119.786351934000095, -9.50414315699993, 0.0 ], [ 119.786312608000117, -9.503657299999929, 0.0 ], [ 119.786306671000034, -9.503467142999966, 0.0 ], [ 119.786296015000062, -9.503123284999958, 0.0 ], [ 119.786317296000107, -9.502268923999964, 0.0 ], [ 119.786892843000032, -9.502061440999967, 0.0 ], [ 119.787644597000053, -9.50179045699997, 0.0 ], [ 119.787955826000029, -9.501913377999927, 0.0 ], [ 119.788233219000062, -9.502063953999937, 0.0 ], [ 119.788266639000085, -9.502067469999929, 0.0 ], [ 119.788359183000011, -9.502077203999931, 0.0 ], [ 119.788785136000115, -9.501259438999966, 0.0 ], [ 119.788873731000081, -9.501137752999966, 0.0 ], [ 119.789865046000045, -9.501087737999967, 0.0 ], [ 119.7904321850001, -9.501181800999973, 0.0 ], [ 119.790654718000042, -9.501232671999958, 0.0 ], [ 119.790917471000057, -9.50141842499994, 0.0 ], [ 119.791315253000107, -9.501837285999954, 0.0 ], [ 119.791699547, -9.502178159999971, 0.0 ], [ 119.791914219000091, -9.502328937999948, 0.0 ], [ 119.79223209700001, -9.502310485999942, 0.0 ], [ 119.79234167200002, -9.50211018899995, 0.0 ], [ 119.792473235000102, -9.501647567999953, 0.0 ], [ 119.792477534000113, -9.501217297999972, 0.0 ], [ 119.792430532000026, -9.50083481799993, 0.0 ], [ 119.792420762, -9.500688145999959, 0.0 ], [ 119.792389982000032, -9.500013412999976, 0.0 ], [ 119.792424969000081, -9.49887836299996, 0.0 ], [ 119.79244858900006, -9.498779282999976, 0.0 ], [ 119.792674438000063, -9.498305582999933, 0.0 ], [ 119.792860731000019, -9.497682425999926, 0.0 ], [ 119.79285680800001, -9.497102412999936, 0.0 ], [ 119.792856282000116, -9.497023854999952, 0.0 ], [ 119.792835948000061, -9.496770098999946, 0.0 ], [ 119.792676527000026, -9.496680584999979, 0.0 ], [ 119.792167455000026, -9.496387643999981, 0.0 ], [ 119.79145130500001, -9.496119240999974, 0.0 ], [ 119.790878005000081, -9.496018318999973, 0.0 ], [ 119.790420253000093, -9.496167928999967, 0.0 ], [ 119.79012099800002, -9.496214278999958, 0.0 ], [ 119.789656345000026, -9.496052487999975, 0.0 ], [ 119.789420905000043, -9.495814673999973, 0.0 ], [ 119.788795858000071, -9.494089140999961, 0.0 ], [ 119.788656900000092, -9.493621940999958, 0.0 ], [ 119.788445298000056, -9.492967143999977, 0.0 ], [ 119.788388853000015, -9.492871970999943, 0.0 ], [ 119.787891793000085, -9.492676708999966, 0.0 ], [ 119.787185951000083, -9.49255140799994, 0.0 ], [ 119.786162856000033, -9.492369766999957, 0.0 ], [ 119.785912255000085, -9.492325282999957, 0.0 ], [ 119.785596684000097, -9.492310173999954, 0.0 ], [ 119.785347798000089, -9.492358938999928, 0.0 ], [ 119.784905472000105, -9.492600517999961, 0.0 ], [ 119.784805813000048, -9.492681238999978, 0.0 ], [ 119.78372008100007, -9.493613661999973, 0.0 ], [ 119.783383156000014, -9.493813892999981, 0.0 ], [ 119.78282071000001, -9.493900373999963, 0.0 ], [ 119.782678578000059, -9.493889706999937, 0.0 ], [ 119.782381678000093, -9.493729673999951, 0.0 ], [ 119.781821809, -9.493038700999932, 0.0 ], [ 119.781708719000108, -9.492928236999944, 0.0 ], [ 119.781688364000047, -9.492908341999964, 0.0 ], [ 119.781345371000043, -9.492743079999968, 0.0 ], [ 119.781080109000072, -9.492689565999967, 0.0 ], [ 119.780304591000117, -9.492919190999942, 0.0 ], [ 119.780091048000031, -9.493043093999972, 0.0 ], [ 119.779962015000024, -9.493121021999968, 0.0 ], [ 119.779395203000036, -9.493160610999951, 0.0 ], [ 119.778983031000053, -9.493089080999937, 0.0 ], [ 119.778798843000118, -9.492984018999948, 0.0 ], [ 119.77865956100004, -9.492853975999935, 0.0 ], [ 119.778395483000054, -9.492693891999977, 0.0 ], [ 119.778263234000065, -9.492643570999974, 0.0 ], [ 119.777962980000098, -9.492675191999979, 0.0 ], [ 119.777704293000056, -9.492785377999951, 0.0 ], [ 119.777571204000083, -9.492965767999976, 0.0 ], [ 119.777540563000116, -9.493058283999972, 0.0 ], [ 119.777508627000088, -9.493279640999958, 0.0 ], [ 119.777522514000111, -9.493489988999954, 0.0 ], [ 119.777905373000067, -9.494036374999951, 0.0 ], [ 119.778858346000106, -9.49608496899998, 0.0 ], [ 119.778942436000079, -9.496332004999942, 0.0 ], [ 119.778971253, -9.496805563999942, 0.0 ], [ 119.778982518000021, -9.496990035999943, 0.0 ], [ 119.778941596000095, -9.497477452999931, 0.0 ], [ 119.778871596000045, -9.49764369199994, 0.0 ], [ 119.778104486000075, -9.498098938999931, 0.0 ], [ 119.777764465000018, -9.498203703999934, 0.0 ], [ 119.777517870000111, -9.49820727499997, 0.0 ], [ 119.777330057000086, -9.498159408999982, 0.0 ], [ 119.777037452000059, -9.497786984999948, 0.0 ], [ 119.776851158000113, -9.497478422999961, 0.0 ], [ 119.776519018000045, -9.496905489999961, 0.0 ], [ 119.776465170000051, -9.496825469999976, 0.0 ], [ 119.776382702000092, -9.49670292299993, 0.0 ], [ 119.775971843000093, -9.495777313999952, 0.0 ], [ 119.77550989000008, -9.494777739999961, 0.0 ], [ 119.775336, -9.494546970999977, 0.0 ], [ 119.775155703000109, -9.494356315999937, 0.0 ], [ 119.774951548000104, -9.494163785999945, 0.0 ], [ 119.774837749000085, -9.494077598999979, 0.0 ], [ 119.774706718000061, -9.494002142999932, 0.0 ], [ 119.774541297000042, -9.493973246999929, 0.0 ], [ 119.774375530000043, -9.494000755999934, 0.0 ], [ 119.773943154000108, -9.494043124999962, 0.0 ], [ 119.773726979000116, -9.494060503999947, 0.0 ], [ 119.773548389000098, -9.494081600999948, 0.0 ], [ 119.773282594000079, -9.494023048999964, 0.0 ], [ 119.773057527000105, -9.493905219999931, 0.0 ], [ 119.772795731000087, -9.493605360999936, 0.0 ], [ 119.772678674000076, -9.493368799999928, 0.0 ], [ 119.772637495000026, -9.493202811999936, 0.0 ], [ 119.772538416000089, -9.492772894999973, 0.0 ], [ 119.772485081000013, -9.492569095999954, 0.0 ], [ 119.772391640000023, -9.492455736999943, 0.0 ], [ 119.772160359000054, -9.49231234399997, 0.0 ], [ 119.771887503000016, -9.492263935999972, 0.0 ], [ 119.771358483000085, -9.492213531999937, 0.0 ], [ 119.770470887000101, -9.49184226999995, 0.0 ], [ 119.770073174000117, -9.491653502999952, 0.0 ], [ 119.769755049000082, -9.491560756999945, 0.0 ], [ 119.76943184400011, -9.491536846999963, 0.0 ], [ 119.768317348000096, -9.491473662999965, 0.0 ], [ 119.767759391000027, -9.491436034999936, 0.0 ], [ 119.767113748000043, -9.491303812999945, 0.0 ], [ 119.767025842000066, -9.491319082999951, 0.0 ], [ 119.766004871000064, -9.490903819999971, 0.0 ], [ 119.7659577820001, -9.49088605399993, 0.0 ], [ 119.765751188000081, -9.49076428099994, 0.0 ], [ 119.764924690000043, -9.490153321999969, 0.0 ], [ 119.764782909000019, -9.489919143999941, 0.0 ], [ 119.76415604400006, -9.489099207999971, 0.0 ], [ 119.763791928000046, -9.488773628999979, 0.0 ], [ 119.763291921000018, -9.488228736999929, 0.0 ], [ 119.763089809, -9.488033160999976, 0.0 ], [ 119.763009664000037, -9.487955610999961, 0.0 ], [ 119.762956182000039, -9.487919432999945, 0.0 ], [ 119.762670445000026, -9.487726282999972, 0.0 ], [ 119.762175456000023, -9.487381374999927, 0.0 ], [ 119.762087422000036, -9.487313170999926, 0.0 ], [ 119.761772829000051, -9.487069490999943, 0.0 ], [ 119.76112356200008, -9.48643360899996, 0.0 ], [ 119.760774201000118, -9.486033849999956, 0.0 ], [ 119.76049096700001, -9.485593452999979, 0.0 ], [ 119.760214014000098, -9.485026991999973, 0.0 ], [ 119.760118451000039, -9.484333111999945, 0.0 ], [ 119.760045766000076, -9.484064019999948, 0.0 ], [ 119.759932356000036, -9.48380683299996, 0.0 ], [ 119.759749501000101, -9.483525179999958, 0.0 ], [ 119.759443470000065, -9.483226674999969, 0.0 ], [ 119.759167481000077, -9.483012439999982, 0.0 ], [ 119.758881339000027, -9.482790717999933, 0.0 ], [ 119.758731077000107, -9.482638036999958, 0.0 ], [ 119.758643593000102, -9.482499646999941, 0.0 ], [ 119.758527529000048, -9.48268947899993, 0.0 ], [ 119.758089146000088, -9.482956849999937, 0.0 ], [ 119.757463655000038, -9.483058661999962, 0.0 ], [ 119.757104012000013, -9.483091894999973, 0.0 ], [ 119.757043876000012, -9.483104783999977, 0.0 ], [ 119.756891919000054, -9.483091736999938, 0.0 ], [ 119.756735337, -9.482995629999948, 0.0 ], [ 119.756667574000062, -9.48288295499998, 0.0 ], [ 119.755440026000088, -9.483025055999974, 0.0 ], [ 119.754517176000036, -9.482826709999927, 0.0 ], [ 119.753673172000049, -9.482666027999926, 0.0 ], [ 119.75258945600001, -9.482477397999958, 0.0 ], [ 119.751142836000099, -9.482409555999936, 0.0 ], [ 119.749999215000116, -9.482210711999926, 0.0 ], [ 119.74907113900008, -9.482206100999974, 0.0 ], [ 119.748521909000033, -9.482107743999961, 0.0 ], [ 119.748217183000065, -9.482057614999974, 0.0 ], [ 119.74793119800006, -9.482010553999942, 0.0 ], [ 119.747583274000021, -9.481912743999942, 0.0 ], [ 119.747352249000073, -9.481822442999942, 0.0 ], [ 119.747159891000024, -9.481747306999978, 0.0 ], [ 119.746730040000102, -9.481578848999959, 0.0 ], [ 119.746039393000046, -9.481233989999964, 0.0 ], [ 119.745595210000033, -9.481012024999927, 0.0 ], [ 119.744964166000045, -9.480777178999972, 0.0 ], [ 119.744373527000107, -9.480533334999961, 0.0 ], [ 119.743076517000077, -9.479993367999953, 0.0 ], [ 119.742091173000063, -9.479729895999981, 0.0 ], [ 119.741197745000022, -9.479441587999929, 0.0 ], [ 119.740451025000084, -9.479253708999977, 0.0 ], [ 119.739799470000094, -9.479044085999931, 0.0 ], [ 119.739346617000024, -9.478916961999971, 0.0 ], [ 119.739131281000027, -9.478856515999951, 0.0 ], [ 119.738784738000049, -9.478759242999956, 0.0 ], [ 119.738297525, -9.478595648999942, 0.0 ], [ 119.737376361000088, -9.478342991999966, 0.0 ], [ 119.736266172000114, -9.477962552999941, 0.0 ], [ 119.73600968900007, -9.477904745999979, 0.0 ], [ 119.735529672000098, -9.477796585999954, 0.0 ], [ 119.735466992000056, -9.477777228999969, 0.0 ], [ 119.734885305000034, -9.477597509999953, 0.0 ], [ 119.734768809000116, -9.477561522999963, 0.0 ], [ 119.733848400000056, -9.477334239999948, 0.0 ], [ 119.73286508700005, -9.477140492999979, 0.0 ], [ 119.732103487000018, -9.476991082999973, 0.0 ], [ 119.731069956000056, -9.47671945999997, 0.0 ], [ 119.730992736000076, -9.476702018999958, 0.0 ], [ 119.730139064000014, -9.476509151999949, 0.0 ], [ 119.730085876000089, -9.476497145999929, 0.0 ], [ 119.729663572000049, -9.476407277999954, 0.0 ], [ 119.728680894000036, -9.476198114999931, 0.0 ], [ 119.728037086000086, -9.476051152999958, 0.0 ], [ 119.728002200000105, -9.47604317899993, 0.0 ], [ 119.7272504230001, -9.475883295999949, 0.0 ], [ 119.726999916000068, -9.475826412999936, 0.0 ], [ 119.726902582000093, -9.475805148999939, 0.0 ], [ 119.725741894000066, -9.475445147999949, 0.0 ], [ 119.724918301000116, -9.475360958999943, 0.0 ], [ 119.723982463000084, -9.475260959999957, 0.0 ], [ 119.723353613000086, -9.475171196999952, 0.0 ], [ 119.722409360000029, -9.475112649999971, 0.0 ], [ 119.721752457000093, -9.475045929999965, 0.0 ], [ 119.721018050000112, -9.474952787999939, 0.0 ], [ 119.720369690000098, -9.47485086699993, 0.0 ], [ 119.719298128000105, -9.474697645999981, 0.0 ], [ 119.718717009000102, -9.47459478899998, 0.0 ], [ 119.718527331000018, -9.474561180999956, 0.0 ], [ 119.717785058000118, -9.474525395999933, 0.0 ], [ 119.717519575000097, -9.47450508299994, 0.0 ], [ 119.716760367, -9.474446961999945, 0.0 ], [ 119.716050173000099, -9.474416615999928, 0.0 ], [ 119.71544330100005, -9.474313474999974, 0.0 ], [ 119.715003442000011, -9.474132643999951, 0.0 ], [ 119.714692980000109, -9.47400194599993, 0.0 ], [ 119.714070391000064, -9.473797742999977, 0.0 ], [ 119.713183082000114, -9.473499680999964, 0.0 ], [ 119.712422245000084, -9.473264540999935, 0.0 ], [ 119.711771612, -9.473149086999967, 0.0 ], [ 119.711699722000048, -9.473128917999929, 0.0 ], [ 119.711538340000061, -9.473083641999949, 0.0 ], [ 119.711208078000027, -9.472990986999946, 0.0 ], [ 119.7110485500001, -9.47296255599997, 0.0 ], [ 119.710940320000077, -9.472937084999955, 0.0 ], [ 119.709974677000105, -9.472709864999956, 0.0 ], [ 119.708452019000106, -9.472537835999958, 0.0 ], [ 119.707924336000019, -9.472410228999934, 0.0 ], [ 119.706996182000012, -9.472135493999929, 0.0 ], [ 119.70603918200004, -9.471858460999954, 0.0 ], [ 119.705323671000087, -9.471598488999973, 0.0 ], [ 119.704504301000043, -9.471264830999928, 0.0 ], [ 119.703743203000045, -9.47096217099994, 0.0 ], [ 119.703641243000106, -9.470921614999952, 0.0 ], [ 119.702906989000098, -9.470612723999977, 0.0 ], [ 119.702760579000028, -9.470524231999946, 0.0 ], [ 119.702071098000033, -9.470234102999939, 0.0 ], [ 119.701945395000052, -9.470177181999929, 0.0 ], [ 119.7013886740001, -9.469929868999941, 0.0 ], [ 119.700751830000058, -9.46967529099993, 0.0 ], [ 119.699979736000046, -9.469383368999956, 0.0 ], [ 119.699164955000015, -9.469051459999946, 0.0 ], [ 119.698231465000049, -9.468592866999927, 0.0 ], [ 119.697539174000099, -9.468298645999937, 0.0 ], [ 119.696776552000074, -9.46800327099993, 0.0 ], [ 119.696314488000098, -9.467774469999938, 0.0 ], [ 119.695674395000083, -9.46745752399994, 0.0 ], [ 119.695376767000084, -9.467345270999942, 0.0 ], [ 119.695041244000095, -9.467218711999976, 0.0 ], [ 119.694343050000043, -9.466940547999968, 0.0 ], [ 119.693580274000055, -9.466638804999945, 0.0 ], [ 119.692859588000033, -9.466247083999974, 0.0 ], [ 119.69265022400009, -9.46614670799994, 0.0 ], [ 119.691916723000077, -9.465795052999965, 0.0 ], [ 119.691081110000027, -9.465406586999961, 0.0 ], [ 119.690551472000038, -9.465134271999943, 0.0 ], [ 119.690312674000097, -9.465011493999953, 0.0 ], [ 119.689529056000083, -9.464550115999941, 0.0 ], [ 119.688307519000091, -9.463786303999939, 0.0 ], [ 119.688040370000067, -9.463618573999952, 0.0 ], [ 119.687775087000091, -9.46345200899998, 0.0 ], [ 119.686227799000108, -9.462546836999934, 0.0 ], [ 119.685339029000033, -9.462081522999938, 0.0 ], [ 119.684434208000084, -9.461618889999954, 0.0 ], [ 119.683931656000027, -9.461417653999945, 0.0 ], [ 119.683687525000096, -9.461319868999965, 0.0 ], [ 119.683354664000035, -9.461174984999957, 0.0 ], [ 119.683277708000105, -9.461110649999966, 0.0 ], [ 119.683123930000079, -9.461032147999958, 0.0 ], [ 119.682436687000063, -9.460550444999967, 0.0 ], [ 119.682170101000111, -9.461115549999931, 0.0 ], [ 119.681858346000013, -9.461529909999967, 0.0 ], [ 119.681624535000083, -9.461840653999957, 0.0 ], [ 119.68136611400007, -9.462047849999976, 0.0 ], [ 119.681076595000036, -9.46218853299996, 0.0 ], [ 119.680465489000085, -9.46248554999994, 0.0 ], [ 119.679377354000053, -9.462815299999932, 0.0 ], [ 119.679046960000051, -9.462893600999962, 0.0 ], [ 119.678874803000099, -9.462865411999928, 0.0 ], [ 119.678825747000019, -9.462837986999943, 0.0 ], [ 119.678571754000018, -9.462696138999945, 0.0 ], [ 119.678328629000021, -9.46241583099993, 0.0 ], [ 119.67814859900011, -9.462022661999981, 0.0 ], [ 119.677987476000112, -9.461652263999952, 0.0 ], [ 119.677865822000058, -9.461468660999969, 0.0 ], [ 119.677066798000055, -9.461316002999979, 0.0 ], [ 119.676181736000103, -9.461632645999941, 0.0 ], [ 119.675743792000048, -9.461637726999982, 0.0 ], [ 119.675609560000112, -9.461581614999943, 0.0 ], [ 119.675279581000041, -9.461262535999936, 0.0 ], [ 119.675074848, -9.461009628999932, 0.0 ], [ 119.674835653000059, -9.460476559999961, 0.0 ], [ 119.674747241000091, -9.460305528999982, 0.0 ], [ 119.674645542, -9.460210678999943, 0.0 ], [ 119.674528124000062, -9.460183881999967, 0.0 ], [ 119.674358187000053, -9.460265937999964, 0.0 ], [ 119.673947672000054, -9.460149238999975, 0.0 ], [ 119.673215896000102, -9.459941146999938, 0.0 ], [ 119.672459308000043, -9.45996274099997, 0.0 ], [ 119.671604931000047, -9.459917367999935, 0.0 ], [ 119.670553183000038, -9.459896662999938, 0.0 ], [ 119.669986962000053, -9.459871590999967, 0.0 ], [ 119.66912336300004, -9.459839148999947, 0.0 ], [ 119.668265055, -9.459768526999937, 0.0 ], [ 119.667479616000037, -9.459676740999953, 0.0 ], [ 119.666620868000109, -9.459590234999951, 0.0 ], [ 119.665832550000118, -9.459432625999966, 0.0 ], [ 119.665579643000115, -9.459382053999946, 0.0 ], [ 119.664748723000116, -9.459263040999929, 0.0 ], [ 119.66469263700003, -9.459237951999967, 0.0 ], [ 119.66368930200008, -9.458979211999974, 0.0 ], [ 119.662712302000045, -9.458670837999932, 0.0 ], [ 119.661859745000015, -9.458355743999959, 0.0 ], [ 119.660930402000076, -9.458039658999951, 0.0 ], [ 119.659949833000042, -9.457829709999942, 0.0 ], [ 119.659265081000058, -9.457573271999934, 0.0 ], [ 119.658636555000044, -9.457386244999952, 0.0 ], [ 119.658214462000046, -9.457260653999981, 0.0 ], [ 119.657420776000095, -9.456994617999953, 0.0 ], [ 119.656379363000042, -9.456669021999971, 0.0 ], [ 119.655339226000024, -9.456276774999935, 0.0 ], [ 119.654588706000027, -9.45595558499997, 0.0 ], [ 119.65359945900002, -9.455555523999976, 0.0 ], [ 119.653395308000086, -9.455453594999938, 0.0 ], [ 119.653325194000104, -9.455450179999957, 0.0 ], [ 119.652930673000014, -9.455298632999927, 0.0 ], [ 119.651786175000098, -9.454722145999938, 0.0 ], [ 119.651074265000034, -9.454344098999968, 0.0 ], [ 119.650777049000112, -9.454186266999955, 0.0 ], [ 119.650171293000085, -9.45389899099996, 0.0 ], [ 119.649344021000047, -9.453329521999933, 0.0 ], [ 119.649271862000091, -9.453353161999928, 0.0 ], [ 119.649088807000112, -9.453393680999966, 0.0 ], [ 119.648965993000047, -9.453420877999974, 0.0 ], [ 119.648493772000052, -9.453546900999982, 0.0 ], [ 119.648225737000075, -9.453549708999958, 0.0 ], [ 119.648021, -9.453371716999982, 0.0 ], [ 119.647932539000067, -9.453284334999978, 0.0 ], [ 119.647664863000045, -9.453225649999979, 0.0 ], [ 119.647545012000023, -9.453221864999932, 0.0 ], [ 119.647328345, -9.453230400999928, 0.0 ], [ 119.647171763000074, -9.453255961999957, 0.0 ], [ 119.646964368000113, -9.453260586999932, 0.0 ], [ 119.646809369000039, -9.453250589999925, 0.0 ], [ 119.6464768620001, -9.453198579999935, 0.0 ], [ 119.646306677000098, -9.453169494999941, 0.0 ], [ 119.646200250000106, -9.453163049999944, 0.0 ], [ 119.646120429, -9.453090836999934, 0.0 ], [ 119.645977275000064, -9.45299221099998, 0.0 ], [ 119.645702800000095, -9.452993239999955, 0.0 ], [ 119.645391020000034, -9.452956490999952, 0.0 ], [ 119.645292361000088, -9.452971026999933, 0.0 ], [ 119.645045889000016, -9.452930462999973, 0.0 ], [ 119.644870533000017, -9.452763864999952, 0.0 ], [ 119.644758050000064, -9.452623758999948, 0.0 ], [ 119.644640804, -9.452515180999967, 0.0 ], [ 119.644402078000098, -9.452244906999965, 0.0 ], [ 119.644302396000057, -9.452117211999962, 0.0 ], [ 119.644217421, -9.45185203799997, 0.0 ], [ 119.643701994000025, -9.451386234999973, 0.0 ], [ 119.643522678000068, -9.451234425999928, 0.0 ], [ 119.643028580000077, -9.45094236999995, 0.0 ], [ 119.642481676000102, -9.450504180999928, 0.0 ], [ 119.642270618000111, -9.45033220199997, 0.0 ], [ 119.642214005000028, -9.450327896999966, 0.0 ], [ 119.641818958000044, -9.449895630999947, 0.0 ], [ 119.640768413000046, -9.44914198999993, 0.0 ], [ 119.640121207000107, -9.448636993999969, 0.0 ], [ 119.63939102400002, -9.44802333399997, 0.0 ], [ 119.63846705900005, -9.447116988999937, 0.0 ], [ 119.637785782000037, -9.446258474999979, 0.0 ], [ 119.638120730000082, -9.446076801999936, 0.0 ], [ 119.63835417100006, -9.445912515999964, 0.0 ], [ 119.638552863000086, -9.445772664999936, 0.0 ], [ 119.638685575000068, -9.445681041999933, 0.0 ], [ 119.639113581000061, -9.445385556999952, 0.0 ], [ 119.639509653000118, -9.445050710999965, 0.0 ], [ 119.639872442000069, -9.444669224999927, 0.0 ], [ 119.640245711000034, -9.44420811699996, 0.0 ], [ 119.640620425000066, -9.443686709999952, 0.0 ], [ 119.641014209000105, -9.443161600999929, 0.0 ], [ 119.641368776000036, -9.442494842999963, 0.0 ], [ 119.641605308000067, -9.441945648999933, 0.0 ], [ 119.641820021000058, -9.441194054999926, 0.0 ], [ 119.642000862000032, -9.440706710999962, 0.0 ], [ 119.642165143000057, -9.439978744999962, 0.0 ], [ 119.642323490000081, -9.439266853999982, 0.0 ], [ 119.642503198000099, -9.438519398999972, 0.0 ], [ 119.642661980000071, -9.437823308999953, 0.0 ], [ 119.64342061800005, -9.43212017999997, 0.0 ], [ 119.644592833000047, -9.426468678999981, 0.0 ], [ 119.644801338000093, -9.42550158499995, 0.0 ], [ 119.644910365000101, -9.424740301999975, 0.0 ], [ 119.644899461000023, -9.424363116999928, 0.0 ], [ 119.64478039700009, -9.423779648999925, 0.0 ], [ 119.644584809000094, -9.42320148999994, 0.0 ], [ 119.644463271000063, -9.422754472999941, 0.0 ], [ 119.644263962000082, -9.422268459999941, 0.0 ], [ 119.644078862000015, -9.421832773999938, 0.0 ], [ 119.643829461000109, -9.421383086999981, 0.0 ], [ 119.643576433000021, -9.42091761699993, 0.0 ], [ 119.643342642000107, -9.420454771999971, 0.0 ], [ 119.642941816000075, -9.419850767999947, 0.0 ], [ 119.642714316000024, -9.419463186999963, 0.0 ], [ 119.642680527000039, -9.419429899999955, 0.0 ], [ 119.642187877000083, -9.418643833999965, 0.0 ], [ 119.641528371000049, -9.41747688199996, 0.0 ], [ 119.641196018000073, -9.416889614999945, 0.0 ], [ 119.64071014700005, -9.415854740999976, 0.0 ], [ 119.640524465000112, -9.415238575999979, 0.0 ], [ 119.640523076000022, -9.415190113999927, 0.0 ], [ 119.640515715000106, -9.415152598999953, 0.0 ], [ 119.640509920000113, -9.415065720999962, 0.0 ], [ 119.640509826000084, -9.415031173999978, 0.0 ], [ 119.640523251000104, -9.414863407999974, 0.0 ], [ 119.64054370100007, -9.414673659999949, 0.0 ], [ 119.640483016000076, -9.414533371999937, 0.0 ], [ 119.640418185000044, -9.414425689999973, 0.0 ], [ 119.6403295450001, -9.414226754999959, 0.0 ], [ 119.640238876000012, -9.414000286999965, 0.0 ], [ 119.640234768000028, -9.413532965999934, 0.0 ], [ 119.640157717000079, -9.413185286999976, 0.0 ], [ 119.639878825000096, -9.41263969299996, 0.0 ], [ 119.639728872000092, -9.412257748999934, 0.0 ], [ 119.63949518600009, -9.411662579999927, 0.0 ], [ 119.639500373000033, -9.411543174999963, 0.0 ], [ 119.639540109000109, -9.411466379999979, 0.0 ], [ 119.639493903000016, -9.411362004999944, 0.0 ], [ 119.639395185000012, -9.411183173999973, 0.0 ], [ 119.639358451000021, -9.410998567999968, 0.0 ], [ 119.639449795000019, -9.410321676999956, 0.0 ], [ 119.639663124000094, -9.40966769299996, 0.0 ], [ 119.639789686000086, -9.408689437999953, 0.0 ], [ 119.639868874000058, -9.408197111999925, 0.0 ], [ 119.639986266000051, -9.407662036999966, 0.0 ], [ 119.640009812000017, -9.407413781999935, 0.0 ], [ 119.639936578000061, -9.407061816999942, 0.0 ], [ 119.639900544000056, -9.406700677999936, 0.0 ], [ 119.639914059000034, -9.406477223999957, 0.0 ], [ 119.639958654000111, -9.405945203999977, 0.0 ], [ 119.639883608000105, -9.405697802999953, 0.0 ], [ 119.639844670000116, -9.405473349999966, 0.0 ], [ 119.639877170000091, -9.405257816999949, 0.0 ], [ 119.640141564000032, -9.404782863999969, 0.0 ], [ 119.640226, -9.404609143999949, 0.0 ], [ 119.640290997000079, -9.40427787699997, 0.0 ], [ 119.640329278000081, -9.404073905999951, 0.0 ], [ 119.641271936000066, -9.402166113999954, 0.0 ], [ 119.641523919000065, -9.401694858999974, 0.0 ], [ 119.641604139000037, -9.401425176999965, 0.0 ], [ 119.641649514000051, -9.400861941999949, 0.0 ], [ 119.64172932800011, -9.400574953999978, 0.0 ], [ 119.641924624000012, -9.400257094999972, 0.0 ], [ 119.642124218000049, -9.400105206999967, 0.0 ], [ 119.642532288000098, -9.399717768999949, 0.0 ], [ 119.642657579000115, -9.399598724999976, 0.0 ], [ 119.643166102, -9.399044799999956, 0.0 ], [ 119.643276284000081, -9.398927687999958, 0.0 ], [ 119.643652488000043, -9.398724141999935, 0.0 ], [ 119.643826982000064, -9.398624238999957, 0.0 ], [ 119.644057297000018, -9.398266722999949, 0.0 ], [ 119.644299795000052, -9.397888909999949, 0.0 ], [ 119.644917559000078, -9.397650545999966, 0.0 ], [ 119.645232749000115, -9.397541456999932, 0.0 ], [ 119.645428935000041, -9.397406643999943, 0.0 ], [ 119.64557534100004, -9.397159687999931, 0.0 ], [ 119.645662261000098, -9.396899188999953, 0.0 ], [ 119.645647643000075, -9.396353083999941, 0.0 ], [ 119.645690952000109, -9.396165534999966, 0.0 ], [ 119.645824984000114, -9.396000951999952, 0.0 ], [ 119.64592596600005, -9.395793408999964, 0.0 ], [ 119.646101562000013, -9.395388872999945, 0.0 ], [ 119.646306578, -9.395102785999939, 0.0 ], [ 119.647286423000082, -9.394516783999961, 0.0 ], [ 119.647465456000077, -9.394396767999979, 0.0 ], [ 119.647521777000065, -9.394243882999945, 0.0 ], [ 119.64745404700011, -9.393869425999981, 0.0 ], [ 119.647420204000014, -9.393322143999967, 0.0 ], [ 119.647317657000031, -9.393058124999982, 0.0 ], [ 119.647304904000066, -9.392851220999944, 0.0 ], [ 119.647390173000076, -9.392736240999966, 0.0 ], [ 119.647541468000099, -9.392451125999969, 0.0 ], [ 119.647768917, -9.392091408999931, 0.0 ], [ 119.64793648300008, -9.391873973999964, 0.0 ], [ 119.648075499000015, -9.391754330999959, 0.0 ], [ 119.648231813000052, -9.391730315999951, 0.0 ], [ 119.648433346000047, -9.391722407999964, 0.0 ], [ 119.648555345000091, -9.391591284999947, 0.0 ], [ 119.648596792000035, -9.39144302099993, 0.0 ], [ 119.648290547000101, -9.390905270999951, 0.0 ], [ 119.648044450000043, -9.390600613999936, 0.0 ], [ 119.64798522500007, -9.390470927999957, 0.0 ], [ 119.648043093000069, -9.390382110999951, 0.0 ], [ 119.648171043000048, -9.390343207999933, 0.0 ], [ 119.648391189000108, -9.390445657999976, 0.0 ], [ 119.648492202000057, -9.390485406999971, 0.0 ], [ 119.648584561, -9.39047683299998, 0.0 ], [ 119.648676870000031, -9.390402226999981, 0.0 ], [ 119.648699982000039, -9.390277755999932, 0.0 ], [ 119.648653122000042, -9.390155862999961, 0.0 ], [ 119.64849636100007, -9.389800127999933, 0.0 ], [ 119.648459359000071, -9.389604972999962, 0.0 ], [ 119.648480751000079, -9.389504907999935, 0.0 ], [ 119.648550656000111, -9.389426546999971, 0.0 ], [ 119.648662498000022, -9.389389394999966, 0.0 ], [ 119.648693502000015, -9.389368846999957, 0.0 ], [ 119.648858294000092, -9.389531028999954, 0.0 ], [ 119.648978141000043, -9.389570710999976, 0.0 ], [ 119.649214065000024, -9.389554547999978, 0.0 ], [ 119.649312669000096, -9.389496802999929, 0.0 ], [ 119.64938621500005, -9.389383971999962, 0.0 ], [ 119.649402712000096, -9.389358643999969, 0.0 ], [ 119.649443810000093, -9.38916768799993, 0.0 ], [ 119.649501219000058, -9.38908198699994, 0.0 ], [ 119.649629202000028, -9.389042985999936, 0.0 ], [ 119.64974996400008, -9.388998146999938, 0.0 ], [ 119.649776652000014, -9.388900645999968, 0.0 ], [ 119.649473701000034, -9.38867903299996, 0.0 ], [ 119.649376890000099, -9.388624015999937, 0.0 ], [ 119.649018058000024, -9.387914423999973, 0.0 ], [ 119.648979423000014, -9.387682297999959, 0.0 ], [ 119.649020969000048, -9.387558002999981, 0.0 ], [ 119.649194093, -9.387470083999972, 0.0 ], [ 119.649586001000102, -9.387374206999937, 0.0 ], [ 119.649728252000045, -9.387310161999949, 0.0 ], [ 119.649805406000041, -9.387219561999927, 0.0 ], [ 119.649809811000068, -9.386869876999981, 0.0 ], [ 119.649801937, -9.386746004999964, 0.0 ], [ 119.649937485, -9.386431337999966, 0.0 ], [ 119.650039389000085, -9.386295186999973, 0.0 ], [ 119.650193967000064, -9.386205394999934, 0.0 ], [ 119.65046174500003, -9.386193405999961, 0.0 ], [ 119.650630657000079, -9.386163770999929, 0.0 ], [ 119.650745184000016, -9.386059363999948, 0.0 ], [ 119.650878687000045, -9.385151237999935, 0.0 ], [ 119.650868109000044, -9.38493617499995, 0.0 ], [ 119.650820919000012, -9.384832536999966, 0.0 ], [ 119.650756669000089, -9.384791144999951, 0.0 ], [ 119.650449499000047, -9.385034362999932, 0.0 ], [ 119.65026444800003, -9.385181502999956, 0.0 ], [ 119.650157752000041, -9.385220113999935, 0.0 ], [ 119.650051622000092, -9.38520314799996, 0.0 ], [ 119.64992195100001, -9.385055220999959, 0.0 ], [ 119.649857969000095, -9.384929314999965, 0.0 ], [ 119.649851639000076, -9.38473589299997, 0.0 ], [ 119.649915706000115, -9.384524565999925, 0.0 ], [ 119.649981036000099, -9.384444390999931, 0.0 ], [ 119.650267496000083, -9.384439532999977, 0.0 ], [ 119.650386964000063, -9.384473921999927, 0.0 ], [ 119.650677580000092, -9.38449166099997, 0.0 ], [ 119.650919839000039, -9.384427780999943, 0.0 ], [ 119.651121620000026, -9.38430699099996, 0.0 ], [ 119.651365891000069, -9.384088924999958, 0.0 ], [ 119.651405829000055, -9.384010172999979, 0.0 ], [ 119.651382801000068, -9.38391828999994, 0.0 ], [ 119.651141357000029, -9.383786817999976, 0.0 ], [ 119.650824221000107, -9.383719519999943, 0.0 ], [ 119.650596595000025, -9.383682080999961, 0.0 ], [ 119.65048622300003, -9.383627009999941, 0.0 ], [ 119.650456522000013, -9.383519709999973, 0.0 ], [ 119.650697097000034, -9.382969177999939, 0.0 ], [ 119.650833410000018, -9.382781443999932, 0.0 ], [ 119.650986002000081, -9.382701470999962, 0.0 ], [ 119.651282034000019, -9.382666025999981, 0.0 ], [ 119.65184651300001, -9.382817644999932, 0.0 ], [ 119.65208932500002, -9.382880331999957, 0.0 ], [ 119.652318527000034, -9.382854941999938, 0.0 ], [ 119.652433980000069, -9.382811922999963, 0.0 ], [ 119.652498830000013, -9.382686594999939, 0.0 ], [ 119.652381405000028, -9.382141786999966, 0.0 ], [ 119.652360469000087, -9.381980830999964, 0.0 ], [ 119.65242493400001, -9.381818912999961, 0.0 ], [ 119.6525829200001, -9.381655721999948, 0.0 ], [ 119.652805279000063, -9.381440080999937, 0.0 ], [ 119.652948106000053, -9.381207518999929, 0.0 ], [ 119.652972780000027, -9.380963124999937, 0.0 ], [ 119.652917185000092, -9.380795561999946, 0.0 ], [ 119.652825563000079, -9.380569097999967, 0.0 ], [ 119.6528262490001, -9.38032248899998, 0.0 ], [ 119.652827393000052, -9.379914756999938, 0.0 ], [ 119.652893733000042, -9.379565250999974, 0.0 ], [ 119.653111498000044, -9.379135373999929, 0.0 ], [ 119.653385549000063, -9.378724796999961, 0.0 ], [ 119.653786874000048, -9.378307285999938, 0.0 ], [ 119.654081402000088, -9.377951125999971, 0.0 ], [ 119.654253749000077, -9.37759701799996, 0.0 ], [ 119.654305997000051, -9.376605519999941, 0.0 ], [ 119.654292312000052, -9.376533943999959, 0.0 ], [ 119.654305435000083, -9.37633787599998, 0.0 ], [ 119.654446282000094, -9.376219140999979, 0.0 ], [ 119.655216827000118, -9.375932782999939, 0.0 ], [ 119.655321874000037, -9.375708954999936, 0.0 ], [ 119.655195890000073, -9.375353536999967, 0.0 ], [ 119.6551114560001, -9.375272603999974, 0.0 ], [ 119.654829358000029, -9.375093583999956, 0.0 ], [ 119.654669092000063, -9.374997425999936, 0.0 ], [ 119.654058183000075, -9.374435116999962, 0.0 ], [ 119.653884341000094, -9.37442982999994, 0.0 ], [ 119.653656919000014, -9.374420692999934, 0.0 ], [ 119.653544278000027, -9.374362975999929, 0.0 ], [ 119.653525282000032, -9.374285528999962, 0.0 ], [ 119.653591510000069, -9.374088094999934, 0.0 ], [ 119.653720620000058, -9.373897377999981, 0.0 ], [ 119.65386994000005, -9.373806630999979, 0.0 ], [ 119.654211982000106, -9.373716471999956, 0.0 ], [ 119.654453466000064, -9.373718629999928, 0.0 ], [ 119.654747808000025, -9.373617278999973, 0.0 ], [ 119.654786671000011, -9.37354892299993, 0.0 ], [ 119.654749484000035, -9.373404110999957, 0.0 ], [ 119.654628421000098, -9.37324498299995, 0.0 ], [ 119.654464265000115, -9.372957362999955, 0.0 ], [ 119.654506222, -9.372655111999961, 0.0 ], [ 119.654771264000033, -9.372452922999969, 0.0 ], [ 119.655041917000062, -9.372396846999948, 0.0 ], [ 119.655202452000026, -9.372385695999981, 0.0 ], [ 119.655641416000094, -9.372136676999958, 0.0 ], [ 119.655711171, -9.372097093999969, 0.0 ], [ 119.656066198000076, -9.371574237999937, 0.0 ], [ 119.656098499000109, -9.371427298999947, 0.0 ], [ 119.656123639000043, -9.371003988999973, 0.0 ], [ 119.656026749000034, -9.370833003999962, 0.0 ], [ 119.65585967100003, -9.370608254999979, 0.0 ], [ 119.655404968000084, -9.369914362999964, 0.0 ], [ 119.655055468000114, -9.36968133299996, 0.0 ], [ 119.654808844000058, -9.369529377999982, 0.0 ], [ 119.654688984000018, -9.369465347999949, 0.0 ], [ 119.654546678000088, -9.369363215999954, 0.0 ], [ 119.65462233900007, -9.369270286999949, 0.0 ], [ 119.654931189000081, -9.369121250999967, 0.0 ], [ 119.655019293, -9.369017250999946, 0.0 ], [ 119.655038328000046, -9.368871157999934, 0.0 ], [ 119.654913105000105, -9.368642406999982, 0.0 ], [ 119.654844860000026, -9.368500191999942, 0.0 ], [ 119.654820125000015, -9.368251376999979, 0.0 ], [ 119.654940370000077, -9.368077953999943, 0.0 ], [ 119.655127904000096, -9.36792395699996, 0.0 ], [ 119.655266694000034, -9.367833279999957, 0.0 ], [ 119.655501640000011, -9.367717956999968, 0.0 ], [ 119.655852729000117, -9.367484597999976, 0.0 ], [ 119.655998201000102, -9.367373315999941, 0.0 ], [ 119.656135257000074, -9.367463209999926, 0.0 ], [ 119.656361846000095, -9.367641670999944, 0.0 ], [ 119.65662614300004, -9.367854142999931, 0.0 ], [ 119.65688650300001, -9.367981541999939, 0.0 ], [ 119.657177753000042, -9.368121446999965, 0.0 ], [ 119.657977457000015, -9.368583629999932, 0.0 ], [ 119.660111739000058, -9.369362704999958, 0.0 ], [ 119.660282192000068, -9.369423789999928, 0.0 ], [ 119.66059916200004, -9.369537383999955, 0.0 ], [ 119.660964611000054, -9.369644522999977, 0.0 ], [ 119.661582671000019, -9.369756063999944, 0.0 ], [ 119.661874055000112, -9.369835243999944, 0.0 ], [ 119.663971715000116, -9.370696327999951, 0.0 ], [ 119.664545493000105, -9.37106597199994, 0.0 ], [ 119.664777051000101, -9.371226989999968, 0.0 ], [ 119.66484863300002, -9.371272350999959, 0.0 ], [ 119.665460648000021, -9.371660131999931, 0.0 ], [ 119.665745150000021, -9.371840091999957, 0.0 ], [ 119.666380875000073, -9.372212642999955, 0.0 ], [ 119.666527031000101, -9.372298334999925, 0.0 ], [ 119.666777034, -9.372448882999947, 0.0 ], [ 119.666988729000082, -9.372570866999979, 0.0 ], [ 119.667915408000113, -9.373129922999965, 0.0 ], [ 119.668363419000116, -9.373441643999968, 0.0 ], [ 119.668719569000018, -9.373689474999935, 0.0 ], [ 119.668762989000015, -9.373723385999938, 0.0 ], [ 119.669195521, -9.374015235999934, 0.0 ], [ 119.670085473000086, -9.374564724999971, 0.0 ], [ 119.670247898000071, -9.374643678999973, 0.0 ], [ 119.670492600000102, -9.374795895999966, 0.0 ], [ 119.670684437000091, -9.374920423999981, 0.0 ], [ 119.670903792000104, -9.37500023299998, 0.0 ], [ 119.67105541, -9.375055398999962, 0.0 ], [ 119.671342221000032, -9.375201459999971, 0.0 ], [ 119.672262597000099, -9.375716679999925, 0.0 ], [ 119.672929732000057, -9.37602510399995, 0.0 ], [ 119.673026846000084, -9.376075114999935, 0.0 ], [ 119.673060153000051, -9.376085821999936, 0.0 ], [ 119.673466246000089, -9.376260328999933, 0.0 ], [ 119.673862052000118, -9.376470894999954, 0.0 ], [ 119.67425185500008, -9.376696268999979, 0.0 ], [ 119.674511647000031, -9.376887402999955, 0.0 ], [ 119.674866105000092, -9.37714602099993, 0.0 ], [ 119.675651602000016, -9.37754879299996, 0.0 ], [ 119.675902642000096, -9.377688171999978, 0.0 ], [ 119.676279816000033, -9.377915224999981, 0.0 ], [ 119.677100620000033, -9.378144632999977, 0.0 ], [ 119.677471518000061, -9.378222302999973, 0.0 ], [ 119.67790426900001, -9.378437632999976, 0.0 ], [ 119.678382532000114, -9.378669771999967, 0.0 ], [ 119.678827311000077, -9.378851161999933, 0.0 ], [ 119.679453316000036, -9.379148672999975, 0.0 ], [ 119.679649614000027, -9.379267066999944, 0.0 ], [ 119.680013382000084, -9.379471894999938, 0.0 ], [ 119.680354876000024, -9.379664112999933, 0.0 ], [ 119.680779, -9.379866695999965, 0.0 ], [ 119.681380770000032, -9.380107222999982, 0.0 ], [ 119.681578449000085, -9.380186222999953, 0.0 ], [ 119.682143960000076, -9.380359772999952, 0.0 ], [ 119.682415025000068, -9.380494818999978, 0.0 ], [ 119.683392642000058, -9.380998016999968, 0.0 ], [ 119.683843473000024, -9.381250704999957, 0.0 ], [ 119.684645106000062, -9.38164637899996, 0.0 ], [ 119.685060090000093, -9.381789486999935, 0.0 ], [ 119.685308744000054, -9.38192797399995, 0.0 ], [ 119.685835708000013, -9.382158333999939, 0.0 ], [ 119.686374168000043, -9.382409750999955, 0.0 ], [ 119.686816620000059, -9.382526704999975, 0.0 ], [ 119.687187534000032, -9.382603265999933, 0.0 ], [ 119.687851813000066, -9.382745457999931, 0.0 ], [ 119.688102110000045, -9.382799032999969, 0.0 ], [ 119.689606977000039, -9.383121140999947, 0.0 ], [ 119.68998182200005, -9.383192867999981, 0.0 ], [ 119.690603125000052, -9.383233348999966, 0.0 ], [ 119.691561755000066, -9.383258579999961, 0.0 ], [ 119.692582179000055, -9.38318542199994, 0.0 ], [ 119.692919253000014, -9.383242985999971, 0.0 ], [ 119.693809175000069, -9.383373222999978, 0.0 ], [ 119.694210910000038, -9.383431215999963, 0.0 ], [ 119.694868924000048, -9.383524584999975, 0.0 ], [ 119.695314630000098, -9.383587911999939, 0.0 ], [ 119.696650190000014, -9.383573393999939, 0.0 ], [ 119.697363469000038, -9.383613437999941, 0.0 ], [ 119.699316658000043, -9.383668005999937, 0.0 ], [ 119.699706000000106, -9.383749332999969, 0.0 ], [ 119.70105653600001, -9.384081579999929, 0.0 ], [ 119.701402933000054, -9.384177808999937, 0.0 ], [ 119.702289754000049, -9.384567708999953, 0.0 ], [ 119.703792526000029, -9.385291490999975, 0.0 ], [ 119.704239157000075, -9.385382835999962, 0.0 ], [ 119.704716703000031, -9.385499288999938, 0.0 ], [ 119.705090019000068, -9.385529531999964, 0.0 ], [ 119.705310915000041, -9.385517707999952, 0.0 ], [ 119.705437182000082, -9.385510948999979, 0.0 ], [ 119.705776324000112, -9.385553877999939, 0.0 ], [ 119.706412779000061, -9.385513655999944, 0.0 ], [ 119.707097382000029, -9.385470389999966, 0.0 ], [ 119.707376511, -9.385452749999956, 0.0 ], [ 119.707712661000073, -9.385526013999936, 0.0 ], [ 119.707840506000025, -9.385553877999939, 0.0 ], [ 119.708114144000092, -9.385827515999949, 0.0 ], [ 119.708204180000052, -9.385873631999971, 0.0 ], [ 119.708358039000018, -9.385952436999958, 0.0 ], [ 119.708650098000021, -9.385836180999945, 0.0 ], [ 119.708970750000049, -9.385708542999964, 0.0 ], [ 119.709393104000014, -9.385655004999933, 0.0 ], [ 119.709946329000104, -9.385696644999939, 0.0 ], [ 119.710644303000095, -9.385624217999975, 0.0 ], [ 119.710662099000047, -9.385626942999977, 0.0 ], [ 119.710693030000016, -9.385635592999961, 0.0 ], [ 119.711896253000077, -9.385972098999957, 0.0 ], [ 119.712220820000084, -9.38603601799997, 0.0 ], [ 119.712836147000075, -9.38612773899996, 0.0 ], [ 119.713607067000112, -9.38627534099993, 0.0 ], [ 119.714112259000103, -9.386398776999954, 0.0 ], [ 119.714765320000083, -9.386526517999926, 0.0 ], [ 119.7153077480001, -9.386599474999969, 0.0 ], [ 119.715310733000024, -9.386599875999934, 0.0 ], [ 119.715685639000071, -9.386650346999943, 0.0 ], [ 119.717499621000115, -9.387141501999963, 0.0 ], [ 119.717929207000111, -9.387245887999939, 0.0 ], [ 119.718202661000078, -9.38731901899996, 0.0 ], [ 119.718626303000065, -9.387444599999981, 0.0 ], [ 119.719466033000117, -9.387576840999941, 0.0 ], [ 119.720248129000083, -9.387585410999975, 0.0 ], [ 119.721625768000081, -9.387532972999963, 0.0 ], [ 119.723891209000044, -9.387648851999927, 0.0 ], [ 119.724511098000107, -9.387685056999942, 0.0 ], [ 119.725644674000023, -9.387789338999937, 0.0 ], [ 119.727222001000086, -9.38810092999995, 0.0 ], [ 119.727423172000044, -9.388140675999978, 0.0 ], [ 119.727877688000035, -9.388290913999981, 0.0 ], [ 119.728323200000091, -9.388506051999968, 0.0 ], [ 119.728878270000109, -9.388779084999953, 0.0 ], [ 119.729183818000024, -9.388929380999969, 0.0 ], [ 119.729876053000112, -9.389110022999944, 0.0 ], [ 119.730710927000018, -9.389222751999966, 0.0 ], [ 119.73130535700011, -9.38922155299997, 0.0 ], [ 119.731403582000098, -9.389213574999928, 0.0 ], [ 119.731716152000104, -9.389188224999941, 0.0 ], [ 119.732124985000041, -9.389144182999928, 0.0 ], [ 119.734396564, -9.389157928999964, 0.0 ], [ 119.734947097000031, -9.389230423999948, 0.0 ], [ 119.73517120200006, -9.389270303999979, 0.0 ], [ 119.735890421000022, -9.389398367999945, 0.0 ], [ 119.736398365000014, -9.389399023999943, 0.0 ], [ 119.736863188000029, -9.389365878999968, 0.0 ], [ 119.737603399000022, -9.389219065999953, 0.0 ], [ 119.737929743000109, -9.389163425999925, 0.0 ], [ 119.739481535000095, -9.389009253999973, 0.0 ], [ 119.739590208000095, -9.38900677099997, 0.0 ], [ 119.74049986700004, -9.388985849999926, 0.0 ], [ 119.740828662000013, -9.38897828599994, 0.0 ], [ 119.741558894000036, -9.38890276799998, 0.0 ], [ 119.742515258000026, -9.388750566999931, 0.0 ], [ 119.742701827000019, -9.38872467799996, 0.0 ], [ 119.743103405000056, -9.388668958999972, 0.0 ], [ 119.743626857000095, -9.388596320999966, 0.0 ], [ 119.744048408000026, -9.388576674999968, 0.0 ], [ 119.744347212000093, -9.388541397999973, 0.0 ], [ 119.744622332000063, -9.388527346999979, 0.0 ], [ 119.745045160000018, -9.38851454099995, 0.0 ], [ 119.745691410000063, -9.388494938999941, 0.0 ], [ 119.745999995000034, -9.388429892999966, 0.0 ], [ 119.746606622000058, -9.388302053999951, 0.0 ], [ 119.747675442000059, -9.38796522399997, 0.0 ], [ 119.748524121000059, -9.387653704999934, 0.0 ], [ 119.749267517000021, -9.387408427999958, 0.0 ], [ 119.749999424000066, -9.387113373999966, 0.0 ], [ 119.75007232400003, -9.387083970999981, 0.0 ], [ 119.750648413000022, -9.386851900999943, 0.0 ], [ 119.750681893000092, -9.386840200999927, 0.0 ], [ 119.750920148000091, -9.386726599999974, 0.0 ], [ 119.751114914000027, -9.386648540999943, 0.0 ], [ 119.751947930000028, -9.386314640999956, 0.0 ], [ 119.752263001000074, -9.386237963999974, 0.0 ], [ 119.75322983, -9.385971712999947, 0.0 ], [ 119.753692552000075, -9.385873945999947, 0.0 ], [ 119.754471920000015, -9.385826621999968, 0.0 ], [ 119.754547929000069, -9.385822006999945, 0.0 ], [ 119.754835333000074, -9.385832839999978, 0.0 ], [ 119.755495161000113, -9.386041666999972, 0.0 ], [ 119.755608186000018, -9.386392637999961, 0.0 ], [ 119.755935362000059, -9.38675550499994, 0.0 ], [ 119.756126327000061, -9.386763414999962, 0.0 ], [ 119.756393271000093, -9.386774471999956, 0.0 ], [ 119.756638685000098, -9.386784636999948, 0.0 ], [ 119.756940684000028, -9.386797145999935, 0.0 ], [ 119.75805308200006, -9.386826888999963, 0.0 ], [ 119.75792816, -9.386505661999934, 0.0 ], [ 119.758255336000047, -9.386315304999926, 0.0 ], [ 119.758665793000091, -9.386089255999934, 0.0 ], [ 119.759128728000064, -9.385917402999951, 0.0 ], [ 119.759138725000071, -9.38591824699995, 0.0 ], [ 119.759480344000053, -9.385947083999952, 0.0 ], [ 119.759654564000016, -9.38598451699994, 0.0 ], [ 119.75993194800003, -9.386020583999937, 0.0 ], [ 119.760346750000053, -9.386047995999945, 0.0 ], [ 119.760451748000037, -9.386010760999966, 0.0 ], [ 119.760489704000065, -9.386013318999971, 0.0 ], [ 119.760629834000042, -9.385980307999944, 0.0 ], [ 119.760809268000116, -9.385816442999953, 0.0 ], [ 119.761049676000084, -9.385701447999963, 0.0 ], [ 119.761210093000045, -9.385694035999961, 0.0 ], [ 119.761541094000108, -9.385685888999944, 0.0 ], [ 119.761682651000115, -9.385715363999964, 0.0 ], [ 119.762038198000027, -9.385885259999952, 0.0 ], [ 119.762123782000117, -9.386040714999979, 0.0 ], [ 119.762206535000018, -9.386087355999962, 0.0 ], [ 119.762284829, -9.386074205999932, 0.0 ], [ 119.762337162000108, -9.386071443999981, 0.0 ], [ 119.762363722000032, -9.386127951999981, 0.0 ], [ 119.762412981000011, -9.386201396999979, 0.0 ], [ 119.762616334000086, -9.386266019999937, 0.0 ], [ 119.762744016000056, -9.38636209699996, 0.0 ], [ 119.762777839000023, -9.386444781999955, 0.0 ], [ 119.762810935000061, -9.386592112999949, 0.0 ], [ 119.763015008000025, -9.387016351999932, 0.0 ], [ 119.763184084000045, -9.387236219999977, 0.0 ], [ 119.763403062000066, -9.387698086999933, 0.0 ], [ 119.763485491000097, -9.387857428999951, 0.0 ], [ 119.763636789000088, -9.388044415999957, 0.0 ], [ 119.763727056000107, -9.388183942999945, 0.0 ], [ 119.763970486000062, -9.388453158999937, 0.0 ], [ 119.764016976000107, -9.388506010999947, 0.0 ], [ 119.764106454000057, -9.388607734999937, 0.0 ], [ 119.764194853000049, -9.388881319999939, 0.0 ], [ 119.764652441000067, -9.38931095199996, 0.0 ], [ 119.764792809000028, -9.389515801999949, 0.0 ], [ 119.764878442000054, -9.389597445999925, 0.0 ], [ 119.76528906100009, -9.390060049999931, 0.0 ], [ 119.765479413000094, -9.390367782999931, 0.0 ], [ 119.765680614000075, -9.39071166399998, 0.0 ], [ 119.765805366000109, -9.390842239999927, 0.0 ], [ 119.765910028, -9.390985199999932, 0.0 ], [ 119.766015117000052, -9.391069753999943, 0.0 ], [ 119.766253002000099, -9.391304082999966, 0.0 ], [ 119.76645406800003, -9.391413411999963, 0.0 ], [ 119.76681862800001, -9.391555773999926, 0.0 ], [ 119.767109648000087, -9.391850690999945, 0.0 ], [ 119.767262440000081, -9.392005007999956, 0.0 ], [ 119.767377832000079, -9.392150928999968, 0.0 ], [ 119.76767841000003, -9.392428032999931, 0.0 ], [ 119.76776841100002, -9.392523768999979, 0.0 ], [ 119.767924201000028, -9.392756970999926, 0.0 ], [ 119.768192823000049, -9.39303717699994, 0.0 ], [ 119.768296227000064, -9.393068007999943, 0.0 ], [ 119.768535574000111, -9.393156254999951, 0.0 ], [ 119.768732180000029, -9.393303754999977, 0.0 ], [ 119.768904334000013, -9.393440548999934, 0.0 ], [ 119.769001630000048, -9.393527958999925, 0.0 ], [ 119.769218018000061, -9.393677428999979, 0.0 ], [ 119.769457435000049, -9.393870080999932, 0.0 ], [ 119.769675287000041, -9.394019226999944, 0.0 ], [ 119.770126245000029, -9.394424643999969, 0.0 ], [ 119.770247064000046, -9.394509789999972, 0.0 ], [ 119.770322479000015, -9.394621565999955, 0.0 ], [ 119.77045432400007, -9.394807569999955, 0.0 ], [ 119.770662017000063, -9.394943693999949, 0.0 ], [ 119.770992240000055, -9.395092489999968, 0.0 ], [ 119.771123203000116, -9.395201055999962, 0.0 ], [ 119.771295026000075, -9.395374144999948, 0.0 ], [ 119.771409340000105, -9.395520632999933, 0.0 ], [ 119.7717710820001, -9.395970247999969, 0.0 ], [ 119.772344840000073, -9.396406555999931, 0.0 ], [ 119.772476822000044, -9.39647042699994, 0.0 ], [ 119.772545882000031, -9.396508423999933, 0.0 ], [ 119.772707490000016, -9.39658719199997, 0.0 ], [ 119.772766721000039, -9.39661603199994, 0.0 ], [ 119.772793792000016, -9.396629240999971, 0.0 ], [ 119.773045724000099, -9.396734094999942, 0.0 ], [ 119.773148115000026, -9.396778944999937, 0.0 ], [ 119.773551246000011, -9.396866443999954, 0.0 ], [ 119.774120036000113, -9.397024732999967, 0.0 ], [ 119.774249031000068, -9.397031682999966, 0.0 ], [ 119.774563090000015, -9.397068117999936, 0.0 ], [ 119.774780849000081, -9.397179164999955, 0.0 ], [ 119.774969444000021, -9.397353690999978, 0.0 ], [ 119.775105676000067, -9.397441501999936, 0.0 ], [ 119.775444900000025, -9.397573272999978, 0.0 ], [ 119.775805701000081, -9.397644222999929, 0.0 ], [ 119.776321552000013, -9.397745709999981, 0.0 ], [ 119.776605116000042, -9.397742061999963, 0.0 ], [ 119.776724819000037, -9.397749910999948, 0.0 ], [ 119.776937564000036, -9.397801209999955, 0.0 ], [ 119.777110631000028, -9.397863669999936, 0.0 ], [ 119.777678365000043, -9.397903158999952, 0.0 ], [ 119.777912258000015, -9.397938970999974, 0.0 ], [ 119.778811527000016, -9.39816013799998, 0.0 ], [ 119.779293960000018, -9.398362923999969, 0.0 ], [ 119.779673049000053, -9.398458192999954, 0.0 ], [ 119.780345308000051, -9.398642138999946, 0.0 ], [ 119.780767236000088, -9.398761582999953, 0.0 ], [ 119.781367407000062, -9.398909319999973, 0.0 ], [ 119.782983296000111, -9.39927836399994, 0.0 ], [ 119.78357706700001, -9.399413942999956, 0.0 ], [ 119.783908084000018, -9.399534224999968, 0.0 ], [ 119.784310526000013, -9.399648924999951, 0.0 ], [ 119.785339064000027, -9.399730684999952, 0.0 ], [ 119.786181659000022, -9.399797708999927, 0.0 ], [ 119.786684438000066, -9.399766880999948, 0.0 ], [ 119.786720021000065, -9.399751381999977, 0.0 ], [ 119.78713825300008, -9.399592487999939, 0.0 ], [ 119.787696832000051, -9.399464113999954, 0.0 ], [ 119.787830599000017, -9.399352429999965, 0.0 ], [ 119.788034553000102, -9.399195205999945, 0.0 ], [ 119.788195970000061, -9.399163288999944, 0.0 ], [ 119.788548556000023, -9.39914547199993, 0.0 ], [ 119.788919802, -9.399072538999974, 0.0 ], [ 119.789719982000065, -9.398915608999971, 0.0 ], [ 119.790460879000079, -9.398846221999975, 0.0 ], [ 119.790930176000074, -9.39894848299997, 0.0 ], [ 119.791324735000103, -9.399048425999979, 0.0 ], [ 119.792241491000027, -9.399163723999948, 0.0 ], [ 119.792569357000048, -9.39923033599996, 0.0 ], [ 119.792764644000044, -9.399175742999944, 0.0 ], [ 119.792955670000083, -9.399137286999974, 0.0 ], [ 119.793236115000013, -9.399169077999943, 0.0 ], [ 119.7934306410001, -9.399258715999963, 0.0 ], [ 119.79374934000009, -9.399456192999935, 0.0 ], [ 119.794007270000066, -9.39946789499993, 0.0 ], [ 119.794281096000077, -9.399444376999952, 0.0 ], [ 119.794611928000108, -9.399302851999948, 0.0 ], [ 119.794817995000017, -9.399239643999977, 0.0 ], [ 119.795566152000106, -9.399117874999945, 0.0 ], [ 119.795869647000018, -9.399098642999945, 0.0 ], [ 119.796230048000098, -9.399075834999962, 0.0 ], [ 119.796597014000099, -9.399008648999938, 0.0 ], [ 119.796871932000045, -9.398907975999975, 0.0 ], [ 119.797268995000081, -9.398762608999959, 0.0 ], [ 119.797749319000104, -9.398462970999958, 0.0 ], [ 119.79973187500002, -9.397378612999944, 0.0 ], [ 119.799942204000104, -9.397297923999929, 0.0 ], [ 119.800901743000054, -9.39697659899997, 0.0 ], [ 119.802057581000099, -9.396522200999925, 0.0 ], [ 119.802459046000081, -9.396370203999936, 0.0 ], [ 119.802969058000031, -9.396132440999963, 0.0 ], [ 119.803342754000028, -9.395958304999965, 0.0 ], [ 119.803642337000042, -9.395770554999956, 0.0 ], [ 119.804016121000018, -9.395540170999936, 0.0 ], [ 119.805255329000033, -9.394859075999932, 0.0 ], [ 119.805532126000116, -9.394710473999965, 0.0 ], [ 119.80604371600009, -9.394459257999927, 0.0 ], [ 119.80636977100005, -9.394294540999965, 0.0 ], [ 119.807010589000015, -9.393885037999951, 0.0 ], [ 119.807756157000085, -9.393146284999943, 0.0 ], [ 119.807919478000031, -9.392910940999968, 0.0 ], [ 119.808781022000062, -9.391833426999938, 0.0 ], [ 119.809031517000108, -9.391545959999974, 0.0 ], [ 119.809264240000061, -9.391186005999941, 0.0 ], [ 119.809551021000061, -9.390780695999979, 0.0 ], [ 119.810738381000078, -9.389407100999961, 0.0 ], [ 119.811175465000019, -9.389051305999942, 0.0 ], [ 119.811310687000059, -9.388930674999926, 0.0 ], [ 119.811589435000087, -9.388682066999934, 0.0 ], [ 119.811981315000025, -9.388294519999931, 0.0 ], [ 119.812160040000094, -9.388126194999927, 0.0 ], [ 119.812259445000109, -9.388032554999938, 0.0 ], [ 119.812705627000014, -9.387602070999947, 0.0 ], [ 119.814026084000034, -9.38637012099997, 0.0 ], [ 119.814405162000071, -9.385988775999976, 0.0 ], [ 119.814908863000028, -9.385482432999936, 0.0 ], [ 119.81516294100004, -9.385256833999961, 0.0 ], [ 119.81560029700006, -9.38484320799995, 0.0 ], [ 119.81617799300011, -9.384338508999974, 0.0 ], [ 119.816747520000035, -9.383841924999956, 0.0 ], [ 119.817589448000035, -9.383035552999957, 0.0 ], [ 119.818007518000059, -9.382704441999977, 0.0 ], [ 119.8185560390001, -9.382318648999956, 0.0 ], [ 119.818636028000014, -9.382192392999968, 0.0 ], [ 119.818842864000089, -9.381968163999943, 0.0 ], [ 119.819333018000066, -9.381547943999976, 0.0 ], [ 119.819834374000038, -9.381207983999957, 0.0 ], [ 119.820334225000011, -9.380869054999948, 0.0 ], [ 119.820660479000026, -9.380588755999952, 0.0 ], [ 119.820950709000044, -9.380242210999938, 0.0 ], [ 119.821182158000056, -9.379983033999963, 0.0 ], [ 119.821441314000026, -9.379723536999961, 0.0 ], [ 119.821999562000087, -9.379134584999974, 0.0 ], [ 119.822316783000019, -9.378629614999966, 0.0 ], [ 119.822469130000059, -9.378387079999982, 0.0 ], [ 119.822650769, -9.378044925999973, 0.0 ], [ 119.822775405000016, -9.377874042999963, 0.0 ], [ 119.822848100000101, -9.377774318999968, 0.0 ], [ 119.823014515000068, -9.377540764999935, 0.0 ], [ 119.823388815000044, -9.377015662999952, 0.0 ], [ 119.823344147000057, -9.37698904299998, 0.0 ], [ 119.823242336000021, -9.376945252999974, 0.0 ], [ 119.823099175000038, -9.376878659999932, 0.0 ], [ 119.823085190000029, -9.376752052999962, 0.0 ], [ 119.823234315000036, -9.376525741999956, 0.0 ], [ 119.823480386000028, -9.376281190999975, 0.0 ], [ 119.823641866000116, -9.37621465999996, 0.0 ], [ 119.823829471000067, -9.376180020999925, 0.0 ], [ 119.823906104000116, -9.37617492399994, 0.0 ], [ 119.824072365, -9.376094642999931, 0.0 ], [ 119.824147618000097, -9.376058078999961, 0.0 ], [ 119.824183596000012, -9.376020834999963, 0.0 ], [ 119.824336472000027, -9.375790455999947, 0.0 ], [ 119.824568766000084, -9.375458219999928, 0.0 ], [ 119.824941674000115, -9.375000055999976, 0.0 ], [ 119.825558989000115, -9.374243940999975, 0.0 ], [ 119.825821613000016, -9.374035982999942, 0.0 ], [ 119.826510604000077, -9.373454752999976, 0.0 ], [ 119.826749609000103, -9.373273550999954, 0.0 ], [ 119.826927209000019, -9.373029115999941, 0.0 ], [ 119.827158197000017, -9.372723162999932, 0.0 ], [ 119.827533754000115, -9.37235716999993, 0.0 ], [ 119.827676499000063, -9.372190797999963, 0.0 ], [ 119.828203885000107, -9.371576210999933, 0.0 ], [ 119.828531221000048, -9.370968524999967, 0.0 ], [ 119.828815164000048, -9.370583404999934, 0.0 ], [ 119.830297698000095, -9.368864167999959, 0.0 ], [ 119.83040815600009, -9.368742188999931, 0.0 ], [ 119.830842679000057, -9.368262304999973, 0.0 ], [ 119.831107308000014, -9.36797004899995, 0.0 ], [ 119.831190380000066, -9.367856536999966, 0.0 ], [ 119.831547586000056, -9.367412970999965, 0.0 ], [ 119.831813035000096, -9.367098483999939, 0.0 ], [ 119.832082098000114, -9.366731325999979, 0.0 ], [ 119.832476589000066, -9.366288813999972, 0.0 ], [ 119.832810694000045, -9.365949815999954, 0.0 ], [ 119.83324458200002, -9.36557464699996, 0.0 ], [ 119.833468229000118, -9.365370094999946, 0.0 ], [ 119.833877552000104, -9.364995689999944, 0.0 ], [ 119.834214589000112, -9.364682768999955, 0.0 ], [ 119.835122971000033, -9.363988336999967, 0.0 ], [ 119.835542566000072, -9.363640317999966, 0.0 ], [ 119.835894005000114, -9.363364582999964, 0.0 ], [ 119.836826827000095, -9.36268903499996, 0.0 ], [ 119.837160705000088, -9.362452488999963, 0.0 ], [ 119.837675677000107, -9.362111180999932, 0.0 ], [ 119.838175098000079, -9.361768156999972, 0.0 ], [ 119.838433738000049, -9.361590520999926, 0.0 ], [ 119.839463640000076, -9.360751334999975, 0.0 ], [ 119.839574009000103, -9.36062729899993, 0.0 ], [ 119.839852035000035, -9.360314844999948, 0.0 ], [ 119.840734545000032, -9.359274222999943, 0.0 ], [ 119.841412609000031, -9.35873761199997, 0.0 ], [ 119.841709211000079, -9.358502844999975, 0.0 ], [ 119.841896613000017, -9.358334034999928, 0.0 ], [ 119.84233937800002, -9.35802562799995, 0.0 ], [ 119.842872548000059, -9.357618524999964, 0.0 ], [ 119.843312506000075, -9.357170205999978, 0.0 ], [ 119.843865644000061, -9.356669070999942, 0.0 ], [ 119.844193650000079, -9.356421705999935, 0.0 ], [ 119.844519748000039, -9.356164926999952, 0.0 ], [ 119.844858910000085, -9.355897881999965, 0.0 ], [ 119.845153252000046, -9.355687126999953, 0.0 ], [ 119.845354384000075, -9.355625419999967, 0.0 ], [ 119.845886473000064, -9.355426638999973, 0.0 ], [ 119.846237903000087, -9.355151210999963, 0.0 ], [ 119.846975162000035, -9.354484560999936, 0.0 ], [ 119.847047887000031, -9.354420365999943, 0.0 ], [ 119.847226552000052, -9.35426261899994, 0.0 ], [ 119.848578094000118, -9.353251240999953, 0.0 ], [ 119.848940239000058, -9.352970039999946, 0.0 ], [ 119.849374646000115, -9.352649554999971, 0.0 ], [ 119.850868278, -9.351736670999969, 0.0 ], [ 119.85118409800009, -9.351572272999931, 0.0 ], [ 119.85164391, -9.351323630999957, 0.0 ], [ 119.852043207000065, -9.351100387999963, 0.0 ], [ 119.852483471000028, -9.350829114999954, 0.0 ], [ 119.852848105000021, -9.350629883999943, 0.0 ], [ 119.853726707000078, -9.350109101999976, 0.0 ], [ 119.855090070000074, -9.349470481999958, 0.0 ], [ 119.855459615000086, -9.349393927999927, 0.0 ], [ 119.855734169000016, -9.34938613199995, 0.0 ], [ 119.855893647000016, -9.349381580999932, 0.0 ], [ 119.856664377000016, -9.348959769999965, 0.0 ], [ 119.856874789000017, -9.348795360999929, 0.0 ], [ 119.85722570300004, -9.348496577999981, 0.0 ], [ 119.857620108000106, -9.348191141999962, 0.0 ], [ 119.857803082000032, -9.348049471999957, 0.0 ], [ 119.858625098000061, -9.347680160999971, 0.0 ], [ 119.859043990000032, -9.347498377999955, 0.0 ], [ 119.859217054000055, -9.347423274999926, 0.0 ], [ 119.859458834000066, -9.347318327999972, 0.0 ], [ 119.859777127000029, -9.347090333999972, 0.0 ], [ 119.859827335000091, -9.34705435199993, 0.0 ], [ 119.860371997000016, -9.346608096999944, 0.0 ], [ 119.860767347000092, -9.346345864999932, 0.0 ], [ 119.861792345000026, -9.345705506999934, 0.0 ], [ 119.862296524000044, -9.345339792999937, 0.0 ], [ 119.863780227, -9.344210549999957, 0.0 ], [ 119.864745613000082, -9.343501600999957, 0.0 ], [ 119.864843734000033, -9.343454110999971, 0.0 ], [ 119.864843829000051, -9.343454064999946, 0.0 ], [ 119.864844122000022, -9.343454425999937, 0.0 ], [ 119.864844244000096, -9.343455051999968, 0.0 ], [ 119.864844463000054, -9.343456181999954, 0.0 ], [ 119.864845081000112, -9.343459363999955, 0.0 ], [ 119.864849173000039, -9.343480423999949, 0.0 ], [ 119.864853188000097, -9.343501088999972, 0.0 ], [ 119.864860765000117, -9.343540091999955, 0.0 ], [ 119.864868731000115, -9.343581098999948, 0.0 ], [ 119.864877755000066, -9.343627546999926, 0.0 ], [ 119.864882564000027, -9.343652299999974, 0.0 ], [ 119.864882044000069, -9.343653213999971, 0.0 ], [ 119.864856739000061, -9.343697679999934, 0.0 ], [ 119.864827929000057, -9.343747858999961, 0.0 ], [ 119.864611819000061, -9.344124260999934, 0.0 ], [ 119.864590585000087, -9.344168961999969, 0.0 ], [ 119.864538584000115, -9.344278431999953, 0.0 ], [ 119.864563673000021, -9.34442758199998, 0.0 ], [ 119.864634193000029, -9.344846810999968, 0.0 ], [ 119.864715671000113, -9.345144279999943, 0.0 ], [ 119.865188758000045, -9.345657557999971, 0.0 ], [ 119.865261178000083, -9.345736129999977, 0.0 ], [ 119.865501956000116, -9.345914868999955, 0.0 ], [ 119.865708848000054, -9.34597643799998, 0.0 ], [ 119.865809813000055, -9.34602079299998, 0.0 ], [ 119.866209686000047, -9.346189212999946, 0.0 ], [ 119.866341255000066, -9.346333116999972, 0.0 ], [ 119.866406466000058, -9.346404441999937, 0.0 ], [ 119.866424658000028, -9.346425561999979, 0.0 ], [ 119.866486914, -9.346497836999959, 0.0 ], [ 119.866506931000117, -9.346521074999941, 0.0 ], [ 119.866532045000099, -9.346566629999927, 0.0 ], [ 119.866556513000091, -9.346611014999951, 0.0 ], [ 119.866596479, -9.346749672999977, 0.0 ], [ 119.866627874000073, -9.346858591999933, 0.0 ], [ 119.866639647000056, -9.346899435999944, 0.0 ], [ 119.866659181000045, -9.346941627999968, 0.0 ], [ 119.866702151000027, -9.347034442999927, 0.0 ], [ 119.866726425000024, -9.34708845199998, 0.0 ], [ 119.866964839000048, -9.347800220999943, 0.0 ], [ 119.867286329000081, -9.34850318499997, 0.0 ], [ 119.867372363000072, -9.348691305999978, 0.0 ], [ 119.867517828000018, -9.349118939999926, 0.0 ], [ 119.867654309000045, -9.349520165999934, 0.0 ], [ 119.867788740000037, -9.34990754699993, 0.0 ], [ 119.867799859000115, -9.349943592999978, 0.0 ], [ 119.867794102000062, -9.350006878999977, 0.0 ], [ 119.867726101000017, -9.350377826999932, 0.0 ], [ 119.86785347600005, -9.351424754999925, 0.0 ], [ 119.867888494000113, -9.351812937999966, 0.0 ], [ 119.867884410000102, -9.35200268799997, 0.0 ], [ 119.867882755000096, -9.352011734999962, 0.0 ], [ 119.867886161000115, -9.352427276999947, 0.0 ], [ 119.868064602000118, -9.352967880999927, 0.0 ], [ 119.868231608000087, -9.35330079199997, 0.0 ], [ 119.868617893000078, -9.354029430999958, 0.0 ], [ 119.868853534000095, -9.354479229999981, 0.0 ], [ 119.869134304000113, -9.355019003999928, 0.0 ], [ 119.869333488000052, -9.355329858999937, 0.0 ], [ 119.869433764000064, -9.355486353999936, 0.0 ], [ 119.869566496000061, -9.355665961999932, 0.0 ], [ 119.869618917000025, -9.355746844999942, 0.0 ], [ 119.869602493000116, -9.355847633999929, 0.0 ], [ 119.869549635000112, -9.35617200799993, 0.0 ], [ 119.869231606000085, -9.35683407099998, 0.0 ], [ 119.869154562000062, -9.356934069999966, 0.0 ], [ 119.869067315000052, -9.357043184999952, 0.0 ], [ 119.86897564100002, -9.357233642999972, 0.0 ], [ 119.868954586000086, -9.357306086999927, 0.0 ], [ 119.86902576500006, -9.357522328999949, 0.0 ], [ 119.869559344000095, -9.358186533999969, 0.0 ], [ 119.869883552000033, -9.358554306999963, 0.0 ], [ 119.870256006000091, -9.35904816599998, 0.0 ], [ 119.870350471000052, -9.359264218999954, 0.0 ], [ 119.870582785000011, -9.359795348999967, 0.0 ], [ 119.870647689000066, -9.360011641999961, 0.0 ], [ 119.870780318000016, -9.360444203999975, 0.0 ], [ 119.871147242, -9.361028446999967, 0.0 ], [ 119.871275769000022, -9.36117195099996, 0.0 ], [ 119.871731744000044, -9.361656095999933, 0.0 ], [ 119.872005088000037, -9.361988141999973, 0.0 ], [ 119.872279324000033, -9.362428588999933, 0.0 ], [ 119.872432712000091, -9.362676444999977, 0.0 ], [ 119.872474025000088, -9.36274320299998, 0.0 ], [ 119.872602105000055, -9.363031254999953, 0.0 ], [ 119.873100124000075, -9.364490735999937, 0.0 ], [ 119.873354170000084, -9.365030719999936, 0.0 ], [ 119.873369145000083, -9.36504866599995, 0.0 ], [ 119.873775530000103, -9.365596446999973, 0.0 ], [ 119.874047666000024, -9.365847192999979, 0.0 ], [ 119.874184375000027, -9.365945458999931, 0.0 ], [ 119.87440166500005, -9.366097273999969, 0.0 ], [ 119.874763503000054, -9.366338256999938, 0.0 ], [ 119.874999653000032, -9.366571225999962, 0.0 ], [ 119.875071923000064, -9.366642910999929, 0.0 ], [ 119.875416817000087, -9.367245392999962, 0.0 ], [ 119.875564372000099, -9.367975952999927, 0.0 ], [ 119.875577594000106, -9.368057151999949, 0.0 ], [ 119.875612430000047, -9.368354992999969, 0.0 ], [ 119.87562046700009, -9.368436233999944, 0.0 ], [ 119.875949594000076, -9.369255658999975, 0.0 ], [ 119.876094308, -9.370049478999931, 0.0 ], [ 119.876112218000117, -9.370501035999951, 0.0 ], [ 119.876220913000111, -9.370997024999951, 0.0 ], [ 119.876371724000023, -9.371293923999929, 0.0 ], [ 119.876505691000034, -9.37140124299998, 0.0 ], [ 119.876800350000053, -9.371624699999927, 0.0 ], [ 119.877123786000084, -9.371829853999941, 0.0 ], [ 119.877347456000052, -9.371927410999945, 0.0 ], [ 119.877634203000071, -9.371952181999973, 0.0 ], [ 119.878195675000029, -9.371953069999961, 0.0 ], [ 119.878564338000047, -9.371953652999935, 0.0 ], [ 119.879598779000048, -9.371918136999966, 0.0 ], [ 119.879993808000108, -9.371969127999932, 0.0 ], [ 119.880263429000024, -9.372057273999928, 0.0 ], [ 119.880491647000099, -9.372134801999948, 0.0 ], [ 119.881484061000037, -9.372471937999933, 0.0 ], [ 119.881864040000096, -9.372495945999958, 0.0 ], [ 119.882191792000071, -9.372529413999928, 0.0 ], [ 119.882563519000087, -9.372589624999932, 0.0 ], [ 119.883387027000026, -9.372754562999944, 0.0 ], [ 119.883939668000039, -9.372966875999964, 0.0 ], [ 119.884250819000044, -9.37312695199995, 0.0 ], [ 119.88451848200009, -9.373242212999969, 0.0 ], [ 119.884909493, -9.37330226399996, 0.0 ], [ 119.885338483000055, -9.373334901999954, 0.0 ], [ 119.88568388200008, -9.373368221999954, 0.0 ], [ 119.886761336000063, -9.373386537999977, 0.0 ], [ 119.88711907600009, -9.373537196999962, 0.0 ], [ 119.887270503000082, -9.373698572999956, 0.0 ], [ 119.887378030000036, -9.373842238999941, 0.0 ], [ 119.887509837000039, -9.374039910999954, 0.0 ], [ 119.887747151000099, -9.374543875999962, 0.0 ], [ 119.887775408000039, -9.37500052799993, 0.0 ], [ 119.887793313000088, -9.375158015999943, 0.0 ], [ 119.887940435000019, -9.375469488999954, 0.0 ], [ 119.888108662000036, -9.375625017999937, 0.0 ], [ 119.888546229000099, -9.375864991999947, 0.0 ], [ 119.888849832, -9.375903996999966, 0.0 ], [ 119.889387857000088, -9.375897209999948, 0.0 ], [ 119.889681630000041, -9.375927766999951, 0.0 ], [ 119.890171748000057, -9.376036922999958, 0.0 ], [ 119.890799627000092, -9.376272656999959, 0.0 ], [ 119.891478435000067, -9.376606802999959, 0.0 ], [ 119.891710468000042, -9.376667927999961, 0.0 ], [ 119.892062150000015, -9.376672162999967, 0.0 ], [ 119.892268509000019, -9.376634095999975, 0.0 ], [ 119.892888067000058, -9.376484804999961, 0.0 ], [ 119.893125705000102, -9.376460619999932, 0.0 ], [ 119.89356771100006, -9.376464331999955, 0.0 ], [ 119.893791189000012, -9.376538162999964, 0.0 ], [ 119.894523570000047, -9.376883373999931, 0.0 ], [ 119.894803785000022, -9.377054947999966, 0.0 ], [ 119.89507710700002, -9.377212584999938, 0.0 ], [ 119.89518372100008, -9.377265372999943, 0.0 ], [ 119.895439856000053, -9.377382009999963, 0.0 ], [ 119.896016836000058, -9.377658466999947, 0.0 ], [ 119.896860343000071, -9.377892882999959, 0.0 ], [ 119.897153818000106, -9.378140582999947, 0.0 ], [ 119.897160875000054, -9.378152171999943, 0.0 ], [ 119.897409360000097, -9.378560253999979, 0.0 ], [ 119.897531122000032, -9.378774307999947, 0.0 ], [ 119.897677265000084, -9.379047749999927, 0.0 ], [ 119.897820877000072, -9.37937130499995, 0.0 ], [ 119.897901620000084, -9.379602515999977, 0.0 ], [ 119.897967460000018, -9.379708512999969, 0.0 ], [ 119.898011508000081, -9.379823821999935, 0.0 ], [ 119.898103856000034, -9.379911326999945, 0.0 ], [ 119.898245286000019, -9.379965526999968, 0.0 ], [ 119.898449418000041, -9.379961568999931, 0.0 ], [ 119.898707482000077, -9.379897209999967, 0.0 ], [ 119.898824274000049, -9.379856774999951, 0.0 ], [ 119.899125517000016, -9.379793245999963, 0.0 ], [ 119.899242918000027, -9.379670678999958, 0.0 ], [ 119.899394114000074, -9.379480441999931, 0.0 ], [ 119.899572391000106, -9.379304418999936, 0.0 ], [ 119.899953414000038, -9.378964531999941, 0.0 ], [ 119.900048810000044, -9.378870456999948, 0.0 ], [ 119.900375841000027, -9.378637357999935, 0.0 ], [ 119.900687543000117, -9.37866018699998, 0.0 ], [ 119.900967556000069, -9.378739339999981, 0.0 ], [ 119.901205739000034, -9.37884298299997, 0.0 ], [ 119.901432268, -9.378878777999944, 0.0 ], [ 119.901662448000025, -9.378966342999945, 0.0 ], [ 119.902169631000106, -9.379125305999935, 0.0 ], [ 119.902908970000112, -9.379474873999982, 0.0 ], [ 119.90312046400004, -9.379510736999976, 0.0 ], [ 119.903714600000058, -9.379410480999979, 0.0 ], [ 119.904016821000027, -9.379199209999967, 0.0 ], [ 119.904140082000026, -9.379137255999979, 0.0 ], [ 119.904746873000022, -9.379207849999943, 0.0 ], [ 119.904881446000104, -9.379256891999944, 0.0 ], [ 119.904990861000101, -9.379310629999964, 0.0 ], [ 119.905109546000062, -9.379398240999933, 0.0 ], [ 119.905324574000019, -9.379501392999941, 0.0 ], [ 119.905499796000072, -9.379688112999929, 0.0 ], [ 119.905780557000071, -9.379987297999946, 0.0 ], [ 119.905846490000044, -9.380109670999957, 0.0 ], [ 119.905982654000013, -9.380321254999956, 0.0 ], [ 119.906015426000067, -9.380372177999959, 0.0 ], [ 119.906176714000026, -9.380535620999979, 0.0 ], [ 119.906180187000018, -9.380540867999969, 0.0 ], [ 119.90623421600003, -9.380645098999935, 0.0 ], [ 119.906519130000106, -9.380795124999963, 0.0 ], [ 119.906520998000019, -9.380796108999959, 0.0 ], [ 119.907017493000012, -9.381175286999962, 0.0 ], [ 119.907152937000092, -9.381285054999978, 0.0 ], [ 119.907326983000075, -9.381381125999951, 0.0 ], [ 119.907491483000058, -9.381504105999966, 0.0 ], [ 119.907640080000078, -9.381641166999941, 0.0 ], [ 119.908775172000105, -9.38268814099996, 0.0 ], [ 119.909109664000084, -9.383150583999964, 0.0 ], [ 119.909208814000067, -9.383406372999957, 0.0 ], [ 119.909220840000103, -9.383627764999972, 0.0 ], [ 119.909186848000104, -9.38374577299993, 0.0 ], [ 119.908802922000064, -9.384804150999969, 0.0 ], [ 119.908100479000041, -9.38557979899997, 0.0 ], [ 119.907904456000097, -9.385916863999967, 0.0 ], [ 119.907869650000066, -9.386277634999942, 0.0 ], [ 119.907890670000029, -9.386355847999937, 0.0 ], [ 119.908081468000091, -9.386469639999973, 0.0 ], [ 119.908302373000083, -9.386546018999979, 0.0 ], [ 119.908330061000015, -9.386555591999979, 0.0 ], [ 119.909330968000063, -9.386879842999974, 0.0 ], [ 119.909343019000062, -9.386887460999958, 0.0 ], [ 119.909560388000045, -9.387024870999937, 0.0 ], [ 119.909689628000024, -9.38710804699997, 0.0 ], [ 119.909727585000041, -9.387138655999934, 0.0 ], [ 119.910037903000102, -9.387388894999958, 0.0 ], [ 119.910224323000079, -9.387884614999962, 0.0 ], [ 119.910280782000086, -9.389038819999939, 0.0 ], [ 119.910289735000106, -9.38921546499995, 0.0 ], [ 119.910303967000118, -9.389384803999974, 0.0 ], [ 119.910348763000115, -9.389792607999937, 0.0 ], [ 119.910379147000071, -9.389938595999979, 0.0 ], [ 119.910470020000048, -9.390210908999961, 0.0 ], [ 119.910493369000051, -9.390280875999963, 0.0 ], [ 119.910972226000013, -9.390737354999942, 0.0 ], [ 119.911222429000077, -9.390873897999938, 0.0 ], [ 119.9114629500001, -9.391135331999976, 0.0 ], [ 119.911647908000077, -9.391337979999946, 0.0 ], [ 119.911670072000106, -9.391448441999955, 0.0 ], [ 119.911732227000016, -9.391645037999979, 0.0 ], [ 119.911507499000095, -9.392196847999969, 0.0 ], [ 119.911325005000094, -9.392376172999946, 0.0 ], [ 119.910732556000085, -9.392996895999943, 0.0 ], [ 119.910544893000065, -9.393291452999961, 0.0 ], [ 119.910531057000071, -9.393388276999929, 0.0 ], [ 119.910509166000111, -9.393541467999967, 0.0 ], [ 119.910656958000118, -9.39395116999998, 0.0 ], [ 119.91105265200008, -9.394330713999977, 0.0 ], [ 119.911535632000096, -9.394525303999956, 0.0 ], [ 119.911644902000035, -9.394534872999941, 0.0 ], [ 119.911807130000057, -9.394614676999936, 0.0 ], [ 119.911910143000114, -9.394654247999938, 0.0 ], [ 119.912490930000104, -9.394877349999945, 0.0 ], [ 119.912557601000117, -9.394908667999971, 0.0 ], [ 119.912606037000046, -9.394933274999971, 0.0 ], [ 119.912798413000019, -9.39501037399998, 0.0 ], [ 119.912905451000029, -9.395149529999969, 0.0 ], [ 119.912986624000041, -9.395255059999954, 0.0 ], [ 119.912784292000083, -9.395441407999954, 0.0 ], [ 119.912676560000023, -9.395886504999964, 0.0 ], [ 119.911981328000024, -9.396494968999946, 0.0 ], [ 119.911790640000049, -9.396938811999973, 0.0 ], [ 119.91133878200003, -9.39702351699998, 0.0 ], [ 119.91141596500006, -9.397479896999926, 0.0 ], [ 119.911354018000111, -9.398320136999928, 0.0 ], [ 119.911239685000055, -9.398457589999964, 0.0 ], [ 119.910550657000044, -9.399285951999957, 0.0 ], [ 119.910516123000093, -9.399941954999974, 0.0 ], [ 119.911080792, -9.400468496999963, 0.0 ], [ 119.911711975000117, -9.401074703999939, 0.0 ], [ 119.912031693000017, -9.402515232999974, 0.0 ], [ 119.911703532000047, -9.403360238999937, 0.0 ], [ 119.911127904000068, -9.40407060299998, 0.0 ], [ 119.910720420000075, -9.40481080099994, 0.0 ], [ 119.909962174000043, -9.405482377999931, 0.0 ], [ 119.909745696000073, -9.406265076999944, 0.0 ], [ 119.90936294200003, -9.406524449999949, 0.0 ], [ 119.909277701000065, -9.406582212999979, 0.0 ], [ 119.908773194000105, -9.406752485999959, 0.0 ], [ 119.908114526000077, -9.407068691999939, 0.0 ], [ 119.907941152000035, -9.407467467999936, 0.0 ], [ 119.907993487000113, -9.408546714999943, 0.0 ], [ 119.907991264000088, -9.409837833999973, 0.0 ], [ 119.90783121100003, -9.41067682399995, 0.0 ], [ 119.90739531600002, -9.411042631999976, 0.0 ], [ 119.906560027000069, -9.411489604999929, 0.0 ], [ 119.906516219000082, -9.411514881999949, 0.0 ], [ 119.906176752000079, -9.411710751999976, 0.0 ], [ 119.906250803000034, -9.412611341999934, 0.0 ], [ 119.905885671000078, -9.413359515999957, 0.0 ], [ 119.903825077000079, -9.413716160999968, 0.0 ], [ 119.903479351000101, -9.413832532999947, 0.0 ], [ 119.903560298000116, -9.415943127999981, 0.0 ], [ 119.903544715000066, -9.417420528999969, 0.0 ], [ 119.90321089400004, -9.418117763999931, 0.0 ], [ 119.901855258000069, -9.419504667999945, 0.0 ], [ 119.900652486000013, -9.420488250999938, 0.0 ], [ 119.900369407000085, -9.420747675999962, 0.0 ], [ 119.900360564000039, -9.421038544999931, 0.0 ], [ 119.900978190000046, -9.421010364999972, 0.0 ], [ 119.901623312000083, -9.421012698999959, 0.0 ], [ 119.902165021000087, -9.421314182999936, 0.0 ], [ 119.90234974100008, -9.421873364999954, 0.0 ], [ 119.902322544000072, -9.422936294999943, 0.0 ], [ 119.902294974000029, -9.424013831999957, 0.0 ], [ 119.902211863000048, -9.424614190999932, 0.0 ], [ 119.900520199000084, -9.426119620999941, 0.0 ], [ 119.89967350500001, -9.426193522999938, 0.0 ], [ 119.899319988000116, -9.426521503999936, 0.0 ], [ 119.899279229000058, -9.427337213999976, 0.0 ], [ 119.89926033900008, -9.427380597999957, 0.0 ], [ 119.899075150000044, -9.427805916999944, 0.0 ], [ 119.898656807000066, -9.428171831999975, 0.0 ], [ 119.898345817000063, -9.428588844999979, 0.0 ], [ 119.898102054000105, -9.42931105699995, 0.0 ], [ 119.898098383000047, -9.430126442999949, 0.0 ], [ 119.89816491900001, -9.430854998999962, 0.0 ], [ 119.897917579000023, -9.431113701999948, 0.0 ], [ 119.898118809000039, -9.431418899999926, 0.0 ], [ 119.898511957000096, -9.431517889999952, 0.0 ], [ 119.89904023400004, -9.432205895999971, 0.0 ], [ 119.899515059, -9.432930030999955, 0.0 ], [ 119.899555134000025, -9.432991147999928, 0.0 ], [ 119.899695351000105, -9.433415598999943, 0.0 ], [ 119.899494942000047, -9.433782534999978, 0.0 ], [ 119.89890179300005, -9.434289582999952, 0.0 ], [ 119.901211725000053, -9.439561616999981, 0.0 ], [ 119.902280854000082, -9.442001725999944, 0.0 ], [ 119.904964362000101, -9.448126383999977, 0.0 ], [ 119.905028394000055, -9.448272524999936, 0.0 ], [ 119.905334420000031, -9.448970978999967, 0.0 ], [ 119.905343617000085, -9.448991969999952, 0.0 ], [ 119.906253444000072, -9.451068498999973, 0.0 ], [ 119.907410904000017, -9.45270930099997, 0.0 ], [ 119.909890867000058, -9.456224870999961, 0.0 ], [ 119.911158592000106, -9.45802198399997, 0.0 ], [ 119.912630139000044, -9.460108031999937, 0.0 ], [ 119.91434687200001, -9.461721508999972, 0.0 ], [ 119.915151175, -9.462477436999961, 0.0 ], [ 119.915786001000015, -9.463074079999956, 0.0 ], [ 119.916961092000065, -9.464178493999952, 0.0 ], [ 119.917033281000045, -9.464279983999973, 0.0 ], [ 119.917631459000063, -9.465120956999954, 0.0 ], [ 119.917560218000062, -9.466440059999968, 0.0 ], [ 119.917457833000071, -9.46833583199998, 0.0 ], [ 119.917350750000082, -9.470318580999958, 0.0 ], [ 119.917222533000086, -9.472692647999963, 0.0 ], [ 119.917165056000044, -9.473756901999934, 0.0 ], [ 119.917069239000057, -9.475531057999945, 0.0 ], [ 119.917045449000057, -9.47597154999994, 0.0 ], [ 119.917190425000058, -9.47700621499996, 0.0 ], [ 119.91736318400001, -9.477337016999968, 0.0 ], [ 119.917834845000016, -9.477257355999939, 0.0 ], [ 119.918659626000021, -9.476737382999943, 0.0 ], [ 119.919262894000099, -9.47630440699993, 0.0 ], [ 119.919961335000039, -9.475899693999963, 0.0 ], [ 119.920409883000048, -9.475786454999934, 0.0 ], [ 119.920998584000017, -9.475755841999955, 0.0 ], [ 119.921420022, -9.475871887999972, 0.0 ], [ 119.922162506000063, -9.476391571999955, 0.0 ], [ 119.922396483000057, -9.477015326999947, 0.0 ], [ 119.922345985000106, -9.47757106399996, 0.0 ], [ 119.922003603, -9.478087520999964, 0.0 ], [ 119.921527281000067, -9.478806015999965, 0.0 ], [ 119.921390405000011, -9.479012481999973, 0.0 ], [ 119.920849163000071, -9.479887626999925, 0.0 ], [ 119.920815796000056, -9.480659596999942, 0.0 ], [ 119.921435742000085, -9.480832506999946, 0.0 ], [ 119.922492064000039, -9.48070496899993, 0.0 ], [ 119.924103675000083, -9.481042313999978, 0.0 ], [ 119.924824709000063, -9.48137266699996, 0.0 ], [ 119.92574675100002, -9.481879421999963, 0.0 ], [ 119.925873309000053, -9.481989836999958, 0.0 ], [ 119.926128646000052, -9.482212606999951, 0.0 ], [ 119.926310209, -9.482448530999932, 0.0 ], [ 119.926322701000117, -9.482745230999967, 0.0 ], [ 119.925865033000036, -9.482887564999942, 0.0 ], [ 119.924580712000079, -9.483185210999977, 0.0 ], [ 119.924036816000012, -9.483295977999944, 0.0 ], [ 119.923415583000065, -9.483422495999946, 0.0 ], [ 119.923078868000061, -9.483712219999973, 0.0 ], [ 119.92278090700006, -9.484160003999932, 0.0 ], [ 119.922767520000093, -9.48444169499993, 0.0 ], [ 119.922904168000059, -9.484745597999961, 0.0 ], [ 119.92337176400008, -9.485015447999956, 0.0 ], [ 119.924229549000074, -9.484797097999945, 0.0 ], [ 119.924778518000039, -9.484432714999969, 0.0 ], [ 119.925235905000022, -9.484428890999936, 0.0 ], [ 119.925671225000087, -9.484612969999944, 0.0 ], [ 119.92586307900001, -9.484916407999947, 0.0 ], [ 119.925653176000083, -9.485214006999968, 0.0 ], [ 119.925628002000053, -9.485249698999951, 0.0 ], [ 119.925496813000109, -9.485435697999947, 0.0 ], [ 119.924706284000081, -9.48620359399996, 0.0 ], [ 119.924128315000075, -9.486765016999925, 0.0 ], [ 119.924069667000026, -9.487289561999944, 0.0 ], [ 119.924006256000098, -9.488181768999937, 0.0 ], [ 119.924004006000018, -9.488846634999959, 0.0 ], [ 119.923952289000113, -9.488925965999954, 0.0 ], [ 119.923793800000112, -9.489169082999979, 0.0 ], [ 119.923245769000118, -9.489462695999975, 0.0 ], [ 119.922682419000012, -9.489402153999947, 0.0 ], [ 119.922214172000054, -9.489131216999965, 0.0 ], [ 119.921924447000038, -9.488925965999954, 0.0 ], [ 119.921510358000091, -9.488632612999936, 0.0 ], [ 119.921349278000093, -9.488573404999954, 0.0 ], [ 119.920482265000032, -9.48825471899994, 0.0 ], [ 119.918630364000023, -9.487487869999939, 0.0 ], [ 119.91831460700007, -9.48747504499994, 0.0 ], [ 119.918089419000012, -9.487573543999929, 0.0 ], [ 119.917951790000075, -9.487887740999952, 0.0 ], [ 119.917942192000055, -9.488135167999928, 0.0 ], [ 119.918036310000048, -9.488925965999954, 0.0 ], [ 119.918158013000038, -9.48994853499994, 0.0 ], [ 119.918136581000113, -9.490210017999971, 0.0 ], [ 119.91806796700007, -9.491047166999977, 0.0 ], [ 119.917564460000108, -9.491924042999926, 0.0 ], [ 119.917326181000021, -9.492277915999978, 0.0 ], [ 119.917328065000106, -9.492328595999936, 0.0 ], [ 119.91735140500009, -9.492956400999958, 0.0 ], [ 119.917646318000038, -9.493437923999977, 0.0 ], [ 119.917975458000114, -9.493800059999955, 0.0 ], [ 119.919101897000019, -9.494098643999962, 0.0 ], [ 119.919902814000011, -9.494375501999968, 0.0 ], [ 119.920333634000031, -9.494606559999966, 0.0 ], [ 119.920607260000111, -9.494902485999944, 0.0 ], [ 119.920622896000054, -9.494947528999944, 0.0 ], [ 119.920626496000068, -9.494957899999974, 0.0 ], [ 119.920896676000098, -9.495736200999943, 0.0 ], [ 119.920794946000115, -9.495947266999963, 0.0 ], [ 119.920141479000108, -9.496202055999959, 0.0 ], [ 119.91899327100009, -9.49624586799996, 0.0 ], [ 119.917992119000019, -9.496506185999976, 0.0 ], [ 119.91751570100007, -9.496805155999937, 0.0 ], [ 119.917060456000058, -9.497090839999942, 0.0 ], [ 119.916632276000087, -9.497754397999927, 0.0 ], [ 119.916477652000026, -9.498615161999965, 0.0 ], [ 119.916483482000103, -9.498848318999933, 0.0 ], [ 119.916489580000075, -9.499092213999973, 0.0 ], [ 119.916249128000118, -9.499571371999934, 0.0 ], [ 119.915760804000115, -9.49965366899994, 0.0 ], [ 119.915302571000097, -9.499563627999976, 0.0 ], [ 119.91516544600006, -9.499204953999936, 0.0 ], [ 119.915181923000091, -9.498848318999933, 0.0 ], [ 119.915241646000027, -9.497555660999978, 0.0 ], [ 119.91522972000007, -9.497078607999981, 0.0 ], [ 119.914707017000069, -9.495894, 0.0 ], [ 119.913844243000085, -9.495533552999973, 0.0 ], [ 119.913348037000105, -9.49561590999997, 0.0 ], [ 119.912342294000041, -9.496070154999927, 0.0 ], [ 119.911747326000068, -9.496599198999945, 0.0 ], [ 119.911415890000058, -9.497018598999944, 0.0 ], [ 119.911262159000103, -9.497345540999959, 0.0 ], [ 119.911236106000047, -9.497823793999942, 0.0 ], [ 119.911550382000087, -9.498493806999932, 0.0 ], [ 119.911716397000077, -9.498848318999933, 0.0 ], [ 119.912002311000037, -9.499458863999962, 0.0 ], [ 119.912168147000102, -9.500276399999962, 0.0 ], [ 119.912362332000043, -9.501233687999957, 0.0 ], [ 119.912348315000031, -9.502560461999963, 0.0 ], [ 119.91231601100003, -9.50309565699996, 0.0 ], [ 119.912261138000076, -9.504004763999944, 0.0 ], [ 119.912293258000091, -9.504655524999976, 0.0 ], [ 119.912529702000029, -9.505339773999935, 0.0 ], [ 119.911993095000071, -9.506567804999975, 0.0 ], [ 119.91185405300007, -9.507105047999971, 0.0 ], [ 119.911664598000016, -9.507837077999966, 0.0 ], [ 119.91147262000004, -9.508408103999955, 0.0 ], [ 119.91111473400008, -9.509472611999968, 0.0 ], [ 119.911006306000104, -9.509795124999926, 0.0 ], [ 119.910844845000042, -9.511095533999935, 0.0 ], [ 119.91050003700002, -9.511564483999962, 0.0 ], [ 119.910269487000051, -9.511878037999963, 0.0 ], [ 119.909494786000096, -9.51258833299994, 0.0 ], [ 119.909072192000053, -9.512971926999967, 0.0 ], [ 119.907638618000078, -9.512983876999954, 0.0 ], [ 119.906102715000088, -9.51264475399995, 0.0 ], [ 119.905897286000027, -9.512432640999975, 0.0 ], [ 119.905888972000071, -9.512424056999976, 0.0 ], [ 119.905871793000074, -9.512406318999979, 0.0 ], [ 119.905859280000072, -9.512393398999961, 0.0 ], [ 119.905792273000088, -9.510493213999951, 0.0 ], [ 119.905428039000071, -9.509384179999927, 0.0 ], [ 119.904754874000105, -9.508671867999965, 0.0 ], [ 119.904271814000026, -9.508619580999948, 0.0 ], [ 119.904045192000012, -9.508677772999931, 0.0 ], [ 119.90384826200011, -9.508890562999966, 0.0 ], [ 119.903994714000078, -9.509424262999971, 0.0 ], [ 119.904136840000092, -9.511126370999932, 0.0 ], [ 119.904146098000069, -9.511428605999981, 0.0 ], [ 119.903988262000098, -9.511983546999943, 0.0 ], [ 119.903727668000101, -9.512487655999962, 0.0 ], [ 119.903223011000023, -9.512958540999932, 0.0 ], [ 119.901646579000044, -9.513971592999951, 0.0 ], [ 119.900046779000036, -9.51497808299996, 0.0 ], [ 119.899775964000014, -9.51507987399998, 0.0 ], [ 119.899610578000079, -9.515142036999976, 0.0 ], [ 119.898735419000104, -9.515726460999929, 0.0 ], [ 119.898112186000048, -9.515886485999943, 0.0 ], [ 119.897370367, -9.51623178799997, 0.0 ], [ 119.896465265000074, -9.516579728999943, 0.0 ], [ 119.896384452, -9.516610794999963, 0.0 ], [ 119.896210133000068, -9.516677806999951, 0.0 ], [ 119.896040211000013, -9.516683047999948, 0.0 ], [ 119.894961290000083, -9.516716327999973, 0.0 ], [ 119.893482732000052, -9.516447057999926, 0.0 ], [ 119.892610928000067, -9.516134787999931, 0.0 ], [ 119.892385386000115, -9.51600450199993, 0.0 ], [ 119.892326879000052, -9.51571980999995, 0.0 ], [ 119.89228046900007, -9.515205485999957, 0.0 ], [ 119.892074973000035, -9.514956790999975, 0.0 ], [ 119.891728766000028, -9.514700625999978, 0.0 ], [ 119.890787012000033, -9.514003804999959, 0.0 ], [ 119.889330205000078, -9.512850832999959, 0.0 ], [ 119.888731671000073, -9.512570610999944, 0.0 ], [ 119.888008883000111, -9.512527904999956, 0.0 ], [ 119.887266687000078, -9.512680112999931, 0.0 ], [ 119.886903392000022, -9.512850051999976, 0.0 ], [ 119.886541149000095, -9.513145182999949, 0.0 ], [ 119.886430818, -9.513384218999931, 0.0 ], [ 119.886383215000023, -9.513656732999948, 0.0 ], [ 119.886416835000091, -9.513947126999938, 0.0 ], [ 119.886524351000048, -9.514125589999935, 0.0 ], [ 119.886850389000074, -9.514333165999972, 0.0 ], [ 119.887307065000073, -9.514637456999935, 0.0 ], [ 119.887374773000033, -9.515107115999967, 0.0 ], [ 119.88711115000001, -9.516403563999972, 0.0 ], [ 119.887015002000112, -9.516648878999945, 0.0 ], [ 119.886517717000061, -9.51791766599996, 0.0 ], [ 119.886352130000091, -9.518245959999945, 0.0 ], [ 119.885992556000019, -9.518861046999973, 0.0 ], [ 119.885332378000044, -9.519596872999955, 0.0 ], [ 119.884989963000066, -9.519929195999964, 0.0 ], [ 119.884775769000044, -9.520137077999948, 0.0 ], [ 119.884265071000073, -9.520620016999942, 0.0 ], [ 119.883129623000059, -9.522477201999948, 0.0 ], [ 119.882722055000045, -9.523143835999974, 0.0 ], [ 119.881547542000021, -9.523821832999943, 0.0 ], [ 119.88071285500007, -9.524244349999947, 0.0 ], [ 119.88021750900009, -9.524673956999948, 0.0 ], [ 119.879703782000092, -9.52529173399995, 0.0 ], [ 119.878891948000046, -9.526060406999932, 0.0 ], [ 119.877921091000076, -9.526683932999958, 0.0 ], [ 119.877412080000113, -9.52700185599997, 0.0 ], [ 119.8764416570001, -9.527571575999957, 0.0 ], [ 119.875338206000038, -9.528070685999978, 0.0 ], [ 119.875306593000118, -9.528114541999969, 0.0 ], [ 119.875135807000106, -9.528351467999926, 0.0 ], [ 119.874840985000105, -9.528760467999973, 0.0 ], [ 119.874775064000119, -9.529682761999936, 0.0 ], [ 119.874570713000026, -9.530712243999972, 0.0 ], [ 119.874028874000032, -9.531639024999947, 0.0 ], [ 119.874024803000111, -9.531645988999969, 0.0 ], [ 119.873560891000011, -9.532198912999945, 0.0 ], [ 119.873111174000087, -9.532751720999954, 0.0 ], [ 119.872712325000066, -9.533719037999958, 0.0 ], [ 119.872667314000068, -9.534303321999971, 0.0 ], [ 119.872712536000108, -9.53467139199995, 0.0 ], [ 119.8727140740001, -9.534681854999974, 0.0 ], [ 119.872778408000045, -9.535119633999955, 0.0 ], [ 119.87313103300005, -9.535899901999926, 0.0 ], [ 119.873430146000032, -9.537156564999975, 0.0 ], [ 119.873693207000088, -9.537995550999938, 0.0 ], [ 119.874144666, -9.539435398999956, 0.0 ], [ 119.874444062000066, -9.540334542999972, 0.0 ], [ 119.874717837000048, -9.540855440999962, 0.0 ], [ 119.874951544000055, -9.541199309999968, 0.0 ], [ 119.874972148000097, -9.541672137999967, 0.0 ], [ 119.874899392000088, -9.54225573399998, 0.0 ], [ 119.874864266000031, -9.542367513999977, 0.0 ], [ 119.874807552000107, -9.542547992999971, 0.0 ], [ 119.874880891000089, -9.543046512999979, 0.0 ], [ 119.874854584000104, -9.543437952999966, 0.0 ], [ 119.874690033000093, -9.543810973999939, 0.0 ], [ 119.874483856000097, -9.543925154999954, 0.0 ], [ 119.8741977950001, -9.543922627999962, 0.0 ], [ 119.873619427000108, -9.543761137999979, 0.0 ], [ 119.87297009100007, -9.543370386999982, 0.0 ], [ 119.872718927000051, -9.543123148999939, 0.0 ], [ 119.871851013000082, -9.542543479999949, 0.0 ], [ 119.871559938000019, -9.542531211999972, 0.0 ], [ 119.871111959000018, -9.542627824999954, 0.0 ], [ 119.870818655000107, -9.542938334999974, 0.0 ], [ 119.870565212000088, -9.543490033999944, 0.0 ], [ 119.870525951000104, -9.544016153999962, 0.0 ], [ 119.870665151000026, -9.544250065999961, 0.0 ], [ 119.870890699000029, -9.544365735999975, 0.0 ], [ 119.871053714000027, -9.544463362999977, 0.0 ], [ 119.871125283000083, -9.544815364999977, 0.0 ], [ 119.871276398000077, -9.545726668999976, 0.0 ], [ 119.871229087000074, -9.546036351999931, 0.0 ], [ 119.871033102000069, -9.546470976999956, 0.0 ], [ 119.8709596220001, -9.546499726999969, 0.0 ], [ 119.870541078000088, -9.546663484999954, 0.0 ], [ 119.870149387000083, -9.546821364999971, 0.0 ], [ 119.869938852000018, -9.547008676999951, 0.0 ], [ 119.869637132000094, -9.547481291999929, 0.0 ], [ 119.869293975000119, -9.548220237999942, 0.0 ], [ 119.868918707000034, -9.548648168999932, 0.0 ], [ 119.868090586000108, -9.548965734999967, 0.0 ], [ 119.867431416000045, -9.549329711999974, 0.0 ], [ 119.867285816000049, -9.549458306999952, 0.0 ], [ 119.86697907100006, -9.549729227999933, 0.0 ], [ 119.86682338300011, -9.550214523999955, 0.0 ], [ 119.867030439000018, -9.550564824999981, 0.0 ], [ 119.868048090000116, -9.551269245999947, 0.0 ], [ 119.868609416000027, -9.551446359999943, 0.0 ], [ 119.869204887000024, -9.551547046999929, 0.0 ], [ 119.869730762000017, -9.551815511999962, 0.0 ], [ 119.869901293000112, -9.552042908999965, 0.0 ], [ 119.870019831000036, -9.552420337999934, 0.0 ], [ 119.870058647000064, -9.552816025999959, 0.0 ], [ 119.86994151600004, -9.553640049999956, 0.0 ], [ 119.869877454000061, -9.554467796999973, 0.0 ], [ 119.869446366000034, -9.554920165999931, 0.0 ], [ 119.868758362000108, -9.55542745899993, 0.0 ], [ 119.868342218000066, -9.55554529799997, 0.0 ], [ 119.867738750000058, -9.555550278999931, 0.0 ], [ 119.867330522000088, -9.555553648999933, 0.0 ], [ 119.866930137000054, -9.555433749999963, 0.0 ], [ 119.866695347000018, -9.554951675999973, 0.0 ], [ 119.866218348000075, -9.553599918999964, 0.0 ], [ 119.865948948000096, -9.553223730999946, 0.0 ], [ 119.865530669, -9.553086376999943, 0.0 ], [ 119.865096484000105, -9.553169157999946, 0.0 ], [ 119.864231791000066, -9.553774702999931, 0.0 ], [ 119.863614184000085, -9.554211003999967, 0.0 ], [ 119.863209902000108, -9.554427977999978, 0.0 ], [ 119.862513908000096, -9.554801511999926, 0.0 ], [ 119.861425797000038, -9.555224086999942, 0.0 ], [ 119.860142665000012, -9.55567466499997, 0.0 ], [ 119.859513966, -9.55584704499995, 0.0 ], [ 119.859105588000034, -9.555832803999976, 0.0 ], [ 119.858696769000062, -9.555765766999968, 0.0 ], [ 119.858412782000073, -9.555768102999934, 0.0 ], [ 119.858050245000072, -9.555929490999972, 0.0 ], [ 119.858021654000027, -9.55651708399995, 0.0 ], [ 119.858166942000025, -9.556977403999952, 0.0 ], [ 119.858361553, -9.557593996999969, 0.0 ], [ 119.85877386300001, -9.558570198999973, 0.0 ], [ 119.859267761000069, -9.55986265699994, 0.0 ], [ 119.859329940000066, -9.560585708999952, 0.0 ], [ 119.859379191000016, -9.560999033999963, 0.0 ], [ 119.859438602000068, -9.561497617999976, 0.0 ], [ 119.859264010000061, -9.56210017099994, 0.0 ], [ 119.858492485000056, -9.562473872999931, 0.0 ], [ 119.857744914000023, -9.562786222999932, 0.0 ], [ 119.857298101000083, -9.563086917999954, 0.0 ], [ 119.856738735000022, -9.563444764999929, 0.0 ], [ 119.856263542000079, -9.563678270999958, 0.0 ], [ 119.856033570000022, -9.563868014999969, 0.0 ], [ 119.855917311000098, -9.56423075899994, 0.0 ], [ 119.85580238600005, -9.56463926899994, 0.0 ], [ 119.855772724000076, -9.564744703999963, 0.0 ], [ 119.855687719000116, -9.565194232999943, 0.0 ], [ 119.855833984000014, -9.565703464999956, 0.0 ], [ 119.856076997000059, -9.566106293999951, 0.0 ], [ 119.856074015000104, -9.566455600999973, 0.0 ], [ 119.855853670000101, -9.566853121999941, 0.0 ], [ 119.855446024000116, -9.567404382999939, 0.0 ], [ 119.855179972000087, -9.567580509999971, 0.0 ], [ 119.854899747000104, -9.56763499799996, 0.0 ], [ 119.854476531000046, -9.567680160999942, 0.0 ], [ 119.853890493000108, -9.567876313999932, 0.0 ], [ 119.853488022000079, -9.567997032999926, 0.0 ], [ 119.85308835100011, -9.567934961999981, 0.0 ], [ 119.853009366000038, -9.567922694999936, 0.0 ], [ 119.852724389000059, -9.567933735999929, 0.0 ], [ 119.852571811000075, -9.568043701999954, 0.0 ], [ 119.852499836000106, -9.568353035999962, 0.0 ], [ 119.852547583000046, -9.568798496999932, 0.0 ], [ 119.852649862000021, -9.569089181999971, 0.0 ], [ 119.852913607000119, -9.569450042999961, 0.0 ], [ 119.852938001000098, -9.569713863999937, 0.0 ], [ 119.852737918000116, -9.570053515999973, 0.0 ], [ 119.852227698000092, -9.570352255999978, 0.0 ], [ 119.852229797000064, -9.570613098999956, 0.0 ], [ 119.85259669800007, -9.570980324999937, 0.0 ], [ 119.852979413000071, -9.571223161999967, 0.0 ], [ 119.853353386000094, -9.571520175999979, 0.0 ], [ 119.85339612100006, -9.571730061999972, 0.0 ], [ 119.853559054000016, -9.572530282999935, 0.0 ], [ 119.8535550040001, -9.573556974999974, 0.0 ], [ 119.853017357000112, -9.574078081999971, 0.0 ], [ 119.852645493000068, -9.57418985399994, 0.0 ], [ 119.851874362000103, -9.574283167999965, 0.0 ], [ 119.850427392000029, -9.57427277499994, 0.0 ], [ 119.849775997000052, -9.574123011999973, 0.0 ], [ 119.849009014000103, -9.573933205999936, 0.0 ], [ 119.847944537000103, -9.573424239999952, 0.0 ], [ 119.847484124000061, -9.573436717999925, 0.0 ], [ 119.847379769000099, -9.573401702999945, 0.0 ], [ 119.846820059000038, -9.573746570999958, 0.0 ], [ 119.846328331000109, -9.574211559999981, 0.0 ], [ 119.845852408000042, -9.574945568999965, 0.0 ], [ 119.845098353000026, -9.575506065999946, 0.0 ], [ 119.844631152000034, -9.575747458999956, 0.0 ], [ 119.844023784000115, -9.575940510999942, 0.0 ], [ 119.843815962, -9.576159979999943, 0.0 ], [ 119.843668777000062, -9.576468036999927, 0.0 ], [ 119.843671164000057, -9.576754656999981, 0.0 ], [ 119.843379710000022, -9.577011050999943, 0.0 ], [ 119.843127597000034, -9.576993881999954, 0.0 ], [ 119.842623983000067, -9.576882437999927, 0.0 ], [ 119.842113553000104, -9.576728247999938, 0.0 ], [ 119.84181465000006, -9.576799987999948, 0.0 ], [ 119.841675800000075, -9.57691000899996, 0.0 ], [ 119.841200969000056, -9.577793256999939, 0.0 ], [ 119.841202457, -9.578460064999945, 0.0 ], [ 119.841076195000028, -9.579463310999927, 0.0 ], [ 119.840984565000099, -9.580191381999953, 0.0 ], [ 119.840649127, -9.581201618999955, 0.0 ], [ 119.840304062000087, -9.581738025999925, 0.0 ], [ 119.839911941000082, -9.582086061999973, 0.0 ], [ 119.839772136000079, -9.58228171899998, 0.0 ], [ 119.839741933000028, -9.582323987999928, 0.0 ], [ 119.839737666000019, -9.582478045999949, 0.0 ], [ 119.839939258000072, -9.582701924999981, 0.0 ], [ 119.840067770000019, -9.582810888999973, 0.0 ], [ 119.840096699000014, -9.582953671999974, 0.0 ], [ 119.839976115000013, -9.583130685999947, 0.0 ], [ 119.839789385000017, -9.583364406999976, 0.0 ], [ 119.839713591000077, -9.583590563999962, 0.0 ], [ 119.83974339100007, -9.583837857999981, 0.0 ], [ 119.840050112000085, -9.584693477999963, 0.0 ], [ 119.84005276500011, -9.585009838999952, 0.0 ], [ 119.840053602000012, -9.585109614999965, 0.0 ], [ 119.840022375000103, -9.585357409999972, 0.0 ], [ 119.839755111000045, -9.585909686999969, 0.0 ], [ 119.839532628000029, -9.586480629999926, 0.0 ], [ 119.839531073000103, -9.587411531999976, 0.0 ], [ 119.839540967000062, -9.587434504999976, 0.0 ], [ 119.839704013000073, -9.587813091999976, 0.0 ], [ 119.839761734000035, -9.587947118999978, 0.0 ], [ 119.83976515300003, -9.587949268999978, 0.0 ], [ 119.839765206000038, -9.58794930199997, 0.0 ], [ 119.840400129000045, -9.58834848999993, 0.0 ], [ 119.840780903000109, -9.588764484999956, 0.0 ], [ 119.841173158000061, -9.589228849999927, 0.0 ], [ 119.841649963, -9.589186430999973, 0.0 ], [ 119.841910763000101, -9.589189791999956, 0.0 ], [ 119.842068170000061, -9.589436043999967, 0.0 ], [ 119.842463819000045, -9.590534563999938, 0.0 ], [ 119.842777814000101, -9.590928061999932, 0.0 ], [ 119.842978829000117, -9.591612939999948, 0.0 ], [ 119.843002158000104, -9.592281674999981, 0.0 ], [ 119.843087466000043, -9.594091639999931, 0.0 ], [ 119.844099893000021, -9.594568381999977, 0.0 ], [ 119.845020236000096, -9.594778599999927, 0.0 ], [ 119.845331888000032, -9.595033417999957, 0.0 ], [ 119.845533963000094, -9.595318833999954, 0.0 ], [ 119.845706998000082, -9.595713377999971, 0.0 ], [ 119.845306992000019, -9.59701158799993, 0.0 ], [ 119.845338025000046, -9.597366217999934, 0.0 ], [ 119.845868861000099, -9.597897658999955, 0.0 ], [ 119.846026808000033, -9.598320828999931, 0.0 ], [ 119.845721611000045, -9.598754768999981, 0.0 ], [ 119.845290849000094, -9.59937311799996, 0.0 ], [ 119.845216510000114, -9.599479828999961, 0.0 ], [ 119.844717805000073, -9.60025872999995, 0.0 ], [ 119.843986592000078, -9.600609098999939, 0.0 ], [ 119.843499096000073, -9.600840067999968, 0.0 ], [ 119.842711324000106, -9.601034374999927, 0.0 ], [ 119.842027009000049, -9.601329569999962, 0.0 ], [ 119.841715742000019, -9.601686796999957, 0.0 ], [ 119.841217517000018, -9.60182842699993, 0.0 ], [ 119.840918075000104, -9.601852891999954, 0.0 ], [ 119.840746757000034, -9.601936819999935, 0.0 ], [ 119.841128650000087, -9.602483819999975, 0.0 ], [ 119.842020605000016, -9.602977115999977, 0.0 ], [ 119.842524738000066, -9.603294833999939, 0.0 ], [ 119.843196091000095, -9.603336273999957, 0.0 ], [ 119.843496830000049, -9.603427717999978, 0.0 ], [ 119.843601213000056, -9.603638173999968, 0.0 ], [ 119.843746958000111, -9.604075256999977, 0.0 ], [ 119.843928907000077, -9.604120716999944, 0.0 ], [ 119.844307410000056, -9.604070644999979, 0.0 ], [ 119.844660858000111, -9.603856422999968, 0.0 ], [ 119.844737312, -9.603558389999932, 0.0 ], [ 119.844399832000022, -9.602848961999939, 0.0 ], [ 119.844199092000053, -9.602443638999944, 0.0 ], [ 119.844196543000066, -9.602138427999932, 0.0 ], [ 119.844290091000062, -9.601996782999947, 0.0 ], [ 119.845290434000049, -9.60145963399998, 0.0 ], [ 119.845676959000116, -9.601425147999976, 0.0 ], [ 119.845906396000032, -9.601485870999966, 0.0 ], [ 119.847141721000071, -9.602748322999958, 0.0 ], [ 119.847597291000056, -9.603417650999972, 0.0 ], [ 119.848386430000119, -9.604326860999947, 0.0 ], [ 119.84860594700001, -9.604724716999954, 0.0 ], [ 119.848765713000034, -9.605389518999971, 0.0 ], [ 119.848766927000042, -9.60539456999993, 0.0 ], [ 119.848766940000019, -9.605394596999929, 0.0 ], [ 119.849038104000101, -9.605969995999942, 0.0 ], [ 119.849038127000085, -9.605970020999962, 0.0 ], [ 119.849383602000103, -9.606327563999969, 0.0 ], [ 119.849383629000044, -9.606327587999942, 0.0 ], [ 119.849440057000038, -9.606377499999951, 0.0 ], [ 119.849651552000068, -9.606564569999932, 0.0 ], [ 119.849805917000026, -9.606969803999959, 0.0 ], [ 119.849805921000097, -9.606969842999945, 0.0 ], [ 119.849815831000114, -9.607076991999975, 0.0 ], [ 119.849840638000046, -9.607345198999951, 0.0 ], [ 119.849716759000103, -9.607635805999962, 0.0 ], [ 119.849347312000077, -9.607826691999946, 0.0 ], [ 119.849102601000027, -9.607828708999932, 0.0 ], [ 119.848890053000105, -9.607900901999926, 0.0 ], [ 119.84857764700007, -9.608657015999938, 0.0 ], [ 119.848314567000102, -9.60929374799997, 0.0 ], [ 119.848277519000021, -9.60958364399994, 0.0 ], [ 119.848367825000082, -9.609997717999931, 0.0 ], [ 119.848515346000113, -9.610129809999933, 0.0 ], [ 119.848630798000045, -9.61023318499997, 0.0 ], [ 119.848757585000044, -9.610346708999941, 0.0 ], [ 119.849317021000047, -9.610216867999952, 0.0 ], [ 119.84959931100002, -9.609987563999937, 0.0 ], [ 119.849891327000023, -9.609977329999936, 0.0 ], [ 119.85006571800011, -9.610061984999959, 0.0 ], [ 119.850065723000057, -9.610062016999962, 0.0 ], [ 119.850090646000012, -9.61021048799995, 0.0 ], [ 119.850006106000023, -9.610485121999943, 0.0 ], [ 119.850008859000013, -9.610813823999933, 0.0 ], [ 119.850008882000111, -9.610813874999963, 0.0 ], [ 119.850181939000095, -9.611199362999969, 0.0 ], [ 119.850317394000058, -9.611284428999966, 0.0 ], [ 119.850400953000076, -9.611336903999927, 0.0 ], [ 119.850643253000044, -9.611489067999969, 0.0 ], [ 119.852175554000041, -9.612463250999951, 0.0 ], [ 119.852175588000023, -9.612463308999963, 0.0 ], [ 119.852729556000099, -9.613401703999955, 0.0 ], [ 119.85283683800003, -9.613583434999953, 0.0 ], [ 119.85284239900011, -9.613635855999974, 0.0 ], [ 119.852941285000043, -9.614567960999977, 0.0 ], [ 119.852920153000014, -9.615871388999949, 0.0 ], [ 119.8528277260001, -9.617276431999926, 0.0 ], [ 119.852656267000043, -9.619882892999954, 0.0 ], [ 119.8528440340001, -9.62187913899993, 0.0 ], [ 119.853106260000118, -9.622687320999944, 0.0 ], [ 119.853273971000021, -9.624407927999926, 0.0 ], [ 119.853261703000044, -9.624811620999935, 0.0 ], [ 119.853233942000088, -9.625725077999959, 0.0 ], [ 119.85322308100001, -9.628383558999928, 0.0 ], [ 119.853372888000081, -9.629753516999926, 0.0 ], [ 119.853128512000012, -9.631514489999972, 0.0 ], [ 119.852802612000119, -9.632043858999964, 0.0 ], [ 119.852807339000037, -9.632121773999927, 0.0 ], [ 119.852916758000106, -9.633925465999937, 0.0 ], [ 119.853095397000061, -9.636037275999968, 0.0 ], [ 119.852224974000023, -9.637759033999941, 0.0 ], [ 119.85128892900002, -9.638381642999946, 0.0 ], [ 119.851266732000113, -9.638604304999944, 0.0 ], [ 119.850466305000054, -9.640608652999958, 0.0 ], [ 119.849827035000089, -9.642155826999954, 0.0 ], [ 119.849099121000108, -9.645096405999936, 0.0 ], [ 119.848538747000021, -9.64567922599997, 0.0 ], [ 119.848678249000045, -9.650638130999937, 0.0 ], [ 119.848306770000022, -9.653004217999978, 0.0 ], [ 119.847637862000056, -9.653140085999951, 0.0 ], [ 119.846585177000065, -9.656964676999962, 0.0 ], [ 119.845733328000051, -9.658789167999942, 0.0 ], [ 119.844775264000077, -9.659905926999954, 0.0 ], [ 119.844629506000047, -9.659907132999933, 0.0 ], [ 119.843457663000095, -9.659879915999966, 0.0 ], [ 119.842940464000094, -9.659401785999933, 0.0 ], [ 119.842847928000083, -9.659237881999957, 0.0 ], [ 119.842577571000106, -9.65907881499993, 0.0 ], [ 119.842387215000031, -9.65909402099993, 0.0 ], [ 119.842208099000118, -9.659188941999957, 0.0 ], [ 119.84216437300006, -9.659224293999955, 0.0 ], [ 119.841896410000118, -9.659440934999964, 0.0 ], [ 119.841851267000038, -9.659477434999928, 0.0 ], [ 119.841802311000038, -9.659542850999969, 0.0 ], [ 119.841623944000048, -9.659781184999929, 0.0 ], [ 119.841409258000112, -9.66006804899996, 0.0 ], [ 119.8412352040001, -9.660134912999979, 0.0 ], [ 119.840992072000063, -9.660166878999974, 0.0 ], [ 119.840695338000046, -9.660115893999944, 0.0 ], [ 119.840263235000066, -9.660099289999948, 0.0 ], [ 119.840136582000014, -9.660119684999927, 0.0 ], [ 119.839682377000031, -9.660211434999951, 0.0 ], [ 119.83927565800002, -9.660293592999949, 0.0 ], [ 119.839077905000067, -9.660262634999981, 0.0 ], [ 119.838955399000042, -9.660231646999932, 0.0 ], [ 119.838581657000077, -9.660137108999947, 0.0 ], [ 119.838357863000056, -9.660049734999973, 0.0 ], [ 119.837959638000029, -9.659928828999966, 0.0 ], [ 119.837386959000014, -9.659978090999971, 0.0 ], [ 119.837227756000061, -9.659991785999978, 0.0 ], [ 119.837227505000101, -9.659991807999972, 0.0 ], [ 119.837227471, -9.659991810999941, 0.0 ], [ 119.837202609000087, -9.659993949999944, 0.0 ], [ 119.837159253000095, -9.659997679999947, 0.0 ], [ 119.83688242900007, -9.660021492999931, 0.0 ], [ 119.836635397, -9.659990194999978, 0.0 ], [ 119.836404084000037, -9.659881063999933, 0.0 ], [ 119.83600982400003, -9.659671640999932, 0.0 ], [ 119.835724384000059, -9.65964843699993, 0.0 ], [ 119.835458368000104, -9.65970492699995, 0.0 ], [ 119.835325543000067, -9.659784484999932, 0.0 ], [ 119.835324636000109, -9.659785882999927, 0.0 ], [ 119.835122235000085, -9.66009741299996, 0.0 ], [ 119.835121187000027, -9.660099025999955, 0.0 ], [ 119.835098274000075, -9.660134293999931, 0.0 ], [ 119.835002848000045, -9.660259991999965, 0.0 ], [ 119.83500200800006, -9.660261097999978, 0.0 ], [ 119.834980429000098, -9.660275302999935, 0.0 ], [ 119.834979924000095, -9.660275634999948, 0.0 ], [ 119.834979759000021, -9.660275593999927, 0.0 ], [ 119.834979393000026, -9.66027550299998, 0.0 ], [ 119.834271410000042, -9.660099788999958, 0.0 ], [ 119.834052294000116, -9.660037117999934, 0.0 ], [ 119.833873295000103, -9.66000625199996, 0.0 ], [ 119.833818641000107, -9.659996827999976, 0.0 ], [ 119.833546671000022, -9.659949930999971, 0.0 ], [ 119.833174172000099, -9.660026629999948, 0.0 ], [ 119.832800719000033, -9.660108739999941, 0.0 ], [ 119.832774216000075, -9.660114566999937, 0.0 ], [ 119.83264715100006, -9.660034964999966, 0.0 ], [ 119.832570177000093, -9.659909354999968, 0.0 ], [ 119.832531861, -9.659860464999952, 0.0 ], [ 119.83244710800011, -9.659752322999964, 0.0 ], [ 119.832317201000023, -9.659689900999979, 0.0 ], [ 119.832148771000107, -9.659674523999968, 0.0 ], [ 119.832099180000114, -9.659669995999934, 0.0 ], [ 119.831941648000111, -9.659713611999962, 0.0 ], [ 119.831911288000015, -9.659722017999968, 0.0 ], [ 119.831821543000046, -9.659794404999957, 0.0 ], [ 119.831762475000119, -9.65995456099995, 0.0 ], [ 119.831540034000113, -9.660936253999978, 0.0 ], [ 119.831374923000112, -9.661664931999951, 0.0 ], [ 119.829815955000072, -9.663155001999939, 0.0 ], [ 119.829639497000016, -9.663323661999925, 0.0 ], [ 119.827806074000023, -9.662706326999967, 0.0 ], [ 119.827771619000032, -9.662692113999981, 0.0 ], [ 119.827758901000038, -9.662690982999948, 0.0 ], [ 119.827709709000032, -9.662675394999951, 0.0 ], [ 119.827616993000106, -9.662646012999971, 0.0 ], [ 119.827436117000047, -9.662571575999948, 0.0 ], [ 119.827330677000077, -9.662528184999928, 0.0 ], [ 119.82717269300008, -9.66245590699998, 0.0 ], [ 119.827161658000023, -9.662450858999932, 0.0 ], [ 119.827058886000032, -9.662450632999935, 0.0 ], [ 119.826816876000066, -9.662450098999955, 0.0 ], [ 119.826761551000118, -9.662464031999946, 0.0 ], [ 119.826629817000025, -9.66249720899998, 0.0 ], [ 119.826618281000037, -9.662500112999965, 0.0 ], [ 119.826616440000066, -9.662500577999936, 0.0 ], [ 119.826170605000016, -9.662722340999949, 0.0 ], [ 119.826131614000019, -9.662745761999929, 0.0 ], [ 119.826069625000059, -9.662778646999925, 0.0 ], [ 119.825834588000021, -9.662903331999928, 0.0 ], [ 119.825763932000086, -9.662935618999938, 0.0 ], [ 119.825729766000109, -9.662951231999955, 0.0 ], [ 119.8255679990001, -9.663025152999978, 0.0 ], [ 119.825564934000113, -9.663026553999941, 0.0 ], [ 119.825474375000113, -9.663058846999945, 0.0 ], [ 119.825207430000091, -9.663145841999949, 0.0 ], [ 119.825188039000068, -9.663152160999971, 0.0 ], [ 119.825035048000018, -9.663202019999972, 0.0 ], [ 119.824532412000053, -9.663301118999925, 0.0 ], [ 119.824526659000071, -9.663301946999979, 0.0 ], [ 119.824319798000033, -9.663331708999976, 0.0 ], [ 119.823993059000031, -9.663378719999969, 0.0 ], [ 119.823768224000105, -9.663416662999964, 0.0 ], [ 119.82356363800011, -9.663451188999943, 0.0 ], [ 119.823514516000046, -9.66345979099998, 0.0 ], [ 119.823478556000055, -9.66346608899994, 0.0 ], [ 119.823312542000053, -9.663495161999947, 0.0 ], [ 119.823308192000013, -9.663496094999971, 0.0 ], [ 119.823048949000054, -9.663551713999937, 0.0 ], [ 119.823027363000051, -9.663566690999971, 0.0 ], [ 119.823018819000026, -9.663572617999932, 0.0 ], [ 119.822876018000102, -9.663671697999973, 0.0 ], [ 119.82278911100002, -9.663731995999967, 0.0 ], [ 119.822708417000058, -9.663803134999966, 0.0 ], [ 119.822685829000079, -9.663900287999979, 0.0 ], [ 119.822650788000033, -9.664051004999976, 0.0 ], [ 119.822574255000063, -9.66438018499997, 0.0 ], [ 119.822547936000092, -9.664646759999926, 0.0 ], [ 119.822547967000105, -9.664646891999951, 0.0 ], [ 119.822613879000073, -9.664926905999948, 0.0 ], [ 119.82264959500003, -9.66508463699995, 0.0 ], [ 119.822717115000046, -9.665382815999976, 0.0 ], [ 119.822717100000091, -9.66538292599995, 0.0 ], [ 119.822663926000018, -9.665765955999973, 0.0 ], [ 119.822555624000074, -9.666011831999981, 0.0 ], [ 119.822551016000034, -9.666022292999969, 0.0 ], [ 119.822406002000093, -9.666430199999979, 0.0 ], [ 119.822374914000079, -9.666535452999938, 0.0 ], [ 119.822244447000116, -9.666977164999935, 0.0 ], [ 119.822244481000098, -9.666977348999978, 0.0 ], [ 119.822259312000028, -9.667056637999963, 0.0 ], [ 119.822269711000104, -9.667112236999969, 0.0 ], [ 119.822407079000072, -9.667386465999925, 0.0 ], [ 119.822442976000048, -9.667458129999943, 0.0 ], [ 119.822644194000077, -9.667640496999979, 0.0 ], [ 119.822644134000029, -9.667640680999966, 0.0 ], [ 119.822629962000065, -9.667684291999933, 0.0 ], [ 119.822622845000069, -9.667706188999944, 0.0 ], [ 119.822479727000086, -9.667997619999937, 0.0 ], [ 119.822450487000083, -9.668043952999938, 0.0 ], [ 119.822409059000051, -9.668109600999969, 0.0 ], [ 119.822259335000012, -9.668346854999982, 0.0 ], [ 119.821708709000063, -9.669063009999945, 0.0 ], [ 119.82163115000003, -9.669163884999932, 0.0 ], [ 119.82149409200008, -9.669381879999946, 0.0 ], [ 119.821454599000049, -9.669444692999946, 0.0 ], [ 119.82136235300004, -9.669591411999932, 0.0 ], [ 119.821243996000021, -9.66978632699994, 0.0 ], [ 119.821146166000062, -9.669947438999941, 0.0 ], [ 119.821137707000048, -9.669961369999953, 0.0 ], [ 119.821110044000079, -9.670006939999951, 0.0 ], [ 119.821077604000038, -9.670060363999937, 0.0 ], [ 119.821040653000068, -9.670121215999927, 0.0 ], [ 119.820821218000106, -9.670585467999956, 0.0 ], [ 119.820712200000116, -9.67077132199995, 0.0 ], [ 119.820660067000063, -9.670860197999957, 0.0 ], [ 119.820401092000111, -9.67127906099995, 0.0 ], [ 119.820350521000023, -9.671636784999976, 0.0 ], [ 119.820291636000093, -9.672008218999963, 0.0 ], [ 119.820278372000075, -9.672091885999976, 0.0 ], [ 119.820163706000017, -9.672278735999953, 0.0 ], [ 119.820060909000063, -9.672360002999937, 0.0 ], [ 119.82001277400002, -9.672398055999963, 0.0 ], [ 119.819993159000092, -9.672413562999964, 0.0 ], [ 119.819940089000056, -9.672523301999945, 0.0 ], [ 119.819120319000035, -9.67372441599997, 0.0 ], [ 119.81750532, -9.67387313699993, 0.0 ], [ 119.817408676000014, -9.673903301999928, 0.0 ], [ 119.817318853000074, -9.673946860999934, 0.0 ], [ 119.817275251000069, -9.673988248999933, 0.0 ], [ 119.817079505000038, -9.67408925999996, 0.0 ], [ 119.816522127000098, -9.674232067999981, 0.0 ], [ 119.816300795000075, -9.674265427999956, 0.0 ], [ 119.816065189000028, -9.674300938999977, 0.0 ], [ 119.815993967000054, -9.674311673999966, 0.0 ], [ 119.815622437000115, -9.67436767199996, 0.0 ], [ 119.815613061000022, -9.674369085999956, 0.0 ], [ 119.815251382000042, -9.674350708999953, 0.0 ], [ 119.815197092000062, -9.674347949999969, 0.0 ], [ 119.815032356000074, -9.674299615999928, 0.0 ], [ 119.8148044510001, -9.674232746999962, 0.0 ], [ 119.814665506000097, -9.674158605999935, 0.0 ], [ 119.814507773000059, -9.67407443899998, 0.0 ], [ 119.81423798600008, -9.673887883999953, 0.0 ], [ 119.814207543000066, -9.673866832999977, 0.0 ], [ 119.814024198000084, -9.673667130999945, 0.0 ], [ 119.814009295, -9.673650899999927, 0.0 ], [ 119.813655027000095, -9.673315185999968, 0.0 ], [ 119.813629963000039, -9.673371250999935, 0.0 ], [ 119.813607122, -9.673413620999952, 0.0 ], [ 119.813549248000072, -9.673520981999957, 0.0 ], [ 119.813401113000054, -9.673837689999971, 0.0 ], [ 119.813270654, -9.674116605999927, 0.0 ], [ 119.813254237000024, -9.674144680999973, 0.0 ], [ 119.813227812000036, -9.674189872999932, 0.0 ], [ 119.813188424000032, -9.67421861899993, 0.0 ], [ 119.813125328000069, -9.674264667999978, 0.0 ], [ 119.813046019000012, -9.674322545999928, 0.0 ], [ 119.813035107000019, -9.674330508999958, 0.0 ], [ 119.812893581000026, -9.674332020999941, 0.0 ], [ 119.812741815000095, -9.674330826999949, 0.0 ], [ 119.812469948000057, -9.674328688999935, 0.0 ], [ 119.812316119000116, -9.674402277999945, 0.0 ], [ 119.812236349000045, -9.674478076999947, 0.0 ], [ 119.812185503000023, -9.674526390999972, 0.0 ], [ 119.812123620000079, -9.674585192999928, 0.0 ], [ 119.812102203000109, -9.674619765999978, 0.0 ], [ 119.811991504000048, -9.67479846599997, 0.0 ], [ 119.811958918000073, -9.67502959899997, 0.0 ], [ 119.811958951000065, -9.675029661999929, 0.0 ], [ 119.812038254000072, -9.675183165999954, 0.0 ], [ 119.812100361000034, -9.675326182999981, 0.0 ], [ 119.812261445000104, -9.675697120999928, 0.0 ], [ 119.812261462000038, -9.675697337999964, 0.0 ], [ 119.81228898300003, -9.676045468999973, 0.0 ], [ 119.812288978000083, -9.676045501999965, 0.0 ], [ 119.812248450000084, -9.676337015999934, 0.0 ], [ 119.812162071000103, -9.676490992999959, 0.0 ], [ 119.811902582000016, -9.676773415999946, 0.0 ], [ 119.811674570000037, -9.676969517999964, 0.0 ], [ 119.811414032000016, -9.677213295999934, 0.0 ], [ 119.811316515000044, -9.677362974999937, 0.0 ], [ 119.811101355, -9.677693225999974, 0.0 ], [ 119.810861308000085, -9.678033891999974, 0.0 ], [ 119.810613070000045, -9.678280126999937, 0.0 ], [ 119.81024065400004, -9.678649537999945, 0.0 ], [ 119.809805452000091, -9.678921170999956, 0.0 ], [ 119.809769076000066, -9.678931921999947, 0.0 ], [ 119.809718564000036, -9.678946850999978, 0.0 ], [ 119.809524617000079, -9.679004173999942, 0.0 ], [ 119.809121460000028, -9.679056269999933, 0.0 ], [ 119.809077780000052, -9.679050579999966, 0.0 ], [ 119.808941146000052, -9.679032780999933, 0.0 ], [ 119.80883101500001, -9.679018434999932, 0.0 ], [ 119.808566592000034, -9.678901731999929, 0.0 ], [ 119.808561047000012, -9.678899284999943, 0.0 ], [ 119.808517232000099, -9.678874743999927, 0.0 ], [ 119.807981761000065, -9.678574814999934, 0.0 ], [ 119.80789986800005, -9.678528943999936, 0.0 ], [ 119.807652218000044, -9.678316736999932, 0.0 ], [ 119.807184930000062, -9.67790395399993, 0.0 ], [ 119.806940548000057, -9.677808459999937, 0.0 ], [ 119.806906648000108, -9.677795212999968, 0.0 ], [ 119.806901466000113, -9.677793187999953, 0.0 ], [ 119.806739485000094, -9.677765932999932, 0.0 ], [ 119.806545244000063, -9.677733248999971, 0.0 ], [ 119.806409596000094, -9.67774301999998, 0.0 ], [ 119.806340390000059, -9.677748005999945, 0.0 ], [ 119.8060182480001, -9.677771208999957, 0.0 ], [ 119.805815439000071, -9.677785815999925, 0.0 ], [ 119.805626528000062, -9.67782854099994, 0.0 ], [ 119.805188852000015, -9.678001629999926, 0.0 ], [ 119.805159341000035, -9.678022988999942, 0.0 ], [ 119.805099428000062, -9.678066352999963, 0.0 ], [ 119.805028416000027, -9.678117750999945, 0.0 ], [ 119.804763336000065, -9.678416328999958, 0.0 ], [ 119.804575366000108, -9.678705775999958, 0.0 ], [ 119.804458455000031, -9.678885801999968, 0.0 ], [ 119.804403003000061, -9.678971187999935, 0.0 ], [ 119.804351654000016, -9.679041318999964, 0.0 ], [ 119.804158787, -9.679304732999981, 0.0 ], [ 119.804105698000058, -9.679377240999941, 0.0 ], [ 119.803571949000116, -9.680111164999971, 0.0 ], [ 119.803476310000065, -9.680242671999963, 0.0 ], [ 119.803047776000085, -9.680798919999972, 0.0 ], [ 119.802970038000012, -9.680862943999955, 0.0 ], [ 119.802938263000101, -9.680889114999957, 0.0 ], [ 119.802857100000097, -9.681061375999946, 0.0 ], [ 119.802072585000019, -9.681943891999936, 0.0 ], [ 119.80147114500005, -9.681713685999966, 0.0 ], [ 119.801409610000064, -9.681719482999938, 0.0 ], [ 119.80122338700005, -9.681792144999974, 0.0 ], [ 119.801119659000051, -9.681930112999964, 0.0 ], [ 119.801052092000077, -9.682019983999965, 0.0 ], [ 119.800883748000047, -9.682435642999963, 0.0 ], [ 119.800883588000033, -9.68243635999994, 0.0 ], [ 119.800879484, -9.682445161999965, 0.0 ], [ 119.800879492000035, -9.682445345999952, 0.0 ], [ 119.800879850000115, -9.682453183999939, 0.0 ], [ 119.800802063000106, -9.682803312999965, 0.0 ], [ 119.800797322000108, -9.682824650999976, 0.0 ], [ 119.800766457, -9.683242223999969, 0.0 ], [ 119.800766468, -9.683242405999977, 0.0 ], [ 119.800784302000011, -9.68354915599997, 0.0 ], [ 119.800784313, -9.683549338999967, 0.0 ], [ 119.800788495, -9.683621265999932, 0.0 ], [ 119.800754073, -9.683787699999925, 0.0 ], [ 119.800605518000111, -9.68401204099996, 0.0 ], [ 119.800583560000064, -9.684045201999936, 0.0 ], [ 119.800321584000017, -9.684269959999938, 0.0 ], [ 119.799793718000046, -9.68468957999994, 0.0 ], [ 119.799752718000036, -9.684722171999965, 0.0 ], [ 119.799686293000036, -9.68484105899995, 0.0 ], [ 119.799588238000069, -9.685016557999973, 0.0 ], [ 119.799391341000046, -9.685647037999956, 0.0 ], [ 119.799367963, -9.685705199999973, 0.0 ], [ 119.799259767000081, -9.685974382999973, 0.0 ], [ 119.799233553000022, -9.686000841999942, 0.0 ], [ 119.799224787000071, -9.686009884999976, 0.0 ], [ 119.799208624000016, -9.686018514999944, 0.0 ], [ 119.799043724000057, -9.686106559999928, 0.0 ], [ 119.798734850000073, -9.686217972999941, 0.0 ], [ 119.79799123600003, -9.686375946999931, 0.0 ], [ 119.797676316000093, -9.686467523999966, 0.0 ], [ 119.797601512000028, -9.686489274999929, 0.0 ], [ 119.797491113000092, -9.686532439999951, 0.0 ], [ 119.796907940000096, -9.686760456999934, 0.0 ], [ 119.796631587000093, -9.687227289999953, 0.0 ], [ 119.796542209000108, -9.687378272999979, 0.0 ], [ 119.796475181, -9.687491499999965, 0.0 ], [ 119.796427819000087, -9.687610237999934, 0.0 ], [ 119.796374212000046, -9.687744629999941, 0.0 ], [ 119.796351118000075, -9.687801724999929, 0.0 ], [ 119.796108669000091, -9.688401128999942, 0.0 ], [ 119.795994197000027, -9.688684137999928, 0.0 ], [ 119.795917890000055, -9.688807096999938, 0.0 ], [ 119.795720713000037, -9.689123304999953, 0.0 ], [ 119.795580048000033, -9.689348883999969, 0.0 ], [ 119.795456934000072, -9.689546317999941, 0.0 ], [ 119.79545569600009, -9.689548302999981, 0.0 ], [ 119.795431186000087, -9.689587609999933, 0.0 ] ] ] ] } },
{ "type": "Feature", "properties": { "nm_kecamatan": "Katiku Tana Selatan" }, "geometry": { "type": "MultiPolygon", "coordinates": [ [ [ [ 119.595464247000109, -9.779952093999952, 0.0 ], [ 119.595502234000037, -9.779792254999961, 0.0 ], [ 119.595590872000116, -9.779768113999978, 0.0 ], [ 119.595729505, -9.779781666999952, 0.0 ], [ 119.595793576, -9.779861785999969, 0.0 ], [ 119.595817565000061, -9.779990368999961, 0.0 ], [ 119.595780807000097, -9.780330123999931, 0.0 ], [ 119.595686866000051, -9.780453955999974, 0.0 ], [ 119.595579031000057, -9.780466956999931, 0.0 ], [ 119.595478248000063, -9.780412799999965, 0.0 ], [ 119.595435980000047, -9.780273630999943, 0.0 ], [ 119.59544548000008, -9.780145850999929, 0.0 ], [ 119.595464247000109, -9.779952093999952, 0.0 ] ] ], [ [ [ 119.592701338000097, -9.779530674999933, 0.0 ], [ 119.592716209000059, -9.779566366999973, 0.0 ], [ 119.592760824000038, -9.779578264999941, 0.0 ], [ 119.592805439000017, -9.779584212999964, 0.0 ], [ 119.59284410500004, -9.779613956999981, 0.0 ], [ 119.592832208000118, -9.779729954999937, 0.0 ], [ 119.592781645000059, -9.779783492999968, 0.0 ], [ 119.59267159500007, -9.779777543999955, 0.0 ], [ 119.592653749000078, -9.779840004999926, 0.0 ], [ 119.592632928000057, -9.779905439999936, 0.0 ], [ 119.592591288000108, -9.77992923499994, 0.0 ], [ 119.592525853000097, -9.779905439999936, 0.0 ], [ 119.592484212000045, -9.77986379999993, 0.0 ], [ 119.592454469000018, -9.779813235999939, 0.0 ], [ 119.592457443000058, -9.779744826999945, 0.0 ], [ 119.592490161000114, -9.779685339999958, 0.0 ], [ 119.592519904000028, -9.779670468999939, 0.0 ], [ 119.592549647000055, -9.779631801999926, 0.0 ], [ 119.592519904000028, -9.779575289999968, 0.0 ], [ 119.592469340000093, -9.779530674999933, 0.0 ], [ 119.592424725000114, -9.779497957999979, 0.0 ], [ 119.592356316000064, -9.779500931999962, 0.0 ], [ 119.592299804000049, -9.779500931999962, 0.0 ], [ 119.592267086000106, -9.779429547999939, 0.0 ], [ 119.592287906000024, -9.77938493299996, 0.0 ], [ 119.592326573000037, -9.779370061999941, 0.0 ], [ 119.592329547000077, -9.779343292999954, 0.0 ], [ 119.592281958000058, -9.779331395999975, 0.0 ], [ 119.592243292000035, -9.779316523999967, 0.0 ], [ 119.59225518900007, -9.779245139999944, 0.0 ], [ 119.592290881000054, -9.779185653999946, 0.0 ], [ 119.592374162000056, -9.779185653999946, 0.0 ], [ 119.592439597000066, -9.779251088999956, 0.0 ], [ 119.59249908400011, -9.779313549999927, 0.0 ], [ 119.592522878000068, -9.779295703999935, 0.0 ], [ 119.592522878000068, -9.779233242999965, 0.0 ], [ 119.592516930000102, -9.779141038999967, 0.0 ], [ 119.592549647000055, -9.779090474999975, 0.0 ], [ 119.592615082000066, -9.779072628999927, 0.0 ], [ 119.592641851000053, -9.779105346999927, 0.0 ], [ 119.592659697000045, -9.779251088999956, 0.0 ], [ 119.5926478, -9.779313549999927, 0.0 ], [ 119.5926478, -9.779361138999946, 0.0 ], [ 119.592704312000023, -9.779370061999941, 0.0 ], [ 119.592707286000064, -9.779429547999939, 0.0 ], [ 119.592716209000059, -9.779486059999954, 0.0 ], [ 119.592701338000097, -9.779530674999933, 0.0 ] ] ], [ [ [ 119.593274647000044, -9.777771926999947, 0.0 ], [ 119.59350427600009, -9.777555810999957, 0.0 ], [ 119.593647160000046, -9.777489153999966, 0.0 ], [ 119.593689059000098, -9.777540950999935, 0.0 ], [ 119.59367515200006, -9.777633287999947, 0.0 ], [ 119.593578312000091, -9.777926314999945, 0.0 ], [ 119.593543208000028, -9.778008087999979, 0.0 ], [ 119.593427659000099, -9.778072415999929, 0.0 ], [ 119.593343707000031, -9.778108355999962, 0.0 ], [ 119.593125018000023, -9.77827349599994, 0.0 ], [ 119.593083647000071, -9.778221181999982, 0.0 ], [ 119.59308451000004, -9.778076602999931, 0.0 ], [ 119.593142410000041, -9.777952247999963, 0.0 ], [ 119.593274647000044, -9.777771926999947, 0.0 ] ] ], [ [ [ 119.590312851000022, -9.774625139999955, 0.0 ], [ 119.590362344000027, -9.774615621999942, 0.0 ], [ 119.590379476000066, -9.774575646999949, 0.0 ], [ 119.590388994000023, -9.774537575999943, 0.0 ], [ 119.590415644000018, -9.774539478999941, 0.0 ], [ 119.590457522000065, -9.774600393999947, 0.0 ], [ 119.590472751000107, -9.774649885999963, 0.0 ], [ 119.590470847, -9.774678439999946, 0.0 ], [ 119.590453715000081, -9.774712703999967, 0.0 ], [ 119.590417547000015, -9.774735546999977, 0.0 ], [ 119.590366151000012, -9.774726028999964, 0.0 ], [ 119.590322369000091, -9.774701282999956, 0.0 ], [ 119.590295719000096, -9.774657500999979, 0.0 ], [ 119.590312851000022, -9.774625139999955, 0.0 ] ] ], [ [ [ 119.592443143000082, -9.774360964999971, 0.0 ], [ 119.592512527000054, -9.774275822999925, 0.0 ], [ 119.592534618000059, -9.77414284799994, 0.0 ], [ 119.592545695000013, -9.774064804999966, 0.0 ], [ 119.592553704000011, -9.773993291999943, 0.0 ], [ 119.592563977000054, -9.773935078999955, 0.0 ], [ 119.592601045000038, -9.773885113999938, 0.0 ], [ 119.592639526000085, -9.773873909999963, 0.0 ], [ 119.592668881, -9.773878757999967, 0.0 ], [ 119.592700786000023, -9.773919228999944, 0.0 ], [ 119.592736651000109, -9.773978075999935, 0.0 ], [ 119.592740763000052, -9.774048887999982, 0.0 ], [ 119.592729836000103, -9.774139196999954, 0.0 ], [ 119.592715307000049, -9.774244578999969, 0.0 ], [ 119.592690412000024, -9.774324345999958, 0.0 ], [ 119.592667223000035, -9.774375753999948, 0.0 ], [ 119.592596019000098, -9.774446023999928, 0.0 ], [ 119.592540116, -9.774503806999974, 0.0 ], [ 119.592479713000102, -9.77455056499997, 0.0 ], [ 119.59244444300009, -9.774552587999949, 0.0 ], [ 119.592417399000055, -9.774531821999972, 0.0 ], [ 119.592407862000073, -9.774458269999968, 0.0 ], [ 119.592426267000064, -9.774391034999951, 0.0 ], [ 119.592443143000082, -9.774360964999971, 0.0 ] ] ], [ [ [ 119.589920723000091, -9.773783787999946, 0.0 ], [ 119.589920887000062, -9.773721548999958, 0.0 ], [ 119.58992460200011, -9.773654786999941, 0.0 ], [ 119.589937612000085, -9.773606120999943, 0.0 ], [ 119.589967311, -9.773548449999964, 0.0 ], [ 119.590006595000091, -9.773522445999959, 0.0 ], [ 119.590035185000033, -9.773523273999956, 0.0 ], [ 119.590071047000038, -9.773552726999981, 0.0 ], [ 119.590081601000065, -9.773585878999938, 0.0 ], [ 119.590097153000102, -9.773740834999955, 0.0 ], [ 119.590134005000095, -9.773778332999939, 0.0 ], [ 119.590143040000044, -9.773806924999974, 0.0 ], [ 119.590149004000068, -9.773851412999932, 0.0 ], [ 119.590144322000015, -9.773905113999945, 0.0 ], [ 119.590102516000115, -9.773965011999962, 0.0 ], [ 119.590065778000053, -9.773985761999938, 0.0 ], [ 119.590024350000022, -9.773972900999979, 0.0 ], [ 119.589970424000057, -9.773915948999957, 0.0 ], [ 119.589928954000015, -9.773832260999939, 0.0 ], [ 119.589920723000091, -9.773783787999946, 0.0 ] ] ], [ [ [ 119.586423405000119, -9.769170944999928, 0.0 ], [ 119.586330690000068, -9.769415920999961, 0.0 ], [ 119.586060528000075, -9.769709612999975, 0.0 ], [ 119.585953757000084, -9.769715646999941, 0.0 ], [ 119.585674219000111, -9.769621468999958, 0.0 ], [ 119.585569159000102, -9.769433353999943, 0.0 ], [ 119.585520839000083, -9.769378926999934, 0.0 ], [ 119.585425194000095, -9.76937989399994, 0.0 ], [ 119.585396275000107, -9.769433300999935, 0.0 ], [ 119.585276329000067, -9.769712291999952, 0.0 ], [ 119.585095658000114, -9.769953174999955, 0.0 ], [ 119.585093033000021, -9.769989338999949, 0.0 ], [ 119.585040285000105, -9.77008873699998, 0.0 ], [ 119.584801526000092, -9.770188304999976, 0.0 ], [ 119.584710035000057, -9.770173585999942, 0.0 ], [ 119.584631190000096, -9.770155914999975, 0.0 ], [ 119.584519862000093, -9.770160413999974, 0.0 ], [ 119.584468427000047, -9.770123554999941, 0.0 ], [ 119.584505448000073, -9.769998756999939, 0.0 ], [ 119.584530838000092, -9.769887461999929, 0.0 ], [ 119.584462386000041, -9.769922787999974, 0.0 ], [ 119.584298771000022, -9.769999416999951, 0.0 ], [ 119.584154377000118, -9.769991114999925, 0.0 ], [ 119.584141511000098, -9.769928333999928, 0.0 ], [ 119.584179174000042, -9.769878569999946, 0.0 ], [ 119.58423231800009, -9.76977593099997, 0.0 ], [ 119.584358807000058, -9.769182520999948, 0.0 ], [ 119.58453432400006, -9.769190367999954, 0.0 ], [ 119.584635481000078, -9.769192331999932, 0.0 ], [ 119.584714839000071, -9.769156065999937, 0.0 ], [ 119.584714175000045, -9.769077780999964, 0.0 ], [ 119.5846883480001, -9.769033287999946, 0.0 ], [ 119.584691320000047, -9.768938960999947, 0.0 ], [ 119.584783050000055, -9.768900627999926, 0.0 ], [ 119.584856083000091, -9.768864838999946, 0.0 ], [ 119.584901532000117, -9.768795990999934, 0.0 ], [ 119.585006179000061, -9.768724056999929, 0.0 ], [ 119.585314831, -9.768717693999974, 0.0 ], [ 119.585522568000101, -9.768755192999947, 0.0 ], [ 119.585913202000029, -9.768849084999943, 0.0 ], [ 119.586109463000071, -9.768754765999972, 0.0 ], [ 119.58624166300001, -9.768827149999936, 0.0 ], [ 119.586426569000082, -9.769033957999966, 0.0 ], [ 119.586423405000119, -9.769170944999928, 0.0 ] ] ], [ [ [ 119.584827614, -9.76521685199998, 0.0 ], [ 119.584868941000082, -9.765184271999942, 0.0 ], [ 119.584919534000051, -9.765246128999934, 0.0 ], [ 119.584882755000081, -9.765624958999979, 0.0 ], [ 119.584795987, -9.765758632999962, 0.0 ], [ 119.584718634000069, -9.765779283999962, 0.0 ], [ 119.584657816000117, -9.765815625999949, 0.0 ], [ 119.584533777000047, -9.765864285999953, 0.0 ], [ 119.584498253000106, -9.765801457999942, 0.0 ], [ 119.584535617000029, -9.765731950999964, 0.0 ], [ 119.584679987000072, -9.765538846999959, 0.0 ], [ 119.584730645000036, -9.765311566999969, 0.0 ], [ 119.584827614, -9.76521685199998, 0.0 ] ] ], [ [ [ 119.585300978000078, -9.765643952999937, 0.0 ], [ 119.585306926000044, -9.765590414999963, 0.0 ], [ 119.585360464000019, -9.765495236999982, 0.0 ], [ 119.585470514, -9.765352468999936, 0.0 ], [ 119.585571641000115, -9.76531082799994, 0.0 ], [ 119.585640051000041, -9.765298930999961, 0.0 ], [ 119.585699537000096, -9.765307853999957, 0.0 ], [ 119.585702512000012, -9.765358417999948, 0.0 ], [ 119.585696563000056, -9.765474415999961, 0.0 ], [ 119.585672769000098, -9.765533902999948, 0.0 ], [ 119.585628154, -9.765590414999963, 0.0 ], [ 119.585571641000115, -9.765658824999946, 0.0 ], [ 119.585506206000105, -9.765688567999973, 0.0 ], [ 119.585437797000054, -9.765667747999942, 0.0 ], [ 119.585402105000071, -9.765646926999977, 0.0 ], [ 119.585333695000031, -9.765661798999929, 0.0 ], [ 119.585300978000078, -9.765643952999937, 0.0 ] ] ], [ [ [ 119.539160919000096, -9.764752078999948, 0.0 ], [ 119.539198727000098, -9.764562472999955, 0.0 ], [ 119.539343900000063, -9.764447600999972, 0.0 ], [ 119.539476557000057, -9.764436690999958, 0.0 ], [ 119.539519069000107, -9.76448036599993, 0.0 ], [ 119.539525866000076, -9.764641083999948, 0.0 ], [ 119.539486010000019, -9.765287566999973, 0.0 ], [ 119.539414760000113, -9.765335987999947, 0.0 ], [ 119.539327834, -9.765311863999955, 0.0 ], [ 119.539246992000017, -9.765198146999978, 0.0 ], [ 119.53916064200007, -9.764914555999951, 0.0 ], [ 119.539160919000096, -9.764752078999948, 0.0 ] ] ], [ [ [ 119.511111429000039, -9.761133126999937, 0.0 ], [ 119.511121660000072, -9.761192416999961, 0.0 ], [ 119.511061002000019, -9.761244849999969, 0.0 ], [ 119.510990019000019, -9.761212673999978, 0.0 ], [ 119.510912004000033, -9.761071693999952, 0.0 ], [ 119.510962597000116, -9.760772704999965, 0.0 ], [ 119.511078880000014, -9.76060876799994, 0.0 ], [ 119.511227961000031, -9.760553926999933, 0.0 ], [ 119.511319524000101, -9.760565437999958, 0.0 ], [ 119.511355793, -9.760852280999927, 0.0 ], [ 119.511404243000015, -9.760952998999926, 0.0 ], [ 119.5111779880001, -9.76095033699994, 0.0 ], [ 119.511105565000094, -9.760959713999966, 0.0 ], [ 119.511068737000073, -9.761016426999959, 0.0 ], [ 119.511111429000039, -9.761133126999937, 0.0 ] ] ], [ [ [ 119.513888986000097, -9.758832378999955, 0.0 ], [ 119.513914109000098, -9.758868165999957, 0.0 ], [ 119.513886315000036, -9.75899323699997, 0.0 ], [ 119.513852067000016, -9.759055972999931, 0.0 ], [ 119.513801097000055, -9.759081194999965, 0.0 ], [ 119.513709720000065, -9.759065248999946, 0.0 ], [ 119.5136929250001, -9.758983253999929, 0.0 ], [ 119.513743386000101, -9.758901753999965, 0.0 ], [ 119.513888986000097, -9.758832378999955, 0.0 ] ] ], [ [ [ 119.544155376000049, -9.752553760999945, 0.0 ], [ 119.544197594000025, -9.752615960999947, 0.0 ], [ 119.544159692000107, -9.752727241999935, 0.0 ], [ 119.543955826000115, -9.752871487999926, 0.0 ], [ 119.543920578000098, -9.75287766699995, 0.0 ], [ 119.543725492000021, -9.752840732999971, 0.0 ], [ 119.543717290000018, -9.75276034999996, 0.0 ], [ 119.543801278000046, -9.752624147999938, 0.0 ], [ 119.543956018000017, -9.752544756999953, 0.0 ], [ 119.544155376000049, -9.752553760999945, 0.0 ] ] ], [ [ [ 119.557420551000064, -9.763940348999938, 0.0 ], [ 119.557128993000106, -9.763974191999978, 0.0 ], [ 119.556550241000082, -9.763969655999972, 0.0 ], [ 119.556281836000039, -9.764024869999957, 0.0 ], [ 119.556132674000082, -9.76410922599996, 0.0 ], [ 119.555925239000089, -9.764386943999966, 0.0 ], [ 119.555842132000066, -9.764745883999979, 0.0 ], [ 119.555915832000096, -9.765058382999939, 0.0 ], [ 119.555951803000085, -9.765193547999957, 0.0 ], [ 119.555899066000052, -9.765306728999974, 0.0 ], [ 119.555717146, -9.765444088999971, 0.0 ], [ 119.555348652000021, -9.765480257999968, 0.0 ], [ 119.555154407000032, -9.765472867999961, 0.0 ], [ 119.555093957000054, -9.765419021999946, 0.0 ], [ 119.555032184000083, -9.76527720699994, 0.0 ], [ 119.554956256000082, -9.765212973999951, 0.0 ], [ 119.554865627000027, -9.765227297999957, 0.0 ], [ 119.554786957000033, -9.765591038999958, 0.0 ], [ 119.554729049000116, -9.765711707999969, 0.0 ], [ 119.554491777000067, -9.765859392999971, 0.0 ], [ 119.554059675000076, -9.76586679899998, 0.0 ], [ 119.553666741000029, -9.765938364999954, 0.0 ], [ 119.553383218000022, -9.765974786999948, 0.0 ], [ 119.553235618000031, -9.765955825999981, 0.0 ], [ 119.552488598000082, -9.765194271999974, 0.0 ], [ 119.552206058000024, -9.764894647999938, 0.0 ], [ 119.551884240000049, -9.76456395699995, 0.0 ], [ 119.551844382000013, -9.764521183999932, 0.0 ], [ 119.551822964000053, -9.764503482999942, 0.0 ], [ 119.55169494300003, -9.764345615999957, 0.0 ], [ 119.551599978000013, -9.764057993999927, 0.0 ], [ 119.551539755000022, -9.763929670999971, 0.0 ], [ 119.551423322, -9.763877896999929, 0.0 ], [ 119.551326119, -9.763804811999933, 0.0 ], [ 119.551169356000059, -9.763242757999933, 0.0 ], [ 119.55101421300003, -9.762820275999957, 0.0 ], [ 119.550864139000055, -9.762339550999968, 0.0 ], [ 119.550737359000095, -9.761691259999964, 0.0 ], [ 119.550689875000103, -9.761465100999942, 0.0 ], [ 119.550613044000102, -9.761309083999947, 0.0 ], [ 119.550366675000078, -9.761083880999934, 0.0 ], [ 119.550154876000079, -9.760923846999958, 0.0 ], [ 119.550023526000018, -9.760723895999945, 0.0 ], [ 119.549963508000019, -9.760427378999964, 0.0 ], [ 119.549904846000118, -9.760112803999959, 0.0 ], [ 119.549747297000067, -9.75980778099995, 0.0 ], [ 119.549631881000096, -9.75962446799997, 0.0 ], [ 119.549484638000081, -9.759325540999953, 0.0 ], [ 119.549000995000029, -9.758802911999965, 0.0 ], [ 119.548850895000101, -9.758640724999964, 0.0 ], [ 119.548724789000062, -9.758565506999958, 0.0 ], [ 119.548596442000076, -9.758468085999937, 0.0 ], [ 119.548594365000099, -9.758125658999973, 0.0 ], [ 119.548525798000014, -9.757696048999946, 0.0 ], [ 119.548475818000043, -9.757564754999976, 0.0 ], [ 119.548405985000045, -9.757470543999943, 0.0 ], [ 119.54839684500007, -9.757372583999938, 0.0 ], [ 119.548473140000056, -9.757272392999937, 0.0 ], [ 119.548762252000074, -9.756785942999954, 0.0 ], [ 119.548884816000054, -9.756429070999957, 0.0 ], [ 119.548954446000039, -9.756174331999944, 0.0 ], [ 119.549181634000092, -9.755873819999977, 0.0 ], [ 119.549290858000063, -9.755725740999935, 0.0 ], [ 119.549469440000053, -9.755378150999945, 0.0 ], [ 119.549563965000061, -9.755139053999926, 0.0 ], [ 119.549620411000092, -9.754871958999956, 0.0 ], [ 119.549747, -9.754611491999981, 0.0 ], [ 119.549797801000068, -9.75447115999998, 0.0 ], [ 119.549752460000036, -9.754240995999965, 0.0 ], [ 119.549394019000033, -9.753609639999979, 0.0 ], [ 119.548943215, -9.753106711999976, 0.0 ], [ 119.548676221000051, -9.752829944999974, 0.0 ], [ 119.54770944500001, -9.752220895999926, 0.0 ], [ 119.54730130300004, -9.752053753999974, 0.0 ], [ 119.546667188000015, -9.751935130999925, 0.0 ], [ 119.546231143000114, -9.751888187999953, 0.0 ], [ 119.545587536000085, -9.751849697999944, 0.0 ], [ 119.5450581, -9.751852158999952, 0.0 ], [ 119.544938931000047, -9.751900913999975, 0.0 ], [ 119.544878836000066, -9.752038033999952, 0.0 ], [ 119.544813027000032, -9.752125090999925, 0.0 ], [ 119.544563976000063, -9.752132022999945, 0.0 ], [ 119.544359440000107, -9.752243300999965, 0.0 ], [ 119.544150161000061, -9.752397832999975, 0.0 ], [ 119.543962690000058, -9.752490223999928, 0.0 ], [ 119.543775246000109, -9.752582600999972, 0.0 ], [ 119.54362026900003, -9.752601410999944, 0.0 ], [ 119.543554090000043, -9.752585538999938, 0.0 ], [ 119.543468601000086, -9.75256505599998, 0.0 ], [ 119.543315254000049, -9.752561284999956, 0.0 ], [ 119.54302778400006, -9.752662751999935, 0.0 ], [ 119.542652255, -9.752865393999969, 0.0 ], [ 119.542359903000033, -9.75303435099994, 0.0 ], [ 119.541453202000071, -9.753800414999944, 0.0 ], [ 119.541122080000036, -9.754195118999974, 0.0 ], [ 119.540637439000079, -9.755002148999949, 0.0 ], [ 119.54050724800004, -9.755288706999977, 0.0 ], [ 119.540423977000046, -9.755606631999967, 0.0 ], [ 119.540467433000117, -9.755944237999927, 0.0 ], [ 119.540661365, -9.756455285999948, 0.0 ], [ 119.54084105600009, -9.756811131999939, 0.0 ], [ 119.540894112000046, -9.756912800999942, 0.0 ], [ 119.540950375000079, -9.757195248999949, 0.0 ], [ 119.540937987, -9.757388987999946, 0.0 ], [ 119.540834922000045, -9.757721878999973, 0.0 ], [ 119.540665839000098, -9.757988171999955, 0.0 ], [ 119.540480701000092, -9.758154674999957, 0.0 ], [ 119.540262037000048, -9.758370877999937, 0.0 ], [ 119.540199411000117, -9.758468001999972, 0.0 ], [ 119.540206664000038, -9.758764244999952, 0.0 ], [ 119.54020670400007, -9.758868624999934, 0.0 ], [ 119.540206774000012, -9.758997215999955, 0.0 ], [ 119.54005328400001, -9.759416226999974, 0.0 ], [ 119.539948189000029, -9.759543590999954, 0.0 ], [ 119.539764533000039, -9.759634633999951, 0.0 ], [ 119.539537613000107, -9.75966918499995, 0.0 ], [ 119.539440305000085, -9.759692774999962, 0.0 ], [ 119.539361798000073, -9.75976365899993, 0.0 ], [ 119.53922620000003, -9.759727363999957, 0.0 ], [ 119.538892250000117, -9.75960119299998, 0.0 ], [ 119.53876540300007, -9.759562425999945, 0.0 ], [ 119.538641984000037, -9.759544504999951, 0.0 ], [ 119.538408344000118, -9.759511441999962, 0.0 ], [ 119.538220168000066, -9.759484831999941, 0.0 ], [ 119.538004999, -9.759388849999937, 0.0 ], [ 119.537782266000022, -9.759168545999955, 0.0 ], [ 119.537598388000106, -9.758888068999966, 0.0 ], [ 119.53736754900001, -9.758535940999934, 0.0 ], [ 119.537285608000047, -9.758270443999947, 0.0 ], [ 119.537264515000061, -9.75782247199993, 0.0 ], [ 119.537264359, -9.757321411999953, 0.0 ], [ 119.537305563000018, -9.75707456799995, 0.0 ], [ 119.537370327000076, -9.756615971999963, 0.0 ], [ 119.537390211000115, -9.755927205999967, 0.0 ], [ 119.537270939000109, -9.755568145999973, 0.0 ], [ 119.537184265000064, -9.755253394999954, 0.0 ], [ 119.537080623000065, -9.754842203999942, 0.0 ], [ 119.536982545000114, -9.754676720999953, 0.0 ], [ 119.536900826000078, -9.754601248999961, 0.0 ], [ 119.536983185000054, -9.75441640899993, 0.0 ], [ 119.537077328, -9.75423262299995, 0.0 ], [ 119.537099376000015, -9.754058000999976, 0.0 ], [ 119.537067280000088, -9.75318920899997, 0.0 ], [ 119.537024546000112, -9.752925927999968, 0.0 ], [ 119.536995516000047, -9.751293505999968, 0.0 ], [ 119.536882232000039, -9.75118039299997, 0.0 ], [ 119.536766987000078, -9.75116324499993, 0.0 ], [ 119.536309120000055, -9.75112543399996, 0.0 ], [ 119.536084987000095, -9.751079860999937, 0.0 ], [ 119.536024515, -9.750592711999957, 0.0 ], [ 119.535625213000117, -9.750002409999979, 0.0 ], [ 119.535660245000031, -9.749743463999948, 0.0 ], [ 119.535682256000086, -9.749580765999951, 0.0 ], [ 119.536224166000011, -9.749018572999944, 0.0 ], [ 119.536482703000047, -9.748453809999944, 0.0 ], [ 119.536613731000102, -9.748091837999937, 0.0 ], [ 119.537079813000105, -9.747809853999968, 0.0 ], [ 119.53747911500011, -9.747584975999928, 0.0 ], [ 119.538021024000045, -9.747163327999942, 0.0 ], [ 119.538306240000111, -9.746741680999946, 0.0 ], [ 119.538591456000063, -9.746573020999961, 0.0 ], [ 119.538990758000068, -9.74589838299994, 0.0 ], [ 119.539247452000041, -9.745561063999958, 0.0 ], [ 119.539504146000013, -9.745055083999944, 0.0 ], [ 119.539903448000018, -9.744577212999957, 0.0 ], [ 119.540427056000112, -9.744063110999946, 0.0 ], [ 119.54114009500006, -9.743430632999946, 0.0 ], [ 119.541805599000099, -9.742821578999951, 0.0 ], [ 119.542518638000047, -9.742306224999936, 0.0 ], [ 119.543014744000061, -9.741834734999941, 0.0 ], [ 119.543184141000097, -9.741673742999978, 0.0 ], [ 119.543754572000012, -9.740947559999938, 0.0 ], [ 119.544229932, -9.740760156999954, 0.0 ], [ 119.5442776430001, -9.740753655999981, 0.0 ], [ 119.54486221600007, -9.740673996999931, 0.0 ], [ 119.545078889000024, -9.740274424999939, 0.0 ], [ 119.545197005000091, -9.739972201999933, 0.0 ], [ 119.545313542000031, -9.739544044999946, 0.0 ], [ 119.545413282000027, -9.739355062999948, 0.0 ], [ 119.545521436000058, -9.739208400999928, 0.0 ], [ 119.54566464200002, -9.739058187999944, 0.0 ], [ 119.545936888000028, -9.73888255199995, 0.0 ], [ 119.546022119000099, -9.738607316999946, 0.0 ], [ 119.546072704000039, -9.738288917999967, 0.0 ], [ 119.546202739000023, -9.737723955999968, 0.0 ], [ 119.546203848000118, -9.737479400999973, 0.0 ], [ 119.546069249000084, -9.736979475999931, 0.0 ], [ 119.546037280000064, -9.736872681999955, 0.0 ], [ 119.54583437000008, -9.736555362999979, 0.0 ], [ 119.54568659600011, -9.73642377799996, 0.0 ], [ 119.545249052000031, -9.736288097999932, 0.0 ], [ 119.544871537000063, -9.736193729999968, 0.0 ], [ 119.544728667000072, -9.736125813999934, 0.0 ], [ 119.544644057000028, -9.736040209999942, 0.0 ], [ 119.544628746000058, -9.736015622999957, 0.0 ], [ 119.544614429000035, -9.735807483999963, 0.0 ], [ 119.54459432200008, -9.735608189999937, 0.0 ], [ 119.544392491000053, -9.735006915999975, 0.0 ], [ 119.5443398110001, -9.734853881999982, 0.0 ], [ 119.544247972000107, -9.73459410199996, 0.0 ], [ 119.544102956000074, -9.734365813999943, 0.0 ], [ 119.543837303000032, -9.734094208999977, 0.0 ], [ 119.543718349000073, -9.733975554999972, 0.0 ], [ 119.543655702000024, -9.733913065999957, 0.0 ], [ 119.543507525000109, -9.733715298999925, 0.0 ], [ 119.543224707000036, -9.73346122099997, 0.0 ], [ 119.543153208000035, -9.733404850999932, 0.0 ], [ 119.542834257000095, -9.733240899999942, 0.0 ], [ 119.542568340000116, -9.733216892999963, 0.0 ], [ 119.54178171, -9.733336424999948, 0.0 ], [ 119.541710739000109, -9.73334598699995, 0.0 ], [ 119.541541083000084, -9.733334129999946, 0.0 ], [ 119.541384830000084, -9.73329171599994, 0.0 ], [ 119.541202394000038, -9.733135813999979, 0.0 ], [ 119.541147200000069, -9.733077629999968, 0.0 ], [ 119.541036544, -9.732611454999926, 0.0 ], [ 119.541033902000095, -9.732482033999929, 0.0 ], [ 119.541016038000066, -9.732400849999976, 0.0 ], [ 119.540932017000046, -9.732213381999941, 0.0 ], [ 119.540803019, -9.732068445999971, 0.0 ], [ 119.540295487000094, -9.731806272999961, 0.0 ], [ 119.540011226000047, -9.731671864999953, 0.0 ], [ 119.539845611000032, -9.731512087999931, 0.0 ], [ 119.539794118000032, -9.731386053999927, 0.0 ], [ 119.539789078000013, -9.731361002999961, 0.0 ], [ 119.539803841000094, -9.731203534999963, 0.0 ], [ 119.539869467000017, -9.731022927999959, 0.0 ], [ 119.540328341000077, -9.730641610999953, 0.0 ], [ 119.540691888000083, -9.730212782999956, 0.0 ], [ 119.540806483000097, -9.730060737999963, 0.0 ], [ 119.540886453000098, -9.729952443999935, 0.0 ], [ 119.540925186000095, -9.729670441999929, 0.0 ], [ 119.540774185000032, -9.728785191999975, 0.0 ], [ 119.540734967000049, -9.728638580999927, 0.0 ], [ 119.540637663000098, -9.727886204999947, 0.0 ], [ 119.540624841000067, -9.727416736999942, 0.0 ], [ 119.540809595000042, -9.726708583999937, 0.0 ], [ 119.540843440000117, -9.726605725999946, 0.0 ], [ 119.540623656000093, -9.72597787899997, 0.0 ], [ 119.540527266000026, -9.725698377999947, 0.0 ], [ 119.540413890000082, -9.725533079999934, 0.0 ], [ 119.540304795000111, -9.725385002999928, 0.0 ], [ 119.540212980000092, -9.72518622299998, 0.0 ], [ 119.540196047000109, -9.725156704999961, 0.0 ], [ 119.540175358000056, -9.724969702999942, 0.0 ], [ 119.540155969000011, -9.724704485999951, 0.0 ], [ 119.540074478000065, -9.724479131999942, 0.0 ], [ 119.539866068000038, -9.724197774999936, 0.0 ], [ 119.539817201, -9.724005359999978, 0.0 ], [ 119.539593328000024, -9.723406064999949, 0.0 ], [ 119.53954181000006, -9.723128049999957, 0.0 ], [ 119.539544453000076, -9.723014861999957, 0.0 ], [ 119.539560936000044, -9.722894283999949, 0.0 ], [ 119.539618924000024, -9.722410568999976, 0.0 ], [ 119.53955918600002, -9.721851080999954, 0.0 ], [ 119.539551970000048, -9.721554347999927, 0.0 ], [ 119.539584099000081, -9.721378656999946, 0.0 ], [ 119.539863443000058, -9.720950943999981, 0.0 ], [ 119.539895980000097, -9.720908099999974, 0.0 ], [ 119.539939077000099, -9.720801331999951, 0.0 ], [ 119.53997443600008, -9.720601518999956, 0.0 ], [ 119.539785715000107, -9.720310640999969, 0.0 ], [ 119.53974710600005, -9.720217661999982, 0.0 ], [ 119.539746343000047, -9.720170912999947, 0.0 ], [ 119.539733873000046, -9.720086797999954, 0.0 ], [ 119.5394804660001, -9.719890504999967, 0.0 ], [ 119.539393497000106, -9.719810451999933, 0.0 ], [ 119.539677674000018, -9.719401486999971, 0.0 ], [ 119.539762948000089, -9.719296217999954, 0.0 ], [ 119.539799343000027, -9.719134799999949, 0.0 ], [ 119.539790576000087, -9.719057032999956, 0.0 ], [ 119.539662070000077, -9.718998333999934, 0.0 ], [ 119.539612984000087, -9.718990675999976, 0.0 ], [ 119.539492467000059, -9.718961125999954, 0.0 ], [ 119.539385291000031, -9.718888487999948, 0.0 ], [ 119.539573217000111, -9.718377643999929, 0.0 ], [ 119.539601113000117, -9.718226064999953, 0.0 ], [ 119.539364140000089, -9.717697612999928, 0.0 ], [ 119.539153829000043, -9.71709042599997, 0.0 ], [ 119.539138048000041, -9.717037782999967, 0.0 ], [ 119.539078919000076, -9.716981362999945, 0.0 ], [ 119.538489107000032, -9.716670925999949, 0.0 ], [ 119.538371076000089, -9.716585094999971, 0.0 ], [ 119.538295673000107, -9.716177175999974, 0.0 ], [ 119.538280858, -9.716066940999951, 0.0 ], [ 119.538249674000099, -9.715971971999977, 0.0 ], [ 119.538078376000044, -9.715830736999976, 0.0 ], [ 119.537711313000045, -9.715734736999934, 0.0 ], [ 119.537539694000088, -9.715683145999947, 0.0 ], [ 119.537360530000115, -9.715536504999932, 0.0 ], [ 119.537258125000108, -9.715367749999928, 0.0 ], [ 119.53724140700001, -9.71530428899996, 0.0 ], [ 119.537247968000088, -9.715246707999938, 0.0 ], [ 119.537209628000028, -9.715032658999974, 0.0 ], [ 119.537148032000118, -9.714939864999963, 0.0 ], [ 119.536606362000043, -9.714821129999962, 0.0 ], [ 119.536399497000048, -9.714762380999957, 0.0 ], [ 119.536275995000096, -9.714679470999954, 0.0 ], [ 119.536207201000025, -9.714543688999981, 0.0 ], [ 119.536172361000013, -9.714277968999966, 0.0 ], [ 119.536216232000015, -9.714052077999952, 0.0 ], [ 119.53630725000005, -9.71381194099996, 0.0 ], [ 119.536299922000012, -9.713709049999977, 0.0 ], [ 119.536169407000102, -9.713620238999965, 0.0 ], [ 119.535177699000087, -9.712995879999937, 0.0 ], [ 119.535063628000103, -9.712932046999981, 0.0 ], [ 119.534885532000089, -9.712793770999951, 0.0 ], [ 119.534787965000078, -9.712663877999944, 0.0 ], [ 119.534738624000056, -9.712468033999926, 0.0 ], [ 119.53476768400003, -9.712329254999929, 0.0 ], [ 119.53479226200011, -9.712280528999941, 0.0 ], [ 119.534885325000118, -9.712137797999958, 0.0 ], [ 119.535228031000088, -9.712011192999967, 0.0 ], [ 119.535383745000104, -9.711938707999934, 0.0 ], [ 119.535521873000107, -9.71178935599994, 0.0 ], [ 119.5355747320001, -9.711653049999939, 0.0 ], [ 119.53549303300008, -9.711430157999928, 0.0 ], [ 119.535349894000092, -9.711252026999944, 0.0 ], [ 119.534703974000081, -9.710743049999962, 0.0 ], [ 119.534163215000035, -9.710308096999938, 0.0 ], [ 119.533657809000033, -9.709828927999979, 0.0 ], [ 119.533367684000041, -9.709382173999927, 0.0 ], [ 119.533217780000086, -9.709143071999961, 0.0 ], [ 119.532759041000077, -9.708170779999932, 0.0 ], [ 119.532687327000076, -9.707964377999929, 0.0 ], [ 119.532742941000038, -9.707599490999939, 0.0 ], [ 119.532980856000108, -9.706946422999977, 0.0 ], [ 119.533013765000078, -9.70684551599993, 0.0 ], [ 119.533051682000064, -9.706431174999977, 0.0 ], [ 119.533034232000091, -9.706099002999963, 0.0 ], [ 119.532965750000017, -9.705909062999979, 0.0 ], [ 119.532738908000056, -9.705657046999931, 0.0 ], [ 119.5326625780001, -9.705565031999981, 0.0 ], [ 119.532551089000094, -9.70505918899994, 0.0 ], [ 119.532539264000093, -9.704928782999957, 0.0 ], [ 119.532575391000023, -9.70479148499993, 0.0 ], [ 119.532771702000105, -9.704415458999961, 0.0 ], [ 119.532874747000051, -9.704261456999973, 0.0 ], [ 119.533463123000047, -9.703880392999963, 0.0 ], [ 119.533589609000046, -9.703799775999926, 0.0 ], [ 119.533812262000083, -9.703700993999973, 0.0 ], [ 119.534815545000015, -9.703320490999943, 0.0 ], [ 119.534899859, -9.70327997399994, 0.0 ], [ 119.535437467000065, -9.70309333299997, 0.0 ], [ 119.535554999000055, -9.703027458999941, 0.0 ], [ 119.535643986000082, -9.702913171999967, 0.0 ], [ 119.535711842000069, -9.702740907999953, 0.0 ], [ 119.535789936000015, -9.702482549999957, 0.0 ], [ 119.535851545000014, -9.702279784999973, 0.0 ], [ 119.535934952000048, -9.702047983999933, 0.0 ], [ 119.536034670000049, -9.701839784999947, 0.0 ], [ 119.536060639000084, -9.701796994999938, 0.0 ], [ 119.536194515000034, -9.701532700999962, 0.0 ], [ 119.53636064300008, -9.701251161999949, 0.0 ], [ 119.536415716000079, -9.701172441999972, 0.0 ], [ 119.536609076000104, -9.700961847999963, 0.0 ], [ 119.536775154000111, -9.700763986999959, 0.0 ], [ 119.536954550000019, -9.70055511399994, 0.0 ], [ 119.537067655000101, -9.700426142999959, 0.0 ], [ 119.537211235000086, -9.700288238999974, 0.0 ], [ 119.537269842000114, -9.700224254999966, 0.0 ], [ 119.537445983000111, -9.70005544299994, 0.0 ], [ 119.537552108000114, -9.699974081999926, 0.0 ], [ 119.537839902000087, -9.699691940999969, 0.0 ], [ 119.537916668000094, -9.699608816999955, 0.0 ], [ 119.538084231000084, -9.699387799999954, 0.0 ], [ 119.538194027000031, -9.699206189999927, 0.0 ], [ 119.538263437000069, -9.699016720999964, 0.0 ], [ 119.538271355, -9.698776577999979, 0.0 ], [ 119.538141200000041, -9.698478906999981, 0.0 ], [ 119.538082253000084, -9.69835343799997, 0.0 ], [ 119.538099249000084, -9.698270503999936, 0.0 ], [ 119.538342408000062, -9.698098707999975, 0.0 ], [ 119.538698438000097, -9.697872600999972, 0.0 ], [ 119.539480954000055, -9.697387187999936, 0.0 ], [ 119.539517657000033, -9.697361693999937, 0.0 ], [ 119.539746268000044, -9.69721162999997, 0.0 ], [ 119.540129139000101, -9.697060940999961, 0.0 ], [ 119.540353279000101, -9.696972860999949, 0.0 ], [ 119.540581565000025, -9.696829924999975, 0.0 ], [ 119.540791668000111, -9.696788000999959, 0.0 ], [ 119.541124965000108, -9.696753330999968, 0.0 ], [ 119.541413125000076, -9.696740111999929, 0.0 ], [ 119.541478608000034, -9.696748303999925, 0.0 ], [ 119.541913592000014, -9.69685300499998, 0.0 ], [ 119.542288561000078, -9.696907124999939, 0.0 ], [ 119.542719037000097, -9.696809970999936, 0.0 ], [ 119.542756738000094, -9.69679756499994, 0.0 ], [ 119.542826467000054, -9.696502616999965, 0.0 ], [ 119.54235776500002, -9.696238085999937, 0.0 ], [ 119.541871108, -9.695992756999942, 0.0 ], [ 119.54078486200001, -9.695615581999959, 0.0 ], [ 119.54073815400011, -9.695563709999931, 0.0 ], [ 119.540558418000046, -9.695428771999957, 0.0 ], [ 119.540444015000048, -9.695342883999956, 0.0 ], [ 119.540201922000051, -9.695074527999964, 0.0 ], [ 119.540190465000023, -9.69506182799995, 0.0 ], [ 119.539977498000098, -9.694914664999942, 0.0 ], [ 119.539826970000036, -9.694689764999964, 0.0 ], [ 119.539762898000049, -9.694594036999945, 0.0 ], [ 119.539622697000027, -9.694502301999933, 0.0 ], [ 119.539461394000114, -9.694396759999961, 0.0 ], [ 119.539402818000099, -9.694325118999927, 0.0 ], [ 119.53928721300008, -9.694183727999928, 0.0 ], [ 119.539189537000084, -9.69409656199997, 0.0 ], [ 119.539112819000025, -9.694028098999979, 0.0 ], [ 119.538895596000089, -9.693935689999932, 0.0 ], [ 119.53863138600002, -9.693682045999935, 0.0 ], [ 119.538418715000034, -9.693591093999942, 0.0 ], [ 119.538412616000073, -9.693588485999953, 0.0 ], [ 119.538213515000052, -9.69339174199996, 0.0 ], [ 119.538189607000049, -9.693368116999977, 0.0 ], [ 119.538011545000018, -9.69324723699998, 0.0 ], [ 119.537957113000061, -9.693172001999926, 0.0 ], [ 119.537919976000012, -9.693120671999964, 0.0 ], [ 119.537645789000067, -9.692888554999968, 0.0 ], [ 119.537565292000068, -9.692847678999954, 0.0 ], [ 119.537365936000015, -9.692746448999969, 0.0 ], [ 119.537340350000022, -9.692658519999952, 0.0 ], [ 119.53728951100004, -9.692477879999956, 0.0 ], [ 119.537271934000046, -9.692332878999935, 0.0 ], [ 119.537215389000039, -9.692175988999963, 0.0 ], [ 119.537184321000041, -9.691971749999936, 0.0 ], [ 119.537164414000017, -9.691839451999954, 0.0 ], [ 119.537122802000113, -9.691574368999966, 0.0 ], [ 119.537094534000062, -9.691479356999935, 0.0 ], [ 119.537033228000041, -9.691316747999963, 0.0 ], [ 119.537008325000102, -9.691204948999939, 0.0 ], [ 119.536950839000042, -9.691021886999977, 0.0 ], [ 119.53693493600008, -9.691157506999957, 0.0 ], [ 119.536786157000051, -9.690633989999981, 0.0 ], [ 119.536694159000035, -9.69050701599997, 0.0 ], [ 119.536568162000094, -9.69029474599995, 0.0 ], [ 119.536424692000082, -9.690194899999938, 0.0 ], [ 119.536305232000018, -9.690066744999967, 0.0 ], [ 119.536223845000109, -9.689985737999962, 0.0 ], [ 119.536082209000028, -9.689823918999934, 0.0 ], [ 119.535980101000064, -9.689703760999976, 0.0 ], [ 119.535826820000011, -9.689619230999938, 0.0 ], [ 119.535590402000025, -9.689413056999967, 0.0 ], [ 119.535366143000033, -9.68927455599993, 0.0 ], [ 119.535118758000067, -9.689112377999948, 0.0 ], [ 119.535051895000038, -9.689043605999927, 0.0 ], [ 119.534938633000024, -9.688943987999949, 0.0 ], [ 119.534800578000045, -9.688844935999953, 0.0 ], [ 119.53466193700001, -9.68874216699993, 0.0 ], [ 119.534472, -9.688697959999956, 0.0 ], [ 119.5342836640001, -9.688588109999955, 0.0 ], [ 119.53414155400003, -9.688508313999932, 0.0 ], [ 119.533949489000065, -9.688455405999946, 0.0 ], [ 119.533782782000117, -9.68833903999996, 0.0 ], [ 119.533516804000101, -9.688200912999946, 0.0 ], [ 119.533321422000085, -9.688079096999957, 0.0 ], [ 119.533148772000118, -9.687999779999927, 0.0 ], [ 119.532924763000096, -9.687868597999966, 0.0 ], [ 119.532723401000112, -9.687741839999944, 0.0 ], [ 119.532544758000085, -9.687588243999926, 0.0 ], [ 119.532390891000091, -9.687488507999944, 0.0 ], [ 119.532261652000102, -9.687396878999948, 0.0 ], [ 119.532157268000105, -9.687308941999959, 0.0 ], [ 119.531975237000097, -9.687213939999936, 0.0 ], [ 119.531818455, -9.68713082599993, 0.0 ], [ 119.531724433000022, -9.687104531999978, 0.0 ], [ 119.53153260900001, -9.687050885999952, 0.0 ], [ 119.531401990000063, -9.687010735999934, 0.0 ], [ 119.53121941500001, -9.686969488999978, 0.0 ], [ 119.531165236000106, -9.686927082999944, 0.0 ], [ 119.531033107000098, -9.686881950999975, 0.0 ], [ 119.530926551000107, -9.686837551999929, 0.0 ], [ 119.530789611000046, -9.686758538999982, 0.0 ], [ 119.530706129, -9.686697099999947, 0.0 ], [ 119.530488926000089, -9.686614230999965, 0.0 ], [ 119.530403614000079, -9.686547522999945, 0.0 ], [ 119.53027032500006, -9.686411607999958, 0.0 ], [ 119.530137037000031, -9.686275691999981, 0.0 ], [ 119.530109502000073, -9.686268770999959, 0.0 ], [ 119.529960712000047, -9.686114456999974, 0.0 ], [ 119.529847321000034, -9.686055318999934, 0.0 ], [ 119.529773743000078, -9.685967649999952, 0.0 ], [ 119.529724566000027, -9.685909054999968, 0.0 ], [ 119.529659006000088, -9.685861002999957, 0.0 ], [ 119.529550240000049, -9.685781281999937, 0.0 ], [ 119.529347507000011, -9.685652318999928, 0.0 ], [ 119.529256706000069, -9.685566137999956, 0.0 ], [ 119.529133552000076, -9.685437694999962, 0.0 ], [ 119.528905739000038, -9.685352705999946, 0.0 ], [ 119.528498731000013, -9.68518658399995, 0.0 ], [ 119.528266065000025, -9.685111904999928, 0.0 ], [ 119.528089621000049, -9.685046730999943, 0.0 ], [ 119.527947810000114, -9.685030747999974, 0.0 ], [ 119.527905512000075, -9.684993727999938, 0.0 ], [ 119.527752310000096, -9.684859643999971, 0.0 ], [ 119.527623278000078, -9.684754314999964, 0.0 ], [ 119.527456556000061, -9.684596718999956, 0.0 ], [ 119.527211221000016, -9.684482693999939, 0.0 ], [ 119.527089421000028, -9.684430903999953, 0.0 ], [ 119.527007603000015, -9.68444010099995, 0.0 ], [ 119.526823748000083, -9.684352690999958, 0.0 ], [ 119.526678491000098, -9.684092258999954, 0.0 ], [ 119.526458875000117, -9.684179220999965, 0.0 ], [ 119.526250624000113, -9.683786991999966, 0.0 ], [ 119.525137545, -9.682937913999979, 0.0 ], [ 119.52487976000009, -9.682746303999977, 0.0 ], [ 119.524714272000097, -9.682708397999932, 0.0 ], [ 119.524469962000012, -9.682725410999979, 0.0 ], [ 119.523843484000054, -9.682730019999951, 0.0 ], [ 119.522927930000037, -9.682787110999925, 0.0 ], [ 119.522419720000016, -9.682453582999926, 0.0 ], [ 119.521959232000086, -9.682098333999932, 0.0 ], [ 119.521423374000051, -9.681897756999945, 0.0 ], [ 119.520969006000087, -9.681794794999973, 0.0 ], [ 119.520317542000043, -9.681680035999932, 0.0 ], [ 119.519489608000072, -9.681798131999926, 0.0 ], [ 119.51914243300007, -9.682008359999941, 0.0 ], [ 119.51879177, -9.68226505399997, 0.0 ], [ 119.518334938000066, -9.682399906999933, 0.0 ], [ 119.517817066000021, -9.682427615999927, 0.0 ], [ 119.517361637000022, -9.682320832999949, 0.0 ], [ 119.51719834700009, -9.682310491999942, 0.0 ], [ 119.516288936000024, -9.681899288999944, 0.0 ], [ 119.515839967000034, -9.681329585999947, 0.0 ], [ 119.51579700700006, -9.681044252999982, 0.0 ], [ 119.515661395000052, -9.680143538999971, 0.0 ], [ 119.515360686, -9.679870429999937, 0.0 ], [ 119.514435124000101, -9.679595022999933, 0.0 ], [ 119.513543577000064, -9.679217553999933, 0.0 ], [ 119.512620905000063, -9.678294147999964, 0.0 ], [ 119.511902342000099, -9.677483538999979, 0.0 ], [ 119.510637202000112, -9.676749038999958, 0.0 ], [ 119.509881827000072, -9.676083194999933, 0.0 ], [ 119.509221050000065, -9.675377224999977, 0.0 ], [ 119.50882587500007, -9.674718379999945, 0.0 ], [ 119.508816874000104, -9.67407160099998, 0.0 ], [ 119.508937656000057, -9.673546014999943, 0.0 ], [ 119.50888627300003, -9.673116024999956, 0.0 ], [ 119.508716368000023, -9.672949901999971, 0.0 ], [ 119.508119905000058, -9.673096272999942, 0.0 ], [ 119.507325670000114, -9.673187850999966, 0.0 ], [ 119.506580858, -9.673064866999937, 0.0 ], [ 119.506107561000022, -9.673101006999957, 0.0 ], [ 119.505784092000113, -9.673163975999955, 0.0 ], [ 119.505429592000041, -9.672978163999971, 0.0 ], [ 119.505038342000034, -9.672947210999951, 0.0 ], [ 119.504725704000066, -9.673001896999949, 0.0 ], [ 119.504134514000043, -9.67275421599993, 0.0 ], [ 119.503854178000097, -9.672524797999927, 0.0 ], [ 119.503420449000032, -9.672147336999956, 0.0 ], [ 119.503207624000083, -9.671642131999931, 0.0 ], [ 119.503158433000067, -9.67081471399996, 0.0 ], [ 119.502886983000053, -9.670285210999964, 0.0 ], [ 119.502526130000092, -9.670030314999963, 0.0 ], [ 119.502063811000085, -9.669781397999941, 0.0 ], [ 119.501099941, -9.669419058999949, 0.0 ], [ 119.500658795000049, -9.669330975999969, 0.0 ], [ 119.49987993000002, -9.669262329999981, 0.0 ], [ 119.499856005000083, -9.669237033999934, 0.0 ], [ 119.499444638000114, -9.668871857999932, 0.0 ], [ 119.499186042000019, -9.66881187599995, 0.0 ], [ 119.498927447000028, -9.668766889999972, 0.0 ], [ 119.498547159000054, -9.668691911999929, 0.0 ], [ 119.498182083000074, -9.668631930999936, 0.0 ], [ 119.4976192580001, -9.668436989999975, 0.0 ], [ 119.496995586000025, -9.668152076999945, 0.0 ], [ 119.496706567000047, -9.667972130999942, 0.0 ], [ 119.496402337000063, -9.667807180999944, 0.0 ], [ 119.496037261000083, -9.667642230999945, 0.0 ], [ 119.49544401300011, -9.667342320999978, 0.0 ], [ 119.494972456000028, -9.667162374999975, 0.0 ], [ 119.49447047700005, -9.667012419999935, 0.0 ], [ 119.494211881000069, -9.666862464999951, 0.0 ], [ 119.493770747000099, -9.666577549999943, 0.0 ], [ 119.493572998000104, -9.666472581999926, 0.0 ], [ 119.493390460000114, -9.666412599999944, 0.0 ], [ 119.493010172000027, -9.666382607999935, 0.0 ], [ 119.492782, -9.666322625999953, 0.0 ], [ 119.492629885000042, -9.666217657999937, 0.0 ], [ 119.492447347000052, -9.666097692999926, 0.0 ], [ 119.492127905000075, -9.665947737999943, 0.0 ], [ 119.491899733000082, -9.665752795999936, 0.0 ], [ 119.491534657000102, -9.665617834999978, 0.0 ], [ 119.49113915800001, -9.665557852999939, 0.0 ], [ 119.490652389000047, -9.665557852999939, 0.0 ], [ 119.490378582000062, -9.665512865999972, 0.0 ], [ 119.490165621000074, -9.665572848999943, 0.0 ], [ 119.489618007000104, -9.665542857999981, 0.0 ], [ 119.489222508000012, -9.665527861999976, 0.0 ], [ 119.48888785500003, -9.665362910999932, 0.0 ], [ 119.488659683000037, -9.665092989999948, 0.0 ], [ 119.488537991000044, -9.664718099999959, 0.0 ], [ 119.488461933000053, -9.664178257999936, 0.0 ], [ 119.488370664000058, -9.663653410999927, 0.0 ], [ 119.488325030000055, -9.663173548999964, 0.0 ], [ 119.488355453000054, -9.662678691999929, 0.0 ], [ 119.488431510000055, -9.662303798999972, 0.0 ], [ 119.488446722000049, -9.661763952999934, 0.0 ], [ 119.488385876000052, -9.661464037999963, 0.0 ], [ 119.48823376100006, -9.661179118999939, 0.0 ], [ 119.488081646000069, -9.660894198999927, 0.0 ], [ 119.487944742000082, -9.660444324999958, 0.0 ], [ 119.487777415000096, -9.660069429999965, 0.0 ], [ 119.487670935000097, -9.659514584999954, 0.0 ], [ 119.487655723000103, -9.659094700999958, 0.0 ], [ 119.487777415000096, -9.658539853999969, 0.0 ], [ 119.487883896000085, -9.658284923999929, 0.0 ], [ 119.488127280000072, -9.657970009999929, 0.0 ], [ 119.488264184000059, -9.657505135999941, 0.0 ], [ 119.488294607000057, -9.657205217999945, 0.0 ], [ 119.488248972000065, -9.656845314999941, 0.0 ], [ 119.48815770300007, -9.656260471999929, 0.0 ], [ 119.48815770300007, -9.655675627999926, 0.0 ], [ 119.488066434000075, -9.65507578699993, 0.0 ], [ 119.488036011000077, -9.654670893999935, 0.0 ], [ 119.487929531000077, -9.654325984999957, 0.0 ], [ 119.487868684000091, -9.654011066999942, 0.0 ], [ 119.487731781000093, -9.653711144999932, 0.0 ], [ 119.487655723000103, -9.653261261999944, 0.0 ], [ 119.487681556000098, -9.653184860999943, 0.0 ], [ 119.48779262700009, -9.65285636699997, 0.0 ], [ 119.487944742000082, -9.652661416999933, 0.0 ], [ 119.488066434000075, -9.652451470999949, 0.0 ], [ 119.488172915000064, -9.652196535999963, 0.0 ], [ 119.48834024100006, -9.651806635999947, 0.0 ], [ 119.488477145000047, -9.651506711999957, 0.0 ], [ 119.488507568000045, -9.651251775999981, 0.0 ], [ 119.48859883700004, -9.650981844999933, 0.0 ], [ 119.488827009000033, -9.650696915999958, 0.0 ], [ 119.488948701000027, -9.650516961999926, 0.0 ], [ 119.489222508000012, -9.650292017999959, 0.0 ], [ 119.489420258000109, -9.650082069999939, 0.0 ], [ 119.48949631500011, -9.649842129999968, 0.0 ], [ 119.489587584000105, -9.649497215999929, 0.0 ], [ 119.489602796000099, -9.649107311999956, 0.0 ], [ 119.489709276000099, -9.648582440999974, 0.0 ], [ 119.489800545000094, -9.64814754799994, 0.0 ], [ 119.489937449000081, -9.647952594999936, 0.0 ], [ 119.490089564000073, -9.64786261699993, 0.0 ], [ 119.490241679000064, -9.647757641999931, 0.0 ], [ 119.490393794000056, -9.647562689999972, 0.0 ], [ 119.490469851000057, -9.647172783999963, 0.0 ], [ 119.490500274000055, -9.646917844999962, 0.0 ], [ 119.490667601000041, -9.646572927999955, 0.0 ], [ 119.490819716000033, -9.646138030999964, 0.0 ], [ 119.490880562000029, -9.645913084999961, 0.0 ], [ 119.491017466000017, -9.645718130999967, 0.0 ], [ 119.491169581, -9.645448194999972, 0.0 ], [ 119.491291273000115, -9.645103275999929, 0.0 ], [ 119.491321696000114, -9.644788349999942, 0.0 ], [ 119.491321696000114, -9.644503415999964, 0.0 ], [ 119.491306484, -9.644128502999934, 0.0 ], [ 119.491306484, -9.643798579999952, 0.0 ], [ 119.491458599000111, -9.643483651999929, 0.0 ], [ 119.491656349000095, -9.643258703999948, 0.0 ], [ 119.49203663600008, -9.642928778999931, 0.0 ], [ 119.492234386000064, -9.642538867999974, 0.0 ], [ 119.492386501000055, -9.642058976999976, 0.0 ], [ 119.49247777000005, -9.641684060999978, 0.0 ], [ 119.492508193000049, -9.641279151999981, 0.0 ], [ 119.492325655000059, -9.64096422199998, 0.0 ], [ 119.492234386000064, -9.640619298999979, 0.0 ], [ 119.49247777000005, -9.64034935799998, 0.0 ], [ 119.492675519000045, -9.640109410999969, 0.0 ], [ 119.492903692000027, -9.639974440999936, 0.0 ], [ 119.493101441000022, -9.639764486999979, 0.0 ], [ 119.493420883000113, -9.639644512999951, 0.0 ], [ 119.493588209000109, -9.63949454599998, 0.0 ], [ 119.493679478000104, -9.63925459799998, 0.0 ], [ 119.493892440000081, -9.638954662999936, 0.0 ], [ 119.49392286300008, -9.638579743999969, 0.0 ], [ 119.493770747000099, -9.638249814999938, 0.0 ], [ 119.493831594000085, -9.637844901999927, 0.0 ], [ 119.49396562700008, -9.637488120999933, 0.0 ], [ 119.493983709000076, -9.637439987999926, 0.0 ], [ 119.494272727000066, -9.637110057999962, 0.0 ], [ 119.494409631000053, -9.63664515499994, 0.0 ], [ 119.494394419000059, -9.636285230999931, 0.0 ], [ 119.494303150000064, -9.636060276999956, 0.0 ], [ 119.494318362000058, -9.63574534299994, 0.0 ], [ 119.494607380000048, -9.635370419999958, 0.0 ], [ 119.494759495000039, -9.635205453999959, 0.0 ], [ 119.494881187000033, -9.634935508999945, 0.0 ], [ 119.495139783000013, -9.634665564999978, 0.0 ], [ 119.495307109, -9.634275643999956, 0.0 ], [ 119.495383167000114, -9.633555788999956, 0.0 ], [ 119.495307109, -9.633165866999946, 0.0 ], [ 119.495261475, -9.632745949999958, 0.0 ], [ 119.495124571000019, -9.632341029999964, 0.0 ], [ 119.495002879000026, -9.632116074999942, 0.0 ], [ 119.494850764000034, -9.631591176999962, 0.0 ], [ 119.494759495000039, -9.631441205999977, 0.0 ], [ 119.494622592000042, -9.630886313999952, 0.0 ], [ 119.49465301500004, -9.630541379999954, 0.0 ], [ 119.494668226000044, -9.630331419999948, 0.0 ], [ 119.494789918000038, -9.629926496999929, 0.0 ], [ 119.494926822000025, -9.629716536999979, 0.0 ], [ 119.495139783000013, -9.629656547999957, 0.0 ], [ 119.495337532, -9.629656547999957, 0.0 ], [ 119.495596128000102, -9.629611556999976, 0.0 ], [ 119.495854723000093, -9.629596559999982, 0.0 ], [ 119.496143742000072, -9.629521573999966, 0.0 ], [ 119.496341491000067, -9.629431590999957, 0.0 ], [ 119.496524029000057, -9.62907165799993, 0.0 ], [ 119.49653924100005, -9.62848676699997, 0.0 ], [ 119.49653924100005, -9.628231813999946, 0.0 ], [ 119.496508818000052, -9.627931869999941, 0.0 ], [ 119.49646318300006, -9.627721907999955, 0.0 ], [ 119.496371914000065, -9.627376970999933, 0.0 ], [ 119.496311068000068, -9.626912055999981, 0.0 ], [ 119.496311068000068, -9.62661210999994, 0.0 ], [ 119.496326280000062, -9.626327160999949, 0.0 ], [ 119.496341491000067, -9.625982222999937, 0.0 ], [ 119.496387126000059, -9.625562296999931, 0.0 ], [ 119.496417549000057, -9.625127373999931, 0.0 ], [ 119.496417549000057, -9.624977399999977, 0.0 ], [ 119.49635670300006, -9.624542475999931, 0.0 ], [ 119.496341491000067, -9.624077555999975, 0.0 ], [ 119.496250222000072, -9.623417668999934, 0.0 ], [ 119.496158953000077, -9.62305773099996, 0.0 ], [ 119.49609810700008, -9.622562813999934, 0.0 ], [ 119.496083368000086, -9.622516795999957, 0.0 ], [ 119.497549641000091, -9.622307531999979, 0.0 ], [ 119.498689410000111, -9.622143244999961, 0.0 ], [ 119.499999860000116, -9.62195436899998, 0.0 ], [ 119.500778091000029, -9.621827589999953, 0.0 ], [ 119.502557704000083, -9.62153767999996, 0.0 ], [ 119.504786779000028, -9.621141327999965, 0.0 ], [ 119.505629186000078, -9.620991538999931, 0.0 ], [ 119.506600409000043, -9.620586195999977, 0.0 ], [ 119.508036927000035, -9.620008900999949, 0.0 ], [ 119.510470491000092, -9.619103622999944, 0.0 ], [ 119.511561899000071, -9.618697619999978, 0.0 ], [ 119.515496674000019, -9.617792303999977, 0.0 ], [ 119.515569982000102, -9.617772004999949, 0.0 ], [ 119.516289033000021, -9.617572911999957, 0.0 ], [ 119.516991161000078, -9.617378488999975, 0.0 ], [ 119.51712919900001, -9.617340265999928, 0.0 ], [ 119.519210464000025, -9.616763958999968, 0.0 ], [ 119.524204488, -9.615680836999957, 0.0 ], [ 119.526328158000069, -9.615075683999976, 0.0 ], [ 119.527105754000104, -9.614854117999926, 0.0 ], [ 119.527323768000088, -9.614791974999946, 0.0 ], [ 119.530928433000099, -9.614081271999964, 0.0 ], [ 119.532648661000053, -9.613466596999956, 0.0 ], [ 119.532650521000051, -9.61346593199994, 0.0 ], [ 119.533006625000098, -9.613338688999931, 0.0 ], [ 119.533269196000106, -9.61324297799996, 0.0 ], [ 119.534964276000096, -9.61263916799993, 0.0 ], [ 119.535203432000117, -9.612553727999966, 0.0 ], [ 119.535914259000037, -9.612386271999981, 0.0 ], [ 119.53791354100008, -9.611915300999954, 0.0 ], [ 119.541589805000058, -9.611410211999953, 0.0 ], [ 119.542532218000019, -9.611300644999972, 0.0 ], [ 119.542954112000075, -9.611251593999953, 0.0 ], [ 119.543282103000024, -9.611213460999977, 0.0 ], [ 119.544947277, -9.611019862999967, 0.0 ], [ 119.546663095000099, -9.610880444999964, 0.0 ], [ 119.547098993000077, -9.610867679999956, 0.0 ], [ 119.547679114000061, -9.610873266999931, 0.0 ], [ 119.548162083000079, -9.610877927999979, 0.0 ], [ 119.548192964, -9.610878208999964, 0.0 ], [ 119.549253495000016, -9.611187679999944, 0.0 ], [ 119.549700144000099, -9.611419840999929, 0.0 ], [ 119.549819067000044, -9.611459968999952, 0.0 ], [ 119.550249538000116, -9.611768366999968, 0.0 ], [ 119.550604476000103, -9.611946418999935, 0.0 ], [ 119.550818133, -9.612022482999976, 0.0 ], [ 119.550806705000014, -9.612390993999952, 0.0 ], [ 119.550824954000063, -9.612482211999975, 0.0 ], [ 119.550980955000114, -9.612865200999977, 0.0 ], [ 119.551152294000076, -9.613179626999965, 0.0 ], [ 119.551261045000047, -9.613461779999966, 0.0 ], [ 119.551320509000107, -9.613767969999969, 0.0 ], [ 119.55135387200005, -9.613941644999954, 0.0 ], [ 119.551428220000048, -9.614180252999972, 0.0 ], [ 119.55161003, -9.614497562999929, 0.0 ], [ 119.551675741000054, -9.614602156999979, 0.0 ], [ 119.55234504900011, -9.615514206999933, 0.0 ], [ 119.55311344900008, -9.616235891999963, 0.0 ], [ 119.553332652000108, -9.616445424999938, 0.0 ], [ 119.553540245000022, -9.616630206999957, 0.0 ], [ 119.554551936000053, -9.617335929999967, 0.0 ], [ 119.554968311000039, -9.617560957999956, 0.0 ], [ 119.555014924000034, -9.617513953999946, 0.0 ], [ 119.555032338000046, -9.617493139999965, 0.0 ], [ 119.555162614000096, -9.617377677999968, 0.0 ], [ 119.555520270000102, -9.617046113999947, 0.0 ], [ 119.555768384000089, -9.616824430999941, 0.0 ], [ 119.55604495700004, -9.616596147999928, 0.0 ], [ 119.556806300000062, -9.615886307999972, 0.0 ], [ 119.557140009000022, -9.615598452999961, 0.0 ], [ 119.557440459000077, -9.615315364999958, 0.0 ], [ 119.558059503000095, -9.614754245999961, 0.0 ], [ 119.558688585000027, -9.614119312999946, 0.0 ], [ 119.559718052000107, -9.613134398999932, 0.0 ], [ 119.560383394000041, -9.612419210999974, 0.0 ], [ 119.560537047000025, -9.612305526999933, 0.0 ], [ 119.560574578000114, -9.61227342899997, 0.0 ], [ 119.560617026000045, -9.612222161999966, 0.0 ], [ 119.56065073100001, -9.61226017499996, 0.0 ], [ 119.560685032000038, -9.612253036999959, 0.0 ], [ 119.560766467, -9.612195176999933, 0.0 ], [ 119.56084940400001, -9.612049125999931, 0.0 ], [ 119.560895982000034, -9.611793017999958, 0.0 ], [ 119.560880103000045, -9.611677658999952, 0.0 ], [ 119.560882890000016, -9.611454594999941, 0.0 ], [ 119.560865045000014, -9.611260953999931, 0.0 ], [ 119.560918405000052, -9.61084311299993, 0.0 ], [ 119.56120520200011, -9.610217406999936, 0.0 ], [ 119.561239326000077, -9.610134236999954, 0.0 ], [ 119.561396341000091, -9.609769865999965, 0.0 ], [ 119.561527029000104, -9.609619610999971, 0.0 ], [ 119.562032124000098, -9.609527610999976, 0.0 ], [ 119.562163873000031, -9.609562313999959, 0.0 ], [ 119.562432110000032, -9.609586323999963, 0.0 ], [ 119.563084075, -9.609517048999976, 0.0 ], [ 119.563588268000103, -9.609345627999971, 0.0 ], [ 119.564250061000052, -9.609058723999965, 0.0 ], [ 119.564552781000089, -9.608912313999951, 0.0 ], [ 119.564715202000116, -9.608905297999968, 0.0 ], [ 119.565580706000105, -9.609002346999944, 0.0 ], [ 119.565914125000063, -9.609048220999966, 0.0 ], [ 119.566434385000093, -9.609197972999937, 0.0 ], [ 119.567054904000088, -9.60933904999996, 0.0 ], [ 119.568736449000085, -9.60947441199994, 0.0 ], [ 119.568997126000113, -9.609495331999938, 0.0 ], [ 119.569169264000038, -9.609585937999952, 0.0 ], [ 119.569598147000079, -9.609960003999959, 0.0 ], [ 119.569952027000113, -9.609989406999944, 0.0 ], [ 119.570394936000071, -9.610001876999945, 0.0 ], [ 119.570609747000049, -9.610004471999957, 0.0 ], [ 119.571583589000056, -9.610034485999961, 0.0 ], [ 119.572560931000112, -9.610078054999974, 0.0 ], [ 119.572561490000112, -9.610078079999937, 0.0 ], [ 119.572617186000116, -9.61008056299994, 0.0 ], [ 119.572841785000037, -9.610083384999939, 0.0 ], [ 119.573013998000079, -9.610085548999962, 0.0 ], [ 119.573566573000107, -9.610117705999926, 0.0 ], [ 119.57583881100004, -9.610220860999959, 0.0 ], [ 119.576298955000084, -9.610239767999929, 0.0 ], [ 119.576442205000035, -9.610245644999964, 0.0 ], [ 119.57750559100009, -9.610276251999949, 0.0 ], [ 119.578043454000067, -9.610302315999945, 0.0 ], [ 119.57886093500008, -9.610391428999947, 0.0 ], [ 119.579405672, -9.610430211999926, 0.0 ], [ 119.580165232000013, -9.610461407999935, 0.0 ], [ 119.580391217000056, -9.610453760999974, 0.0 ], [ 119.580432298, -9.61045056699993, 0.0 ], [ 119.580456865000087, -9.610414097999978, 0.0 ], [ 119.580708250000043, -9.61016709699993, 0.0 ], [ 119.580762173000039, -9.610160297999926, 0.0 ], [ 119.582087174000094, -9.610774127999946, 0.0 ], [ 119.582392734000109, -9.610903329999928, 0.0 ], [ 119.582616214000041, -9.610994827999946, 0.0 ], [ 119.583349806000115, -9.611306280999941, 0.0 ], [ 119.583769533, -9.611486226999943, 0.0 ], [ 119.583893555000031, -9.61157379499997, 0.0 ], [ 119.584365846000082, -9.611704754999948, 0.0 ], [ 119.584554246000039, -9.611799426999937, 0.0 ], [ 119.584702180000022, -9.612388427999974, 0.0 ], [ 119.585611073000109, -9.613233726999965, 0.0 ], [ 119.585921535000011, -9.613400334999938, 0.0 ], [ 119.586090051000042, -9.613567161999981, 0.0 ], [ 119.586318908000067, -9.613814412999943, 0.0 ], [ 119.586402412000098, -9.613898310999957, 0.0 ], [ 119.586514055000066, -9.61405849199997, 0.0 ], [ 119.58679517500002, -9.614420380999945, 0.0 ], [ 119.587120791000075, -9.61488051699996, 0.0 ], [ 119.587105677000068, -9.61514198499998, 0.0 ], [ 119.587115942000082, -9.61522574199995, 0.0 ], [ 119.587219766000089, -9.615317112999946, 0.0 ], [ 119.587337885000011, -9.61538220999995, 0.0 ], [ 119.587393935000023, -9.615584224999964, 0.0 ], [ 119.58744023600002, -9.615761443999929, 0.0 ], [ 119.587492095000016, -9.615878823999935, 0.0 ], [ 119.587654500000099, -9.616025807999961, 0.0 ], [ 119.587915629, -9.616279956999961, 0.0 ], [ 119.588113626000109, -9.61666323399993, 0.0 ], [ 119.588185291000059, -9.61684811799995, 0.0 ], [ 119.58825270300008, -9.61695360899995, 0.0 ], [ 119.588576329000034, -9.617116083999974, 0.0 ], [ 119.588718372000017, -9.617175890999931, 0.0 ], [ 119.588749072000041, -9.61728353899997, 0.0 ], [ 119.588714297000024, -9.617542104999927, 0.0 ], [ 119.588746266000044, -9.617670873999941, 0.0 ], [ 119.58886791000009, -9.617884776999972, 0.0 ], [ 119.588945110000054, -9.618058504999965, 0.0 ], [ 119.589023489000056, -9.61824241599993, 0.0 ], [ 119.589101753000023, -9.618490235999957, 0.0 ], [ 119.589229628000112, -9.618799991999936, 0.0 ], [ 119.589279215000033, -9.618966506999925, 0.0 ], [ 119.589389502000017, -9.619237532999932, 0.0 ], [ 119.589491817000066, -9.619444198999929, 0.0 ], [ 119.58966160500006, -9.619644944999948, 0.0 ], [ 119.589843402000042, -9.619852756999933, 0.0 ], [ 119.59005624200006, -9.619978117999949, 0.0 ], [ 119.590259299000081, -9.620101083999941, 0.0 ], [ 119.590656722000062, -9.620315497999968, 0.0 ], [ 119.591290754000056, -9.620657525999945, 0.0 ], [ 119.592091991000075, -9.620794537999927, 0.0 ], [ 119.592348098000116, -9.620763257999954, 0.0 ], [ 119.592856440000105, -9.620728097999972, 0.0 ], [ 119.59295647600004, -9.620743689999927, 0.0 ], [ 119.593085918000043, -9.620854397999949, 0.0 ], [ 119.593222034000064, -9.621060029999967, 0.0 ], [ 119.59326842300004, -9.621138715999962, 0.0 ], [ 119.593307249000077, -9.621153375999938, 0.0 ], [ 119.593463498, -9.62107117499994, 0.0 ], [ 119.593723005000015, -9.621013940999944, 0.0 ], [ 119.59371231700004, -9.620866754999952, 0.0 ], [ 119.593711036000059, -9.620795582999961, 0.0 ], [ 119.593861855000114, -9.620627188999947, 0.0 ], [ 119.594113479000043, -9.620486331999928, 0.0 ], [ 119.594566069000052, -9.620321332999936, 0.0 ], [ 119.594739161, -9.620216005999964, 0.0 ], [ 119.595200965000117, -9.619993759999943, 0.0 ], [ 119.595374043000106, -9.619893600999944, 0.0 ], [ 119.595527444000027, -9.619665361999978, 0.0 ], [ 119.595661785000061, -9.619274019999978, 0.0 ], [ 119.595761045000017, -9.619161929999962, 0.0 ], [ 119.595893662000094, -9.61906927299998, 0.0 ], [ 119.595982439000068, -9.618954490999954, 0.0 ], [ 119.595937926000033, -9.618598682999959, 0.0 ], [ 119.596100113000034, -9.618401990999928, 0.0 ], [ 119.596178627000086, -9.618326755999931, 0.0 ], [ 119.596197324000059, -9.618237662999945, 0.0 ], [ 119.596455923, -9.617981130999965, 0.0 ], [ 119.596607539000047, -9.617861692999952, 0.0 ], [ 119.596895349000079, -9.617824937999956, 0.0 ], [ 119.59702854000011, -9.617815807999932, 0.0 ], [ 119.597245540000017, -9.617712940999979, 0.0 ], [ 119.597373829000048, -9.617590341999971, 0.0 ], [ 119.598180346000049, -9.617500974999928, 0.0 ], [ 119.598452117000079, -9.617519070999947, 0.0 ], [ 119.598980609000023, -9.617649793999931, 0.0 ], [ 119.599204581000095, -9.617690076999963, 0.0 ], [ 119.599447524000084, -9.617656599999975, 0.0 ], [ 119.599672801000111, -9.617536600999927, 0.0 ], [ 119.599897091000116, -9.617420752999976, 0.0 ], [ 119.600070813000116, -9.617445084999929, 0.0 ], [ 119.600300173000051, -9.617516705999947, 0.0 ], [ 119.600530966000065, -9.617524360999937, 0.0 ], [ 119.600720681000098, -9.61746153699994, 0.0 ], [ 119.600944561, -9.617424416999938, 0.0 ], [ 119.601238823000017, -9.61749021299994, 0.0 ], [ 119.601897141000109, -9.617658283999958, 0.0 ], [ 119.602121569000019, -9.617659587999981, 0.0 ], [ 119.602348987000028, -9.617725293999968, 0.0 ], [ 119.602508583000031, -9.617747835999978, 0.0 ], [ 119.602745884000115, -9.617541632999973, 0.0 ], [ 119.603035551000062, -9.61747287999998, 0.0 ], [ 119.603230152000037, -9.61742038899996, 0.0 ], [ 119.603445652000119, -9.617294220999952, 0.0 ], [ 119.60376210700008, -9.61707987799997, 0.0 ], [ 119.604256985, -9.616802190999977, 0.0 ], [ 119.604454968000027, -9.616696524999952, 0.0 ], [ 119.604697890000011, -9.616660083999932, 0.0 ], [ 119.604894217000037, -9.616559175999953, 0.0 ], [ 119.60512918400002, -9.616393844999948, 0.0 ], [ 119.6055498610001, -9.616493830999957, 0.0 ], [ 119.60570154800007, -9.616449122999938, 0.0 ], [ 119.605827371000032, -9.616421154999955, 0.0 ], [ 119.606001548000108, -9.616419469999926, 0.0 ], [ 119.606574298000055, -9.616418955999961, 0.0 ], [ 119.606731866000018, -9.616388535999931, 0.0 ], [ 119.606851766000091, -9.61630050499997, 0.0 ], [ 119.607017685000073, -9.616372958999932, 0.0 ], [ 119.607173876000047, -9.616446485999973, 0.0 ], [ 119.607294621000051, -9.61655994299997, 0.0 ], [ 119.607314388000077, -9.616611736999971, 0.0 ], [ 119.60756974700007, -9.617233673999976, 0.0 ], [ 119.607656618000078, -9.617365147999976, 0.0 ], [ 119.60785665800006, -9.617503798999962, 0.0 ], [ 119.607972828000015, -9.617542235999963, 0.0 ], [ 119.608178313000053, -9.617655364999962, 0.0 ], [ 119.608511280000016, -9.617877361999945, 0.0 ], [ 119.608872544000064, -9.618131026999947, 0.0 ], [ 119.609055886000078, -9.618296628999929, 0.0 ], [ 119.609199638000064, -9.618494014999953, 0.0 ], [ 119.609236232000057, -9.619071597999948, 0.0 ], [ 119.609328736000066, -9.619358142999943, 0.0 ], [ 119.609438519000037, -9.619483965999962, 0.0 ], [ 119.609779754000101, -9.61968582999998, 0.0 ], [ 119.609864360000074, -9.619745019999925, 0.0 ], [ 119.609916970000086, -9.619854861999954, 0.0 ], [ 119.609836406000113, -9.619929253999942, 0.0 ], [ 119.609977668000056, -9.620182158999967, 0.0 ], [ 119.610114673000112, -9.620313518999978, 0.0 ], [ 119.610364985000047, -9.62056873399996, 0.0 ], [ 119.610453453000105, -9.620659251999939, 0.0 ], [ 119.61061737700004, -9.620650926999929, 0.0 ], [ 119.610692500000027, -9.620642284999974, 0.0 ], [ 119.610965892000081, -9.620840032999979, 0.0 ], [ 119.611097279000091, -9.620955909999964, 0.0 ], [ 119.611447810000072, -9.621316645999968, 0.0 ], [ 119.611541924000107, -9.621380741999928, 0.0 ], [ 119.611801830000104, -9.621277111999973, 0.0 ], [ 119.612016623000045, -9.621075202999975, 0.0 ], [ 119.612317294000036, -9.620805050999934, 0.0 ], [ 119.612548043000061, -9.620424646999936, 0.0 ], [ 119.612703982000085, -9.620285344999957, 0.0 ], [ 119.612812794000092, -9.620072268999934, 0.0 ], [ 119.612836297000058, -9.620013345999951, 0.0 ], [ 119.61305139000001, -9.619958410999971, 0.0 ], [ 119.61327226700007, -9.61983392999997, 0.0 ], [ 119.613355671000022, -9.619807331999937, 0.0 ], [ 119.6134762370001, -9.619853143999933, 0.0 ], [ 119.613705198000048, -9.620015141999943, 0.0 ], [ 119.613806561000047, -9.620121814999948, 0.0 ], [ 119.613950216000035, -9.62029937899996, 0.0 ], [ 119.614194877000045, -9.620401146999939, 0.0 ], [ 119.614337754000076, -9.620460565999963, 0.0 ], [ 119.615085402000091, -9.620669446999955, 0.0 ], [ 119.615210452000042, -9.620770831999948, 0.0 ], [ 119.615360795000015, -9.620890753999959, 0.0 ], [ 119.61550623100004, -9.62093035099997, 0.0 ], [ 119.615680404000045, -9.620927657999971, 0.0 ], [ 119.616075204000026, -9.621068909999963, 0.0 ], [ 119.616306070000064, -9.621128843999941, 0.0 ], [ 119.616537342000015, -9.621146960999965, 0.0 ], [ 119.616750608000075, -9.621245159999944, 0.0 ], [ 119.616795295000088, -9.621383611999931, 0.0 ], [ 119.616884325000115, -9.621520033999957, 0.0 ], [ 119.617180092000012, -9.62155787599994, 0.0 ], [ 119.617331420000028, -9.621628121999947, 0.0 ], [ 119.617434952000053, -9.62266165799997, 0.0 ], [ 119.617447988000094, -9.622786021999957, 0.0 ], [ 119.61769958900004, -9.623879803999955, 0.0 ], [ 119.617920459000061, -9.624543839999944, 0.0 ], [ 119.617989667000074, -9.624704150999946, 0.0 ], [ 119.61811754900009, -9.625000368999963, 0.0 ], [ 119.61826368100003, -9.625835962999929, 0.0 ], [ 119.618475944000011, -9.626934597999934, 0.0 ], [ 119.618791281000085, -9.628566710999962, 0.0 ], [ 119.618996336, -9.629695266999931, 0.0 ], [ 119.6192216930001, -9.630416676999971, 0.0 ], [ 119.619315738000068, -9.630935275999946, 0.0 ], [ 119.619358143000113, -9.631465711999965, 0.0 ], [ 119.619445051000071, -9.632039492999979, 0.0 ], [ 119.61949977900008, -9.632302723999942, 0.0 ], [ 119.619537071000082, -9.632482115999949, 0.0 ], [ 119.619623364000063, -9.632987147999927, 0.0 ], [ 119.619690486000081, -9.633461205999936, 0.0 ], [ 119.619776271000092, -9.633910133999962, 0.0 ], [ 119.619868306000058, -9.63435267899996, 0.0 ], [ 119.620004838000114, -9.634844869999938, 0.0 ], [ 119.620129147000057, -9.63538086799997, 0.0 ], [ 119.620266239000102, -9.635941742999933, 0.0 ], [ 119.620349440000041, -9.636294089999978, 0.0 ], [ 119.620383955000079, -9.63644030599994, 0.0 ], [ 119.620461306000038, -9.636645704999978, 0.0 ], [ 119.620622615000116, -9.637093959999959, 0.0 ], [ 119.620752612000047, -9.637561213999959, 0.0 ], [ 119.620875620000106, -9.637947312999927, 0.0 ], [ 119.62099959000011, -9.63844583599996, 0.0 ], [ 119.621129480000036, -9.638900582999952, 0.0 ], [ 119.62124677700001, -9.639349210999967, 0.0 ], [ 119.621506050000107, -9.640202491999958, 0.0 ], [ 119.621546925000075, -9.640403376999927, 0.0 ], [ 119.621572084000036, -9.640551641999934, 0.0 ], [ 119.621814456000038, -9.641623683999967, 0.0 ], [ 119.622134023000058, -9.642176710999934, 0.0 ], [ 119.62237145600011, -9.64269295899993, 0.0 ], [ 119.622437012000091, -9.642883932999951, 0.0 ], [ 119.622513612000034, -9.643110115999946, 0.0 ], [ 119.622905298000092, -9.643987257999981, 0.0 ], [ 119.623174773000073, -9.644565679999971, 0.0 ], [ 119.623626367000043, -9.644962159999977, 0.0 ], [ 119.623661094000113, -9.644992643999956, 0.0 ], [ 119.623719864, -9.645100614999933, 0.0 ], [ 119.623911753000016, -9.645305865999944, 0.0 ], [ 119.624110572000063, -9.645417798999972, 0.0 ], [ 119.624464206000084, -9.645517283999936, 0.0 ], [ 119.62494670600006, -9.645631156999968, 0.0 ], [ 119.625004378000085, -9.64570862599993, 0.0 ], [ 119.625007480000022, -9.645801357999972, 0.0 ], [ 119.624997535000034, -9.645834867999952, 0.0 ], [ 119.624878351, -9.646305925999968, 0.0 ], [ 119.624929272000031, -9.646635117999949, 0.0 ], [ 119.624999095000021, -9.646821630999966, 0.0 ], [ 119.625296484000046, -9.647483661999956, 0.0 ], [ 119.625779588000114, -9.648563637999928, 0.0 ], [ 119.625806247000014, -9.648592442999927, 0.0 ], [ 119.625997065000092, -9.648798626999962, 0.0 ], [ 119.626285700000039, -9.649018251999962, 0.0 ], [ 119.626644690000035, -9.649192375999974, 0.0 ], [ 119.627229700000044, -9.649412206999955, 0.0 ], [ 119.627532110000061, -9.649465537999959, 0.0 ], [ 119.628426984000043, -9.64962344199995, 0.0 ], [ 119.628622244000098, -9.649683765999953, 0.0 ], [ 119.628783276000036, -9.649690063999969, 0.0 ], [ 119.629043140000022, -9.649689997999928, 0.0 ], [ 119.629104467000047, -9.649771612999928, 0.0 ], [ 119.629096015000073, -9.649882618999982, 0.0 ], [ 119.628991905000021, -9.650107488999936, 0.0 ], [ 119.62883849900004, -9.650367285999948, 0.0 ], [ 119.628851594000025, -9.650493911999945, 0.0 ], [ 119.628941234000081, -9.65064947299993, 0.0 ], [ 119.629069769000012, -9.650718065999968, 0.0 ], [ 119.629365266000036, -9.650775219999957, 0.0 ], [ 119.629678672000068, -9.650775863999968, 0.0 ], [ 119.630103281000061, -9.650807161999978, 0.0 ], [ 119.630096339000033, -9.650900313999955, 0.0 ], [ 119.630003121000072, -9.651125738999951, 0.0 ], [ 119.629823607000048, -9.651413394999963, 0.0 ], [ 119.629789956000081, -9.651551283999936, 0.0 ], [ 119.629810657, -9.651810252999951, 0.0 ], [ 119.629863140000111, -9.652023545999953, 0.0 ], [ 119.62999198600005, -9.652242625999975, 0.0 ], [ 119.63030173300001, -9.652610652999954, 0.0 ], [ 119.630516887000113, -9.652758907999953, 0.0 ], [ 119.630723655000111, -9.65276761399997, 0.0 ], [ 119.630749784000045, -9.652817690999939, 0.0 ], [ 119.63069985900006, -9.652908645999958, 0.0 ], [ 119.630663316000096, -9.653014670999937, 0.0 ], [ 119.630661422000117, -9.653377313999954, 0.0 ], [ 119.630707433000111, -9.653535030999933, 0.0 ], [ 119.630952749000016, -9.654182224999943, 0.0 ], [ 119.631117939000092, -9.654559440999947, 0.0 ], [ 119.631392283000082, -9.654836752999927, 0.0 ], [ 119.631599314000027, -9.654962893999937, 0.0 ], [ 119.631739824000078, -9.655091013999936, 0.0 ], [ 119.631802519000075, -9.65526566799997, 0.0 ], [ 119.631877286000076, -9.655448748999959, 0.0 ], [ 119.631953253, -9.655843773999948, 0.0 ], [ 119.632074066000087, -9.656322134999925, 0.0 ], [ 119.632422365000025, -9.657430158999944, 0.0 ], [ 119.632587349000119, -9.657756664999965, 0.0 ], [ 119.632736525000041, -9.65788637199995, 0.0 ], [ 119.632965115000047, -9.657983176999949, 0.0 ], [ 119.633382430000097, -9.658114987999966, 0.0 ], [ 119.633381520000057, -9.658167120999963, 0.0 ], [ 119.633368044, -9.658522359999949, 0.0 ], [ 119.633385802000021, -9.658718460999978, 0.0 ], [ 119.633418665000022, -9.659080895999978, 0.0 ], [ 119.633493608000094, -9.659330724999961, 0.0 ], [ 119.633599779000065, -9.659700340999962, 0.0 ], [ 119.633726050000064, -9.660083616999941, 0.0 ], [ 119.633752122000033, -9.660285143999943, 0.0 ], [ 119.633785053000111, -9.660659090999957, 0.0 ], [ 119.633785771000021, -9.660950302999936, 0.0 ], [ 119.633780830000092, -9.661642767999979, 0.0 ], [ 119.633876778000058, -9.662442803999966, 0.0 ], [ 119.633886991000054, -9.662472829999956, 0.0 ], [ 119.634040773000038, -9.66289898499997, 0.0 ], [ 119.63410873700002, -9.663154875999965, 0.0 ], [ 119.634161301000063, -9.663292833999947, 0.0 ], [ 119.634285778000049, -9.663478444999953, 0.0 ], [ 119.634312289000036, -9.663486563999982, 0.0 ], [ 119.634498099000098, -9.663586296999938, 0.0 ], [ 119.634547241000064, -9.663623866999956, 0.0 ], [ 119.634242629000028, -9.664216838999948, 0.0 ], [ 119.634123706000082, -9.664545769999961, 0.0 ], [ 119.63389827900005, -9.665764673999945, 0.0 ], [ 119.633940731000052, -9.665755740999941, 0.0 ], [ 119.634082640000088, -9.665533034999953, 0.0 ], [ 119.63443506100009, -9.664987610999958, 0.0 ], [ 119.634639601000117, -9.66490540999996, 0.0 ], [ 119.634891140000036, -9.66515568899996, 0.0 ], [ 119.635201328000107, -9.665840113999934, 0.0 ], [ 119.635449608000044, -9.666050849999976, 0.0 ], [ 119.635879782000075, -9.666397550999932, 0.0 ], [ 119.635995858000115, -9.666582908999942, 0.0 ], [ 119.636163798000098, -9.667004874999975, 0.0 ], [ 119.636189704000117, -9.667297627999972, 0.0 ], [ 119.636194938000017, -9.667356996999956, 0.0 ], [ 119.636188949000029, -9.667828781999958, 0.0 ], [ 119.636189436000109, -9.667940994999981, 0.0 ], [ 119.636190593000038, -9.66822045899994, 0.0 ], [ 119.636276, -9.668851363999977, 0.0 ], [ 119.636421793000068, -9.669618595999964, 0.0 ], [ 119.636565360000077, -9.670373984999969, 0.0 ], [ 119.636690695000084, -9.67066903999995, 0.0 ], [ 119.636752299000023, -9.670814061999977, 0.0 ], [ 119.636901350000016, -9.67116492599996, 0.0 ], [ 119.637068857000031, -9.671371052999973, 0.0 ], [ 119.63725614000009, -9.671472302999973, 0.0 ], [ 119.638561112000048, -9.672028879999971, 0.0 ], [ 119.63885859700008, -9.672290330999942, 0.0 ], [ 119.63902698600009, -9.672535471999936, 0.0 ], [ 119.639162607000117, -9.672835643999974, 0.0 ], [ 119.639189752000107, -9.673045693999939, 0.0 ], [ 119.639452924000011, -9.673045394999974, 0.0 ], [ 119.639504627000065, -9.67303921599995, 0.0 ], [ 119.640551293000044, -9.672914107999929, 0.0 ], [ 119.640654977000054, -9.672871847999943, 0.0 ], [ 119.640990428, -9.672735116999945, 0.0 ], [ 119.641326012000036, -9.672630481999931, 0.0 ], [ 119.641394046000073, -9.672606504999976, 0.0 ], [ 119.641819219000013, -9.672596456999941, 0.0 ], [ 119.641881990000115, -9.672605665999981, 0.0 ], [ 119.642125408000084, -9.67264124299993, 0.0 ], [ 119.642473472, -9.67279859599995, 0.0 ], [ 119.642728551000118, -9.672996252999951, 0.0 ], [ 119.644102269000086, -9.673569991999955, 0.0 ], [ 119.644160913000064, -9.673619414999962, 0.0 ], [ 119.64485752600001, -9.674206712999933, 0.0 ], [ 119.645089944, -9.674378107999928, 0.0 ], [ 119.645514801000104, -9.674691337999946, 0.0 ], [ 119.645661628000084, -9.674784259999967, 0.0 ], [ 119.646313739000107, -9.675196897999967, 0.0 ], [ 119.647090578000075, -9.675577257999976, 0.0 ], [ 119.647137334000035, -9.675600147999944, 0.0 ], [ 119.647980733000054, -9.675820835999957, 0.0 ], [ 119.648029992000033, -9.675833711999928, 0.0 ], [ 119.649522738000087, -9.675572578999947, 0.0 ], [ 119.649731192000104, -9.675658569999939, 0.0 ], [ 119.649939646, -9.675744560999931, 0.0 ], [ 119.650523249000116, -9.675823746999981, 0.0 ], [ 119.651009582000029, -9.675813240999958, 0.0 ], [ 119.65162680200001, -9.675871646999951, 0.0 ], [ 119.651790576000053, -9.675987419999956, 0.0 ], [ 119.652024453000081, -9.67623369699993, 0.0 ], [ 119.652081962000011, -9.676294269999971, 0.0 ], [ 119.652209559000084, -9.676485429999957, 0.0 ], [ 119.652305143000035, -9.67721411399998, 0.0 ], [ 119.652043581000044, -9.678086933999964, 0.0 ], [ 119.651923237, -9.678503844999966, 0.0 ], [ 119.651932180000017, -9.678777854999964, 0.0 ], [ 119.651980520000052, -9.679348373999971, 0.0 ], [ 119.652017345000104, -9.679471081999964, 0.0 ], [ 119.652145117000032, -9.679757398999982, 0.0 ], [ 119.652290239000081, -9.680260209999972, 0.0 ], [ 119.652384901000119, -9.681112741999925, 0.0 ], [ 119.652582516000052, -9.68176251999995, 0.0 ], [ 119.652609020000114, -9.682072805999951, 0.0 ], [ 119.65260609500001, -9.682125308999957, 0.0 ], [ 119.652541555000084, -9.683279415999948, 0.0 ], [ 119.65248400400003, -9.683364765999954, 0.0 ], [ 119.652440883000054, -9.68350957499996, 0.0 ], [ 119.652276285000084, -9.684165309999969, 0.0 ], [ 119.652169151000066, -9.684705368999971, 0.0 ], [ 119.652140332000045, -9.685450249999974, 0.0 ], [ 119.652270898000097, -9.685638703999928, 0.0 ], [ 119.652434147, -9.685777783999981, 0.0 ], [ 119.652675463000037, -9.685990014999959, 0.0 ], [ 119.652770977000046, -9.686098173999937, 0.0 ], [ 119.653033224000069, -9.686326503999965, 0.0 ], [ 119.65332258300009, -9.686486025999955, 0.0 ], [ 119.65356616400004, -9.686530073999961, 0.0 ], [ 119.653850867000074, -9.686538419999977, 0.0 ], [ 119.65439432300002, -9.686570747999951, 0.0 ], [ 119.654953927000065, -9.686718485999961, 0.0 ], [ 119.655277049, -9.686941338999929, 0.0 ], [ 119.65566732100001, -9.687419420999959, 0.0 ], [ 119.65579781800011, -9.68768834399998, 0.0 ], [ 119.655876304000117, -9.688023045999955, 0.0 ], [ 119.655902040000115, -9.688023948999955, 0.0 ], [ 119.656024944000023, -9.68805623999998, 0.0 ], [ 119.656444398000076, -9.688050807999957, 0.0 ], [ 119.656853453000053, -9.687982186999932, 0.0 ], [ 119.656989749000104, -9.68795431999996, 0.0 ], [ 119.657181945000048, -9.687914998999929, 0.0 ], [ 119.65731099300001, -9.687908420999975, 0.0 ], [ 119.657573363000097, -9.688079235999965, 0.0 ], [ 119.657638491000057, -9.688154219999944, 0.0 ], [ 119.657660011000075, -9.688179021999929, 0.0 ], [ 119.657585706000077, -9.688484746999961, 0.0 ], [ 119.657547421000118, -9.688676717999954, 0.0 ], [ 119.657887925000068, -9.688958714999956, 0.0 ], [ 119.65813567400005, -9.68909933499998, 0.0 ], [ 119.659179151000103, -9.689474925999946, 0.0 ], [ 119.659585867000033, -9.689679052999963, 0.0 ], [ 119.660226082, -9.690095145999976, 0.0 ], [ 119.660545357000046, -9.690357710999933, 0.0 ], [ 119.660815621000097, -9.690791022999974, 0.0 ], [ 119.660989995000023, -9.691265353999938, 0.0 ], [ 119.661094455000011, -9.691549177999946, 0.0 ], [ 119.661381772000027, -9.692247491999979, 0.0 ], [ 119.661561051000035, -9.692857572999969, 0.0 ], [ 119.66181296000002, -9.694343232999927, 0.0 ], [ 119.662106552000068, -9.695369997999933, 0.0 ], [ 119.66217086100005, -9.69553218599998, 0.0 ], [ 119.662626048000106, -9.696247716999949, 0.0 ], [ 119.662871040000027, -9.696574337999948, 0.0 ], [ 119.663266729000043, -9.696952521999947, 0.0 ], [ 119.663739769000017, -9.697332087999939, 0.0 ], [ 119.664318174000073, -9.697712430999957, 0.0 ], [ 119.664642892000074, -9.697867154999926, 0.0 ], [ 119.665988375000097, -9.698104671999943, 0.0 ], [ 119.666562102000057, -9.698172040999964, 0.0 ], [ 119.667727573000093, -9.698149993999948, 0.0 ], [ 119.667986739000071, -9.698228183999959, 0.0 ], [ 119.668204239000033, -9.698359743999958, 0.0 ], [ 119.668250054000055, -9.698421214999939, 0.0 ], [ 119.669312024000078, -9.698372240999959, 0.0 ], [ 119.669956015000025, -9.698269177999975, 0.0 ], [ 119.670573865000051, -9.698093302999951, 0.0 ], [ 119.670985735000045, -9.697857792999969, 0.0 ], [ 119.671097220000092, -9.697799371999963, 0.0 ], [ 119.67113912100001, -9.697759476999977, 0.0 ], [ 119.671687869000039, -9.697359154999958, 0.0 ], [ 119.672052982000082, -9.697374067999931, 0.0 ], [ 119.672230762000027, -9.69749477199997, 0.0 ], [ 119.673783152000055, -9.697233679999954, 0.0 ], [ 119.674422058000118, -9.697308247999956, 0.0 ], [ 119.675083297000015, -9.697537645999944, 0.0 ], [ 119.676063550000094, -9.697849960999974, 0.0 ], [ 119.676806433000024, -9.698202898999966, 0.0 ], [ 119.677416704000052, -9.698480641999936, 0.0 ], [ 119.677926875000026, -9.69873079599995, 0.0 ], [ 119.678346022000028, -9.698932299999967, 0.0 ], [ 119.679210088000104, -9.69941941999997, 0.0 ], [ 119.679936903000112, -9.69977569699995, 0.0 ], [ 119.680693520000091, -9.700220996999974, 0.0 ], [ 119.681518393000033, -9.700738927999964, 0.0 ], [ 119.682410865000065, -9.701265755999941, 0.0 ], [ 119.683261306000077, -9.701767490999941, 0.0 ], [ 119.684166798000092, -9.702310116999968, 0.0 ], [ 119.685082204000082, -9.70288136399995, 0.0 ], [ 119.685955174000014, -9.703382895999937, 0.0 ], [ 119.686841049, -9.703896993999933, 0.0 ], [ 119.687736559000086, -9.704407836999962, 0.0 ], [ 119.688442217000102, -9.704783084999974, 0.0 ], [ 119.688790121000011, -9.704968102999942, 0.0 ], [ 119.689836684000056, -9.705474207999941, 0.0 ], [ 119.690971035000075, -9.706185224999956, 0.0 ], [ 119.691033558000072, -9.70622439999994, 0.0 ], [ 119.692110152000055, -9.70683861699996, 0.0 ], [ 119.692294030000085, -9.706933466999942, 0.0 ], [ 119.693147371, -9.707373549999943, 0.0 ], [ 119.69361273800007, -9.70762080399993, 0.0 ], [ 119.693826032000061, -9.707692012999928, 0.0 ], [ 119.694131451000089, -9.707793976999938, 0.0 ], [ 119.694354518000068, -9.70786845899994, 0.0 ], [ 119.695367902000044, -9.707953961999976, 0.0 ], [ 119.69659032800007, -9.708056492999958, 0.0 ], [ 119.6970819390001, -9.70808016899997, 0.0 ], [ 119.697585480000043, -9.708104411999955, 0.0 ], [ 119.697905582000089, -9.708119805999956, 0.0 ], [ 119.699062330000061, -9.708082680999951, 0.0 ], [ 119.700293548000104, -9.708099020999953, 0.0 ], [ 119.700786961000063, -9.708094070999948, 0.0 ], [ 119.701125950000119, -9.708090648999928, 0.0 ], [ 119.702178739000033, -9.708128361999968, 0.0 ], [ 119.702393866000079, -9.708136052999976, 0.0 ], [ 119.702794714000106, -9.708150398999976, 0.0 ], [ 119.703423834000091, -9.708216074999939, 0.0 ], [ 119.703795180000043, -9.70823280299993, 0.0 ], [ 119.704133959000046, -9.708277618999944, 0.0 ], [ 119.704365909000103, -9.708308307999971, 0.0 ], [ 119.704960306000089, -9.708386892999954, 0.0 ], [ 119.705758526000068, -9.708493646999955, 0.0 ], [ 119.706223819000115, -9.708535620999953, 0.0 ], [ 119.706708532000107, -9.708532834999971, 0.0 ], [ 119.70685745000003, -9.708538803999943, 0.0 ], [ 119.707980651000071, -9.708602028999962, 0.0 ], [ 119.708299020000027, -9.708630170999982, 0.0 ], [ 119.708657351000056, -9.708629365999968, 0.0 ], [ 119.708934833000058, -9.708640570999933, 0.0 ], [ 119.709244337000086, -9.708653081999955, 0.0 ], [ 119.710228029000064, -9.708665461999942, 0.0 ], [ 119.711286371000028, -9.708753643999955, 0.0 ], [ 119.711398036000105, -9.708766156999957, 0.0 ], [ 119.712225993000061, -9.708858992999978, 0.0 ], [ 119.713291541000103, -9.709020430999942, 0.0 ], [ 119.71435018000011, -9.709134116999962, 0.0 ], [ 119.715410623000025, -9.709207811999931, 0.0 ], [ 119.715752587000111, -9.709231550999959, 0.0 ], [ 119.715960084000017, -9.709241227999939, 0.0 ], [ 119.716623665000043, -9.709274465999954, 0.0 ], [ 119.716765527, -9.709278745999939, 0.0 ], [ 119.717980518000104, -9.709282397999971, 0.0 ], [ 119.71852620300001, -9.709276873999954, 0.0 ], [ 119.718772607, -9.709274400999959, 0.0 ], [ 119.7189928680001, -9.70927216299998, 0.0 ], [ 119.719450023000036, -9.709302782999941, 0.0 ], [ 119.719950533000087, -9.709336286999928, 0.0 ], [ 119.720192579000013, -9.709352520999971, 0.0 ], [ 119.721321175000071, -9.709392118999972, 0.0 ], [ 119.721439121000117, -9.709404965999965, 0.0 ], [ 119.721990014000085, -9.709464957999955, 0.0 ], [ 119.722634017000019, -9.709535079999966, 0.0 ], [ 119.723347833000048, -9.709559775999935, 0.0 ], [ 119.723987431000069, -9.709559645999946, 0.0 ], [ 119.724159401000065, -9.709561889999975, 0.0 ], [ 119.724453799000116, -9.709565716999975, 0.0 ], [ 119.724810811000111, -9.709570314999951, 0.0 ], [ 119.725481871000056, -9.709544521999931, 0.0 ], [ 119.726111932000094, -9.709550899999954, 0.0 ], [ 119.726529768000091, -9.709553053999969, 0.0 ], [ 119.726928237000038, -9.709542649999946, 0.0 ], [ 119.727466076000042, -9.709429474999979, 0.0 ], [ 119.72743661800007, -9.709594897999978, 0.0 ], [ 119.727347334000115, -9.710290960999941, 0.0 ], [ 119.727315341, -9.710426591999976, 0.0 ], [ 119.727168703000075, -9.711048508999966, 0.0 ], [ 119.727051079000034, -9.711486591999972, 0.0 ], [ 119.726977488000102, -9.71214105599995, 0.0 ], [ 119.72710048600004, -9.71285092599993, 0.0 ], [ 119.727227492000111, -9.71332158499996, 0.0 ], [ 119.727612204000025, -9.714162739999949, 0.0 ], [ 119.727838254000062, -9.715490430999978, 0.0 ], [ 119.728042170000094, -9.715520119999951, 0.0 ], [ 119.728975516000105, -9.715897259999963, 0.0 ], [ 119.729504020000036, -9.716228705999981, 0.0 ], [ 119.729631806000043, -9.716274871999929, 0.0 ], [ 119.729899310000064, -9.71640580899998, 0.0 ], [ 119.730350055000031, -9.716620279999972, 0.0 ], [ 119.730755216000034, -9.716881428999955, 0.0 ], [ 119.731428390000019, -9.717237085999955, 0.0 ], [ 119.731893401000093, -9.717509390999965, 0.0 ], [ 119.732313960000056, -9.717732961999957, 0.0 ], [ 119.732524804000036, -9.717882585999973, 0.0 ], [ 119.732633239000052, -9.718096245999959, 0.0 ], [ 119.73272454500011, -9.718373988999929, 0.0 ], [ 119.732909980000045, -9.71922552999996, 0.0 ], [ 119.733188613000038, -9.719468309999968, 0.0 ], [ 119.733385171, -9.719620622999969, 0.0 ], [ 119.733691335000117, -9.719835862999957, 0.0 ], [ 119.734066622000114, -9.719957475999934, 0.0 ], [ 119.734242390000077, -9.72018084299998, 0.0 ], [ 119.734436203000087, -9.720705711999926, 0.0 ], [ 119.734576982000021, -9.72103677299998, 0.0 ], [ 119.734716682000112, -9.721247147999975, 0.0 ], [ 119.735077168000089, -9.721920835999981, 0.0 ], [ 119.735212586000102, -9.722327924999945, 0.0 ], [ 119.735250331000088, -9.72250764599994, 0.0 ], [ 119.73531786, -9.722733052999956, 0.0 ], [ 119.735520143000031, -9.723133651999945, 0.0 ], [ 119.735679989000118, -9.723551243999964, 0.0 ], [ 119.735945548000018, -9.724086924999938, 0.0 ], [ 119.736113084000067, -9.724358646999974, 0.0 ], [ 119.736613733000013, -9.724929842999927, 0.0 ], [ 119.736747490000084, -9.725023396999973, 0.0 ], [ 119.736978465000107, -9.725060721999967, 0.0 ], [ 119.737173319000021, -9.725121092999927, 0.0 ], [ 119.737362735000033, -9.72523664199997, 0.0 ], [ 119.737502110000037, -9.725398224999935, 0.0 ], [ 119.737577086000101, -9.725485178999975, 0.0 ], [ 119.737707201000035, -9.72576965099995, 0.0 ], [ 119.737954919000117, -9.726580456999955, 0.0 ], [ 119.738226141000041, -9.726913013999933, 0.0 ], [ 119.738407886000118, -9.727153461999933, 0.0 ], [ 119.738608211000042, -9.72711185199995, 0.0 ], [ 119.73896698100009, -9.726901169999962, 0.0 ], [ 119.739066475000072, -9.726788591999934, 0.0 ], [ 119.73922067, -9.726550839999959, 0.0 ], [ 119.739375988, -9.726433588999953, 0.0 ], [ 119.739509099000088, -9.726386509999941, 0.0 ], [ 119.739509137000027, -9.726386532999982, 0.0 ], [ 119.741186417000108, -9.727368126999977, 0.0 ], [ 119.741779051000094, -9.727687722999974, 0.0 ], [ 119.744097355, -9.728937941999959, 0.0 ], [ 119.745807205, -9.729849121999962, 0.0 ], [ 119.747611738000046, -9.730643506999968, 0.0 ], [ 119.748058160000028, -9.73088912999998, 0.0 ], [ 119.748961062000035, -9.731612905999953, 0.0 ], [ 119.749511078000069, -9.732514505999973, 0.0 ], [ 119.749676874000102, -9.733343441999978, 0.0 ], [ 119.749404154000104, -9.733460383999955, 0.0 ], [ 119.749150584000063, -9.733569114999966, 0.0 ], [ 119.748423987000024, -9.73400417299996, 0.0 ], [ 119.747618849000105, -9.734620641999982, 0.0 ], [ 119.747101815000065, -9.735016518999942, 0.0 ], [ 119.746471546000066, -9.735419387999968, 0.0 ], [ 119.745448707000037, -9.736169731999951, 0.0 ], [ 119.745239911000112, -9.736316827999929, 0.0 ], [ 119.743681475000017, -9.737414738999973, 0.0 ], [ 119.741566810000108, -9.738993208999943, 0.0 ], [ 119.740990590000024, -9.739448004999929, 0.0 ], [ 119.73973515900002, -9.740438884999946, 0.0 ], [ 119.736882497000011, -9.742852279999966, 0.0 ], [ 119.735216207, -9.744185202999972, 0.0 ], [ 119.733588239000028, -9.745491039999933, 0.0 ], [ 119.732573278000018, -9.746321508999927, 0.0 ], [ 119.731234657000073, -9.747651794999967, 0.0 ], [ 119.730355399000018, -9.748576792999927, 0.0 ], [ 119.728615679000086, -9.750369263999971, 0.0 ], [ 119.728583229000037, -9.750403236999944, 0.0 ], [ 119.727124676000017, -9.75193024999993, 0.0 ], [ 119.72587817100009, -9.753225572999952, 0.0 ], [ 119.725385046000042, -9.753738010999939, 0.0 ], [ 119.72441450000008, -9.755294829999968, 0.0 ], [ 119.723196292000011, -9.757216985999946, 0.0 ], [ 119.722891428000025, -9.757659278999938, 0.0 ], [ 119.722377929000118, -9.758523971999978, 0.0 ], [ 119.721768816, -9.759485049999967, 0.0 ], [ 119.721121922000066, -9.76054204999997, 0.0 ], [ 119.720588826000039, -9.761368650999941, 0.0 ], [ 119.719019301000117, -9.765141009999979, 0.0 ], [ 119.718466615000011, -9.766440803999956, 0.0 ], [ 119.717486941000061, -9.768744779999963, 0.0 ], [ 119.716601189000016, -9.770740050999962, 0.0 ], [ 119.716464547000101, -9.771047854999949, 0.0 ], [ 119.715936271000032, -9.772471092999979, 0.0 ], [ 119.714169911000113, -9.775755446999938, 0.0 ], [ 119.713012221000099, -9.778021352999929, 0.0 ], [ 119.711891525000055, -9.780095721999942, 0.0 ], [ 119.711189249000086, -9.781462977999979, 0.0 ], [ 119.710315595000111, -9.783095514999957, 0.0 ], [ 119.709507307000081, -9.784905421999952, 0.0 ], [ 119.70950132300004, -9.784918821999952, 0.0 ], [ 119.708024426000065, -9.788236717999951, 0.0 ], [ 119.707891791000065, -9.788534686999981, 0.0 ], [ 119.707153068000025, -9.790166149999948, 0.0 ], [ 119.706206292000047, -9.792296503999978, 0.0 ], [ 119.704918545000055, -9.795179253999947, 0.0 ], [ 119.703725601000087, -9.797866178999925, 0.0 ], [ 119.70300643600001, -9.799535734999949, 0.0 ], [ 119.701523241000018, -9.802098752999939, 0.0 ], [ 119.700834592000092, -9.803274860999977, 0.0 ], [ 119.700126967000074, -9.80448337699994, 0.0 ], [ 119.699925676000021, -9.804827150999927, 0.0 ], [ 119.698633948000065, -9.807227995999938, 0.0 ], [ 119.697093473000109, -9.809867965999956, 0.0 ], [ 119.695899404000102, -9.81196641899993, 0.0 ], [ 119.695781657000111, -9.812173346999941, 0.0 ], [ 119.69562079100001, -9.812409620999972, 0.0 ], [ 119.695438652, -9.812677139999948, 0.0 ], [ 119.695327757000086, -9.812877295999954, 0.0 ], [ 119.694640448000087, -9.81411782999993, 0.0 ], [ 119.693536987000016, -9.81596256399996, 0.0 ], [ 119.693155239000021, -9.816640292999978, 0.0 ], [ 119.692833631000099, -9.817211254999961, 0.0 ], [ 119.69161662800002, -9.81932463499993, 0.0 ], [ 119.691084011000044, -9.820227724999938, 0.0 ], [ 119.689843658000086, -9.821840225999949, 0.0 ], [ 119.689761094000119, -9.821951249999927, 0.0 ], [ 119.689042480000012, -9.822917569999959, 0.0 ], [ 119.688450462000105, -9.823629885999935, 0.0 ], [ 119.687878341000101, -9.824418539999954, 0.0 ], [ 119.687154266000107, -9.825163466999982, 0.0 ], [ 119.686960378000094, -9.825362937999955, 0.0 ], [ 119.68555526800003, -9.826731265999967, 0.0 ], [ 119.685257560000082, -9.827021179999974, 0.0 ], [ 119.684501167, -9.827376797999932, 0.0 ], [ 119.683105991000048, -9.828032737999933, 0.0 ], [ 119.682770856000047, -9.828168781999977, 0.0 ], [ 119.680607326000086, -9.829047037999942, 0.0 ], [ 119.679664499000069, -9.829303130999961, 0.0 ], [ 119.679333227000029, -9.82930575499995, 0.0 ], [ 119.678006225000104, -9.829316267999957, 0.0 ], [ 119.67793723200009, -9.829307028999949, 0.0 ], [ 119.677553141000089, -9.82925559499995, 0.0 ], [ 119.676951091000092, -9.829174974999944, 0.0 ], [ 119.676901414000099, -9.829168322999976, 0.0 ], [ 119.676900908000107, -9.829168254999956, 0.0 ], [ 119.676900611000065, -9.829168214999982, 0.0 ], [ 119.676899419000051, -9.829168054999968, 0.0 ], [ 119.676897577000091, -9.829167808999955, 0.0 ], [ 119.676895492000085, -9.82916752999995, 0.0 ], [ 119.676893738000103, -9.829167294999934, 0.0 ], [ 119.676776048000079, -9.829150299999981, 0.0 ], [ 119.676576790000013, -9.829121525999938, 0.0 ], [ 119.676427905000082, -9.829100025999935, 0.0 ], [ 119.676307082000108, -9.82908257899993, 0.0 ], [ 119.67619968200006, -9.829063760999929, 0.0 ], [ 119.676112862000082, -9.829048548999936, 0.0 ], [ 119.67574193400003, -9.828983556999958, 0.0 ], [ 119.675697745000093, -9.828975814999978, 0.0 ], [ 119.67559132000008, -9.82894719799998, 0.0 ], [ 119.675483419000102, -9.828918183999974, 0.0 ], [ 119.675438049000036, -9.82890598399996, 0.0 ], [ 119.675304469000025, -9.828870064999933, 0.0 ], [ 119.675213342, -9.82884556199997, 0.0 ], [ 119.675133052000092, -9.828823971999952, 0.0 ], [ 119.675132759, -9.828823829999976, 0.0 ], [ 119.675128244, -9.828821636999976, 0.0 ], [ 119.674960176000013, -9.828740021999977, 0.0 ], [ 119.674951181000097, -9.828735653999956, 0.0 ], [ 119.674909759000116, -9.828715538999973, 0.0 ], [ 119.674875015000111, -9.828698666999969, 0.0 ], [ 119.674866377000058, -9.828694471999938, 0.0 ], [ 119.674848450000013, -9.828685765999978, 0.0 ], [ 119.67484601700005, -9.828684584999962, 0.0 ], [ 119.674845548, -9.828684356999929, 0.0 ], [ 119.674838549000015, -9.82868095799995, 0.0 ], [ 119.674837461000038, -9.828680429999963, 0.0 ], [ 119.674836077, -9.828679757999964, 0.0 ], [ 119.674834184000019, -9.828679036999972, 0.0 ], [ 119.674833774000035, -9.828678880999973, 0.0 ], [ 119.674832416000072, -9.828666421999969, 0.0 ], [ 119.67488758200011, -9.828606461999925, 0.0 ], [ 119.675026516000116, -9.828607208999927, 0.0 ], [ 119.675862900000084, -9.828707274999942, 0.0 ], [ 119.676235738000059, -9.828499652999938, 0.0 ], [ 119.676457561, -9.828490010999928, 0.0 ], [ 119.676651488000061, -9.828558278999935, 0.0 ], [ 119.676736117000019, -9.828658755999982, 0.0 ], [ 119.676845994000018, -9.828717347999941, 0.0 ], [ 119.677448926000011, -9.828673076999962, 0.0 ], [ 119.677523061000102, -9.828580489999979, 0.0 ], [ 119.677592151000113, -9.828540153999938, 0.0 ], [ 119.677677852000102, -9.828574992999961, 0.0 ], [ 119.678272595000067, -9.828920169999947, 0.0 ], [ 119.678431740000065, -9.828880153999933, 0.0 ], [ 119.678534471000035, -9.828785271999948, 0.0 ], [ 119.678638549000084, -9.828609066999945, 0.0 ], [ 119.678644201000111, -9.828471244999946, 0.0 ], [ 119.678572649000103, -9.828250685999933, 0.0 ], [ 119.678522230000112, -9.828170481999962, 0.0 ], [ 119.678349273000094, -9.827895385999966, 0.0 ], [ 119.678094186000067, -9.827403472999947, 0.0 ], [ 119.67814705, -9.827367175999939, 0.0 ], [ 119.678278463000083, -9.827359649999948, 0.0 ], [ 119.678427298000088, -9.827417430999958, 0.0 ], [ 119.679025792000061, -9.827798280999957, 0.0 ], [ 119.679503030000092, -9.828220335999958, 0.0 ], [ 119.679762923000112, -9.828491259999964, 0.0 ], [ 119.679922548000036, -9.828589010999963, 0.0 ], [ 119.679995555000119, -9.828600028999972, 0.0 ], [ 119.680140707000078, -9.828621912999949, 0.0 ], [ 119.680293704000064, -9.828562292999948, 0.0 ], [ 119.680528392000042, -9.82838718499994, 0.0 ], [ 119.680543056000033, -9.828287945999932, 0.0 ], [ 119.680465359000095, -9.828136821999976, 0.0 ], [ 119.680270362000101, -9.827966454999967, 0.0 ], [ 119.68009629200003, -9.827769966999938, 0.0 ], [ 119.68006656600005, -9.827656662999971, 0.0 ], [ 119.680118494000112, -9.827594130999955, 0.0 ], [ 119.680225187000019, -9.827558980999981, 0.0 ], [ 119.6803953860001, -9.82759727499996, 0.0 ], [ 119.680642554000087, -9.827703679999956, 0.0 ], [ 119.68069012300009, -9.827799011999957, 0.0 ], [ 119.680739435000078, -9.827936462999958, 0.0 ], [ 119.680849377000072, -9.828023659999928, 0.0 ], [ 119.681049217, -9.828082069999937, 0.0 ], [ 119.681240525000021, -9.828065837999929, 0.0 ], [ 119.681528141000058, -9.827962838999952, 0.0 ], [ 119.681745592000084, -9.827829841999971, 0.0 ], [ 119.682770517000108, -9.827050383999961, 0.0 ], [ 119.68326968000008, -9.826466207999943, 0.0 ], [ 119.683427596000115, -9.826105717999951, 0.0 ], [ 119.683510883000054, -9.825747272999934, 0.0 ], [ 119.6834969680001, -9.825530760999982, 0.0 ], [ 119.68339616500009, -9.825321805999977, 0.0 ], [ 119.683272067000075, -9.825109053999938, 0.0 ], [ 119.68293928300011, -9.824660105999953, 0.0 ], [ 119.682809498000097, -9.824448384999926, 0.0 ], [ 119.682842209000114, -9.824349780999967, 0.0 ], [ 119.682881130000055, -9.824318098999981, 0.0 ], [ 119.682991958000116, -9.82419677799993, 0.0 ], [ 119.683083736000071, -9.824048957999935, 0.0 ], [ 119.683156028000099, -9.824090917999968, 0.0 ], [ 119.683169744000111, -9.82415059899995, 0.0 ], [ 119.683212899000068, -9.824208075999934, 0.0 ], [ 119.683302779000087, -9.824371289999931, 0.0 ], [ 119.683397020000029, -9.824474332999955, 0.0 ], [ 119.683550781, -9.824485605999939, 0.0 ], [ 119.68373723600007, -9.824425728999927, 0.0 ], [ 119.683851087000107, -9.82432052799993, 0.0 ], [ 119.683929265000074, -9.824089997999977, 0.0 ], [ 119.683935298000051, -9.824032896999938, 0.0 ], [ 119.684004153000046, -9.823380933999942, 0.0 ], [ 119.684056723000026, -9.823196734999954, 0.0 ], [ 119.684170912000013, -9.823033275999933, 0.0 ], [ 119.684388523000052, -9.822910929999978, 0.0 ], [ 119.684507677000056, -9.822855898999933, 0.0 ], [ 119.68458208900006, -9.822780589999979, 0.0 ], [ 119.684728996000104, -9.822719783999958, 0.0 ], [ 119.685008578000065, -9.822609418999946, 0.0 ], [ 119.685112673000049, -9.822500241999933, 0.0 ], [ 119.685151164000104, -9.822097992999943, 0.0 ], [ 119.68517315500003, -9.822022104999974, 0.0 ], [ 119.685367394000082, -9.821966334999956, 0.0 ], [ 119.685480654000116, -9.821974629999943, 0.0 ], [ 119.685666732000072, -9.822043151999935, 0.0 ], [ 119.685781124000073, -9.822025288999953, 0.0 ], [ 119.685873883000113, -9.822031564999975, 0.0 ], [ 119.685921797000105, -9.822021261999964, 0.0 ], [ 119.686143964000053, -9.822104210999953, 0.0 ], [ 119.686554110000088, -9.822112131999972, 0.0 ], [ 119.686792143000048, -9.822081598999944, 0.0 ], [ 119.686939573000018, -9.822014605999925, 0.0 ], [ 119.687032784000053, -9.821829846999947, 0.0 ], [ 119.687124540000013, -9.821690462999982, 0.0 ], [ 119.687286721000078, -9.821607037999968, 0.0 ], [ 119.687634510000066, -9.821379848999982, 0.0 ], [ 119.687761071000068, -9.821285930999977, 0.0 ], [ 119.688039959000093, -9.821278018999976, 0.0 ], [ 119.688182571000084, -9.821203204999961, 0.0 ], [ 119.688387209000098, -9.821051128999954, 0.0 ], [ 119.688721840000085, -9.820564100999945, 0.0 ], [ 119.688991880000117, -9.82014980699995, 0.0 ], [ 119.68930876200011, -9.819599894999953, 0.0 ], [ 119.689542207000045, -9.819194834999962, 0.0 ], [ 119.689825367000026, -9.818269150999981, 0.0 ], [ 119.689917668000021, -9.817820755999946, 0.0 ], [ 119.689940146000026, -9.817496379999966, 0.0 ], [ 119.689955431000044, -9.816632411999933, 0.0 ], [ 119.689898391000042, -9.815962211999931, 0.0 ], [ 119.689695574000098, -9.814824143999942, 0.0 ], [ 119.689491893000081, -9.814115211999933, 0.0 ], [ 119.689307225000107, -9.813619990999939, 0.0 ], [ 119.689259732000096, -9.813527068999974, 0.0 ], [ 119.689203629000076, -9.813417256999969, 0.0 ], [ 119.689168405000032, -9.81334835499996, 0.0 ], [ 119.688974064000035, -9.813093767999931, 0.0 ], [ 119.688703945000043, -9.812739921999935, 0.0 ], [ 119.688592404000019, -9.812644810999927, 0.0 ], [ 119.688551680000046, -9.812629293999976, 0.0 ], [ 119.688517783000066, -9.812625332999971, 0.0 ], [ 119.687929, -9.812568968999926, 0.0 ], [ 119.687736001000076, -9.812523975999966, 0.0 ], [ 119.687623683000083, -9.812448521999954, 0.0 ], [ 119.687533840000015, -9.81231569199997, 0.0 ], [ 119.68739980600003, -9.812122331999944, 0.0 ], [ 119.687218373000064, -9.812026786999979, 0.0 ], [ 119.68679011200004, -9.811948818999952, 0.0 ], [ 119.686154001000091, -9.812020851999932, 0.0 ], [ 119.686136719000046, -9.811964798999952, 0.0 ], [ 119.686116688000084, -9.811788584999931, 0.0 ], [ 119.686020368000072, -9.81170855199997, 0.0 ], [ 119.685927193000111, -9.811705535999977, 0.0 ], [ 119.68588236100004, -9.811733679999975, 0.0 ], [ 119.685782360000076, -9.811796426999933, 0.0 ], [ 119.685464948000117, -9.81214117199994, 0.0 ], [ 119.68537466500004, -9.812145928999939, 0.0 ], [ 119.685220113000014, -9.812067553999952, 0.0 ], [ 119.685053905000018, -9.811905628999966, 0.0 ], [ 119.685037881000085, -9.811812127999929, 0.0 ], [ 119.684967952000079, -9.810940892999952, 0.0 ], [ 119.685125935000087, -9.810715082999934, 0.0 ], [ 119.685380477000081, -9.810462294999979, 0.0 ], [ 119.685610825000026, -9.81021280799996, 0.0 ], [ 119.685731756000109, -9.809891411999956, 0.0 ], [ 119.6858813, -9.809388739999974, 0.0 ], [ 119.686044712000012, -9.808777646999943, 0.0 ], [ 119.686222506000036, -9.808367554999961, 0.0 ], [ 119.686294880000105, -9.808242164999967, 0.0 ], [ 119.686481122000032, -9.807919488999971, 0.0 ], [ 119.686571931000117, -9.807605722999938, 0.0 ], [ 119.686576395000088, -9.80731336499997, 0.0 ], [ 119.686493383000084, -9.807025865999947, 0.0 ], [ 119.686221875000115, -9.806351049999932, 0.0 ], [ 119.686028535000105, -9.80612518099997, 0.0 ], [ 119.685821360000091, -9.805809262999958, 0.0 ], [ 119.685676676000071, -9.805463528999951, 0.0 ], [ 119.685529527000085, -9.805182943999966, 0.0 ], [ 119.685424465000096, -9.805103694999957, 0.0 ], [ 119.685157638000078, -9.804931997999972, 0.0 ], [ 119.684939622000115, -9.804689219999943, 0.0 ], [ 119.684357391000049, -9.803861820999941, 0.0 ], [ 119.684099743000047, -9.80362986199998, 0.0 ], [ 119.683873929000015, -9.803490633999957, 0.0 ], [ 119.68373672000007, -9.803471550999973, 0.0 ], [ 119.68337707, -9.803575971999976, 0.0 ], [ 119.683345979000023, -9.80362312799997, 0.0 ], [ 119.683309914, -9.803677850999975, 0.0 ], [ 119.683288621000088, -9.803817803999948, 0.0 ], [ 119.683227186000067, -9.804082153999957, 0.0 ], [ 119.683132145000059, -9.804166656999939, 0.0 ], [ 119.683022376000054, -9.804236335999974, 0.0 ], [ 119.682938223000065, -9.804368710999938, 0.0 ], [ 119.682844270000032, -9.804622639999934, 0.0 ], [ 119.682738418000099, -9.804700115999935, 0.0 ], [ 119.682654117000084, -9.804688165999949, 0.0 ], [ 119.682497909000062, -9.804541037999968, 0.0 ], [ 119.682445912000048, -9.804402566999954, 0.0 ], [ 119.682567051000092, -9.804087864999929, 0.0 ], [ 119.682629256000041, -9.803950045999954, 0.0 ], [ 119.682667887000093, -9.803850126999976, 0.0 ], [ 119.682617615000026, -9.803842851999946, 0.0 ], [ 119.682119202000081, -9.803712896999969, 0.0 ], [ 119.681767087000026, -9.803647035999973, 0.0 ], [ 119.681321909000076, -9.803672100999961, 0.0 ], [ 119.68103905800001, -9.803731396999979, 0.0 ], [ 119.680905013000029, -9.803813237999975, 0.0 ], [ 119.680847256000106, -9.803897115999973, 0.0 ], [ 119.680785081000067, -9.80398736799998, 0.0 ], [ 119.680871429000035, -9.804623330999959, 0.0 ], [ 119.680882752000116, -9.804771315999972, 0.0 ], [ 119.680802390000053, -9.804890383999975, 0.0 ], [ 119.680687730000045, -9.804939536999939, 0.0 ], [ 119.680435892000105, -9.804856032999965, 0.0 ], [ 119.680167556000015, -9.804759112999932, 0.0 ], [ 119.679926168000065, -9.80468005299997, 0.0 ], [ 119.679838706000055, -9.804597913999942, 0.0 ], [ 119.679794027000071, -9.804454956999962, 0.0 ], [ 119.679930069000079, -9.804213939999954, 0.0 ], [ 119.680152304000103, -9.803896429999952, 0.0 ], [ 119.680168764000086, -9.803767164999954, 0.0 ], [ 119.679519188000086, -9.803558239999973, 0.0 ], [ 119.679180349000035, -9.803420990999939, 0.0 ], [ 119.678988118, -9.80334372599998, 0.0 ], [ 119.67894346300011, -9.803325787999938, 0.0 ], [ 119.678734732000066, -9.803299764999963, 0.0 ], [ 119.678385329000093, -9.803473817999929, 0.0 ], [ 119.677985634000038, -9.803688424999962, 0.0 ], [ 119.677665594000018, -9.803990081999927, 0.0 ], [ 119.677453058000083, -9.804110159999937, 0.0 ], [ 119.677216073000068, -9.80414977199996, 0.0 ], [ 119.677007262000075, -9.803970001999971, 0.0 ], [ 119.676714170000082, -9.804057007999972, 0.0 ], [ 119.676614364000102, -9.804071753999949, 0.0 ], [ 119.676541875000112, -9.804035126999963, 0.0 ], [ 119.676576108000063, -9.803878578999957, 0.0 ], [ 119.676635516000033, -9.803693245999966, 0.0 ], [ 119.67626304800001, -9.803206988999932, 0.0 ], [ 119.67613106500005, -9.803091267999946, 0.0 ], [ 119.675969624000118, -9.803023369999948, 0.0 ], [ 119.675842388000092, -9.803034239999931, 0.0 ], [ 119.675399073000108, -9.803357991999974, 0.0 ], [ 119.675032535000014, -9.803651005999939, 0.0 ], [ 119.67491192600005, -9.803717163999977, 0.0 ], [ 119.674707165000086, -9.803678397999931, 0.0 ], [ 119.674635604000059, -9.803567346999955, 0.0 ], [ 119.674618841000097, -9.803385211999966, 0.0 ], [ 119.674786822000101, -9.803136613999982, 0.0 ], [ 119.674862033000068, -9.803010145999963, 0.0 ], [ 119.674928271000113, -9.802856972999962, 0.0 ], [ 119.67517396900007, -9.802625083999942, 0.0 ], [ 119.675430092000056, -9.802371898999979, 0.0 ], [ 119.675519320000035, -9.802238447999969, 0.0 ], [ 119.675520814000038, -9.802023567999981, 0.0 ], [ 119.675457409000046, -9.801835116999939, 0.0 ], [ 119.675268338000024, -9.801616054999954, 0.0 ], [ 119.675197988000036, -9.801565523999955, 0.0 ], [ 119.675109767000095, -9.801502222999943, 0.0 ], [ 119.674629744000072, -9.801393216999941, 0.0 ], [ 119.674404205000087, -9.801255194999953, 0.0 ], [ 119.674071561, -9.800956318999965, 0.0 ], [ 119.674004672000024, -9.800823310999931, 0.0 ], [ 119.674013671000012, -9.80060347899996, 0.0 ], [ 119.674065839000036, -9.80025276799995, 0.0 ], [ 119.674182594000058, -9.799857343999975, 0.0 ], [ 119.674234702000035, -9.799402691999944, 0.0 ], [ 119.67421106300003, -9.799168585999951, 0.0 ], [ 119.674137536000103, -9.799018266999951, 0.0 ], [ 119.67383028200004, -9.798757502999933, 0.0 ], [ 119.673491260000105, -9.798554895999928, 0.0 ], [ 119.673152466000033, -9.798433136999961, 0.0 ], [ 119.673109798000041, -9.798421140999949, 0.0 ], [ 119.672952126000041, -9.798376784999959, 0.0 ], [ 119.67270072000008, -9.797911521999936, 0.0 ], [ 119.672639942000046, -9.79768048699998, 0.0 ], [ 119.672572278000075, -9.797500949999971, 0.0 ], [ 119.672464011000102, -9.797365598999932, 0.0 ], [ 119.672387714000024, -9.797305179999967, 0.0 ], [ 119.67237474600006, -9.797155205999957, 0.0 ], [ 119.672469910000018, -9.796928802999957, 0.0 ], [ 119.672534485000028, -9.796861004999926, 0.0 ], [ 119.672559451000097, -9.796834858999944, 0.0 ], [ 119.67263919800007, -9.79681291299994, 0.0 ], [ 119.672724191000043, -9.796928616999935, 0.0 ], [ 119.672828016000039, -9.797421947999965, 0.0 ], [ 119.672893362000082, -9.79764652199998, 0.0 ], [ 119.672952379000094, -9.797715819999951, 0.0 ], [ 119.673256253000091, -9.797508534999963, 0.0 ], [ 119.673430641000095, -9.797399647999953, 0.0 ], [ 119.673753618000092, -9.797406348999971, 0.0 ], [ 119.674054662000117, -9.797427790999961, 0.0 ], [ 119.674165404000064, -9.79739770599997, 0.0 ], [ 119.674401347000071, -9.797342859999958, 0.0 ], [ 119.674482142000102, -9.797314967999966, 0.0 ], [ 119.674513377000039, -9.797242084999937, 0.0 ], [ 119.674620229000084, -9.796997689999955, 0.0 ], [ 119.674670727000034, -9.796887628999968, 0.0 ], [ 119.674705805000031, -9.796787023999968, 0.0 ], [ 119.675094969000043, -9.796774162999952, 0.0 ], [ 119.676003223000066, -9.796697097999981, 0.0 ], [ 119.676428052, -9.796636014999933, 0.0 ], [ 119.676557068000079, -9.796617472999969, 0.0 ], [ 119.676735583000095, -9.796556443999975, 0.0 ], [ 119.677280253000049, -9.796137224999939, 0.0 ], [ 119.677347167000107, -9.796085726999934, 0.0 ], [ 119.677507243000036, -9.795895817999963, 0.0 ], [ 119.677656457000012, -9.795580514999926, 0.0 ], [ 119.677808518, -9.794631380999931, 0.0 ], [ 119.67791868200004, -9.793943914999943, 0.0 ], [ 119.677990512000065, -9.793604554999945, 0.0 ], [ 119.678153536000082, -9.79321988199996, 0.0 ], [ 119.678492549000111, -9.792671321999933, 0.0 ], [ 119.67864772900009, -9.79239457999995, 0.0 ], [ 119.678788864000012, -9.791951569999981, 0.0 ], [ 119.678821641000013, -9.791145911999934, 0.0 ], [ 119.678762973000062, -9.790405757999963, 0.0 ], [ 119.678750502000071, -9.790248500999951, 0.0 ], [ 119.678674710000109, -9.789937309999971, 0.0 ], [ 119.678536878000045, -9.789696606999939, 0.0 ], [ 119.678221295000071, -9.789373127999966, 0.0 ], [ 119.677773589000026, -9.789046851999956, 0.0 ], [ 119.677269831000103, -9.788601536999977, 0.0 ], [ 119.677086268000039, -9.788480328999981, 0.0 ], [ 119.676935919000016, -9.788433952999981, 0.0 ], [ 119.676853626000025, -9.788459412999941, 0.0 ], [ 119.676769559000036, -9.788570991999961, 0.0 ], [ 119.676718632000075, -9.788753842999938, 0.0 ], [ 119.676651690000085, -9.788857520999954, 0.0 ], [ 119.676514956, -9.788865428999941, 0.0 ], [ 119.676375974000052, -9.78879528799996, 0.0 ], [ 119.676214811000023, -9.788593785999979, 0.0 ], [ 119.676186160000043, -9.788476017999926, 0.0 ], [ 119.676186705000077, -9.788337909999939, 0.0 ], [ 119.676052925000022, -9.788236505999976, 0.0 ], [ 119.675886615000081, -9.787891804999958, 0.0 ], [ 119.675693744000114, -9.78759281899994, 0.0 ], [ 119.675575268000102, -9.787414897999952, 0.0 ], [ 119.67523170000004, -9.786994974999971, 0.0 ], [ 119.674981596000066, -9.786774333999972, 0.0 ], [ 119.674753447000057, -9.786593151999966, 0.0 ], [ 119.674544276, -9.786414017999959, 0.0 ], [ 119.674300287000051, -9.786274564999928, 0.0 ], [ 119.67381158, -9.786265508999975, 0.0 ], [ 119.673547012000085, -9.786253410999961, 0.0 ], [ 119.673310689000118, -9.786188145999972, 0.0 ], [ 119.673122159000059, -9.78605872299994, 0.0 ], [ 119.672938223000074, -9.785824585999933, 0.0 ], [ 119.672889708000071, -9.785705392999944, 0.0 ], [ 119.672935050000092, -9.785593366999933, 0.0 ], [ 119.673214254000072, -9.785482300999945, 0.0 ], [ 119.673306987000046, -9.785446040999943, 0.0 ], [ 119.673360048000063, -9.785342920999938, 0.0 ], [ 119.673342109000032, -9.785184021999953, 0.0 ], [ 119.673097390000066, -9.78495186899994, 0.0 ], [ 119.672946442000011, -9.784818892999965, 0.0 ], [ 119.672912796000105, -9.78474369099996, 0.0 ], [ 119.672879894000062, -9.784670053999946, 0.0 ], [ 119.672883545000104, -9.78455668099997, 0.0 ], [ 119.673004565000042, -9.784394661999954, 0.0 ], [ 119.673085096000023, -9.784279110999933, 0.0 ], [ 119.673092708000013, -9.784049333999974, 0.0 ], [ 119.67310701100007, -9.783617099999958, 0.0 ], [ 119.673022343000071, -9.78313563699993, 0.0 ], [ 119.672861733000104, -9.782785, 0.0 ], [ 119.672608122000042, -9.782369873999926, 0.0 ], [ 119.672166517000051, -9.781860630999972, 0.0 ], [ 119.671783155000071, -9.781534409999949, 0.0 ], [ 119.671309808000046, -9.781131652999932, 0.0 ], [ 119.671051705000082, -9.780947804999926, 0.0 ], [ 119.670286941000086, -9.780581392999977, 0.0 ], [ 119.669515396000065, -9.780281938999963, 0.0 ], [ 119.668409257, -9.779924178999977, 0.0 ], [ 119.667543004000095, -9.779669537999951, 0.0 ], [ 119.667018594000069, -9.779517689999977, 0.0 ], [ 119.666969017000042, -9.779503346999945, 0.0 ], [ 119.66651769200007, -9.779304603999947, 0.0 ], [ 119.665828337000107, -9.778944273999969, 0.0 ], [ 119.665070008000043, -9.778556038999966, 0.0 ], [ 119.663806468000075, -9.778135835999933, 0.0 ], [ 119.663511564000032, -9.778003427999977, 0.0 ], [ 119.662457705000065, -9.777426709999929, 0.0 ], [ 119.661726028000089, -9.77709681999994, 0.0 ], [ 119.661131433000037, -9.77688933099995, 0.0 ], [ 119.659977047000098, -9.77658667299994, 0.0 ], [ 119.659628499000064, -9.776529317999973, 0.0 ], [ 119.659069014000011, -9.77655270899993, 0.0 ], [ 119.658318423000082, -9.776593799999944, 0.0 ], [ 119.65763439300008, -9.776520489999939, 0.0 ], [ 119.657165360000022, -9.776405602999944, 0.0 ], [ 119.65682253500006, -9.776263582999945, 0.0 ], [ 119.656458230000112, -9.776109746999964, 0.0 ], [ 119.656098009000061, -9.775998129999948, 0.0 ], [ 119.655679618000022, -9.775952424999957, 0.0 ], [ 119.655123121000088, -9.775972361999948, 0.0 ], [ 119.654528362000065, -9.776057110999943, 0.0 ], [ 119.653507938000075, -9.776337661999946, 0.0 ], [ 119.652108071000043, -9.776937274999966, 0.0 ], [ 119.651482140000098, -9.777291757999933, 0.0 ], [ 119.650937573000078, -9.777634271999943, 0.0 ], [ 119.650371956000072, -9.778135033999945, 0.0 ], [ 119.65005071500002, -9.778599862999954, 0.0 ], [ 119.649977885000112, -9.77875256699997, 0.0 ], [ 119.649997383000027, -9.778868768999928, 0.0 ], [ 119.650007762000087, -9.778930736999939, 0.0 ], [ 119.650111310000057, -9.779182945999935, 0.0 ], [ 119.650156268000046, -9.779410063999933, 0.0 ], [ 119.650139922000108, -9.779715110999973, 0.0 ], [ 119.649798781000072, -9.780240396999943, 0.0 ], [ 119.649669877000065, -9.780451675999927, 0.0 ], [ 119.649612308000087, -9.780656320999981, 0.0 ], [ 119.649708474000022, -9.781201675999966, 0.0 ], [ 119.649816840000085, -9.781593008999948, 0.0 ], [ 119.649837709000053, -9.781904381999937, 0.0 ], [ 119.64975047900009, -9.78230070199993, 0.0 ], [ 119.649656785000047, -9.78250398199998, 0.0 ], [ 119.649576639000088, -9.782600527999932, 0.0 ], [ 119.64843033000011, -9.782685949999973, 0.0 ], [ 119.648049018000052, -9.782703416999937, 0.0 ], [ 119.647435231000031, -9.782939177999936, 0.0 ], [ 119.647220924000067, -9.783052474999977, 0.0 ], [ 119.646971452000116, -9.783319654999957, 0.0 ], [ 119.646917144000099, -9.783468905999939, 0.0 ], [ 119.646590247000063, -9.784367440999972, 0.0 ], [ 119.646548455000016, -9.784612643999935, 0.0 ], [ 119.646659548000116, -9.785266383999954, 0.0 ], [ 119.646719589000099, -9.785452882999948, 0.0 ], [ 119.64715078200004, -9.786078475999943, 0.0 ], [ 119.647534034000046, -9.786511622999967, 0.0 ], [ 119.647873369000081, -9.787139461999971, 0.0 ], [ 119.647990278000066, -9.787401050999961, 0.0 ], [ 119.648203133000038, -9.78767277399993, 0.0 ], [ 119.648590796, -9.787958881999941, 0.0 ], [ 119.64886616900003, -9.788071141999978, 0.0 ], [ 119.649180507000096, -9.788202705999936, 0.0 ], [ 119.64944635400002, -9.788300988999936, 0.0 ], [ 119.649518705000105, -9.788378071999944, 0.0 ], [ 119.649545831000069, -9.788473048999947, 0.0 ], [ 119.6496082970001, -9.78851655699998, 0.0 ], [ 119.649729301000093, -9.788433379999958, 0.0 ], [ 119.649827861000063, -9.788356753999949, 0.0 ], [ 119.649974698000051, -9.788383136999926, 0.0 ], [ 119.650012852000032, -9.788492490999943, 0.0 ], [ 119.649899417000029, -9.788881472999947, 0.0 ], [ 119.649777814000117, -9.789059557999963, 0.0 ], [ 119.649596366000083, -9.789281893999942, 0.0 ], [ 119.649422032000075, -9.789552710999942, 0.0 ], [ 119.649240395000106, -9.789747318999957, 0.0 ], [ 119.649071530000015, -9.78987264999995, 0.0 ], [ 119.648854596000092, -9.789948124999967, 0.0 ], [ 119.648707847000082, -9.789944567999953, 0.0 ], [ 119.648674200000073, -9.789912278999964, 0.0 ], [ 119.648709456, -9.789795844999958, 0.0 ], [ 119.648601564000046, -9.789752220999958, 0.0 ], [ 119.647816024, -9.789799137999978, 0.0 ], [ 119.64752520400009, -9.78986972499996, 0.0 ], [ 119.647413377000021, -9.789953320999928, 0.0 ], [ 119.647302, -9.790122960999952, 0.0 ], [ 119.647257113000023, -9.790313212999934, 0.0 ], [ 119.647234577000063, -9.790547957999934, 0.0 ], [ 119.646859464000045, -9.790916394999954, 0.0 ], [ 119.646741027000076, -9.791041247999942, 0.0 ], [ 119.646667575000038, -9.791209315999936, 0.0 ], [ 119.646633309000094, -9.791513393999935, 0.0 ], [ 119.646707289, -9.791903337999941, 0.0 ], [ 119.646713927000064, -9.792463305999945, 0.0 ], [ 119.646678851000047, -9.792676308999944, 0.0 ], [ 119.646562331000041, -9.792897447999962, 0.0 ], [ 119.646035409000092, -9.793374195999945, 0.0 ], [ 119.6459072990001, -9.793435089999946, 0.0 ], [ 119.645757562000085, -9.793436965999945, 0.0 ], [ 119.645619084000032, -9.793368520999934, 0.0 ], [ 119.645403565000038, -9.793166669999948, 0.0 ], [ 119.644915846000117, -9.792979070999934, 0.0 ], [ 119.644664509000108, -9.792887275999931, 0.0 ], [ 119.644569323000042, -9.792801005999934, 0.0 ], [ 119.644447906000096, -9.792297306999956, 0.0 ], [ 119.644418642000119, -9.792201346999946, 0.0 ], [ 119.644330731000082, -9.792158367999946, 0.0 ], [ 119.644227937000096, -9.792178331999935, 0.0 ], [ 119.644137046000083, -9.792597236999939, 0.0 ], [ 119.644040894000113, -9.792906461999962, 0.0 ], [ 119.643914315000075, -9.793110300999956, 0.0 ], [ 119.64383539500011, -9.793172115999937, 0.0 ], [ 119.643691618000048, -9.793177817999947, 0.0 ], [ 119.643522230000031, -9.793109260999927, 0.0 ], [ 119.643352613000047, -9.79297072199995, 0.0 ], [ 119.643208661000017, -9.792697818999955, 0.0 ], [ 119.643144755000094, -9.792550959999971, 0.0 ], [ 119.6430190640001, -9.792445463999968, 0.0 ], [ 119.642661361000023, -9.792341972999964, 0.0 ], [ 119.642426731000114, -9.792327578999959, 0.0 ], [ 119.642176766000034, -9.792375752999931, 0.0 ], [ 119.640810067000075, -9.793090522999933, 0.0 ], [ 119.640157361000092, -9.793345049999971, 0.0 ], [ 119.639126433000115, -9.793827659999977, 0.0 ], [ 119.63752463700007, -9.794727830999932, 0.0 ], [ 119.636347015000069, -9.795414301999926, 0.0 ], [ 119.634545098000103, -9.796161438999945, 0.0 ], [ 119.633943646000034, -9.79635669399994, 0.0 ], [ 119.633116353000105, -9.796657205999963, 0.0 ], [ 119.632469331000038, -9.796805845999927, 0.0 ], [ 119.632073943000023, -9.796972671999981, 0.0 ], [ 119.631628477000049, -9.797258302999978, 0.0 ], [ 119.630689759, -9.798051827999927, 0.0 ], [ 119.629569472000071, -9.798899324999979, 0.0 ], [ 119.628215862000047, -9.799680424999963, 0.0 ], [ 119.627948628000013, -9.79980132399993, 0.0 ], [ 119.627892741000096, -9.799816912999972, 0.0 ], [ 119.627857554000116, -9.799818665999965, 0.0 ], [ 119.626416643000084, -9.80001687999993, 0.0 ], [ 119.625814407, -9.799980158999972, 0.0 ], [ 119.625355477000085, -9.799929926999937, 0.0 ], [ 119.624998498000082, -9.799908693999953, 0.0 ], [ 119.62466520800001, -9.799888860999943, 0.0 ], [ 119.623789535000014, -9.799923677999971, 0.0 ], [ 119.623661048000031, -9.800037484999962, 0.0 ], [ 119.623631743000033, -9.800132302999941, 0.0 ], [ 119.623591267000052, -9.800381161999951, 0.0 ], [ 119.623484428000097, -9.800404614999934, 0.0 ], [ 119.62331138400009, -9.800382173999935, 0.0 ], [ 119.623063762000015, -9.800218711999946, 0.0 ], [ 119.622930797000095, -9.800155084999972, 0.0 ], [ 119.622556344000031, -9.800115930999937, 0.0 ], [ 119.62192329100003, -9.800078710999969, 0.0 ], [ 119.62164141400001, -9.80005246199994, 0.0 ], [ 119.621522536000043, -9.80008958999997, 0.0 ], [ 119.621489146000044, -9.80019191699995, 0.0 ], [ 119.621375415000102, -9.800642959999948, 0.0 ], [ 119.621224053000105, -9.80089772599996, 0.0 ], [ 119.621099031000085, -9.80089993799993, 0.0 ], [ 119.620962824000117, -9.800816794999946, 0.0 ], [ 119.620943731000011, -9.80073643299994, 0.0 ], [ 119.620980037000095, -9.800642147999952, 0.0 ], [ 119.62096796000003, -9.800548744999958, 0.0 ], [ 119.620786083000098, -9.800346009999942, 0.0 ], [ 119.620544847000019, -9.800266401999977, 0.0 ], [ 119.620266684000057, -9.800165809999953, 0.0 ], [ 119.619735724000066, -9.799961457999927, 0.0 ], [ 119.619458599000041, -9.799868901999957, 0.0 ], [ 119.619106785000099, -9.799676861999956, 0.0 ], [ 119.618887694000023, -9.79946179999996, 0.0 ], [ 119.618759209000018, -9.799346389999926, 0.0 ], [ 119.617860991000043, -9.798565835999966, 0.0 ], [ 119.61696181700006, -9.796846862999928, 0.0 ], [ 119.616636087000074, -9.796055945999967, 0.0 ], [ 119.616525355000022, -9.795816725999941, 0.0 ], [ 119.616040831000078, -9.794683048999957, 0.0 ], [ 119.615699195000047, -9.793468393999945, 0.0 ], [ 119.61560139900007, -9.793184037999936, 0.0 ], [ 119.61542600700011, -9.792596770999978, 0.0 ], [ 119.615389625000034, -9.791560539999978, 0.0 ], [ 119.615353719000041, -9.791301414999964, 0.0 ], [ 119.615269409, -9.791164160999926, 0.0 ], [ 119.615136135000057, -9.790955026999939, 0.0 ], [ 119.615022315000033, -9.790807663999942, 0.0 ], [ 119.614836084000103, -9.790672948999941, 0.0 ], [ 119.614733766000086, -9.790708644999938, 0.0 ], [ 119.614470467000046, -9.790757048999978, 0.0 ], [ 119.614271833000089, -9.790644863999944, 0.0 ], [ 119.614154359000054, -9.790515017999951, 0.0 ], [ 119.614129440000056, -9.790370381999935, 0.0 ], [ 119.61416753200001, -9.790040654999927, 0.0 ], [ 119.614253174000055, -9.789928892999967, 0.0 ], [ 119.614452837000044, -9.789782424999942, 0.0 ], [ 119.614601189000041, -9.789772725999967, 0.0 ], [ 119.615229004000071, -9.789872252999942, 0.0 ], [ 119.615420601000096, -9.789973308999947, 0.0 ], [ 119.615599959000065, -9.790103789999932, 0.0 ], [ 119.615995283000075, -9.790447835999942, 0.0 ], [ 119.616323668000064, -9.790694273999975, 0.0 ], [ 119.61644448900006, -9.790750693999939, 0.0 ], [ 119.616818306000027, -9.790837911999972, 0.0 ], [ 119.616983890000029, -9.790803016999973, 0.0 ], [ 119.617258674000027, -9.790815756999962, 0.0 ], [ 119.618370285000083, -9.791298319999953, 0.0 ], [ 119.618413880000048, -9.791404676999946, 0.0 ], [ 119.618442033000065, -9.791435932999946, 0.0 ], [ 119.61845053400009, -9.791480113999967, 0.0 ], [ 119.618448911000087, -9.791525812999964, 0.0 ], [ 119.618445763000068, -9.79157199499997, 0.0 ], [ 119.618449188000113, -9.791622237999945, 0.0 ], [ 119.618484109000065, -9.791659954999943, 0.0 ], [ 119.618530987000099, -9.791661087999955, 0.0 ], [ 119.620334859000081, -9.791629487999955, 0.0 ], [ 119.620533488000092, -9.791535427999975, 0.0 ], [ 119.621035326000083, -9.791205060999971, 0.0 ], [ 119.621355582000092, -9.790928959999974, 0.0 ], [ 119.621697908000101, -9.79050403399998, 0.0 ], [ 119.622070252000071, -9.789886427999932, 0.0 ], [ 119.622461394000084, -9.788891329999956, 0.0 ], [ 119.622534800000039, -9.788279067999952, 0.0 ], [ 119.622498957000062, -9.788043054999946, 0.0 ], [ 119.622340058000077, -9.78760387799997, 0.0 ], [ 119.622157718000039, -9.787196617999939, 0.0 ], [ 119.621947528000078, -9.787011070999938, 0.0 ], [ 119.621693270000037, -9.786874160999957, 0.0 ], [ 119.621587299000112, -9.786911705999955, 0.0 ], [ 119.621550003000038, -9.787017054999978, 0.0 ], [ 119.621488114000044, -9.787208677999956, 0.0 ], [ 119.621395181000025, -9.787275182999963, 0.0 ], [ 119.621142893000069, -9.787409389999937, 0.0 ], [ 119.620964794000088, -9.787403524999945, 0.0 ], [ 119.620812076000107, -9.787342174999935, 0.0 ], [ 119.620736254, -9.787264049999976, 0.0 ], [ 119.620722852000085, -9.787154586999975, 0.0 ], [ 119.62078460500004, -9.786980021999966, 0.0 ], [ 119.620866346000071, -9.786865753999962, 0.0 ], [ 119.620871914000077, -9.786783441999944, 0.0 ], [ 119.620821191000118, -9.786735284999963, 0.0 ], [ 119.620669975000055, -9.78669928599993, 0.0 ], [ 119.620514503000095, -9.786735610999926, 0.0 ], [ 119.62038589000008, -9.786759716999939, 0.0 ], [ 119.620271107, -9.786722461999943, 0.0 ], [ 119.620092747000058, -9.786592362999954, 0.0 ], [ 119.619886056000041, -9.786333862999982, 0.0 ], [ 119.619854681000106, -9.786164099999951, 0.0 ], [ 119.619904842000096, -9.785996548999947, 0.0 ], [ 119.619968481000114, -9.785746695999933, 0.0 ], [ 119.619931885000028, -9.785538765999945, 0.0 ], [ 119.619767649000096, -9.785003252999957, 0.0 ], [ 119.61988851600006, -9.783868512999959, 0.0 ], [ 119.620001540000089, -9.783793404999926, 0.0 ], [ 119.620394564000094, -9.783677191999971, 0.0 ], [ 119.620789362000096, -9.783658240999955, 0.0 ], [ 119.62119214300003, -9.783695268999963, 0.0 ], [ 119.621267362000026, -9.783753784999931, 0.0 ], [ 119.62138526800004, -9.783972925999933, 0.0 ], [ 119.621321567000109, -9.784159537999926, 0.0 ], [ 119.621270869000114, -9.784340144999931, 0.0 ], [ 119.621307129000115, -9.78446622499996, 0.0 ], [ 119.621520191000059, -9.784657583999945, 0.0 ], [ 119.621680032000086, -9.784697011999981, 0.0 ], [ 119.621997886000031, -9.784689406999973, 0.0 ], [ 119.622580741000093, -9.784555934999958, 0.0 ], [ 119.622997075000058, -9.78463702199997, 0.0 ], [ 119.623088837000068, -9.784574220999957, 0.0 ], [ 119.623315799000011, -9.784467739999968, 0.0 ], [ 119.623363016000098, -9.784531242999947, 0.0 ], [ 119.623570002000065, -9.784815661999971, 0.0 ], [ 119.623733028000061, -9.784799677999956, 0.0 ], [ 119.623856363000073, -9.784689506999939, 0.0 ], [ 119.623938703000022, -9.784583038999926, 0.0 ], [ 119.624118190000104, -9.784381381999935, 0.0 ], [ 119.624317008000048, -9.784134368999958, 0.0 ], [ 119.624685471000021, -9.783541834999937, 0.0 ], [ 119.624860159000036, -9.783336624999947, 0.0 ], [ 119.624998785000116, -9.783186372999978, 0.0 ], [ 119.625073974000088, -9.783104849999972, 0.0 ], [ 119.625223263000066, -9.782819038999946, 0.0 ], [ 119.625318429000117, -9.782612427999936, 0.0 ], [ 119.62544368500005, -9.782412925999949, 0.0 ], [ 119.625564064000059, -9.782233486999928, 0.0 ], [ 119.625779567000109, -9.781936414999961, 0.0 ], [ 119.625911176000045, -9.781638509999937, 0.0 ], [ 119.626029191000043, -9.781326520999926, 0.0 ], [ 119.626164287000051, -9.781015602999958, 0.0 ], [ 119.626415900000097, -9.780634661999954, 0.0 ], [ 119.626640349000013, -9.780464244999962, 0.0 ], [ 119.62687750300006, -9.780279010999948, 0.0 ], [ 119.626921036000113, -9.780212585999948, 0.0 ], [ 119.626986722000083, -9.780156759999954, 0.0 ], [ 119.62764053300009, -9.778943331999926, 0.0 ], [ 119.627865382000095, -9.778128760999948, 0.0 ], [ 119.627905840000039, -9.777957226999945, 0.0 ], [ 119.62800650500003, -9.777314272999945, 0.0 ], [ 119.628003876000093, -9.777120184999944, 0.0 ], [ 119.627910081000095, -9.776962991999937, 0.0 ], [ 119.627773143000013, -9.77690574199994, 0.0 ], [ 119.627425856000059, -9.776760581999952, 0.0 ], [ 119.62694062300011, -9.776561485999935, 0.0 ], [ 119.626806622000117, -9.776476053999943, 0.0 ], [ 119.626390574000084, -9.776210707999951, 0.0 ], [ 119.625725252000052, -9.775534101999938, 0.0 ], [ 119.625542554000049, -9.77529545699997, 0.0 ], [ 119.625477909000097, -9.775112440999976, 0.0 ], [ 119.625557782000101, -9.774654725999937, 0.0 ], [ 119.625586661000057, -9.774443701999928, 0.0 ], [ 119.625790752000057, -9.773885161999942, 0.0 ], [ 119.625831438000091, -9.773691457999973, 0.0 ], [ 119.625885738000079, -9.773615555999982, 0.0 ], [ 119.626246238000022, -9.773660253999935, 0.0 ], [ 119.626607408000041, -9.773759540999947, 0.0 ], [ 119.627131526000085, -9.773879671999964, 0.0 ], [ 119.62739091200001, -9.773879740999973, 0.0 ], [ 119.627623318000019, -9.77380467699993, 0.0 ], [ 119.627911148000067, -9.773564551999925, 0.0 ], [ 119.628155144000061, -9.773281660999942, 0.0 ], [ 119.628302602000076, -9.77299705799993, 0.0 ], [ 119.628414211000063, -9.772568971999931, 0.0 ], [ 119.628448074000062, -9.771317193999948, 0.0 ], [ 119.628341103000025, -9.770333671999936, 0.0 ], [ 119.628326507000111, -9.769897001999936, 0.0 ], [ 119.628294431000086, -9.769628759999932, 0.0 ], [ 119.628197235000016, -9.769449771999973, 0.0 ], [ 119.627810144000023, -9.769052297999963, 0.0 ], [ 119.627774389000024, -9.768981253999925, 0.0 ], [ 119.627687783000056, -9.768671901999937, 0.0 ], [ 119.627594159000068, -9.768398846999958, 0.0 ], [ 119.62755150800001, -9.768321159999971, 0.0 ], [ 119.627412244000084, -9.767996971999935, 0.0 ], [ 119.627346293000073, -9.767974944999935, 0.0 ], [ 119.627255792000028, -9.767894766999973, 0.0 ], [ 119.627003976000083, -9.767624146999935, 0.0 ], [ 119.626911426000106, -9.767593741999974, 0.0 ], [ 119.62670791000005, -9.767165924999972, 0.0 ], [ 119.626597917000026, -9.767027623999979, 0.0 ], [ 119.626375152000037, -9.766836631999979, 0.0 ], [ 119.626165891000028, -9.766720351999936, 0.0 ], [ 119.625067166, -9.766087963999951, 0.0 ], [ 119.624999304000085, -9.766048814999976, 0.0 ], [ 119.62405035200004, -9.765501535999931, 0.0 ], [ 119.623734821000085, -9.765379974999973, 0.0 ], [ 119.623488207000037, -9.765240104999975, 0.0 ], [ 119.623375132000092, -9.765169079999964, 0.0 ], [ 119.623234978000028, -9.765081045999978, 0.0 ], [ 119.623231504000046, -9.765078863999975, 0.0 ], [ 119.622263561000068, -9.764539479999939, 0.0 ], [ 119.62132129400004, -9.764158766999969, 0.0 ], [ 119.620759741000029, -9.763882748999947, 0.0 ], [ 119.619922171000098, -9.763578177999932, 0.0 ], [ 119.619255922000093, -9.763340231999962, 0.0 ], [ 119.618913800000087, -9.763282244999971, 0.0 ], [ 119.618694369000082, -9.763245053999981, 0.0 ], [ 119.617733067000017, -9.762873857999978, 0.0 ], [ 119.61680031800006, -9.762988071999928, 0.0 ], [ 119.616286355000057, -9.763178428999936, 0.0 ], [ 119.615496374000031, -9.763416374999963, 0.0 ], [ 119.614849160000063, -9.763625766999951, 0.0 ], [ 119.614641894000101, -9.763754074999952, 0.0 ], [ 119.61444941100001, -9.763873230999934, 0.0 ], [ 119.614106768000056, -9.76425394499995, 0.0 ], [ 119.614090209000096, -9.764382274999946, 0.0 ], [ 119.614068697000107, -9.764548997999952, 0.0 ], [ 119.614316778000102, -9.764805082999942, 0.0 ], [ 119.614316846000065, -9.764805850999949, 0.0 ], [ 119.614438775000053, -9.764979084999936, 0.0 ], [ 119.614584874000116, -9.765299207999931, 0.0 ], [ 119.614643632000025, -9.765532784999948, 0.0 ], [ 119.614666776000035, -9.765801928999963, 0.0 ], [ 119.614742086000092, -9.765926982999929, 0.0 ], [ 119.614819827000019, -9.766002976999971, 0.0 ], [ 119.614784785000097, -9.766118864999953, 0.0 ], [ 119.614724505000027, -9.76633258399994, 0.0 ], [ 119.614684734000093, -9.766524758999935, 0.0 ], [ 119.614602679000086, -9.766596049999976, 0.0 ], [ 119.614453867000066, -9.766583648999926, 0.0 ], [ 119.61435979700002, -9.766554024999948, 0.0 ], [ 119.614205534, -9.766518411999925, 0.0 ], [ 119.613975543000038, -9.766693819999944, 0.0 ], [ 119.613881090000064, -9.766880346999926, 0.0 ], [ 119.613861919000101, -9.767061024999975, 0.0 ], [ 119.61384350600008, -9.767332589999967, 0.0 ], [ 119.61369482900011, -9.767749898999966, 0.0 ], [ 119.61362856300002, -9.76790280299997, 0.0 ], [ 119.613419152, -9.768280879999963, 0.0 ], [ 119.613352401000043, -9.768428300999972, 0.0 ], [ 119.613214319, -9.768880254999942, 0.0 ], [ 119.613161048000052, -9.769080926999948, 0.0 ], [ 119.613260974000013, -9.769493863999969, 0.0 ], [ 119.61329691100002, -9.769712321999975, 0.0 ], [ 119.613188363000063, -9.770053880999967, 0.0 ], [ 119.613034693000031, -9.770256894999932, 0.0 ], [ 119.612937597000041, -9.770370023999931, 0.0 ], [ 119.612882440000021, -9.770495382999968, 0.0 ], [ 119.612627351000015, -9.770759239999961, 0.0 ], [ 119.612459746000013, -9.771010555999965, 0.0 ], [ 119.612349386, -9.771084444999929, 0.0 ], [ 119.612323449000087, -9.77113959999997, 0.0 ], [ 119.612337338000088, -9.771250089999967, 0.0 ], [ 119.612209281000105, -9.771318462999943, 0.0 ], [ 119.612173641000027, -9.771411736999937, 0.0 ], [ 119.612133282000059, -9.771503021999933, 0.0 ], [ 119.612015983000106, -9.771562069999959, 0.0 ], [ 119.611807565000049, -9.771522382999933, 0.0 ], [ 119.611574861, -9.771485680999945, 0.0 ], [ 119.61149570200007, -9.771525339999926, 0.0 ], [ 119.611356468000054, -9.771595162999972, 0.0 ], [ 119.611236744000053, -9.771733922999942, 0.0 ], [ 119.611075259000017, -9.772219487999962, 0.0 ], [ 119.610553122000056, -9.772717710999927, 0.0 ], [ 119.610249034000049, -9.773007460999963, 0.0 ], [ 119.609953218000101, -9.773466455999937, 0.0 ], [ 119.609844004000024, -9.773597723999956, 0.0 ], [ 119.609601376000114, -9.773934848999943, 0.0 ], [ 119.609263205000047, -9.774671505999947, 0.0 ], [ 119.609191712000097, -9.774811392999936, 0.0 ], [ 119.609062685000026, -9.774886054999968, 0.0 ], [ 119.608670859000085, -9.774920257999952, 0.0 ], [ 119.608634657000039, -9.775037145999931, 0.0 ], [ 119.608674269000062, -9.775128099999961, 0.0 ], [ 119.608682541, -9.775221506999969, 0.0 ], [ 119.608564559000115, -9.775353735999943, 0.0 ], [ 119.608491621000098, -9.775374005999936, 0.0 ], [ 119.60837923400004, -9.775284521999936, 0.0 ], [ 119.608324711000023, -9.775232696999979, 0.0 ], [ 119.608267939000029, -9.775265689999969, 0.0 ], [ 119.608209618000046, -9.775322273999961, 0.0 ], [ 119.608131041000092, -9.775270883999951, 0.0 ], [ 119.608189933000062, -9.774984380999967, 0.0 ], [ 119.608204945000011, -9.77484936299993, 0.0 ], [ 119.608153479000066, -9.774722237999981, 0.0 ], [ 119.608073936000096, -9.77462591099993, 0.0 ], [ 119.608038216000068, -9.774539493999953, 0.0 ], [ 119.607863641000108, -9.774315426999976, 0.0 ], [ 119.60762357200008, -9.774123580999969, 0.0 ], [ 119.60731975300007, -9.773971662999941, 0.0 ], [ 119.606966930000112, -9.774003600999947, 0.0 ], [ 119.606859676000113, -9.773989889999939, 0.0 ], [ 119.606656324000028, -9.774049800999933, 0.0 ], [ 119.606529365000029, -9.774026410999966, 0.0 ], [ 119.606475019000072, -9.773960870999929, 0.0 ], [ 119.606388984000091, -9.773851279999974, 0.0 ], [ 119.606022264000103, -9.773773849999941, 0.0 ], [ 119.605703923000078, -9.773772579999957, 0.0 ], [ 119.60555759600004, -9.773795380999957, 0.0 ], [ 119.605457235000017, -9.773857891999967, 0.0 ], [ 119.605403282000111, -9.773971221999943, 0.0 ], [ 119.605314016000079, -9.774133648999964, 0.0 ], [ 119.605152698000097, -9.774224037999943, 0.0 ], [ 119.604868248000116, -9.77445432899998, 0.0 ], [ 119.604394655000078, -9.774632767999947, 0.0 ], [ 119.603795822000052, -9.775078642999972, 0.0 ], [ 119.603711126, -9.77516628799998, 0.0 ], [ 119.603633904000048, -9.775283582999975, 0.0 ], [ 119.603533985000013, -9.77545846299995, 0.0 ], [ 119.603529783000113, -9.775690868999959, 0.0 ], [ 119.603502082000091, -9.775842916999977, 0.0 ], [ 119.603413096000054, -9.776039001999948, 0.0 ], [ 119.603322252000112, -9.776159751999955, 0.0 ], [ 119.60297984500005, -9.776280192999934, 0.0 ], [ 119.602807097000095, -9.776349957999969, 0.0 ], [ 119.602649821000114, -9.776298880999946, 0.0 ], [ 119.602532470000028, -9.776263722999943, 0.0 ], [ 119.60242061200006, -9.776272834999929, 0.0 ], [ 119.602178234, -9.776503815999945, 0.0 ], [ 119.601979847000052, -9.776921535999975, 0.0 ], [ 119.60189423700001, -9.777036697999961, 0.0 ], [ 119.60135617100002, -9.777071703999979, 0.0 ], [ 119.60118564600009, -9.777060755999969, 0.0 ], [ 119.60095138500003, -9.777025047999928, 0.0 ], [ 119.600656143000037, -9.777103409999938, 0.0 ], [ 119.600553698000112, -9.777179119999971, 0.0 ], [ 119.60047790100009, -9.777266081999926, 0.0 ], [ 119.600212611000075, -9.777301590999969, 0.0 ], [ 119.600067483000089, -9.777257632999977, 0.0 ], [ 119.599894030000087, -9.777196017999927, 0.0 ], [ 119.598867516000041, -9.777250536999929, 0.0 ], [ 119.598201215000017, -9.777359633999936, 0.0 ], [ 119.598078236000106, -9.77746269599993, 0.0 ], [ 119.597577608000051, -9.777497893999964, 0.0 ], [ 119.597249402000102, -9.777603130999978, 0.0 ], [ 119.597038722000093, -9.777786523999964, 0.0 ], [ 119.596864259000085, -9.778083282999944, 0.0 ], [ 119.596775461000107, -9.778190416999962, 0.0 ], [ 119.596601723000049, -9.778397133999931, 0.0 ], [ 119.596563268000068, -9.778847845999962, 0.0 ], [ 119.596530433000112, -9.778962720999971, 0.0 ], [ 119.596381113, -9.778973915999927, 0.0 ], [ 119.596273183000108, -9.77903062799993, 0.0 ], [ 119.596191761000114, -9.779065696999965, 0.0 ], [ 119.595827202, -9.778923987999974, 0.0 ], [ 119.595668455, -9.778855841999928, 0.0 ], [ 119.595492573000115, -9.778979656999979, 0.0 ], [ 119.59540645300001, -9.779014641999936, 0.0 ], [ 119.595292681000046, -9.778922499999965, 0.0 ], [ 119.595171038000103, -9.778886426999975, 0.0 ], [ 119.595075775000055, -9.77892911899994, 0.0 ], [ 119.595005783000033, -9.778984065999964, 0.0 ], [ 119.594945906000021, -9.77905319599995, 0.0 ], [ 119.594855281000036, -9.77906102999998, 0.0 ], [ 119.594792142000074, -9.779015173999937, 0.0 ], [ 119.594895227000052, -9.778463701999954, 0.0 ], [ 119.594994455, -9.777970964999952, 0.0 ], [ 119.594991499000116, -9.777729991999934, 0.0 ], [ 119.594959386000028, -9.777616962999957, 0.0 ], [ 119.594872905000102, -9.777594144999966, 0.0 ], [ 119.594716720000065, -9.777698240999939, 0.0 ], [ 119.594646533000059, -9.77781906599995, 0.0 ], [ 119.594543078000015, -9.77802313799998, 0.0 ], [ 119.594403878000094, -9.778158646999941, 0.0 ], [ 119.594259820000048, -9.778334610999934, 0.0 ], [ 119.594085060000111, -9.778460350999978, 0.0 ], [ 119.593933581000101, -9.778517457999953, 0.0 ], [ 119.593840382000053, -9.77855287899996, 0.0 ], [ 119.593657221000058, -9.778117693999945, 0.0 ], [ 119.593660871000111, -9.777901331999942, 0.0 ], [ 119.593817818000048, -9.777511146999927, 0.0 ], [ 119.593837650000069, -9.77739672499996, 0.0 ], [ 119.593806936000078, -9.77732763399996, 0.0 ], [ 119.593612772000029, -9.777259178999941, 0.0 ], [ 119.593362248000062, -9.777455728999939, 0.0 ], [ 119.593286813000077, -9.777473612999927, 0.0 ], [ 119.59325044600007, -9.777237561999925, 0.0 ], [ 119.593676673000118, -9.776765052999963, 0.0 ], [ 119.593834739000044, -9.776558596999962, 0.0 ], [ 119.593907591000061, -9.776417693999974, 0.0 ], [ 119.593885776000093, -9.776235401999941, 0.0 ], [ 119.593816354000069, -9.776042476999976, 0.0 ], [ 119.593757446000041, -9.775879679999946, 0.0 ], [ 119.59372212400001, -9.775672749999956, 0.0 ], [ 119.593788687000028, -9.775234146999935, 0.0 ], [ 119.594017024000095, -9.774872849999952, 0.0 ], [ 119.594065795, -9.774792230999935, 0.0 ], [ 119.594158948000086, -9.774784070999942, 0.0 ], [ 119.594236290000026, -9.774841506999962, 0.0 ], [ 119.594272783000065, -9.774918898999942, 0.0 ], [ 119.594291549000104, -9.775004785999954, 0.0 ], [ 119.594358016000115, -9.775042205999966, 0.0 ], [ 119.594364814000073, -9.774890112999969, 0.0 ], [ 119.594406390000017, -9.774757179999938, 0.0 ], [ 119.59449359700011, -9.774673843999949, 0.0 ], [ 119.594927031000111, -9.774377198999957, 0.0 ], [ 119.595312273000104, -9.774342829999966, 0.0 ], [ 119.595480146000114, -9.774182784999937, 0.0 ], [ 119.595836660000032, -9.773946346999935, 0.0 ], [ 119.595981576000099, -9.773868575999927, 0.0 ], [ 119.59607134700002, -9.773757211999964, 0.0 ], [ 119.596084764000011, -9.773623191999945, 0.0 ], [ 119.596000502000038, -9.773375990999966, 0.0 ], [ 119.595514406, -9.772584638999945, 0.0 ], [ 119.595416299000021, -9.772465567999973, 0.0 ], [ 119.595127449000074, -9.772426992999954, 0.0 ], [ 119.595040407000056, -9.772414979999951, 0.0 ], [ 119.594851689000052, -9.772250816999929, 0.0 ], [ 119.59473153600004, -9.772189567999931, 0.0 ], [ 119.59448147, -9.772209803999942, 0.0 ], [ 119.594178745000022, -9.772245470999962, 0.0 ], [ 119.593955962000109, -9.772285045999979, 0.0 ], [ 119.593799925000098, -9.772347021999963, 0.0 ], [ 119.593699143000094, -9.772459971999979, 0.0 ], [ 119.593604203000041, -9.772624366999935, 0.0 ], [ 119.593377829000019, -9.772660053999971, 0.0 ], [ 119.593249204000017, -9.772686955999973, 0.0 ], [ 119.592859467000039, -9.773198471999933, 0.0 ], [ 119.592500241000039, -9.773509815999944, 0.0 ], [ 119.592307581000114, -9.773649406999937, 0.0 ], [ 119.592270467000048, -9.773691118999977, 0.0 ], [ 119.592161642000065, -9.773735625999961, 0.0 ], [ 119.591957446000038, -9.773912288999952, 0.0 ], [ 119.591806504000033, -9.773947135999947, 0.0 ], [ 119.591701956000065, -9.773908209999945, 0.0 ], [ 119.591328237000084, -9.773869913999931, 0.0 ], [ 119.591196798000055, -9.773855049999952, 0.0 ], [ 119.59106238600009, -9.773755584999947, 0.0 ], [ 119.591026523000096, -9.773330351999959, 0.0 ], [ 119.590998698000021, -9.773034142999961, 0.0 ], [ 119.590809590000049, -9.772740712999962, 0.0 ], [ 119.590720443, -9.772305185999926, 0.0 ], [ 119.590671253000096, -9.772186040999941, 0.0 ], [ 119.590566159000105, -9.77212799299997, 0.0 ], [ 119.590358187000106, -9.772131551999962, 0.0 ], [ 119.590307580000058, -9.772192054999948, 0.0 ], [ 119.59035325100001, -9.772584187999939, 0.0 ], [ 119.590388297000118, -9.772902520999935, 0.0 ], [ 119.590396847000079, -9.773110332999977, 0.0 ], [ 119.590408708000041, -9.773279499999944, 0.0 ], [ 119.590384283000049, -9.77333092799995, 0.0 ], [ 119.59032593400002, -9.773203210999952, 0.0 ], [ 119.590289923000114, -9.773094631999982, 0.0 ], [ 119.590206771000112, -9.77303756699996, 0.0 ], [ 119.590174576000095, -9.773041173999957, 0.0 ], [ 119.590055100000086, -9.77335327399993, 0.0 ], [ 119.58998563800003, -9.773390236999944, 0.0 ], [ 119.58990859000005, -9.77332047799996, 0.0 ], [ 119.589877166000065, -9.772412475999943, 0.0 ], [ 119.589885903000095, -9.772039159999963, 0.0 ], [ 119.589928536000116, -9.771873099999937, 0.0 ], [ 119.589942271000041, -9.771819618999928, 0.0 ], [ 119.589931731000092, -9.771730222999963, 0.0 ], [ 119.589903953000089, -9.771726143999956, 0.0 ], [ 119.589772054000036, -9.771706771999959, 0.0 ], [ 119.589475343000117, -9.771756960999937, 0.0 ], [ 119.589305161000084, -9.771800226999972, 0.0 ], [ 119.589076708000107, -9.771860211999979, 0.0 ], [ 119.588676908000025, -9.771701552999957, 0.0 ], [ 119.588113470000053, -9.771535956999969, 0.0 ], [ 119.588006079000024, -9.771467880999978, 0.0 ], [ 119.587863714000036, -9.771262369999931, 0.0 ], [ 119.587389217, -9.770736269999929, 0.0 ], [ 119.587348851000115, -9.770499208999979, 0.0 ], [ 119.587289081000108, -9.770321784999965, 0.0 ], [ 119.58725284500008, -9.770266913999933, 0.0 ], [ 119.587005309, -9.770007921999934, 0.0 ], [ 119.586944637000101, -9.769929819999959, 0.0 ], [ 119.586953254000036, -9.769854032999945, 0.0 ], [ 119.587046590000114, -9.769754689999957, 0.0 ], [ 119.587157730000058, -9.769680878999964, 0.0 ], [ 119.587321889, -9.769629943999973, 0.0 ], [ 119.58759615300005, -9.769369378999954, 0.0 ], [ 119.587707662000071, -9.769008953999958, 0.0 ], [ 119.587817292000068, -9.768654569999967, 0.0 ], [ 119.587919204000059, -9.767694506999931, 0.0 ], [ 119.587948833000041, -9.767501937999953, 0.0 ], [ 119.588043392000031, -9.76722033599998, 0.0 ], [ 119.588081485000089, -9.767001703999938, 0.0 ], [ 119.588081595000062, -9.766922769999951, 0.0 ], [ 119.588081782000017, -9.766797957999927, 0.0 ], [ 119.588019205000023, -9.766589396999962, 0.0 ], [ 119.587879985000086, -9.766298186999961, 0.0 ], [ 119.587799370000084, -9.766174879999937, 0.0 ], [ 119.586761044000013, -9.764949461999947, 0.0 ], [ 119.586623467000095, -9.764845961999981, 0.0 ], [ 119.586295365000069, -9.76478055299998, 0.0 ], [ 119.586242863000052, -9.76477007699998, 0.0 ], [ 119.58606738900005, -9.764750951999929, 0.0 ], [ 119.585823423000079, -9.765143379999927, 0.0 ], [ 119.585741908000045, -9.765253718999929, 0.0 ], [ 119.585675607000098, -9.765263334999929, 0.0 ], [ 119.585592302, -9.765158885999938, 0.0 ], [ 119.585539212000072, -9.765036691999967, 0.0 ], [ 119.585842500000012, -9.764427833999946, 0.0 ], [ 119.585852907000117, -9.764369256999942, 0.0 ], [ 119.585879197000054, -9.764221762999966, 0.0 ], [ 119.585780769000053, -9.763911656999937, 0.0 ], [ 119.585534673000097, -9.763496506999957, 0.0 ], [ 119.585110259000089, -9.763020363999942, 0.0 ], [ 119.584239644000036, -9.762340901999949, 0.0 ], [ 119.583814645000075, -9.762131642999975, 0.0 ], [ 119.583452066000063, -9.761989688999961, 0.0 ], [ 119.583287416000076, -9.761931240999957, 0.0 ], [ 119.582745258000045, -9.761893610999948, 0.0 ], [ 119.581784939000045, -9.761913472999936, 0.0 ], [ 119.581417455000064, -9.761953177999942, 0.0 ], [ 119.581080260000022, -9.762006560999964, 0.0 ], [ 119.580255778000037, -9.762197330999982, 0.0 ], [ 119.579152831000101, -9.762745382999981, 0.0 ], [ 119.578965106000055, -9.762863944999935, 0.0 ], [ 119.57878470300011, -9.76305277199998, 0.0 ], [ 119.578768325000055, -9.763088509999932, 0.0 ], [ 119.578714063, -9.763207007999938, 0.0 ], [ 119.578718098000081, -9.763477524999928, 0.0 ], [ 119.578102633000071, -9.765023884999948, 0.0 ], [ 119.577944824000042, -9.765334292999967, 0.0 ], [ 119.577812558000119, -9.765470992999951, 0.0 ], [ 119.577484844000082, -9.765791923999927, 0.0 ], [ 119.577445221000062, -9.765901627999938, 0.0 ], [ 119.577517704000115, -9.766074620999973, 0.0 ], [ 119.577564454000026, -9.766161648999969, 0.0 ], [ 119.577531373000056, -9.766257849999931, 0.0 ], [ 119.577422639000019, -9.766335222999942, 0.0 ], [ 119.57733001500003, -9.766345348999948, 0.0 ], [ 119.57722784200007, -9.766274253999939, 0.0 ], [ 119.576999449000027, -9.766078239999956, 0.0 ], [ 119.576842888000101, -9.766018552999981, 0.0 ], [ 119.5764782870001, -9.765981582999927, 0.0 ], [ 119.576195388000087, -9.765894207999963, 0.0 ], [ 119.576119170000084, -9.765846885999963, 0.0 ], [ 119.575994616000116, -9.765769527999964, 0.0 ], [ 119.57587315100011, -9.765642742999944, 0.0 ], [ 119.575782004000075, -9.76553853799993, 0.0 ], [ 119.575545583, -9.765466834999927, 0.0 ], [ 119.574977765000085, -9.765503329999945, 0.0 ], [ 119.574471245000041, -9.76563022199997, 0.0 ], [ 119.574323686000071, -9.765703803999941, 0.0 ], [ 119.574173660000042, -9.765761532999932, 0.0 ], [ 119.574085453000066, -9.765796846999933, 0.0 ], [ 119.574048972000014, -9.765874992999954, 0.0 ], [ 119.57409984200001, -9.765948243999958, 0.0 ], [ 119.574135493000085, -9.766055847999951, 0.0 ], [ 119.573994472000095, -9.766244188999963, 0.0 ], [ 119.57391748100008, -9.766262395999945, 0.0 ], [ 119.573837431000015, -9.766289784999969, 0.0 ], [ 119.573800338000069, -9.766353944999935, 0.0 ], [ 119.573719571000083, -9.766477388999931, 0.0 ], [ 119.573684073000095, -9.766551026999934, 0.0 ], [ 119.573602541000014, -9.766597494999928, 0.0 ], [ 119.573527487000092, -9.76663401899998, 0.0 ], [ 119.573409801000025, -9.766591581999933, 0.0 ], [ 119.573359452000091, -9.766540752999958, 0.0 ], [ 119.57333389300004, -9.766487584999936, 0.0 ], [ 119.573152094000079, -9.766528205999975, 0.0 ], [ 119.572922235000078, -9.766563969999936, 0.0 ], [ 119.572729773000106, -9.76661016099996, 0.0 ], [ 119.572559683, -9.766771662999929, 0.0 ], [ 119.572470295000016, -9.766866282999956, 0.0 ], [ 119.572288204000074, -9.767059122999967, 0.0 ], [ 119.572156691000032, -9.767206852999948, 0.0 ], [ 119.572060288000102, -9.767330115999926, 0.0 ], [ 119.57128947800004, -9.767713821999962, 0.0 ], [ 119.570994764000034, -9.768034086999933, 0.0 ], [ 119.57099099900006, -9.768038177999927, 0.0 ], [ 119.570941785000059, -9.768091659999982, 0.0 ], [ 119.570733566000058, -9.768270056999938, 0.0 ], [ 119.570399290000069, -9.768351345999974, 0.0 ], [ 119.569860800000015, -9.768384030999925, 0.0 ], [ 119.569677677000072, -9.768388304999974, 0.0 ], [ 119.569281298000078, -9.768541649999975, 0.0 ], [ 119.568495915000085, -9.76879814199998, 0.0 ], [ 119.56817388200011, -9.768855425999959, 0.0 ], [ 119.567597954, -9.768888472999947, 0.0 ], [ 119.567173966000041, -9.768899651999959, 0.0 ], [ 119.566613226000072, -9.76893327199997, 0.0 ], [ 119.566323041000032, -9.768888618999938, 0.0 ], [ 119.566084594000017, -9.768817895999973, 0.0 ], [ 119.565920174000098, -9.768705926999928, 0.0 ], [ 119.565569911000011, -9.768440204999933, 0.0 ], [ 119.564858925000067, -9.768047362999937, 0.0 ], [ 119.564150375000054, -9.767675367999971, 0.0 ], [ 119.563816160000101, -9.767525889999945, 0.0 ], [ 119.562933854000107, -9.766878663999933, 0.0 ], [ 119.562558711000065, -9.766610876999948, 0.0 ], [ 119.562164175000021, -9.766380880999975, 0.0 ], [ 119.561889823000115, -9.766135049999946, 0.0 ], [ 119.561662802000114, -9.765892461999954, 0.0 ], [ 119.561275287000058, -9.76549181799993, 0.0 ], [ 119.56101917400008, -9.765260368999975, 0.0 ], [ 119.560407923000071, -9.764640238999959, 0.0 ], [ 119.559836195000116, -9.764076694999972, 0.0 ], [ 119.559565693000081, -9.763932736999948, 0.0 ], [ 119.559249422000107, -9.763841784999954, 0.0 ], [ 119.558695637000028, -9.763803461999942, 0.0 ], [ 119.558302144000095, -9.76377727199997, 0.0 ], [ 119.55794864500001, -9.763852345999965, 0.0 ], [ 119.557764835000057, -9.763887136999926, 0.0 ], [ 119.557420551000064, -9.763940348999938, 0.0 ] ] ], [ [ [ 119.681114370000046, -9.823050868999928, 0.0 ], [ 119.68106655400004, -9.822928949999948, 0.0 ], [ 119.681085400000029, -9.822822539999947, 0.0 ], [ 119.681147552000084, -9.822754198999974, 0.0 ], [ 119.681491178000101, -9.822504613999968, 0.0 ], [ 119.68179343700001, -9.822511781999935, 0.0 ], [ 119.681864663000056, -9.822589558999937, 0.0 ], [ 119.682008285000052, -9.822817061999956, 0.0 ], [ 119.682141543000057, -9.822935709999967, 0.0 ], [ 119.682351502000074, -9.823188117999962, 0.0 ], [ 119.682313744000112, -9.823318255999936, 0.0 ], [ 119.682213832000116, -9.823408927999935, 0.0 ], [ 119.682079181000063, -9.823454202999926, 0.0 ], [ 119.681946977000052, -9.823410738999939, 0.0 ], [ 119.68169522200003, -9.823344334999945, 0.0 ], [ 119.681278995000071, -9.823218810999947, 0.0 ], [ 119.681114370000046, -9.823050868999928, 0.0 ] ] ], [ [ [ 119.682993957, -9.821919692999927, 0.0 ], [ 119.683029298000065, -9.821909913999946, 0.0 ], [ 119.683376294000027, -9.821883212999978, 0.0 ], [ 119.683460582000066, -9.821947468999952, 0.0 ], [ 119.683578170000033, -9.822113145999936, 0.0 ], [ 119.683748847000061, -9.822353600999975, 0.0 ], [ 119.68363816100009, -9.822408824999968, 0.0 ], [ 119.683578201000046, -9.822396266999931, 0.0 ], [ 119.683515179000096, -9.822383081999931, 0.0 ], [ 119.683016300000077, -9.822088120999979, 0.0 ], [ 119.682993957, -9.821919692999927, 0.0 ] ] ], [ [ [ 119.675974407000012, -9.80447539499994, 0.0 ], [ 119.676095864000104, -9.804285918999938, 0.0 ], [ 119.676387527000088, -9.804130096999927, 0.0 ], [ 119.676430844000038, -9.804178036999929, 0.0 ], [ 119.676793261000057, -9.804585, 0.0 ], [ 119.676842351000118, -9.804729923999957, 0.0 ], [ 119.676821742000016, -9.804813665999973, 0.0 ], [ 119.676696813000035, -9.804951223999979, 0.0 ], [ 119.676525362, -9.805048022999927, 0.0 ], [ 119.676385584000059, -9.805041195999934, 0.0 ], [ 119.676239096000018, -9.80496924199997, 0.0 ], [ 119.67593953700009, -9.804712163999966, 0.0 ], [ 119.675921470000048, -9.804582990999961, 0.0 ], [ 119.675974407000012, -9.80447539499994, 0.0 ] ] ], [ [ [ 119.67287826900008, -9.798567559999981, 0.0 ], [ 119.673089031000018, -9.798724990999972, 0.0 ], [ 119.673135660000071, -9.798799677999966, 0.0 ], [ 119.673069870000063, -9.798988354999949, 0.0 ], [ 119.672932938000031, -9.798932994999973, 0.0 ], [ 119.672720723000111, -9.798804875999963, 0.0 ], [ 119.672798282000031, -9.798596730999975, 0.0 ], [ 119.672851873000013, -9.79854450299996, 0.0 ], [ 119.67287826900008, -9.798567559999981, 0.0 ] ] ], [ [ [ 119.640758601000016, -9.797731925999926, 0.0 ], [ 119.640808802000038, -9.797634713999969, 0.0 ], [ 119.64090435300011, -9.797549550999975, 0.0 ], [ 119.641115315000093, -9.797484051999959, 0.0 ], [ 119.641242618000092, -9.79748127299996, 0.0 ], [ 119.641337604000114, -9.797532343999933, 0.0 ], [ 119.641374128000052, -9.797566252999957, 0.0 ], [ 119.641456583000036, -9.797654094999928, 0.0 ], [ 119.64148466600011, -9.79769263999998, 0.0 ], [ 119.641553303000023, -9.797872196999947, 0.0 ], [ 119.641680128000075, -9.798410522999973, 0.0 ], [ 119.641654301000017, -9.798593281999956, 0.0 ], [ 119.641561568000043, -9.798687423999979, 0.0 ], [ 119.641450306000024, -9.798702891999937, 0.0 ], [ 119.641320371, -9.798653558999945, 0.0 ], [ 119.641146320000075, -9.798500692999937, 0.0 ], [ 119.640771565000023, -9.798022001999925, 0.0 ], [ 119.640758601000016, -9.797731925999926, 0.0 ] ] ], [ [ [ 119.610841865000111, -9.789384620999954, 0.0 ], [ 119.610717487000102, -9.789305126999977, 0.0 ], [ 119.610706212000082, -9.789282156999946, 0.0 ], [ 119.610691267000107, -9.789254360999962, 0.0 ], [ 119.610667878000072, -9.789195070999938, 0.0 ], [ 119.610644679000075, -9.789112545999956, 0.0 ], [ 119.610641379000072, -9.789057968999941, 0.0 ], [ 119.610660459000087, -9.788994344999935, 0.0 ], [ 119.610712862000014, -9.788965048999955, 0.0 ], [ 119.610770073000026, -9.788957899999957, 0.0 ], [ 119.610841944000072, -9.788960849999967, 0.0 ], [ 119.610897680000107, -9.788993958999981, 0.0 ], [ 119.610937772000057, -9.789056050999932, 0.0 ], [ 119.610957125000027, -9.78910604999993, 0.0 ], [ 119.611002966000115, -9.789173164999966, 0.0 ], [ 119.61106394, -9.789223796999977, 0.0 ], [ 119.611106164000034, -9.789239877999933, 0.0 ], [ 119.611151647000042, -9.789269614999967, 0.0 ], [ 119.611162333000038, -9.789311552999948, 0.0 ], [ 119.611149818000058, -9.789357455999948, 0.0 ], [ 119.611106834000111, -9.789403845999971, 0.0 ], [ 119.611064756000019, -9.78942989899997, 0.0 ], [ 119.611009863000049, -9.789428508999947, 0.0 ], [ 119.610947896000084, -9.789416068999969, 0.0 ], [ 119.610880082000108, -9.789407882999967, 0.0 ], [ 119.610841865000111, -9.789384620999954, 0.0 ] ] ], [ [ [ 119.613988294000023, -9.789287215999934, 0.0 ], [ 119.613937783000097, -9.789245384999958, 0.0 ], [ 119.613919246000023, -9.789216456999952, 0.0 ], [ 119.613915859000031, -9.789162493999982, 0.0 ], [ 119.613927862000082, -9.789118345999952, 0.0 ], [ 119.613952915000027, -9.789068202999943, 0.0 ], [ 119.613995712000019, -9.789020007999966, 0.0 ], [ 119.614045128000043, -9.788992872999927, 0.0 ], [ 119.614092458000073, -9.788987204999955, 0.0 ], [ 119.614163801000018, -9.789000413999929, 0.0 ], [ 119.614193182, -9.789031358999978, 0.0 ], [ 119.61420622300011, -9.789075566999941, 0.0 ], [ 119.61420759400005, -9.78913657399994, 0.0 ], [ 119.614206467000031, -9.789182489999973, 0.0 ], [ 119.614181303, -9.789273852999941, 0.0 ], [ 119.614158756000052, -9.789363160999926, 0.0 ], [ 119.614125741000066, -9.789381157999969, 0.0 ], [ 119.614089337000109, -9.789368020999973, 0.0 ], [ 119.614055005000068, -9.789331551999965, 0.0 ], [ 119.614018586000043, -9.789306597999939, 0.0 ], [ 119.613988294000023, -9.789287215999934, 0.0 ] ] ], [ [ [ 119.672781906000068, -9.788369881999927, 0.0 ], [ 119.67298327200001, -9.788433116999954, 0.0 ], [ 119.673087566000049, -9.788546581999981, 0.0 ], [ 119.673116246000063, -9.788591562999954, 0.0 ], [ 119.673014183000078, -9.78868035499994, 0.0 ], [ 119.672934054000052, -9.788772209999934, 0.0 ], [ 119.67275298900006, -9.788821103999965, 0.0 ], [ 119.672581197000113, -9.788788427999975, 0.0 ], [ 119.672528508000028, -9.788748986999963, 0.0 ], [ 119.672507322000115, -9.788571782999952, 0.0 ], [ 119.672644204000107, -9.788388051999959, 0.0 ], [ 119.672781906000068, -9.788369881999927, 0.0 ] ] ], [ [ [ 119.650392513000043, -9.782381323999971, 0.0 ], [ 119.650437535000037, -9.782406863999938, 0.0 ], [ 119.650584172000094, -9.782530084999962, 0.0 ], [ 119.650678936000077, -9.782688260999976, 0.0 ], [ 119.650665271000094, -9.782763902999932, 0.0 ], [ 119.650556843000118, -9.78274414599997, 0.0 ], [ 119.650437713000088, -9.782663841999977, 0.0 ], [ 119.650308428000017, -9.782411942999943, 0.0 ], [ 119.65032382000004, -9.782383937999953, 0.0 ], [ 119.650392513000043, -9.782381323999971, 0.0 ] ] ], [ [ [ 119.603456048000112, -9.78137069099995, 0.0 ], [ 119.603492542000026, -9.781400634999954, 0.0 ], [ 119.603579878000119, -9.781484872999954, 0.0 ], [ 119.603610395000032, -9.78158089599998, 0.0 ], [ 119.603537042000085, -9.781686925999963, 0.0 ], [ 119.603462617000105, -9.781669509999972, 0.0 ], [ 119.603407426000103, -9.781598629999962, 0.0 ], [ 119.603394174000073, -9.781453380999949, 0.0 ], [ 119.603456048000112, -9.78137069099995, 0.0 ] ] ], [ [ [ 119.596575354000038, -9.781074542999932, 0.0 ], [ 119.596577257000035, -9.781101192999927, 0.0 ], [ 119.596615329000088, -9.781144974999961, 0.0 ], [ 119.596598196000059, -9.781198274999952, 0.0 ], [ 119.596542993000071, -9.781215406999934, 0.0 ], [ 119.596506825, -9.781272513999966, 0.0 ], [ 119.596485886000096, -9.781217310999978, 0.0 ], [ 119.596531572000117, -9.781171624999956, 0.0 ], [ 119.596548704000043, -9.781074542999932, 0.0 ], [ 119.596575354000038, -9.781074542999932, 0.0 ] ] ], [ [ [ 119.596293625000044, -9.781042181999965, 0.0 ], [ 119.596301240000116, -9.780988881999974, 0.0 ], [ 119.596346925000034, -9.780891799999949, 0.0 ], [ 119.596409743000095, -9.780899414999965, 0.0 ], [ 119.596523957000045, -9.780981267999948, 0.0 ], [ 119.596402129000012, -9.781044085999952, 0.0 ], [ 119.596400225000025, -9.781196370999965, 0.0 ], [ 119.596310758000072, -9.781230634999929, 0.0 ], [ 119.596244133000027, -9.781200177999949, 0.0 ], [ 119.596192736000035, -9.78115258899993, 0.0 ], [ 119.596213676000048, -9.781095481999955, 0.0 ], [ 119.596293625000044, -9.781042181999965, 0.0 ] ] ], [ [ [ 119.595921625000074, -9.779786925999929, 0.0 ], [ 119.595921666000095, -9.779761373999975, 0.0 ], [ 119.595921854000039, -9.77968803899995, 0.0 ], [ 119.59595097700003, -9.779632011999979, 0.0 ], [ 119.595993769000074, -9.779627725999944, 0.0 ], [ 119.596035390000111, -9.779650157999981, 0.0 ], [ 119.596066989000064, -9.779694680999967, 0.0 ], [ 119.596097461000113, -9.77975147199993, 0.0 ], [ 119.596100366000087, -9.77980671499995, 0.0 ], [ 119.596090016000062, -9.779898042999946, 0.0 ], [ 119.596067583000035, -9.779971288999946, 0.0 ], [ 119.596040051000045, -9.780019412999934, 0.0 ], [ 119.596005428000012, -9.780037511999979, 0.0 ], [ 119.595972567000103, -9.780019924999976, 0.0 ], [ 119.595939541, -9.779968572999962, 0.0 ], [ 119.595933585000012, -9.779920103999928, 0.0 ], [ 119.595928530000037, -9.779858098999966, 0.0 ], [ 119.595921625000074, -9.779786925999929, 0.0 ] ] ], [ [ [ 119.65661900300006, -9.779891249999935, 0.0 ], [ 119.656501017000096, -9.779824125999937, 0.0 ], [ 119.656438105, -9.779718490999926, 0.0 ], [ 119.656439760000012, -9.779514004999953, 0.0 ], [ 119.656508482000049, -9.779281083999933, 0.0 ], [ 119.656604585000082, -9.779204124999978, 0.0 ], [ 119.656733162000023, -9.77913313199997, 0.0 ], [ 119.65704348600002, -9.778945442999941, 0.0 ], [ 119.657076018000112, -9.778973567999969, 0.0 ], [ 119.657652833000043, -9.779464516999951, 0.0 ], [ 119.657787, -9.779579438999974, 0.0 ], [ 119.657721353000056, -9.779662379999934, 0.0 ], [ 119.657563383000024, -9.779753376999963, 0.0 ], [ 119.657335898000042, -9.77980574999998, 0.0 ], [ 119.657133005000105, -9.779716319999977, 0.0 ], [ 119.656952347000015, -9.779692959999977, 0.0 ], [ 119.656747630000041, -9.77984603699997, 0.0 ], [ 119.65661900300006, -9.779891249999935, 0.0 ] ] ], [ [ [ 119.612603081000088, -9.776594406999948, 0.0 ], [ 119.612597162000043, -9.776529109999956, 0.0 ], [ 119.612602859000049, -9.77647742399995, 0.0 ], [ 119.61263167200002, -9.776405704999945, 0.0 ], [ 119.612655876000076, -9.776364739999963, 0.0 ], [ 119.612676424000028, -9.776339141999927, 0.0 ], [ 119.612741818000018, -9.776280487999941, 0.0 ], [ 119.612795795000011, -9.776241381999967, 0.0 ], [ 119.61284950400011, -9.776211736999926, 0.0 ], [ 119.612895347000062, -9.776203566999982, 0.0 ], [ 119.612950732000058, -9.776204405999977, 0.0 ], [ 119.612985632000118, -9.77622058399993, 0.0 ], [ 119.613020006000056, -9.776239404999956, 0.0 ], [ 119.613028017000033, -9.776275314999964, 0.0 ], [ 119.613014286000066, -9.776319074999947, 0.0 ], [ 119.612884081000061, -9.776570208999942, 0.0 ], [ 119.612878954000053, -9.776598271999944, 0.0 ], [ 119.612851471000113, -9.776662509999937, 0.0 ], [ 119.612823649, -9.77669992999995, 0.0 ], [ 119.612780193000049, -9.776730610999948, 0.0 ], [ 119.612732618000109, -9.776734006999959, 0.0 ], [ 119.612672412000052, -9.776722190999976, 0.0 ], [ 119.612642878000088, -9.776694891999966, 0.0 ], [ 119.61261563100004, -9.776641115999951, 0.0 ], [ 119.612603081000088, -9.776594406999948, 0.0 ] ] ], [ [ [ 119.626448381000046, -9.768543923999971, 0.0 ], [ 119.626445795000109, -9.768098223999971, 0.0 ], [ 119.626498941000023, -9.767874979999931, 0.0 ], [ 119.62658535300011, -9.767811129999927, 0.0 ], [ 119.626722466000047, -9.767852000999937, 0.0 ], [ 119.626858100000049, -9.76801000599994, 0.0 ], [ 119.626889492000032, -9.768137956999965, 0.0 ], [ 119.627142657000036, -9.768636692999962, 0.0 ], [ 119.627122534000023, -9.768700766999928, 0.0 ], [ 119.627084529000058, -9.768975034999926, 0.0 ], [ 119.626991155000042, -9.768996674999926, 0.0 ], [ 119.626806019000014, -9.768941758999972, 0.0 ], [ 119.626630623000096, -9.768823446999932, 0.0 ], [ 119.626494946000093, -9.768667813999969, 0.0 ], [ 119.626448381000046, -9.768543923999971, 0.0 ] ] ] ] } },
{ "type": "Feature", "properties": { "nm_kecamatan": "Umbu Ratu Nggay Tengah" }, "geometry": { "type": "MultiPolygon", "coordinates": [ [ [ [ 119.744849202000069, -9.594111282999961, 0.0 ], [ 119.744774605000089, -9.594416405999937, 0.0 ], [ 119.744572382000115, -9.594702678999965, 0.0 ], [ 119.744301834000112, -9.594879754999965, 0.0 ], [ 119.744137090000095, -9.59506076699995, 0.0 ], [ 119.744264159000068, -9.595241907999934, 0.0 ], [ 119.744210597, -9.596054147999951, 0.0 ], [ 119.744169722000038, -9.596272284999941, 0.0 ], [ 119.744125924000059, -9.596417610999936, 0.0 ], [ 119.744027065000068, -9.596636603999968, 0.0 ], [ 119.744007950000082, -9.596678939999947, 0.0 ], [ 119.743657046000067, -9.597079490999931, 0.0 ], [ 119.743466782000041, -9.597216788999958, 0.0 ], [ 119.743364936000035, -9.59739439699996, 0.0 ], [ 119.74328773000002, -9.597636942999941, 0.0 ], [ 119.74319567200007, -9.597867096999948, 0.0 ], [ 119.743026034000081, -9.598139658999969, 0.0 ], [ 119.742827229000113, -9.598583004999966, 0.0 ], [ 119.742705048000062, -9.598768656999937, 0.0 ], [ 119.742575360000046, -9.598853063999968, 0.0 ], [ 119.742463591000046, -9.598915518999945, 0.0 ], [ 119.742401833000031, -9.599015306999945, 0.0 ], [ 119.742399618000036, -9.599140720999969, 0.0 ], [ 119.742431354000018, -9.599367350999955, 0.0 ], [ 119.742382061000058, -9.59957155099994, 0.0 ], [ 119.742263587000025, -9.599717392999935, 0.0 ], [ 119.74218415200005, -9.599764616999948, 0.0 ], [ 119.741880453000022, -9.59994242199997, 0.0 ], [ 119.741824810000026, -9.600055425999926, 0.0 ], [ 119.741876251, -9.600313970999935, 0.0 ], [ 119.742055359, -9.600435798999968, 0.0 ], [ 119.742265704000033, -9.600607095999976, 0.0 ], [ 119.742347214, -9.600761299999931, 0.0 ], [ 119.742348122000067, -9.600986909999961, 0.0 ], [ 119.742279127000074, -9.601152536999962, 0.0 ], [ 119.742130669000062, -9.601361923999946, 0.0 ], [ 119.742011096000056, -9.601468064999949, 0.0 ], [ 119.742201692000094, -9.602860204999956, 0.0 ], [ 119.742355884000062, -9.603994511999929, 0.0 ], [ 119.742426814000055, -9.604514360999929, 0.0 ], [ 119.742431127000032, -9.604612393999957, 0.0 ], [ 119.742535593000071, -9.604900549999968, 0.0 ], [ 119.742575416000022, -9.605003462999946, 0.0 ], [ 119.7426026280001, -9.605203782999979, 0.0 ], [ 119.74260834100005, -9.60540475099998, 0.0 ], [ 119.742599218, -9.605573220999929, 0.0 ], [ 119.742617406000022, -9.60578514499997, 0.0 ], [ 119.742613716000051, -9.605823145999977, 0.0 ], [ 119.742614574000072, -9.606235921999939, 0.0 ], [ 119.742524346000096, -9.60662689399993, 0.0 ], [ 119.74246262600002, -9.606828113999939, 0.0 ], [ 119.742340281000111, -9.607299051999973, 0.0 ], [ 119.742222279000089, -9.607668643999943, 0.0 ], [ 119.742037393000032, -9.608041536999963, 0.0 ], [ 119.741981733000102, -9.608176109999931, 0.0 ], [ 119.741951233, -9.608463423999979, 0.0 ], [ 119.741946344000098, -9.608488213999976, 0.0 ], [ 119.74155010700008, -9.60835420199993, 0.0 ], [ 119.741098010000087, -9.608473174999972, 0.0 ], [ 119.739741717000015, -9.609163218999981, 0.0 ], [ 119.73907546800001, -9.609686699999941, 0.0 ], [ 119.738433013000076, -9.610162591999938, 0.0 ], [ 119.738195008000048, -9.610163139999941, 0.0 ], [ 119.737049164000041, -9.609935575999941, 0.0 ], [ 119.735696633000089, -9.609401164999952, 0.0 ], [ 119.733936297000014, -9.609059608999928, 0.0 ], [ 119.730747354000073, -9.609163218999981, 0.0 ], [ 119.729081732000054, -9.609258396999962, 0.0 ], [ 119.727154368000015, -9.609210807999943, 0.0 ], [ 119.725464951000049, -9.609639110999979, 0.0 ], [ 119.723870712, -9.609686699999941, 0.0 ], [ 119.721253305000118, -9.60973428899996, 0.0 ], [ 119.719393359000037, -9.609841364999966, 0.0 ], [ 119.718667624000091, -9.609912748999932, 0.0 ], [ 119.717619897000077, -9.609970428999929, 0.0 ], [ 119.71703616800005, -9.610181220999948, 0.0 ], [ 119.716538006000064, -9.610412435999933, 0.0 ], [ 119.715976803000103, -9.610610420999933, 0.0 ], [ 119.715157919000035, -9.61092401999997, 0.0 ], [ 119.714551156000084, -9.611150068999962, 0.0 ], [ 119.714301313000078, -9.611054889999934, 0.0 ], [ 119.713944394, -9.610900224999966, 0.0 ], [ 119.713492296000027, -9.610733662999962, 0.0 ], [ 119.713144232000104, -9.610546812999928, 0.0 ], [ 119.712826047000021, -9.610555202999933, 0.0 ], [ 119.712534711000103, -9.610619512999961, 0.0 ], [ 119.712521763000041, -9.610594171999935, 0.0 ], [ 119.71233187200005, -9.610312257999965, 0.0 ], [ 119.712117453000019, -9.610124543999973, 0.0 ], [ 119.711719310000035, -9.609981095999956, 0.0 ], [ 119.711546254000041, -9.609914457999935, 0.0 ], [ 119.711470437000116, -9.609885253999948, 0.0 ], [ 119.711389402, -9.609789955999929, 0.0 ], [ 119.711348640000097, -9.609570234999978, 0.0 ], [ 119.71138333500005, -9.609403941999972, 0.0 ], [ 119.711491190000061, -9.609270427999945, 0.0 ], [ 119.711591231000057, -9.609237706999977, 0.0 ], [ 119.71190238500003, -9.609135848999927, 0.0 ], [ 119.712113555000087, -9.609058391999952, 0.0 ], [ 119.712240948000044, -9.608962136999935, 0.0 ], [ 119.712394878000055, -9.608705326999939, 0.0 ], [ 119.712419003000036, -9.608461231999968, 0.0 ], [ 119.712392020000038, -9.608354487999975, 0.0 ], [ 119.71227396300003, -9.608248304999961, 0.0 ], [ 119.712231553000038, -9.608241016999955, 0.0 ], [ 119.712043472000119, -9.608208709999928, 0.0 ], [ 119.711676646000114, -9.608206236999933, 0.0 ], [ 119.711439895000012, -9.608150616999978, 0.0 ], [ 119.711251970000035, -9.608003283999949, 0.0 ], [ 119.711105324000073, -9.607778725999935, 0.0 ], [ 119.711079985000083, -9.607647537999981, 0.0 ], [ 119.711112639000021, -9.607548314999974, 0.0 ], [ 119.711432994, -9.607296408999957, 0.0 ], [ 119.711637502000031, -9.607125707999955, 0.0 ], [ 119.711775029000023, -9.606849802999932, 0.0 ], [ 119.711813076000112, -9.606398255999977, 0.0 ], [ 119.711791263, -9.606182639999929, 0.0 ], [ 119.711748900000089, -9.60609100299996, 0.0 ], [ 119.711588877000054, -9.605937577999953, 0.0 ], [ 119.711547187000065, -9.605805600999929, 0.0 ], [ 119.711727766000081, -9.605188832999943, 0.0 ], [ 119.711742981000043, -9.604962175999958, 0.0 ], [ 119.711762675000045, -9.604668440999944, 0.0 ], [ 119.711714439000048, -9.604328150999947, 0.0 ], [ 119.711609516000067, -9.60406480499995, 0.0 ], [ 119.711285010000097, -9.603711921999945, 0.0 ], [ 119.711013026000046, -9.603555037999968, 0.0 ], [ 119.710507438000036, -9.603174348999971, 0.0 ], [ 119.710076745000038, -9.602468427999952, 0.0 ], [ 119.709889994000036, -9.602271341999938, 0.0 ], [ 119.709828327000082, -9.602254164999977, 0.0 ], [ 119.709561735000079, -9.602179830999944, 0.0 ], [ 119.709249686000021, -9.60209636299993, 0.0 ], [ 119.709087810000028, -9.602008608999938, 0.0 ], [ 119.708985250000069, -9.601846178999949, 0.0 ], [ 119.708955969000044, -9.601695330999974, 0.0 ], [ 119.709027140000103, -9.601560039999981, 0.0 ], [ 119.709200497000097, -9.601420047999966, 0.0 ], [ 119.709315557000082, -9.601234864999981, 0.0 ], [ 119.709329161000028, -9.60091233199995, 0.0 ], [ 119.709350206000067, -9.600413193999941, 0.0 ], [ 119.709180379000031, -9.60009051399993, 0.0 ], [ 119.709147564000091, -9.600028147999979, 0.0 ], [ 119.709060009000041, -9.599871635999932, 0.0 ], [ 119.70906001100002, -9.599706519999927, 0.0 ], [ 119.709176054000068, -9.599592101999974, 0.0 ], [ 119.70932322200008, -9.599379786999975, 0.0 ], [ 119.709340568000016, -9.599258630999941, 0.0 ], [ 119.709275292000029, -9.599145927999928, 0.0 ], [ 119.709251262000066, -9.599104455999964, 0.0 ], [ 119.70916292000004, -9.598999549999974, 0.0 ], [ 119.708938390000071, -9.598742426999934, 0.0 ], [ 119.708540170000106, -9.598280061999958, 0.0 ], [ 119.708462638000015, -9.598126751999928, 0.0 ], [ 119.70848898700001, -9.59766637499996, 0.0 ], [ 119.708466238000028, -9.597549266999977, 0.0 ], [ 119.708276234000095, -9.597474094999939, 0.0 ], [ 119.708001628000034, -9.59747351599998, 0.0 ], [ 119.707724732000088, -9.597486720999939, 0.0 ], [ 119.70711317100006, -9.597215177999942, 0.0 ], [ 119.706754871000044, -9.597403569999926, 0.0 ], [ 119.706628262000095, -9.597474585999976, 0.0 ], [ 119.706522756000027, -9.597463394999977, 0.0 ], [ 119.706319816000018, -9.59698239599993, 0.0 ], [ 119.706615270000043, -9.596285487999978, 0.0 ], [ 119.706775035000078, -9.595974397999953, 0.0 ], [ 119.706872589000113, -9.595784471999934, 0.0 ], [ 119.707059903000072, -9.595488971999941, 0.0 ], [ 119.707337734000021, -9.595234234999964, 0.0 ], [ 119.707468722000044, -9.595071452999946, 0.0 ], [ 119.707480263000093, -9.594727968999962, 0.0 ], [ 119.707478499000104, -9.59449154899994, 0.0 ], [ 119.707599032000076, -9.594279567999934, 0.0 ], [ 119.707877608000103, -9.593982239999946, 0.0 ], [ 119.708024124000076, -9.593856926999933, 0.0 ], [ 119.708252781000056, -9.593780018999951, 0.0 ], [ 119.708464672000105, -9.593797630999973, 0.0 ], [ 119.708743724000101, -9.594076100999928, 0.0 ], [ 119.708885234000036, -9.594217317999949, 0.0 ], [ 119.709022696000034, -9.594343107999975, 0.0 ], [ 119.709191423000107, -9.594344833999969, 0.0 ], [ 119.709614067000075, -9.594101310999974, 0.0 ], [ 119.709918327000082, -9.593891644999928, 0.0 ], [ 119.710121888000117, -9.593742274999954, 0.0 ], [ 119.710450753000032, -9.593561291999947, 0.0 ], [ 119.711180088000106, -9.593159925999942, 0.0 ], [ 119.711404315000095, -9.59299705199993, 0.0 ], [ 119.711527040000078, -9.59283570499997, 0.0 ], [ 119.711588873000096, -9.592579113999932, 0.0 ], [ 119.711482907000118, -9.592308555999978, 0.0 ], [ 119.711404972000082, -9.592109500999982, 0.0 ], [ 119.711333065000076, -9.59191723999993, 0.0 ], [ 119.711355192000042, -9.591705971999943, 0.0 ], [ 119.711548833000052, -9.591629980999926, 0.0 ], [ 119.712265167000055, -9.591600851999942, 0.0 ], [ 119.712573504000034, -9.591626506999944, 0.0 ], [ 119.712773177000031, -9.591874780999945, 0.0 ], [ 119.712901742000099, -9.591970153999966, 0.0 ], [ 119.713625628000045, -9.59213108199998, 0.0 ], [ 119.714034213000105, -9.59215951799996, 0.0 ], [ 119.714237626000113, -9.592116626999939, 0.0 ], [ 119.714334158000042, -9.592031283999972, 0.0 ], [ 119.714414091000094, -9.591719661999946, 0.0 ], [ 119.714400750000095, -9.591508203999979, 0.0 ], [ 119.71432285800006, -9.591308451999964, 0.0 ], [ 119.714077791000022, -9.590926546999981, 0.0 ], [ 119.713861679000047, -9.590440727999976, 0.0 ], [ 119.713583354000093, -9.590032767999958, 0.0 ], [ 119.713094234000096, -9.589796878999948, 0.0 ], [ 119.712904124000033, -9.589443348999964, 0.0 ], [ 119.712797567000052, -9.589215692999971, 0.0 ], [ 119.712694810000016, -9.589127297999937, 0.0 ], [ 119.712383106000061, -9.589221124999938, 0.0 ], [ 119.712202197000011, -9.589303599999937, 0.0 ], [ 119.712149448000105, -9.58932761799997, 0.0 ], [ 119.711974734000023, -9.589286443999981, 0.0 ], [ 119.711888123000108, -9.589165322999975, 0.0 ], [ 119.711773567000023, -9.588791338999954, 0.0 ], [ 119.711953174000087, -9.588332183999967, 0.0 ], [ 119.712091257000111, -9.58784611699997, 0.0 ], [ 119.712106753000057, -9.58768650199994, 0.0 ], [ 119.711997035000081, -9.587384272999941, 0.0 ], [ 119.711915537000095, -9.587263356999927, 0.0 ], [ 119.711493381000082, -9.58712408699995, 0.0 ], [ 119.711220948000118, -9.586742356999935, 0.0 ], [ 119.711125069000104, -9.58631711299995, 0.0 ], [ 119.711119722000035, -9.586158584999964, 0.0 ], [ 119.711300013000027, -9.58594334999998, 0.0 ], [ 119.711687598000026, -9.585572146999937, 0.0 ], [ 119.711716083000056, -9.585492648999946, 0.0 ], [ 119.711652932000106, -9.585382879999941, 0.0 ], [ 119.711355601000037, -9.58531605099995, 0.0 ], [ 119.71111057600001, -9.585287580999932, 0.0 ], [ 119.710824652000042, -9.585095789999968, 0.0 ], [ 119.710684350000065, -9.584927980999964, 0.0 ], [ 119.710559510000053, -9.584738953999931, 0.0 ], [ 119.710516447000032, -9.58469439299995, 0.0 ], [ 119.709924293000086, -9.584779655999967, 0.0 ], [ 119.709686503000057, -9.584792344999926, 0.0 ], [ 119.709582343000079, -9.584749612999929, 0.0 ], [ 119.709477321, -9.584537363999971, 0.0 ], [ 119.709368398000038, -9.584317161999934, 0.0 ], [ 119.709341963000043, -9.584219351999934, 0.0 ], [ 119.708921691000114, -9.58402341599998, 0.0 ], [ 119.708765348000043, -9.583950521999952, 0.0 ], [ 119.70835197100007, -9.583729507999976, 0.0 ], [ 119.708211984000059, -9.583599333999928, 0.0 ], [ 119.708073469000055, -9.583417444999952, 0.0 ], [ 119.708059290000051, -9.583261260999961, 0.0 ], [ 119.708232734000035, -9.582975894999947, 0.0 ], [ 119.70829070800005, -9.582808477999947, 0.0 ], [ 119.70818551900004, -9.582417604999932, 0.0 ], [ 119.708141975000103, -9.582275725999978, 0.0 ], [ 119.707690206000052, -9.582279523999944, 0.0 ], [ 119.707139134000045, -9.582208712999943, 0.0 ], [ 119.706439747000104, -9.581941062999931, 0.0 ], [ 119.70620373600002, -9.581850709999969, 0.0 ], [ 119.706037471000059, -9.581673707999926, 0.0 ], [ 119.705730809000102, -9.581606540999928, 0.0 ], [ 119.705414517, -9.581469021999965, 0.0 ], [ 119.705367689000013, -9.581463698999926, 0.0 ], [ 119.705266584000015, -9.581492730999969, 0.0 ], [ 119.705176585000117, -9.581389515999945, 0.0 ], [ 119.704995183000051, -9.58119398599996, 0.0 ], [ 119.704483846000016, -9.58100270999995, 0.0 ], [ 119.704221415, -9.58094350999994, 0.0 ], [ 119.70207223400007, -9.580458750999981, 0.0 ], [ 119.701828751000107, -9.579516890999969, 0.0 ], [ 119.70176724800001, -9.579163128999937, 0.0 ], [ 119.701593717000037, -9.578282018999971, 0.0 ], [ 119.701386837000086, -9.577769673999967, 0.0 ], [ 119.701111978000085, -9.576856985999939, 0.0 ], [ 119.700723140000036, -9.576167252999937, 0.0 ], [ 119.700597084000037, -9.575845458999936, 0.0 ], [ 119.700590422000118, -9.575644969999928, 0.0 ], [ 119.700729608000074, -9.575282266999977, 0.0 ], [ 119.700870236000014, -9.575022910999962, 0.0 ], [ 119.700993575000098, -9.574783529999934, 0.0 ], [ 119.701031374000081, -9.574634023999977, 0.0 ], [ 119.701147527000103, -9.574334582999938, 0.0 ], [ 119.701187343000015, -9.574038364999979, 0.0 ], [ 119.701042888000075, -9.573327205999931, 0.0 ], [ 119.701009154000076, -9.573020735999933, 0.0 ], [ 119.701043276000064, -9.572692360999952, 0.0 ], [ 119.701089057000104, -9.572570986999949, 0.0 ], [ 119.701157643000101, -9.572389088999955, 0.0 ], [ 119.70134853400009, -9.571993132999978, 0.0 ], [ 119.701428433000046, -9.571652237999956, 0.0 ], [ 119.701403995000078, -9.571278817999939, 0.0 ], [ 119.701231655000015, -9.570844007999938, 0.0 ], [ 119.700922406000018, -9.570606425999927, 0.0 ], [ 119.700810392000108, -9.570520363999947, 0.0 ], [ 119.70062517100007, -9.570378532999939, 0.0 ], [ 119.700486825000098, -9.570192973999951, 0.0 ], [ 119.700350071000116, -9.569960745999936, 0.0 ], [ 119.700156470000024, -9.569708912999943, 0.0 ], [ 119.700048047000109, -9.56949229099996, 0.0 ], [ 119.699942880000094, -9.56920966399997, 0.0 ], [ 119.699831143000097, -9.568909331999976, 0.0 ], [ 119.69971264000003, -9.568710566999926, 0.0 ], [ 119.699548948000029, -9.568582964999962, 0.0 ], [ 119.699327216000029, -9.56851015899997, 0.0 ], [ 119.699201200000061, -9.568510989999936, 0.0 ], [ 119.699094346000038, -9.568629202999944, 0.0 ], [ 119.698987845000033, -9.568816486999935, 0.0 ], [ 119.698899594000068, -9.568882420999955, 0.0 ], [ 119.698609622000049, -9.568906566999942, 0.0 ], [ 119.698304557000029, -9.568748299999982, 0.0 ], [ 119.697956736000037, -9.568496380999932, 0.0 ], [ 119.697468561000051, -9.568254938999928, 0.0 ], [ 119.697159140000053, -9.568096865999962, 0.0 ], [ 119.696458923000023, -9.567410784999936, 0.0 ], [ 119.696314592000022, -9.567228894999971, 0.0 ], [ 119.696071581000069, -9.566810718999932, 0.0 ], [ 119.695754438000108, -9.56605237499997, 0.0 ], [ 119.695693516, -9.565349910999942, 0.0 ], [ 119.695663078000052, -9.564998656999933, 0.0 ], [ 119.695647861000111, -9.564823049999973, 0.0 ], [ 119.69563262500003, -9.564647442999956, 0.0 ], [ 119.696011798000086, -9.563015336999968, 0.0 ], [ 119.696086641000079, -9.562615814999958, 0.0 ], [ 119.696108887000037, -9.562519124999938, 0.0 ], [ 119.696134232000077, -9.562430907999953, 0.0 ], [ 119.696154345000082, -9.562345764999975, 0.0 ], [ 119.696324184000105, -9.561790845999951, 0.0 ], [ 119.696346923000078, -9.561426013999949, 0.0 ], [ 119.696325436000052, -9.561218018999966, 0.0 ], [ 119.695934409000074, -9.560353697999972, 0.0 ], [ 119.695840825000118, -9.56014683099994, 0.0 ], [ 119.695823147000056, -9.560107753999944, 0.0 ], [ 119.695806041000083, -9.560071848999939, 0.0 ], [ 119.695715097000061, -9.559880958999941, 0.0 ], [ 119.695559770000045, -9.559736739999948, 0.0 ], [ 119.695089923000069, -9.55953104799994, 0.0 ], [ 119.694860629000118, -9.559435051999969, 0.0 ], [ 119.694732928, -9.559308869999938, 0.0 ], [ 119.694624067000063, -9.559056127999952, 0.0 ], [ 119.69457722300001, -9.558795007999947, 0.0 ], [ 119.694542521000017, -9.558601539999927, 0.0 ], [ 119.694456689000049, -9.55816098899993, 0.0 ], [ 119.694294816000024, -9.557846299999937, 0.0 ], [ 119.694186079000019, -9.55767770999995, 0.0 ], [ 119.69383477000008, -9.557338297999934, 0.0 ], [ 119.693671775000098, -9.557180819999928, 0.0 ], [ 119.693400623000116, -9.55696680099993, 0.0 ], [ 119.693111855000097, -9.556696459999955, 0.0 ], [ 119.692976744000021, -9.55645650699995, 0.0 ], [ 119.692953026000055, -9.556164836999926, 0.0 ], [ 119.692859992000081, -9.555774619999966, 0.0 ], [ 119.69281508600011, -9.555586330999972, 0.0 ], [ 119.692733145000034, -9.555476890999955, 0.0 ], [ 119.692344097000046, -9.555120386999931, 0.0 ], [ 119.691915047000066, -9.55470343199994, 0.0 ], [ 119.691554310000015, -9.554417100999956, 0.0 ], [ 119.691315340000074, -9.55427683399995, 0.0 ], [ 119.690263007000112, -9.55445758299993, 0.0 ], [ 119.690015976000041, -9.554552754999975, 0.0 ], [ 119.689710607000052, -9.554903017999948, 0.0 ], [ 119.689648860000034, -9.554966091999972, 0.0 ], [ 119.689501791000112, -9.554944239999941, 0.0 ], [ 119.689052434000018, -9.554661440999951, 0.0 ], [ 119.688738574000013, -9.55445264399998, 0.0 ], [ 119.688535981000086, -9.554402469999957, 0.0 ], [ 119.687956224000118, -9.554423759999963, 0.0 ], [ 119.687500791000048, -9.554468657999962, 0.0 ], [ 119.687279859000114, -9.554429081999956, 0.0 ], [ 119.687029718000076, -9.554284849999931, 0.0 ], [ 119.686865600000033, -9.554164924999952, 0.0 ], [ 119.686653435000039, -9.554216331999953, 0.0 ], [ 119.68651189000002, -9.55413785099995, 0.0 ], [ 119.686120835000111, -9.55362400599995, 0.0 ], [ 119.685971588000029, -9.55342793899996, 0.0 ], [ 119.685738382000068, -9.553223959999968, 0.0 ], [ 119.68552722700008, -9.553102226999954, 0.0 ], [ 119.684761970000068, -9.552909552999949, 0.0 ], [ 119.684384608000073, -9.552917158999946, 0.0 ], [ 119.683736748000115, -9.552868415999967, 0.0 ], [ 119.683636748000026, -9.552858403999949, 0.0 ], [ 119.683546110000066, -9.552785021999966, 0.0 ], [ 119.683238182000082, -9.552671861999954, 0.0 ], [ 119.683019705000106, -9.552633411999977, 0.0 ], [ 119.682620488000111, -9.55270500599994, 0.0 ], [ 119.682197088000066, -9.552862777999962, 0.0 ], [ 119.68201319100001, -9.552927910999927, 0.0 ], [ 119.681807099000025, -9.552824676999933, 0.0 ], [ 119.681642300000021, -9.552595221999979, 0.0 ], [ 119.681520345000081, -9.552436925999928, 0.0 ], [ 119.681297740000105, -9.552373786999965, 0.0 ], [ 119.681123287000105, -9.552372785999978, 0.0 ], [ 119.681018601, -9.552412297999979, 0.0 ], [ 119.680510013000116, -9.55311609599994, 0.0 ], [ 119.680420560000016, -9.55318906499997, 0.0 ], [ 119.680206171, -9.553212348999978, 0.0 ], [ 119.679840644000024, -9.553151458999935, 0.0 ], [ 119.67950767800005, -9.553098619999957, 0.0 ], [ 119.679319181000096, -9.553141361999963, 0.0 ], [ 119.679125046000081, -9.553615397999977, 0.0 ], [ 119.67893910500004, -9.553923767999947, 0.0 ], [ 119.678729290000092, -9.554090581999958, 0.0 ], [ 119.678423720000069, -9.554192581999928, 0.0 ], [ 119.678143361000025, -9.554300112999954, 0.0 ], [ 119.677959498000064, -9.554463312999928, 0.0 ], [ 119.677931710000053, -9.554535081999973, 0.0 ], [ 119.677680537000015, -9.555183456999941, 0.0 ], [ 119.677639975000034, -9.555373377999956, 0.0 ], [ 119.67758019300004, -9.555509658999938, 0.0 ], [ 119.677380989000085, -9.555715164999981, 0.0 ], [ 119.676336196000079, -9.55588000299997, 0.0 ], [ 119.676064361000044, -9.555878538999934, 0.0 ], [ 119.675919957000019, -9.555833926999981, 0.0 ], [ 119.675831744000106, -9.555764283999963, 0.0 ], [ 119.675789183, -9.555626710999945, 0.0 ], [ 119.675877338000078, -9.555394906999936, 0.0 ], [ 119.675967723000099, -9.555233772999941, 0.0 ], [ 119.675969613, -9.555115913999941, 0.0 ], [ 119.675874625, -9.554989018999947, 0.0 ], [ 119.675660730000118, -9.55486256599994, 0.0 ], [ 119.675388156000054, -9.55479678599994, 0.0 ], [ 119.675209311000117, -9.554792, 0.0 ], [ 119.674926780000078, -9.554919645999973, 0.0 ], [ 119.674763922000011, -9.555004879999956, 0.0 ], [ 119.674580733000084, -9.554997439999966, 0.0 ], [ 119.674445678000097, -9.554923126999938, 0.0 ], [ 119.674407989000088, -9.554681612999957, 0.0 ], [ 119.674374066000041, -9.554484440999943, 0.0 ], [ 119.67433613500009, -9.554263969999965, 0.0 ], [ 119.674077390000093, -9.55377040999997, 0.0 ], [ 119.673404328000061, -9.553178599999967, 0.0 ], [ 119.673156250000034, -9.552946800999962, 0.0 ], [ 119.672996801000068, -9.552797783999949, 0.0 ], [ 119.672908178000057, -9.552700931999937, 0.0 ], [ 119.67279897200001, -9.552581561999943, 0.0 ], [ 119.672731935000115, -9.552407509999966, 0.0 ], [ 119.672554824000031, -9.551947446999975, 0.0 ], [ 119.672489119000033, -9.551607178999973, 0.0 ], [ 119.672480167000117, -9.55128407199993, 0.0 ], [ 119.672482814000091, -9.551001719999931, 0.0 ], [ 119.67235418000007, -9.550581310999974, 0.0 ], [ 119.672040472000049, -9.549983546999954, 0.0 ], [ 119.672000817000026, -9.549926196999934, 0.0 ], [ 119.671804046000034, -9.549711495999929, 0.0 ], [ 119.671566666000103, -9.549653657999954, 0.0 ], [ 119.671423902000015, -9.549698945999978, 0.0 ], [ 119.670715468000026, -9.549923677999971, 0.0 ], [ 119.670259391000059, -9.550169661999973, 0.0 ], [ 119.669706872, -9.550468191999926, 0.0 ], [ 119.669312139000112, -9.550593940999931, 0.0 ], [ 119.668961636000063, -9.550655392999943, 0.0 ], [ 119.668632996000042, -9.550689563999981, 0.0 ], [ 119.668447173000118, -9.550675534999925, 0.0 ], [ 119.66834338700005, -9.550625474999947, 0.0 ], [ 119.668236481, -9.550484875999928, 0.0 ], [ 119.668051855000044, -9.550117220999937, 0.0 ], [ 119.667855444000111, -9.549939093999967, 0.0 ], [ 119.667808773000047, -9.549896757999932, 0.0 ], [ 119.667532425000104, -9.549748097999952, 0.0 ], [ 119.66724057600004, -9.549643443999969, 0.0 ], [ 119.666821863000109, -9.549534483999935, 0.0 ], [ 119.666503857000066, -9.54945169299998, 0.0 ], [ 119.666471333000118, -9.549452406999933, 0.0 ], [ 119.666427842000076, -9.549450422999939, 0.0 ], [ 119.666073, -9.549499878999939, 0.0 ], [ 119.665849153000067, -9.549486080999941, 0.0 ], [ 119.665578541000059, -9.549409059999959, 0.0 ], [ 119.665475629000071, -9.549348803999976, 0.0 ], [ 119.665468262000104, -9.548672238999927, 0.0 ], [ 119.665420030000064, -9.548468360999948, 0.0 ], [ 119.665296802000057, -9.548370099999943, 0.0 ], [ 119.665004434000025, -9.548267315999965, 0.0 ], [ 119.664794661000087, -9.548204578999957, 0.0 ], [ 119.664718695000033, -9.548156301999938, 0.0 ], [ 119.664687545000106, -9.548136519999957, 0.0 ], [ 119.664669484000115, -9.54789853699998, 0.0 ], [ 119.664709923000032, -9.547664250999958, 0.0 ], [ 119.664815307000026, -9.547332939999933, 0.0 ], [ 119.664840442000013, -9.546901333999926, 0.0 ], [ 119.664769031000105, -9.546481428999925, 0.0 ], [ 119.664638749, -9.546181626999953, 0.0 ], [ 119.664460893000069, -9.545908475999966, 0.0 ], [ 119.664221421000093, -9.545260485999961, 0.0 ], [ 119.66415981800003, -9.545177009999975, 0.0 ], [ 119.664044764000096, -9.545021087999942, 0.0 ], [ 119.663760564000086, -9.544405176999931, 0.0 ], [ 119.663649314000054, -9.54429343299995, 0.0 ], [ 119.663384159000088, -9.544240533999925, 0.0 ], [ 119.6630821870001, -9.544267281999964, 0.0 ], [ 119.662552675000029, -9.544508117999953, 0.0 ], [ 119.662224797000022, -9.544673399999965, 0.0 ], [ 119.661804393000011, -9.544804498999952, 0.0 ], [ 119.661654759000044, -9.54481553599993, 0.0 ], [ 119.66070911700001, -9.54488545199996, 0.0 ], [ 119.660348598000041, -9.544975498999975, 0.0 ], [ 119.659903191000012, -9.545166182999935, 0.0 ], [ 119.659748571000023, -9.545214334999969, 0.0 ], [ 119.659454848000109, -9.545176054999956, 0.0 ], [ 119.659247720000053, -9.545086570999956, 0.0 ], [ 119.658949060000054, -9.544961853999951, 0.0 ], [ 119.658291502000111, -9.544995458999949, 0.0 ], [ 119.65799899000001, -9.545006956999941, 0.0 ], [ 119.657818164000105, -9.544974976999981, 0.0 ], [ 119.65759756500006, -9.544829223999955, 0.0 ], [ 119.657364322000035, -9.544644734999963, 0.0 ], [ 119.657168349000017, -9.54459079999998, 0.0 ], [ 119.65673682900001, -9.544588952999959, 0.0 ], [ 119.656146086000035, -9.544667765999975, 0.0 ], [ 119.655384326000103, -9.544914192999954, 0.0 ], [ 119.654882996000083, -9.544948051999938, 0.0 ], [ 119.65446896900005, -9.545083680999937, 0.0 ], [ 119.654083497000101, -9.545205033999935, 0.0 ], [ 119.653391074000069, -9.545247863999975, 0.0 ], [ 119.652827141000103, -9.545197895999934, 0.0 ], [ 119.652520191, -9.545076542999936, 0.0 ], [ 119.652370285000075, -9.545083680999937, 0.0 ], [ 119.652170410000053, -9.545276417999958, 0.0 ], [ 119.651820629000099, -9.545326385999942, 0.0 ], [ 119.651506540000014, -9.545212171999935, 0.0 ], [ 119.651013992000117, -9.545126511999968, 0.0 ], [ 119.650778425000112, -9.545219310999926, 0.0 ], [ 119.650507167000114, -9.545376354999974, 0.0 ], [ 119.650304642000037, -9.545690631999946, 0.0 ], [ 119.650307292000093, -9.54626865299997, 0.0 ], [ 119.650328707000085, -9.546625571999925, 0.0 ], [ 119.650371538000059, -9.547011044999977, 0.0 ], [ 119.650518581000028, -9.547347086999935, 0.0 ], [ 119.65050002800001, -9.547560699999963, 0.0 ], [ 119.650464337000017, -9.548181739999961, 0.0 ], [ 119.650514305000115, -9.548502966999934, 0.0 ], [ 119.650474528000018, -9.548908984999969, 0.0 ], [ 119.6502787390001, -9.549645107999936, 0.0 ], [ 119.650196165000011, -9.549926365999966, 0.0 ], [ 119.650231857000108, -9.550122671999929, 0.0 ], [ 119.65041923900003, -9.550442113999964, 0.0 ], [ 119.650520366000023, -9.550712777999934, 0.0 ], [ 119.650544161000084, -9.55096262099994, 0.0 ], [ 119.650532264000049, -9.551161900999944, 0.0 ], [ 119.65049062300011, -9.551221387999931, 0.0 ], [ 119.650383547000047, -9.551233284999967, 0.0 ], [ 119.650318112000036, -9.551280873999929, 0.0 ], [ 119.650258626000095, -9.551358206999964, 0.0 ], [ 119.650163447000068, -9.551495025999941, 0.0 ], [ 119.650089089000062, -9.551569383999947, 0.0 ], [ 119.650037758000053, -9.551591840999947, 0.0 ], [ 119.650023349000094, -9.551608835999957, 0.0 ], [ 119.649735740000096, -9.551640178999946, 0.0 ], [ 119.649626032000015, -9.55165735099996, 0.0 ], [ 119.649501942000029, -9.551676774999976, 0.0 ], [ 119.649220831000093, -9.551655695999955, 0.0 ], [ 119.649066198000014, -9.551619144999961, 0.0 ], [ 119.648939397000049, -9.551588146999961, 0.0 ], [ 119.648859909000066, -9.551542588999951, 0.0 ], [ 119.648207985000113, -9.55116894799994, 0.0 ], [ 119.648182176000091, -9.551149862999978, 0.0 ], [ 119.648083778000114, -9.551077089999978, 0.0 ], [ 119.647857835000082, -9.550909992999948, 0.0 ], [ 119.647367472000042, -9.550450240999965, 0.0 ], [ 119.646466236000037, -9.549631861999956, 0.0 ], [ 119.64583028200002, -9.549126503999958, 0.0 ], [ 119.645688803000098, -9.54899874399996, 0.0 ], [ 119.645276057000046, -9.548769794999941, 0.0 ], [ 119.645175643000016, -9.548705161999976, 0.0 ], [ 119.645008584000038, -9.548614941999972, 0.0 ], [ 119.64491969200003, -9.548635679999961, 0.0 ], [ 119.64479661900009, -9.548656993999941, 0.0 ], [ 119.644522264000102, -9.548767298999962, 0.0 ], [ 119.644318332000012, -9.548869772999979, 0.0 ], [ 119.64409774, -9.549103837999951, 0.0 ], [ 119.643985594000014, -9.549292410999954, 0.0 ], [ 119.643866549000109, -9.549477366999952, 0.0 ], [ 119.643668892000051, -9.549856308999949, 0.0 ], [ 119.643651430000091, -9.549881453999944, 0.0 ], [ 119.643452508000109, -9.550111353999966, 0.0 ], [ 119.643330030000016, -9.550250157999926, 0.0 ], [ 119.643296243, -9.550271847999966, 0.0 ], [ 119.643194521000055, -9.550365459999966, 0.0 ], [ 119.643094561000112, -9.550401332999968, 0.0 ], [ 119.642797686000108, -9.550508048999973, 0.0 ], [ 119.642491717000098, -9.550595044999966, 0.0 ], [ 119.642373889000055, -9.550628549999942, 0.0 ], [ 119.642120208000051, -9.550698962999945, 0.0 ], [ 119.641734234000069, -9.550736736999966, 0.0 ], [ 119.64148783600001, -9.550657274999935, 0.0 ], [ 119.641458019000083, -9.550582993999967, 0.0 ], [ 119.641399935000095, -9.550460518999955, 0.0 ], [ 119.641261780000036, -9.550080172999969, 0.0 ], [ 119.641237329000091, -9.549946893999959, 0.0 ], [ 119.641161903000011, -9.549826049999979, 0.0 ], [ 119.640771876000031, -9.549550193999949, 0.0 ], [ 119.640330875000018, -9.549481282999977, 0.0 ], [ 119.640091531000053, -9.549418314999969, 0.0 ], [ 119.639465263000034, -9.549054988999956, 0.0 ], [ 119.639137447000053, -9.548944366999933, 0.0 ], [ 119.638921004000053, -9.548930100999939, 0.0 ], [ 119.638538428000061, -9.549083691999954, 0.0 ], [ 119.63824640100006, -9.54927172899994, 0.0 ], [ 119.638036691000025, -9.549483012999929, 0.0 ], [ 119.63790481500007, -9.549780896999948, 0.0 ], [ 119.637839409000094, -9.549948928999981, 0.0 ], [ 119.637715523000111, -9.550130847999981, 0.0 ], [ 119.637596871000028, -9.550285344999963, 0.0 ], [ 119.637447068000029, -9.550352977999978, 0.0 ], [ 119.637304003000054, -9.550359175999972, 0.0 ], [ 119.637182498000016, -9.550305270999957, 0.0 ], [ 119.637059828000019, -9.549892936999981, 0.0 ], [ 119.637045418000071, -9.549830211999961, 0.0 ], [ 119.63662553000006, -9.549293051999939, 0.0 ], [ 119.636382956000034, -9.548994425999979, 0.0 ], [ 119.636237593000033, -9.548882302999971, 0.0 ], [ 119.636152425000091, -9.54885431699995, 0.0 ], [ 119.635874789000013, -9.549024991999943, 0.0 ], [ 119.635523893000027, -9.549245054999972, 0.0 ], [ 119.634674316000087, -9.549388317999956, 0.0 ], [ 119.634260423000114, -9.549407051999935, 0.0 ], [ 119.633863604000112, -9.54937147399994, 0.0 ], [ 119.633497396000053, -9.549115515999972, 0.0 ], [ 119.633279293000101, -9.548814457999981, 0.0 ], [ 119.633218930000112, -9.548612919999925, 0.0 ], [ 119.633216477000019, -9.548329946999957, 0.0 ], [ 119.63345052000011, -9.547659133999957, 0.0 ], [ 119.63350532600009, -9.54735934699994, 0.0 ], [ 119.633496314000013, -9.54715026599996, 0.0 ], [ 119.633431802000018, -9.546977092999953, 0.0 ], [ 119.633281727000053, -9.546283104999929, 0.0 ], [ 119.633074373000113, -9.544526940999958, 0.0 ], [ 119.632799294000051, -9.544550546999972, 0.0 ], [ 119.632169986, -9.544725889999938, 0.0 ], [ 119.632011764000026, -9.544800692999956, 0.0 ], [ 119.63196908000009, -9.544879488999982, 0.0 ], [ 119.631850437000026, -9.545098505999931, 0.0 ], [ 119.631812575000026, -9.545615235999946, 0.0 ], [ 119.631792848000032, -9.545727719999945, 0.0 ], [ 119.631773120000048, -9.545840203999944, 0.0 ], [ 119.631729732000053, -9.545966268999962, 0.0 ], [ 119.631696737000084, -9.546012219999966, 0.0 ], [ 119.631651890000057, -9.546058924999954, 0.0 ], [ 119.630906372000027, -9.546386364999933, 0.0 ], [ 119.630559323000057, -9.546475495999971, 0.0 ], [ 119.630270091000057, -9.546503062999932, 0.0 ], [ 119.629750611000077, -9.546808311999939, 0.0 ], [ 119.629524937000042, -9.547206180999979, 0.0 ], [ 119.629494466000097, -9.547392676999948, 0.0 ], [ 119.629542602000015, -9.547527000999935, 0.0 ], [ 119.629587860000015, -9.547653296999954, 0.0 ], [ 119.629709109000032, -9.547839826999962, 0.0 ], [ 119.629859295000074, -9.548026594999953, 0.0 ], [ 119.629934359000117, -9.54830256799994, 0.0 ], [ 119.629884329000106, -9.548421997999981, 0.0 ], [ 119.629768465000097, -9.548522046999949, 0.0 ], [ 119.629475170000092, -9.54867412599998, 0.0 ], [ 119.629139920000057, -9.548992860999931, 0.0 ], [ 119.628745449, -9.54952381499993, 0.0 ], [ 119.62840243800008, -9.550488720999965, 0.0 ], [ 119.628307202000087, -9.550667768999972, 0.0 ], [ 119.628188435000084, -9.550856754999927, 0.0 ], [ 119.628149205000113, -9.550924646999931, 0.0 ], [ 119.628150514000026, -9.551099189999945, 0.0 ], [ 119.628137343000049, -9.551281095999968, 0.0 ], [ 119.628048749000072, -9.551434094999934, 0.0 ], [ 119.62794602800011, -9.551505379999981, 0.0 ], [ 119.627715965000107, -9.551593439999976, 0.0 ], [ 119.627426309000043, -9.551625349999938, 0.0 ], [ 119.627221488000032, -9.551567113999965, 0.0 ], [ 119.627025509000077, -9.551433146999955, 0.0 ], [ 119.626860122000039, -9.551362579999932, 0.0 ], [ 119.626793152000118, -9.551414612999963, 0.0 ], [ 119.62657368400005, -9.552152285999966, 0.0 ], [ 119.626526303000105, -9.552427089999981, 0.0 ], [ 119.626431123000089, -9.552892391999933, 0.0 ], [ 119.626335028000085, -9.553255271999944, 0.0 ], [ 119.626187621000099, -9.553441111999973, 0.0 ], [ 119.625516759000107, -9.553067575999933, 0.0 ], [ 119.624745813000118, -9.552824870999927, 0.0 ], [ 119.624446001000024, -9.552824870999927, 0.0 ], [ 119.624173577000079, -9.553243256999963, 0.0 ], [ 119.623993327000107, -9.553520082999967, 0.0 ], [ 119.623655110000072, -9.553905827999927, 0.0 ], [ 119.623223106000069, -9.553997270999957, 0.0 ], [ 119.622233102000109, -9.55371003099998, 0.0 ], [ 119.62151450500005, -9.553380474999926, 0.0 ], [ 119.619753704000118, -9.552904582999929, 0.0 ], [ 119.618659152000077, -9.552238333999981, 0.0 ], [ 119.617945314000053, -9.551096192999978, 0.0 ], [ 119.617711813000028, -9.550723355999935, 0.0 ], [ 119.617024816000026, -9.549626411999952, 0.0 ], [ 119.616667942000049, -9.549083837999945, 0.0 ], [ 119.616488013000094, -9.54851741899995, 0.0 ], [ 119.616388921000066, -9.548207735999938, 0.0 ], [ 119.616309118000117, -9.547891679999964, 0.0 ], [ 119.616254239000114, -9.547536970999943, 0.0 ], [ 119.616265827, -9.547441317999926, 0.0 ], [ 119.616257593000114, -9.547325193999939, 0.0 ], [ 119.616224998, -9.547182909999947, 0.0 ], [ 119.616232155000034, -9.547153408999975, 0.0 ], [ 119.616256339000074, -9.546906252999975, 0.0 ], [ 119.616224706000025, -9.546539236999934, 0.0 ], [ 119.616218827000012, -9.54649173599995, 0.0 ], [ 119.616061762000072, -9.545574638999938, 0.0 ], [ 119.61600507300011, -9.545395111999937, 0.0 ], [ 119.615957466000054, -9.545207160999951, 0.0 ], [ 119.615881531000014, -9.544268953999961, 0.0 ], [ 119.615889231000097, -9.543873327999961, 0.0 ], [ 119.61590886700003, -9.543774345999964, 0.0 ], [ 119.616157813000086, -9.543597361999957, 0.0 ], [ 119.61623866900004, -9.543475770999976, 0.0 ], [ 119.616588917000058, -9.542896111999937, 0.0 ], [ 119.617140877000111, -9.542391376999944, 0.0 ], [ 119.617354888000023, -9.542160811999963, 0.0 ], [ 119.617642938000017, -9.541844597999955, 0.0 ], [ 119.617754765000086, -9.541691457999946, 0.0 ], [ 119.617889464000086, -9.541381283999954, 0.0 ], [ 119.61801356300009, -9.541092735999939, 0.0 ], [ 119.618208206000077, -9.540801790999978, 0.0 ], [ 119.618376237, -9.540635691999967, 0.0 ], [ 119.618469615000095, -9.540534003999937, 0.0 ], [ 119.618616811000038, -9.540243863999933, 0.0 ], [ 119.618777846000057, -9.53977372099996, 0.0 ], [ 119.618963185000098, -9.539471078999952, 0.0 ], [ 119.619008325000095, -9.539339902999927, 0.0 ], [ 119.618985512000108, -9.539068016999977, 0.0 ], [ 119.618978201000118, -9.538766581999937, 0.0 ], [ 119.619184058000087, -9.538522193999938, 0.0 ], [ 119.619482659000028, -9.538366891999942, 0.0 ], [ 119.61951819, -9.538311798999928, 0.0 ], [ 119.619510514000012, -9.538181939999959, 0.0 ], [ 119.619431879000103, -9.53804318899995, 0.0 ], [ 119.619224375000044, -9.537712143999954, 0.0 ], [ 119.619186815000035, -9.53735140799995, 0.0 ], [ 119.619134968000026, -9.537291406999941, 0.0 ], [ 119.618937122000034, -9.537055907999957, 0.0 ], [ 119.618879761000017, -9.536940109999932, 0.0 ], [ 119.618995124000094, -9.53666609499993, 0.0 ], [ 119.619119719000082, -9.536616421999952, 0.0 ], [ 119.619313233000071, -9.536609110999962, 0.0 ], [ 119.619679296000072, -9.536631894999971, 0.0 ], [ 119.619858187000091, -9.53664804899995, 0.0 ], [ 119.620050297000034, -9.536729721999961, 0.0 ], [ 119.620324746000051, -9.536949625999966, 0.0 ], [ 119.620443340000065, -9.536960629999953, 0.0 ], [ 119.620576888000073, -9.536917427999981, 0.0 ], [ 119.620793655000057, -9.536760501999936, 0.0 ], [ 119.62086884200005, -9.536646185999928, 0.0 ], [ 119.620938373000058, -9.536516345999928, 0.0 ], [ 119.621053858000096, -9.536367362999954, 0.0 ], [ 119.62114576700003, -9.53626315899993, 0.0 ], [ 119.621138701000064, -9.536186245999943, 0.0 ], [ 119.621168436000062, -9.536042893999934, 0.0 ], [ 119.621334979000039, -9.535907305999956, 0.0 ], [ 119.621533782000029, -9.535876608999956, 0.0 ], [ 119.62186715100006, -9.535881717999928, 0.0 ], [ 119.622227371, -9.53583903699996, 0.0 ], [ 119.622425527000019, -9.535717957999964, 0.0 ], [ 119.622614625000097, -9.535451063999972, 0.0 ], [ 119.622651326000096, -9.535283191999952, 0.0 ], [ 119.622696986000051, -9.53511132899996, 0.0 ], [ 119.622744657000112, -9.534969366999974, 0.0 ], [ 119.622914432000016, -9.534416537999959, 0.0 ], [ 119.62287858000002, -9.534204016999979, 0.0 ], [ 119.62279898700001, -9.534030522999956, 0.0 ], [ 119.622674103, -9.533864643999948, 0.0 ], [ 119.622352419000094, -9.533499351999978, 0.0 ], [ 119.622402970000053, -9.533350537999979, 0.0 ], [ 119.622467450000045, -9.533131940999965, 0.0 ], [ 119.622373986000071, -9.532950021999966, 0.0 ], [ 119.622322100000019, -9.532913193999946, 0.0 ], [ 119.622159119000116, -9.532797485999936, 0.0 ], [ 119.621904743000073, -9.532626419999929, 0.0 ], [ 119.621746988000041, -9.532385800999975, 0.0 ], [ 119.621733064000068, -9.532355345999974, 0.0 ], [ 119.621630395000011, -9.532053506999944, 0.0 ], [ 119.621623594000084, -9.531777938999937, 0.0 ], [ 119.621896550000088, -9.531488959999933, 0.0 ], [ 119.622110529000111, -9.531297375999941, 0.0 ], [ 119.622243870000034, -9.531177991999925, 0.0 ], [ 119.622580449000111, -9.530903484999953, 0.0 ], [ 119.622645995000084, -9.530843689999926, 0.0 ], [ 119.622720452000067, -9.530775769999934, 0.0 ], [ 119.622833724000088, -9.530645908999929, 0.0 ], [ 119.622967349000078, -9.530461209999942, 0.0 ], [ 119.622987293000051, -9.530308690999959, 0.0 ], [ 119.622985837000101, -9.530265050999958, 0.0 ], [ 119.622931296000047, -9.529919831999962, 0.0 ], [ 119.622759980000069, -9.529591941999968, 0.0 ], [ 119.622620114000028, -9.529387247999978, 0.0 ], [ 119.622496719000083, -9.529223070999933, 0.0 ], [ 119.622286399000018, -9.529115540999953, 0.0 ], [ 119.622110690000113, -9.529001236999932, 0.0 ], [ 119.621992621000118, -9.528809430999956, 0.0 ], [ 119.621971464000012, -9.528578305999929, 0.0 ], [ 119.621971017000078, -9.528520108999942, 0.0 ], [ 119.621969635000028, -9.528340253999943, 0.0 ], [ 119.621979524000039, -9.528269566999938, 0.0 ], [ 119.621977922000042, -9.528229374999967, 0.0 ], [ 119.6218690500001, -9.527885334999951, 0.0 ], [ 119.621664080000073, -9.527533446999939, 0.0 ], [ 119.621416918000023, -9.527288922999958, 0.0 ], [ 119.621353424000063, -9.527241080999943, 0.0 ], [ 119.621007651000014, -9.527024559999973, 0.0 ], [ 119.620809264000059, -9.52685000699995, 0.0 ], [ 119.620679997000025, -9.526732726999967, 0.0 ], [ 119.620419819000062, -9.526373741999976, 0.0 ], [ 119.620198576, -9.526016892999962, 0.0 ], [ 119.620057561000067, -9.525666151999928, 0.0 ], [ 119.619963619000032, -9.525143742999944, 0.0 ], [ 119.619920368000066, -9.524565930999927, 0.0 ], [ 119.619859433000101, -9.524219461999962, 0.0 ], [ 119.619798525000078, -9.523873016999971, 0.0 ], [ 119.619680181000035, -9.523642678999977, 0.0 ], [ 119.619603982000058, -9.523501645999943, 0.0 ], [ 119.619557951000047, -9.523437129999934, 0.0 ], [ 119.619459888000051, -9.523299689999931, 0.0 ], [ 119.619307770000091, -9.52321068699996, 0.0 ], [ 119.61915650100002, -9.523160798999982, 0.0 ], [ 119.618761397000071, -9.523117907999961, 0.0 ], [ 119.61864459800006, -9.523092118999955, 0.0 ], [ 119.618380106000018, -9.52312858199997, 0.0 ], [ 119.61819170800004, -9.523154552999927, 0.0 ], [ 119.617588049, -9.523259087999975, 0.0 ], [ 119.617317971000034, -9.523265583999944, 0.0 ], [ 119.617271983000023, -9.523256204999939, 0.0 ], [ 119.616950312000085, -9.523223756999926, 0.0 ], [ 119.616877992000013, -9.523214413999938, 0.0 ], [ 119.616649370000118, -9.52312673299997, 0.0 ], [ 119.61641312900008, -9.522908989999962, 0.0 ], [ 119.616228018000015, -9.52265144699993, 0.0 ], [ 119.616145257000085, -9.522572070999956, 0.0 ], [ 119.615899298000045, -9.522343423999928, 0.0 ], [ 119.615820153000072, -9.522270393999975, 0.0 ], [ 119.615413021000109, -9.521998026999938, 0.0 ], [ 119.614979910000102, -9.521673737999947, 0.0 ], [ 119.614940140000044, -9.521645500999966, 0.0 ], [ 119.61482386900002, -9.521563334999939, 0.0 ], [ 119.614415552000082, -9.521274797999979, 0.0 ], [ 119.614332171000115, -9.521215877999964, 0.0 ], [ 119.613890036000043, -9.52098805299994, 0.0 ], [ 119.613744442000097, -9.52087579099998, 0.0 ], [ 119.613618682000038, -9.520778811999946, 0.0 ], [ 119.613518710000108, -9.520701718999931, 0.0 ], [ 119.61348238100004, -9.520629649999933, 0.0 ], [ 119.613380330000041, -9.520394397999951, 0.0 ], [ 119.613336683000057, -9.520161950999977, 0.0 ], [ 119.613279159000058, -9.51985554099997, 0.0 ], [ 119.613203028000044, -9.51973490599994, 0.0 ], [ 119.61312883700009, -9.519599467999967, 0.0 ], [ 119.612801347000072, -9.519474222999975, 0.0 ], [ 119.612512294000112, -9.519422203999966, 0.0 ], [ 119.612401956000099, -9.519427090999955, 0.0 ], [ 119.612301781000042, -9.519431535999956, 0.0 ], [ 119.612239525000064, -9.519457237999973, 0.0 ], [ 119.612149472000056, -9.519478553999932, 0.0 ], [ 119.612125498000069, -9.519504307999966, 0.0 ], [ 119.611867605000043, -9.519783033999943, 0.0 ], [ 119.611570472000039, -9.519983961999969, 0.0 ], [ 119.611318245, -9.520024398999965, 0.0 ], [ 119.610967956000081, -9.519949929999939, 0.0 ], [ 119.610655987000086, -9.519798082999955, 0.0 ], [ 119.610459119000097, -9.519452680999962, 0.0 ], [ 119.610378181000101, -9.51902926899993, 0.0 ], [ 119.610450519000096, -9.518565557999978, 0.0 ], [ 119.610491921000062, -9.518473601999972, 0.0 ], [ 119.610561987000096, -9.518344559999946, 0.0 ], [ 119.610739362000118, -9.517985892999945, 0.0 ], [ 119.610931269000048, -9.517676087999973, 0.0 ], [ 119.611053810000044, -9.517535030999966, 0.0 ], [ 119.611200902000064, -9.517365709999979, 0.0 ], [ 119.611586368000076, -9.516958116999945, 0.0 ], [ 119.611660202000053, -9.516854408999961, 0.0 ], [ 119.611817428000109, -9.516686586999981, 0.0 ], [ 119.611819060000016, -9.51662026899993, 0.0 ], [ 119.611864548000085, -9.516214409999975, 0.0 ], [ 119.611862839000082, -9.516185599999972, 0.0 ], [ 119.611848801000065, -9.515703461999976, 0.0 ], [ 119.611631924000108, -9.515087936999976, 0.0 ], [ 119.61125784, -9.514628662999939, 0.0 ], [ 119.610845925000035, -9.514111391999961, 0.0 ], [ 119.610568088000036, -9.51373671999994, 0.0 ], [ 119.610533062000059, -9.513696489999973, 0.0 ], [ 119.610433745000023, -9.513555555999972, 0.0 ], [ 119.609941375000062, -9.513071816999968, 0.0 ], [ 119.609924690000071, -9.513039037999931, 0.0 ], [ 119.60938633100011, -9.512701809999953, 0.0 ], [ 119.60918041900004, -9.512601046999976, 0.0 ], [ 119.607896530000062, -9.511861199999942, 0.0 ], [ 119.60672675, -9.511402023999949, 0.0 ], [ 119.605527502000086, -9.511211666999941, 0.0 ], [ 119.605241966000108, -9.510888060999946, 0.0 ], [ 119.605308591000039, -9.510250364999933, 0.0 ], [ 119.60538473400004, -9.509555561999946, 0.0 ], [ 119.605898697000043, -9.508537152999963, 0.0 ], [ 119.606412661000036, -9.50804222499994, 0.0 ], [ 119.607031321000022, -9.507985117999965, 0.0 ], [ 119.607554802000095, -9.507728135999969, 0.0 ], [ 119.607821302000048, -9.507166583999947, 0.0 ], [ 119.607856673000015, -9.506140277999975, 0.0 ], [ 119.607964070000094, -9.50557710399994, 0.0 ], [ 119.608230569000057, -9.50521542599995, 0.0 ], [ 119.609172836000084, -9.504577729999937, 0.0 ], [ 119.609830454000075, -9.504007405999971, 0.0 ], [ 119.609527982000031, -9.503693889999965, 0.0 ], [ 119.609086736000108, -9.503243386999941, 0.0 ], [ 119.608558496000114, -9.502693731999955, 0.0 ], [ 119.607823243000098, -9.501708634999943, 0.0 ], [ 119.607430632000046, -9.501308885999947, 0.0 ], [ 119.607323556000097, -9.500987657999929, 0.0 ], [ 119.607647517000032, -9.499837758999945, 0.0 ], [ 119.607755459000032, -9.499451430999954, 0.0 ], [ 119.607919762000051, -9.498817146999954, 0.0 ], [ 119.607953608000116, -9.498653692999937, 0.0 ], [ 119.607997141000055, -9.498267640999927, 0.0 ], [ 119.608029715000043, -9.497798814999953, 0.0 ], [ 119.608049112000117, -9.497547706999967, 0.0 ], [ 119.607992752000087, -9.497305410999957, 0.0 ], [ 119.607857185000057, -9.497100112999931, 0.0 ], [ 119.607698096000036, -9.497006814999963, 0.0 ], [ 119.607508608000103, -9.496947327999976, 0.0 ], [ 119.60734009500004, -9.496926736999967, 0.0 ], [ 119.606749105000063, -9.496859207999933, 0.0 ], [ 119.606498141000088, -9.496762455999942, 0.0 ], [ 119.606233416, -9.496673781999959, 0.0 ], [ 119.605675950000091, -9.496519516999967, 0.0 ], [ 119.605474077000054, -9.496533172999932, 0.0 ], [ 119.604913746000079, -9.496697516999973, 0.0 ], [ 119.604673372000093, -9.49679079799995, 0.0 ], [ 119.604290645000106, -9.496932663999928, 0.0 ], [ 119.603533134000031, -9.49715178699995, 0.0 ], [ 119.603005215000053, -9.497216436999963, 0.0 ], [ 119.602918030000069, -9.497165251999945, 0.0 ], [ 119.602876110000011, -9.497065985999939, 0.0 ], [ 119.602885063000031, -9.496881125999948, 0.0 ], [ 119.602904590000094, -9.496642281999925, 0.0 ], [ 119.602981134000061, -9.495918267999969, 0.0 ], [ 119.603014189000078, -9.495705796999971, 0.0 ], [ 119.602975686000036, -9.495224704999941, 0.0 ], [ 119.602645901000074, -9.494707018999975, 0.0 ], [ 119.602152267000065, -9.494314146999955, 0.0 ], [ 119.601684642, -9.494072392999954, 0.0 ], [ 119.601219886000081, -9.493979282999931, 0.0 ], [ 119.600963405000016, -9.493946205999976, 0.0 ], [ 119.60062855000001, -9.493931816999975, 0.0 ], [ 119.600273920000063, -9.493992675999948, 0.0 ], [ 119.599794774000088, -9.494274282999982, 0.0 ], [ 119.59971542400001, -9.494391004999954, 0.0 ], [ 119.599648996000042, -9.494585068999982, 0.0 ], [ 119.599447233000092, -9.495559362999927, 0.0 ], [ 119.599156704000052, -9.496830174999957, 0.0 ], [ 119.599025090000055, -9.497120612999936, 0.0 ], [ 119.598897840000063, -9.497272456999951, 0.0 ], [ 119.598451905000047, -9.497623439999927, 0.0 ], [ 119.598262937000072, -9.497647924999967, 0.0 ], [ 119.598128812000027, -9.497674422999978, 0.0 ], [ 119.597955027000012, -9.497680908999939, 0.0 ], [ 119.597773013000051, -9.497634064999943, 0.0 ], [ 119.597529417000032, -9.497602283999981, 0.0 ], [ 119.597382872000026, -9.497614628999941, 0.0 ], [ 119.597263060000046, -9.497568362999971, 0.0 ], [ 119.596876153000039, -9.497292921999929, 0.0 ], [ 119.596752732000027, -9.497126546999937, 0.0 ], [ 119.59656717200005, -9.496796844999949, 0.0 ], [ 119.596450483000012, -9.496321110999929, 0.0 ], [ 119.596414227000082, -9.496139953999943, 0.0 ], [ 119.596288683000012, -9.495545174999961, 0.0 ], [ 119.596177092000062, -9.494796361999931, 0.0 ], [ 119.596202816000073, -9.494441456999937, 0.0 ], [ 119.596205670000018, -9.49440207899994, 0.0 ], [ 119.59618128000011, -9.494018232999963, 0.0 ], [ 119.59607067200011, -9.493819634999966, 0.0 ], [ 119.59590399700005, -9.493642677999958, 0.0 ], [ 119.595478546000095, -9.493304924999961, 0.0 ], [ 119.595083221000095, -9.493130316999952, 0.0 ], [ 119.59493968400011, -9.493069454999954, 0.0 ], [ 119.594510735000085, -9.492950065999935, 0.0 ], [ 119.593945703000031, -9.492787112999963, 0.0 ], [ 119.593755136000027, -9.492478674999973, 0.0 ], [ 119.59320565500002, -9.492257796999979, 0.0 ], [ 119.592710308000051, -9.491967423999938, 0.0 ], [ 119.592267545000027, -9.491136660999928, 0.0 ], [ 119.592247407000059, -9.490838427999961, 0.0 ], [ 119.592299732000015, -9.490474280999933, 0.0 ], [ 119.59247576700011, -9.489892395999959, 0.0 ], [ 119.592545939000047, -9.489622143999952, 0.0 ], [ 119.592531514000029, -9.489430737999953, 0.0 ], [ 119.592455607000034, -9.488967995999928, 0.0 ], [ 119.592459652000116, -9.488653091999936, 0.0 ], [ 119.592543405000015, -9.488413220999973, 0.0 ], [ 119.593286689000024, -9.487913440999932, 0.0 ], [ 119.593589139000073, -9.48776240799998, 0.0 ], [ 119.59377366800004, -9.487701537999953, 0.0 ], [ 119.593968653000047, -9.487621717999957, 0.0 ], [ 119.594637465, -9.487324409999928, 0.0 ], [ 119.595169217000034, -9.487096098999928, 0.0 ], [ 119.595376624000096, -9.486941548999937, 0.0 ], [ 119.59550025100009, -9.486779332999959, 0.0 ], [ 119.595625953000081, -9.486620672999948, 0.0 ], [ 119.595823856000038, -9.486405628999933, 0.0 ], [ 119.595897984000089, -9.486280474999944, 0.0 ], [ 119.595907720000014, -9.486050972999976, 0.0 ], [ 119.595814207000103, -9.485827017999952, 0.0 ], [ 119.595487422000019, -9.485493926999936, 0.0 ], [ 119.595210058000021, -9.485330316999978, 0.0 ], [ 119.594735315000094, -9.485159034999981, 0.0 ], [ 119.59447160700006, -9.485073439999951, 0.0 ], [ 119.593926001000114, -9.484887268999955, 0.0 ], [ 119.593633121000039, -9.484807204999981, 0.0 ], [ 119.593168830000081, -9.484708892999947, 0.0 ], [ 119.592412528000068, -9.484357003999946, 0.0 ], [ 119.592093627000054, -9.484229875999972, 0.0 ], [ 119.591326387000095, -9.483993096999939, 0.0 ], [ 119.590950080000084, -9.483876721999934, 0.0 ], [ 119.590768955000044, -9.483818128999928, 0.0 ], [ 119.590720637000118, -9.48377150999994, 0.0 ], [ 119.590081561000034, -9.483569193999926, 0.0 ], [ 119.589424767000082, -9.483151173999943, 0.0 ], [ 119.589209561000075, -9.482911344999934, 0.0 ], [ 119.588972204000015, -9.482446409999966, 0.0 ], [ 119.58880879600008, -9.48172286099998, 0.0 ], [ 119.588818936000052, -9.481238143999974, 0.0 ], [ 119.588947454000049, -9.48089491199994, 0.0 ], [ 119.589058874000102, -9.480697155999962, 0.0 ], [ 119.589517986000033, -9.480602057999931, 0.0 ], [ 119.589868438000053, -9.480536799999982, 0.0 ], [ 119.590082486000028, -9.480397782999944, 0.0 ], [ 119.59029742000007, -9.48014926999997, 0.0 ], [ 119.590384110000059, -9.480010096999933, 0.0 ], [ 119.590744765000068, -9.479502843999967, 0.0 ], [ 119.590844262000019, -9.479255585999965, 0.0 ], [ 119.591050436000046, -9.478768079999952, 0.0 ], [ 119.591159563000019, -9.478481674999955, 0.0 ], [ 119.591249595000022, -9.478169063999928, 0.0 ], [ 119.591430761000083, -9.477618457999938, 0.0 ], [ 119.591769575000058, -9.477088205999962, 0.0 ], [ 119.592220688000111, -9.476592204999974, 0.0 ], [ 119.592664344000013, -9.476172161999955, 0.0 ], [ 119.593072541000083, -9.475799595999945, 0.0 ], [ 119.593220684000016, -9.475592208999956, 0.0 ], [ 119.593465905000016, -9.474643002999926, 0.0 ], [ 119.593579951000038, -9.474045882999974, 0.0 ], [ 119.593589562000034, -9.473420723999936, 0.0 ], [ 119.593529216000093, -9.473048562999963, 0.0 ], [ 119.593456501000105, -9.472869031999949, 0.0 ], [ 119.59335588600004, -9.472653925999964, 0.0 ], [ 119.593183934000081, -9.472411848999968, 0.0 ], [ 119.59279003100005, -9.472108504999937, 0.0 ], [ 119.592328157000111, -9.471903360999931, 0.0 ], [ 119.591939664000051, -9.471873441999946, 0.0 ], [ 119.591703198000118, -9.471890705999954, 0.0 ], [ 119.591105937000066, -9.472167128999956, 0.0 ], [ 119.590356279000048, -9.472850096999935, 0.0 ], [ 119.59007434800003, -9.473033096999927, 0.0 ], [ 119.589872812000067, -9.473112783999966, 0.0 ], [ 119.589489843000024, -9.473104408999973, 0.0 ], [ 119.589370313000018, -9.472965048999981, 0.0 ], [ 119.589326422000113, -9.472629364999932, 0.0 ], [ 119.589334607000069, -9.472533286999976, 0.0 ], [ 119.58982612300008, -9.472207956999966, 0.0 ], [ 119.590079326000023, -9.472036378999974, 0.0 ], [ 119.590759358000014, -9.471212451999975, 0.0 ], [ 119.590883968000071, -9.470986297999957, 0.0 ], [ 119.591030642000078, -9.470558251999933, 0.0 ], [ 119.591196843000034, -9.469663271999934, 0.0 ], [ 119.591738888, -9.468564329999936, 0.0 ], [ 119.591860412000074, -9.468273327999952, 0.0 ], [ 119.591952638000066, -9.46782120499995, 0.0 ], [ 119.591917279000086, -9.467407646999959, 0.0 ], [ 119.591776136000021, -9.467015500999935, 0.0 ], [ 119.591704955000068, -9.46688542499993, 0.0 ], [ 119.591573831, -9.46678428499996, 0.0 ], [ 119.591350574000103, -9.466635378999968, 0.0 ], [ 119.59078559000011, -9.466563831999963, 0.0 ], [ 119.590521957000078, -9.466566005999937, 0.0 ], [ 119.589730356000018, -9.46679706599997, 0.0 ], [ 119.589294780000046, -9.466877952999937, 0.0 ], [ 119.589092219, -9.466881737999927, 0.0 ], [ 119.588593374000084, -9.46655396899996, 0.0 ], [ 119.588178736000032, -9.46600043799998, 0.0 ], [ 119.588102516000049, -9.465798954999968, 0.0 ], [ 119.58808615800001, -9.465481156999942, 0.0 ], [ 119.588183530000038, -9.465180203999978, 0.0 ], [ 119.588285809000013, -9.464974535999943, 0.0 ], [ 119.588612110000099, -9.464573448999943, 0.0 ], [ 119.589295279000112, -9.463978813999972, 0.0 ], [ 119.589471685000035, -9.463847938999947, 0.0 ], [ 119.589755732000071, -9.463621859999932, 0.0 ], [ 119.589907357000016, -9.463429000999952, 0.0 ], [ 119.590033683000115, -9.46304235599996, 0.0 ], [ 119.590061342000013, -9.46285775399997, 0.0 ], [ 119.590030415000115, -9.461454596999943, 0.0 ], [ 119.59001923400001, -9.461198392999961, 0.0 ], [ 119.589946011000052, -9.461091874999966, 0.0 ], [ 119.589649871, -9.461012957999969, 0.0 ], [ 119.589220871000066, -9.461006658999963, 0.0 ], [ 119.589082611000094, -9.461034328999972, 0.0 ], [ 119.58866634200001, -9.461113499999954, 0.0 ], [ 119.588186955000083, -9.461123297999961, 0.0 ], [ 119.587811219000059, -9.461080311999979, 0.0 ], [ 119.587247246000061, -9.460621787999969, 0.0 ], [ 119.586796448000086, -9.46014796999998, 0.0 ], [ 119.586657991000038, -9.459943393999936, 0.0 ], [ 119.58651007900005, -9.459538598999927, 0.0 ], [ 119.586469172000079, -9.45907508199997, 0.0 ], [ 119.586549011000102, -9.458686367999974, 0.0 ], [ 119.586796170000071, -9.458115563999968, 0.0 ], [ 119.587003357000071, -9.457818457999963, 0.0 ], [ 119.587175966000018, -9.457687345999943, 0.0 ], [ 119.58783604100006, -9.457440626999926, 0.0 ], [ 119.588127234000012, -9.457378744999971, 0.0 ], [ 119.589059470000052, -9.457306674999927, 0.0 ], [ 119.589902607000113, -9.457384390999948, 0.0 ], [ 119.59171798300008, -9.457372344999953, 0.0 ], [ 119.592123576000063, -9.457361268999932, 0.0 ], [ 119.592332406000082, -9.457322280999961, 0.0 ], [ 119.59276598100007, -9.456951266999965, 0.0 ], [ 119.593362657000057, -9.456337394999935, 0.0 ], [ 119.593788358000097, -9.455861285999958, 0.0 ], [ 119.59399889000008, -9.455598236999947, 0.0 ], [ 119.594603652000046, -9.454884301999925, 0.0 ], [ 119.594737264000059, -9.454616209999926, 0.0 ], [ 119.594703501000026, -9.453983352999956, 0.0 ], [ 119.594534637000038, -9.453347519999966, 0.0 ], [ 119.594417513000053, -9.45292840999997, 0.0 ], [ 119.594401950000019, -9.45236895599993, 0.0 ], [ 119.594442904000061, -9.451955268999939, 0.0 ], [ 119.594482951000032, -9.45175250099993, 0.0 ], [ 119.594739469000046, -9.451269000999957, 0.0 ], [ 119.594872685000041, -9.451043363999929, 0.0 ], [ 119.59500284, -9.450778987999968, 0.0 ], [ 119.595490425000094, -9.450127266999971, 0.0 ], [ 119.595645217000083, -9.449948407999955, 0.0 ], [ 119.595868312000107, -9.449502066999969, 0.0 ], [ 119.595966358000055, -9.449208598999974, 0.0 ], [ 119.595935144, -9.448371877999932, 0.0 ], [ 119.596111720000067, -9.448442660999945, 0.0 ], [ 119.596608827000068, -9.448605291999968, 0.0 ], [ 119.597083842000075, -9.448635739999929, 0.0 ], [ 119.597414158000106, -9.448585335999951, 0.0 ], [ 119.597689857000091, -9.448556125999971, 0.0 ], [ 119.597873764000042, -9.448546238999938, 0.0 ], [ 119.598052111000015, -9.448447440999928, 0.0 ], [ 119.598270656000068, -9.448287297999968, 0.0 ], [ 119.598464262000107, -9.448193084999957, 0.0 ], [ 119.598641249000025, -9.448091803999944, 0.0 ], [ 119.59915310800011, -9.447793474999969, 0.0 ], [ 119.599598252000078, -9.447609302999979, 0.0 ], [ 119.600060281000083, -9.447468519999973, 0.0 ], [ 119.600429438000106, -9.447464267999976, 0.0 ], [ 119.600620918000118, -9.44751150299993, 0.0 ], [ 119.600732231000052, -9.447615298999949, 0.0 ], [ 119.600839995000115, -9.447782250999978, 0.0 ], [ 119.600929844, -9.448164206999934, 0.0 ], [ 119.600841389000038, -9.448546799999974, 0.0 ], [ 119.600829710000085, -9.448920126999951, 0.0 ], [ 119.600975515000073, -9.449197553999966, 0.0 ], [ 119.601073595000116, -9.449311299999977, 0.0 ], [ 119.601211669, -9.449411656999928, 0.0 ], [ 119.6015560620001, -9.449420159999931, 0.0 ], [ 119.602200745000118, -9.449409843999945, 0.0 ], [ 119.602406063000103, -9.449400453999942, 0.0 ], [ 119.603494873000045, -9.449212125999964, 0.0 ], [ 119.603742936000117, -9.449300905999962, 0.0 ], [ 119.603920544000061, -9.449471001999939, 0.0 ], [ 119.60399003100008, -9.449953409999978, 0.0 ], [ 119.604131028000097, -9.450728770999945, 0.0 ], [ 119.604274203000045, -9.450869439999963, 0.0 ], [ 119.604513034000092, -9.45094067399998, 0.0 ], [ 119.604928016000031, -9.450978797999937, 0.0 ], [ 119.60518787500007, -9.451029175999963, 0.0 ], [ 119.605485247000047, -9.451198501999954, 0.0 ], [ 119.605557455000053, -9.451267568999981, 0.0 ], [ 119.605595676, -9.451234678999981, 0.0 ], [ 119.6061552970001, -9.450379876999932, 0.0 ], [ 119.606246967000061, -9.450176591999934, 0.0 ], [ 119.606287407000082, -9.449908756999946, 0.0 ], [ 119.606299374000059, -9.449740188999954, 0.0 ], [ 119.6064653090001, -9.449203675999968, 0.0 ], [ 119.606549296000026, -9.448999890999971, 0.0 ], [ 119.606603125000106, -9.448936425999932, 0.0 ], [ 119.606693607000011, -9.44890167899996, 0.0 ], [ 119.607008072000099, -9.44885254899998, 0.0 ], [ 119.607468672000095, -9.448805113999981, 0.0 ], [ 119.607682313000055, -9.448724204999962, 0.0 ], [ 119.607933995000053, -9.448584970999946, 0.0 ], [ 119.608094658000027, -9.448492642999952, 0.0 ], [ 119.608508304000111, -9.448273114999949, 0.0 ], [ 119.608837847000018, -9.447919645999946, 0.0 ], [ 119.609341951000033, -9.447558283999967, 0.0 ], [ 119.609734640000056, -9.447346654999933, 0.0 ], [ 119.609970376000092, -9.447308347999979, 0.0 ], [ 119.610194218000061, -9.447313111999961, 0.0 ], [ 119.610517718000096, -9.447309332999964, 0.0 ], [ 119.610736125000017, -9.447288485999934, 0.0 ], [ 119.611013359000026, -9.447317171999941, 0.0 ], [ 119.611150063000082, -9.447260987999925, 0.0 ], [ 119.61131239000008, -9.447069911999961, 0.0 ], [ 119.611384104000081, -9.447004001999971, 0.0 ], [ 119.611725021000098, -9.446967641999947, 0.0 ], [ 119.612552673000096, -9.447026006999977, 0.0 ], [ 119.612728891000074, -9.447055894999949, 0.0 ], [ 119.613441798000053, -9.447324359999925, 0.0 ], [ 119.613802186000044, -9.447457268999926, 0.0 ], [ 119.614008234000039, -9.447637940999925, 0.0 ], [ 119.614214881000066, -9.447796892999975, 0.0 ], [ 119.614760785000044, -9.44788854799998, 0.0 ], [ 119.614972035000051, -9.447896926999931, 0.0 ], [ 119.615229168000042, -9.447859613999981, 0.0 ], [ 119.615389626000024, -9.447879472999944, 0.0 ], [ 119.616056699000069, -9.448264798999958, 0.0 ], [ 119.616186949000053, -9.448412593999933, 0.0 ], [ 119.616396172, -9.448619767999958, 0.0 ], [ 119.617369768000117, -9.448618538999938, 0.0 ], [ 119.618305852000049, -9.448732800999949, 0.0 ], [ 119.61914717600007, -9.44877930499996, 0.0 ], [ 119.620545801000048, -9.448772899999938, 0.0 ], [ 119.620761508000101, -9.448718922999944, 0.0 ], [ 119.620911917000058, -9.448699489999967, 0.0 ], [ 119.621289832000116, -9.448650662999967, 0.0 ], [ 119.621603456000116, -9.448599148999961, 0.0 ], [ 119.621796681000092, -9.448564386999976, 0.0 ], [ 119.621970810000107, -9.448532913999941, 0.0 ], [ 119.622635785000057, -9.448413024999979, 0.0 ], [ 119.623485552000034, -9.448246492999942, 0.0 ], [ 119.624336776000064, -9.448005868999928, 0.0 ], [ 119.624998490000053, -9.44794111899995, 0.0 ], [ 119.625395064000031, -9.44799736799996, 0.0 ], [ 119.625649176000024, -9.448014530999956, 0.0 ], [ 119.626334745, -9.447966493999957, 0.0 ], [ 119.626536866000038, -9.447931407999931, 0.0 ], [ 119.626986294000062, -9.447847313999944, 0.0 ], [ 119.627374153, -9.447776390999934, 0.0 ], [ 119.62740261700003, -9.447771185999954, 0.0 ], [ 119.627881454000089, -9.447646492999979, 0.0 ], [ 119.628587055000025, -9.447518618999936, 0.0 ], [ 119.629037083000071, -9.447391617999926, 0.0 ], [ 119.629909956, -9.447303335999948, 0.0 ], [ 119.630879981000021, -9.44725987399994, 0.0 ], [ 119.631406332000097, -9.447232240999938, 0.0 ], [ 119.631630046000055, -9.447217598999941, 0.0 ], [ 119.632181242000115, -9.447181645999933, 0.0 ], [ 119.632925133000072, -9.447160493999945, 0.0 ], [ 119.633531082000104, -9.447235242999966, 0.0 ], [ 119.634474764000061, -9.447224820999963, 0.0 ], [ 119.634475468000119, -9.447224812999934, 0.0 ], [ 119.634623394000073, -9.447223178999934, 0.0 ], [ 119.634668452000028, -9.447211395999943, 0.0 ], [ 119.635112182000057, -9.447110928999962, 0.0 ], [ 119.635576615000105, -9.447040618999949, 0.0 ], [ 119.636005121000039, -9.446942773999979, 0.0 ], [ 119.636538486000063, -9.446826084999941, 0.0 ], [ 119.63726925200001, -9.446540413999969, 0.0 ], [ 119.637299900000016, -9.446528427999965, 0.0 ], [ 119.637484570000083, -9.446424741999977, 0.0 ], [ 119.637633146000098, -9.446341301999951, 0.0 ], [ 119.637785782000037, -9.446258474999979, 0.0 ], [ 119.63846705900005, -9.447116988999937, 0.0 ], [ 119.63939102400002, -9.44802333399997, 0.0 ], [ 119.640121207000107, -9.448636993999969, 0.0 ], [ 119.640768413000046, -9.44914198999993, 0.0 ], [ 119.641818958000044, -9.449895630999947, 0.0 ], [ 119.642214005000028, -9.450327896999966, 0.0 ], [ 119.642270618000111, -9.45033220199997, 0.0 ], [ 119.642481676000102, -9.450504180999928, 0.0 ], [ 119.643028580000077, -9.45094236999995, 0.0 ], [ 119.643522678000068, -9.451234425999928, 0.0 ], [ 119.643701994000025, -9.451386234999973, 0.0 ], [ 119.644217421, -9.45185203799997, 0.0 ], [ 119.644302396000057, -9.452117211999962, 0.0 ], [ 119.644402078000098, -9.452244906999965, 0.0 ], [ 119.644640804, -9.452515180999967, 0.0 ], [ 119.644758050000064, -9.452623758999948, 0.0 ], [ 119.644870533000017, -9.452763864999952, 0.0 ], [ 119.645045889000016, -9.452930462999973, 0.0 ], [ 119.645292361000088, -9.452971026999933, 0.0 ], [ 119.645391020000034, -9.452956490999952, 0.0 ], [ 119.645702800000095, -9.452993239999955, 0.0 ], [ 119.645977275000064, -9.45299221099998, 0.0 ], [ 119.646120429, -9.453090836999934, 0.0 ], [ 119.646200250000106, -9.453163049999944, 0.0 ], [ 119.646306677000098, -9.453169494999941, 0.0 ], [ 119.6464768620001, -9.453198579999935, 0.0 ], [ 119.646809369000039, -9.453250589999925, 0.0 ], [ 119.646964368000113, -9.453260586999932, 0.0 ], [ 119.647171763000074, -9.453255961999957, 0.0 ], [ 119.647328345, -9.453230400999928, 0.0 ], [ 119.647545012000023, -9.453221864999932, 0.0 ], [ 119.647664863000045, -9.453225649999979, 0.0 ], [ 119.647932539000067, -9.453284334999978, 0.0 ], [ 119.648021, -9.453371716999982, 0.0 ], [ 119.648225737000075, -9.453549708999958, 0.0 ], [ 119.648493772000052, -9.453546900999982, 0.0 ], [ 119.648965993000047, -9.453420877999974, 0.0 ], [ 119.649088807000112, -9.453393680999966, 0.0 ], [ 119.649271862000091, -9.453353161999928, 0.0 ], [ 119.649344021000047, -9.453329521999933, 0.0 ], [ 119.650171293000085, -9.45389899099996, 0.0 ], [ 119.650777049000112, -9.454186266999955, 0.0 ], [ 119.651074265000034, -9.454344098999968, 0.0 ], [ 119.651786175000098, -9.454722145999938, 0.0 ], [ 119.652930673000014, -9.455298632999927, 0.0 ], [ 119.653325194000104, -9.455450179999957, 0.0 ], [ 119.653395308000086, -9.455453594999938, 0.0 ], [ 119.65359945900002, -9.455555523999976, 0.0 ], [ 119.654588706000027, -9.45595558499997, 0.0 ], [ 119.655339226000024, -9.456276774999935, 0.0 ], [ 119.656379363000042, -9.456669021999971, 0.0 ], [ 119.657420776000095, -9.456994617999953, 0.0 ], [ 119.658214462000046, -9.457260653999981, 0.0 ], [ 119.658636555000044, -9.457386244999952, 0.0 ], [ 119.659265081000058, -9.457573271999934, 0.0 ], [ 119.659949833000042, -9.457829709999942, 0.0 ], [ 119.660930402000076, -9.458039658999951, 0.0 ], [ 119.661859745000015, -9.458355743999959, 0.0 ], [ 119.662712302000045, -9.458670837999932, 0.0 ], [ 119.66368930200008, -9.458979211999974, 0.0 ], [ 119.66469263700003, -9.459237951999967, 0.0 ], [ 119.664748723000116, -9.459263040999929, 0.0 ], [ 119.665579643000115, -9.459382053999946, 0.0 ], [ 119.665832550000118, -9.459432625999966, 0.0 ], [ 119.666620868000109, -9.459590234999951, 0.0 ], [ 119.667479616000037, -9.459676740999953, 0.0 ], [ 119.668265055, -9.459768526999937, 0.0 ], [ 119.66912336300004, -9.459839148999947, 0.0 ], [ 119.669986962000053, -9.459871590999967, 0.0 ], [ 119.670553183000038, -9.459896662999938, 0.0 ], [ 119.671604931000047, -9.459917367999935, 0.0 ], [ 119.672459308000043, -9.45996274099997, 0.0 ], [ 119.673215896000102, -9.459941146999938, 0.0 ], [ 119.673947672000054, -9.460149238999975, 0.0 ], [ 119.674358187000053, -9.460265937999964, 0.0 ], [ 119.674528124000062, -9.460183881999967, 0.0 ], [ 119.674645542, -9.460210678999943, 0.0 ], [ 119.674747241000091, -9.460305528999982, 0.0 ], [ 119.674835653000059, -9.460476559999961, 0.0 ], [ 119.675074848, -9.461009628999932, 0.0 ], [ 119.675279581000041, -9.461262535999936, 0.0 ], [ 119.675609560000112, -9.461581614999943, 0.0 ], [ 119.675743792000048, -9.461637726999982, 0.0 ], [ 119.676181736000103, -9.461632645999941, 0.0 ], [ 119.677066798000055, -9.461316002999979, 0.0 ], [ 119.677865822000058, -9.461468660999969, 0.0 ], [ 119.677987476000112, -9.461652263999952, 0.0 ], [ 119.67814859900011, -9.462022661999981, 0.0 ], [ 119.678328629000021, -9.46241583099993, 0.0 ], [ 119.678571754000018, -9.462696138999945, 0.0 ], [ 119.678825747000019, -9.462837986999943, 0.0 ], [ 119.678874803000099, -9.462865411999928, 0.0 ], [ 119.679046960000051, -9.462893600999962, 0.0 ], [ 119.679377354000053, -9.462815299999932, 0.0 ], [ 119.680465489000085, -9.46248554999994, 0.0 ], [ 119.681076595000036, -9.46218853299996, 0.0 ], [ 119.68136611400007, -9.462047849999976, 0.0 ], [ 119.681624535000083, -9.461840653999957, 0.0 ], [ 119.681858346000013, -9.461529909999967, 0.0 ], [ 119.682170101000111, -9.461115549999931, 0.0 ], [ 119.682436687000063, -9.460550444999967, 0.0 ], [ 119.683123930000079, -9.461032147999958, 0.0 ], [ 119.683277708000105, -9.461110649999966, 0.0 ], [ 119.683354664000035, -9.461174984999957, 0.0 ], [ 119.683687525000096, -9.461319868999965, 0.0 ], [ 119.683931656000027, -9.461417653999945, 0.0 ], [ 119.684434208000084, -9.461618889999954, 0.0 ], [ 119.685339029000033, -9.462081522999938, 0.0 ], [ 119.686227799000108, -9.462546836999934, 0.0 ], [ 119.687775087000091, -9.46345200899998, 0.0 ], [ 119.688040370000067, -9.463618573999952, 0.0 ], [ 119.688307519000091, -9.463786303999939, 0.0 ], [ 119.689529056000083, -9.464550115999941, 0.0 ], [ 119.690312674000097, -9.465011493999953, 0.0 ], [ 119.690551472000038, -9.465134271999943, 0.0 ], [ 119.691081110000027, -9.465406586999961, 0.0 ], [ 119.691916723000077, -9.465795052999965, 0.0 ], [ 119.69265022400009, -9.46614670799994, 0.0 ], [ 119.692859588000033, -9.466247083999974, 0.0 ], [ 119.693580274000055, -9.466638804999945, 0.0 ], [ 119.694343050000043, -9.466940547999968, 0.0 ], [ 119.695041244000095, -9.467218711999976, 0.0 ], [ 119.695376767000084, -9.467345270999942, 0.0 ], [ 119.695674395000083, -9.46745752399994, 0.0 ], [ 119.696314488000098, -9.467774469999938, 0.0 ], [ 119.696776552000074, -9.46800327099993, 0.0 ], [ 119.697539174000099, -9.468298645999937, 0.0 ], [ 119.698231465000049, -9.468592866999927, 0.0 ], [ 119.699164955000015, -9.469051459999946, 0.0 ], [ 119.699979736000046, -9.469383368999956, 0.0 ], [ 119.700751830000058, -9.46967529099993, 0.0 ], [ 119.7013886740001, -9.469929868999941, 0.0 ], [ 119.701945395000052, -9.470177181999929, 0.0 ], [ 119.702071098000033, -9.470234102999939, 0.0 ], [ 119.702760579000028, -9.470524231999946, 0.0 ], [ 119.702906989000098, -9.470612723999977, 0.0 ], [ 119.703641243000106, -9.470921614999952, 0.0 ], [ 119.703743203000045, -9.47096217099994, 0.0 ], [ 119.704504301000043, -9.471264830999928, 0.0 ], [ 119.705323671000087, -9.471598488999973, 0.0 ], [ 119.70603918200004, -9.471858460999954, 0.0 ], [ 119.706996182000012, -9.472135493999929, 0.0 ], [ 119.707924336000019, -9.472410228999934, 0.0 ], [ 119.708452019000106, -9.472537835999958, 0.0 ], [ 119.709974677000105, -9.472709864999956, 0.0 ], [ 119.710940320000077, -9.472937084999955, 0.0 ], [ 119.7110485500001, -9.47296255599997, 0.0 ], [ 119.711208078000027, -9.472990986999946, 0.0 ], [ 119.711538340000061, -9.473083641999949, 0.0 ], [ 119.711699722000048, -9.473128917999929, 0.0 ], [ 119.711771612, -9.473149086999967, 0.0 ], [ 119.712422245000084, -9.473264540999935, 0.0 ], [ 119.713183082000114, -9.473499680999964, 0.0 ], [ 119.714070391000064, -9.473797742999977, 0.0 ], [ 119.714692980000109, -9.47400194599993, 0.0 ], [ 119.715003442000011, -9.474132643999951, 0.0 ], [ 119.71544330100005, -9.474313474999974, 0.0 ], [ 119.716050173000099, -9.474416615999928, 0.0 ], [ 119.716760367, -9.474446961999945, 0.0 ], [ 119.717519575000097, -9.47450508299994, 0.0 ], [ 119.717785058000118, -9.474525395999933, 0.0 ], [ 119.718527331000018, -9.474561180999956, 0.0 ], [ 119.718717009000102, -9.47459478899998, 0.0 ], [ 119.719298128000105, -9.474697645999981, 0.0 ], [ 119.720369690000098, -9.47485086699993, 0.0 ], [ 119.721018050000112, -9.474952787999939, 0.0 ], [ 119.721752457000093, -9.475045929999965, 0.0 ], [ 119.722409360000029, -9.475112649999971, 0.0 ], [ 119.723353613000086, -9.475171196999952, 0.0 ], [ 119.723982463000084, -9.475260959999957, 0.0 ], [ 119.724918301000116, -9.475360958999943, 0.0 ], [ 119.725741894000066, -9.475445147999949, 0.0 ], [ 119.726902582000093, -9.475805148999939, 0.0 ], [ 119.726999916000068, -9.475826412999936, 0.0 ], [ 119.7272504230001, -9.475883295999949, 0.0 ], [ 119.728002200000105, -9.47604317899993, 0.0 ], [ 119.728037086000086, -9.476051152999958, 0.0 ], [ 119.728680894000036, -9.476198114999931, 0.0 ], [ 119.729663572000049, -9.476407277999954, 0.0 ], [ 119.730085876000089, -9.476497145999929, 0.0 ], [ 119.730139064000014, -9.476509151999949, 0.0 ], [ 119.730992736000076, -9.476702018999958, 0.0 ], [ 119.731069956000056, -9.47671945999997, 0.0 ], [ 119.732103487000018, -9.476991082999973, 0.0 ], [ 119.73286508700005, -9.477140492999979, 0.0 ], [ 119.733848400000056, -9.477334239999948, 0.0 ], [ 119.734768809000116, -9.477561522999963, 0.0 ], [ 119.734885305000034, -9.477597509999953, 0.0 ], [ 119.735466992000056, -9.477777228999969, 0.0 ], [ 119.735529672000098, -9.477796585999954, 0.0 ], [ 119.73600968900007, -9.477904745999979, 0.0 ], [ 119.736266172000114, -9.477962552999941, 0.0 ], [ 119.737376361000088, -9.478342991999966, 0.0 ], [ 119.738297525, -9.478595648999942, 0.0 ], [ 119.738784738000049, -9.478759242999956, 0.0 ], [ 119.739131281000027, -9.478856515999951, 0.0 ], [ 119.739346617000024, -9.478916961999971, 0.0 ], [ 119.739799470000094, -9.479044085999931, 0.0 ], [ 119.740451025000084, -9.479253708999977, 0.0 ], [ 119.741197745000022, -9.479441587999929, 0.0 ], [ 119.742091173000063, -9.479729895999981, 0.0 ], [ 119.743076517000077, -9.479993367999953, 0.0 ], [ 119.744373527000107, -9.480533334999961, 0.0 ], [ 119.744964166000045, -9.480777178999972, 0.0 ], [ 119.745595210000033, -9.481012024999927, 0.0 ], [ 119.746039393000046, -9.481233989999964, 0.0 ], [ 119.746730040000102, -9.481578848999959, 0.0 ], [ 119.747159891000024, -9.481747306999978, 0.0 ], [ 119.747352249000073, -9.481822442999942, 0.0 ], [ 119.747583274000021, -9.481912743999942, 0.0 ], [ 119.74793119800006, -9.482010553999942, 0.0 ], [ 119.748217183000065, -9.482057614999974, 0.0 ], [ 119.748521909000033, -9.482107743999961, 0.0 ], [ 119.74907113900008, -9.482206100999974, 0.0 ], [ 119.749999215000116, -9.482210711999926, 0.0 ], [ 119.751142836000099, -9.482409555999936, 0.0 ], [ 119.75258945600001, -9.482477397999958, 0.0 ], [ 119.753673172000049, -9.482666027999926, 0.0 ], [ 119.754517176000036, -9.482826709999927, 0.0 ], [ 119.755440026000088, -9.483025055999974, 0.0 ], [ 119.756667574000062, -9.48288295499998, 0.0 ], [ 119.756735337, -9.482995629999948, 0.0 ], [ 119.756891919000054, -9.483091736999938, 0.0 ], [ 119.757043876000012, -9.483104783999977, 0.0 ], [ 119.757104012000013, -9.483091894999973, 0.0 ], [ 119.757463655000038, -9.483058661999962, 0.0 ], [ 119.758089146000088, -9.482956849999937, 0.0 ], [ 119.758527529000048, -9.48268947899993, 0.0 ], [ 119.758643593000102, -9.482499646999941, 0.0 ], [ 119.758731077000107, -9.482638036999958, 0.0 ], [ 119.758881339000027, -9.482790717999933, 0.0 ], [ 119.759167481000077, -9.483012439999982, 0.0 ], [ 119.759443470000065, -9.483226674999969, 0.0 ], [ 119.759749501000101, -9.483525179999958, 0.0 ], [ 119.759932356000036, -9.48380683299996, 0.0 ], [ 119.760045766000076, -9.484064019999948, 0.0 ], [ 119.760118451000039, -9.484333111999945, 0.0 ], [ 119.760214014000098, -9.485026991999973, 0.0 ], [ 119.76049096700001, -9.485593452999979, 0.0 ], [ 119.760774201000118, -9.486033849999956, 0.0 ], [ 119.76112356200008, -9.48643360899996, 0.0 ], [ 119.761772829000051, -9.487069490999943, 0.0 ], [ 119.762087422000036, -9.487313170999926, 0.0 ], [ 119.762175456000023, -9.487381374999927, 0.0 ], [ 119.762670445000026, -9.487726282999972, 0.0 ], [ 119.762956182000039, -9.487919432999945, 0.0 ], [ 119.763009664000037, -9.487955610999961, 0.0 ], [ 119.763089809, -9.488033160999976, 0.0 ], [ 119.763291921000018, -9.488228736999929, 0.0 ], [ 119.763791928000046, -9.488773628999979, 0.0 ], [ 119.76415604400006, -9.489099207999971, 0.0 ], [ 119.764782909000019, -9.489919143999941, 0.0 ], [ 119.764924690000043, -9.490153321999969, 0.0 ], [ 119.765751188000081, -9.49076428099994, 0.0 ], [ 119.7659577820001, -9.49088605399993, 0.0 ], [ 119.766004871000064, -9.490903819999971, 0.0 ], [ 119.767025842000066, -9.491319082999951, 0.0 ], [ 119.767113748000043, -9.491303812999945, 0.0 ], [ 119.767759391000027, -9.491436034999936, 0.0 ], [ 119.768317348000096, -9.491473662999965, 0.0 ], [ 119.76943184400011, -9.491536846999963, 0.0 ], [ 119.769755049000082, -9.491560756999945, 0.0 ], [ 119.770073174000117, -9.491653502999952, 0.0 ], [ 119.770470887000101, -9.49184226999995, 0.0 ], [ 119.771358483000085, -9.492213531999937, 0.0 ], [ 119.771887503000016, -9.492263935999972, 0.0 ], [ 119.772160359000054, -9.49231234399997, 0.0 ], [ 119.772391640000023, -9.492455736999943, 0.0 ], [ 119.772485081000013, -9.492569095999954, 0.0 ], [ 119.772538416000089, -9.492772894999973, 0.0 ], [ 119.772637495000026, -9.493202811999936, 0.0 ], [ 119.772678674000076, -9.493368799999928, 0.0 ], [ 119.772795731000087, -9.493605360999936, 0.0 ], [ 119.773057527000105, -9.493905219999931, 0.0 ], [ 119.773282594000079, -9.494023048999964, 0.0 ], [ 119.773548389000098, -9.494081600999948, 0.0 ], [ 119.773726979000116, -9.494060503999947, 0.0 ], [ 119.773943154000108, -9.494043124999962, 0.0 ], [ 119.774375530000043, -9.494000755999934, 0.0 ], [ 119.774541297000042, -9.493973246999929, 0.0 ], [ 119.774706718000061, -9.494002142999932, 0.0 ], [ 119.774837749000085, -9.494077598999979, 0.0 ], [ 119.774951548000104, -9.494163785999945, 0.0 ], [ 119.775155703000109, -9.494356315999937, 0.0 ], [ 119.775336, -9.494546970999977, 0.0 ], [ 119.77550989000008, -9.494777739999961, 0.0 ], [ 119.775971843000093, -9.495777313999952, 0.0 ], [ 119.776382702000092, -9.49670292299993, 0.0 ], [ 119.776465170000051, -9.496825469999976, 0.0 ], [ 119.776519018000045, -9.496905489999961, 0.0 ], [ 119.776851158000113, -9.497478422999961, 0.0 ], [ 119.777037452000059, -9.497786984999948, 0.0 ], [ 119.777330057000086, -9.498159408999982, 0.0 ], [ 119.777517870000111, -9.49820727499997, 0.0 ], [ 119.777764465000018, -9.498203703999934, 0.0 ], [ 119.778104486000075, -9.498098938999931, 0.0 ], [ 119.778871596000045, -9.49764369199994, 0.0 ], [ 119.778941596000095, -9.497477452999931, 0.0 ], [ 119.778982518000021, -9.496990035999943, 0.0 ], [ 119.778971253, -9.496805563999942, 0.0 ], [ 119.778942436000079, -9.496332004999942, 0.0 ], [ 119.778858346000106, -9.49608496899998, 0.0 ], [ 119.777905373000067, -9.494036374999951, 0.0 ], [ 119.777522514000111, -9.493489988999954, 0.0 ], [ 119.777508627000088, -9.493279640999958, 0.0 ], [ 119.777540563000116, -9.493058283999972, 0.0 ], [ 119.777571204000083, -9.492965767999976, 0.0 ], [ 119.777704293000056, -9.492785377999951, 0.0 ], [ 119.777962980000098, -9.492675191999979, 0.0 ], [ 119.778263234000065, -9.492643570999974, 0.0 ], [ 119.778395483000054, -9.492693891999977, 0.0 ], [ 119.77865956100004, -9.492853975999935, 0.0 ], [ 119.778798843000118, -9.492984018999948, 0.0 ], [ 119.778983031000053, -9.493089080999937, 0.0 ], [ 119.779395203000036, -9.493160610999951, 0.0 ], [ 119.779962015000024, -9.493121021999968, 0.0 ], [ 119.780091048000031, -9.493043093999972, 0.0 ], [ 119.780304591000117, -9.492919190999942, 0.0 ], [ 119.781080109000072, -9.492689565999967, 0.0 ], [ 119.781345371000043, -9.492743079999968, 0.0 ], [ 119.781688364000047, -9.492908341999964, 0.0 ], [ 119.781708719000108, -9.492928236999944, 0.0 ], [ 119.781821809, -9.493038700999932, 0.0 ], [ 119.782381678000093, -9.493729673999951, 0.0 ], [ 119.782678578000059, -9.493889706999937, 0.0 ], [ 119.78282071000001, -9.493900373999963, 0.0 ], [ 119.783383156000014, -9.493813892999981, 0.0 ], [ 119.78372008100007, -9.493613661999973, 0.0 ], [ 119.784805813000048, -9.492681238999978, 0.0 ], [ 119.784905472000105, -9.492600517999961, 0.0 ], [ 119.785347798000089, -9.492358938999928, 0.0 ], [ 119.785596684000097, -9.492310173999954, 0.0 ], [ 119.785912255000085, -9.492325282999957, 0.0 ], [ 119.786162856000033, -9.492369766999957, 0.0 ], [ 119.787185951000083, -9.49255140799994, 0.0 ], [ 119.787891793000085, -9.492676708999966, 0.0 ], [ 119.788388853000015, -9.492871970999943, 0.0 ], [ 119.788445298000056, -9.492967143999977, 0.0 ], [ 119.788656900000092, -9.493621940999958, 0.0 ], [ 119.788795858000071, -9.494089140999961, 0.0 ], [ 119.789420905000043, -9.495814673999973, 0.0 ], [ 119.789656345000026, -9.496052487999975, 0.0 ], [ 119.79012099800002, -9.496214278999958, 0.0 ], [ 119.790420253000093, -9.496167928999967, 0.0 ], [ 119.790878005000081, -9.496018318999973, 0.0 ], [ 119.79145130500001, -9.496119240999974, 0.0 ], [ 119.792167455000026, -9.496387643999981, 0.0 ], [ 119.792676527000026, -9.496680584999979, 0.0 ], [ 119.792835948000061, -9.496770098999946, 0.0 ], [ 119.792856282000116, -9.497023854999952, 0.0 ], [ 119.79285680800001, -9.497102412999936, 0.0 ], [ 119.792860731000019, -9.497682425999926, 0.0 ], [ 119.792674438000063, -9.498305582999933, 0.0 ], [ 119.79244858900006, -9.498779282999976, 0.0 ], [ 119.792424969000081, -9.49887836299996, 0.0 ], [ 119.792389982000032, -9.500013412999976, 0.0 ], [ 119.792420762, -9.500688145999959, 0.0 ], [ 119.792430532000026, -9.50083481799993, 0.0 ], [ 119.792477534000113, -9.501217297999972, 0.0 ], [ 119.792473235000102, -9.501647567999953, 0.0 ], [ 119.79234167200002, -9.50211018899995, 0.0 ], [ 119.79223209700001, -9.502310485999942, 0.0 ], [ 119.791914219000091, -9.502328937999948, 0.0 ], [ 119.791699547, -9.502178159999971, 0.0 ], [ 119.791315253000107, -9.501837285999954, 0.0 ], [ 119.790917471000057, -9.50141842499994, 0.0 ], [ 119.790654718000042, -9.501232671999958, 0.0 ], [ 119.7904321850001, -9.501181800999973, 0.0 ], [ 119.789865046000045, -9.501087737999967, 0.0 ], [ 119.788873731000081, -9.501137752999966, 0.0 ], [ 119.788785136000115, -9.501259438999966, 0.0 ], [ 119.788359183000011, -9.502077203999931, 0.0 ], [ 119.788266639000085, -9.502067469999929, 0.0 ], [ 119.788233219000062, -9.502063953999937, 0.0 ], [ 119.787955826000029, -9.501913377999927, 0.0 ], [ 119.787644597000053, -9.50179045699997, 0.0 ], [ 119.786892843000032, -9.502061440999967, 0.0 ], [ 119.786317296000107, -9.502268923999964, 0.0 ], [ 119.786296015000062, -9.503123284999958, 0.0 ], [ 119.786306671000034, -9.503467142999966, 0.0 ], [ 119.786312608000117, -9.503657299999929, 0.0 ], [ 119.786351934000095, -9.50414315699993, 0.0 ], [ 119.786348970000063, -9.504463453999961, 0.0 ], [ 119.786261887000023, -9.505305796999949, 0.0 ], [ 119.786146875000099, -9.505700267999941, 0.0 ], [ 119.786119935000102, -9.505714553999951, 0.0 ], [ 119.786037375000092, -9.505786330999968, 0.0 ], [ 119.785970300000031, -9.506198286999961, 0.0 ], [ 119.785896469000022, -9.506510375999937, 0.0 ], [ 119.785831971000107, -9.50675115599995, 0.0 ], [ 119.785934405000035, -9.507209530999944, 0.0 ], [ 119.786008617000107, -9.507472474999929, 0.0 ], [ 119.78601715100001, -9.507615504999933, 0.0 ], [ 119.785972781000055, -9.507739038999944, 0.0 ], [ 119.785813040000107, -9.507906834999972, 0.0 ], [ 119.785648621000064, -9.508044956999981, 0.0 ], [ 119.785535886000048, -9.508198882999977, 0.0 ], [ 119.785378970000011, -9.508554407999952, 0.0 ], [ 119.785299175000091, -9.508887313999935, 0.0 ], [ 119.785303108000107, -9.509592235999946, 0.0 ], [ 119.785302560000105, -9.509742048999954, 0.0 ], [ 119.785230827000078, -9.509979922999946, 0.0 ], [ 119.78512102600007, -9.510112378999963, 0.0 ], [ 119.78496503100007, -9.510192735999965, 0.0 ], [ 119.784711001, -9.510226716999966, 0.0 ], [ 119.784452748000035, -9.510187280999958, 0.0 ], [ 119.784200481000084, -9.510085072999971, 0.0 ], [ 119.783831594000048, -9.509794045999968, 0.0 ], [ 119.783550407, -9.509408987999961, 0.0 ], [ 119.783400515000039, -9.509121643999947, 0.0 ], [ 119.783220535000055, -9.508745531999978, 0.0 ], [ 119.783003645, -9.508454675999928, 0.0 ], [ 119.78282769000009, -9.508304095999961, 0.0 ], [ 119.782716952000101, -9.508258000999945, 0.0 ], [ 119.782554626000092, -9.508343018999938, 0.0 ], [ 119.782327751000025, -9.508471361999966, 0.0 ], [ 119.782019747000049, -9.508627333999925, 0.0 ], [ 119.781370782000067, -9.509033546999945, 0.0 ], [ 119.781090232000111, -9.509147612999925, 0.0 ], [ 119.780752138000025, -9.509195954999939, 0.0 ], [ 119.780513719000055, -9.509242751999977, 0.0 ], [ 119.780122844000061, -9.509579457999962, 0.0 ], [ 119.779922200000101, -9.509939738999947, 0.0 ], [ 119.779809716000045, -9.510291941999981, 0.0 ], [ 119.779631361000042, -9.510720142999958, 0.0 ], [ 119.779533188000073, -9.51087314199998, 0.0 ], [ 119.779313184000102, -9.510985753999933, 0.0 ], [ 119.779009796000082, -9.511022566999941, 0.0 ], [ 119.778607545000114, -9.510958787999925, 0.0 ], [ 119.778275502000042, -9.510933910999938, 0.0 ], [ 119.777898389000029, -9.510975627999926, 0.0 ], [ 119.77737675000003, -9.511219829999959, 0.0 ], [ 119.777215532000014, -9.511293175999981, 0.0 ], [ 119.776818495000043, -9.511473842999976, 0.0 ], [ 119.776634683000111, -9.511553970999955, 0.0 ], [ 119.776486873000067, -9.511687269999982, 0.0 ], [ 119.776393167000037, -9.511889239999959, 0.0 ], [ 119.776396030000114, -9.512103536999973, 0.0 ], [ 119.776454622000074, -9.512289832999954, 0.0 ], [ 119.77725014300006, -9.513209563999965, 0.0 ], [ 119.777322011000024, -9.513343550999934, 0.0 ], [ 119.777319663000071, -9.513438047999955, 0.0 ], [ 119.777159601000108, -9.513573878999978, 0.0 ], [ 119.777019305000067, -9.51369293099998, 0.0 ], [ 119.776421126000059, -9.513865153999973, 0.0 ], [ 119.776259394000022, -9.513919645999977, 0.0 ], [ 119.7761165820001, -9.514048819999971, 0.0 ], [ 119.775971069000093, -9.514307901999928, 0.0 ], [ 119.775904645000082, -9.514618527999971, 0.0 ], [ 119.776156488000083, -9.515574166999954, 0.0 ], [ 119.776230368000029, -9.515826431999926, 0.0 ], [ 119.776367286000095, -9.516110832999971, 0.0 ], [ 119.776408284000013, -9.516272361999938, 0.0 ], [ 119.776374127000054, -9.516372659999945, 0.0 ], [ 119.776226959000041, -9.516519571999936, 0.0 ], [ 119.776126249000072, -9.516567233999979, 0.0 ], [ 119.77578930300001, -9.516539273999967, 0.0 ], [ 119.775406585000042, -9.516471313999944, 0.0 ], [ 119.775229827000089, -9.516458660999945, 0.0 ], [ 119.775133481000012, -9.516505909999978, 0.0 ], [ 119.774970235000069, -9.516771240999958, 0.0 ], [ 119.774959065000075, -9.516875476999928, 0.0 ], [ 119.775168861000111, -9.517377203999956, 0.0 ], [ 119.775484778000077, -9.517656694999971, 0.0 ], [ 119.775734499, -9.517810365999935, 0.0 ], [ 119.776080766000064, -9.518029178999939, 0.0 ], [ 119.776484358000062, -9.518398500999979, 0.0 ], [ 119.776668731000086, -9.518707722999977, 0.0 ], [ 119.776694045000113, -9.518820740999956, 0.0 ], [ 119.776624921, -9.519003844999929, 0.0 ], [ 119.776499095000077, -9.519160141999976, 0.0 ], [ 119.776248686000031, -9.519327359999977, 0.0 ], [ 119.775915205000047, -9.519518034999976, 0.0 ], [ 119.775715564000052, -9.519730314999947, 0.0 ], [ 119.775667842000075, -9.519849944999976, 0.0 ], [ 119.775729783000088, -9.520248613999968, 0.0 ], [ 119.775805674000026, -9.52043735999996, 0.0 ], [ 119.775926672000082, -9.520599549999929, 0.0 ], [ 119.776120875000061, -9.52067792899993, 0.0 ], [ 119.776336218000097, -9.520701892999966, 0.0 ], [ 119.776784906000103, -9.520540254999958, 0.0 ], [ 119.777239063000025, -9.520224048999978, 0.0 ], [ 119.777313453000033, -9.52039568999993, 0.0 ], [ 119.7773823550001, -9.520510755999965, 0.0 ], [ 119.77741961400011, -9.520692138999948, 0.0 ], [ 119.777257015000032, -9.52117128499998, 0.0 ], [ 119.777059762000022, -9.521778831999939, 0.0 ], [ 119.777034235000087, -9.521959610999943, 0.0 ], [ 119.77702707900005, -9.522185537999974, 0.0 ], [ 119.77706209300004, -9.522370316999968, 0.0 ], [ 119.777133952000099, -9.522461703999966, 0.0 ], [ 119.777481856, -9.522942374999957, 0.0 ], [ 119.777519668000082, -9.523084019999942, 0.0 ], [ 119.777449920000095, -9.52327054899996, 0.0 ], [ 119.77738277900005, -9.523316097999952, 0.0 ], [ 119.777105488000075, -9.523257241999943, 0.0 ], [ 119.77631412400001, -9.523106471999938, 0.0 ], [ 119.77620029000002, -9.523122939999951, 0.0 ], [ 119.776024905000099, -9.523397220999925, 0.0 ], [ 119.775928847000046, -9.52355943799995, 0.0 ], [ 119.775754888000051, -9.523709156999928, 0.0 ], [ 119.77557700300008, -9.523769971999968, 0.0 ], [ 119.775398136000035, -9.523804878999954, 0.0 ], [ 119.775334483000051, -9.523882300999958, 0.0 ], [ 119.775434483000026, -9.524388690999956, 0.0 ], [ 119.775559085000054, -9.524708759999953, 0.0 ], [ 119.775616040000045, -9.524855010999943, 0.0 ], [ 119.775661054000011, -9.525066960999936, 0.0 ], [ 119.775335040000073, -9.525922457999968, 0.0 ], [ 119.775278583000045, -9.526151178999953, 0.0 ], [ 119.775274957000079, -9.526314551999974, 0.0 ], [ 119.775297768000087, -9.526601615999937, 0.0 ], [ 119.775278686000092, -9.526738751999972, 0.0 ], [ 119.775221106000117, -9.52683947099996, 0.0 ], [ 119.775169282000093, -9.526997893999976, 0.0 ], [ 119.775013527000056, -9.527162706999945, 0.0 ], [ 119.775101125000106, -9.527283925999939, 0.0 ], [ 119.775235074000079, -9.527495112999929, 0.0 ], [ 119.775547302000064, -9.528153677999967, 0.0 ], [ 119.775661920000061, -9.528318260999981, 0.0 ], [ 119.775736642000084, -9.528456095999957, 0.0 ], [ 119.775803435000057, -9.528640474999975, 0.0 ], [ 119.775972404000072, -9.528764472999967, 0.0 ], [ 119.776407797000047, -9.528879820999975, 0.0 ], [ 119.776778296000089, -9.529250314999956, 0.0 ], [ 119.776870919000089, -9.52939209699997, 0.0 ], [ 119.776912185000015, -9.529501253999968, 0.0 ], [ 119.776839625000093, -9.529859393999971, 0.0 ], [ 119.776716481000108, -9.530005268999957, 0.0 ], [ 119.776646671000094, -9.530087936999962, 0.0 ], [ 119.776381499000081, -9.530298407999965, 0.0 ], [ 119.77620881100006, -9.530418974999975, 0.0 ], [ 119.776058390000117, -9.530602878999957, 0.0 ], [ 119.776056252000103, -9.530781302999969, 0.0 ], [ 119.77650721200007, -9.53123715199996, 0.0 ], [ 119.776534718000107, -9.53126492399997, 0.0 ], [ 119.776771139000061, -9.531476176999945, 0.0 ], [ 119.777730984000073, -9.531870501999947, 0.0 ], [ 119.777987687000063, -9.532070922999935, 0.0 ], [ 119.778041108000025, -9.53220969299997, 0.0 ], [ 119.777723690000016, -9.532647563999944, 0.0 ], [ 119.777415355000016, -9.533138019999967, 0.0 ], [ 119.776807872000063, -9.533942345999947, 0.0 ], [ 119.775381548000041, -9.537495059999969, 0.0 ], [ 119.773418492000019, -9.541183224999941, 0.0 ], [ 119.771395950000056, -9.545049848999952, 0.0 ], [ 119.768661236000071, -9.553627805999952, 0.0 ], [ 119.765145326000038, -9.565943714999946, 0.0 ], [ 119.762901093000096, -9.584012437999945, 0.0 ], [ 119.76295140700006, -9.58416382799993, 0.0 ], [ 119.762978856000018, -9.58428074099993, 0.0 ], [ 119.762903579000067, -9.584396110999933, 0.0 ], [ 119.762785151000116, -9.584492878999981, 0.0 ], [ 119.762550070000088, -9.584555803999933, 0.0 ], [ 119.762299861000088, -9.584601567999925, 0.0 ], [ 119.762111126000036, -9.584682228999952, 0.0 ], [ 119.761962749000077, -9.584850242999948, 0.0 ], [ 119.761984851000079, -9.584972927999956, 0.0 ], [ 119.762193771000057, -9.585231784999962, 0.0 ], [ 119.762285200000065, -9.585421868999958, 0.0 ], [ 119.762308299000097, -9.585548423999967, 0.0 ], [ 119.762242908000076, -9.585645015999944, 0.0 ], [ 119.762107906000097, -9.58572189299997, 0.0 ], [ 119.762034122000045, -9.585748081999952, 0.0 ], [ 119.76200226200001, -9.585748403999958, 0.0 ], [ 119.761762563000048, -9.585761203999937, 0.0 ], [ 119.761544431000061, -9.585790176999978, 0.0 ], [ 119.761238467000112, -9.585805190999963, 0.0 ], [ 119.760363294000058, -9.586215767999931, 0.0 ], [ 119.760176983000065, -9.586369609999963, 0.0 ], [ 119.759869154000057, -9.587072409999962, 0.0 ], [ 119.759659783000075, -9.587568379999936, 0.0 ], [ 119.759459263000053, -9.587823549999939, 0.0 ], [ 119.759118825000087, -9.587989273999938, 0.0 ], [ 119.759011594000071, -9.58811609299994, 0.0 ], [ 119.758968219000053, -9.588578427999948, 0.0 ], [ 119.758932204000075, -9.588852097999961, 0.0 ], [ 119.758787954000013, -9.588893485999961, 0.0 ], [ 119.758148061000043, -9.588746016999949, 0.0 ], [ 119.757639015000109, -9.588863476999961, 0.0 ], [ 119.757312951000017, -9.589224438999963, 0.0 ], [ 119.757197967000025, -9.589379472999951, 0.0 ], [ 119.75690717000009, -9.589553269999953, 0.0 ], [ 119.756604889000073, -9.589612956999929, 0.0 ], [ 119.756177983000043, -9.589510440999959, 0.0 ], [ 119.755291651000107, -9.589835473999926, 0.0 ], [ 119.754948458000058, -9.590017650999926, 0.0 ], [ 119.754476567000097, -9.590295467999965, 0.0 ], [ 119.754270825000049, -9.590442898999981, 0.0 ], [ 119.754189063000013, -9.590535191999948, 0.0 ], [ 119.754063055000074, -9.590677502999938, 0.0 ], [ 119.753861269000026, -9.590893810999944, 0.0 ], [ 119.753812421000021, -9.590946161999966, 0.0 ], [ 119.753605360000051, -9.591071519999957, 0.0 ], [ 119.753106386000013, -9.591299724999942, 0.0 ], [ 119.752980452000088, -9.591512031999969, 0.0 ], [ 119.752938595000046, -9.591766561999975, 0.0 ], [ 119.752876111000091, -9.592323035999925, 0.0 ], [ 119.752622185000064, -9.592989725999928, 0.0 ], [ 119.752566157000047, -9.593090485999937, 0.0 ], [ 119.752382205000117, -9.593326550999961, 0.0 ], [ 119.752010728000073, -9.593645679999952, 0.0 ], [ 119.751724455000044, -9.593914144999928, 0.0 ], [ 119.751498408000089, -9.594068225999933, 0.0 ], [ 119.750932947000024, -9.594147236999959, 0.0 ], [ 119.749998777000087, -9.594277817999966, 0.0 ], [ 119.749619077000034, -9.594330906999971, 0.0 ], [ 119.748580756000024, -9.594364327999926, 0.0 ], [ 119.748096671000098, -9.594315130999973, 0.0 ], [ 119.747965734000104, -9.59425979699995, 0.0 ], [ 119.747608808000109, -9.593745516999945, 0.0 ], [ 119.747481093000033, -9.593577126999946, 0.0 ], [ 119.747299639000062, -9.593441856999959, 0.0 ], [ 119.747171483000102, -9.593407531999958, 0.0 ], [ 119.746882950000099, -9.593519175999973, 0.0 ], [ 119.74671150100005, -9.593559848999973, 0.0 ], [ 119.746390247000022, -9.593385644999955, 0.0 ], [ 119.746128517000102, -9.593245439999976, 0.0 ], [ 119.745989498000085, -9.593169101999933, 0.0 ], [ 119.745541557000024, -9.592922993999935, 0.0 ], [ 119.745336067000039, -9.592821130999937, 0.0 ], [ 119.74509562500009, -9.59276183399993, 0.0 ], [ 119.744851489000098, -9.592764956999929, 0.0 ], [ 119.744811222000067, -9.592765465999946, 0.0 ], [ 119.744724146000067, -9.59276658899995, 0.0 ], [ 119.744617832000017, -9.592804035999961, 0.0 ], [ 119.744568448000109, -9.592900079999936, 0.0 ], [ 119.744601080000052, -9.593114145999948, 0.0 ], [ 119.74461240800008, -9.59318852499996, 0.0 ], [ 119.744626911000069, -9.59332266499996, 0.0 ], [ 119.744585702000109, -9.593566618999944, 0.0 ], [ 119.744755050000094, -9.593854232999945, 0.0 ], [ 119.744849202000069, -9.594111282999961, 0.0 ] ] ] ] } }
]
}
