{
"type": "FeatureCollection",
"name": "53.20_Sabu_Raijua_kecamatan",
"crs": { "type": "name", "properties": { "name": "urn:ogc:def:crs:EPSG::4979" } },
"features": [
{ "type": "Feature", "properties": { "nm_kecamatan": "Sabu Barat" }, "geometry": { "type": "MultiPolygon", "coordinates": [ [ [ [ 121.81764350900005, -10.587962730999948, 0.0 ], [ 121.817495030000032, -10.588000802999943, 0.0 ], [ 121.817206759000101, -10.588056988999938, 0.0 ], [ 121.817090958000108, -10.588046279999958, 0.0 ], [ 121.816958766000084, -10.588019140999961, 0.0 ], [ 121.816949975000057, -10.588174978999973, 0.0 ], [ 121.816964252000048, -10.588265398999965, 0.0 ], [ 121.817011842000056, -10.588379612999972, 0.0 ], [ 121.817026118000058, -10.588474791999943, 0.0 ], [ 121.817035636000014, -10.588546174999976, 0.0 ], [ 121.817035636000014, -10.588669907999929, 0.0 ], [ 121.817035636000014, -10.588788879999981, 0.0 ], [ 121.816683476000094, -10.589202905999969, 0.0 ], [ 121.816421735000063, -10.589564584999948, 0.0 ], [ 121.816288485000086, -10.589878673999976, 0.0 ], [ 121.816121923000082, -10.59015231099994, 0.0 ], [ 121.815955360000089, -10.590306975999965, 0.0 ], [ 121.815634133000117, -10.59042594899995, 0.0 ], [ 121.815479469000024, -10.590461640999933, 0.0 ], [ 121.815217727000118, -10.59056871699994, 0.0 ], [ 121.814991679000059, -10.590735278999944, 0.0 ], [ 121.814729938000028, -10.591008917999943, 0.0 ], [ 121.814527684000041, -10.591330144999972, 0.0 ], [ 121.814251721000119, -10.59190031299994, 0.0 ], [ 121.814037872000085, -10.591814166999939, 0.0 ], [ 121.813381141000036, -10.591728505999981, 0.0 ], [ 121.812681579000014, -10.591871273999971, 0.0 ], [ 121.81215333900002, -10.592071147999945, 0.0 ], [ 121.811307900000088, -10.592573388999938, 0.0 ], [ 121.810711386000094, -10.592927753999959, 0.0 ], [ 121.807670595000104, -10.594649207999964, 0.0 ], [ 121.807263547000048, -10.594831322999937, 0.0 ], [ 121.806870935, -10.594878912999945, 0.0 ], [ 121.806395043000066, -10.594926501999964, 0.0 ], [ 121.805574129000092, -10.594974089999937, 0.0 ], [ 121.804505194000058, -10.594925415999967, 0.0 ], [ 121.8018845900001, -10.592112965999945, 0.0 ], [ 121.800506213000062, -10.591019134999954, 0.0 ], [ 121.799364071000014, -10.590519447999952, 0.0 ], [ 121.797008405000042, -10.59016252899994, 0.0 ], [ 121.795937647000073, -10.590019760999951, 0.0 ], [ 121.794759814000031, -10.589627149999956, 0.0 ], [ 121.792903834000072, -10.58859922299996, 0.0 ], [ 121.792161443000055, -10.587942491999968, 0.0 ], [ 121.79191873700006, -10.587699786999963, 0.0 ], [ 121.791804524000099, -10.587385696999945, 0.0 ], [ 121.791589009000063, -10.586563153999975, 0.0 ], [ 121.791513632000033, -10.585878737999963, 0.0 ], [ 121.791482343000098, -10.58553614799996, 0.0 ], [ 121.791274726000097, -10.585000867999952, 0.0 ], [ 121.791015788000095, -10.584742684999981, 0.0 ], [ 121.790822903000048, -10.584598396999979, 0.0 ], [ 121.790631144000031, -10.58416701799996, 0.0 ], [ 121.790536108000083, -10.583736010999928, 0.0 ], [ 121.790540046000046, -10.582731191999926, 0.0 ], [ 121.790540796000073, -10.582539797999971, 0.0 ], [ 121.790890554000043, -10.580909479999946, 0.0 ], [ 121.79088751800009, -10.580894754999974, 0.0 ], [ 121.790878233000058, -10.580543826999929, 0.0 ], [ 121.790877023, -10.580491375999941, 0.0 ], [ 121.79089112600002, -10.580000259999963, 0.0 ], [ 121.790888271000085, -10.579954573999942, 0.0 ], [ 121.790881132000095, -10.579906032999929, 0.0 ], [ 121.79086243100005, -10.579858823999928, 0.0 ], [ 121.790745260000108, -10.579645076999952, 0.0 ], [ 121.790592742000058, -10.579320684999971, 0.0 ], [ 121.790564188000076, -10.579236452999965, 0.0 ], [ 121.790542773000084, -10.579143653999949, 0.0 ], [ 121.790521358000092, -10.579018017999942, 0.0 ], [ 121.79049280400011, -10.578895237999973, 0.0 ], [ 121.790462823000098, -10.578828136999959, 0.0 ], [ 121.790414282000029, -10.578692507999961, 0.0 ], [ 121.790340953000054, -10.578458491999982, 0.0 ], [ 121.790342158000044, -10.578379697999935, 0.0 ], [ 121.790398578, -10.578190203999952, 0.0 ], [ 121.790424752000035, -10.578095024999982, 0.0 ], [ 121.790460436000103, -10.577895520999959, 0.0 ], [ 121.790506843000117, -10.577539420999926, 0.0 ], [ 121.790516361000073, -10.57749421099993, 0.0 ], [ 121.79053301700003, -10.577456139999981, 0.0 ], [ 121.790600733000019, -10.577342406999946, 0.0 ], [ 121.790619867000032, -10.577315751999947, 0.0 ], [ 121.790654370000084, -10.577287197999965, 0.0 ], [ 121.790725753000061, -10.577243177999947, 0.0 ], [ 121.790867331000072, -10.577155137999966, 0.0 ], [ 121.79102794500011, -10.577055200999951, 0.0 ], [ 121.79113859000006, -10.576980247999927, 0.0 ], [ 121.791250425000044, -10.576893396999935, 0.0 ], [ 121.791275409000036, -10.576861274999942, 0.0 ], [ 121.791295634000107, -10.576824392999981, 0.0 ], [ 121.791315860000054, -10.576787510999964, 0.0 ], [ 121.791344413000047, -10.576742301999957, 0.0 ], [ 121.79138010500003, -10.576694711999949, 0.0 ], [ 121.79150026800005, -10.576622138999937, 0.0 ], [ 121.791603775000112, -10.576592394999977, 0.0 ], [ 121.791697763000116, -10.576582877999954, 0.0 ], [ 121.791986156, -10.576564271999928, 0.0 ], [ 121.792078681000021, -10.576552337999942, 0.0 ], [ 121.792194663000032, -10.576524737999932, 0.0 ], [ 121.792260506000048, -10.576486508999949, 0.0 ], [ 121.792337838000094, -10.576448437999943, 0.0 ], [ 121.792424689000086, -10.576377053999977, 0.0 ], [ 121.792530575000114, -10.576322326999957, 0.0 ], [ 121.792610287000116, -10.57628901399994, 0.0 ], [ 121.792844664000086, -10.57623071699993, 0.0 ], [ 121.79301479500009, -10.576180748999946, 0.0 ], [ 121.793130199000075, -10.576130779999971, 0.0 ], [ 121.793212290000042, -10.576090328999953, 0.0 ], [ 121.793276536, -10.576066534999939, 0.0 ], [ 121.793322935000106, -10.576045118999957, 0.0 ], [ 121.793351489000088, -10.576024893999943, 0.0 ], [ 121.7934276310001, -10.575958268999955, 0.0 ], [ 121.793477600000074, -10.57592733599995, 0.0 ], [ 121.793625843000086, -10.575841368999932, 0.0 ], [ 121.793486361000078, -10.575696045999962, 0.0 ], [ 121.793014947000074, -10.575241310999957, 0.0 ], [ 121.79266541800007, -10.574904144999948, 0.0 ], [ 121.79228726000008, -10.574629720999951, 0.0 ], [ 121.79199776400003, -10.574419618999968, 0.0 ], [ 121.791407993, -10.573985638999943, 0.0 ], [ 121.790802625000083, -10.573590835999937, 0.0 ], [ 121.790190394000092, -10.573207371999956, 0.0 ], [ 121.789573056000108, -10.572820706999948, 0.0 ], [ 121.788763909000068, -10.57231153999993, 0.0 ], [ 121.788250274, -10.571992191999982, 0.0 ], [ 121.788004998000019, -10.571838559999946, 0.0 ], [ 121.787521079000044, -10.571535448999953, 0.0 ], [ 121.787006360000078, -10.571213047999947, 0.0 ], [ 121.786548131000018, -10.570926028999963, 0.0 ], [ 121.786034141000073, -10.570604083999967, 0.0 ], [ 121.784755409000013, -10.56982831199997, 0.0 ], [ 121.783242699000084, -10.568907890999981, 0.0 ], [ 121.782822739000039, -10.56866737799993, 0.0 ], [ 121.782163007, -10.568292276999955, 0.0 ], [ 121.78185656800008, -10.568118045999938, 0.0 ], [ 121.781805274000021, -10.567570046999947, 0.0 ], [ 121.78137404000006, -10.567226193999943, 0.0 ], [ 121.781218356000068, -10.566801736999935, 0.0 ], [ 121.781135538000058, -10.566660273999958, 0.0 ], [ 121.781070102000058, -10.566559146999964, 0.0 ], [ 121.781031436000035, -10.566484787999968, 0.0 ], [ 121.780986821000056, -10.566410430999952, 0.0 ], [ 121.780942207000066, -10.566312277999941, 0.0 ], [ 121.780906515000083, -10.566234944999962, 0.0 ], [ 121.780888669000092, -10.566157611999927, 0.0 ], [ 121.78087830100003, -10.566025877999948, 0.0 ], [ 121.780897641000024, -10.565971120999961, 0.0 ], [ 121.780925829000012, -10.565891314999931, 0.0 ], [ 121.780966350000085, -10.565776586999959, 0.0 ], [ 121.780927335000115, -10.565687668999942, 0.0 ], [ 121.780796465000094, -10.565565721999974, 0.0 ], [ 121.780745901000046, -10.565494337999951, 0.0 ], [ 121.780680466000035, -10.565414030999932, 0.0 ], [ 121.780644774000052, -10.565333724999959, 0.0 ], [ 121.780615031000025, -10.565250442999968, 0.0 ], [ 121.780531749000033, -10.565140392999979, 0.0 ], [ 121.780380059000095, -10.565030342999933, 0.0 ], [ 121.780274173000066, -10.564994650999949, 0.0 ], [ 121.780174235000118, -10.564987512999949, 0.0 ], [ 121.780109990000028, -10.565051757999981, 0.0 ], [ 121.780010053000069, -10.565194525999971, 0.0 ], [ 121.779902977, -10.565280185999939, 0.0 ], [ 121.779745932000083, -10.565344431999961, 0.0 ], [ 121.779603165000026, -10.565387261999945, 0.0 ], [ 121.779446120000102, -10.565387261999945, 0.0 ], [ 121.779253385000061, -10.565344431999961, 0.0 ], [ 121.779067786000041, -10.565230217999954, 0.0 ], [ 121.778967849000082, -10.565066034999973, 0.0 ], [ 121.778896465000116, -10.564887574999943, 0.0 ], [ 121.778810805000035, -10.564716254999951, 0.0 ], [ 121.778718006000076, -10.564616315999956, 0.0 ], [ 121.778589515000021, -10.564509240999939, 0.0 ], [ 121.778489577000073, -10.564316504999965, 0.0 ], [ 121.778425332000097, -10.564188012999978, 0.0 ], [ 121.778339672000016, -10.564088075999962, 0.0 ], [ 121.778196903000094, -10.564102352999953, 0.0 ], [ 121.778089827000031, -10.564095214999952, 0.0 ], [ 121.777954199000078, -10.564080937999961, 0.0 ], [ 121.777875676, -10.564052384999968, 0.0 ], [ 121.777818569000033, -10.563945308999962, 0.0 ], [ 121.777797154000041, -10.563795402999972, 0.0 ], [ 121.777775739000049, -10.563652634999926, 0.0 ], [ 121.777718632000074, -10.563474175999943, 0.0 ], [ 121.77767580200009, -10.563331407999954, 0.0 ], [ 121.777611556000011, -10.563152948999971, 0.0 ], [ 121.777554449000036, -10.563010179999935, 0.0 ], [ 121.77749020300007, -10.562874551999926, 0.0 ], [ 121.777425958000094, -10.562731783999936, 0.0 ], [ 121.777368851, -10.562546185999963, 0.0 ], [ 121.777340297000023, -10.562346310999942, 0.0 ], [ 121.777333159000023, -10.561918007999964, 0.0 ], [ 121.777333159000023, -10.561789516999966, 0.0 ], [ 121.777326020000032, -10.561682440999959, 0.0 ], [ 121.777240360000064, -10.561639610999976, 0.0 ], [ 121.777126146000114, -10.561589642999934, 0.0 ], [ 121.776990517000058, -10.56154681299995, 0.0 ], [ 121.776833473000011, -10.561489704999929, 0.0 ], [ 121.776583629000015, -10.561404043999971, 0.0 ], [ 121.776476553000066, -10.561282691999963, 0.0 ], [ 121.776455138000074, -10.561197030999949, 0.0 ], [ 121.776469414000076, -10.561089955999932, 0.0 ], [ 121.776540799000031, -10.561011433999965, 0.0 ], [ 121.776633597000114, -10.560932910999952, 0.0 ], [ 121.776719258000071, -10.560868665999976, 0.0 ], [ 121.776833473000011, -10.560790143999952, 0.0 ], [ 121.776904856000101, -10.560718759999929, 0.0 ], [ 121.776961963000076, -10.560604545999979, 0.0 ], [ 121.777047624000033, -10.560404670999958, 0.0 ], [ 121.777154700000096, -10.560140550999961, 0.0 ], [ 121.777326020000032, -10.559712247999926, 0.0 ], [ 121.777354574000015, -10.559519510999962, 0.0 ], [ 121.777347436000014, -10.559412434999956, 0.0 ], [ 121.777318883000021, -10.559298220999949, 0.0 ], [ 121.777261776000046, -10.559155453999949, 0.0 ], [ 121.777204668000081, -10.559055516999933, 0.0 ], [ 121.777094023000018, -10.55901268599996, 0.0 ], [ 121.777033347000042, -10.55901268599996, 0.0 ], [ 121.776947686000085, -10.55901268599996, 0.0 ], [ 121.776719258000071, -10.558976993999977, 0.0 ], [ 121.776597906, -10.558941301999937, 0.0 ], [ 121.776547937000032, -10.558880625999961, 0.0 ], [ 121.776497968000058, -10.55871287399998, 0.0 ], [ 121.776497968000058, -10.558620074999965, 0.0 ], [ 121.776526521000051, -10.558548690999942, 0.0 ], [ 121.776569352000024, -10.558455891999927, 0.0 ], [ 121.776569352000024, -10.558377370999949, 0.0 ], [ 121.776547937000032, -10.558241740999961, 0.0 ], [ 121.776505107000048, -10.557970481999973, 0.0 ], [ 121.776393867000024, -10.557550160999938, 0.0 ], [ 121.776352226000085, -10.557365751999953, 0.0 ], [ 121.776304637000067, -10.557211086999928, 0.0 ], [ 121.776316534000102, -10.55715160099993, 0.0 ], [ 121.776387918000069, -10.557139703999951, 0.0 ], [ 121.776542583000037, -10.557104010999979, 0.0 ], [ 121.776691300000039, -10.55705642199996, 0.0 ], [ 121.776786478000076, -10.557014781999953, 0.0 ], [ 121.776881656000114, -10.556925551999939, 0.0 ], [ 121.777030373000116, -10.556806578999954, 0.0 ], [ 121.777161243000023, -10.55670545199996, 0.0 ], [ 121.777232627000103, -10.556634067999937, 0.0 ], [ 121.777339703000052, -10.55649724899996, 0.0 ], [ 121.777375394000046, -10.556396121999967, 0.0 ], [ 121.777375394000046, -10.556277148999982, 0.0 ], [ 121.777345651000019, -10.556170072999976, 0.0 ], [ 121.777268319000086, -10.556057048999946, 0.0 ], [ 121.777083910000101, -10.555926177999936, 0.0 ], [ 121.776851913000087, -10.55577746199998, 0.0 ], [ 121.776667505000091, -10.555717974999936, 0.0 ], [ 121.776441456000043, -10.555700128999945, 0.0 ], [ 121.77616781800009, -10.555706077999957, 0.0 ], [ 121.775828745000013, -10.555717974999936, 0.0 ], [ 121.775578901000017, -10.555652539999926, 0.0 ], [ 121.7753825960001, -10.555569258999981, 0.0 ], [ 121.775281468000117, -10.555485977999979, 0.0 ], [ 121.775150598000096, -10.555402695999931, 0.0 ], [ 121.775061368000024, -10.555265877999943, 0.0 ], [ 121.775061368000024, -10.555099315999939, 0.0 ], [ 121.775091112000041, -10.554897061999952, 0.0 ], [ 121.77509706100011, -10.55457583499998, 0.0 ], [ 121.775061368000024, -10.55423676099997, 0.0 ], [ 121.775085164000075, -10.554046403999962, 0.0 ], [ 121.775114907000102, -10.553802508999979, 0.0 ], [ 121.775150598000096, -10.55368948499995, 0.0 ], [ 121.775239828000053, -10.553552665999973, 0.0 ], [ 121.7753825960001, -10.553403949999961, 0.0 ], [ 121.775567004000095, -10.55327307899995, 0.0 ], [ 121.775653259000023, -10.553231438999944, 0.0 ], [ 121.776007407000066, -10.55300518699994, 0.0 ], [ 121.776036948000069, -10.552975646999926, 0.0 ], [ 121.776043076000065, -10.552966070999958, 0.0 ], [ 121.776157663000049, -10.552884183999936, 0.0 ], [ 121.776236185000016, -10.552752123999937, 0.0 ], [ 121.776236185000016, -10.55266646299998, 0.0 ], [ 121.776225478000015, -10.552559386999974, 0.0 ], [ 121.776179078000041, -10.552445172999967, 0.0 ], [ 121.776036948000069, -10.552327243999969, 0.0 ], [ 121.775906077000059, -10.55227965399996, 0.0 ], [ 121.775709771000038, -10.552267756999981, 0.0 ], [ 121.775525364000032, -10.552255859999946, 0.0 ], [ 121.775388544000066, -10.552273705999937, 0.0 ], [ 121.775269571000081, -10.552321293999967, 0.0 ], [ 121.775132753000094, -10.552380780999954, 0.0 ], [ 121.775019728000075, -10.55242242199995, 0.0 ], [ 121.774888858000054, -10.552464062999945, 0.0 ], [ 121.774692552000033, -10.552458113999933, 0.0 ], [ 121.774514092000118, -10.552446216999954, 0.0 ], [ 121.774228558000118, -10.552368883999975, 0.0 ], [ 121.774061995000011, -10.552273705999937, 0.0 ], [ 121.773919228000068, -10.552196372999958, 0.0 ], [ 121.773812152000119, -10.552095245999965, 0.0 ], [ 121.773716974000081, -10.551970323999967, 0.0 ], [ 121.773556359000054, -10.551869196999974, 0.0 ], [ 121.773484976000077, -10.551833504999934, 0.0 ], [ 121.7733481570001, -10.551833504999934, 0.0 ], [ 121.773285696000016, -10.551842427999929, 0.0 ], [ 121.77287327800002, -10.552064632999929, 0.0 ], [ 121.772794932000011, -10.552101193999931, 0.0 ], [ 121.772687856000061, -10.552107142999944, 0.0 ], [ 121.772604575000059, -10.552065502999938, 0.0 ], [ 121.772556986000041, -10.551994118999971, 0.0 ], [ 121.772515345000102, -10.551851350999925, 0.0 ], [ 121.772473705000039, -10.551750223999932, 0.0 ], [ 121.772384475000081, -10.55162530299998, 0.0 ], [ 121.772217913000077, -10.551488483999947, 0.0 ], [ 121.772063248000109, -10.551280280999947, 0.0 ], [ 121.77194427500001, -10.55110776999993, 0.0 ], [ 121.771843148000016, -10.550917412999979, 0.0 ], [ 121.771771763000061, -10.550768696999967, 0.0 ], [ 121.771730123000111, -10.550590236999938, 0.0 ], [ 121.771682534000092, -10.550382033999938, 0.0 ], [ 121.77164089300004, -10.550203574999955, 0.0 ], [ 121.77159925300009, -10.550019166999959, 0.0 ], [ 121.771551663000082, -10.549846654999953, 0.0 ], [ 121.771492177000027, -10.549697938999941, 0.0 ], [ 121.771391050000034, -10.549501633999967, 0.0 ], [ 121.771206642000038, -10.549305327999946, 0.0 ], [ 121.771040080000034, -10.549138765999942, 0.0 ], [ 121.77087946600011, -10.548972203999938, 0.0 ], [ 121.770760493000012, -10.548823487999925, 0.0 ], [ 121.770629623000104, -10.548633130999974, 0.0 ], [ 121.770522547000041, -10.548490361999939, 0.0 ], [ 121.770367882000073, -10.548383285999932, 0.0 ], [ 121.770248909000088, -10.54833569799996, 0.0 ], [ 121.770123987000034, -10.548317851999968, 0.0 ], [ 121.769987168000057, -10.548329748999947, 0.0 ], [ 121.769808709000017, -10.548353542999962, 0.0 ], [ 121.769725427000026, -10.548383285999932, 0.0 ], [ 121.769636197000068, -10.54840113299997, 0.0 ], [ 121.7695469680001, -10.548395183999958, 0.0 ], [ 121.769469636000053, -10.548317851999968, 0.0 ], [ 121.769398251000098, -10.548181032999935, 0.0 ], [ 121.769362560000104, -10.548008521999975, 0.0 ], [ 121.769350663000068, -10.547824112999933, 0.0 ], [ 121.769338765000043, -10.547651602999963, 0.0 ], [ 121.769279278000113, -10.547526680999965, 0.0 ], [ 121.769160306000117, -10.547395809999955, 0.0 ], [ 121.768805129000043, -10.547034278999945, 0.0 ], [ 121.768328360000055, -10.546731170999976, 0.0 ], [ 121.768178778000106, -10.546634382999969, 0.0 ], [ 121.768000318000077, -10.546551101999967, 0.0 ], [ 121.767845653000109, -10.546503512999948, 0.0 ], [ 121.76772668000001, -10.546479717999944, 0.0 ], [ 121.767572015000042, -10.546420231999946, 0.0 ], [ 121.76731027400001, -10.546295309999948, 0.0 ], [ 121.76718535200007, -10.546241771999973, 0.0 ], [ 121.767042585000013, -10.54610495299994, 0.0 ], [ 121.766905766000036, -10.545938389999947, 0.0 ], [ 121.766715409000085, -10.54562311199993, 0.0 ], [ 121.766638077000039, -10.545355422999933, 0.0 ], [ 121.766566692000083, -10.54517696299996, 0.0 ], [ 121.766435822000062, -10.544968759999961, 0.0 ], [ 121.766221671000039, -10.544701070999963, 0.0 ], [ 121.766025365000019, -10.544427432999953, 0.0 ], [ 121.765965879000078, -10.54424897399997, 0.0 ], [ 121.765959931000111, -10.544076462999953, 0.0 ], [ 121.765989674000025, -10.543933694999964, 0.0 ], [ 121.766037263000044, -10.543808772999967, 0.0 ], [ 121.766162185000098, -10.54363626199995, 0.0 ], [ 121.766209774000117, -10.543493493999961, 0.0 ], [ 121.766227619, -10.543386417999955, 0.0 ], [ 121.766221671000039, -10.543297188999929, 0.0 ], [ 121.76617408200002, -10.54315442099994, 0.0 ], [ 121.766126492000012, -10.543077088999951, 0.0 ], [ 121.765989674000025, -10.542934320999962, 0.0 ], [ 121.765585165000061, -10.542482223999968, 0.0 ], [ 121.765519730000051, -10.542375147999962, 0.0 ], [ 121.765442398000118, -10.542262123999933, 0.0 ], [ 121.76532342500002, -10.542149098999971, 0.0 ], [ 121.765133068000068, -10.542047971999978, 0.0 ], [ 121.765049786000077, -10.54201822899995, 0.0 ], [ 121.764889173000029, -10.541958741999963, 0.0 ], [ 121.764752354000052, -10.541917101999957, 0.0 ], [ 121.764645278000103, -10.541863563999925, 0.0 ], [ 121.764585792000048, -10.541756487999976, 0.0 ], [ 121.76453820200004, -10.541482849999966, 0.0 ], [ 121.764532253000084, -10.541357927999968, 0.0 ], [ 121.764490613000021, -10.541119981999941, 0.0 ], [ 121.764448973000071, -10.540971265999929, 0.0 ], [ 121.764377589000105, -10.540870138999935, 0.0 ], [ 121.764294308000103, -10.540822548999927, 0.0 ], [ 121.764109899000118, -10.54075116599995, 0.0 ], [ 121.763919543000043, -10.540709524999954, 0.0 ], [ 121.763592366000012, -10.540614345999927, 0.0 ], [ 121.763015347000078, -10.540370451999934, 0.0 ], [ 121.762926117, -10.540316913999959, 0.0 ], [ 121.76285473400003, -10.540215786999966, 0.0 ], [ 121.762801196000055, -10.540073018999976, 0.0 ], [ 121.762777401000108, -10.539954045999934, 0.0 ], [ 121.762753607000036, -10.539817226999958, 0.0 ], [ 121.762717914000064, -10.539662561999933, 0.0 ], [ 121.762723863000019, -10.539436512999941, 0.0 ], [ 121.762694120000106, -10.539240207999967, 0.0 ], [ 121.762700069000061, -10.538972518999969, 0.0 ], [ 121.762717914000064, -10.538823801999968, 0.0 ], [ 121.762765504000072, -10.538734572999942, 0.0 ], [ 121.76285473400003, -10.538627496999936, 0.0 ], [ 121.763062937000086, -10.538330063999979, 0.0 ], [ 121.763056987000027, -10.53821703999995, 0.0 ], [ 121.763012373000038, -10.538148629999966, 0.0 ], [ 121.762890090000042, -10.538035837999928, 0.0 ], [ 121.762759556000105, -10.537961246999942, 0.0 ], [ 121.762485917000049, -10.537830376999977, 0.0 ], [ 121.762328278000041, -10.537750069999959, 0.0 ], [ 121.762057614000014, -10.537574585999948, 0.0 ], [ 121.761873206000018, -10.537396125999976, 0.0 ], [ 121.761700695000059, -10.537193870999943, 0.0 ], [ 121.761456800000019, -10.536967822999941, 0.0 ], [ 121.761046344000079, -10.536551416999941, 0.0 ], [ 121.760814599000014, -10.53631631199994, 0.0 ], [ 121.761032045000093, -10.536233609999954, 0.0 ], [ 121.761164716000053, -10.536183146999974, 0.0 ], [ 121.761720152000066, -10.536123152999949, 0.0 ], [ 121.762960981000106, -10.535891937999963, 0.0 ], [ 121.763628302000029, -10.535653301999957, 0.0 ], [ 121.763971118000086, -10.535402508999937, 0.0 ], [ 121.764418416000012, -10.534954279999965, 0.0 ], [ 121.765081316000078, -10.534048535999943, 0.0 ], [ 121.765286186000026, -10.533741647999932, 0.0 ], [ 121.765486478000071, -10.533390648999955, 0.010099999999511 ], [ 121.76613045900001, -10.532261891999951, 0.010099999999511 ], [ 121.766568129, -10.531597609999949, 0.010099999999511 ], [ 121.766770653000094, -10.531324498999936, 0.010099999999511 ], [ 121.767044328000111, -10.530973431999939, 0.010099999999511 ], [ 121.768729035000092, -10.529439870999965, 0.010099999999511 ], [ 121.769330001000071, -10.52900679499993, 0.010099999999511 ], [ 121.769757051000056, -10.52876652599997, 0.010099999999511 ], [ 121.770498930000031, -10.528307364999932, 0.010099999999511 ], [ 121.770790334000026, -10.528111113999955, 0.010099999999511 ], [ 121.77240723400007, -10.526547238999967, 0.010099999999511 ], [ 121.772924641000031, -10.526114450999955, 0.010099999999511 ], [ 121.773880041000098, -10.525423642999954, 0.010099999999511 ], [ 121.774158576000104, -10.52524610699993, 0.010099999999511 ], [ 121.774530971000104, -10.525041841999951, 0.010099999999511 ], [ 121.776442829000075, -10.524011938999934, 0.010099999999511 ], [ 121.777518796000095, -10.523577881999927, 0.010099999999511 ], [ 121.778951763, -10.522928777999937, 0.010099999999511 ], [ 121.779261152000117, -10.522729744999936, 0.010099999999511 ], [ 121.779461971000046, -10.522600451999949, 0.010099999999511 ], [ 121.781132403000015, -10.521885526999938, 0.010099999999511 ], [ 121.781567851000091, -10.521682124999927, 0.010099999999511 ], [ 121.781913501000076, -10.52148148699996, 0.010099999999511 ], [ 121.782190863000096, -10.52127648499993, 0.010099999999511 ], [ 121.782636334000017, -10.52085303299998, 0.010099999999511 ], [ 121.784278422000057, -10.519274153999959, 0.010099999999511 ], [ 121.78479032100006, -10.518953139999951, 0.010099999999511 ], [ 121.785185934000083, -10.518833060999953, 0.010099999999511 ], [ 121.785580980000077, -10.518802860999926, 0.010099999999511 ], [ 121.786285037000084, -10.518794861999936, 0.010099999999511 ], [ 121.786854928000025, -10.518607483999972, 0.010099999999511 ], [ 121.787159238000072, -10.518458432999978, 0.010099999999511 ], [ 121.788015994000034, -10.517760512999928, 0.010099999999511 ], [ 121.789169370000081, -10.516918737999958, 0.010099999999511 ], [ 121.789498669000068, -10.516726464999977, 0.010099999999511 ], [ 121.790650912000046, -10.515957717999981, 0.010099999999511 ], [ 121.791168726000024, -10.515628389999961, 0.010099999999511 ], [ 121.791694624000115, -10.515419297999927, 0.010099999999511 ], [ 121.791944311000066, -10.515348117999963, 0.010099999999511 ], [ 121.79214460500009, -10.515291, 0.010099999999511 ], [ 121.794215012000109, -10.515092798999945, 0.010099999999511 ], [ 121.795421877000081, -10.514901704999943, 0.010099999999511 ], [ 121.796219379000036, -10.514539401999969, 0.010099999999511 ], [ 121.796973682000043, -10.51397362299997, 0.010099999999511 ], [ 121.797476753000069, -10.513404296999965, 0.010099999999511 ], [ 121.797816141000112, -10.512950666999927, 0.010099999999511 ], [ 121.798167917000114, -10.512523204999979, 0.010099999999511 ], [ 121.798666758000081, -10.512078714999973, 0.010099999999511 ], [ 121.798875789000022, -10.511939113999972, 0.010099999999511 ], [ 121.798915073000103, -10.511916114999963, 0.010099999999511 ], [ 121.798959449000108, -10.511882827999955, 0.010099999999511 ], [ 121.799109506000036, -10.511706799999956, 0.010099999999511 ], [ 121.799430176000101, -10.511328162999973, 0.010099999999511 ], [ 121.80007674400008, -10.510694577999971, 0.010099999999511 ], [ 121.800336031000029, -10.510551767999971, 0.010099999999511 ], [ 121.801344268000094, -10.510081290999949, 0.010099999999511 ], [ 121.801782735000074, -10.509939646999953, 0.010099999999511 ], [ 121.802191717000028, -10.509973459999969, 0.005099999994854 ], [ 121.802361212000051, -10.509987507999938, 0.010099999999511 ], [ 121.802707304000023, -10.509966775999942, 0.010099999999511 ], [ 121.803094150000106, -10.509868936999965, 0.010099999999511 ], [ 121.80412117700007, -10.509579051999935, 0.010099999999511 ], [ 121.804186551000043, -10.509530297999959, 0.010099999999511 ], [ 121.804661743000111, -10.509424482999975, 0.010099999999511 ], [ 121.80532469700006, -10.509317171999953, 0.010099999999511 ], [ 121.80582955400007, -10.509214893999967, 0.010099999999511 ], [ 121.806510974000048, -10.509102757999926, 0.00340000000142 ], [ 121.807436075000055, -10.508950520999974, 0.010099999999511 ], [ 121.807502613000111, -10.508939556999962, 0.010099999999511 ], [ 121.808241639000016, -10.508747957999958, 0.010099999999511 ], [ 121.809678713000039, -10.50837542599993, 0.010099999999511 ], [ 121.810595363000061, -10.508180643999935, 0.010099999999511 ], [ 121.812158067000041, -10.50799518599996, 0.010099999999511 ], [ 121.81278562600005, -10.507886836999944, 0.010099999999511 ], [ 121.815022285000055, -10.507460655999978, 0.010099999999511 ], [ 121.815428106000013, -10.507358889999978, 0.010099999999511 ], [ 121.815679928, -10.50726979999996, 0.010099999999511 ], [ 121.815950167000096, -10.507211750999943, 0.010099999999511 ], [ 121.81624182500002, -10.50722202399993, 0.010099999999511 ], [ 121.816619082000102, -10.50723530099998, 0.010099999999511 ], [ 121.817107898000017, -10.507258215999968, 0.010099999999511 ], [ 121.818028084000048, -10.507015229999979, 0.010099999999511 ], [ 121.819031813000038, -10.506648964999954, 0.010099999999511 ], [ 121.819079166000051, -10.50663652999998, 0.010099999999511 ], [ 121.819129240000052, -10.506610057999978, 0.010099999999511 ], [ 121.819720148000101, -10.506215151999982, 0.010099999999511 ], [ 121.820018267000023, -10.505895982999959, 0.010099999999511 ], [ 121.820515763000117, -10.504851024999937, 0.010099999999511 ], [ 121.820694375000016, -10.504518382999947, 0.010099999999511 ], [ 121.82084262300009, -10.504230638999957, 0.010099999999511 ], [ 121.821140852000099, -10.503837309999938, 0.010099999999511 ], [ 121.821332349000045, -10.503681441999959, 0.010099999999511 ], [ 121.821589949000099, -10.50351595799998, 0.010099999999511 ], [ 121.82220638900003, -10.503035046999969, 0.010099999999511 ], [ 121.822570134000102, -10.502803082999947, 0.010099999999511 ], [ 121.823260102000063, -10.502453509999953, 0.010099999999511 ], [ 121.823930786000119, -10.502170430999968, 0.010099999999511 ], [ 121.82412014800002, -10.502090498999962, 0.005099999994854 ], [ 121.824253205000105, -10.502034333999973, 0.010099999999511 ], [ 121.824807167000017, -10.501828109999963, 0.010099999999511 ], [ 121.825763739000081, -10.501252676999968, 0.010099999999511 ], [ 121.826546695000047, -10.500803297999937, 0.010099999999511 ], [ 121.826976324000043, -10.500563192999948, 0.010099999999511 ], [ 121.827221805000022, -10.50050874599998, 0.010099999999511 ], [ 121.827460614000074, -10.500513654999963, 0.010099999999511 ], [ 121.827780299000096, -10.500546233999955, 0.010099999999511 ], [ 121.82845192100001, -10.50034259499995, 0.010099999999511 ], [ 121.828675613000087, -10.500195303999931, 0.010099999999511 ], [ 121.82897799400007, -10.500035579999974, 0.010099999999511 ], [ 121.82904489100008, -10.500000242999931, 0.010099999999511 ], [ 121.829045351000104, -10.5, 0.010099999999511 ], [ 121.829156265000051, -10.49994142099996, 0.010099999999511 ], [ 121.82944598600011, -10.499813456999959, 0.010099999999511 ], [ 121.829966725000077, -10.499600404999967, 0.010099999999511 ], [ 121.830219093000096, -10.499525285999937, 0.010099999999511 ], [ 121.832351744000107, -10.499095747999945, 0.010099999999511 ], [ 121.832450303000087, -10.499075868999967, 0.010099999999511 ], [ 121.832705585000099, -10.49899937899994, 0.010099999999511 ], [ 121.832740474000047, -10.499001932999931, 0.010099999999511 ], [ 121.832929999000044, -10.499015805999932, 0.010099999999511 ], [ 121.833041569000102, -10.499023974999943, 0.010099999999511 ], [ 121.833079367000096, -10.499026872999934, 0.005099999994854 ], [ 121.833178497000063, -10.49903424699994, 0.010099999999511 ], [ 121.833308643, -10.498941879999961, 0.010099999999511 ], [ 121.833822180000084, -10.498532205999936, 0.010099999999511 ], [ 121.834414394000078, -10.497974952999925, 0.010099999999511 ], [ 121.834636050000086, -10.497708349999925, 0.010099999999511 ], [ 121.835014274000059, -10.496956341999976, 0.010099999999511 ], [ 121.835211339000011, -10.496470205999969, 0.010099999999511 ], [ 121.835292377000087, -10.495926642999962, 0.010099999999511 ], [ 121.835302974000115, -10.495749934999935, 0.010099999999511 ], [ 121.835307786000044, -10.495389088999957, 0.010099999999511 ], [ 121.835360442000024, -10.49519670199993, 0.010099999999511 ], [ 121.835452557000053, -10.494850749999955, 0.010099999999511 ], [ 121.835490186000015, -10.494733365999934, 0.010099999999511 ], [ 121.835505892000015, -10.494676763999962, 0.010099999999511 ], [ 121.835796389000052, -10.494071733999931, 0.010099999999511 ], [ 121.836073583000029, -10.493708829999946, 0.010099999999511 ], [ 121.836377102000029, -10.493241545999979, 0.010099999999511 ], [ 121.836682616000076, -10.492623013999946, 0.010099999999511 ], [ 121.836868861000085, -10.492311702999928, 0.010099999999511 ], [ 121.836970228000041, -10.492190514999947, 0.010099999999511 ], [ 121.83709632800003, -10.492077962999929, 0.010099999999511 ], [ 121.837462182000081, -10.491610766999941, 0.010099999999511 ], [ 121.837992372000031, -10.491101622999963, 0.010099999999511 ], [ 121.838277861000051, -10.490773201999957, 0.010099999999511 ], [ 121.838333287000069, -10.490602453999941, 0.010099999999511 ], [ 121.838277808000043, -10.490416373999949, 0.010099999999511 ], [ 121.838241326000116, -10.490294069999948, 0.010099999999511 ], [ 121.838350945000116, -10.490160085999946, 0.010099999999511 ], [ 121.838391765000097, -10.490125048999971, 0.010099999999511 ], [ 121.838445966000108, -10.490072143999953, 0.010099999999511 ], [ 121.838504434000015, -10.490071264999926, 0.010099999999511 ], [ 121.838741795000033, -10.490400234999981, 0.010099999999511 ], [ 121.838859058000025, -10.490479601999937, 0.010099999999511 ], [ 121.83924287800005, -10.490452122999955, 0.010099999999511 ], [ 121.839431384000022, -10.490469579999967, 0.010099999999511 ], [ 121.839548020000052, -10.49048303099994, 0.010099999999511 ], [ 121.839551529000119, -10.490483435999977, 0.010099999999511 ], [ 121.839656168000033, -10.49049548499994, 0.010099999999511 ], [ 121.839792251000063, -10.490440423999928, 0.010099999999511 ], [ 121.840609347000054, -10.489390765999929, 0.010099999999511 ], [ 121.840765306000094, -10.488982338999961, 0.010099999999511 ], [ 121.840822042000013, -10.48793638799998, 0.010099999999511 ], [ 121.840831897000044, -10.487671451999972, 0.010099999999511 ], [ 121.840828925000096, -10.487185293999971, 0.010099999999511 ], [ 121.840760458000091, -10.486235159999978, 0.010099999999511 ], [ 121.840767510000092, -10.48542858299993, 0.010099999999511 ], [ 121.840736263000053, -10.48526971299998, 0.010099999999511 ], [ 121.840678232000073, -10.484974638999972, 0.010099999999511 ], [ 121.840595805000021, -10.482719592999956, 0.010099999999511 ], [ 121.840469389000077, -10.482144110999968, 0.010099999999511 ], [ 121.84037791500009, -10.481739939999954, 0.010099999999511 ], [ 121.840342774000078, -10.481053583999937, 0.010099999999511 ], [ 121.840347146000113, -10.479181763999975, 0.010099999999511 ], [ 121.840450213000054, -10.477867407999952, 0.010099999999511 ], [ 121.840591533000065, -10.47721768699995, 0.010099999999511 ], [ 121.840930914000069, -10.476211765999949, 0.010099999999511 ], [ 121.841993708000018, -10.474219171999948, 0.010099999999511 ], [ 121.842328585000018, -10.473653276999926, 0.010099999999511 ], [ 121.842516347000014, -10.473361902999955, 0.010099999999511 ], [ 121.842752576000066, -10.472771118999958, 0.010099999999511 ], [ 121.842955596000024, -10.472075932999928, 0.010099999999511 ], [ 121.843285313000024, -10.471505229999934, 0.010099999999511 ], [ 121.84339946700004, -10.471225411999967, 0.010099999999511 ], [ 121.84366564100003, -10.470088817999965, 0.010099999999511 ], [ 121.843727392000119, -10.469486583999981, 0.010099999999511 ], [ 121.843703659000084, -10.468882938999968, 0.010099999999511 ], [ 121.84365764100005, -10.46860473299995, 0.010099999999511 ], [ 121.843574516000103, -10.468039919999967, 0.010099999999511 ], [ 121.843599967000046, -10.467387302999953, 0.010099999999511 ], [ 121.843710648000069, -10.466637944999945, 0.010099999999511 ], [ 121.843871845000081, -10.466189577999955, 0.010099999999511 ], [ 121.844829288000028, -10.464221901999963, 0.010099999999511 ], [ 121.845105335000085, -10.463945900999931, 0.010099999999511 ], [ 121.845161950000033, -10.463940649999927, 0.010099999999511 ], [ 121.845202092000022, -10.463936926999963, 0.010099999999511 ], [ 121.845334757000046, -10.46392463899997, 0.010099999999511 ], [ 121.845453435000081, -10.463877260999936, 0.010099999999511 ], [ 121.845481343000074, -10.463834008999982, 0.010099999999511 ], [ 121.8454953050001, -10.463812465999979, 0.005099999994854 ], [ 121.845537712, -10.463746811999954, 0.010099999999511 ], [ 121.845619056000032, -10.463438029999963, 0.010099999999511 ], [ 121.845643878000033, -10.463384471999973, 0.010099999999511 ], [ 121.845776988000011, -10.463097264999931, 0.010099999999511 ], [ 121.846085383000059, -10.462390779999964, 0.010099999999511 ], [ 121.846100055000079, -10.462357146999977, 0.010099999999511 ], [ 121.846215889000064, -10.46192229899998, 0.010099999999511 ], [ 121.846484843000098, -10.460974466999971, 0.010099999999511 ], [ 121.846529247000035, -10.460469172999979, 0.010099999999511 ], [ 121.846497587000044, -10.460051764999946, 0.010099999999511 ], [ 121.846315397000012, -10.458929487999967, 0.010099999999511 ], [ 121.846200631000102, -10.458685701999968, 0.010099999999511 ], [ 121.846047242000054, -10.45843079499997, 0.010099999999511 ], [ 121.845601830000078, -10.457691153999974, 0.010099999999511 ], [ 121.845467475000078, -10.457417165999971, 0.010099999999511 ], [ 121.844801679000057, -10.456275423999955, 0.010099999999511 ], [ 121.844429404000039, -10.455600484999934, 0.010099999999511 ], [ 121.844088365000061, -10.454971640999929, 0.010099999999511 ], [ 121.843876137000052, -10.454572569999925, 0.010099999999511 ], [ 121.843749924, -10.454273100999956, 0.010099999999511 ], [ 121.843670101000043, -10.453559432999953, 0.010099999999511 ], [ 121.843702851000103, -10.453182943999934, 0.010099999999511 ], [ 121.843833546000042, -10.45243246299998, 0.010099999999511 ], [ 121.843967764000013, -10.45179920299995, 0.010099999999511 ], [ 121.84411445, -10.451356143999931, 0.005099999994854 ], [ 121.844441868000104, -10.450367290999964, 0.010099999999511 ], [ 121.844657629000039, -10.44997964099997, 0.010099999999511 ], [ 121.845059959000082, -10.449354618999962, 0.010099999999511 ], [ 121.845251682000026, -10.449039142999936, 0.010099999999511 ], [ 121.845513469000025, -10.448660797999935, 0.010099999999511 ], [ 121.846227632000023, -10.447702360999926, 0.010099999999511 ], [ 121.846939341000052, -10.446753858999955, 0.010099999999511 ], [ 121.847406234000118, -10.446223847999931, 0.010099999999511 ], [ 121.847926362000067, -10.445645784999954, 0.010099999999511 ], [ 121.848787713000092, -10.444721104999928, 0.010099999999511 ], [ 121.849056217000111, -10.444498174999978, 0.010099999999511 ], [ 121.849453248000032, -10.444142137999961, 0.010099999999511 ], [ 121.851085856000054, -10.442581952999944, 0.010099999999511 ], [ 121.852019235000057, -10.441698939999981, 0.010099999999511 ], [ 121.853796765000084, -10.440290171999948, 0.010099999999511 ], [ 121.854595765000113, -10.439707596999938, 0.010099999999511 ], [ 121.8552634240001, -10.439242775999958, 0.010099999999511 ], [ 121.855673836000051, -10.438943251999945, 0.010099999999511 ], [ 121.856604240000024, -10.438240951999944, 0.010099999999511 ], [ 121.857049619, -10.437915197999928, 0.010099999999511 ], [ 121.857962201000078, -10.437329555999952, 0.010099999999511 ], [ 121.858492827000077, -10.436977381999952, 0.010099999999511 ], [ 121.858861739000076, -10.436751800999957, 0.010099999999511 ], [ 121.860306392000098, -10.435812544999976, 0.010099999999511 ], [ 121.862140821000025, -10.434859168999935, 0.010099999999511 ], [ 121.863115258000107, -10.434440256999949, 0.010099999999511 ], [ 121.863586397000063, -10.434289638999928, 0.010099999999511 ], [ 121.865062814000112, -10.434018335999951, 0.010099999999511 ], [ 121.866259013000104, -10.434027637999975, 0.010099999999511 ], [ 121.866926732000024, -10.434037700999966, 0.010099999999511 ], [ 121.867084744000067, -10.433937366999942, 0.010099999999511 ], [ 121.867108709000036, -10.433922210999981, 0.010099999999511 ], [ 121.867173540000067, -10.433804610999971, 0.010099999999511 ], [ 121.867362576000119, -10.433353796999938, 0.010099999999511 ], [ 121.86790772300003, -10.432952560999979, 0.010099999999511 ], [ 121.868078877000016, -10.432803317999969, 0.010099999999511 ], [ 121.868397025000036, -10.432576497999946, 0.010099999999511 ], [ 121.868684635000022, -10.432397776999949, 0.010099999999511 ], [ 121.870629008000037, -10.431229762999976, 0.010099999999511 ], [ 121.871190619000117, -10.430909443999951, 0.010099999999511 ], [ 121.872594621000076, -10.430108516999951, 0.010099999999511 ], [ 121.872679331000086, -10.430059960999927, 0.010099999999511 ], [ 121.873613498000054, -10.429524495999942, 0.010099999999511 ], [ 121.874257403000115, -10.42910225199995, 0.010099999999511 ], [ 121.874915978000104, -10.428660612999977, 0.010099999999511 ], [ 121.875000000000114, -10.428588454999954, 0.010099999999511 ], [ 121.875000670000077, -10.428587879999952, 0.010099999999511 ], [ 121.875006752000104, -10.428582656999936, 0.010099999999511 ], [ 121.875194246000092, -10.428421644999958, 0.010099999999511 ], [ 121.875250686000072, -10.428365247999977, 0.010099999999511 ], [ 121.875404592000109, -10.428211484999963, 0.010099999999511 ], [ 121.8774785170001, -10.427255770999977, 0.010099999999511 ], [ 121.877642522000087, -10.427214954999954, 0.010099999999511 ], [ 121.877698416000044, -10.42720107699995, 0.010099999999511 ], [ 121.878055651000068, -10.427181301999951, 0.010099999999511 ], [ 121.87900530200011, -10.426781342999959, 0.010099999999511 ], [ 121.879870929000049, -10.42630629599995, 0.010099999999511 ], [ 121.880016936000061, -10.426228747999971, 0.010099999999511 ], [ 121.880936593000115, -10.425902042999951, 0.010099999999511 ], [ 121.881466570000043, -10.425628076999942, 0.010099999999511 ], [ 121.881930787000101, -10.42538811299994, 0.010099999999511 ], [ 121.882111421000104, -10.425323926999965, 0.010099999999511 ], [ 121.882919772000037, -10.425053921999961, 0.010099999999511 ], [ 121.884374384000012, -10.424544887999957, 0.010099999999511 ], [ 121.884922602000074, -10.424298388999944, 0.010099999999511 ], [ 121.886061357000017, -10.423904557999947, 0.010099999999511 ], [ 121.886392419000117, -10.423794138999938, 0.010099999999511 ], [ 121.886514421000015, -10.423758413999963, 0.010099999999511 ], [ 121.886866607000115, -10.423655235999945, 0.010099999999511 ], [ 121.887315286000103, -10.423521733999962, 0.010099999999511 ], [ 121.887715254000113, -10.42339420199994, 0.010099999999511 ], [ 121.888737936000098, -10.422990112999969, 0.010099999999511 ], [ 121.889171526000041, -10.422777014999951, 0.010099999999511 ], [ 121.889610577000099, -10.422630623999964, 0.010099999999511 ], [ 121.890751906000105, -10.422172585999931, 0.010099999999511 ], [ 121.891978432000087, -10.421711115999926, 0.010099999999511 ], [ 121.892437165000047, -10.421547472999976, 0.010099999999511 ], [ 121.893101423000076, -10.421305609999933, 0.010099999999511 ], [ 121.895260827000016, -10.420583957999952, 0.010099999999511 ], [ 121.89722835300006, -10.420053463999977, 0.010099999999511 ], [ 121.898322474000111, -10.419773549999945, 0.010099999999511 ], [ 121.89947351100011, -10.419499531999975, 0.010099999999511 ], [ 121.899682590000111, -10.419444450999947, 0.010099999999511 ], [ 121.901220003000049, -10.41917600499994, 0.010099999999511 ], [ 121.90206880400001, -10.419051965999927, 0.010099999999511 ], [ 121.902776756000094, -10.418948239999963, 0.010099999999511 ], [ 121.903211174000035, -10.418890484999963, 0.010099999999511 ], [ 121.903569970000035, -10.418846868999935, 0.010099999999511 ], [ 121.905120318000058, -10.418716983999957, 0.010099999999511 ], [ 121.905394271000091, -10.418703595999943, 0.010099999999511 ], [ 121.907098309000048, -10.418642360999968, 0.010099999999511 ], [ 121.907544159000054, -10.418632363999961, 0.010099999999511 ], [ 121.907971797000073, -10.418643749999944, 0.010099999999511 ], [ 121.909135629000048, -10.418700906999959, 0.010099999999511 ], [ 121.910536634000096, -10.418795842999941, 0.010099999999511 ], [ 121.911550120000015, -10.418992849999938, 0.010099999999511 ], [ 121.91184067100005, -10.419051174999936, 0.005099999994854 ], [ 121.91182406900009, -10.419244685999956, 0.0 ], [ 121.911818356000026, -10.419311327999935, 0.0 ], [ 121.911795152000082, -10.419992485999956, 0.0 ], [ 121.911790816, -10.420686301999979, 0.0 ], [ 121.911781517, -10.421161271999949, 0.0 ], [ 121.91171458000008, -10.421767164999949, 0.0 ], [ 121.911642381000092, -10.422056288999954, 0.0 ], [ 121.911604265000051, -10.422241550999956, 0.0 ], [ 121.911602077000111, -10.422591582999928, 0.0 ], [ 121.91159360600011, -10.42293529799997, 0.0 ], [ 121.911546489000102, -10.423403795999945, 0.0 ], [ 121.911587305000012, -10.423941606999961, 0.0 ], [ 121.911563521000062, -10.424716546999946, 0.0 ], [ 121.91152557800001, -10.424722547999977, 0.0 ], [ 121.911535026000024, -10.425228925999932, 0.0 ], [ 121.911460826000052, -10.425991043999943, 0.0 ], [ 121.911413175, -10.426540795999927, 0.0 ], [ 121.911366262000115, -10.426971828999967, 0.0 ], [ 121.911364235000065, -10.427296832999957, 0.0 ], [ 121.911338458000046, -10.427521832999957, 0.0 ], [ 121.911304107000092, -10.427821521999931, 0.0 ], [ 121.911301420000086, -10.42825279799996, 0.0 ], [ 121.911260762000097, -10.428740782999967, 0.0 ], [ 121.911246764000111, -10.428908763999971, 0.0 ], [ 121.91118133100008, -10.429277174999982, 0.0 ], [ 121.911148299000047, -10.429514483999981, 0.0 ], [ 121.911135859000069, -10.429549406999968, 0.0 ], [ 121.911026145000051, -10.429857514999981, 0.0 ], [ 121.911023266000029, -10.430320051999956, 0.0 ], [ 121.910996146000116, -10.430613662999974, 0.0 ], [ 121.91102129300009, -10.43099516999996, 0.0 ], [ 121.911030764000088, -10.431138923999981, 0.0 ], [ 121.91102089200001, -10.431707674999927, 0.0 ], [ 121.911026173000096, -10.43187020299996, 0.0 ], [ 121.911003766000022, -10.432420141999955, 0.0 ], [ 121.910893422000072, -10.432900767999968, 0.0 ], [ 121.910876031000043, -10.433113646999971, 0.0 ], [ 121.910859208000034, -10.433319333999975, 0.0 ], [ 121.910787114000073, -10.433743956999933, 0.0 ], [ 121.91077283300001, -10.434006358999966, 0.0 ], [ 121.910770329000115, -10.43440639399995, 0.0 ], [ 121.910679182000081, -10.434843396999952, 0.0 ], [ 121.910646202000066, -10.435068204999936, 0.0 ], [ 121.910586331000104, -10.435555391999969, 0.0 ], [ 121.910514615000011, -10.435911233999946, 0.0 ], [ 121.910524271000099, -10.436386332999973, 0.0 ], [ 121.910445235000111, -10.436904603999949, 0.0 ], [ 121.910411139000075, -10.437304483999981, 0.0 ], [ 121.91031939100003, -10.437841471999945, 0.0 ], [ 121.910311424000042, -10.438103951999949, 0.0 ], [ 121.910327830000028, -10.438510328999939, 0.0 ], [ 121.910306456000058, -10.43889151999997, 0.0 ], [ 121.910316677000083, -10.439279114999977, 0.0 ], [ 121.910290951000093, -10.439555987999938, 0.0 ], [ 121.910287930000095, -10.439588470999979, 0.0 ], [ 121.910276043000067, -10.43971639199998, 0.0 ], [ 121.910247082000069, -10.440310013999976, 0.0 ], [ 121.910248643000045, -10.440584331999958, 0.0 ], [ 121.910250080000083, -10.440835111999945, 0.0 ], [ 121.910334980000016, -10.441391925999937, 0.0 ], [ 121.910458201000097, -10.441886486999977, 0.0 ], [ 121.910531327000058, -10.442305733999945, 0.0 ], [ 121.910693327000104, -10.442656733999968, 0.0 ], [ 121.910776010000063, -10.442835276999972, 0.0 ], [ 121.910824275000095, -10.443049231999964, 0.0 ], [ 121.910940943000014, -10.443367981999927, 0.0 ], [ 121.910981586000048, -10.443599977999952, 0.0 ], [ 121.911007827000049, -10.444121264999978, 0.0 ], [ 121.91093752900008, -10.444453406999969, 0.0 ], [ 121.910905319000108, -10.444499447999931, 0.0 ], [ 121.911214666000092, -10.444603990999951, 0.0 ], [ 121.911386021000112, -10.444872118999967, 0.0 ], [ 121.911651422000091, -10.445327912999971, 0.0 ], [ 121.911783581, -10.445692893999933, 0.0 ], [ 121.911777882000024, -10.445938074999958, 0.0 ], [ 121.911837203000118, -10.446545424999954, 0.0 ], [ 121.91196023100008, -10.447058736999963, 0.0 ], [ 121.912121395000099, -10.447541018999971, 0.0 ], [ 121.912175801000103, -10.447928894999961, 0.0 ], [ 121.912311393000095, -10.448461018999978, 0.0 ], [ 121.912602727000035, -10.449383307999938, 0.0 ], [ 121.912645735000069, -10.449519425999938, 0.0 ], [ 121.912719114000083, -10.449907420999978, 0.0 ], [ 121.912761390000014, -10.450213944999973, 0.0 ], [ 121.912806366000041, -10.450381663999963, 0.0 ], [ 121.912828706000028, -10.450464957999941, 0.0 ], [ 121.912100437000049, -10.451366677999943, 0.0 ], [ 121.911529366000082, -10.452366051999945, 0.0 ], [ 121.910958296000103, -10.453365425999948, 0.0 ], [ 121.909923230000118, -10.455328480999981, 0.0 ], [ 121.908067251000034, -10.458183833999954, 0.0 ], [ 121.907317720000037, -10.459004747999927, 0.0 ], [ 121.906996493000065, -10.459682893999968, 0.0 ], [ 121.906675266000093, -10.46003981299998, 0.0 ], [ 121.906639573, -10.460396732999982, 0.0 ], [ 121.906723757, -10.460629657999959, 0.0 ], [ 121.90701609000007, -10.461019453999938, 0.0 ], [ 121.908121502000085, -10.461665149999931, 0.0 ], [ 121.909450479000043, -10.461813253999935, 0.0 ], [ 121.911895314000049, -10.462088023999968, 0.0 ], [ 121.911874609000051, -10.462480335999942, 0.0 ], [ 121.911699100000078, -10.462900828999977, 0.0 ], [ 121.911501729000065, -10.463188083999967, 0.0 ], [ 121.911116224000011, -10.463683602999936, 0.0 ], [ 121.911012010000036, -10.46380189599995, 0.0 ], [ 121.910926536000034, -10.46386758999995, 0.0 ], [ 121.910824946000048, -10.463924902999963, 0.0 ], [ 121.910741665000046, -10.464005803999953, 0.0 ], [ 121.91071446400008, -10.464211059999968, 0.0 ], [ 121.910697738000067, -10.464288783999962, 0.0 ], [ 121.910664427000029, -10.465187513999979, 0.0 ], [ 121.910667281000087, -10.465248182999972, 0.0 ], [ 121.910714870000106, -10.46533765099997, 0.0 ], [ 121.910764363000112, -10.465429021999967, 0.0 ], [ 121.910804338000048, -10.465567982999971, 0.0 ], [ 121.910882385000036, -10.465834481999934, 0.0 ], [ 121.91090332400006, -10.465925852999931, 0.0 ], [ 121.911030863000065, -10.466091463999931, 0.0 ], [ 121.911068934000014, -10.466144763999978, 0.0 ], [ 121.911112716000048, -10.466335120999929, 0.0 ], [ 121.911160306000056, -10.466616848999934, 0.0 ], [ 121.911245966000024, -10.466742483999951, 0.0 ], [ 121.911428709, -10.466881444999956, 0.0 ], [ 121.911594319000073, -10.467060379999964, 0.0 ], [ 121.912310820000016, -10.467799062999973, 0.0 ], [ 121.912529771000095, -10.468042955999977, 0.0 ], [ 121.912671739000075, -10.468238689999964, 0.0 ], [ 121.912709811000013, -10.468356710999956, 0.0 ], [ 121.912772871000016, -10.468769020999957, 0.0 ], [ 121.912778548, -10.468796268999938, 0.0 ], [ 121.912877236000099, -10.469611277999945, 0.0 ], [ 121.912885580000079, -10.469936460999975, 0.0 ], [ 121.912844964000101, -10.470652414999961, 0.0 ], [ 121.91288303500005, -10.471436684999958, 0.0 ], [ 121.912881132000052, -10.471935419999966, 0.0 ], [ 121.912947757000097, -10.472078187999955, 0.0 ], [ 121.912961082000038, -10.472154330999956, 0.0 ], [ 121.912991539000018, -10.472281869999961, 0.0 ], [ 121.913056260000076, -10.472453190999943, 0.0 ], [ 121.913096235000012, -10.472538850999968, 0.0 ], [ 121.913168571000028, -10.472563597999965, 0.0 ], [ 121.913316416000043, -10.472609476999935, 0.0 ], [ 121.913441305000106, -10.472628722999957, 0.0 ], [ 121.913583549, -10.472563597999965, 0.0 ], [ 121.913789134000012, -10.472468418999938, 0.0 ], [ 121.914107644000069, -10.47239325399994, 0.0 ], [ 121.914376091, -10.472358281999959, 0.0 ], [ 121.914568343000042, -10.472337403999973, 0.0 ], [ 121.914732217000051, -10.472326540999973, 0.0 ], [ 121.915068332000033, -10.47216384799998, 0.0 ], [ 121.915631455000039, -10.471953736999978, 0.0 ], [ 121.915915204000044, -10.471875438999973, 0.0 ], [ 121.915948013000047, -10.471825305999971, 0.0 ], [ 121.915998926000043, -10.471782412999971, 0.0 ], [ 121.916102619000071, -10.471773971999937, 0.0 ], [ 121.91618053000002, -10.471754252999972, 0.0 ], [ 121.916282809000109, -10.471689859999969, 0.0 ], [ 121.916313266000088, -10.471676534999972, 0.0 ], [ 121.916408445000116, -10.471676534999972, 0.0 ], [ 121.916562634000115, -10.471674630999928, 0.0 ], [ 121.917030912000087, -10.471531863999928, 0.0 ], [ 121.917139415000065, -10.471510923999972, 0.0 ], [ 121.917355768000107, -10.471513379999976, 0.0 ], [ 121.917579140000043, -10.471495695999977, 0.0 ], [ 121.917845632000081, -10.471476461999941, 0.0 ], [ 121.918591389000085, -10.470777570999928, 0.0 ], [ 121.918960611000102, -10.470262027999979, 0.0 ], [ 121.919232609000119, -10.469899278999947, 0.0 ], [ 121.919615986000053, -10.469155107999939, 0.0 ], [ 121.919900017000032, -10.468967521999957, 0.0 ], [ 121.919937050000044, -10.469109859999946, 0.0 ], [ 121.920029266000029, -10.469510483999954, 0.0 ], [ 121.92011423800011, -10.470061046999945, 0.0 ], [ 121.920181355000068, -10.470436482999958, 0.0 ], [ 121.920198861000017, -10.47071465199997, 0.0 ], [ 121.920210079000071, -10.470892950999939, 0.0 ], [ 121.920195425000088, -10.471217920999948, 0.0 ], [ 121.920161922000034, -10.47152398399993, 0.0 ], [ 121.920051017000105, -10.472092114999953, 0.0 ], [ 121.920043817000078, -10.472131212999955, 0.0 ], [ 121.919926796000027, -10.472766419999971, 0.0 ], [ 121.919887163000112, -10.472940147999964, 0.0 ], [ 121.919822858000089, -10.473222076999946, 0.0 ], [ 121.919654355000034, -10.473914862999948, 0.0 ], [ 121.919632502000013, -10.473960476999935, 0.0 ], [ 121.919475208000108, -10.474288796999929, 0.0 ], [ 121.919289795000054, -10.474650207999957, 0.0 ], [ 121.919271929000047, -10.474681824999948, 0.0 ], [ 121.919117387000028, -10.474955418999969, 0.0 ], [ 121.919028018000063, -10.47510489299998, 0.0 ], [ 121.919002645000091, -10.475123483999937, 0.0 ], [ 121.918485422000117, -10.476026671999932, 0.0 ], [ 121.918279392000045, -10.476656694999974, 0.0 ], [ 121.918042919000072, -10.477105297999969, 0.0 ], [ 121.917870265000033, -10.477448046999939, 0.0 ], [ 121.917570389000048, -10.477933732999929, 0.0 ], [ 121.917538150000041, -10.478014303999942, 0.0 ], [ 121.917480579000085, -10.478158199999939, 0.0 ], [ 121.917344831000037, -10.478657425999927, 0.0 ], [ 121.917075263000015, -10.47934332799997, 0.0 ], [ 121.916997717000072, -10.47953051099995, 0.0 ], [ 121.916889299000104, -10.479792231999966, 0.0 ], [ 121.916709860000083, -10.480209941999931, 0.0 ], [ 121.916664712000056, -10.480359676999967, 0.0 ], [ 121.916626609000105, -10.48039070699997, 0.0 ], [ 121.916465487000096, -10.480908512999974, 0.0 ], [ 121.916395943000111, -10.481078165999975, 0.0 ], [ 121.916292359000067, -10.481332485999928, 0.0 ], [ 121.916170348000037, -10.481644264999943, 0.0 ], [ 121.916047825000078, -10.482049797999935, 0.0 ], [ 121.915881366, -10.482390778999957, 0.0 ], [ 121.915868567000075, -10.482436228999973, 0.0 ], [ 121.915753362000032, -10.482679294999969, 0.0 ], [ 121.91559845200004, -10.483209668999962, 0.0 ], [ 121.915418736000106, -10.483671111999968, 0.0 ], [ 121.915365507000047, -10.483894795999959, 0.0 ], [ 121.915295473000015, -10.484189138999966, 0.0 ], [ 121.915258961000063, -10.484330253999929, 0.0 ], [ 121.915204799000094, -10.484544859999971, 0.0 ], [ 121.915178328000025, -10.484744735999982, 0.0 ], [ 121.915023080000083, -10.485331332999976, 0.0 ], [ 121.914906881000093, -10.485730645999979, 0.0 ], [ 121.914796763000027, -10.486167526999964, 0.0 ], [ 121.914700013000015, -10.486491956999942, 0.0 ], [ 121.914668536000022, -10.486769208999931, 0.0 ], [ 121.914653208000118, -10.486904201999948, 0.0 ], [ 121.914593550000063, -10.487353894999956, 0.0 ], [ 121.91457876700008, -10.487697577999938, 0.0 ], [ 121.914564451000047, -10.487966238999945, 0.0 ], [ 121.914541173000089, -10.48848951399998, 0.0 ], [ 121.914559458000099, -10.488760083999978, 0.0 ], [ 121.914551080000024, -10.489091296999959, 0.0 ], [ 121.914548981000053, -10.489118948999931, 0.0 ], [ 121.914537332, -10.489272482999979, 0.0 ], [ 121.914489766000088, -10.489803489999929, 0.0 ], [ 121.91448171400009, -10.489853539999956, 0.0 ], [ 121.914473432000023, -10.489905060999945, 0.0 ], [ 121.914417456000024, -10.490253111999948, 0.0 ], [ 121.914363454000068, -10.490802830999939, 0.0 ], [ 121.914354771000035, -10.491184045999944, 0.0 ], [ 121.914344514000049, -10.491667547999953, 0.0 ], [ 121.914347205000013, -10.491746681999928, 0.0 ], [ 121.914351744000101, -10.491824359999953, 0.0 ], [ 121.914381888000094, -10.492903145999946, 0.0 ], [ 121.914388886000097, -10.493061836999971, 0.0 ], [ 121.914397983000072, -10.493353264999939, 0.0 ], [ 121.914521457000092, -10.493810333999932, 0.0 ], [ 121.914590189000023, -10.494196312999975, 0.0 ], [ 121.914625173000104, -10.494392267999956, 0.0 ], [ 121.914538594000078, -10.49475278999995, 0.0 ], [ 121.914601362000099, -10.495167203999927, 0.0 ], [ 121.914731839000069, -10.495655094999961, 0.0 ], [ 121.914754204000019, -10.495968235999953, 0.0 ], [ 121.914883853000106, -10.496444076999978, 0.0 ], [ 121.91498251400003, -10.496825963999981, 0.0 ], [ 121.915006728000094, -10.496994861999951, 0.0 ], [ 121.915066360000083, -10.49755780199996, 0.0 ], [ 121.91513945600002, -10.497983298999941, 0.0 ], [ 121.915181749000112, -10.498133331999952, 0.0 ], [ 121.915225953000117, -10.49829011199995, 0.0 ], [ 121.915288864000104, -10.498816857999941, 0.0 ], [ 121.915322361000108, -10.499101423999946, 0.0 ], [ 121.91529864000006, -10.499306113999978, 0.0 ], [ 121.91529248900008, -10.499419858999943, 0.0 ], [ 121.915293920000067, -10.499526971999956, 0.0 ], [ 121.91530904800004, -10.499619047999943, 0.0 ], [ 121.915331579000053, -10.499749956999949, 0.0 ], [ 121.915359798000054, -10.499897922999935, 0.0 ], [ 121.915389570000116, -10.500000076999982, 0.0 ], [ 121.915399494000098, -10.500035579999974, 0.0 ], [ 121.915670645000091, -10.501005548999956, 0.0 ], [ 121.915824610000072, -10.501817889999927, 0.0 ], [ 121.915854069000034, -10.501993972999969, 0.0 ], [ 121.915753326000072, -10.502181335999978, 0.0 ], [ 121.91570941000009, -10.502296028999979, 0.0 ], [ 121.915694263000091, -10.502480205999973, 0.0 ], [ 121.915749432000098, -10.502604807999944, 0.0 ], [ 121.915942786000073, -10.50281956699996, 0.0 ], [ 121.915998171000069, -10.502855255999975, 0.0 ], [ 121.916012279000029, -10.502954178999971, 0.0 ], [ 121.916107801000067, -10.503623952999931, 0.0 ], [ 121.9161869080001, -10.504032542999937, 0.0 ], [ 121.916236046000108, -10.504286327999978, 0.0 ], [ 121.916408485000034, -10.50492354599993, 0.0 ], [ 121.916706421000072, -10.505591375999927, 0.0 ], [ 121.916835205000098, -10.505880048999927, 0.0 ], [ 121.917102967000119, -10.506965376999972, 0.0 ], [ 121.917184722000115, -10.507296777999954, 0.0 ], [ 121.91719252900009, -10.507328388999952, 0.0 ], [ 121.917732304000083, -10.508400255999959, 0.0 ], [ 121.917796171000077, -10.508527082999933, 0.0 ], [ 121.917923101000042, -10.508850913999936, 0.0 ], [ 121.918249868000089, -10.509684567999955, 0.0 ], [ 121.918337169000097, -10.50990726699996, 0.0 ], [ 121.918776358000059, -10.511037672999976, 0.0 ], [ 121.919285797000043, -10.512430424999934, 0.0 ], [ 121.919667513000036, -10.51334217699997, 0.0 ], [ 121.919807800000058, -10.513676833999966, 0.0 ], [ 121.920170100000064, -10.514541106999957, 0.0 ], [ 121.920387044000108, -10.515278295999963, 0.0 ], [ 121.920539102000021, -10.515639918999966, 0.0 ], [ 121.920552457000099, -10.515671669999961, 0.0 ], [ 121.920711170000118, -10.515996020999978, 0.0 ], [ 121.920183182000073, -10.516254424999943, 0.0 ], [ 121.920167923, -10.516633986999977, 0.0 ], [ 121.920095444000026, -10.517627715999936, 0.0 ], [ 121.919348077000109, -10.518520982999974, 0.0 ], [ 121.91913795500011, -10.518772124999941, 0.0 ], [ 121.919137545000012, -10.518773038999939, 0.0 ], [ 121.918867110000065, -10.519376754999939, 0.0 ], [ 121.918622970000115, -10.519840239999951, 0.0 ], [ 121.918336867000107, -10.520408629999963, 0.0 ], [ 121.918207169000084, -10.520595550999928, 0.0 ], [ 121.918207038000105, -10.520595704999948, 0.0 ], [ 121.917825699000105, -10.521047591999945, 0.0 ], [ 121.917321742000013, -10.521878133999962, 0.0 ], [ 121.917240913000114, -10.522011344999953, 0.0 ], [ 121.917143070000066, -10.522173063999958, 0.0 ], [ 121.917094951000081, -10.52225954499994, 0.0 ], [ 121.916795731000093, -10.522800445999962, 0.0 ], [ 121.91679557100008, -10.522800665999966, 0.0 ], [ 121.916793445000053, -10.522801425999944, 0.0 ], [ 121.916422, -10.523320886999954, 0.0 ], [ 121.916421882, -10.523321092999936, 0.0 ], [ 121.916405188000113, -10.523350239999957, 0.0 ], [ 121.916352796000069, -10.523441724999941, 0.0 ], [ 121.916352913000082, -10.523441706999961, 0.0 ], [ 121.916328007000061, -10.523472916999935, 0.0 ], [ 121.915433884000095, -10.524593352999943, 0.0 ], [ 121.915433341000039, -10.524593992999939, 0.0 ], [ 121.915320005000012, -10.524727791999965, 0.0 ], [ 121.915159224000035, -10.524917602999949, 0.0 ], [ 121.914880753000034, -10.525260924999941, 0.0 ], [ 121.914514542, -10.525562285999968, 0.0 ], [ 121.914331435, -10.525733947999981, 0.0 ], [ 121.913450241000078, -10.526395797999953, 0.0 ], [ 121.913110700000061, -10.526673934999963, 0.0 ], [ 121.913243474000069, -10.526755311999977, 0.0 ], [ 121.913383386000078, -10.526816702999952, 0.0 ], [ 121.913521871000057, -10.526833834999934, 0.0 ], [ 121.913807406000046, -10.526873809999927, 0.0 ], [ 121.914192879000097, -10.526908073999948, 0.0 ], [ 121.914329936000058, -10.526909501999967, 0.0 ], [ 121.914498348000052, -10.526898532999951, 0.0 ], [ 121.914712553000072, -10.526813846999971, 0.0 ], [ 121.91511373000003, -10.526635387999931, 0.0 ], [ 121.915332165000109, -10.526539732999936, 0.0 ], [ 121.915478145000066, -10.526507725999977, 0.0 ], [ 121.915593430000058, -10.52648405399998, 0.0 ], [ 121.915627694000023, -10.526461210999969, 0.0 ], [ 121.915698393000071, -10.52637668999995, 0.0 ], [ 121.915929885000082, -10.52613284499995, 0.0 ], [ 121.916191626000114, -10.525861586999952, 0.0 ], [ 121.916487024000048, -10.525607186999935, 0.0 ], [ 121.916700831000071, -10.525480872999935, 0.0 ], [ 121.91680076800003, -10.525452319999943, 0.0 ], [ 121.916876911000031, -10.525452319999943, 0.0 ], [ 121.916972089000069, -10.52544280199993, 0.0 ], [ 121.917119616000036, -10.52542376599996, 0.0 ], [ 121.917193379000082, -10.525383314999942, 0.0 ], [ 121.917260004000013, -10.525338104999946, 0.0 ], [ 121.917443632000072, -10.525173202999952, 0.0 ], [ 121.917483673000106, -10.525147748999927, 0.0 ], [ 121.917593129000011, -10.525085882999974, 0.0 ], [ 121.917733517000102, -10.52502639599993, 0.0 ], [ 121.917873905000079, -10.524985944999969, 0.0 ], [ 121.918080918000101, -10.524924078999959, 0.0 ], [ 121.918297449000079, -10.524902663999967, 0.0 ], [ 121.918478288000074, -10.524883627999941, 0.0 ], [ 121.918573467000101, -10.524888386999976, 0.0 ], [ 121.918694819000052, -10.524897904999932, 0.0 ], [ 121.918801895000115, -10.524921699999936, 0.0 ], [ 121.918899453000108, -10.524947873999963, 0.0 ], [ 121.919025564000094, -10.524985944999969, 0.0 ], [ 121.919132640000043, -10.525009739999973, 0.0 ], [ 121.91927540800009, -10.525016877999974, 0.0 ], [ 121.919418175000033, -10.524976426999956, 0.0 ], [ 121.919546666000087, -10.524919319999981, 0.0 ], [ 121.91968229500003, -10.524843177999969, 0.0 ], [ 121.919877411000016, -10.524764654999956, 0.0 ], [ 121.920063009000046, -10.524750378999954, 0.0 ], [ 121.920165326000074, -10.524767034999968, 0.0 ], [ 121.920255746000066, -10.524776552999981, 0.0 ], [ 121.920348545000024, -10.524774172999969, 0.0 ], [ 121.920458, -10.524736101999963, 0.0 ], [ 121.920534142000065, -10.52470040999998, 0.0 ], [ 121.920684049000101, -10.52463854399997, 0.0 ], [ 121.920831575000079, -10.524593333999974, 0.0 ], [ 121.921303976000104, -10.524557453999932, 0.0 ], [ 121.921860921000075, -10.524555597999949, 0.0 ], [ 121.922015545000022, -10.52457547299997, 0.0 ], [ 121.922330636000083, -10.524643302999948, 0.0 ], [ 121.922804148000068, -10.524783690999982, 0.0 ], [ 121.923301341000069, -10.524974429999929, 0.0 ], [ 121.923515607000013, -10.525054949999969, 0.0 ], [ 121.923775796000086, -10.525226413999974, 0.0 ], [ 121.923829696000098, -10.525259582999979, 0.0 ], [ 121.923915357000055, -10.525316689999954, 0.0 ], [ 121.924001017000023, -10.525350002999971, 0.0 ], [ 121.924098575000016, -10.525390453999933, 0.0 ], [ 121.924272276000011, -10.525459457999943, 0.0 ], [ 121.924417423000023, -10.525495149999927, 0.0 ], [ 121.924562570000035, -10.525518944999931, 0.0 ], [ 121.9247600650001, -10.525509426999974, 0.0 ], [ 121.925586731000067, -10.525370013999975, 0.0 ], [ 121.925828143000103, -10.525372490999928, 0.0 ], [ 121.926419671000076, -10.525402919999976, 0.0 ], [ 121.926447766000024, -10.52540621199995, 0.0 ], [ 121.926920616000075, -10.525454698999965, 0.0 ], [ 121.926926633000107, -10.525487021999936, 0.0 ], [ 121.92692537500011, -10.525516564999975, 0.0 ], [ 121.926939652000101, -10.525576051999963, 0.0 ], [ 121.926965826000014, -10.525659332999965, 0.0 ], [ 121.927006276000043, -10.525768787999937, 0.0 ], [ 121.927066484000079, -10.526233297999966, 0.0 ], [ 121.927068142000053, -10.526311304999979, 0.0 ], [ 121.927051486000096, -10.526404103999937, 0.0 ], [ 121.927022933000103, -10.526473107999948, 0.0 ], [ 121.926895587000104, -10.526711234999937, 0.0 ], [ 121.926591836000057, -10.527152832999946, 0.0 ], [ 121.926402802000098, -10.527281869999968, 0.0 ], [ 121.926354182000068, -10.527358266999954, 0.0 ], [ 121.926218026000015, -10.527577922999967, 0.0 ], [ 121.926101245000041, -10.527788073999943, 0.0 ], [ 121.926013709000017, -10.52793133299997, 0.0 ], [ 121.925974726000049, -10.52801733299998, 0.0 ], [ 121.926032388000067, -10.528122801999928, 0.0 ], [ 121.926157152000087, -10.528400762999979, 0.0 ], [ 121.926176328000111, -10.52844867999994, 0.0 ], [ 121.926231126000062, -10.528509321999934, 0.0 ], [ 121.9263307330001, -10.528544905999979, 0.0 ], [ 121.92652402300007, -10.528583841999932, 0.0 ], [ 121.92673629, -10.528728115999968, 0.0 ], [ 121.926832604000083, -10.528843285999926, 0.0 ], [ 121.92684191100011, -10.52894859099996, 0.0 ], [ 121.926841215000081, -10.529149564999955, 0.0 ], [ 121.926830816, -10.529360076999978, 0.0 ], [ 121.926907721000021, -10.529494320999959, 0.0 ], [ 121.927013209000052, -10.529753076999953, 0.0 ], [ 121.927050868000038, -10.530049882999947, 0.0 ], [ 121.927117242, -10.530432920999942, 0.0 ], [ 121.927135624000016, -10.530710521999936, 0.0 ], [ 121.927151424000044, -10.530775173999928, 0.0 ], [ 121.927170459000081, -10.530803726999977, 0.0 ], [ 121.927269003000106, -10.530893750999951, 0.0 ], [ 121.927370334000102, -10.531029775999968, 0.0 ], [ 121.927367955000022, -10.53107022699993, 0.0 ], [ 121.92734178, -10.531096400999957, 0.0 ], [ 121.927250155000024, -10.531151143999978, 0.0 ], [ 121.926436155000033, -10.53161733099995, 0.0 ], [ 121.92624226800001, -10.531750657999964, 0.0 ], [ 121.925449497000045, -10.531671406999976, 0.0 ], [ 121.924821302000055, -10.531544860999929, 0.0 ], [ 121.92362314200011, -10.531234541999936, 0.0 ], [ 121.923178435000068, -10.531185179999966, 0.0 ], [ 121.922723526000027, -10.531288905999929, 0.0 ], [ 121.922578425000097, -10.531363532999933, 0.0 ], [ 121.922378225000102, -10.531872104999934, 0.0 ], [ 121.922321118000013, -10.531998216999966, 0.0 ], [ 121.92204748000006, -10.532490764999977, 0.0 ], [ 121.921733391000089, -10.533218879999936, 0.0 ], [ 121.921729822000088, -10.533286694999958, 0.0 ], [ 121.921715545000097, -10.533347370999934, 0.0 ], [ 121.921665576, -10.533418754999957, 0.0 ], [ 121.921594192000043, -10.533522261999963, 0.0 ], [ 121.921526378000067, -10.533643613999971, 0.0 ], [ 121.921415733000117, -10.533864903999927, 0.0 ], [ 121.921319365000045, -10.534014809999974, 0.0 ], [ 121.921276534000071, -10.534100470999931, 0.0 ], [ 121.921201581000105, -10.534261083999979, 0.0 ], [ 121.92108022900004, -10.534460958999944, 0.0 ], [ 121.920880354000019, -10.534750062999933, 0.0 ], [ 121.920709033000094, -10.535021321999977, 0.0 ], [ 121.92053390500007, -10.535444394999956, 0.0 ], [ 121.920408090000024, -10.536137029999963, 0.0 ], [ 121.920387041000026, -10.536570666999978, 0.0 ], [ 121.920446071000015, -10.536931491999951, 0.0 ], [ 121.920511506000025, -10.537092105999932, 0.0 ], [ 121.920638596000117, -10.53737352099995, 0.0 ], [ 121.919501085000093, -10.542601174999959, 0.0 ], [ 121.919132517000094, -10.542391055999929, 0.0 ], [ 121.915506102000109, -10.54089393199996, 0.0 ], [ 121.915719336000052, -10.541474364999942, 0.0 ], [ 121.915947763000077, -10.541817007999953, 0.0 ], [ 121.916033424000034, -10.541916944999969, 0.0 ], [ 121.916211884000063, -10.542059712999958, 0.0 ], [ 121.916354652000109, -10.542173926999965, 0.0 ], [ 121.916447450000078, -10.542238171999941, 0.0 ], [ 121.916575942, -10.542316694999954, 0.0 ], [ 121.916711570000075, -10.542366663999928, 0.0 ], [ 121.916875753000113, -10.54241663199997, 0.0 ], [ 121.917018521000045, -10.542452323999953, 0.0 ], [ 121.91706212400004, -10.542456683999944, 0.0 ], [ 121.917228519000105, -10.542522762999965, 0.0 ], [ 121.917340633000094, -10.542595975999973, 0.0 ], [ 121.917354025, -10.542609367999944, 0.0 ], [ 121.917371355000114, -10.542637725999953, 0.0 ], [ 121.917469174000075, -10.542792944999974, 0.0 ], [ 121.917514859000107, -10.542918580999981, 0.0 ], [ 121.917554834000043, -10.542992819999938, 0.0 ], [ 121.917602424000052, -10.543046119999929, 0.0 ], [ 121.917644302000099, -10.543114647999971, 0.0 ], [ 121.917651916000068, -10.543192694999959, 0.0 ], [ 121.917644302000099, -10.54323457299995, 0.0 ], [ 121.917606231000036, -10.543274547999943, 0.0 ], [ 121.91758719500001, -10.543310715999951, 0.0 ], [ 121.917598616000078, -10.543350690999944, 0.0 ], [ 121.917682159000037, -10.543516939999961, 0.0 ], [ 121.917775189000054, -10.543594465999945, 0.0 ], [ 121.917796605000035, -10.543658710999978, 0.0 ], [ 121.917796605000035, -10.543715817999953, 0.0 ], [ 121.917785166000044, -10.543794221999974, 0.0 ], [ 121.917725221000069, -10.543858585999942, 0.0 ], [ 121.917618145, -10.543937107999966, 0.0 ], [ 121.917496793000055, -10.543972799999949, 0.0 ], [ 121.917451620000065, -10.543985346999932, 0.0 ], [ 121.91727159800007, -10.544044118999977, 0.0 ], [ 121.917153181000117, -10.544115925999961, 0.0 ], [ 121.917061810000064, -10.544144478999954, 0.0 ], [ 121.916932367000072, -10.54416351499998, 0.0 ], [ 121.916913332000036, -10.544178742999975, 0.0 ], [ 121.916900007000095, -10.544232042999965, 0.0 ], [ 121.916886461000104, -10.544390394999937, 0.0 ], [ 121.916904307000095, -10.544443932999968, 0.0 ], [ 121.916947137000079, -10.544543869999927, 0.0 ], [ 121.916991378000034, -10.544744102999971, 0.0 ], [ 121.916976149000106, -10.544873545999963, 0.0 ], [ 121.916974246000109, -10.544934459999979, 0.0 ], [ 121.916972342, -10.545014409999965, 0.0 ], [ 121.91690216500001, -10.545314818999941, 0.0 ], [ 121.916899187000013, -10.545344596999939, 0.0 ], [ 121.916894296, -10.54548459199998, 0.0 ], [ 121.91689620000011, -10.545535987999926, 0.0 ], [ 121.91692665700009, -10.545574058999932, 0.0 ], [ 121.916993282000021, -10.545615937999969, 0.0 ], [ 121.917090297000072, -10.545663059999981, 0.0 ], [ 121.917178265000075, -10.545740032999959, 0.0 ], [ 121.91730640600008, -10.545902234999971, 0.0 ], [ 121.91737970600002, -10.546091829999966, 0.0 ], [ 121.917486306000114, -10.546232693999968, 0.0 ], [ 121.917528184000048, -10.54628028299993, 0.0 ], [ 121.917594809000093, -10.546329775999936, 0.0 ], [ 121.917778395000028, -10.546491031999949, 0.0 ], [ 121.917796605000035, -10.546528340999942, 0.0 ], [ 121.917809342000055, -10.546588057999941, 0.0 ], [ 121.917800698000065, -10.546677953999961, 0.0 ], [ 121.917760913000052, -10.546756768999956, 0.0 ], [ 121.917703806000077, -10.546821014999978, 0.0 ], [ 121.917602751000118, -10.546904235999932, 0.0 ], [ 121.917522474000066, -10.546971278999933, 0.0 ], [ 121.917474884000058, -10.547015060999968, 0.0 ], [ 121.917429199000026, -10.547068360999958, 0.0 ], [ 121.917385417000105, -10.547146406999957, 0.0 ], [ 121.917330213000014, -10.547304402999941, 0.0 ], [ 121.917275503000042, -10.54747774599997, 0.0 ], [ 121.917204119000075, -10.54762765199996, 0.0 ], [ 121.917112047000046, -10.547763670999927, 0.0 ], [ 121.917047075000028, -10.547870356999965, 0.0 ], [ 121.91696141400007, -10.547970293999981, 0.0 ], [ 121.9168472, -10.548077368999941, 0.0 ], [ 121.916754400000059, -10.548148753999953, 0.0 ], [ 121.9166544630001, -10.548212998999929, 0.0 ], [ 121.916604495000115, -10.54825582899997, 0.0 ], [ 121.916541466000012, -10.548331909999945, 0.0 ], [ 121.916409379000015, -10.548424423999961, 0.0 ], [ 121.916207125000028, -10.548424423999961, 0.0 ], [ 121.915850206000073, -10.548400629999946, 0.0 ], [ 121.91550518400004, -10.548400629999946, 0.0 ], [ 121.915160162, -10.548424423999961, 0.0 ], [ 121.914910319000114, -10.548483910999948, 0.0 ], [ 121.914648578000083, -10.548531499999967, 0.0 ], [ 121.914458221000018, -10.548579089999976, 0.0 ], [ 121.914232172000084, -10.548638575999973, 0.0 ], [ 121.914041815000019, -10.548698062999961, 0.0 ], [ 121.91382766400011, -10.548781342999973, 0.0 ], [ 121.913589718000026, -10.548840829999961, 0.0 ], [ 121.913399361000074, -10.548959802999946, 0.0 ], [ 121.913292285000011, -10.549114467999971, 0.0 ], [ 121.913185209000062, -10.54925723599996, 0.0 ], [ 121.913149518000068, -10.549352413999941, 0.0 ], [ 121.913113825000096, -10.549542770999949, 0.0 ], [ 121.91310192800006, -10.549780716999976, 0.0 ], [ 121.913113825000096, -10.550042456999961, 0.0 ], [ 121.913125723, -10.550292300999956, 0.0 ], [ 121.913125723, -10.550506452999969, 0.0 ], [ 121.913137620000043, -10.550673014999973, 0.0 ], [ 121.913209004, -10.550887165999939, 0.0 ], [ 121.913297490000105, -10.551188762999971, 0.0 ], [ 121.913297490000105, -10.551272043999973, 0.0 ], [ 121.913279644000113, -10.551355324999975, 0.0 ], [ 121.913184466000075, -10.551527835999934, 0.0 ], [ 121.913124980000021, -10.551658705999955, 0.0 ], [ 121.913113082000109, -10.551753884999926, 0.0 ], [ 121.913083339000082, -10.551860960999932, 0.0 ], [ 121.913059544000021, -10.551956138999969, 0.0 ], [ 121.91300005700009, -10.552075111999955, 0.0 ], [ 121.912926709000089, -10.552160485999934, 0.0 ], [ 121.912774009000032, -10.552265468999963, 0.0 ], [ 121.912464678000106, -10.552414184999975, 0.0 ], [ 121.911935248000077, -10.552681874999962, 0.0 ], [ 121.911816275000092, -10.552759207999941, 0.0 ], [ 121.911744892000115, -10.552794898999935, 0.0 ], [ 121.911637817000042, -10.552848437999955, 0.0 ], [ 121.911578330000111, -10.552907923999953, 0.0 ], [ 121.911566432000086, -10.552979307999976, 0.0 ], [ 121.911611047000065, -10.553092331999949, 0.0 ], [ 121.91165567500002, -10.553371076999952, 0.0 ], [ 121.911651868000035, -10.553430087999971, 0.0 ], [ 121.911604278000027, -10.553525265999951, 0.0 ], [ 121.911473427000033, -10.553684991999944, 0.0 ], [ 121.911322538000036, -10.553880527999979, 0.0 ], [ 121.911227372000099, -10.554037325999957, 0.0 ], [ 121.911227372000099, -10.554069686999981, 0.0 ], [ 121.911236890000055, -10.554111564999971, 0.0 ], [ 121.911267050000106, -10.554155389999949, 0.0 ], [ 121.911309225000082, -10.55422387599998, 0.0 ], [ 121.911354911000103, -10.554336186999933, 0.0 ], [ 121.911385368000083, -10.55440852199996, 0.0 ], [ 121.911412018000078, -10.554486567999959, 0.0 ], [ 121.911429150000117, -10.554572228999973, 0.0 ], [ 121.911412018000078, -10.554684539999926, 0.0 ], [ 121.911381561000098, -10.554764489999968, 0.0 ], [ 121.911358718000088, -10.554821596999943, 0.0 ], [ 121.911322550000023, -10.554949135999948, 0.0 ], [ 121.911301611000113, -10.55512045699993, 0.0 ], [ 121.911358229000029, -10.555260615999941, 0.0 ], [ 121.911411767000118, -10.555311179999933, 0.0 ], [ 121.91155453500005, -10.555394459999945, 0.0 ], [ 121.911655662000044, -10.555453946999933, 0.0 ], [ 121.911709200000018, -10.555525330999956, 0.0 ], [ 121.91172704600001, -10.555632406999962, 0.0 ], [ 121.911703251000063, -10.555763276999926, 0.0 ], [ 121.911637817000042, -10.555864403999976, 0.0 ], [ 121.911560484, -10.555941736999955, 0.0 ], [ 121.911453408000057, -10.556042863999949, 0.0 ], [ 121.911340384000027, -10.55613804199993, 0.0 ], [ 121.911233308000078, -10.556221322999932, 0.0 ], [ 121.911114335000093, -10.556292706999955, 0.0 ], [ 121.91094182400002, -10.556352192999952, 0.0 ], [ 121.910786453000014, -10.556500064999966, 0.0 ], [ 121.910400496000079, -10.556703163999941, 0.0 ], [ 121.910239882000042, -10.556774547999964, 0.0 ], [ 121.910120909000057, -10.556798342999969, 0.0 ], [ 121.910019782000063, -10.556786444999943, 0.0 ], [ 121.9098617840001, -10.556701802999953, 0.0 ], [ 121.909853221000049, -10.556697215999975, 0.0 ], [ 121.909650966000072, -10.556500909999954, 0.0 ], [ 121.909154447000105, -10.556033689999936, 0.0 ], [ 121.908946960000094, -10.555879872999981, 0.0 ], [ 121.908627798000111, -10.555709738999951, 0.0 ], [ 121.908360109000114, -10.55569189299996, 0.0 ], [ 121.907979454000042, -10.555694567999979, 0.0 ], [ 121.907976310000095, -10.555694589999973, 0.0 ], [ 121.906899344000067, -10.555906272999948, 0.0 ], [ 121.906161711000095, -10.555918169999927, 0.0 ], [ 121.905471667000029, -10.555822990999957, 0.0 ], [ 121.904900597000051, -10.555668326999978, 0.0 ], [ 121.904258142000117, -10.555418482999926, 0.0 ], [ 121.903532406000068, -10.555061563999971, 0.0 ], [ 121.902949438000064, -10.554740336999942, 0.0 ], [ 121.902461649000088, -10.554359622999925, 0.0 ], [ 121.901831092000066, -10.553883730999928, 0.0 ], [ 121.900569977000032, -10.553479221999964, 0.0 ], [ 121.899641987000109, -10.553276967999977, 0.0 ], [ 121.898428463000073, -10.553086610999969, 0.0 ], [ 121.897286321000024, -10.552908151999929, 0.0 ], [ 121.896810429000084, -10.552789177999955, 0.0 ], [ 121.896382126000049, -10.552789177999955, 0.0 ], [ 121.895894336000083, -10.552789177999955, 0.0 ], [ 121.895585006000033, -10.552872458999957, 0.0 ], [ 121.895144806000076, -10.553205583999954, 0.0 ], [ 121.894538043000011, -10.553764757999943, 0.0 ], [ 121.89410974000009, -10.554288238999959, 0.0 ], [ 121.893574362000095, -10.55478792599996, 0.0 ], [ 121.893157956000096, -10.555085357999928, 0.0 ], [ 121.892860523000081, -10.555251920999979, 0.0 ], [ 121.886968612000032, -10.555690764999952, 0.0 ], [ 121.885953221000022, -10.556125305999956, 0.0 ], [ 121.884814174000098, -10.55629966999993, 0.0 ], [ 121.883683384000051, -10.556485104999979, 0.0 ], [ 121.882544291000045, -10.556592505999959, 0.0 ], [ 121.881374890000075, -10.55655308799993, 0.0 ], [ 121.881351273000064, -10.556550666999954, 0.0 ], [ 121.881283966000069, -10.556538410999963, 0.0 ], [ 121.88032307800006, -10.556334397999933, 0.0 ], [ 121.885855169000024, -10.558651298999962, 0.0 ], [ 121.885619280000014, -10.55972584999995, 0.0 ], [ 121.885501667000085, -10.559667299999944, 0.0 ], [ 121.885425190000092, -10.559646235999935, 0.0 ], [ 121.885277385000109, -10.559687490999977, 0.0 ], [ 121.885147943000106, -10.559708429999944, 0.0 ], [ 121.884981330000073, -10.559725036999964, 0.0 ], [ 121.884715833000087, -10.559733176999941, 0.0 ], [ 121.884438053000054, -10.559703774999946, 0.0 ], [ 121.884395320000067, -10.559695161999969, 0.0 ], [ 121.884312695000062, -10.559707440999944, 0.0 ], [ 121.884176391000096, -10.559796955999957, 0.0 ], [ 121.884015737000027, -10.559883198999955, 0.0 ], [ 121.883949618000088, -10.559913700999971, 0.0 ], [ 121.883815020000043, -10.559961592999969, 0.0 ], [ 121.883636509000098, -10.560072011999978, 0.0 ], [ 121.883484267000085, -10.56010293099996, 0.0 ], [ 121.882759075000081, -10.560158317999935, 0.0 ], [ 121.882381800000076, -10.560176122999962, 0.0 ], [ 121.881919490000087, -10.560178611999959, 0.0 ], [ 121.881849058000057, -10.560157672999935, 0.0 ], [ 121.881772915000056, -10.560087240999962, 0.0 ], [ 121.881668219000062, -10.560049168999967, 0.0 ], [ 121.881479766000098, -10.560020615999974, 0.0 ], [ 121.881244095000056, -10.560006699999974, 0.0 ], [ 121.881129509000061, -10.559999676999951, 0.0 ], [ 121.881028528000115, -10.559951219999959, 0.0 ], [ 121.880956284000035, -10.559933051999963, 0.0 ], [ 121.880893466000089, -10.559933051999963, 0.0 ], [ 121.880821131000062, -10.559948279999958, 0.0 ], [ 121.88078952, -10.559960531999934, 0.0 ], [ 121.880335721000051, -10.560123407999981, 0.0 ], [ 121.880198627000027, -10.560180301999935, 0.0 ], [ 121.88015719100008, -10.560187385999939, 0.0 ], [ 121.880050696000012, -10.560215718999928, 0.0 ], [ 121.879949141000111, -10.560215358999926, 0.0 ], [ 121.879693078000059, -10.560147459999939, 0.0 ], [ 121.879509485000085, -10.560098957999969, 0.0 ], [ 121.879378226000085, -10.560075818999962, 0.0 ], [ 121.879292565000014, -10.560092950999945, 0.0 ], [ 121.879197807000082, -10.560131370999954, 0.0 ], [ 121.879122436000102, -10.560145435999971, 0.0 ], [ 121.878863307000074, -10.560232821999932, 0.0 ], [ 121.878708169000106, -10.560330896999972, 0.0 ], [ 121.878643448000048, -10.560382293999965, 0.0 ], [ 121.878592052000045, -10.560424171999955, 0.0 ], [ 121.878525427000113, -10.560473664999961, 0.0 ], [ 121.878460705000066, -10.560507928999925, 0.0 ], [ 121.878409309000062, -10.560525060999964, 0.0 ], [ 121.878327456000079, -10.56053267599998, 0.0 ], [ 121.878277963000073, -10.560536482999964, 0.0 ], [ 121.878218952000111, -10.560525060999964, 0.0 ], [ 121.878178977000061, -10.560517446999938, 0.0 ], [ 121.878112352000016, -10.56055171099996, 0.0 ], [ 121.87807237700008, -10.560631660999945, 0.0 ], [ 121.878040017000103, -10.560723032999931, 0.0 ], [ 121.878005753000025, -10.560793464999961, 0.0 ], [ 121.877932415000032, -10.560876819999976, 0.0 ], [ 121.87779415600005, -10.561030742999947, 0.0 ], [ 121.877705050000031, -10.561132803999953, 0.0 ], [ 121.877619328000037, -10.561307427999964, 0.0 ], [ 121.877535571000067, -10.561394991999975, 0.0 ], [ 121.877486078000061, -10.561454002999938, 0.0 ], [ 121.877421357000117, -10.561516820999941, 0.0 ], [ 121.877304639000045, -10.561619194999935, 0.0 ], [ 121.877189554000097, -10.561663268999951, 0.0 ], [ 121.876969262000102, -10.561793422999926, 0.0 ], [ 121.876789372000076, -10.561901341999942, 0.0 ], [ 121.876570030000039, -10.561987826999939, 0.0 ], [ 121.876372490000108, -10.562076469999965, 0.0 ], [ 121.87630776900005, -10.562120251999943, 0.0 ], [ 121.876304047000076, -10.562141538999981, 0.0 ], [ 121.876179333000096, -10.56266342899994, 0.0 ], [ 121.87596893400007, -10.563384221999968, 0.0 ], [ 121.875921345000052, -10.563504146999946, 0.0 ], [ 121.875866141000074, -10.563586, 0.0 ], [ 121.875722403000054, -10.563743877999968, 0.0 ], [ 121.875704705000089, -10.563769940999975, 0.0 ], [ 121.875578517, -10.56389390399994, 0.0 ], [ 121.875454443000081, -10.564046233999932, 0.0 ], [ 121.875420883000061, -10.564130700999954, 0.0 ], [ 121.875414005000039, -10.56427522599995, 0.0 ], [ 121.875498752000112, -10.564566337999963, 0.0 ], [ 121.875527306000095, -10.564661516999934, 0.0 ], [ 121.875542534000033, -10.564749080999945, 0.0 ], [ 121.875531113000079, -10.564817608999931, 0.0 ], [ 121.87548301400011, -10.564888856999971, 0.0 ], [ 121.875355985000056, -10.56507268699994, 0.0 ], [ 121.875273846000027, -10.565223066999977, 0.0 ], [ 121.875169435000089, -10.565422943999977, 0.0 ], [ 121.8750380890001, -10.565653275999978, 0.0 ], [ 121.874952717000042, -10.565757849999954, 0.0 ], [ 121.874846046000016, -10.565834030999952, 0.0 ], [ 121.874671705000083, -10.565900400999965, 0.0 ], [ 121.874545794000028, -10.565947801999926, 0.0 ], [ 121.874458501000049, -10.566014482999947, 0.0 ], [ 121.874419360000047, -10.566138753999951, 0.0 ], [ 121.874408887000072, -10.566358829999956, 0.0 ], [ 121.874398064000047, -10.566674605999935, 0.0 ], [ 121.874387382, -10.56695210099997, 0.0 ], [ 121.874381370000037, -10.567068218999964, 0.0 ], [ 121.874294883000061, -10.567466065999952, 0.0 ], [ 121.874145315000078, -10.567775754999957, 0.0 ], [ 121.874057751, -10.567899486999977, 0.0 ], [ 121.873968283000067, -10.567985147999934, 0.0 ], [ 121.873814094000068, -10.568103168999926, 0.0 ], [ 121.873694084000022, -10.568174219999946, 0.0 ], [ 121.873473722000085, -10.568331807999925, 0.0 ], [ 121.873050265000074, -10.568658579999976, 0.0 ], [ 121.872781960000111, -10.568943909999973, 0.0 ], [ 121.872508246000052, -10.569220563999977, 0.0 ], [ 121.872317889000101, -10.569384270999933, 0.0 ], [ 121.872202010000024, -10.569451672999946, 0.0 ], [ 121.872066355000015, -10.569518178999942, 0.0 ], [ 121.872228335000045, -10.570012575999954, 0.0 ], [ 121.872323800000117, -10.570357441999931, 0.0 ], [ 121.872224982000034, -10.570931295999969, 0.0 ], [ 121.872010516000046, -10.571389893999935, 0.0 ], [ 121.871679424000035, -10.572001197999953, 0.0 ], [ 121.871407481, -10.572306469999944, 0.0 ], [ 121.871251606000101, -10.572612155999934, 0.0 ], [ 121.871095898000021, -10.572816031999935, 0.0 ], [ 121.870968044000051, -10.572903083999961, 0.0 ], [ 121.870599582000068, -10.573112961999982, 0.0 ], [ 121.870286781000118, -10.573181889999944, 0.0 ], [ 121.870155435000015, -10.573214250999968, 0.0 ], [ 121.870027896000011, -10.573258032999945, 0.0 ], [ 121.869875838000098, -10.573326184999928, 0.0 ], [ 121.869714232000092, -10.573390922999977, 0.0 ], [ 121.86952989800011, -10.573543384999937, 0.0 ], [ 121.869451221000077, -10.573634709999965, 0.0 ], [ 121.869427516000087, -10.573767914999962, 0.0 ], [ 121.869429750000108, -10.573818165999967, 0.0 ], [ 121.869405429000039, -10.574013749999949, 0.0 ], [ 121.869376875000057, -10.57410892799993, 0.0 ], [ 121.869340707000106, -10.574175552999975, 0.0 ], [ 121.869232204000014, -10.574255502999961, 0.0 ], [ 121.869100858000024, -10.574335452999946, 0.0 ], [ 121.869017101000054, -10.574383041999965, 0.0 ], [ 121.868958090000092, -10.574426823999943, 0.0 ], [ 121.868889562000049, -10.574478220999936, 0.0 ], [ 121.868779155000084, -10.574542941999937, 0.0 ], [ 121.86870491500008, -10.574554363999937, 0.0 ], [ 121.868653519000077, -10.574558170999978, 0.0 ], [ 121.868569762000106, -10.574567688999934, 0.0 ], [ 121.868491716000108, -10.574586723999971, 0.0 ], [ 121.868366080000101, -10.574689516999968, 0.0 ], [ 121.868312115000094, -10.574732326999936, 0.0 ], [ 121.868274709000048, -10.574782791999951, 0.0 ], [ 121.868208084000116, -10.574836091999941, 0.0 ], [ 121.868150977000028, -10.574868451999976, 0.0 ], [ 121.868080545000112, -10.574893198999973, 0.0 ], [ 121.868010113000082, -10.574936980999951, 0.0 ], [ 121.867970138000032, -10.574971244999972, 0.0 ], [ 121.867935874000068, -10.575009316999967, 0.0 ], [ 121.867916838000042, -10.575015026999949, 0.0 ], [ 121.867855956000085, -10.575030317999961, 0.0 ], [ 121.867808385000103, -10.575025190999952, 0.0 ], [ 121.867739681000103, -10.575051618999964, 0.0 ], [ 121.867675435000024, -10.575073033999956, 0.0 ], [ 121.867515060000073, -10.575099207999926, 0.0 ], [ 121.867453828000066, -10.575078624999946, 0.0 ], [ 121.867424397000036, -10.575066615999958, 0.0 ], [ 121.867372869000064, -10.57506776799994, 0.0 ], [ 121.867323652000096, -10.575070554999968, 0.0 ], [ 121.867285687000049, -10.575098491999938, 0.0 ], [ 121.867230653000092, -10.57511642299994, 0.0 ], [ 121.86709329700011, -10.575161175999938, 0.0 ], [ 121.866926697000054, -10.575158913999928, 0.0 ], [ 121.866770427, -10.575178820999952, 0.0 ], [ 121.866645506000054, -10.575166922999927, 0.0 ], [ 121.866457451000088, -10.57510932799994, 0.0 ], [ 121.866420024000035, -10.575092192999932, 0.0 ], [ 121.866323476000048, -10.57504399499993, 0.0 ], [ 121.866255998000042, -10.574981546999936, 0.0 ], [ 121.866199372000096, -10.574887329999967, 0.0 ], [ 121.866109196000025, -10.574892279999972, 0.0 ], [ 121.862417674000085, -10.575138046999939, 0.0 ], [ 121.861412194000081, -10.575195393999934, 0.0 ], [ 121.86022739100008, -10.575261099999977, 0.0 ], [ 121.857654391000096, -10.575405650999926, 0.0 ], [ 121.856950297000026, -10.575445203999948, 0.0 ], [ 121.856769264000036, -10.575447622999945, 0.0 ], [ 121.856444138000029, -10.575451971999939, 0.0 ], [ 121.855409171000019, -10.575465821999956, 0.0 ], [ 121.855073404000109, -10.575470306999932, 0.0 ], [ 121.854955508000103, -10.575471888999971, 0.0 ], [ 121.854868627000087, -10.575473056999954, 0.0 ], [ 121.854246024000076, -10.575481427999932, 0.0 ], [ 121.851269494, -10.575521152999954, 0.0 ], [ 121.851148837000096, -10.57552276399997, 0.0 ], [ 121.849454394000077, -10.575545386999977, 0.0 ], [ 121.84660486100006, -10.575544055999956, 0.0 ], [ 121.846303430000034, -10.575543916999948, 0.0 ], [ 121.846245836000094, -10.575543881999977, 0.0 ], [ 121.844562433000078, -10.575543081999967, 0.0 ], [ 121.842897139000115, -10.57575675399994, 0.0 ], [ 121.839788662000046, -10.576155580999966, 0.0 ], [ 121.838114761000043, -10.576400001999957, 0.0 ], [ 121.837712415000055, -10.576469752999969, 0.0 ], [ 121.836982271000011, -10.576580231999969, 0.0 ], [ 121.836644131000071, -10.576871872999959, 0.0 ], [ 121.836496146000059, -10.57701020199994, 0.0 ], [ 121.835979435000013, -10.577368388999957, 0.0 ], [ 121.835958418000018, -10.577393322999967, 0.0 ], [ 121.835920258000101, -10.577438594999933, 0.0 ], [ 121.835825686000021, -10.577514076999933, 0.0 ], [ 121.835771076000015, -10.577567705999968, 0.0 ], [ 121.83563163000008, -10.577674853999952, 0.0 ], [ 121.835512917000074, -10.577776222999944, 0.0 ], [ 121.83514281500004, -10.57805929899996, 0.0 ], [ 121.834897731000069, -10.578206824999938, 0.0 ], [ 121.834264794000092, -10.578520675999926, 0.0 ], [ 121.834176278000086, -10.578560650999975, 0.0 ], [ 121.83404207600006, -10.578603480999959, 0.0 ], [ 121.833853623000095, -10.578640600999961, 0.0 ], [ 121.833413899000107, -10.578697707999936, 0.0 ], [ 121.833133836000115, -10.578760227999965, 0.0 ], [ 121.832952521000038, -10.578843032999941, 0.0 ], [ 121.832792621000067, -10.578900140999963, 0.0 ], [ 121.832654137000077, -10.578942970999947, 0.0 ], [ 121.832638799000051, -10.578966115999947, 0.0 ], [ 121.832383830000026, -10.579328740999927, 0.0 ], [ 121.832260098, -10.579503630999966, 0.0 ], [ 121.832226499000058, -10.579588298999965, 0.0 ], [ 121.832186335000074, -10.579705885999942, 0.0 ], [ 121.832116141000029, -10.579858170999955, 0.0 ], [ 121.83207806900009, -10.579925985999978, 0.0 ], [ 121.832036429000027, -10.580002127999933, 0.0 ], [ 121.831954608000046, -10.580099546999975, 0.0 ], [ 121.831874625000069, -10.580226986999946, 0.0 ], [ 121.831849641000076, -10.580290042999934, 0.0 ], [ 121.831824657000084, -10.580413774999954, 0.0 ], [ 121.831817518000094, -10.580522040999938, 0.0 ], [ 121.831822229000068, -10.580593133999969, 0.0 ], [ 121.831918645000087, -10.580907512999943, 0.0 ], [ 121.832086397000012, -10.581226360999949, 0.0 ], [ 121.832190235000098, -10.58145176499994, 0.0 ], [ 121.832249172000047, -10.581544703999953, 0.0 ], [ 121.832500728000014, -10.581830920999948, 0.0 ], [ 121.832665157000065, -10.582029548999969, 0.0 ], [ 121.832884707000062, -10.58234708699996, 0.0 ], [ 121.832967988000064, -10.582473198999935, 0.0 ], [ 121.832992763000107, -10.582549270999948, 0.0 ], [ 121.833017264000091, -10.582695272999956, 0.0 ], [ 121.832998862000068, -10.582899117999943, 0.0 ], [ 121.83286522800006, -10.583416044999979, 0.0 ], [ 121.832940227000108, -10.583904362999931, 0.0 ], [ 121.833045795000089, -10.584295208999947, 0.0 ], [ 121.833137226000076, -10.585237843999948, 0.0 ], [ 121.833148074000064, -10.585903906999931, 0.0 ], [ 121.83317368400003, -10.586485071999959, 0.0 ], [ 121.833166624000114, -10.586639384999955, 0.0 ], [ 121.833119949000093, -10.586729168999966, 0.0 ], [ 121.833005071000116, -10.586862144999941, 0.0 ], [ 121.832785702000024, -10.587063856999976, 0.0 ], [ 121.832123362000061, -10.587436552999975, 0.0 ], [ 121.831983491000074, -10.587549833999958, 0.0 ], [ 121.831946371000072, -10.587581718999957, 0.0 ], [ 121.831829535000111, -10.587677079999935, 0.0 ], [ 121.831772427000033, -10.587708488999965, 0.0 ], [ 121.831633400000101, -10.587750961999973, 0.0 ], [ 121.831600005000041, -10.587766991999956, 0.0 ], [ 121.83148299700008, -10.587866634999955, 0.0 ], [ 121.831458106000014, -10.587891525999964, 0.0 ], [ 121.831374348000054, -10.587950535999937, 0.0 ], [ 121.831233484000109, -10.588019064999969, 0.0 ], [ 121.831016477000048, -10.588091399999939, 0.0 ], [ 121.830812795000043, -10.588148506999971, 0.0 ], [ 121.830578657000046, -10.58823797499997, 0.0 ], [ 121.830399721000049, -10.588316020999969, 0.0 ], [ 121.830308349, -10.588327442999969, 0.0 ], [ 121.830274081000084, -10.588343090999956, 0.0 ], [ 121.830215442000053, -10.588398206999955, 0.0 ], [ 121.83015416100011, -10.588439752999932, 0.0 ], [ 121.830098451000026, -10.588467928999933, 0.0 ], [ 121.829940005000026, -10.588529402999939, 0.0 ], [ 121.82983493100005, -10.588564807999944, 0.0 ], [ 121.829798665000112, -10.588568663999979, 0.0 ], [ 121.829773680000017, -10.588564380999969, 0.0 ], [ 121.829737279000028, -10.588548255999967, 0.0 ], [ 121.829719195000052, -10.588517799999977, 0.0 ], [ 121.829688676000046, -10.588440711999965, 0.0 ], [ 121.829685883000025, -10.588430235999965, 0.0 ], [ 121.829624968000076, -10.588316020999969, 0.0 ], [ 121.829600184000014, -10.588289269999962, 0.0 ], [ 121.829478865000056, -10.588178193999966, 0.0 ], [ 121.829400343000088, -10.588117517999933, 0.0 ], [ 121.829345945000114, -10.588082395999947, 0.0 ], [ 121.829277563000119, -10.588043992999928, 0.0 ], [ 121.829254720000108, -10.588034712999956, 0.0 ], [ 121.829231877000097, -10.588030429999947, 0.0 ], [ 121.829164071000037, -10.588029856999981, 0.0 ], [ 121.829154787000107, -10.588028581999936, 0.0 ], [ 121.82901632200003, -10.588031559999934, 0.0 ], [ 121.828942219000055, -10.588027189999934, 0.0 ], [ 121.828849923, -10.588013683999975, 0.0 ], [ 121.828773280000064, -10.587974593999945, 0.0 ], [ 121.82865795500004, -10.587896283999953, 0.0 ], [ 121.828627688000097, -10.587868927999978, 0.0 ], [ 121.828545099000053, -10.587815149999926, 0.0 ], [ 121.828518995000081, -10.587800153999979, 0.0 ], [ 121.828430519000108, -10.587761587999978, 0.0 ], [ 121.828328240000019, -10.58772971999997, 0.0 ], [ 121.828300085000024, -10.587725914999965, 0.0 ], [ 121.828220134000048, -10.587737336999965, 0.0 ], [ 121.828128763000109, -10.58776398599997, 0.0 ], [ 121.828024067000115, -10.587815382999963, 0.0 ], [ 121.827907949000064, -10.587891525999964, 0.0 ], [ 121.827818482000112, -10.587944825999955, 0.0 ], [ 121.827599572000054, -10.588022871999954, 0.0 ], [ 121.827373047000037, -10.588118049999935, 0.0 ], [ 121.827072283, -10.588253202999965, 0.0 ], [ 121.826958069000057, -10.588304598999969, 0.0 ], [ 121.826877059000026, -10.588337003999982, 0.0 ], [ 121.826818050000043, -10.588376961999927, 0.0 ], [ 121.82672987400008, -10.588440886999933, 0.0 ], [ 121.826689185000077, -10.588476578999973, 0.0 ], [ 121.826647782, -10.588528688999929, 0.0 ], [ 121.826630650000084, -10.58855581499995, 0.0 ], [ 121.826612090000026, -10.58857865799996, 0.0 ], [ 121.826599241000054, -10.58859079299998, 0.0 ], [ 121.82658068100011, -10.588603641999953, 0.0 ], [ 121.826562836000107, -10.588612207999972, 0.0 ], [ 121.82654427600005, -10.588617918999944, 0.0 ], [ 121.82652000500002, -10.588626484999963, 0.0 ], [ 121.826485027000103, -10.588642902999936, 0.0 ], [ 121.826421522000032, -10.588665378999963, 0.0 ], [ 121.826360348000094, -10.588670084999933, 0.0 ], [ 121.82631656600006, -10.588668181999935, 0.0 ], [ 121.826261362000082, -10.588656760999982, 0.0 ], [ 121.826183317000073, -10.588628206999942, 0.0 ], [ 121.826082427000074, -10.588597749999963, 0.0 ], [ 121.825973924000095, -10.588586327999963, 0.0 ], [ 121.825829253000052, -10.588612977999958, 0.0 ], [ 121.825581788000022, -10.588675795999961, 0.0 ], [ 121.825469478000059, -10.588715769999965, 0.0 ], [ 121.825393335000058, -10.588755744999958, 0.0 ], [ 121.825305818000061, -10.588849686999936, 0.0 ], [ 121.825251084000115, -10.588911200999974, 0.0 ], [ 121.825164426000015, -10.588970554999946, 0.0 ], [ 121.825048071000083, -10.58901766799994, 0.0 ], [ 121.824890312000093, -10.589078343999972, 0.0 ], [ 121.824831064000023, -10.589106183999945, 0.0 ], [ 121.8246990560001, -10.589179836999961, 0.0 ], [ 121.824535468000022, -10.58925716899995, 0.0 ], [ 121.824449212000104, -10.589292861999979, 0.0 ], [ 121.824392701000079, -10.589319629999977, 0.0 ], [ 121.824345111000071, -10.589367219999929, 0.0 ], [ 121.82427670200002, -10.589447525999958, 0.0 ], [ 121.824270444000035, -10.589457358999937, 0.0 ], [ 121.824220018, -10.589501650999978, 0.0 ], [ 121.824189323000041, -10.58951878299996, 0.0 ], [ 121.824125792000018, -10.589554474999943, 0.0 ], [ 121.8240572630001, -10.589604442999928, 0.0 ], [ 121.824032279000107, -10.589628, 0.0 ], [ 121.824015860000031, -10.589646559999949, 0.0 ], [ 121.824003063000077, -10.589667625999937, 0.0 ], [ 121.823838595000097, -10.589590222999959, 0.0 ], [ 121.823706535000042, -10.589525976999937, 0.0 ], [ 121.823690477000014, -10.589520356999969, 0.0 ], [ 121.82349737800007, -10.589445925999939, 0.0 ], [ 121.823487625000098, -10.589441505999957, 0.0 ], [ 121.823402436000038, -10.589421461999962, 0.0 ], [ 121.823253928000099, -10.58941023899996, 0.0 ], [ 121.823133394000024, -10.589417149999974, 0.0 ], [ 121.823026604, -10.589429608999978, 0.0 ], [ 121.822937375000038, -10.589462325999932, 0.0 ], [ 121.822888710000029, -10.589486659999977, 0.0 ], [ 121.822864312000092, -10.589517645999933, 0.0 ], [ 121.82284814500008, -10.589563452999926, 0.0 ], [ 121.822842196000011, -10.589643759999944, 0.0 ], [ 121.822839222000084, -10.589822219999974, 0.0 ], [ 121.822812453000097, -10.589914424999961, 0.0 ], [ 121.82278270900008, -10.589973910999959, 0.0 ], [ 121.822744043000057, -10.590015551999954, 0.0 ], [ 121.822616050000079, -10.590046080999969, 0.0 ], [ 121.822555373000114, -10.590038942999968, 0.0 ], [ 121.822455435000052, -10.58991758999997, 0.0 ], [ 121.8223305140001, -10.589749837999932, 0.0 ], [ 121.822219869000037, -10.589653469999973, 0.0 ], [ 121.82214491600007, -10.589642761999926, 0.0 ], [ 121.821970025000041, -10.589664176999975, 0.0 ], [ 121.821688060000042, -10.589710576999948, 0.0 ], [ 121.821288310000114, -10.589821221999955, 0.0 ], [ 121.821031328000117, -10.589899743999979, 0.0 ], [ 121.820957984000074, -10.589936232999946, 0.0 ], [ 121.820884882000087, -10.589930675999938, 0.0 ], [ 121.820721917000014, -10.589642708999975, 0.0 ], [ 121.820650721000106, -10.589343324999959, 0.0 ], [ 121.820631579000064, -10.589171628999964, 0.0 ], [ 121.820585179000091, -10.589125228999933, 0.0 ], [ 121.82048021300011, -10.589077516999964, 0.0 ], [ 121.820349125, -10.589049226999975, 0.0 ], [ 121.820179511000106, -10.589039312999944, 0.0 ], [ 121.819649867000066, -10.589008355999965, 0.0 ], [ 121.819316425000011, -10.588963812999964, 0.0 ], [ 121.819032079000067, -10.588897187999976, 0.0 ], [ 121.818795323000018, -10.588809147999939, 0.0 ], [ 121.818621622000023, -10.588727056999971, 0.0 ], [ 121.818365626000059, -10.588545619999934, 0.0 ], [ 121.818274762000101, -10.588488567999946, 0.0 ], [ 121.818181422000066, -10.588434382999935, 0.0 ], [ 121.81811717700009, -10.588398690999952, 0.0 ], [ 121.818046983000045, -10.588352291999968, 0.0 ], [ 121.818005342000106, -10.58828923599998, 0.0 ], [ 121.817956563000052, -10.588194056999953, 0.0 ], [ 121.81787689500004, -10.588000914999952, 0.0 ], [ 121.817857601000014, -10.587975892999964, 0.0 ], [ 121.817828155000029, -10.58793798499994, 0.0 ], [ 121.817782470000111, -10.587924659999942, 0.0 ], [ 121.817746302000046, -10.587924659999942, 0.0 ], [ 121.81770632700011, -10.587939887999937, 0.0 ], [ 121.81764350900005, -10.587962730999948, 0.0 ] ] ] ] } },
{ "type": "Feature", "properties": { "nm_kecamatan": "Sabu Tengah" }, "geometry": { "type": "MultiPolygon", "coordinates": [ [ [ [ 121.954044980000049, -10.537810944999933, 0.0 ], [ 121.954077341000016, -10.537879472999975, 0.0 ], [ 121.954102087000024, -10.537927062999927, 0.0 ], [ 121.954111605000094, -10.537953712999979, 0.0 ], [ 121.954115412000078, -10.537986072999956, 0.0 ], [ 121.954109702000096, -10.538050794999947, 0.0 ], [ 121.954053976000068, -10.538290121999978, 0.0 ], [ 121.954027137000026, -10.538359080999953, 0.0 ], [ 121.953921885000113, -10.538540457999943, 0.0 ], [ 121.953641080000011, -10.538766868999971, 0.0 ], [ 121.953166429000021, -10.539100671999961, 0.0 ], [ 121.953153331000067, -10.539112115999956, 0.0 ], [ 121.953073821000089, -10.539201742999978, 0.0 ], [ 121.953062877000093, -10.539226614999961, 0.0 ], [ 121.953025738000065, -10.539228151999964, 0.0 ], [ 121.952982908000081, -10.539248138999938, 0.0 ], [ 121.952423607000014, -10.539716007999971, 0.0 ], [ 121.952264656000011, -10.539849269999934, 0.0 ], [ 121.9518982190001, -10.540358474999948, 0.0 ], [ 121.951686280000104, -10.540524339999934, 0.0 ], [ 121.951493267000046, -10.540635220999945, 0.0 ], [ 121.951244520000046, -10.540716658999941, 0.0 ], [ 121.951164782000092, -10.540782648999937, 0.0 ], [ 121.951123327000118, -10.540851975999942, 0.0 ], [ 121.951070166000022, -10.541034241999967, 0.0 ], [ 121.951070166000022, -10.541257910999946, 0.0 ], [ 121.951227211000059, -10.541529168999944, 0.0 ], [ 121.951317631000052, -10.541719525999952, 0.0 ], [ 121.951365220000071, -10.542043132999936, 0.0 ], [ 121.951436604000037, -10.542357221999964, 0.0 ], [ 121.951441362000082, -10.542528542999946, 0.0 ], [ 121.951336666000088, -10.542909256999963, 0.0 ], [ 121.951270042000033, -10.543451773999948, 0.0 ], [ 121.951246247000086, -10.543756344999963, 0.0 ], [ 121.951274801000068, -10.544217959999969, 0.0 ], [ 121.951360461000036, -10.54486041399997, 0.0 ], [ 121.951417568000011, -10.545502868999961, 0.0 ], [ 121.951417568000011, -10.546169118999956, 0.0 ], [ 121.951479434000021, -10.546702117999928, 0.0 ], [ 121.951404481000054, -10.547056656999928, 0.0 ], [ 121.951240298000016, -10.547317208999971, 0.0 ], [ 121.950929779000035, -10.547802617999935, 0.0 ], [ 121.950722765000023, -10.548134552999954, 0.0 ], [ 121.950526460000106, -10.548480764999965, 0.0 ], [ 121.950408676000052, -10.548848391999968, 0.0 ], [ 121.950269478000109, -10.549198171999933, 0.0 ], [ 121.95009458800007, -10.549658597999951, 0.0 ], [ 121.949941112000033, -10.550026224999954, 0.0 ], [ 121.949801914000091, -10.550268929999959, 0.0 ], [ 121.949616316000061, -10.550504496999963, 0.0 ], [ 121.949473549000118, -10.550686524999946, 0.0 ], [ 121.949362903000065, -10.550825723999935, 0.0 ], [ 121.949202290000017, -10.550904245999959, 0.0 ], [ 121.948938170000019, -10.550975629999925, 0.0 ], [ 121.948770417000105, -10.550993474999927, 0.0 ], [ 121.948634789000039, -10.550982767999926, 0.0 ], [ 121.948474175000115, -10.550982767999926, 0.0 ], [ 121.948288577000085, -10.551014890999966, 0.0 ], [ 121.9481731730001, -10.551057125999932, 0.0 ], [ 121.947976867000079, -10.551179073999947, 0.0 ], [ 121.947786510000014, -10.551309943999968, 0.0 ], [ 121.947581282000101, -10.551440813999932, 0.0 ], [ 121.947474206000038, -10.551512197999955, 0.0 ], [ 121.947393900000066, -10.551616299999978, 0.0 ], [ 121.947337387000061, -10.551702554999963, 0.0 ], [ 121.947215440000036, -10.551785835999965, 0.0 ], [ 121.947069698000064, -10.551898859999937, 0.0 ], [ 121.947004263000053, -10.551976192999973, 0.0 ], [ 121.94697154500011, -10.552071370999954, 0.0 ], [ 121.946962623000104, -10.552175472999977, 0.0 ], [ 121.946974520000026, -10.55232121399996, 0.0 ], [ 121.946995340000058, -10.552496699999949, 0.0 ], [ 121.946989391000102, -10.55266028799997, 0.0 ], [ 121.946941802000083, -10.552823875999934, 0.0 ], [ 121.946879341000113, -10.553055872999948, 0.0 ], [ 121.946864470000037, -10.553222435999942, 0.0 ], [ 121.946843650000119, -10.553377099999977, 0.0 ], [ 121.946787137000115, -10.553564482999946, 0.0 ], [ 121.9467306250001, -10.553677506999975, 0.0 ], [ 121.946608677000086, -10.553781608999941, 0.0 ], [ 121.946323142000097, -10.553998734999936, 0.0 ], [ 121.946171451000055, -10.554189091999945, 0.0 ], [ 121.946097094000038, -10.554361602999961, 0.0 ], [ 121.945960274000072, -10.554795854999952, 0.0 ], [ 121.945903762000057, -10.554956467999943, 0.0 ], [ 121.945838327000047, -10.555033799999933, 0.0 ], [ 121.945332821000079, -10.555075880999937, 0.0 ], [ 121.945207770000025, -10.555134728999974, 0.0 ], [ 121.944950788000028, -10.555339362999973, 0.0 ], [ 121.944674771000109, -10.555572549999965, 0.0 ], [ 121.944522485000107, -10.555686763999972, 0.0 ], [ 121.944346405000033, -10.55575338899996, 0.0 ], [ 121.944146531000115, -10.555872361999945, 0.0 ], [ 121.943813405000014, -10.556110307999973, 0.0 ], [ 121.943508835000102, -10.556353012999978, 0.0 ], [ 121.943228058000045, -10.556695654999942, 0.0 ], [ 121.942928246000065, -10.557014503999937, 0.0 ], [ 121.942680782000025, -10.557366663999971, 0.0 ], [ 121.942633193, -10.557490394999945, 0.0 ], [ 121.942538015000082, -10.557628403999956, 0.0 ], [ 121.942085917000099, -10.557942492999928, 0.0 ], [ 121.941486293000025, -10.558323206999944, 0.0 ], [ 121.941038954000078, -10.558642053999961, 0.0 ], [ 121.940367946000038, -10.55914649999994, 0.0 ], [ 121.93997295600002, -10.559417758999928, 0.0 ], [ 121.939739768000095, -10.559698535999928, 0.0 ], [ 121.939630313000066, -10.559803230999933, 0.0 ], [ 121.938783225000066, -10.560345748999964, 0.0 ], [ 121.938212154000098, -10.560693149999963, 0.0 ], [ 121.937075526000058, -10.561209145999953, 0.0 ], [ 121.936496296000087, -10.561440191999964, 0.0 ], [ 121.936470203000113, -10.561452600999928, 0.0 ], [ 121.936442909000107, -10.561472740999932, 0.0 ], [ 121.936434978000079, -10.561481275999938, 0.0 ], [ 121.936432772000103, -10.561485585999947, 0.0 ], [ 121.936407978000034, -10.561443615999963, 0.0 ], [ 121.936250085000097, -10.561118265999937, 0.0 ], [ 121.93614487900004, -10.560926777999953, 0.0 ], [ 121.936084917000017, -10.560829695999928, 0.0 ], [ 121.936043767000115, -10.560778911999932, 0.0 ], [ 121.93598246800002, -10.560742614999981, 0.0 ], [ 121.93590448000009, -10.560754704999965, 0.0 ], [ 121.93580509200001, -10.560785437999925, 0.0 ], [ 121.935752268000101, -10.560785437999925, 0.0 ], [ 121.935599908000086, -10.560781632999976, 0.0 ], [ 121.935513846000049, -10.560686927999939, 0.0 ], [ 121.935485293000056, -10.560645525999973, 0.0 ], [ 121.935446745000036, -10.560599839999952, 0.0 ], [ 121.935416764000024, -10.560545587999968, 0.0 ], [ 121.93537901000002, -10.560500892999926, 0.0 ], [ 121.935293513000033, -10.560374900999932, 0.0 ], [ 121.935194240000101, -10.560280256999931, 0.0 ], [ 121.935138278000068, -10.560254670999939, 0.0 ], [ 121.935022725000067, -10.560187954999947, 0.0 ], [ 121.934987747000037, -10.560177961999955, 0.0 ], [ 121.934947058000034, -10.560180102999936, 0.0 ], [ 121.934921724000105, -10.560192219999976, 0.0 ], [ 121.934882813000058, -10.56022792999994, 0.0 ], [ 121.934874961000105, -10.560237923999978, 0.0 ], [ 121.93486512100003, -10.560243854999953, 0.0 ], [ 121.934841190000043, -10.560239495999951, 0.0 ], [ 121.934790728000053, -10.56022364699993, 0.0 ], [ 121.93477787900008, -10.560203659999956, 0.0 ], [ 121.934771454000042, -10.560167967999973, 0.0 ], [ 121.934775240000022, -10.559973850999938, 0.0 ], [ 121.934773285, -10.559894478999979, 0.0 ], [ 121.934753608000051, -10.559876721999956, 0.0 ], [ 121.93473433500003, -10.559864586999936, 0.0 ], [ 121.934697215000028, -10.559860303999926, 0.0 ], [ 121.934679259000063, -10.559868715999926, 0.0 ], [ 121.934602626000014, -10.559877333999964, 0.0 ], [ 121.934610410000118, -10.55968600999995, 0.0 ], [ 121.934613347000095, -10.559627631999945, 0.0 ], [ 121.934614601000021, -10.559602710999968, 0.0 ], [ 121.934593120000045, -10.559543056999928, 0.0 ], [ 121.934568605000095, -10.559505606999949, 0.0 ], [ 121.934494916000062, -10.559439257999941, 0.0 ], [ 121.934446137, -10.559389288999967, 0.0 ], [ 121.934410445000026, -10.559345268999948, 0.0 ], [ 121.934385461000034, -10.559313145999965, 0.0 ], [ 121.934364046000042, -10.559279833999938, 0.0 ], [ 121.934339062000049, -10.559222726999963, 0.0 ], [ 121.934331923000059, -10.559177516999966, 0.0 ], [ 121.934347390000084, -10.559152532999974, 0.0 ], [ 121.934374753000043, -10.559140635999938, 0.0 ], [ 121.934434240000087, -10.559121599999969, 0.0 ], [ 121.934472311000036, -10.559110891999978, 0.0 ], [ 121.934516331000054, -10.559096615999977, 0.0 ], [ 121.934566300000029, -10.559062112999982, 0.0 ], [ 121.93458712000006, -10.559041887999967, 0.0 ], [ 121.934606751000047, -10.558958606999965, 0.0 ], [ 121.934615079000082, -10.558897930999933, 0.0 ], [ 121.934623407000117, -10.558838443999946, 0.0 ], [ 121.934634115000108, -10.558789664999949, 0.0 ], [ 121.934644822000109, -10.558739695999975, 0.0 ], [ 121.93464601200003, -10.558699245999946, 0.0 ], [ 121.934632925000074, -10.558635, 0.0 ], [ 121.934626381000044, -10.55859514399998, 0.0 ], [ 121.934656720000021, -10.558495801999982, 0.0 ], [ 121.934684083000093, -10.558455350999964, 0.0 ], [ 121.934712637000075, -10.558408950999933, 0.0 ], [ 121.934740001000023, -10.558360171999936, 0.0 ], [ 121.934754277000025, -10.558324479999953, 0.0 ], [ 121.93476617500005, -10.558289977999948, 0.0 ], [ 121.934784386000047, -10.55822242499994, 0.0 ], [ 121.934521063000034, -10.558118677999971, 0.0 ], [ 121.934511138000062, -10.558112968999978, 0.0 ], [ 121.934495589000107, -10.558104023999931, 0.0 ], [ 121.934459361000108, -10.558030656999961, 0.0 ], [ 121.934448169, -10.557764427999928, 0.0 ], [ 121.934406464000062, -10.557708814999955, 0.0 ], [ 121.934115107000025, -10.557556894999948, 0.0 ], [ 121.934075054000118, -10.55748839499995, 0.0 ], [ 121.934072081000068, -10.557408889999977, 0.0 ], [ 121.9337430490001, -10.557189969999968, 0.0 ], [ 121.933700081000097, -10.557163637999963, 0.0 ], [ 121.933653578000076, -10.557111648999978, 0.0 ], [ 121.933610748000092, -10.557087854999963, 0.0 ], [ 121.933577436000064, -10.557059300999981, 0.0 ], [ 121.93351794900002, -10.557049782999968, 0.0 ], [ 121.933458463000079, -10.557054541999946, 0.0 ], [ 121.933418012000061, -10.557075956999938, 0.0 ], [ 121.933382320000078, -10.557104510999977, 0.0 ], [ 121.933337110000025, -10.55714020299996, 0.0 ], [ 121.933268106000014, -10.557171135999965, 0.0 ], [ 121.933199101000014, -10.557192550999957, 0.0 ], [ 121.933122959000116, -10.557199688999958, 0.0 ], [ 121.933056334000071, -10.557190171999935, 0.0 ], [ 121.932934981000017, -10.557206827999948, 0.0 ], [ 121.932880254000111, -10.557225862999928, 0.0 ], [ 121.932761640000081, -10.557250653999972, 0.0 ], [ 121.932607518000054, -10.557212378999964, 0.0 ], [ 121.932493032000025, -10.557130190999942, 0.0 ], [ 121.932361531000083, -10.557059300999981, 0.0 ], [ 121.932321080000065, -10.556995055999948, 0.0 ], [ 121.932309183000029, -10.55692129199997, 0.0 ], [ 121.932359152000117, -10.556597685999975, 0.0 ], [ 121.932361531000083, -10.556516783999939, 0.0 ], [ 121.932337737000012, -10.556426364999936, 0.0 ], [ 121.932297286000107, -10.556345462999957, 0.0 ], [ 121.932244938000053, -10.556302632999973, 0.0 ], [ 121.932161656000062, -10.556252663999942, 0.0 ], [ 121.932093173000112, -10.556234544999938, 0.0 ], [ 121.931063873000085, -10.556039924999936, 0.0 ], [ 121.930806271000051, -10.555990142999974, 0.0 ], [ 121.930604113000072, -10.555898610999975, 0.0 ], [ 121.930434201000025, -10.555726043999925, 0.0 ], [ 121.930367919000105, -10.555630489999942, 0.0 ], [ 121.930271344000062, -10.55539181599994, 0.0 ], [ 121.930138452000051, -10.555041418999963, 0.0 ], [ 121.930115581000109, -10.554976179999926, 0.0 ], [ 121.928704193000044, -10.551963058999945, 0.0 ], [ 121.928647193000074, -10.551891111999964, 0.0 ], [ 121.9285972240001, -10.551864937999937, 0.0 ], [ 121.928511563000029, -10.551829245999954, 0.0 ], [ 121.928404488000069, -10.551793553999971, 0.0 ], [ 121.928280756000049, -10.551772138999979, 0.0 ], [ 121.928123711000012, -10.551745964999952, 0.0 ], [ 121.928033292, -10.55172454999996, 0.0 ], [ 121.927954769000053, -10.551686477999965, 0.0 ], [ 121.927676266000049, -10.551534755999967, 0.0 ], [ 121.927547775000107, -10.551306328999942, 0.0 ], [ 121.927508639000052, -10.551106386999948, 0.0 ], [ 121.927504496000097, -10.550877774999947, 0.0 ], [ 121.927419283000063, -10.550635319999969, 0.0 ], [ 121.927305070000102, -10.55046399899993, 0.0 ], [ 121.927148025000065, -10.550335507999932, 0.0 ], [ 121.926976705000015, -10.550221293999925, 0.0 ], [ 121.926427644000114, -10.55000726399993, 0.0 ], [ 121.925920223000048, -10.549764436999965, 0.0 ], [ 121.925449090000029, -10.549507455999958, 0.0 ], [ 121.925249216000111, -10.549321857999928, 0.0 ], [ 121.924920850000035, -10.548950661999982, 0.0 ], [ 121.924735252000119, -10.54875078699996, 0.0 ], [ 121.924520811000093, -10.548375514999975, 0.0 ], [ 121.924368922000099, -10.54795310399993, 0.0 ], [ 121.924340368000117, -10.547843648999958, 0.0 ], [ 121.92430467600002, -10.547746090999965, 0.0 ], [ 121.924273743000072, -10.547679465999977, 0.0 ], [ 121.924233292000054, -10.547617599999967, 0.0 ], [ 121.924183324000069, -10.547562871999958, 0.0 ], [ 121.923735878000116, -10.547223172999963, 0.0 ], [ 121.922907825000038, -10.546437950999973, 0.0 ], [ 121.922387308000111, -10.545859502999974, 0.0 ], [ 121.922108327000046, -10.545509961999926, 0.0 ], [ 121.921994112000107, -10.54511021199994, 0.0 ], [ 121.921965559000114, -10.544824675999962, 0.0 ], [ 121.921894175000034, -10.544539141999962, 0.0 ], [ 121.921769377000032, -10.544134206999956, 0.0 ], [ 121.921472002000087, -10.543922402999954, 0.0 ], [ 121.921432500000037, -10.543894267999974, 0.0 ], [ 121.920132992000049, -10.542968696999935, 0.0 ], [ 121.920081826000114, -10.542932253999936, 0.0 ], [ 121.919501085000093, -10.542601174999959, 0.0 ], [ 121.920638596000117, -10.53737352099995, 0.0 ], [ 121.920511506000025, -10.537092105999932, 0.0 ], [ 121.920446071000015, -10.536931491999951, 0.0 ], [ 121.920387041000026, -10.536570666999978, 0.0 ], [ 121.920408090000024, -10.536137029999963, 0.0 ], [ 121.92053390500007, -10.535444394999956, 0.0 ], [ 121.920709033000094, -10.535021321999977, 0.0 ], [ 121.920880354000019, -10.534750062999933, 0.0 ], [ 121.92108022900004, -10.534460958999944, 0.0 ], [ 121.921201581000105, -10.534261083999979, 0.0 ], [ 121.921276534000071, -10.534100470999931, 0.0 ], [ 121.921319365000045, -10.534014809999974, 0.0 ], [ 121.921415733000117, -10.533864903999927, 0.0 ], [ 121.921526378000067, -10.533643613999971, 0.0 ], [ 121.921594192000043, -10.533522261999963, 0.0 ], [ 121.921665576, -10.533418754999957, 0.0 ], [ 121.921715545000097, -10.533347370999934, 0.0 ], [ 121.921729822000088, -10.533286694999958, 0.0 ], [ 121.921733391000089, -10.533218879999936, 0.0 ], [ 121.92204748000006, -10.532490764999977, 0.0 ], [ 121.922321118000013, -10.531998216999966, 0.0 ], [ 121.922378225000102, -10.531872104999934, 0.0 ], [ 121.922578425000097, -10.531363532999933, 0.0 ], [ 121.922723526000027, -10.531288905999929, 0.0 ], [ 121.923178435000068, -10.531185179999966, 0.0 ], [ 121.92362314200011, -10.531234541999936, 0.0 ], [ 121.924821302000055, -10.531544860999929, 0.0 ], [ 121.925449497000045, -10.531671406999976, 0.0 ], [ 121.92624226800001, -10.531750657999964, 0.0 ], [ 121.926436155000033, -10.53161733099995, 0.0 ], [ 121.927250155000024, -10.531151143999978, 0.0 ], [ 121.92734178, -10.531096400999957, 0.0 ], [ 121.927367955000022, -10.53107022699993, 0.0 ], [ 121.927370334000102, -10.531029775999968, 0.0 ], [ 121.927269003000106, -10.530893750999951, 0.0 ], [ 121.927170459000081, -10.530803726999977, 0.0 ], [ 121.927151424000044, -10.530775173999928, 0.0 ], [ 121.927135624000016, -10.530710521999936, 0.0 ], [ 121.927117242, -10.530432920999942, 0.0 ], [ 121.927050868000038, -10.530049882999947, 0.0 ], [ 121.927013209000052, -10.529753076999953, 0.0 ], [ 121.926907721000021, -10.529494320999959, 0.0 ], [ 121.926830816, -10.529360076999978, 0.0 ], [ 121.926841215000081, -10.529149564999955, 0.0 ], [ 121.92684191100011, -10.52894859099996, 0.0 ], [ 121.926832604000083, -10.528843285999926, 0.0 ], [ 121.92673629, -10.528728115999968, 0.0 ], [ 121.92652402300007, -10.528583841999932, 0.0 ], [ 121.9263307330001, -10.528544905999979, 0.0 ], [ 121.926231126000062, -10.528509321999934, 0.0 ], [ 121.926176328000111, -10.52844867999994, 0.0 ], [ 121.926157152000087, -10.528400762999979, 0.0 ], [ 121.926032388000067, -10.528122801999928, 0.0 ], [ 121.925974726000049, -10.52801733299998, 0.0 ], [ 121.926013709000017, -10.52793133299997, 0.0 ], [ 121.926101245000041, -10.527788073999943, 0.0 ], [ 121.926218026000015, -10.527577922999967, 0.0 ], [ 121.926354182000068, -10.527358266999954, 0.0 ], [ 121.926402802000098, -10.527281869999968, 0.0 ], [ 121.926591836000057, -10.527152832999946, 0.0 ], [ 121.926895587000104, -10.526711234999937, 0.0 ], [ 121.927022933000103, -10.526473107999948, 0.0 ], [ 121.927051486000096, -10.526404103999937, 0.0 ], [ 121.927068142000053, -10.526311304999979, 0.0 ], [ 121.927066484000079, -10.526233297999966, 0.0 ], [ 121.927006276000043, -10.525768787999937, 0.0 ], [ 121.926965826000014, -10.525659332999965, 0.0 ], [ 121.926939652000101, -10.525576051999963, 0.0 ], [ 121.92692537500011, -10.525516564999975, 0.0 ], [ 121.926926633000107, -10.525487021999936, 0.0 ], [ 121.926920616000075, -10.525454698999965, 0.0 ], [ 121.926447766000024, -10.52540621199995, 0.0 ], [ 121.926419671000076, -10.525402919999976, 0.0 ], [ 121.925828143000103, -10.525372490999928, 0.0 ], [ 121.925586731000067, -10.525370013999975, 0.0 ], [ 121.9247600650001, -10.525509426999974, 0.0 ], [ 121.924562570000035, -10.525518944999931, 0.0 ], [ 121.924417423000023, -10.525495149999927, 0.0 ], [ 121.924272276000011, -10.525459457999943, 0.0 ], [ 121.924098575000016, -10.525390453999933, 0.0 ], [ 121.924001017000023, -10.525350002999971, 0.0 ], [ 121.923915357000055, -10.525316689999954, 0.0 ], [ 121.923829696000098, -10.525259582999979, 0.0 ], [ 121.923775796000086, -10.525226413999974, 0.0 ], [ 121.923515607000013, -10.525054949999969, 0.0 ], [ 121.923301341000069, -10.524974429999929, 0.0 ], [ 121.922804148000068, -10.524783690999982, 0.0 ], [ 121.922330636000083, -10.524643302999948, 0.0 ], [ 121.922015545000022, -10.52457547299997, 0.0 ], [ 121.921860921000075, -10.524555597999949, 0.0 ], [ 121.921303976000104, -10.524557453999932, 0.0 ], [ 121.920831575000079, -10.524593333999974, 0.0 ], [ 121.920684049000101, -10.52463854399997, 0.0 ], [ 121.920534142000065, -10.52470040999998, 0.0 ], [ 121.920458, -10.524736101999963, 0.0 ], [ 121.920348545000024, -10.524774172999969, 0.0 ], [ 121.920255746000066, -10.524776552999981, 0.0 ], [ 121.920165326000074, -10.524767034999968, 0.0 ], [ 121.920063009000046, -10.524750378999954, 0.0 ], [ 121.919877411000016, -10.524764654999956, 0.0 ], [ 121.91968229500003, -10.524843177999969, 0.0 ], [ 121.919546666000087, -10.524919319999981, 0.0 ], [ 121.919418175000033, -10.524976426999956, 0.0 ], [ 121.91927540800009, -10.525016877999974, 0.0 ], [ 121.919132640000043, -10.525009739999973, 0.0 ], [ 121.919025564000094, -10.524985944999969, 0.0 ], [ 121.918899453000108, -10.524947873999963, 0.0 ], [ 121.918801895000115, -10.524921699999936, 0.0 ], [ 121.918694819000052, -10.524897904999932, 0.0 ], [ 121.918573467000101, -10.524888386999976, 0.0 ], [ 121.918478288000074, -10.524883627999941, 0.0 ], [ 121.918297449000079, -10.524902663999967, 0.0 ], [ 121.918080918000101, -10.524924078999959, 0.0 ], [ 121.917873905000079, -10.524985944999969, 0.0 ], [ 121.917733517000102, -10.52502639599993, 0.0 ], [ 121.917593129000011, -10.525085882999974, 0.0 ], [ 121.917483673000106, -10.525147748999927, 0.0 ], [ 121.917443632000072, -10.525173202999952, 0.0 ], [ 121.917260004000013, -10.525338104999946, 0.0 ], [ 121.917193379000082, -10.525383314999942, 0.0 ], [ 121.917119616000036, -10.52542376599996, 0.0 ], [ 121.916972089000069, -10.52544280199993, 0.0 ], [ 121.916876911000031, -10.525452319999943, 0.0 ], [ 121.91680076800003, -10.525452319999943, 0.0 ], [ 121.916700831000071, -10.525480872999935, 0.0 ], [ 121.916487024000048, -10.525607186999935, 0.0 ], [ 121.916191626000114, -10.525861586999952, 0.0 ], [ 121.915929885000082, -10.52613284499995, 0.0 ], [ 121.915698393000071, -10.52637668999995, 0.0 ], [ 121.915627694000023, -10.526461210999969, 0.0 ], [ 121.915593430000058, -10.52648405399998, 0.0 ], [ 121.915478145000066, -10.526507725999977, 0.0 ], [ 121.915332165000109, -10.526539732999936, 0.0 ], [ 121.91511373000003, -10.526635387999931, 0.0 ], [ 121.914712553000072, -10.526813846999971, 0.0 ], [ 121.914498348000052, -10.526898532999951, 0.0 ], [ 121.914329936000058, -10.526909501999967, 0.0 ], [ 121.914192879000097, -10.526908073999948, 0.0 ], [ 121.913807406000046, -10.526873809999927, 0.0 ], [ 121.913521871000057, -10.526833834999934, 0.0 ], [ 121.913383386000078, -10.526816702999952, 0.0 ], [ 121.913243474000069, -10.526755311999977, 0.0 ], [ 121.913110700000061, -10.526673934999963, 0.0 ], [ 121.913450241000078, -10.526395797999953, 0.0 ], [ 121.914331435, -10.525733947999981, 0.0 ], [ 121.914514542, -10.525562285999968, 0.0 ], [ 121.914880753000034, -10.525260924999941, 0.0 ], [ 121.915159224000035, -10.524917602999949, 0.0 ], [ 121.915320005000012, -10.524727791999965, 0.0 ], [ 121.915433341000039, -10.524593992999939, 0.0 ], [ 121.915433884000095, -10.524593352999943, 0.0 ], [ 121.916328007000061, -10.523472916999935, 0.0 ], [ 121.916352913000082, -10.523441706999961, 0.0 ], [ 121.916352796000069, -10.523441724999941, 0.0 ], [ 121.916405188000113, -10.523350239999957, 0.0 ], [ 121.916421882, -10.523321092999936, 0.0 ], [ 121.916422, -10.523320886999954, 0.0 ], [ 121.916793445000053, -10.522801425999944, 0.0 ], [ 121.91679557100008, -10.522800665999966, 0.0 ], [ 121.916795731000093, -10.522800445999962, 0.0 ], [ 121.917094951000081, -10.52225954499994, 0.0 ], [ 121.917143070000066, -10.522173063999958, 0.0 ], [ 121.917240913000114, -10.522011344999953, 0.0 ], [ 121.917321742000013, -10.521878133999962, 0.0 ], [ 121.917825699000105, -10.521047591999945, 0.0 ], [ 121.918207038000105, -10.520595704999948, 0.0 ], [ 121.918207169000084, -10.520595550999928, 0.0 ], [ 121.918336867000107, -10.520408629999963, 0.0 ], [ 121.918622970000115, -10.519840239999951, 0.0 ], [ 121.918867110000065, -10.519376754999939, 0.0 ], [ 121.919137545000012, -10.518773038999939, 0.0 ], [ 121.91913795500011, -10.518772124999941, 0.0 ], [ 121.919348077000109, -10.518520982999974, 0.0 ], [ 121.920095444000026, -10.517627715999936, 0.0 ], [ 121.920167923, -10.516633986999977, 0.0 ], [ 121.920183182000073, -10.516254424999943, 0.0 ], [ 121.920711170000118, -10.515996020999978, 0.0 ], [ 121.920552457000099, -10.515671669999961, 0.0 ], [ 121.920539102000021, -10.515639918999966, 0.0 ], [ 121.920387044000108, -10.515278295999963, 0.0 ], [ 121.920170100000064, -10.514541106999957, 0.0 ], [ 121.919807800000058, -10.513676833999966, 0.0 ], [ 121.919667513000036, -10.51334217699997, 0.0 ], [ 121.919285797000043, -10.512430424999934, 0.0 ], [ 121.918776358000059, -10.511037672999976, 0.0 ], [ 121.918337169000097, -10.50990726699996, 0.0 ], [ 121.918249868000089, -10.509684567999955, 0.0 ], [ 121.917923101000042, -10.508850913999936, 0.0 ], [ 121.917796171000077, -10.508527082999933, 0.0 ], [ 121.917732304000083, -10.508400255999959, 0.0 ], [ 121.91719252900009, -10.507328388999952, 0.0 ], [ 121.917184722000115, -10.507296777999954, 0.0 ], [ 121.917102967000119, -10.506965376999972, 0.0 ], [ 121.916835205000098, -10.505880048999927, 0.0 ], [ 121.916706421000072, -10.505591375999927, 0.0 ], [ 121.916408485000034, -10.50492354599993, 0.0 ], [ 121.916236046000108, -10.504286327999978, 0.0 ], [ 121.9161869080001, -10.504032542999937, 0.0 ], [ 121.916107801000067, -10.503623952999931, 0.0 ], [ 121.916012279000029, -10.502954178999971, 0.0 ], [ 121.915998171000069, -10.502855255999975, 0.0 ], [ 121.915942786000073, -10.50281956699996, 0.0 ], [ 121.915749432000098, -10.502604807999944, 0.0 ], [ 121.915694263000091, -10.502480205999973, 0.0 ], [ 121.91570941000009, -10.502296028999979, 0.0 ], [ 121.915753326000072, -10.502181335999978, 0.0 ], [ 121.915854069000034, -10.501993972999969, 0.0 ], [ 121.915824610000072, -10.501817889999927, 0.0 ], [ 121.915670645000091, -10.501005548999956, 0.0 ], [ 121.915399494000098, -10.500035579999974, 0.0 ], [ 121.915389570000116, -10.500000076999982, 0.0 ], [ 121.915359798000054, -10.499897922999935, 0.0 ], [ 121.915331579000053, -10.499749956999949, 0.0 ], [ 121.91530904800004, -10.499619047999943, 0.0 ], [ 121.915293920000067, -10.499526971999956, 0.0 ], [ 121.91529248900008, -10.499419858999943, 0.0 ], [ 121.91529864000006, -10.499306113999978, 0.0 ], [ 121.915322361000108, -10.499101423999946, 0.0 ], [ 121.915288864000104, -10.498816857999941, 0.0 ], [ 121.915225953000117, -10.49829011199995, 0.0 ], [ 121.915181749000112, -10.498133331999952, 0.0 ], [ 121.91513945600002, -10.497983298999941, 0.0 ], [ 121.915066360000083, -10.49755780199996, 0.0 ], [ 121.915006728000094, -10.496994861999951, 0.0 ], [ 121.91498251400003, -10.496825963999981, 0.0 ], [ 121.914883853000106, -10.496444076999978, 0.0 ], [ 121.914754204000019, -10.495968235999953, 0.0 ], [ 121.914731839000069, -10.495655094999961, 0.0 ], [ 121.914601362000099, -10.495167203999927, 0.0 ], [ 121.914538594000078, -10.49475278999995, 0.0 ], [ 121.914625173000104, -10.494392267999956, 0.0 ], [ 121.914590189000023, -10.494196312999975, 0.0 ], [ 121.914521457000092, -10.493810333999932, 0.0 ], [ 121.914397983000072, -10.493353264999939, 0.0 ], [ 121.914388886000097, -10.493061836999971, 0.0 ], [ 121.914381888000094, -10.492903145999946, 0.0 ], [ 121.914351744000101, -10.491824359999953, 0.0 ], [ 121.914347205000013, -10.491746681999928, 0.0 ], [ 121.914344514000049, -10.491667547999953, 0.0 ], [ 121.914354771000035, -10.491184045999944, 0.0 ], [ 121.914363454000068, -10.490802830999939, 0.0 ], [ 121.914417456000024, -10.490253111999948, 0.0 ], [ 121.914473432000023, -10.489905060999945, 0.0 ], [ 121.91448171400009, -10.489853539999956, 0.0 ], [ 121.914489766000088, -10.489803489999929, 0.0 ], [ 121.914537332, -10.489272482999979, 0.0 ], [ 121.914548981000053, -10.489118948999931, 0.0 ], [ 121.914551080000024, -10.489091296999959, 0.0 ], [ 121.914559458000099, -10.488760083999978, 0.0 ], [ 121.914541173000089, -10.48848951399998, 0.0 ], [ 121.914564451000047, -10.487966238999945, 0.0 ], [ 121.91457876700008, -10.487697577999938, 0.0 ], [ 121.914593550000063, -10.487353894999956, 0.0 ], [ 121.914653208000118, -10.486904201999948, 0.0 ], [ 121.914668536000022, -10.486769208999931, 0.0 ], [ 121.914700013000015, -10.486491956999942, 0.0 ], [ 121.914796763000027, -10.486167526999964, 0.0 ], [ 121.914906881000093, -10.485730645999979, 0.0 ], [ 121.915023080000083, -10.485331332999976, 0.0 ], [ 121.915178328000025, -10.484744735999982, 0.0 ], [ 121.915204799000094, -10.484544859999971, 0.0 ], [ 121.915258961000063, -10.484330253999929, 0.0 ], [ 121.915295473000015, -10.484189138999966, 0.0 ], [ 121.915365507000047, -10.483894795999959, 0.0 ], [ 121.915418736000106, -10.483671111999968, 0.0 ], [ 121.91559845200004, -10.483209668999962, 0.0 ], [ 121.915753362000032, -10.482679294999969, 0.0 ], [ 121.915868567000075, -10.482436228999973, 0.0 ], [ 121.915881366, -10.482390778999957, 0.0 ], [ 121.916047825000078, -10.482049797999935, 0.0 ], [ 121.916170348000037, -10.481644264999943, 0.0 ], [ 121.916292359000067, -10.481332485999928, 0.0 ], [ 121.916395943000111, -10.481078165999975, 0.0 ], [ 121.916465487000096, -10.480908512999974, 0.0 ], [ 121.916626609000105, -10.48039070699997, 0.0 ], [ 121.916664712000056, -10.480359676999967, 0.0 ], [ 121.916709860000083, -10.480209941999931, 0.0 ], [ 121.916889299000104, -10.479792231999966, 0.0 ], [ 121.916997717000072, -10.47953051099995, 0.0 ], [ 121.917075263000015, -10.47934332799997, 0.0 ], [ 121.917344831000037, -10.478657425999927, 0.0 ], [ 121.917480579000085, -10.478158199999939, 0.0 ], [ 121.917538150000041, -10.478014303999942, 0.0 ], [ 121.917570389000048, -10.477933732999929, 0.0 ], [ 121.917870265000033, -10.477448046999939, 0.0 ], [ 121.918042919000072, -10.477105297999969, 0.0 ], [ 121.918279392000045, -10.476656694999974, 0.0 ], [ 121.918485422000117, -10.476026671999932, 0.0 ], [ 121.919002645000091, -10.475123483999937, 0.0 ], [ 121.919028018000063, -10.47510489299998, 0.0 ], [ 121.919117387000028, -10.474955418999969, 0.0 ], [ 121.919271929000047, -10.474681824999948, 0.0 ], [ 121.919289795000054, -10.474650207999957, 0.0 ], [ 121.919475208000108, -10.474288796999929, 0.0 ], [ 121.919632502000013, -10.473960476999935, 0.0 ], [ 121.919654355000034, -10.473914862999948, 0.0 ], [ 121.919822858000089, -10.473222076999946, 0.0 ], [ 121.919887163000112, -10.472940147999964, 0.0 ], [ 121.919926796000027, -10.472766419999971, 0.0 ], [ 121.920043817000078, -10.472131212999955, 0.0 ], [ 121.920051017000105, -10.472092114999953, 0.0 ], [ 121.920161922000034, -10.47152398399993, 0.0 ], [ 121.920195425000088, -10.471217920999948, 0.0 ], [ 121.920210079000071, -10.470892950999939, 0.0 ], [ 121.920198861000017, -10.47071465199997, 0.0 ], [ 121.920181355000068, -10.470436482999958, 0.0 ], [ 121.92011423800011, -10.470061046999945, 0.0 ], [ 121.920029266000029, -10.469510483999954, 0.0 ], [ 121.919937050000044, -10.469109859999946, 0.0 ], [ 121.919900017000032, -10.468967521999957, 0.0 ], [ 121.919615986000053, -10.469155107999939, 0.0 ], [ 121.919232609000119, -10.469899278999947, 0.0 ], [ 121.918960611000102, -10.470262027999979, 0.0 ], [ 121.918591389000085, -10.470777570999928, 0.0 ], [ 121.917845632000081, -10.471476461999941, 0.0 ], [ 121.917579140000043, -10.471495695999977, 0.0 ], [ 121.917355768000107, -10.471513379999976, 0.0 ], [ 121.917139415000065, -10.471510923999972, 0.0 ], [ 121.917030912000087, -10.471531863999928, 0.0 ], [ 121.916562634000115, -10.471674630999928, 0.0 ], [ 121.916408445000116, -10.471676534999972, 0.0 ], [ 121.916313266000088, -10.471676534999972, 0.0 ], [ 121.916282809000109, -10.471689859999969, 0.0 ], [ 121.91618053000002, -10.471754252999972, 0.0 ], [ 121.916102619000071, -10.471773971999937, 0.0 ], [ 121.915998926000043, -10.471782412999971, 0.0 ], [ 121.915948013000047, -10.471825305999971, 0.0 ], [ 121.915915204000044, -10.471875438999973, 0.0 ], [ 121.915631455000039, -10.471953736999978, 0.0 ], [ 121.915068332000033, -10.47216384799998, 0.0 ], [ 121.914732217000051, -10.472326540999973, 0.0 ], [ 121.914568343000042, -10.472337403999973, 0.0 ], [ 121.914376091, -10.472358281999959, 0.0 ], [ 121.914107644000069, -10.47239325399994, 0.0 ], [ 121.913789134000012, -10.472468418999938, 0.0 ], [ 121.913583549, -10.472563597999965, 0.0 ], [ 121.913441305000106, -10.472628722999957, 0.0 ], [ 121.913316416000043, -10.472609476999935, 0.0 ], [ 121.913168571000028, -10.472563597999965, 0.0 ], [ 121.913096235000012, -10.472538850999968, 0.0 ], [ 121.913056260000076, -10.472453190999943, 0.0 ], [ 121.912991539000018, -10.472281869999961, 0.0 ], [ 121.912961082000038, -10.472154330999956, 0.0 ], [ 121.912947757000097, -10.472078187999955, 0.0 ], [ 121.912881132000052, -10.471935419999966, 0.0 ], [ 121.91288303500005, -10.471436684999958, 0.0 ], [ 121.912844964000101, -10.470652414999961, 0.0 ], [ 121.912885580000079, -10.469936460999975, 0.0 ], [ 121.912877236000099, -10.469611277999945, 0.0 ], [ 121.912778548, -10.468796268999938, 0.0 ], [ 121.912772871000016, -10.468769020999957, 0.0 ], [ 121.912709811000013, -10.468356710999956, 0.0 ], [ 121.912671739000075, -10.468238689999964, 0.0 ], [ 121.912529771000095, -10.468042955999977, 0.0 ], [ 121.912310820000016, -10.467799062999973, 0.0 ], [ 121.911594319000073, -10.467060379999964, 0.0 ], [ 121.911428709, -10.466881444999956, 0.0 ], [ 121.911245966000024, -10.466742483999951, 0.0 ], [ 121.911160306000056, -10.466616848999934, 0.0 ], [ 121.911112716000048, -10.466335120999929, 0.0 ], [ 121.911068934000014, -10.466144763999978, 0.0 ], [ 121.911030863000065, -10.466091463999931, 0.0 ], [ 121.91090332400006, -10.465925852999931, 0.0 ], [ 121.910882385000036, -10.465834481999934, 0.0 ], [ 121.910804338000048, -10.465567982999971, 0.0 ], [ 121.910764363000112, -10.465429021999967, 0.0 ], [ 121.910714870000106, -10.46533765099997, 0.0 ], [ 121.910667281000087, -10.465248182999972, 0.0 ], [ 121.910664427000029, -10.465187513999979, 0.0 ], [ 121.910697738000067, -10.464288783999962, 0.0 ], [ 121.91071446400008, -10.464211059999968, 0.0 ], [ 121.910741665000046, -10.464005803999953, 0.0 ], [ 121.910824946000048, -10.463924902999963, 0.0 ], [ 121.910926536000034, -10.46386758999995, 0.0 ], [ 121.911012010000036, -10.46380189599995, 0.0 ], [ 121.911116224000011, -10.463683602999936, 0.0 ], [ 121.911501729000065, -10.463188083999967, 0.0 ], [ 121.911699100000078, -10.462900828999977, 0.0 ], [ 121.911874609000051, -10.462480335999942, 0.0 ], [ 121.911895314000049, -10.462088023999968, 0.0 ], [ 121.909450479000043, -10.461813253999935, 0.0 ], [ 121.908121502000085, -10.461665149999931, 0.0 ], [ 121.90701609000007, -10.461019453999938, 0.0 ], [ 121.906723757, -10.460629657999959, 0.0 ], [ 121.906639573, -10.460396732999982, 0.0 ], [ 121.906675266000093, -10.46003981299998, 0.0 ], [ 121.906996493000065, -10.459682893999968, 0.0 ], [ 121.907317720000037, -10.459004747999927, 0.0 ], [ 121.908067251000034, -10.458183833999954, 0.0 ], [ 121.909923230000118, -10.455328480999981, 0.0 ], [ 121.910958296000103, -10.453365425999948, 0.0 ], [ 121.911529366000082, -10.452366051999945, 0.0 ], [ 121.912100437000049, -10.451366677999943, 0.0 ], [ 121.912828706000028, -10.450464957999941, 0.0 ], [ 121.912806366000041, -10.450381663999963, 0.0 ], [ 121.912761390000014, -10.450213944999973, 0.0 ], [ 121.912719114000083, -10.449907420999978, 0.0 ], [ 121.912645735000069, -10.449519425999938, 0.0 ], [ 121.912602727000035, -10.449383307999938, 0.0 ], [ 121.912311393000095, -10.448461018999978, 0.0 ], [ 121.912175801000103, -10.447928894999961, 0.0 ], [ 121.912121395000099, -10.447541018999971, 0.0 ], [ 121.91196023100008, -10.447058736999963, 0.0 ], [ 121.911837203000118, -10.446545424999954, 0.0 ], [ 121.911777882000024, -10.445938074999958, 0.0 ], [ 121.911783581, -10.445692893999933, 0.0 ], [ 121.911651422000091, -10.445327912999971, 0.0 ], [ 121.911386021000112, -10.444872118999967, 0.0 ], [ 121.911214666000092, -10.444603990999951, 0.0 ], [ 121.910905319000108, -10.444499447999931, 0.0 ], [ 121.91093752900008, -10.444453406999969, 0.0 ], [ 121.911007827000049, -10.444121264999978, 0.0 ], [ 121.910981586000048, -10.443599977999952, 0.0 ], [ 121.910940943000014, -10.443367981999927, 0.0 ], [ 121.910824275000095, -10.443049231999964, 0.0 ], [ 121.910776010000063, -10.442835276999972, 0.0 ], [ 121.910693327000104, -10.442656733999968, 0.0 ], [ 121.910531327000058, -10.442305733999945, 0.0 ], [ 121.910458201000097, -10.441886486999977, 0.0 ], [ 121.910334980000016, -10.441391925999937, 0.0 ], [ 121.910250080000083, -10.440835111999945, 0.0 ], [ 121.910248643000045, -10.440584331999958, 0.0 ], [ 121.910247082000069, -10.440310013999976, 0.0 ], [ 121.910276043000067, -10.43971639199998, 0.0 ], [ 121.910287930000095, -10.439588470999979, 0.0 ], [ 121.910290951000093, -10.439555987999938, 0.0 ], [ 121.910316677000083, -10.439279114999977, 0.0 ], [ 121.910306456000058, -10.43889151999997, 0.0 ], [ 121.910327830000028, -10.438510328999939, 0.0 ], [ 121.910311424000042, -10.438103951999949, 0.0 ], [ 121.91031939100003, -10.437841471999945, 0.0 ], [ 121.910411139000075, -10.437304483999981, 0.0 ], [ 121.910445235000111, -10.436904603999949, 0.0 ], [ 121.910524271000099, -10.436386332999973, 0.0 ], [ 121.910514615000011, -10.435911233999946, 0.0 ], [ 121.910586331000104, -10.435555391999969, 0.0 ], [ 121.910646202000066, -10.435068204999936, 0.0 ], [ 121.910679182000081, -10.434843396999952, 0.0 ], [ 121.910770329000115, -10.43440639399995, 0.0 ], [ 121.91077283300001, -10.434006358999966, 0.0 ], [ 121.910787114000073, -10.433743956999933, 0.0 ], [ 121.910859208000034, -10.433319333999975, 0.0 ], [ 121.910876031000043, -10.433113646999971, 0.0 ], [ 121.910893422000072, -10.432900767999968, 0.0 ], [ 121.911003766000022, -10.432420141999955, 0.0 ], [ 121.911026173000096, -10.43187020299996, 0.0 ], [ 121.91102089200001, -10.431707674999927, 0.0 ], [ 121.911030764000088, -10.431138923999981, 0.0 ], [ 121.91102129300009, -10.43099516999996, 0.0 ], [ 121.910996146000116, -10.430613662999974, 0.0 ], [ 121.911023266000029, -10.430320051999956, 0.0 ], [ 121.911026145000051, -10.429857514999981, 0.0 ], [ 121.911135859000069, -10.429549406999968, 0.0 ], [ 121.911148299000047, -10.429514483999981, 0.0 ], [ 121.91118133100008, -10.429277174999982, 0.0 ], [ 121.911246764000111, -10.428908763999971, 0.0 ], [ 121.911260762000097, -10.428740782999967, 0.0 ], [ 121.911301420000086, -10.42825279799996, 0.0 ], [ 121.911304107000092, -10.427821521999931, 0.0 ], [ 121.911338458000046, -10.427521832999957, 0.0 ], [ 121.911364235000065, -10.427296832999957, 0.0 ], [ 121.911366262000115, -10.426971828999967, 0.0 ], [ 121.911413175, -10.426540795999927, 0.0 ], [ 121.911460826000052, -10.425991043999943, 0.0 ], [ 121.911535026000024, -10.425228925999932, 0.0 ], [ 121.91152557800001, -10.424722547999977, 0.0 ], [ 121.911563521000062, -10.424716546999946, 0.0 ], [ 121.911587305000012, -10.423941606999961, 0.0 ], [ 121.911546489000102, -10.423403795999945, 0.0 ], [ 121.91159360600011, -10.42293529799997, 0.0 ], [ 121.911602077000111, -10.422591582999928, 0.0 ], [ 121.911604265000051, -10.422241550999956, 0.0 ], [ 121.911642381000092, -10.422056288999954, 0.0 ], [ 121.91171458000008, -10.421767164999949, 0.0 ], [ 121.911781517, -10.421161271999949, 0.0 ], [ 121.911790816, -10.420686301999979, 0.0 ], [ 121.911795152000082, -10.419992485999956, 0.0 ], [ 121.911818356000026, -10.419311327999935, 0.0 ], [ 121.91182406900009, -10.419244685999956, 0.0 ], [ 121.91184067100005, -10.419051174999936, 0.005099999994854 ], [ 121.91377895200003, -10.419440228999974, 0.010099999999511 ], [ 121.915997415000106, -10.41989121499995, 0.010099999999511 ], [ 121.916916272000094, -10.420088755999927, 0.010099999999511 ], [ 121.917636364000032, -10.420253803999969, 0.010099999999511 ], [ 121.918015023000066, -10.420328968999968, 0.010099999999511 ], [ 121.919192832000022, -10.420608578999975, 0.010099999999511 ], [ 121.919697410000026, -10.420683064999935, 0.010099999999511 ], [ 121.920046061000107, -10.420742125999936, 0.010099999999511 ], [ 121.920857768000019, -10.420886743999972, 0.010099999999511 ], [ 121.921230514000058, -10.420940698999971, 0.010099999999511 ], [ 121.921732724000094, -10.42097264399996, 0.010099999999511 ], [ 121.922889958000042, -10.421111522999979, 0.010099999999511 ], [ 121.923369925000088, -10.421227830999953, 0.010099999999511 ], [ 121.923797882000031, -10.421346953999944, 0.010099999999511 ], [ 121.925977632000013, -10.421965013999966, 0.010099999999511 ], [ 121.926623914000061, -10.422134869999979, 0.005099999994854 ], [ 121.928772860000095, -10.42287190899998, 0.010099999999511 ], [ 121.92929889800007, -10.423038718999976, 0.010099999999511 ], [ 121.929710524000029, -10.423180827999943, 0.010099999999511 ], [ 121.930315896000025, -10.423410858999944, 0.010099999999511 ], [ 121.930489024000053, -10.423471422999967, 0.010099999999511 ], [ 121.930518786000107, -10.423477902999934, 0.010099999999511 ], [ 121.930564225000012, -10.42349577799996, 0.010099999999511 ], [ 121.931050195000012, -10.423708045999945, 0.010099999999511 ], [ 121.931741199000044, -10.423984474999941, 0.010099999999511 ], [ 121.933153015000016, -10.424542771999938, 0.010099999999511 ], [ 121.933683636000069, -10.42481287399994, 0.010099999999511 ], [ 121.934011830000031, -10.42487979699996, 0.010099999999511 ], [ 121.935293342000023, -10.425125970999943, 0.010099999999511 ], [ 121.937265567000054, -10.425768611999956, 0.010099999999511 ], [ 121.937613226000053, -10.425861254999973, 0.010099999999511 ], [ 121.937673666000023, -10.42588829999994, 0.010099999999511 ], [ 121.938630039000032, -10.426288669999963, 0.010099999999511 ], [ 121.939874172000032, -10.426894671999946, 0.010099999999511 ], [ 121.940438443000062, -10.427200794999976, 0.010099999999511 ], [ 121.940717552000024, -10.427358193999964, 0.010099999999511 ], [ 121.940942546000088, -10.427501671999948, 0.010099999999511 ], [ 121.941345033000061, -10.427758327999982, 0.010099999999511 ], [ 121.941497281000011, -10.42782901299995, 0.010099999999511 ], [ 121.941748086000075, -10.427891560999967, 0.010099999999511 ], [ 121.94277501900001, -10.427968795999959, 0.010099999999511 ], [ 121.943087419000108, -10.42808279999997, 0.010099999999511 ], [ 121.943489501000045, -10.42831068199996, 0.010099999999511 ], [ 121.944320795000067, -10.428943500999935, 0.010099999999511 ], [ 121.944600612000045, -10.429180644999974, 0.010099999999511 ], [ 121.944816449000086, -10.429330275999973, 0.010099999999511 ], [ 121.945932156000026, -10.430007115999956, 0.010099999999511 ], [ 121.946155495000085, -10.430048836999958, 0.010099999999511 ], [ 121.946527551000031, -10.430107909999947, 0.010099999999511 ], [ 121.946688072000029, -10.430228113999931, 0.010099999999511 ], [ 121.94681189500011, -10.430276283999945, 0.010099999999511 ], [ 121.947279410000078, -10.430375580999964, 0.010099999999511 ], [ 121.947626211000056, -10.430578644999969, 0.010099999999511 ], [ 121.947881736000113, -10.430797233999954, 0.010099999999511 ], [ 121.948069069000098, -10.430903366999928, 0.010099999999511 ], [ 121.948484902000018, -10.431049800999972, 0.010099999999511 ], [ 121.949115334000112, -10.431375842999955, 0.010099999999511 ], [ 121.949529055000085, -10.431563928999935, 0.010099999999511 ], [ 121.950507327000082, -10.432298566999975, 0.010099999999511 ], [ 121.951009110000086, -10.432549490999975, 0.010099999999511 ], [ 121.951211100000023, -10.432659735999948, 0.010099999999511 ], [ 121.951439526000058, -10.432786652999937, 0.010099999999511 ], [ 121.951536884, -10.432869060999963, 0.010099999999511 ], [ 121.951897987000052, -10.433102234999978, 0.010099999999511 ], [ 121.952183485000091, -10.433313593999969, 0.010099999999511 ], [ 121.952461310000103, -10.433500536999929, 0.010099999999511 ], [ 121.952893612000025, -10.433817911999938, 0.010099999999511 ], [ 121.953427927, -10.434331422999946, 0.010099999999511 ], [ 121.953617096000016, -10.434485719999941, 0.010099999999511 ], [ 121.954035738000016, -10.434809984999958, 0.010099999999511 ], [ 121.95513108900002, -10.435877665999953, 0.010099999999511 ], [ 121.955269172000044, -10.43603264799998, 0.010099999999511 ], [ 121.955723607000095, -10.436542624999959, 0.010099999999511 ], [ 121.956325708, -10.437120172999926, 0.010099999999511 ], [ 121.956871233000015, -10.43753242899993, 0.010099999999511 ], [ 121.957583519000082, -10.437607175999972, 0.010099999999511 ], [ 121.957725976, -10.437699184999929, 0.010099999999511 ], [ 121.957855367000093, -10.437888639999926, 0.010099999999511 ], [ 121.957879645000048, -10.438098669999931, 0.010099999999511 ], [ 121.957958221000013, -10.438170172999946, 0.010099999999511 ], [ 121.958252745000095, -10.438288873999966, 0.010099999999511 ], [ 121.958283036000012, -10.438364736999972, 0.002600000007078 ], [ 121.958310840000081, -10.438434554999958, 0.010099999999511 ], [ 121.95836779900003, -10.438542119999966, 0.010099999999511 ], [ 121.958867039000097, -10.439005883999926, 0.010099999999511 ], [ 121.959232084000064, -10.439171501999965, 0.010099999999511 ], [ 121.95990727100002, -10.439480483999944, 0.010099999999511 ], [ 121.960259462000067, -10.439627113999961, 0.010099999999511 ], [ 121.960403679000024, -10.439688133999937, 0.010099999999511 ], [ 121.960853713, -10.439969971999972, 0.010099999999511 ], [ 121.96129862500004, -10.440165831999934, 0.010099999999511 ], [ 121.961748608000107, -10.440342113999975, 0.010099999999511 ], [ 121.962120713000104, -10.440509706999933, 0.010099999999511 ], [ 121.96258160900004, -10.440693402999955, 0.010099999999511 ], [ 121.962953255000116, -10.440861464999955, 0.010099999999511 ], [ 121.96319341200001, -10.44096374399993, 0.010099999999511 ], [ 121.96475207900005, -10.441514869999935, 0.010099999999511 ], [ 121.965236616000084, -10.44161696599997, 0.010099999999511 ], [ 121.965868621000027, -10.44177117299995, 0.010099999999511 ], [ 121.96730909200005, -10.442080580999971, 0.010099999999511 ], [ 121.967726045000063, -10.442153332999965, 0.010099999999511 ], [ 121.968023525000035, -10.442209307999974, 0.010099999999511 ], [ 121.969726583000011, -10.442576232999954, 0.010099999999511 ], [ 121.970493450000049, -10.442714550999938, 0.010099999999511 ], [ 121.970772476000093, -10.442659176999939, 0.010099999999511 ], [ 121.971655704000113, -10.442378212999927, 0.010099999999511 ], [ 121.971916196000052, -10.442394358999934, 0.010099999999511 ], [ 121.972329028000104, -10.442434271999957, 0.005099999994854 ], [ 121.969338912000012, -10.451805843999978, 0.0 ], [ 121.967789384000071, -10.457169486999931, 0.0 ], [ 121.967499278000105, -10.460160506999955, 0.0 ], [ 121.967194844000119, -10.462173762999953, 0.0 ], [ 121.967119370000091, -10.46220472899995, 0.0 ], [ 121.96701720100009, -10.462226842999939, 0.0 ], [ 121.966928685000084, -10.462226842999939, 0.0 ], [ 121.966764502000046, -10.462225414999978, 0.0 ], [ 121.966541856000049, -10.462231482999925, 0.0 ], [ 121.966522892000057, -10.462235275999944, 0.0 ], [ 121.966417577000016, -10.462245401999951, 0.0 ], [ 121.966251966000073, -10.46223398099994, 0.0 ], [ 121.966126331000055, -10.462202571999967, 0.0 ], [ 121.966066368000043, -10.462206854999977, 0.0 ], [ 121.966003551000085, -10.462221131999968, 0.0 ], [ 121.965953582000111, -10.462252540999941, 0.0 ], [ 121.96591503500008, -10.462299653999935, 0.0 ], [ 121.965856642000062, -10.462389940999969, 0.0 ], [ 121.965683178000063, -10.462643202999971, 0.0 ], [ 121.965640921000045, -10.462725101999979, 0.0 ], [ 121.965609512000015, -10.462835032999976, 0.0 ], [ 121.965602373000024, -10.463022057999979, 0.0 ], [ 121.965600850000101, -10.463270340999941, 0.0 ], [ 121.965595235000023, -10.463406102999954, 0.0 ], [ 121.965589524000052, -10.463546015999952, 0.0 ], [ 121.965553832000069, -10.463684499999943, 0.0 ], [ 121.965503864000084, -10.463851537999972, 0.0 ], [ 121.965451040000062, -10.463990022999951, 0.0 ], [ 121.965355385000066, -10.46414563999997, 0.0 ], [ 121.965261777000023, -10.464281611999979, 0.0 ], [ 121.965188347000094, -10.464435457999969, 0.0 ], [ 121.965176926000026, -10.464479715999971, 0.0 ], [ 121.965175498, -10.464526829999954, 0.0 ], [ 121.965195453000092, -10.464691134999953, 0.0 ], [ 121.965211190000105, -10.464854718999959, 0.0 ], [ 121.965232605000097, -10.464947517999974, 0.0 ], [ 121.965246882000088, -10.46501890199994, 0.0 ], [ 121.965239744000087, -10.465099803999976, 0.0 ], [ 121.965227846000062, -10.465237811999941, 0.0 ], [ 121.965201672000035, -10.465401994999979, 0.0 ], [ 121.965189280000118, -10.465658970999925, 0.0 ], [ 121.965182065000022, -10.466258051999944, 0.0 ], [ 121.965223706000074, -10.466421639999965, 0.0 ], [ 121.965265346000024, -10.466546560999973, 0.0 ], [ 121.965298063000091, -10.466671482999971, 0.0 ], [ 121.965298063000091, -10.466778558999977, 0.0 ], [ 121.965298063000091, -10.466858865999939, 0.0 ], [ 121.965256423000028, -10.466930249999962, 0.0 ], [ 121.965185039000062, -10.467075991999934, 0.0 ], [ 121.965051036000091, -10.467292165999936, 0.0 ], [ 121.966704457000105, -10.470166526999947, 0.0 ], [ 121.967042191000019, -10.470942258999969, 0.0 ], [ 121.96770488300001, -10.471960985999942, 0.0 ], [ 121.967828614000041, -10.472246521999978, 0.0 ], [ 121.967904757000042, -10.472455914999955, 0.0 ], [ 121.968066561000114, -10.472693860999925, 0.0 ], [ 121.968171257000108, -10.472969877999958, 0.0 ], [ 121.968256918000066, -10.473188787999959, 0.0 ], [ 121.968237882000039, -10.473407698999949, 0.0 ], [ 121.968204932000049, -10.47361292599993, 0.0 ], [ 121.968020658000114, -10.473395900999947, 0.0 ], [ 121.967993888000024, -10.473351285999968, 0.0 ], [ 121.96796414500011, -10.473262055999953, 0.0 ], [ 121.967937376, -10.473202569999955, 0.0 ], [ 121.967868966000083, -10.473131185999932, 0.0 ], [ 121.967806506000102, -10.473107390999928, 0.0 ], [ 121.967758916000093, -10.473101442999962, 0.0 ], [ 121.967699430000039, -10.473065749999932, 0.0 ], [ 121.967648866000104, -10.472967596999979, 0.0 ], [ 121.967554666000069, -10.472799467999948, 0.0 ], [ 121.967435693000084, -10.472585315999936, 0.0 ], [ 121.967257233000055, -10.472454445999972, 0.0 ], [ 121.967007390000049, -10.472299780999947, 0.0 ], [ 121.966894475000117, -10.472243323999976, 0.0 ], [ 121.964835954000023, -10.477766827999972, 0.0 ], [ 121.964742945000012, -10.47810153599994, 0.0 ], [ 121.964480955000113, -10.479281291999939, 0.0 ], [ 121.964143610000065, -10.480837304999966, 0.0 ], [ 121.963688058000116, -10.482696241999975, 0.0 ], [ 121.962578363000034, -10.48558873199994, 0.0 ], [ 121.961546332000012, -10.488070332999939, 0.0 ], [ 121.960721136000075, -10.489087396999935, 0.0 ], [ 121.959451319000095, -10.490816529999961, 0.0 ], [ 121.959183046000021, -10.491350270999931, 0.0 ], [ 121.958429735000095, -10.492664638999941, 0.0 ], [ 121.957714173000113, -10.493997981999939, 0.0 ], [ 121.956817259000104, -10.49653879899995, 0.0 ], [ 121.956451056000105, -10.497858139999948, 0.0 ], [ 121.956375642000012, -10.499071737999941, 0.0 ], [ 121.956378638000047, -10.500000109999974, 0.0 ], [ 121.956272421000108, -10.500750332999928, 0.0 ], [ 121.956389830000035, -10.50117912099995, 0.0 ], [ 121.956480009000074, -10.501508521999938, 0.0 ], [ 121.956499844000064, -10.501622555999973, 0.0 ], [ 121.956626254000071, -10.502599597999961, 0.0 ], [ 121.956726914000114, -10.50337761399993, 0.0 ], [ 121.956826015000047, -10.504143641999974, 0.0 ], [ 121.95692590200008, -10.504371467999931, 0.0 ], [ 121.957164789000103, -10.504901854999957, 0.0 ], [ 121.957200694000107, -10.504982212999948, 0.0 ], [ 121.957470716000103, -10.505586540999957, 0.0 ], [ 121.957621112000083, -10.505923137999957, 0.0 ], [ 121.95821829700003, -10.507028018999961, 0.0 ], [ 121.958250755000108, -10.507069971999954, 0.0 ], [ 121.958343514000035, -10.507194460999926, 0.0 ], [ 121.95857753700011, -10.507488128999967, 0.0 ], [ 121.958865266000089, -10.507863895999947, 0.0 ], [ 121.959192923000046, -10.508351198999947, 0.0 ], [ 121.959484604000068, -10.508785000999978, 0.0 ], [ 121.959573861000081, -10.508917741999937, 0.0 ], [ 121.963681744000041, -10.508920769999975, 0.0 ], [ 121.963116798000101, -10.51193395699994, 0.0 ], [ 121.962888096000029, -10.512118241999929, 0.0 ], [ 121.962150663000102, -10.512710974999948, 0.0 ], [ 121.961466249000068, -10.513422866999974, 0.0 ], [ 121.960263131000033, -10.514668425999957, 0.0 ], [ 121.95934348000003, -10.515427547999934, 0.0 ], [ 121.958788452000022, -10.515885702999981, 0.0 ], [ 121.957699325000021, -10.517158141999971, 0.0 ], [ 121.957081155000083, -10.518160800999965, 0.0 ], [ 121.956668236000041, -10.518830544999958, 0.0 ], [ 121.956509311000104, -10.519106818999944, 0.0 ], [ 121.955807205000042, -10.520327370999951, 0.0 ], [ 121.955154142000083, -10.521648486999936, 0.0 ], [ 121.954345611, -10.523807895999937, 0.0 ], [ 121.954279300000053, -10.524444066999934, 0.0 ], [ 121.954222894000054, -10.525014888999976, 0.0 ], [ 121.954123499000048, -10.526286759999948, 0.0 ], [ 121.954101202000061, -10.526572075999979, 0.0 ], [ 121.953949546000104, -10.528356762999977, 0.0 ], [ 121.953936451000118, -10.528510748999963, 0.0 ], [ 121.953959646000044, -10.529130404999933, 0.0 ], [ 121.953993646000072, -10.530039171999931, 0.0 ], [ 121.954012017000082, -10.530529987999955, 0.0 ], [ 121.954067582000107, -10.530942431999961, 0.0 ], [ 121.952303336000114, -10.535978873999966, 0.0 ], [ 121.952286083000104, -10.536015878999933, 0.0 ], [ 121.952415525000106, -10.536158646999979, 0.0 ], [ 121.952497379000079, -10.536246210999934, 0.0 ], [ 121.952584943000033, -10.536312835999979, 0.0 ], [ 121.952729614000077, -10.536398496999936, 0.0 ], [ 121.953136978000089, -10.536564106999947, 0.0 ], [ 121.953464392000114, -10.536691645999952, 0.0 ], [ 121.953572895000093, -10.53673923599996, 0.0 ], [ 121.953631906000055, -10.536779210999953, 0.0 ], [ 121.953662363000035, -10.536809667999933, 0.0 ], [ 121.953702338000085, -10.536874388999934, 0.0 ], [ 121.953757541000073, -10.536992409999925, 0.0 ], [ 121.953866924000067, -10.537304760999973, 0.0 ], [ 121.953900309000119, -10.53740929199995, 0.0 ], [ 121.954020234000041, -10.537753837999958, 0.0 ], [ 121.954044980000049, -10.537810944999933, 0.0 ] ] ] ] } },
{ "type": "Feature", "properties": { "nm_kecamatan": "Sabu Timur" }, "geometry": { "type": "MultiPolygon", "coordinates": [ [ [ [ 121.970922044000076, -10.549069265999947, 0.010099999999511 ], [ 121.970514234, -10.549159111999927, 0.010099999999511 ], [ 121.968724469000108, -10.549273056999937, 0.010099999999511 ], [ 121.968214280000097, -10.549329359999945, 0.010099999999511 ], [ 121.967366197000047, -10.549424487999943, 0.010099999999511 ], [ 121.966868718000114, -10.549463383999978, 0.010099999999511 ], [ 121.966735361000019, -10.549500645999956, 0.010099999999511 ], [ 121.96665220400007, -10.54966064499996, 0.010099999999511 ], [ 121.966583213000035, -10.549863312999946, 0.010099999999511 ], [ 121.966476616000023, -10.549907625999936, 0.010099999999511 ], [ 121.966155915000058, -10.549609277999934, 0.010099999999511 ], [ 121.966055142000073, -10.549571158999981, 0.010099999999511 ], [ 121.965747302000068, -10.549667575999933, 0.010099999999511 ], [ 121.96552250000002, -10.549838278999971, 0.010099999999511 ], [ 121.965391207000039, -10.549916058999941, 0.010099999999511 ], [ 121.965028711000059, -10.549957300999949, 0.010099999999511 ], [ 121.964686183000026, -10.549915361999979, 0.010099999999511 ], [ 121.964520588000028, -10.549823572999969, 0.010099999999511 ], [ 121.964386811000054, -10.54976243599998, 0.010099999999511 ], [ 121.964237672000081, -10.549767558999974, 0.010099999999511 ], [ 121.964111599000034, -10.549851308999962, 0.010099999999511 ], [ 121.963998719000074, -10.549921796999968, 0.010099999999511 ], [ 121.963644298000077, -10.549977249999927, 0.010099999999511 ], [ 121.962985496000101, -10.549811115999944, 0.010099999999511 ], [ 121.962790256000062, -10.549763870999982, 0.010099999999511 ], [ 121.962144865000027, -10.549874288999945, 0.010099999999511 ], [ 121.961416297000028, -10.550138423999954, 0.010099999999511 ], [ 121.960983584000019, -10.550272372999927, 0.010099999999511 ], [ 121.96046871100009, -10.550387994999937, 0.010099999999511 ], [ 121.96014200400009, -10.550461323999968, 0.010099999999511 ], [ 121.959470662000058, -10.550707844999977, 0.010099999999511 ], [ 121.958833851, -10.550948802999926, 0.010099999999511 ], [ 121.958305830000086, -10.551044421999961, 0.010099999999511 ], [ 121.957944805000011, -10.551098365999962, 0.010099999999511 ], [ 121.957584493000013, -10.551227297999958, 0.010099999999511 ], [ 121.957223548000115, -10.55142411199995, 0.010099999999511 ], [ 121.956952952000051, -10.55165569899998, 0.010099999999511 ], [ 121.95678922500008, -10.551793296999961, 0.010099999999511 ], [ 121.956532355000036, -10.551970026999982, 0.010099999999511 ], [ 121.956097335000095, -10.552348217999963, 0.010099999999511 ], [ 121.95584550500007, -10.552620256999944, 0.010099999999511 ], [ 121.955094682000095, -10.553466490999938, 0.010099999999511 ], [ 121.954587082000103, -10.553906489999974, 0.010099999999511 ], [ 121.954235980000021, -10.554202385999929, 0.010099999999511 ], [ 121.95393849200002, -10.554445315999942, 0.010099999999511 ], [ 121.95369417500001, -10.55464479799997, 0.010099999999511 ], [ 121.952880917000016, -10.55516595499995, 0.010099999999511 ], [ 121.952173493000032, -10.555520068999954, 0.010099999999511 ], [ 121.950874265000039, -10.556126002999974, 0.010099999999511 ], [ 121.950520501000028, -10.556377141999974, 0.010099999999511 ], [ 121.950483493000092, -10.556409066999947, 0.010099999999511 ], [ 121.949251330000038, -10.556788765999954, 0.010099999999511 ], [ 121.948111808000021, -10.557287803999941, 0.010099999999511 ], [ 121.947759055, -10.557560026999965, 0.005099999994854 ], [ 121.947410055000091, -10.557829372999947, 0.010099999999511 ], [ 121.947389613000041, -10.557849630999954, 0.010099999999511 ], [ 121.947191016000033, -10.558034600999974, 0.010099999999511 ], [ 121.946765444000107, -10.558405799999946, 0.010099999999511 ], [ 121.946230111000091, -10.558989607999933, 0.010099999999511 ], [ 121.945665278000092, -10.559639654999955, 0.010099999999511 ], [ 121.94482787700008, -10.560432631999959, 0.010099999999511 ], [ 121.944115851000106, -10.560996705999969, 0.010099999999511 ], [ 121.94250657900011, -10.562165840999967, 0.010099999999511 ], [ 121.942293403, -10.562294236999946, 0.010099999999511 ], [ 121.941966726000032, -10.562368138999943, 0.010099999999511 ], [ 121.940854810000019, -10.56241621199996, 0.010099999999511 ], [ 121.940824545000055, -10.562418906999937, 0.010099999999511 ], [ 121.940391203000104, -10.562500013999966, 0.010099999999511 ], [ 121.939876727000069, -10.562582486999929, 0.010099999999511 ], [ 121.939232299000082, -10.562676005999947, 0.010099999999511 ], [ 121.938785543000108, -10.562776936999967, 0.010099999999511 ], [ 121.938426418000063, -10.562943703999963, 0.010099999999511 ], [ 121.937917449000111, -10.563237389999927, 0.010099999999511 ], [ 121.937708981000014, -10.563400365999939, 0.005099999994854 ], [ 121.937464271000067, -10.563295202999939, 0.0 ], [ 121.937323968000101, -10.563186134999967, 0.0 ], [ 121.937205467000013, -10.563029264999955, 0.0 ], [ 121.937115511000115, -10.562890625999955, 0.0 ], [ 121.937111228000049, -10.562843512999962, 0.0 ], [ 121.93710980000003, -10.562777839999967, 0.0 ], [ 121.937129788000107, -10.56267932999998, 0.0 ], [ 121.937155486000051, -10.562610801999938, 0.0 ], [ 121.937201806000076, -10.56255349199995, 0.0 ], [ 121.937262562000114, -10.562480882999978, 0.0 ], [ 121.937288260000059, -10.562432341999966, 0.0 ], [ 121.937299681000013, -10.562399505999963, 0.0 ], [ 121.937305392000098, -10.562360957999942, 0.0 ], [ 121.937305392000098, -10.562306706999948, 0.0 ], [ 121.937302536000061, -10.562259592999965, 0.0 ], [ 121.937292543000012, -10.562216762999981, 0.0 ], [ 121.93725780200009, -10.562129446999961, 0.0 ], [ 121.937208310000074, -10.561962636999965, 0.0 ], [ 121.937178329000062, -10.561881258999961, 0.0 ], [ 121.937152630000014, -10.56183128999993, 0.0 ], [ 121.937112655000078, -10.561807019999947, 0.0 ], [ 121.937012718, -10.561807019999947, 0.0 ], [ 121.936945617000106, -10.561809874999938, 0.0 ], [ 121.936874233000026, -10.561819868999976, 0.0 ], [ 121.936788573000058, -10.561821296999938, 0.0 ], [ 121.936707195000054, -10.561808447999965, 0.0 ], [ 121.93668006900009, -10.561795597999946, 0.0 ], [ 121.936567548000085, -10.561739803999956, 0.0 ], [ 121.936502171000029, -10.561616597999944, 0.0 ], [ 121.936484518000043, -10.561573170999964, 0.0 ], [ 121.936451022000028, -10.561516479999966, 0.0 ], [ 121.936432772000103, -10.561485585999947, 0.0 ], [ 121.936434978000079, -10.561481275999938, 0.0 ], [ 121.936442909000107, -10.561472740999932, 0.0 ], [ 121.936470203000113, -10.561452600999928, 0.0 ], [ 121.936496296000087, -10.561440191999964, 0.0 ], [ 121.937075526000058, -10.561209145999953, 0.0 ], [ 121.938212154000098, -10.560693149999963, 0.0 ], [ 121.938783225000066, -10.560345748999964, 0.0 ], [ 121.939630313000066, -10.559803230999933, 0.0 ], [ 121.939739768000095, -10.559698535999928, 0.0 ], [ 121.93997295600002, -10.559417758999928, 0.0 ], [ 121.940367946000038, -10.55914649999994, 0.0 ], [ 121.941038954000078, -10.558642053999961, 0.0 ], [ 121.941486293000025, -10.558323206999944, 0.0 ], [ 121.942085917000099, -10.557942492999928, 0.0 ], [ 121.942538015000082, -10.557628403999956, 0.0 ], [ 121.942633193, -10.557490394999945, 0.0 ], [ 121.942680782000025, -10.557366663999971, 0.0 ], [ 121.942928246000065, -10.557014503999937, 0.0 ], [ 121.943228058000045, -10.556695654999942, 0.0 ], [ 121.943508835000102, -10.556353012999978, 0.0 ], [ 121.943813405000014, -10.556110307999973, 0.0 ], [ 121.944146531000115, -10.555872361999945, 0.0 ], [ 121.944346405000033, -10.55575338899996, 0.0 ], [ 121.944522485000107, -10.555686763999972, 0.0 ], [ 121.944674771000109, -10.555572549999965, 0.0 ], [ 121.944950788000028, -10.555339362999973, 0.0 ], [ 121.945207770000025, -10.555134728999974, 0.0 ], [ 121.945332821000079, -10.555075880999937, 0.0 ], [ 121.945838327000047, -10.555033799999933, 0.0 ], [ 121.945903762000057, -10.554956467999943, 0.0 ], [ 121.945960274000072, -10.554795854999952, 0.0 ], [ 121.946097094000038, -10.554361602999961, 0.0 ], [ 121.946171451000055, -10.554189091999945, 0.0 ], [ 121.946323142000097, -10.553998734999936, 0.0 ], [ 121.946608677000086, -10.553781608999941, 0.0 ], [ 121.9467306250001, -10.553677506999975, 0.0 ], [ 121.946787137000115, -10.553564482999946, 0.0 ], [ 121.946843650000119, -10.553377099999977, 0.0 ], [ 121.946864470000037, -10.553222435999942, 0.0 ], [ 121.946879341000113, -10.553055872999948, 0.0 ], [ 121.946941802000083, -10.552823875999934, 0.0 ], [ 121.946989391000102, -10.55266028799997, 0.0 ], [ 121.946995340000058, -10.552496699999949, 0.0 ], [ 121.946974520000026, -10.55232121399996, 0.0 ], [ 121.946962623000104, -10.552175472999977, 0.0 ], [ 121.94697154500011, -10.552071370999954, 0.0 ], [ 121.947004263000053, -10.551976192999973, 0.0 ], [ 121.947069698000064, -10.551898859999937, 0.0 ], [ 121.947215440000036, -10.551785835999965, 0.0 ], [ 121.947337387000061, -10.551702554999963, 0.0 ], [ 121.947393900000066, -10.551616299999978, 0.0 ], [ 121.947474206000038, -10.551512197999955, 0.0 ], [ 121.947581282000101, -10.551440813999932, 0.0 ], [ 121.947786510000014, -10.551309943999968, 0.0 ], [ 121.947976867000079, -10.551179073999947, 0.0 ], [ 121.9481731730001, -10.551057125999932, 0.0 ], [ 121.948288577000085, -10.551014890999966, 0.0 ], [ 121.948474175000115, -10.550982767999926, 0.0 ], [ 121.948634789000039, -10.550982767999926, 0.0 ], [ 121.948770417000105, -10.550993474999927, 0.0 ], [ 121.948938170000019, -10.550975629999925, 0.0 ], [ 121.949202290000017, -10.550904245999959, 0.0 ], [ 121.949362903000065, -10.550825723999935, 0.0 ], [ 121.949473549000118, -10.550686524999946, 0.0 ], [ 121.949616316000061, -10.550504496999963, 0.0 ], [ 121.949801914000091, -10.550268929999959, 0.0 ], [ 121.949941112000033, -10.550026224999954, 0.0 ], [ 121.95009458800007, -10.549658597999951, 0.0 ], [ 121.950269478000109, -10.549198171999933, 0.0 ], [ 121.950408676000052, -10.548848391999968, 0.0 ], [ 121.950526460000106, -10.548480764999965, 0.0 ], [ 121.950722765000023, -10.548134552999954, 0.0 ], [ 121.950929779000035, -10.547802617999935, 0.0 ], [ 121.951240298000016, -10.547317208999971, 0.0 ], [ 121.951404481000054, -10.547056656999928, 0.0 ], [ 121.951479434000021, -10.546702117999928, 0.0 ], [ 121.951417568000011, -10.546169118999956, 0.0 ], [ 121.951417568000011, -10.545502868999961, 0.0 ], [ 121.951360461000036, -10.54486041399997, 0.0 ], [ 121.951274801000068, -10.544217959999969, 0.0 ], [ 121.951246247000086, -10.543756344999963, 0.0 ], [ 121.951270042000033, -10.543451773999948, 0.0 ], [ 121.951336666000088, -10.542909256999963, 0.0 ], [ 121.951441362000082, -10.542528542999946, 0.0 ], [ 121.951436604000037, -10.542357221999964, 0.0 ], [ 121.951365220000071, -10.542043132999936, 0.0 ], [ 121.951317631000052, -10.541719525999952, 0.0 ], [ 121.951227211000059, -10.541529168999944, 0.0 ], [ 121.951070166000022, -10.541257910999946, 0.0 ], [ 121.951070166000022, -10.541034241999967, 0.0 ], [ 121.951123327000118, -10.540851975999942, 0.0 ], [ 121.951164782000092, -10.540782648999937, 0.0 ], [ 121.951244520000046, -10.540716658999941, 0.0 ], [ 121.951493267000046, -10.540635220999945, 0.0 ], [ 121.951686280000104, -10.540524339999934, 0.0 ], [ 121.9518982190001, -10.540358474999948, 0.0 ], [ 121.952264656000011, -10.539849269999934, 0.0 ], [ 121.952423607000014, -10.539716007999971, 0.0 ], [ 121.952982908000081, -10.539248138999938, 0.0 ], [ 121.953025738000065, -10.539228151999964, 0.0 ], [ 121.953062877000093, -10.539226614999961, 0.0 ], [ 121.953073821000089, -10.539201742999978, 0.0 ], [ 121.953153331000067, -10.539112115999956, 0.0 ], [ 121.953166429000021, -10.539100671999961, 0.0 ], [ 121.953641080000011, -10.538766868999971, 0.0 ], [ 121.953921885000113, -10.538540457999943, 0.0 ], [ 121.954027137000026, -10.538359080999953, 0.0 ], [ 121.954053976000068, -10.538290121999978, 0.0 ], [ 121.954109702000096, -10.538050794999947, 0.0 ], [ 121.954115412000078, -10.537986072999956, 0.0 ], [ 121.954111605000094, -10.537953712999979, 0.0 ], [ 121.954102087000024, -10.537927062999927, 0.0 ], [ 121.954077341000016, -10.537879472999975, 0.0 ], [ 121.954044980000049, -10.537810944999933, 0.0 ], [ 121.954020234000041, -10.537753837999958, 0.0 ], [ 121.953900309000119, -10.53740929199995, 0.0 ], [ 121.953866924000067, -10.537304760999973, 0.0 ], [ 121.953757541000073, -10.536992409999925, 0.0 ], [ 121.953702338000085, -10.536874388999934, 0.0 ], [ 121.953662363000035, -10.536809667999933, 0.0 ], [ 121.953631906000055, -10.536779210999953, 0.0 ], [ 121.953572895000093, -10.53673923599996, 0.0 ], [ 121.953464392000114, -10.536691645999952, 0.0 ], [ 121.953136978000089, -10.536564106999947, 0.0 ], [ 121.952729614000077, -10.536398496999936, 0.0 ], [ 121.952584943000033, -10.536312835999979, 0.0 ], [ 121.952497379000079, -10.536246210999934, 0.0 ], [ 121.952415525000106, -10.536158646999979, 0.0 ], [ 121.952286083000104, -10.536015878999933, 0.0 ], [ 121.952303336000114, -10.535978873999966, 0.0 ], [ 121.954067582000107, -10.530942431999961, 0.0 ], [ 121.954012017000082, -10.530529987999955, 0.0 ], [ 121.953993646000072, -10.530039171999931, 0.0 ], [ 121.953959646000044, -10.529130404999933, 0.0 ], [ 121.953936451000118, -10.528510748999963, 0.0 ], [ 121.953949546000104, -10.528356762999977, 0.0 ], [ 121.954101202000061, -10.526572075999979, 0.0 ], [ 121.954123499000048, -10.526286759999948, 0.0 ], [ 121.954222894000054, -10.525014888999976, 0.0 ], [ 121.954279300000053, -10.524444066999934, 0.0 ], [ 121.954345611, -10.523807895999937, 0.0 ], [ 121.955154142000083, -10.521648486999936, 0.0 ], [ 121.955807205000042, -10.520327370999951, 0.0 ], [ 121.956509311000104, -10.519106818999944, 0.0 ], [ 121.956668236000041, -10.518830544999958, 0.0 ], [ 121.957081155000083, -10.518160800999965, 0.0 ], [ 121.957699325000021, -10.517158141999971, 0.0 ], [ 121.958788452000022, -10.515885702999981, 0.0 ], [ 121.95934348000003, -10.515427547999934, 0.0 ], [ 121.960263131000033, -10.514668425999957, 0.0 ], [ 121.961466249000068, -10.513422866999974, 0.0 ], [ 121.962150663000102, -10.512710974999948, 0.0 ], [ 121.962888096000029, -10.512118241999929, 0.0 ], [ 121.963116798000101, -10.51193395699994, 0.0 ], [ 121.963681744000041, -10.508920769999975, 0.0 ], [ 121.959573861000081, -10.508917741999937, 0.0 ], [ 121.959484604000068, -10.508785000999978, 0.0 ], [ 121.959192923000046, -10.508351198999947, 0.0 ], [ 121.958865266000089, -10.507863895999947, 0.0 ], [ 121.95857753700011, -10.507488128999967, 0.0 ], [ 121.958343514000035, -10.507194460999926, 0.0 ], [ 121.958250755000108, -10.507069971999954, 0.0 ], [ 121.95821829700003, -10.507028018999961, 0.0 ], [ 121.957621112000083, -10.505923137999957, 0.0 ], [ 121.957470716000103, -10.505586540999957, 0.0 ], [ 121.957200694000107, -10.504982212999948, 0.0 ], [ 121.957164789000103, -10.504901854999957, 0.0 ], [ 121.95692590200008, -10.504371467999931, 0.0 ], [ 121.956826015000047, -10.504143641999974, 0.0 ], [ 121.956726914000114, -10.50337761399993, 0.0 ], [ 121.956626254000071, -10.502599597999961, 0.0 ], [ 121.956499844000064, -10.501622555999973, 0.0 ], [ 121.956480009000074, -10.501508521999938, 0.0 ], [ 121.956389830000035, -10.50117912099995, 0.0 ], [ 121.956272421000108, -10.500750332999928, 0.0 ], [ 121.956378638000047, -10.500000109999974, 0.0 ], [ 121.956375642000012, -10.499071737999941, 0.0 ], [ 121.956451056000105, -10.497858139999948, 0.0 ], [ 121.956817259000104, -10.49653879899995, 0.0 ], [ 121.957714173000113, -10.493997981999939, 0.0 ], [ 121.958429735000095, -10.492664638999941, 0.0 ], [ 121.959183046000021, -10.491350270999931, 0.0 ], [ 121.959451319000095, -10.490816529999961, 0.0 ], [ 121.960721136000075, -10.489087396999935, 0.0 ], [ 121.961546332000012, -10.488070332999939, 0.0 ], [ 121.962578363000034, -10.48558873199994, 0.0 ], [ 121.963688058000116, -10.482696241999975, 0.0 ], [ 121.964143610000065, -10.480837304999966, 0.0 ], [ 121.964480955000113, -10.479281291999939, 0.0 ], [ 121.964742945000012, -10.47810153599994, 0.0 ], [ 121.964835954000023, -10.477766827999972, 0.0 ], [ 121.966894475000117, -10.472243323999976, 0.0 ], [ 121.967007390000049, -10.472299780999947, 0.0 ], [ 121.967257233000055, -10.472454445999972, 0.0 ], [ 121.967435693000084, -10.472585315999936, 0.0 ], [ 121.967554666000069, -10.472799467999948, 0.0 ], [ 121.967648866000104, -10.472967596999979, 0.0 ], [ 121.967699430000039, -10.473065749999932, 0.0 ], [ 121.967758916000093, -10.473101442999962, 0.0 ], [ 121.967806506000102, -10.473107390999928, 0.0 ], [ 121.967868966000083, -10.473131185999932, 0.0 ], [ 121.967937376, -10.473202569999955, 0.0 ], [ 121.96796414500011, -10.473262055999953, 0.0 ], [ 121.967993888000024, -10.473351285999968, 0.0 ], [ 121.968020658000114, -10.473395900999947, 0.0 ], [ 121.968204932000049, -10.47361292599993, 0.0 ], [ 121.968237882000039, -10.473407698999949, 0.0 ], [ 121.968256918000066, -10.473188787999959, 0.0 ], [ 121.968171257000108, -10.472969877999958, 0.0 ], [ 121.968066561000114, -10.472693860999925, 0.0 ], [ 121.967904757000042, -10.472455914999955, 0.0 ], [ 121.967828614000041, -10.472246521999978, 0.0 ], [ 121.96770488300001, -10.471960985999942, 0.0 ], [ 121.967042191000019, -10.470942258999969, 0.0 ], [ 121.966704457000105, -10.470166526999947, 0.0 ], [ 121.965051036000091, -10.467292165999936, 0.0 ], [ 121.965185039000062, -10.467075991999934, 0.0 ], [ 121.965256423000028, -10.466930249999962, 0.0 ], [ 121.965298063000091, -10.466858865999939, 0.0 ], [ 121.965298063000091, -10.466778558999977, 0.0 ], [ 121.965298063000091, -10.466671482999971, 0.0 ], [ 121.965265346000024, -10.466546560999973, 0.0 ], [ 121.965223706000074, -10.466421639999965, 0.0 ], [ 121.965182065000022, -10.466258051999944, 0.0 ], [ 121.965189280000118, -10.465658970999925, 0.0 ], [ 121.965201672000035, -10.465401994999979, 0.0 ], [ 121.965227846000062, -10.465237811999941, 0.0 ], [ 121.965239744000087, -10.465099803999976, 0.0 ], [ 121.965246882000088, -10.46501890199994, 0.0 ], [ 121.965232605000097, -10.464947517999974, 0.0 ], [ 121.965211190000105, -10.464854718999959, 0.0 ], [ 121.965195453000092, -10.464691134999953, 0.0 ], [ 121.965175498, -10.464526829999954, 0.0 ], [ 121.965176926000026, -10.464479715999971, 0.0 ], [ 121.965188347000094, -10.464435457999969, 0.0 ], [ 121.965261777000023, -10.464281611999979, 0.0 ], [ 121.965355385000066, -10.46414563999997, 0.0 ], [ 121.965451040000062, -10.463990022999951, 0.0 ], [ 121.965503864000084, -10.463851537999972, 0.0 ], [ 121.965553832000069, -10.463684499999943, 0.0 ], [ 121.965589524000052, -10.463546015999952, 0.0 ], [ 121.965595235000023, -10.463406102999954, 0.0 ], [ 121.965600850000101, -10.463270340999941, 0.0 ], [ 121.965602373000024, -10.463022057999979, 0.0 ], [ 121.965609512000015, -10.462835032999976, 0.0 ], [ 121.965640921000045, -10.462725101999979, 0.0 ], [ 121.965683178000063, -10.462643202999971, 0.0 ], [ 121.965856642000062, -10.462389940999969, 0.0 ], [ 121.96591503500008, -10.462299653999935, 0.0 ], [ 121.965953582000111, -10.462252540999941, 0.0 ], [ 121.966003551000085, -10.462221131999968, 0.0 ], [ 121.966066368000043, -10.462206854999977, 0.0 ], [ 121.966126331000055, -10.462202571999967, 0.0 ], [ 121.966251966000073, -10.46223398099994, 0.0 ], [ 121.966417577000016, -10.462245401999951, 0.0 ], [ 121.966522892000057, -10.462235275999944, 0.0 ], [ 121.966541856000049, -10.462231482999925, 0.0 ], [ 121.966764502000046, -10.462225414999978, 0.0 ], [ 121.966928685000084, -10.462226842999939, 0.0 ], [ 121.96701720100009, -10.462226842999939, 0.0 ], [ 121.967119370000091, -10.46220472899995, 0.0 ], [ 121.967194844000119, -10.462173762999953, 0.0 ], [ 121.967499278000105, -10.460160506999955, 0.0 ], [ 121.967789384000071, -10.457169486999931, 0.0 ], [ 121.969338912000012, -10.451805843999978, 0.0 ], [ 121.972329028000104, -10.442434271999957, 0.005099999994854 ], [ 121.972730419000072, -10.442473077999978, 0.010099999999511 ], [ 121.973131279000086, -10.44244185499997, 0.010099999999511 ], [ 121.973574369000062, -10.442270423999958, 0.010099999999511 ], [ 121.973953246000065, -10.442275779999932, 0.010099999999511 ], [ 121.97435801600011, -10.442270357999973, 0.010099999999511 ], [ 121.975740269000084, -10.442161479999982, 0.010099999999511 ], [ 121.976436539000019, -10.442142173999969, 0.010099999999511 ], [ 121.977343638000093, -10.442020643999967, 0.010099999999511 ], [ 121.977669150000111, -10.441918705999967, 0.010099999999511 ], [ 121.97790373700002, -10.44184376499993, 0.010099999999511 ], [ 121.978276419000053, -10.44184123499997, 0.010099999999511 ], [ 121.978359914000066, -10.44182627899994, 0.010099999999511 ], [ 121.978489075000084, -10.441795716999934, 0.010099999999511 ], [ 121.978641732000028, -10.441754849999938, 0.010099999999511 ], [ 121.978987434000032, -10.441649233999954, 0.010099999999511 ], [ 121.979115060000026, -10.441610083999933, 0.010099999999511 ], [ 121.979177302000039, -10.441629200999955, 0.010099999999511 ], [ 121.979545157000075, -10.441626644999928, 0.010099999999511 ], [ 121.980628376000027, -10.441494814999942, 0.010099999999511 ], [ 121.981102194000073, -10.441432043999953, 0.010099999999511 ], [ 121.98250198400001, -10.44125168599993, 0.010099999999511 ], [ 121.983553976000053, -10.441197271999954, 0.010099999999511 ], [ 121.98393417200009, -10.441208621999976, 0.010099999999511 ], [ 121.984327206000103, -10.441193138999949, 0.010099999999511 ], [ 121.985088284000085, -10.441078872999981, 0.010099999999511 ], [ 121.987326215000053, -10.440946205999978, 0.010099999999511 ], [ 121.988100820000113, -10.440898610999966, 0.010099999999511 ], [ 121.990388314000029, -10.440881560999969, 0.010099999999511 ], [ 121.990800951000097, -10.440922544999978, 0.010099999999511 ], [ 121.991368243000011, -10.440929549999964, 0.010099999999511 ], [ 121.993188031000045, -10.441094435999958, 0.010099999999511 ], [ 121.993600131000107, -10.441128292999963, 0.010099999999511 ], [ 121.993651052000018, -10.441136388999951, 0.005099999994854 ], [ 121.994052336000095, -10.441200065999965, 0.010099999999511 ], [ 121.994589314000109, -10.441321850999941, 0.010099999999511 ], [ 121.996243191000076, -10.441608280999958, 0.010099999999511 ], [ 121.996609988000046, -10.441688153999962, 0.010099999999511 ], [ 121.997135674000106, -10.441898266999942, 0.010099999999511 ], [ 121.997937696, -10.442211681999936, 0.010099999999511 ], [ 121.998804941000117, -10.442768422999961, 0.010099999999511 ], [ 121.999347120000039, -10.443134597999972, 0.010099999999511 ], [ 121.999822004000066, -10.443484986999977, 0.010099999999511 ], [ 122.000000000000114, -10.443604899999968, 0.010099999999511 ], [ 122.000000591000116, -10.443605297999966, 0.010099999999511 ], [ 122.000007183000093, -10.443609738999953, 0.010099999999511 ], [ 122.000151715000015, -10.443707112999959, 0.010099999999511 ], [ 122.000779102000024, -10.444290738999939, 0.010099999999511 ], [ 122.001446996000027, -10.445021836999956, 0.010099999999511 ], [ 122.001647752000054, -10.445251808999956, 0.010099999999511 ], [ 122.001931732000116, -10.445555278999962, 0.010099999999511 ], [ 122.003103519000092, -10.447468968999942, 0.010099999999511 ], [ 122.003213153000047, -10.447750105999944, 0.00340000000142 ], [ 122.003532180000093, -10.448568199999954, 0.010099999999511 ], [ 122.003725225000039, -10.449123202999942, 0.010099999999511 ], [ 122.004578723, -10.451224421999939, 0.010099999999511 ], [ 122.004725498000084, -10.451679817999945, 0.010099999999511 ], [ 122.004784364000102, -10.451823263999927, 0.010099999999511 ], [ 122.005023201000085, -10.452012914999955, 0.010099999999511 ], [ 122.005246476000025, -10.452150918999962, 0.010099999999511 ], [ 122.005453634000105, -10.452617624999959, 0.010099999999511 ], [ 122.005524197000113, -10.452748299999939, 0.010099999999511 ], [ 122.005867967000086, -10.453040313999963, 0.010099999999511 ], [ 122.006191295, -10.454215295999973, 0.010099999999511 ], [ 122.006473785000026, -10.455705954999928, 0.010099999999511 ], [ 122.006616362000045, -10.456359326999973, 0.010099999999511 ], [ 122.006936111000073, -10.457469642999968, 0.010099999999511 ], [ 122.00723727500008, -10.458688234999954, 0.010099999999511 ], [ 122.007816535000075, -10.46085530299996, 0.010099999999511 ], [ 122.007900828000061, -10.461303484999974, 0.010099999999511 ], [ 122.00796106100006, -10.46151799699993, 0.010099999999511 ], [ 122.008019219000062, -10.462094218999937, 0.010099999999511 ], [ 122.008147204000011, -10.462969064999982, 0.010099999999511 ], [ 122.008210021000082, -10.463459970999963, 0.010099999999511 ], [ 122.008227857000065, -10.464080265999939, 0.010099999999511 ], [ 122.008064525, -10.465193327999941, 0.010099999999511 ], [ 122.007839560000093, -10.466140080999935, 0.010099999999511 ], [ 122.007432965000021, -10.467432317999965, 0.010099999999511 ], [ 122.007269681000025, -10.467881496999951, 0.010099999999511 ], [ 122.00692437500004, -10.468758024999943, 0.010099999999511 ], [ 122.006595812000114, -10.469591341999944, 0.010099999999511 ], [ 122.006192570000053, -10.470411951999949, 0.010099999999511 ], [ 122.005904417000011, -10.470873315999938, 0.010099999999511 ], [ 122.004383460000099, -10.472513364999941, 0.010099999999511 ], [ 122.00381711600005, -10.473002857999973, 0.010099999999511 ], [ 122.0033666490001, -10.473367498999949, 0.010099999999511 ], [ 122.003111292000085, -10.473646889999941, 0.010099999999511 ], [ 122.002849417000107, -10.47401902799993, 0.010099999999511 ], [ 122.00257418700005, -10.474421302999929, 0.010099999999511 ], [ 122.001162383000064, -10.476156923999952, 0.010099999999511 ], [ 122.000740480000104, -10.47668294999994, 0.010099999999511 ], [ 122.000414207000063, -10.477090951999969, 0.010099999999511 ], [ 122.000151894000055, -10.477437369999961, 0.010099999999511 ], [ 122.000007184000083, -10.477655528999946, 0.010099999999511 ], [ 122.000000369000077, -10.477665802999979, 0.010099999999511 ], [ 122.000000000000114, -10.477666358999954, 0.010099999999511 ], [ 121.99972213, -10.47808514899998, 0.010099999999511 ], [ 121.998607250000077, -10.479447277999952, 0.010099999999511 ], [ 121.997967696000046, -10.480266833999963, 0.010099999999511 ], [ 121.996987280000099, -10.481389682999975, 0.010099999999511 ], [ 121.99655038100002, -10.48195986199994, 0.010099999999511 ], [ 121.99620199800006, -10.482594547999952, 0.010099999999511 ], [ 121.996018304000017, -10.48296720299993, 0.010099999999511 ], [ 121.995683547000112, -10.483666769999957, 0.010099999999511 ], [ 121.994863380000083, -10.485661326999946, 0.010099999999511 ], [ 121.994689737000044, -10.486072682999975, 0.010099999999511 ], [ 121.994642093000039, -10.486173985999926, 0.005099999994854 ], [ 121.994480224000085, -10.486518159999946, 0.010099999999511 ], [ 121.994422179000026, -10.486697083999957, 0.010099999999511 ], [ 121.994241546000012, -10.487224222999942, 0.010099999999511 ], [ 121.993531853000036, -10.489136551999934, 0.010099999999511 ], [ 121.993480490000024, -10.489387048999959, 0.010099999999511 ], [ 121.993570863000059, -10.489703027999951, 0.010099999999511 ], [ 121.993562111000074, -10.490016794999974, 0.010099999999511 ], [ 121.993560500000058, -10.490075312999977, 0.010099999999511 ], [ 121.993535267000084, -10.490271582999981, 0.010099999999511 ], [ 121.993644576000065, -10.490654765999977, 0.010099999999511 ], [ 121.993764892000058, -10.491056679999929, 0.010099999999511 ], [ 121.993711494000081, -10.491300076999948, 0.010099999999511 ], [ 121.993693236000013, -10.491408203999981, 0.010099999999511 ], [ 121.993769909000093, -10.491504981999981, 0.010099999999511 ], [ 121.993946708000067, -10.491583649999939, 0.010099999999511 ], [ 121.994218509, -10.491689611999959, 0.010099999999511 ], [ 121.994320493000032, -10.491751012999941, 0.010099999999511 ], [ 121.994494864000103, -10.492161403999944, 0.010099999999511 ], [ 121.994589200000064, -10.492563059999952, 0.010099999999511 ], [ 121.994431269000074, -10.493154516999937, 0.010099999999511 ], [ 121.994366110000101, -10.493406543999981, 0.010099999999511 ], [ 121.994367759000056, -10.493649189999928, 0.010099999999511 ], [ 121.994446295000103, -10.493792218999943, 0.010099999999511 ], [ 121.994565807000072, -10.493878955999946, 0.010099999999511 ], [ 121.994929735000028, -10.493863067999939, 0.010099999999511 ], [ 121.995130301000017, -10.493872174999979, 0.010099999999511 ], [ 121.995316144000071, -10.493998939999926, 0.010099999999511 ], [ 121.995555541000044, -10.494329519999951, 0.010099999999511 ], [ 121.995670057000098, -10.494578976999946, 0.010099999999511 ], [ 121.995696015000021, -10.494737404999967, 0.010099999999511 ], [ 121.99562323300006, -10.494832247999966, 0.010099999999511 ], [ 121.995525673000088, -10.494895527999972, 0.010099999999511 ], [ 121.995462768000039, -10.495084205999945, 0.010099999999511 ], [ 121.99548147500002, -10.495622457999957, 0.010099999999511 ], [ 121.995517599000095, -10.495762314999979, 0.010099999999511 ], [ 121.995682791000036, -10.495826008999927, 0.010099999999511 ], [ 121.995754281000018, -10.495853116999967, 0.010099999999511 ], [ 121.995825373000116, -10.495948710999926, 0.010099999999511 ], [ 121.995835541000019, -10.496152712999958, 0.010099999999511 ], [ 121.995774033000089, -10.496357831999944, 0.010099999999511 ], [ 121.995672711000111, -10.496522589999927, 0.010099999999511 ], [ 121.995421647000057, -10.497147968999968, 0.010099999999511 ], [ 121.995272104000037, -10.497676826999964, 0.010099999999511 ], [ 121.995155949000036, -10.498450670999944, 0.010099999999511 ], [ 121.995152940000025, -10.498611702999938, 0.010099999999511 ], [ 121.995655206000038, -10.499285244999953, 0.010099999999511 ], [ 121.996373194000057, -10.49992657599995, 0.010099999999511 ], [ 121.99642911300009, -10.5, 0.010099999999511 ], [ 121.996429275000082, -10.500000212999964, 0.010099999999511 ], [ 121.996456205000072, -10.500035579999974, 0.010099999999511 ], [ 121.996495297000024, -10.500086918999955, 0.010099999999511 ], [ 121.996597422000036, -10.500320390999946, 0.010099999999511 ], [ 121.996655481000062, -10.500517358999957, 0.010099999999511 ], [ 121.996683992000044, -10.500621725999963, 0.010099999999511 ], [ 121.996727607000025, -10.500989282999967, 0.010099999999511 ], [ 121.99671752800009, -10.50147424499994, 0.010099999999511 ], [ 121.996675413000048, -10.501540802999955, 0.010099999999511 ], [ 121.996616456000083, -10.501665552999953, 0.010099999999511 ], [ 121.996583448000024, -10.501876558999982, 0.010099999999511 ], [ 121.99650757400002, -10.502035887999966, 0.010099999999511 ], [ 121.996376288000079, -10.502343544999974, 0.010099999999511 ], [ 121.996236622000083, -10.502820861999965, 0.010099999999511 ], [ 121.996121564000077, -10.503214079999964, 0.010099999999511 ], [ 121.996024237000029, -10.503546632999928, 0.010099999999511 ], [ 121.995787735000022, -10.504519483999957, 0.010099999999511 ], [ 121.995707887000094, -10.504810995999946, 0.010099999999511 ], [ 121.995536996000055, -10.50553132899995, 0.010099999999511 ], [ 121.995501851000085, -10.505690739999977, 0.010099999999511 ], [ 121.995470532000013, -10.505832920999978, 0.010099999999511 ], [ 121.995229426000037, -10.506926909999947, 0.010099999999511 ], [ 121.99747865900008, -10.507568496999966, 0.0 ], [ 121.997611908000067, -10.507473317999938, 0.0 ], [ 121.998135390000016, -10.507578013999932, 0.0 ], [ 121.998068765000085, -10.507920656999943, 0.0 ], [ 121.995286984000018, -10.507245736999948, 0.009699999995064 ], [ 121.995165647000022, -10.507216297999946, 0.010099999999511 ], [ 121.995056289000104, -10.507712495999954, 0.010099999999511 ], [ 121.994629877000079, -10.509305145999974, 0.010099999999511 ], [ 121.994472442000074, -10.509893120999948, 0.010099999999511 ], [ 121.994386572000053, -10.51020867099993, 0.010099999999511 ], [ 121.993885946000091, -10.512048252999932, 0.010099999999511 ], [ 121.993643928000097, -10.512954410999953, 0.010099999999511 ], [ 121.993560867000042, -10.51361527499995, 0.010099999999511 ], [ 121.993492814000092, -10.513978587999929, 0.010099999999511 ], [ 121.993438899000012, -10.514252763999934, 0.010099999999511 ], [ 121.993329060000065, -10.515027986999939, 0.010099999999511 ], [ 121.993256636000069, -10.515501230999973, 0.010099999999511 ], [ 121.993003361000092, -10.51694256199994, 0.010099999999511 ], [ 121.992963021000037, -10.517150829999935, 0.010099999999511 ], [ 121.992973100000086, -10.517193970999926, 0.005099999994854 ], [ 121.993012037000085, -10.517360622999945, 0.010099999999511 ], [ 121.993092121000018, -10.517494831999954, 0.010099999999511 ], [ 121.993324451000035, -10.517625357999975, 0.010099999999511 ], [ 121.993751201, -10.517878806999931, 0.010099999999511 ], [ 121.993991559000051, -10.51807331699996, 0.010099999999511 ], [ 121.994131224000057, -10.518267617999982, 0.010099999999511 ], [ 121.994226599000058, -10.518551813999977, 0.010099999999511 ], [ 121.994440481000083, -10.518519646999948, 0.010099999999511 ], [ 121.994562444000053, -10.518513736999978, 0.010099999999511 ], [ 121.994653511000024, -10.518568408999954, 0.010099999999511 ], [ 121.994701741000085, -10.519373951999967, 0.010099999999511 ], [ 121.99470975700001, -10.519565640999929, 0.010099999999511 ], [ 121.994766359000096, -10.519684468999969, 0.010099999999511 ], [ 121.994868674000031, -10.519733064999969, 0.010099999999511 ], [ 121.994946553000091, -10.519933346999949, 0.010099999999511 ], [ 121.994998438000039, -10.520026064999968, 0.010099999999511 ], [ 121.995157608000113, -10.520057645999941, 0.010099999999511 ], [ 121.995239946000083, -10.520149488999948, 0.010099999999511 ], [ 121.995295574000011, -10.520392841999978, 0.010099999999511 ], [ 121.995461018000015, -10.52102162999995, 0.010099999999511 ], [ 121.995537638000087, -10.521414422999953, 0.010099999999511 ], [ 121.99555832100009, -10.521508986999947, 0.010099999999511 ], [ 121.995630711000103, -10.521560423999972, 0.010099999999511 ], [ 121.995783892000077, -10.521514201999935, 0.010099999999511 ], [ 121.995870192000098, -10.521480564999933, 0.010099999999511 ], [ 121.996283023000046, -10.521859319999976, 0.010099999999511 ], [ 121.996490476000076, -10.522175187999949, 0.010099999999511 ], [ 121.996524708000038, -10.522304639999959, 0.010099999999511 ], [ 121.996549860000073, -10.52245549099996, 0.010099999999511 ], [ 121.996663930000068, -10.522567490999961, 0.010099999999511 ], [ 121.996846742000116, -10.522516647999964, 0.010099999999511 ], [ 121.996944087000088, -10.522488018999979, 0.010099999999511 ], [ 121.997024539000108, -10.522532295999952, 0.010099999999511 ], [ 121.997059125000078, -10.522624763999943, 0.010099999999511 ], [ 121.997081033000086, -10.522702246999927, 0.010099999999511 ], [ 121.997109703000092, -10.522795326999926, 0.010099999999511 ], [ 121.997122542000056, -10.522870465999972, 0.010099999999511 ], [ 121.997171259000083, -10.522951015999979, 0.010099999999511 ], [ 121.996969222000075, -10.523032206999972, 0.010099999999511 ], [ 121.996923458000083, -10.523103577999962, 0.010099999999511 ], [ 121.996923389000017, -10.523130644999981, 0.010099999999511 ], [ 121.996948619000023, -10.523402264999959, 0.010099999999511 ], [ 121.996949962000031, -10.524222891999955, 0.010099999999511 ], [ 121.99684814200009, -10.525314833999971, 0.010099999999511 ], [ 121.996414040000104, -10.526971843999945, 0.010099999999511 ], [ 121.996244552, -10.527493765999964, 0.010099999999511 ], [ 121.996055954000099, -10.527877143999945, 0.010099999999511 ], [ 121.995044048000068, -10.529051030999938, 0.010099999999511 ], [ 121.994933712000034, -10.529186950999929, 0.010099999999511 ], [ 121.994867584000076, -10.529382655999939, 0.010099999999511 ], [ 121.995063642000105, -10.529617592999955, 0.010099999999511 ], [ 121.995093276000034, -10.529739464999977, 0.010099999999511 ], [ 121.995052973000043, -10.529828862999977, 0.010099999999511 ], [ 121.994927802, -10.529905045999953, 0.010099999999511 ], [ 121.994680541000093, -10.530024520999973, 0.010099999999511 ], [ 121.99447835400008, -10.530049316999964, 0.010099999999511 ], [ 121.994310093000081, -10.530323739999972, 0.010099999999511 ], [ 121.99387304000004, -10.530962189999968, 0.010099999999511 ], [ 121.993675673000098, -10.531165458999965, 0.010099999999511 ], [ 121.992993289000083, -10.531999319999954, 0.010099999999511 ], [ 121.9926954230001, -10.532420091999938, 0.010099999999511 ], [ 121.992584216000068, -10.53268486099995, 0.010099999999511 ], [ 121.992571659000077, -10.532854500999974, 0.010099999999511 ], [ 121.992616684000041, -10.533031685999958, 0.010099999999511 ], [ 121.992796718000022, -10.533328393999966, 0.010099999999511 ], [ 121.992943234000109, -10.533486417999939, 0.010099999999511 ], [ 121.993229657000029, -10.533618765999961, 0.010099999999511 ], [ 121.993419889000052, -10.53369728399997, 0.010099999999511 ], [ 121.993516394000039, -10.533781272999931, 0.010099999999511 ], [ 121.99348276, -10.534044371999926, 0.010099999999511 ], [ 121.993476355000098, -10.534195483999952, 0.010099999999511 ], [ 121.993583045000037, -10.534319082999957, 0.010099999999511 ], [ 121.993876374000024, -10.534526550999942, 0.010099999999511 ], [ 121.993986140000061, -10.534642333999955, 0.010099999999511 ], [ 121.994044744, -10.534784818999981, 0.010099999999511 ], [ 121.993791795000107, -10.535038155999928, 0.010099999999511 ], [ 121.99368748400002, -10.535167612999942, 0.010099999999511 ], [ 121.993614900000011, -10.535296104999929, 0.010099999999511 ], [ 121.993544720000045, -10.535355312999968, 0.010099999999511 ], [ 121.993403042000068, -10.53535261199994, 0.010099999999511 ], [ 121.992961054000034, -10.535266218999936, 0.010099999999511 ], [ 121.992722850000064, -10.535226253999951, 0.010099999999511 ], [ 121.992523243000051, -10.535167113999933, 0.010099999999511 ], [ 121.991962262000015, -10.535716529999945, 0.010099999999511 ], [ 121.990622756000107, -10.536961017999943, 0.010099999999511 ], [ 121.990067003000036, -10.537466248999976, 0.010099999999511 ], [ 121.988464012, -10.539079840999932, 0.010099999999511 ], [ 121.988147876000085, -10.539414263999959, 0.010099999999511 ], [ 121.986781357000041, -10.54066249899995, 0.010099999999511 ], [ 121.986567839000031, -10.540907602999937, 0.010099999999511 ], [ 121.986108061000095, -10.541483275999951, 0.010099999999511 ], [ 121.985752428000069, -10.541912641999943, 0.010099999999511 ], [ 121.985335265000117, -10.542613395999979, 0.010099999999511 ], [ 121.985051708000015, -10.543353209999964, 0.010099999999511 ], [ 121.984902844000089, -10.543920442999934, 0.010099999999511 ], [ 121.984849560000043, -10.544237221999936, 0.010099999999511 ], [ 121.984852821000118, -10.544490149999945, 0.010099999999511 ], [ 121.984888853000029, -10.544628951999925, 0.010099999999511 ], [ 121.985071332000075, -10.544778705999931, 0.010099999999511 ], [ 121.985898881000026, -10.545108708999976, 0.010099999999511 ], [ 121.986251855000091, -10.545090060999939, 0.010099999999511 ], [ 121.98678661800011, -10.545186003999959, 0.010099999999511 ], [ 121.987316235000094, -10.545221775999948, 0.010099999999511 ], [ 121.987475728000049, -10.545237889999953, 0.010099999999511 ], [ 121.988169217000063, -10.545720025999969, 0.010099999999511 ], [ 121.98797955100008, -10.545861855999931, 0.010099999999511 ], [ 121.987545915000055, -10.546242413999948, 0.010099999999511 ], [ 121.987411147000103, -10.54640887599993, 0.010099999999511 ], [ 121.987349740000013, -10.546637640999961, 0.010099999999511 ], [ 121.987299451000013, -10.546949198999926, 0.010099999999511 ], [ 121.987274398000068, -10.547124140999927, 0.010099999999511 ], [ 121.98727215100007, -10.547230252999952, 0.010099999999511 ], [ 121.987204967000025, -10.547310729999936, 0.010099999999511 ], [ 121.986987799000076, -10.547426051999935, 0.010099999999511 ], [ 121.986844354000027, -10.547492764999959, 0.010099999999511 ], [ 121.986776124000016, -10.547581339999965, 0.010099999999511 ], [ 121.986511296000117, -10.547924767999973, 0.010099999999511 ], [ 121.986436832000095, -10.548191077999945, 0.010099999999511 ], [ 121.986588743000084, -10.548648589999971, 0.010099999999511 ], [ 121.986681101000045, -10.548825334999947, 0.010099999999511 ], [ 121.986841204000029, -10.548936096999967, 0.010099999999511 ], [ 121.986918457000115, -10.548993154999948, 0.010099999999511 ], [ 121.987049513000102, -10.549175143999946, 0.010099999999511 ], [ 121.987033177000058, -10.549368494999953, 0.010099999999511 ], [ 121.986963863000028, -10.549496495999961, 0.010099999999511 ], [ 121.986725300000103, -10.549674735999929, 0.010099999999511 ], [ 121.986679621, -10.549712444999955, 0.010099999999511 ], [ 121.986617509000098, -10.549855552999929, 0.010099999999511 ], [ 121.986519183000041, -10.549912445999951, 0.010099999999511 ], [ 121.986451082000031, -10.549941359999934, 0.010099999999511 ], [ 121.986348138000039, -10.550285592999955, 0.010099999999511 ], [ 121.98635373500008, -10.55057110499996, 0.010099999999511 ], [ 121.986219959000096, -10.550859808999974, 0.010099999999511 ], [ 121.985625453000011, -10.550972207999962, 0.010099999999511 ], [ 121.985486195000021, -10.550845797999955, 0.010099999999511 ], [ 121.985246319000112, -10.550764326999968, 0.010099999999511 ], [ 121.984953647000111, -10.550588096999945, 0.010099999999511 ], [ 121.984789584000055, -10.550492108999947, 0.010099999999511 ], [ 121.983339453000099, -10.550322575999928, 0.010099999999511 ], [ 121.983046431000048, -10.550361303999978, 0.010099999999511 ], [ 121.982718924000096, -10.550445923999973, 0.010099999999511 ], [ 121.982491998000114, -10.55043668299993, 0.010099999999511 ], [ 121.981318166000051, -10.550337007999929, 0.010099999999511 ], [ 121.981214038000076, -10.550359451999952, 0.010099999999511 ], [ 121.981045444000074, -10.550449313999934, 0.010099999999511 ], [ 121.980831429000091, -10.550492145999954, 0.010099999999511 ], [ 121.980368919000057, -10.55057123499995, 0.010099999999511 ], [ 121.980040633000044, -10.550675766999973, 0.010099999999511 ], [ 121.979254280000077, -10.55072076099998, 0.010099999999511 ], [ 121.979024482000113, -10.550708517999965, 0.010099999999511 ], [ 121.97878933800007, -10.550637642999959, 0.010099999999511 ], [ 121.978591037000115, -10.550563699999941, 0.010099999999511 ], [ 121.978282025000112, -10.55052780099993, 0.010099999999511 ], [ 121.977989334000085, -10.550548643999946, 0.010099999999511 ], [ 121.977785740000058, -10.550578672999961, 0.010099999999511 ], [ 121.977614194000012, -10.550553181999931, 0.010099999999511 ], [ 121.977376312000047, -10.55054905999998, 0.010099999999511 ], [ 121.97728182100002, -10.550523817999931, 0.010099999999511 ], [ 121.977206488000093, -10.550503683999978, 0.010099999999511 ], [ 121.976964422000037, -10.550511280999956, 0.010099999999511 ], [ 121.976654268000061, -10.550557558999969, 0.010099999999511 ], [ 121.976449961000071, -10.550613521999935, 0.010099999999511 ], [ 121.976302743000019, -10.550580672999956, 0.010099999999511 ], [ 121.976260743000012, -10.55056101699995, 0.010099999999511 ], [ 121.976190561000067, -10.55053681499993, 0.010099999999511 ], [ 121.975985836000064, -10.55048717699998, 0.010099999999511 ], [ 121.975720603000013, -10.550470964999931, 0.010099999999511 ], [ 121.975610824000114, -10.550396816999978, 0.010099999999511 ], [ 121.975057099000082, -10.550139326999954, 0.010099999999511 ], [ 121.974852828000053, -10.550088142999925, 0.010099999999511 ], [ 121.974579550000044, -10.549949681999976, 0.010099999999511 ], [ 121.974480880000101, -10.549906275999945, 0.010099999999511 ], [ 121.974418208000088, -10.549886653999977, 0.010099999999511 ], [ 121.974339606000058, -10.549802642999964, 0.010099999999511 ], [ 121.973594191000075, -10.54953356599998, 0.010099999999511 ], [ 121.973242749000065, -10.54935715299996, 0.010099999999511 ], [ 121.972887058000083, -10.549231831999975, 0.010099999999511 ], [ 121.972650731000044, -10.548976387999971, 0.010099999999511 ], [ 121.971384282000031, -10.548990013999969, 0.010099999999511 ], [ 121.971255684000084, -10.549012059999939, 0.010099999999511 ], [ 121.971253647000026, -10.549012407999953, 0.010099999999511 ], [ 121.971243502000107, -10.54901414099993, 0.010099999999511 ], [ 121.971218024000109, -10.549018529999955, 0.010099999999511 ], [ 121.970922044000076, -10.549069265999947, 0.010099999999511 ] ] ] ] } },
{ "type": "Feature", "properties": { "nm_kecamatan": "Sabu Liae" }, "geometry": { "type": "MultiPolygon", "coordinates": [ [ [ [ 121.826747437000108, -10.623534518999975, 0.010099999999511 ], [ 121.826438626000026, -10.623496799999941, 0.010099999999511 ], [ 121.82617094200009, -10.623603736999939, 0.010099999999511 ], [ 121.826002036000091, -10.623653948999959, 0.010099999999511 ], [ 121.825940407000076, -10.623641734999978, 0.010099999999511 ], [ 121.825893271000041, -10.623632393999969, 0.010099999999511 ], [ 121.825866044, -10.623570892999965, 0.010099999999511 ], [ 121.825881294000055, -10.623553426999933, 0.010099999999511 ], [ 121.826068535000104, -10.623338986999954, 0.010099999999511 ], [ 121.82618031200002, -10.623265467999943, 0.010099999999511 ], [ 121.826520258000073, -10.623228653999945, 0.010099999999511 ], [ 121.82680133100007, -10.62331149299996, 0.010099999999511 ], [ 121.826833123000029, -10.623354436999932, 0.010099999999511 ], [ 121.826857272000098, -10.623406105999948, 0.010099999999511 ], [ 121.826880073000098, -10.623454891999927, 0.010099999999511 ], [ 121.826871903000097, -10.623484966999968, 0.010099999999511 ], [ 121.826862738000045, -10.623518707999949, 0.010099999999511 ], [ 121.826828237000086, -10.623523438999939, 0.010099999999511 ], [ 121.826747437000108, -10.623534518999975, 0.010099999999511 ] ] ], [ [ [ 121.882216843000037, -10.609579827999937, 0.010099999999511 ], [ 121.88224987600006, -10.609741775999964, 0.010099999999511 ], [ 121.882260644000098, -10.60979466799995, 0.010099999999511 ], [ 121.882195892000027, -10.609913525999957, 0.010099999999511 ], [ 121.881807004000052, -10.610464684999954, 0.010099999999511 ], [ 121.881637615000045, -10.610826763999967, 0.010099999999511 ], [ 121.881486960000075, -10.611661206999941, 0.010099999999511 ], [ 121.881516204000036, -10.611945813999967, 0.010099999999511 ], [ 121.881499214000087, -10.612252894999926, 0.010099999999511 ], [ 121.881553417000077, -10.612363527999946, 0.010099999999511 ], [ 121.881610035000108, -10.612430583999981, 0.010099999999511 ], [ 121.881608487000108, -10.612748220999947, 0.010099999999511 ], [ 121.881594263000011, -10.612956150999935, 0.010099999999511 ], [ 121.881556051000075, -10.613294889999963, 0.010099999999511 ], [ 121.881478360000074, -10.61353537399998, 0.010099999999511 ], [ 121.880986820000089, -10.61417802099993, 0.010099999999511 ], [ 121.880892444000096, -10.614324857999975, 0.010099999999511 ], [ 121.880614441000034, -10.614447057999939, 0.010099999999511 ], [ 121.880498902000113, -10.614439544999982, 0.010099999999511 ], [ 121.88036342800001, -10.614428922999934, 0.010099999999511 ], [ 121.88015086900009, -10.614512641999966, 0.010099999999511 ], [ 121.879947161000018, -10.61464611599996, 0.010099999999511 ], [ 121.879788814000108, -10.614791510999964, 0.010099999999511 ], [ 121.879682850000108, -10.614943389999951, 0.010099999999511 ], [ 121.879458776000092, -10.615048261999959, 0.010099999999511 ], [ 121.879386078000039, -10.61509432899993, 0.010099999999511 ], [ 121.879366610000034, -10.615207235999947, 0.010099999999511 ], [ 121.87928842000008, -10.615219309999929, 0.010099999999511 ], [ 121.878664754000056, -10.615398110999934, 0.010099999999511 ], [ 121.878476729000113, -10.615527139999926, 0.010099999999511 ], [ 121.878369844000076, -10.615564426999981, 0.010099999999511 ], [ 121.878240562000087, -10.615634495999927, 0.010099999999511 ], [ 121.878023540000072, -10.615717428999972, 0.010099999999511 ], [ 121.877900591000071, -10.615803631999938, 0.010099999999511 ], [ 121.877835513000036, -10.615980332999982, 0.010099999999511 ], [ 121.877779688000032, -10.616070710999963, 0.010099999999511 ], [ 121.87759594900001, -10.616143529999931, 0.010099999999511 ], [ 121.877489237000077, -10.61620252199998, 0.010099999999511 ], [ 121.877405213000088, -10.616387006999958, 0.010099999999511 ], [ 121.8773750040001, -10.616467818999979, 0.010099999999511 ], [ 121.877246016000072, -10.616498155999977, 0.010099999999511 ], [ 121.876889521000066, -10.61690133299993, 0.010099999999511 ], [ 121.876744170000052, -10.616985983999939, 0.010099999999511 ], [ 121.876643013000034, -10.616994807999959, 0.010099999999511 ], [ 121.876499623000086, -10.617013952999969, 0.010099999999511 ], [ 121.876367808000055, -10.617075104999969, 0.010099999999511 ], [ 121.876280664000092, -10.617193899999961, 0.010099999999511 ], [ 121.875902920000044, -10.617497236999952, 0.010099999999511 ], [ 121.87572284700002, -10.617639579999945, 0.010099999999511 ], [ 121.875493001000109, -10.617893674999948, 0.010099999999511 ], [ 121.875368922, -10.618058412999972, 0.010099999999511 ], [ 121.875173965000045, -10.618167802999949, 0.010099999999511 ], [ 121.875006752000104, -10.618243653999969, 0.010099999999511 ], [ 121.875000095000019, -10.618246673999977, 0.010099999999511 ], [ 121.875000048000061, -10.618246694999925, 0.010099999999511 ], [ 121.875000000000114, -10.618246716999977, 0.010099999999511 ], [ 121.874970234000102, -10.61826023499998, 0.010099999999511 ], [ 121.874856537000028, -10.618319412999938, 0.010099999999511 ], [ 121.874606978000088, -10.618202561999965, 0.010099999999511 ], [ 121.874414434000073, -10.618036355999948, 0.010099999999511 ], [ 121.874203102000024, -10.617916612999977, 0.010099999999511 ], [ 121.874160281000059, -10.617885791999981, 0.010099999999511 ], [ 121.87398207800004, -10.617652542999963, 0.010099999999511 ], [ 121.873878054000102, -10.617531739999947, 0.010099999999511 ], [ 121.873848025000029, -10.617401811999969, 0.010099999999511 ], [ 121.873904743000026, -10.617239351999956, 0.010099999999511 ], [ 121.873993571000028, -10.616941963999977, 0.010099999999511 ], [ 121.874125593000031, -10.616187583999931, 0.010099999999511 ], [ 121.873887319000119, -10.616123200999937, 0.010099999999511 ], [ 121.873722473000043, -10.616059088999975, 0.010099999999511 ], [ 121.873603192000019, -10.616058670999962, 0.010099999999511 ], [ 121.87319091400002, -10.615921058999959, 0.010099999999511 ], [ 121.872801472000106, -10.61587349399997, 0.010099999999511 ], [ 121.871469619000095, -10.61578501799994, 0.010099999999511 ], [ 121.870492143000092, -10.615790738999976, 0.010099999999511 ], [ 121.870014375000096, -10.615875144999961, 0.010099999999511 ], [ 121.86960272400006, -10.616046402999928, 0.010099999999511 ], [ 121.869416082000043, -10.616274767999926, 0.010099999999511 ], [ 121.869302286000107, -10.616495690999955, 0.010099999999511 ], [ 121.869264931000089, -10.616757935999942, 0.010099999999511 ], [ 121.869301676000077, -10.617000373999929, 0.010099999999511 ], [ 121.869235358000083, -10.617316812999945, 0.010099999999511 ], [ 121.86914893800008, -10.617525500999932, 0.010099999999511 ], [ 121.868944243000101, -10.617755188999979, 0.010099999999511 ], [ 121.868611527000098, -10.618021788999954, 0.010099999999511 ], [ 121.867810046000045, -10.618554735999965, 0.010099999999511 ], [ 121.867512170000055, -10.61865224099995, 0.010099999999511 ], [ 121.867128300000104, -10.618789269999979, 0.010099999999511 ], [ 121.866861277000112, -10.619028296999943, 0.010099999999511 ], [ 121.866568274000088, -10.619368085999952, 0.010099999999511 ], [ 121.866363979000084, -10.619569642999977, 0.010099999999511 ], [ 121.866026266000063, -10.619819340999982, 0.010099999999511 ], [ 121.865814588000035, -10.620012796999958, 0.010099999999511 ], [ 121.865581620000057, -10.620311252999954, 0.010099999999511 ], [ 121.865505633000112, -10.620413454999948, 0.010099999999511 ], [ 121.865260606000106, -10.620743090999952, 0.010099999999511 ], [ 121.864528785000061, -10.621626986999956, 0.010099999999511 ], [ 121.864302679000048, -10.621909327999958, 0.010099999999511 ], [ 121.864077282000039, -10.622121538999977, 0.010099999999511 ], [ 121.863859077000029, -10.622421176999978, 0.010099999999511 ], [ 121.863644551000107, -10.622553442999958, 0.010099999999511 ], [ 121.863275479000094, -10.622675916999981, 0.010099999999511 ], [ 121.863138536000065, -10.62266208799997, 0.010099999999511 ], [ 121.862967740000045, -10.622576670999933, 0.010099999999511 ], [ 121.862608331000047, -10.622313647999931, 0.010099999999511 ], [ 121.862603628000102, -10.62268920799994, 0.010099999999511 ], [ 121.862524368000095, -10.622820379999951, 0.010099999999511 ], [ 121.862429889000055, -10.622791943999971, 0.010099999999511 ], [ 121.862294131000112, -10.622650187999966, 0.010099999999511 ], [ 121.862235360000113, -10.622677651999936, 0.010099999999511 ], [ 121.862068751000038, -10.622826701999941, 0.010099999999511 ], [ 121.861880150000047, -10.622979745999942, 0.010099999999511 ], [ 121.861772222000013, -10.622976234999953, 0.010099999999511 ], [ 121.861650246000067, -10.62290672599994, 0.010099999999511 ], [ 121.861512557000083, -10.622851798999932, 0.010099999999511 ], [ 121.861466408000069, -10.62289823499998, 0.010099999999511 ], [ 121.861393652000061, -10.622976482999945, 0.010099999999511 ], [ 121.861339352000073, -10.622949405999975, 0.010099999999511 ], [ 121.861146113000018, -10.622843118999981, 0.010099999999511 ], [ 121.861121314000115, -10.62290732699995, 0.010099999999511 ], [ 121.861168262000092, -10.622996481999962, 0.010099999999511 ], [ 121.861198731000059, -10.623119799999927, 0.010099999999511 ], [ 121.861150175000034, -10.623176755999964, 0.010099999999511 ], [ 121.861063149000074, -10.623132753999926, 0.010099999999511 ], [ 121.860927586000116, -10.623059638999962, 0.010099999999511 ], [ 121.860806585000091, -10.623098191999929, 0.010099999999511 ], [ 121.860539077000112, -10.623203456999931, 0.010099999999511 ], [ 121.860456674000034, -10.623116571999958, 0.010099999999511 ], [ 121.860489444000109, -10.623055994999959, 0.010099999999511 ], [ 121.860536098000011, -10.622906047999948, 0.010099999999511 ], [ 121.860496305000083, -10.62279316799993, 0.010099999999511 ], [ 121.860393624000039, -10.622712801999967, 0.010099999999511 ], [ 121.860335258000077, -10.622623318999956, 0.010099999999511 ], [ 121.860345028000097, -10.62250514699997, 0.010099999999511 ], [ 121.860399124000082, -10.622266704999959, 0.010099999999511 ], [ 121.86034552600006, -10.622030113999926, 0.010099999999511 ], [ 121.860164353000073, -10.621603210999979, 0.010099999999511 ], [ 121.859710423000024, -10.621008969999934, 0.010099999999511 ], [ 121.859635074000039, -10.620633109999972, 0.010099999999511 ], [ 121.859578025000019, -10.620360467999944, 0.010099999999511 ], [ 121.85946974400008, -10.620159743999977, 0.010099999999511 ], [ 121.859249570000088, -10.61996002199993, 0.010099999999511 ], [ 121.85899912800005, -10.619830385999933, 0.010099999999511 ], [ 121.858551376000037, -10.619673559999967, 0.010099999999511 ], [ 121.857964326000115, -10.619517458999951, 0.010099999999511 ], [ 121.857494255, -10.619399986999952, 0.010099999999511 ], [ 121.85607707500003, -10.619310893999966, 0.010099999999511 ], [ 121.855626652000069, -10.619361958999946, 0.010099999999511 ], [ 121.854749525000102, -10.619536639999978, 0.010099999999511 ], [ 121.854051139000035, -10.619657402999962, 0.010099999999511 ], [ 121.851840640000091, -10.620021455999961, 0.010099999999511 ], [ 121.85076795100008, -10.620191410999951, 0.010099999999511 ], [ 121.848698539000111, -10.620565401999954, 0.010099999999511 ], [ 121.84656171600011, -10.621310327999936, 0.010099999999511 ], [ 121.846347209000101, -10.621418607999942, 0.010099999999511 ], [ 121.846208487000013, -10.62155516699994, 0.010099999999511 ], [ 121.845975708000083, -10.62188809099996, 0.010099999999511 ], [ 121.845791380000037, -10.621958192999955, 0.010099999999511 ], [ 121.845068401000049, -10.622115901999962, 0.010099999999511 ], [ 121.844756611000093, -10.622332168999947, 0.010099999999511 ], [ 121.844134147000091, -10.622736446999966, 0.010099999999511 ], [ 121.843911057000014, -10.622804395999935, 0.010099999999511 ], [ 121.843621839000093, -10.622804877999954, 0.010099999999511 ], [ 121.843405905000054, -10.62282668499995, 0.010099999999511 ], [ 121.843229991000044, -10.622859399999982, 0.010099999999511 ], [ 121.843037178000031, -10.622980322999979, 0.010099999999511 ], [ 121.842678026000044, -10.62328324899994, 0.010099999999511 ], [ 121.842422382000109, -10.623661622999975, 0.010099999999511 ], [ 121.842258091000076, -10.623801743999934, 0.010099999999511 ], [ 121.842154220000111, -10.623968809999951, 0.010099999999511 ], [ 121.842093907000049, -10.624188963999927, 0.010099999999511 ], [ 121.842108056000029, -10.624316843999964, 0.010099999999511 ], [ 121.842095240000049, -10.624446364999926, 0.010099999999511 ], [ 121.842026235000048, -10.62451176899998, 0.010099999999511 ], [ 121.841894454000112, -10.624628619999953, 0.010099999999511 ], [ 121.841869431000077, -10.625, 0.010099999999511 ], [ 121.841869400000064, -10.625000463999982, 0.010099999999511 ], [ 121.841866993000053, -10.625036093999938, 0.010099999999511 ], [ 121.841858680000087, -10.625159147999966, 0.005099999994854 ], [ 121.841853678, -10.625233198999979, 0.010099999999511 ], [ 121.841533254000069, -10.625307648999978, 0.010099999999511 ], [ 121.840353800000116, -10.625405863999958, 0.010099999999511 ], [ 121.840113511000027, -10.625285899999938, 0.010099999999511 ], [ 121.840002229000106, -10.62531058199994, 0.010099999999511 ], [ 121.839830296000059, -10.625473607999936, 0.010099999999511 ], [ 121.839652836000027, -10.625677328999927, 0.010099999999511 ], [ 121.839570627000057, -10.625696941999934, 0.010099999999511 ], [ 121.839438817000087, -10.625669805999962, 0.010099999999511 ], [ 121.839159864000067, -10.625638403999972, 0.010099999999511 ], [ 121.838995896000029, -10.625689937999937, 0.010099999999511 ], [ 121.838823167000101, -10.625743883999974, 0.010099999999511 ], [ 121.83813723500009, -10.625853766999967, 0.010099999999511 ], [ 121.837830935000056, -10.625856327999941, 0.010099999999511 ], [ 121.837731548000079, -10.625792356999966, 0.010099999999511 ], [ 121.837709554000071, -10.62571742199998, 0.010099999999511 ], [ 121.837786838000056, -10.625661141999956, 0.010099999999511 ], [ 121.837902739000015, -10.625533798999982, 0.010099999999511 ], [ 121.83788611500006, -10.625479420999966, 0.010099999999511 ], [ 121.837856235000118, -10.62538348399994, 0.010099999999511 ], [ 121.837816322000094, -10.625307333999956, 0.010099999999511 ], [ 121.837599202000092, -10.625162137999951, 0.010099999999511 ], [ 121.837389177000091, -10.625081293999926, 0.010099999999511 ], [ 121.837149931000113, -10.625036093999938, 0.010099999999511 ], [ 121.836960006000027, -10.625000211999975, 0.010099999999511 ], [ 121.836958883000079, -10.625, 0.010099999999511 ], [ 121.836549335000086, -10.624922651999952, 0.010099999999511 ], [ 121.835445365000055, -10.624714119999965, 0.010099999999511 ], [ 121.835396039000102, -10.624696334999953, 0.010099999999511 ], [ 121.83534348, -10.624679796999942, 0.010099999999511 ], [ 121.834633073000077, -10.624402266999937, 0.010099999999511 ], [ 121.834304132000057, -10.624173067999948, 0.010099999999511 ], [ 121.83410965500002, -10.624111992999929, 0.010099999999511 ], [ 121.833928503000038, -10.624101634999931, 0.010099999999511 ], [ 121.833812328000022, -10.624093749999929, 0.010099999999511 ], [ 121.833669959000076, -10.624047451999957, 0.010099999999511 ], [ 121.831939964000071, -10.623443304999967, 0.010099999999511 ], [ 121.831456415000048, -10.623382171999936, 0.010099999999511 ], [ 121.831366469000045, -10.623400864999951, 0.010099999999511 ], [ 121.831316328000071, -10.623481939999976, 0.010099999999511 ], [ 121.831257791000098, -10.623595002999934, 0.010099999999511 ], [ 121.831183153000097, -10.623570724999979, 0.010099999999511 ], [ 121.831117264000113, -10.623497995999969, 0.010099999999511 ], [ 121.830999003000102, -10.623263290999944, 0.010099999999511 ], [ 121.830874955000013, -10.623167234999926, 0.010099999999511 ], [ 121.830704505000085, -10.62310929299997, 0.010099999999511 ], [ 121.830578134, -10.623126878999926, 0.010099999999511 ], [ 121.830392308000114, -10.623127371999942, 0.010099999999511 ], [ 121.829576578000115, -10.622964126999932, 0.010099999999511 ], [ 121.829379691000099, -10.622956651999971, 0.010099999999511 ], [ 121.829258548000098, -10.622896828999956, 0.010099999999511 ], [ 121.828937518000089, -10.622749563999946, 0.010099999999511 ], [ 121.828613862000111, -10.62273890299997, 0.010099999999511 ], [ 121.828421489000107, -10.622775177999927, 0.010099999999511 ], [ 121.827787028000103, -10.622773643999949, 0.010099999999511 ], [ 121.827651433000028, -10.62264515399994, 0.010099999999511 ], [ 121.827475836000076, -10.622609413999953, 0.010099999999511 ], [ 121.827109526000072, -10.622500923999951, 0.010099999999511 ], [ 121.827084120000109, -10.62241328999994, 0.010099999999511 ], [ 121.827081083000053, -10.622178837999968, 0.010099999999511 ], [ 121.827020914000059, -10.621951561999936, 0.010099999999511 ], [ 121.826852048000092, -10.621741398999973, 0.010099999999511 ], [ 121.82663203200002, -10.621592092999947, 0.010099999999511 ], [ 121.826413603000105, -10.621402216999968, 0.010099999999511 ], [ 121.826226536000036, -10.621114956999975, 0.010099999999511 ], [ 121.825581045000035, -10.620515327999954, 0.010099999999511 ], [ 121.825374367000109, -10.620312466999962, 0.010099999999511 ], [ 121.82522601300002, -10.620243567999978, 0.010099999999511 ], [ 121.824912791000088, -10.620121644999927, 0.010099999999511 ], [ 121.824625987000104, -10.619922891999977, 0.010099999999511 ], [ 121.824282990000029, -10.619703547999961, 0.010099999999511 ], [ 121.823574180000037, -10.619374554999979, 0.010099999999511 ], [ 121.822455325000078, -10.618696238999974, 0.010099999999511 ], [ 121.822388936000038, -10.618573848999972, 0.010099999999511 ], [ 121.822290574000021, -10.618351215999951, 0.010099999999511 ], [ 121.821796722000045, -10.61795271799997, 0.010099999999511 ], [ 121.821570371, -10.617711483999926, 0.010099999999511 ], [ 121.821216360000108, -10.61739265999995, 0.010099999999511 ], [ 121.821122645000059, -10.617298731999938, 0.010099999999511 ], [ 121.821080619000099, -10.617279295999936, 0.010099999999511 ], [ 121.820902105000073, -10.617172799999935, 0.010099999999511 ], [ 121.820683233000068, -10.616953733999935, 0.010099999999511 ], [ 121.82034873900011, -10.616603220999934, 0.010099999999511 ], [ 121.81939201900002, -10.615893873999937, 0.010099999999511 ], [ 121.818957017000116, -10.615537482999969, 0.010099999999511 ], [ 121.817705965000073, -10.614724587999945, 0.005099999994854 ], [ 121.817506535, -10.614637576999939, 0.010099999999511 ], [ 121.817130125000062, -10.61442094399996, 0.010099999999511 ], [ 121.81646540600002, -10.614093064999963, 0.010099999999511 ], [ 121.815778420000015, -10.613872770999933, 0.010099999999511 ], [ 121.813865792000115, -10.613522359999934, 0.010099999999511 ], [ 121.813311681000073, -10.613393960999929, 0.010099999999511 ], [ 121.81170041900009, -10.613042090999954, 0.010099999999511 ], [ 121.811265029000083, -10.612985842999933, 0.010099999999511 ], [ 121.810712018000117, -10.612827738999954, 0.010099999999511 ], [ 121.810200194000117, -10.612651503999928, 0.010099999999511 ], [ 121.809890129000109, -10.61272146999994, 0.010099999999511 ], [ 121.80979723900009, -10.612793119999935, 0.010099999999511 ], [ 121.809558015000107, -10.613122404999956, 0.010099999999511 ], [ 121.809208428000034, -10.613157572999967, 0.010099999999511 ], [ 121.80907073100002, -10.613094012999966, 0.010099999999511 ], [ 121.808859461000111, -10.612892153999951, 0.010099999999511 ], [ 121.808673920000047, -10.612750827999946, 0.010099999999511 ], [ 121.808489574000077, -10.612697442999945, 0.010099999999511 ], [ 121.808134734000078, -10.612677606999966, 0.010099999999511 ], [ 121.80800566500011, -10.612740340999949, 0.010099999999511 ], [ 121.807654433000039, -10.613030949999938, 0.010099999999511 ], [ 121.807473377000065, -10.613053568999931, 0.010099999999511 ], [ 121.80733378900004, -10.613004982999939, 0.010099999999511 ], [ 121.807035236000047, -10.61288405199997, 0.010099999999511 ], [ 121.806865859000027, -10.612815454999975, 0.010099999999511 ], [ 121.806709791000117, -10.612829112999975, 0.010099999999511 ], [ 121.80628192000006, -10.612832969999943, 0.010099999999511 ], [ 121.806137481000064, -10.612741577999941, 0.010099999999511 ], [ 121.805966673000057, -10.612571425999931, 0.010099999999511 ], [ 121.805863794000061, -10.612431116999971, 0.010099999999511 ], [ 121.80558700600011, -10.612186607999945, 0.010099999999511 ], [ 121.805487806000087, -10.61202445999993, 0.010099999999511 ], [ 121.805090841000037, -10.611652454999955, 0.010099999999511 ], [ 121.803912513000114, -10.610865990999969, 0.010099999999511 ], [ 121.803791124000099, -10.61086510399997, 0.010099999999511 ], [ 121.80362724500003, -10.610961934999978, 0.005099999994854 ], [ 121.80356847500002, -10.610688379999942, 0.0 ], [ 121.803526835000071, -10.610527765999962, 0.0 ], [ 121.803485194000018, -10.610307665999926, 0.0 ], [ 121.803425708000077, -10.610069719999956, 0.0 ], [ 121.803384067000025, -10.609849619999977, 0.0 ], [ 121.803351350000071, -10.609706852999977, 0.0 ], [ 121.803379530000029, -10.609401974999969, 0.0 ], [ 121.80344853400004, -10.609130715999981, 0.0 ], [ 121.803472329000101, -10.609037916999966, 0.0 ], [ 121.803474708000067, -10.608966532999943, 0.0 ], [ 121.8034651910001, -10.608911805999981, 0.0 ], [ 121.80339893900009, -10.608802656999956, 0.0 ], [ 121.803401914, -10.608743170999958, 0.0 ], [ 121.80344853400004, -10.608635787999958, 0.0 ], [ 121.803522298000075, -10.608571542999925, 0.0 ], [ 121.803629373000035, -10.608526332999929, 0.0 ], [ 121.80377073000011, -10.608523069999933, 0.0 ], [ 121.804155234000064, -10.608517121999967, 0.0 ], [ 121.804579747000048, -10.608517121999967, 0.0 ], [ 121.804803945000117, -10.608578666999961, 0.0 ], [ 121.804999126000098, -10.608600402999969, 0.0 ], [ 121.805176810000034, -10.608571468999969, 0.0 ], [ 121.805459934000055, -10.608438665999927, 0.0 ], [ 121.806094273000099, -10.608006529999955, 0.0 ], [ 121.806230705000075, -10.607859602999952, 0.0 ], [ 121.806312637000019, -10.607812098999943, 0.0 ], [ 121.806439296, -10.607756685999959, 0.0 ], [ 121.806728678000013, -10.607656009999971, 0.0 ], [ 121.806823856000051, -10.607532277999951, 0.0 ], [ 121.806833374, -10.60733240299993, 0.0 ], [ 121.806814338000095, -10.607151563999935, 0.0 ], [ 121.806814338000095, -10.607056385999954, 0.0 ], [ 121.806823856000051, -10.606894582999928, 0.0 ], [ 121.806842891000088, -10.606751814999939, 0.0 ], [ 121.806870038000056, -10.606636442999957, 0.0 ], [ 121.806958051000038, -10.606507606999969, 0.0 ], [ 121.807156981000048, -10.606294958999968, 0.0 ], [ 121.807499622000023, -10.606076047999977, 0.0 ], [ 121.80783274700002, -10.605733405999956, 0.0 ], [ 121.808023104000085, -10.605504976999953, 0.0 ], [ 121.808192244000111, -10.605317098999933, 0.0 ], [ 121.808549164000055, -10.604774581999948, 0.0 ], [ 121.808848975000046, -10.604339139999979, 0.0 ], [ 121.8089631900001, -10.604146404999938, 0.0 ], [ 121.809078355000111, -10.603627522999943, 0.0 ], [ 121.809085477000053, -10.603484254999955, 0.0 ], [ 121.809073580000018, -10.603424767999968, 0.0 ], [ 121.808906376000095, -10.603203811999947, 0.0 ], [ 121.808859445000053, -10.603113558999951, 0.0 ], [ 121.807969466000031, -10.600787431999947, 0.0 ], [ 121.807462151000095, -10.599772694999956, 0.0 ], [ 121.804505194000058, -10.594925415999967, 0.0 ], [ 121.805574129000092, -10.594974089999937, 0.0 ], [ 121.806395043000066, -10.594926501999964, 0.0 ], [ 121.806870935, -10.594878912999945, 0.0 ], [ 121.807263547000048, -10.594831322999937, 0.0 ], [ 121.807670595000104, -10.594649207999964, 0.0 ], [ 121.810711386000094, -10.592927753999959, 0.0 ], [ 121.811307900000088, -10.592573388999938, 0.0 ], [ 121.81215333900002, -10.592071147999945, 0.0 ], [ 121.812681579000014, -10.591871273999971, 0.0 ], [ 121.813381141000036, -10.591728505999981, 0.0 ], [ 121.814037872000085, -10.591814166999939, 0.0 ], [ 121.814251721000119, -10.59190031299994, 0.0 ], [ 121.814527684000041, -10.591330144999972, 0.0 ], [ 121.814729938000028, -10.591008917999943, 0.0 ], [ 121.814991679000059, -10.590735278999944, 0.0 ], [ 121.815217727000118, -10.59056871699994, 0.0 ], [ 121.815479469000024, -10.590461640999933, 0.0 ], [ 121.815634133000117, -10.59042594899995, 0.0 ], [ 121.815955360000089, -10.590306975999965, 0.0 ], [ 121.816121923000082, -10.59015231099994, 0.0 ], [ 121.816288485000086, -10.589878673999976, 0.0 ], [ 121.816421735000063, -10.589564584999948, 0.0 ], [ 121.816683476000094, -10.589202905999969, 0.0 ], [ 121.817035636000014, -10.588788879999981, 0.0 ], [ 121.817035636000014, -10.588669907999929, 0.0 ], [ 121.817035636000014, -10.588546174999976, 0.0 ], [ 121.817026118000058, -10.588474791999943, 0.0 ], [ 121.817011842000056, -10.588379612999972, 0.0 ], [ 121.816964252000048, -10.588265398999965, 0.0 ], [ 121.816949975000057, -10.588174978999973, 0.0 ], [ 121.816958766000084, -10.588019140999961, 0.0 ], [ 121.817090958000108, -10.588046279999958, 0.0 ], [ 121.817206759000101, -10.588056988999938, 0.0 ], [ 121.817495030000032, -10.588000802999943, 0.0 ], [ 121.81764350900005, -10.587962730999948, 0.0 ], [ 121.81770632700011, -10.587939887999937, 0.0 ], [ 121.817746302000046, -10.587924659999942, 0.0 ], [ 121.817782470000111, -10.587924659999942, 0.0 ], [ 121.817828155000029, -10.58793798499994, 0.0 ], [ 121.817857601000014, -10.587975892999964, 0.0 ], [ 121.81787689500004, -10.588000914999952, 0.0 ], [ 121.817956563000052, -10.588194056999953, 0.0 ], [ 121.818005342000106, -10.58828923599998, 0.0 ], [ 121.818046983000045, -10.588352291999968, 0.0 ], [ 121.81811717700009, -10.588398690999952, 0.0 ], [ 121.818181422000066, -10.588434382999935, 0.0 ], [ 121.818274762000101, -10.588488567999946, 0.0 ], [ 121.818365626000059, -10.588545619999934, 0.0 ], [ 121.818621622000023, -10.588727056999971, 0.0 ], [ 121.818795323000018, -10.588809147999939, 0.0 ], [ 121.819032079000067, -10.588897187999976, 0.0 ], [ 121.819316425000011, -10.588963812999964, 0.0 ], [ 121.819649867000066, -10.589008355999965, 0.0 ], [ 121.820179511000106, -10.589039312999944, 0.0 ], [ 121.820349125, -10.589049226999975, 0.0 ], [ 121.82048021300011, -10.589077516999964, 0.0 ], [ 121.820585179000091, -10.589125228999933, 0.0 ], [ 121.820631579000064, -10.589171628999964, 0.0 ], [ 121.820650721000106, -10.589343324999959, 0.0 ], [ 121.820721917000014, -10.589642708999975, 0.0 ], [ 121.820884882000087, -10.589930675999938, 0.0 ], [ 121.820957984000074, -10.589936232999946, 0.0 ], [ 121.821031328000117, -10.589899743999979, 0.0 ], [ 121.821288310000114, -10.589821221999955, 0.0 ], [ 121.821688060000042, -10.589710576999948, 0.0 ], [ 121.821970025000041, -10.589664176999975, 0.0 ], [ 121.82214491600007, -10.589642761999926, 0.0 ], [ 121.822219869000037, -10.589653469999973, 0.0 ], [ 121.8223305140001, -10.589749837999932, 0.0 ], [ 121.822455435000052, -10.58991758999997, 0.0 ], [ 121.822555373000114, -10.590038942999968, 0.0 ], [ 121.822616050000079, -10.590046080999969, 0.0 ], [ 121.822744043000057, -10.590015551999954, 0.0 ], [ 121.82278270900008, -10.589973910999959, 0.0 ], [ 121.822812453000097, -10.589914424999961, 0.0 ], [ 121.822839222000084, -10.589822219999974, 0.0 ], [ 121.822842196000011, -10.589643759999944, 0.0 ], [ 121.82284814500008, -10.589563452999926, 0.0 ], [ 121.822864312000092, -10.589517645999933, 0.0 ], [ 121.822888710000029, -10.589486659999977, 0.0 ], [ 121.822937375000038, -10.589462325999932, 0.0 ], [ 121.823026604, -10.589429608999978, 0.0 ], [ 121.823133394000024, -10.589417149999974, 0.0 ], [ 121.823253928000099, -10.58941023899996, 0.0 ], [ 121.823402436000038, -10.589421461999962, 0.0 ], [ 121.823487625000098, -10.589441505999957, 0.0 ], [ 121.82349737800007, -10.589445925999939, 0.0 ], [ 121.823690477000014, -10.589520356999969, 0.0 ], [ 121.823706535000042, -10.589525976999937, 0.0 ], [ 121.823838595000097, -10.589590222999959, 0.0 ], [ 121.824003063000077, -10.589667625999937, 0.0 ], [ 121.824015860000031, -10.589646559999949, 0.0 ], [ 121.824032279000107, -10.589628, 0.0 ], [ 121.8240572630001, -10.589604442999928, 0.0 ], [ 121.824125792000018, -10.589554474999943, 0.0 ], [ 121.824189323000041, -10.58951878299996, 0.0 ], [ 121.824220018, -10.589501650999978, 0.0 ], [ 121.824270444000035, -10.589457358999937, 0.0 ], [ 121.82427670200002, -10.589447525999958, 0.0 ], [ 121.824345111000071, -10.589367219999929, 0.0 ], [ 121.824392701000079, -10.589319629999977, 0.0 ], [ 121.824449212000104, -10.589292861999979, 0.0 ], [ 121.824535468000022, -10.58925716899995, 0.0 ], [ 121.8246990560001, -10.589179836999961, 0.0 ], [ 121.824831064000023, -10.589106183999945, 0.0 ], [ 121.824890312000093, -10.589078343999972, 0.0 ], [ 121.825048071000083, -10.58901766799994, 0.0 ], [ 121.825164426000015, -10.588970554999946, 0.0 ], [ 121.825251084000115, -10.588911200999974, 0.0 ], [ 121.825305818000061, -10.588849686999936, 0.0 ], [ 121.825393335000058, -10.588755744999958, 0.0 ], [ 121.825469478000059, -10.588715769999965, 0.0 ], [ 121.825581788000022, -10.588675795999961, 0.0 ], [ 121.825829253000052, -10.588612977999958, 0.0 ], [ 121.825973924000095, -10.588586327999963, 0.0 ], [ 121.826082427000074, -10.588597749999963, 0.0 ], [ 121.826183317000073, -10.588628206999942, 0.0 ], [ 121.826261362000082, -10.588656760999982, 0.0 ], [ 121.82631656600006, -10.588668181999935, 0.0 ], [ 121.826360348000094, -10.588670084999933, 0.0 ], [ 121.826421522000032, -10.588665378999963, 0.0 ], [ 121.826485027000103, -10.588642902999936, 0.0 ], [ 121.82652000500002, -10.588626484999963, 0.0 ], [ 121.82654427600005, -10.588617918999944, 0.0 ], [ 121.826562836000107, -10.588612207999972, 0.0 ], [ 121.82658068100011, -10.588603641999953, 0.0 ], [ 121.826599241000054, -10.58859079299998, 0.0 ], [ 121.826612090000026, -10.58857865799996, 0.0 ], [ 121.826630650000084, -10.58855581499995, 0.0 ], [ 121.826647782, -10.588528688999929, 0.0 ], [ 121.826689185000077, -10.588476578999973, 0.0 ], [ 121.82672987400008, -10.588440886999933, 0.0 ], [ 121.826818050000043, -10.588376961999927, 0.0 ], [ 121.826877059000026, -10.588337003999982, 0.0 ], [ 121.826958069000057, -10.588304598999969, 0.0 ], [ 121.827072283, -10.588253202999965, 0.0 ], [ 121.827373047000037, -10.588118049999935, 0.0 ], [ 121.827599572000054, -10.588022871999954, 0.0 ], [ 121.827818482000112, -10.587944825999955, 0.0 ], [ 121.827907949000064, -10.587891525999964, 0.0 ], [ 121.828024067000115, -10.587815382999963, 0.0 ], [ 121.828128763000109, -10.58776398599997, 0.0 ], [ 121.828220134000048, -10.587737336999965, 0.0 ], [ 121.828300085000024, -10.587725914999965, 0.0 ], [ 121.828328240000019, -10.58772971999997, 0.0 ], [ 121.828430519000108, -10.587761587999978, 0.0 ], [ 121.828518995000081, -10.587800153999979, 0.0 ], [ 121.828545099000053, -10.587815149999926, 0.0 ], [ 121.828627688000097, -10.587868927999978, 0.0 ], [ 121.82865795500004, -10.587896283999953, 0.0 ], [ 121.828773280000064, -10.587974593999945, 0.0 ], [ 121.828849923, -10.588013683999975, 0.0 ], [ 121.828942219000055, -10.588027189999934, 0.0 ], [ 121.82901632200003, -10.588031559999934, 0.0 ], [ 121.829154787000107, -10.588028581999936, 0.0 ], [ 121.829164071000037, -10.588029856999981, 0.0 ], [ 121.829231877000097, -10.588030429999947, 0.0 ], [ 121.829254720000108, -10.588034712999956, 0.0 ], [ 121.829277563000119, -10.588043992999928, 0.0 ], [ 121.829345945000114, -10.588082395999947, 0.0 ], [ 121.829400343000088, -10.588117517999933, 0.0 ], [ 121.829478865000056, -10.588178193999966, 0.0 ], [ 121.829600184000014, -10.588289269999962, 0.0 ], [ 121.829624968000076, -10.588316020999969, 0.0 ], [ 121.829685883000025, -10.588430235999965, 0.0 ], [ 121.829688676000046, -10.588440711999965, 0.0 ], [ 121.829719195000052, -10.588517799999977, 0.0 ], [ 121.829737279000028, -10.588548255999967, 0.0 ], [ 121.829773680000017, -10.588564380999969, 0.0 ], [ 121.829798665000112, -10.588568663999979, 0.0 ], [ 121.82983493100005, -10.588564807999944, 0.0 ], [ 121.829940005000026, -10.588529402999939, 0.0 ], [ 121.830098451000026, -10.588467928999933, 0.0 ], [ 121.83015416100011, -10.588439752999932, 0.0 ], [ 121.830215442000053, -10.588398206999955, 0.0 ], [ 121.830274081000084, -10.588343090999956, 0.0 ], [ 121.830308349, -10.588327442999969, 0.0 ], [ 121.830399721000049, -10.588316020999969, 0.0 ], [ 121.830578657000046, -10.58823797499997, 0.0 ], [ 121.830812795000043, -10.588148506999971, 0.0 ], [ 121.831016477000048, -10.588091399999939, 0.0 ], [ 121.831233484000109, -10.588019064999969, 0.0 ], [ 121.831374348000054, -10.587950535999937, 0.0 ], [ 121.831458106000014, -10.587891525999964, 0.0 ], [ 121.83148299700008, -10.587866634999955, 0.0 ], [ 121.831600005000041, -10.587766991999956, 0.0 ], [ 121.831633400000101, -10.587750961999973, 0.0 ], [ 121.831772427000033, -10.587708488999965, 0.0 ], [ 121.831829535000111, -10.587677079999935, 0.0 ], [ 121.831946371000072, -10.587581718999957, 0.0 ], [ 121.831983491000074, -10.587549833999958, 0.0 ], [ 121.832123362000061, -10.587436552999975, 0.0 ], [ 121.832785702000024, -10.587063856999976, 0.0 ], [ 121.833005071000116, -10.586862144999941, 0.0 ], [ 121.833119949000093, -10.586729168999966, 0.0 ], [ 121.833166624000114, -10.586639384999955, 0.0 ], [ 121.83317368400003, -10.586485071999959, 0.0 ], [ 121.833148074000064, -10.585903906999931, 0.0 ], [ 121.833137226000076, -10.585237843999948, 0.0 ], [ 121.833045795000089, -10.584295208999947, 0.0 ], [ 121.832940227000108, -10.583904362999931, 0.0 ], [ 121.83286522800006, -10.583416044999979, 0.0 ], [ 121.832998862000068, -10.582899117999943, 0.0 ], [ 121.833017264000091, -10.582695272999956, 0.0 ], [ 121.832992763000107, -10.582549270999948, 0.0 ], [ 121.832967988000064, -10.582473198999935, 0.0 ], [ 121.832884707000062, -10.58234708699996, 0.0 ], [ 121.832665157000065, -10.582029548999969, 0.0 ], [ 121.832500728000014, -10.581830920999948, 0.0 ], [ 121.832249172000047, -10.581544703999953, 0.0 ], [ 121.832190235000098, -10.58145176499994, 0.0 ], [ 121.832086397000012, -10.581226360999949, 0.0 ], [ 121.831918645000087, -10.580907512999943, 0.0 ], [ 121.831822229000068, -10.580593133999969, 0.0 ], [ 121.831817518000094, -10.580522040999938, 0.0 ], [ 121.831824657000084, -10.580413774999954, 0.0 ], [ 121.831849641000076, -10.580290042999934, 0.0 ], [ 121.831874625000069, -10.580226986999946, 0.0 ], [ 121.831954608000046, -10.580099546999975, 0.0 ], [ 121.832036429000027, -10.580002127999933, 0.0 ], [ 121.83207806900009, -10.579925985999978, 0.0 ], [ 121.832116141000029, -10.579858170999955, 0.0 ], [ 121.832186335000074, -10.579705885999942, 0.0 ], [ 121.832226499000058, -10.579588298999965, 0.0 ], [ 121.832260098, -10.579503630999966, 0.0 ], [ 121.832383830000026, -10.579328740999927, 0.0 ], [ 121.832638799000051, -10.578966115999947, 0.0 ], [ 121.832654137000077, -10.578942970999947, 0.0 ], [ 121.832792621000067, -10.578900140999963, 0.0 ], [ 121.832952521000038, -10.578843032999941, 0.0 ], [ 121.833133836000115, -10.578760227999965, 0.0 ], [ 121.833413899000107, -10.578697707999936, 0.0 ], [ 121.833853623000095, -10.578640600999961, 0.0 ], [ 121.83404207600006, -10.578603480999959, 0.0 ], [ 121.834176278000086, -10.578560650999975, 0.0 ], [ 121.834264794000092, -10.578520675999926, 0.0 ], [ 121.834897731000069, -10.578206824999938, 0.0 ], [ 121.83514281500004, -10.57805929899996, 0.0 ], [ 121.835512917000074, -10.577776222999944, 0.0 ], [ 121.83563163000008, -10.577674853999952, 0.0 ], [ 121.835771076000015, -10.577567705999968, 0.0 ], [ 121.835825686000021, -10.577514076999933, 0.0 ], [ 121.835920258000101, -10.577438594999933, 0.0 ], [ 121.835958418000018, -10.577393322999967, 0.0 ], [ 121.835979435000013, -10.577368388999957, 0.0 ], [ 121.836496146000059, -10.57701020199994, 0.0 ], [ 121.836644131000071, -10.576871872999959, 0.0 ], [ 121.836982271000011, -10.576580231999969, 0.0 ], [ 121.837712415000055, -10.576469752999969, 0.0 ], [ 121.838114761000043, -10.576400001999957, 0.0 ], [ 121.839788662000046, -10.576155580999966, 0.0 ], [ 121.842897139000115, -10.57575675399994, 0.0 ], [ 121.844562433000078, -10.575543081999967, 0.0 ], [ 121.846245836000094, -10.575543881999977, 0.0 ], [ 121.846303430000034, -10.575543916999948, 0.0 ], [ 121.84660486100006, -10.575544055999956, 0.0 ], [ 121.849454394000077, -10.575545386999977, 0.0 ], [ 121.851148837000096, -10.57552276399997, 0.0 ], [ 121.851269494, -10.575521152999954, 0.0 ], [ 121.854246024000076, -10.575481427999932, 0.0 ], [ 121.854868627000087, -10.575473056999954, 0.0 ], [ 121.854955508000103, -10.575471888999971, 0.0 ], [ 121.855073404000109, -10.575470306999932, 0.0 ], [ 121.855409171000019, -10.575465821999956, 0.0 ], [ 121.856444138000029, -10.575451971999939, 0.0 ], [ 121.856769264000036, -10.575447622999945, 0.0 ], [ 121.856950297000026, -10.575445203999948, 0.0 ], [ 121.857654391000096, -10.575405650999926, 0.0 ], [ 121.86022739100008, -10.575261099999977, 0.0 ], [ 121.861412194000081, -10.575195393999934, 0.0 ], [ 121.862417674000085, -10.575138046999939, 0.0 ], [ 121.866109196000025, -10.574892279999972, 0.0 ], [ 121.866199372000096, -10.574887329999967, 0.0 ], [ 121.866255998000042, -10.574981546999936, 0.0 ], [ 121.866323476000048, -10.57504399499993, 0.0 ], [ 121.866420024000035, -10.575092192999932, 0.0 ], [ 121.866457451000088, -10.57510932799994, 0.0 ], [ 121.866645506000054, -10.575166922999927, 0.0 ], [ 121.866770427, -10.575178820999952, 0.0 ], [ 121.866926697000054, -10.575158913999928, 0.0 ], [ 121.86709329700011, -10.575161175999938, 0.0 ], [ 121.867230653000092, -10.57511642299994, 0.0 ], [ 121.867285687000049, -10.575098491999938, 0.0 ], [ 121.867323652000096, -10.575070554999968, 0.0 ], [ 121.867372869000064, -10.57506776799994, 0.0 ], [ 121.867424397000036, -10.575066615999958, 0.0 ], [ 121.867453828000066, -10.575078624999946, 0.0 ], [ 121.867515060000073, -10.575099207999926, 0.0 ], [ 121.867675435000024, -10.575073033999956, 0.0 ], [ 121.867739681000103, -10.575051618999964, 0.0 ], [ 121.867808385000103, -10.575025190999952, 0.0 ], [ 121.867855956000085, -10.575030317999961, 0.0 ], [ 121.867916838000042, -10.575015026999949, 0.0 ], [ 121.867935874000068, -10.575009316999967, 0.0 ], [ 121.867970138000032, -10.574971244999972, 0.0 ], [ 121.868010113000082, -10.574936980999951, 0.0 ], [ 121.868080545000112, -10.574893198999973, 0.0 ], [ 121.868150977000028, -10.574868451999976, 0.0 ], [ 121.868208084000116, -10.574836091999941, 0.0 ], [ 121.868274709000048, -10.574782791999951, 0.0 ], [ 121.868312115000094, -10.574732326999936, 0.0 ], [ 121.868366080000101, -10.574689516999968, 0.0 ], [ 121.868491716000108, -10.574586723999971, 0.0 ], [ 121.868569762000106, -10.574567688999934, 0.0 ], [ 121.868653519000077, -10.574558170999978, 0.0 ], [ 121.86870491500008, -10.574554363999937, 0.0 ], [ 121.868779155000084, -10.574542941999937, 0.0 ], [ 121.868889562000049, -10.574478220999936, 0.0 ], [ 121.868958090000092, -10.574426823999943, 0.0 ], [ 121.869017101000054, -10.574383041999965, 0.0 ], [ 121.869100858000024, -10.574335452999946, 0.0 ], [ 121.869232204000014, -10.574255502999961, 0.0 ], [ 121.869340707000106, -10.574175552999975, 0.0 ], [ 121.869376875000057, -10.57410892799993, 0.0 ], [ 121.869405429000039, -10.574013749999949, 0.0 ], [ 121.869429750000108, -10.573818165999967, 0.0 ], [ 121.869427516000087, -10.573767914999962, 0.0 ], [ 121.869451221000077, -10.573634709999965, 0.0 ], [ 121.86952989800011, -10.573543384999937, 0.0 ], [ 121.869714232000092, -10.573390922999977, 0.0 ], [ 121.869875838000098, -10.573326184999928, 0.0 ], [ 121.870027896000011, -10.573258032999945, 0.0 ], [ 121.870155435000015, -10.573214250999968, 0.0 ], [ 121.870286781000118, -10.573181889999944, 0.0 ], [ 121.870599582000068, -10.573112961999982, 0.0 ], [ 121.870968044000051, -10.572903083999961, 0.0 ], [ 121.871095898000021, -10.572816031999935, 0.0 ], [ 121.871251606000101, -10.572612155999934, 0.0 ], [ 121.871407481, -10.572306469999944, 0.0 ], [ 121.871679424000035, -10.572001197999953, 0.0 ], [ 121.872010516000046, -10.571389893999935, 0.0 ], [ 121.872224982000034, -10.570931295999969, 0.0 ], [ 121.872323800000117, -10.570357441999931, 0.0 ], [ 121.872228335000045, -10.570012575999954, 0.0 ], [ 121.872066355000015, -10.569518178999942, 0.0 ], [ 121.872202010000024, -10.569451672999946, 0.0 ], [ 121.872317889000101, -10.569384270999933, 0.0 ], [ 121.872508246000052, -10.569220563999977, 0.0 ], [ 121.872781960000111, -10.568943909999973, 0.0 ], [ 121.873050265000074, -10.568658579999976, 0.0 ], [ 121.873473722000085, -10.568331807999925, 0.0 ], [ 121.873694084000022, -10.568174219999946, 0.0 ], [ 121.873814094000068, -10.568103168999926, 0.0 ], [ 121.873968283000067, -10.567985147999934, 0.0 ], [ 121.874057751, -10.567899486999977, 0.0 ], [ 121.874145315000078, -10.567775754999957, 0.0 ], [ 121.874294883000061, -10.567466065999952, 0.0 ], [ 121.874381370000037, -10.567068218999964, 0.0 ], [ 121.874387382, -10.56695210099997, 0.0 ], [ 121.874398064000047, -10.566674605999935, 0.0 ], [ 121.874408887000072, -10.566358829999956, 0.0 ], [ 121.874419360000047, -10.566138753999951, 0.0 ], [ 121.874458501000049, -10.566014482999947, 0.0 ], [ 121.874545794000028, -10.565947801999926, 0.0 ], [ 121.874671705000083, -10.565900400999965, 0.0 ], [ 121.874846046000016, -10.565834030999952, 0.0 ], [ 121.874952717000042, -10.565757849999954, 0.0 ], [ 121.8750380890001, -10.565653275999978, 0.0 ], [ 121.875169435000089, -10.565422943999977, 0.0 ], [ 121.875273846000027, -10.565223066999977, 0.0 ], [ 121.875355985000056, -10.56507268699994, 0.0 ], [ 121.87548301400011, -10.564888856999971, 0.0 ], [ 121.875531113000079, -10.564817608999931, 0.0 ], [ 121.875542534000033, -10.564749080999945, 0.0 ], [ 121.875527306000095, -10.564661516999934, 0.0 ], [ 121.875498752000112, -10.564566337999963, 0.0 ], [ 121.875414005000039, -10.56427522599995, 0.0 ], [ 121.875420883000061, -10.564130700999954, 0.0 ], [ 121.875454443000081, -10.564046233999932, 0.0 ], [ 121.875578517, -10.56389390399994, 0.0 ], [ 121.875704705000089, -10.563769940999975, 0.0 ], [ 121.875722403000054, -10.563743877999968, 0.0 ], [ 121.875866141000074, -10.563586, 0.0 ], [ 121.875921345000052, -10.563504146999946, 0.0 ], [ 121.87596893400007, -10.563384221999968, 0.0 ], [ 121.876179333000096, -10.56266342899994, 0.0 ], [ 121.876304047000076, -10.562141538999981, 0.0 ], [ 121.87630776900005, -10.562120251999943, 0.0 ], [ 121.876372490000108, -10.562076469999965, 0.0 ], [ 121.876570030000039, -10.561987826999939, 0.0 ], [ 121.876789372000076, -10.561901341999942, 0.0 ], [ 121.876969262000102, -10.561793422999926, 0.0 ], [ 121.877189554000097, -10.561663268999951, 0.0 ], [ 121.877304639000045, -10.561619194999935, 0.0 ], [ 121.877421357000117, -10.561516820999941, 0.0 ], [ 121.877486078000061, -10.561454002999938, 0.0 ], [ 121.877535571000067, -10.561394991999975, 0.0 ], [ 121.877619328000037, -10.561307427999964, 0.0 ], [ 121.877705050000031, -10.561132803999953, 0.0 ], [ 121.87779415600005, -10.561030742999947, 0.0 ], [ 121.877932415000032, -10.560876819999976, 0.0 ], [ 121.878005753000025, -10.560793464999961, 0.0 ], [ 121.878040017000103, -10.560723032999931, 0.0 ], [ 121.87807237700008, -10.560631660999945, 0.0 ], [ 121.878112352000016, -10.56055171099996, 0.0 ], [ 121.878178977000061, -10.560517446999938, 0.0 ], [ 121.878218952000111, -10.560525060999964, 0.0 ], [ 121.878277963000073, -10.560536482999964, 0.0 ], [ 121.878327456000079, -10.56053267599998, 0.0 ], [ 121.878409309000062, -10.560525060999964, 0.0 ], [ 121.878460705000066, -10.560507928999925, 0.0 ], [ 121.878525427000113, -10.560473664999961, 0.0 ], [ 121.878592052000045, -10.560424171999955, 0.0 ], [ 121.878643448000048, -10.560382293999965, 0.0 ], [ 121.878708169000106, -10.560330896999972, 0.0 ], [ 121.878863307000074, -10.560232821999932, 0.0 ], [ 121.879122436000102, -10.560145435999971, 0.0 ], [ 121.879197807000082, -10.560131370999954, 0.0 ], [ 121.879292565000014, -10.560092950999945, 0.0 ], [ 121.879378226000085, -10.560075818999962, 0.0 ], [ 121.879509485000085, -10.560098957999969, 0.0 ], [ 121.879693078000059, -10.560147459999939, 0.0 ], [ 121.879949141000111, -10.560215358999926, 0.0 ], [ 121.880050696000012, -10.560215718999928, 0.0 ], [ 121.88015719100008, -10.560187385999939, 0.0 ], [ 121.880198627000027, -10.560180301999935, 0.0 ], [ 121.880335721000051, -10.560123407999981, 0.0 ], [ 121.88078952, -10.559960531999934, 0.0 ], [ 121.880821131000062, -10.559948279999958, 0.0 ], [ 121.880893466000089, -10.559933051999963, 0.0 ], [ 121.880956284000035, -10.559933051999963, 0.0 ], [ 121.881028528000115, -10.559951219999959, 0.0 ], [ 121.881129509000061, -10.559999676999951, 0.0 ], [ 121.881244095000056, -10.560006699999974, 0.0 ], [ 121.881479766000098, -10.560020615999974, 0.0 ], [ 121.881668219000062, -10.560049168999967, 0.0 ], [ 121.881772915000056, -10.560087240999962, 0.0 ], [ 121.881849058000057, -10.560157672999935, 0.0 ], [ 121.881919490000087, -10.560178611999959, 0.0 ], [ 121.882381800000076, -10.560176122999962, 0.0 ], [ 121.882759075000081, -10.560158317999935, 0.0 ], [ 121.883484267000085, -10.56010293099996, 0.0 ], [ 121.883636509000098, -10.560072011999978, 0.0 ], [ 121.883815020000043, -10.559961592999969, 0.0 ], [ 121.883949618000088, -10.559913700999971, 0.0 ], [ 121.884015737000027, -10.559883198999955, 0.0 ], [ 121.884176391000096, -10.559796955999957, 0.0 ], [ 121.884312695000062, -10.559707440999944, 0.0 ], [ 121.884395320000067, -10.559695161999969, 0.0 ], [ 121.884438053000054, -10.559703774999946, 0.0 ], [ 121.884715833000087, -10.559733176999941, 0.0 ], [ 121.884981330000073, -10.559725036999964, 0.0 ], [ 121.885147943000106, -10.559708429999944, 0.0 ], [ 121.885277385000109, -10.559687490999977, 0.0 ], [ 121.885425190000092, -10.559646235999935, 0.0 ], [ 121.885501667000085, -10.559667299999944, 0.0 ], [ 121.885619280000014, -10.55972584999995, 0.0 ], [ 121.885855169000024, -10.558651298999962, 0.0 ], [ 121.88032307800006, -10.556334397999933, 0.0 ], [ 121.881283966000069, -10.556538410999963, 0.0 ], [ 121.881351273000064, -10.556550666999954, 0.0 ], [ 121.881374890000075, -10.55655308799993, 0.0 ], [ 121.882544291000045, -10.556592505999959, 0.0 ], [ 121.883683384000051, -10.556485104999979, 0.0 ], [ 121.884814174000098, -10.55629966999993, 0.0 ], [ 121.885953221000022, -10.556125305999956, 0.0 ], [ 121.886968612000032, -10.555690764999952, 0.0 ], [ 121.892860523000081, -10.555251920999979, 0.0 ], [ 121.893157956000096, -10.555085357999928, 0.0 ], [ 121.893574362000095, -10.55478792599996, 0.0 ], [ 121.89410974000009, -10.554288238999959, 0.0 ], [ 121.894538043000011, -10.553764757999943, 0.0 ], [ 121.895144806000076, -10.553205583999954, 0.0 ], [ 121.895585006000033, -10.552872458999957, 0.0 ], [ 121.895894336000083, -10.552789177999955, 0.0 ], [ 121.896382126000049, -10.552789177999955, 0.0 ], [ 121.896810429000084, -10.552789177999955, 0.0 ], [ 121.897286321000024, -10.552908151999929, 0.0 ], [ 121.898428463000073, -10.553086610999969, 0.0 ], [ 121.899641987000109, -10.553276967999977, 0.0 ], [ 121.900569977000032, -10.553479221999964, 0.0 ], [ 121.901831092000066, -10.553883730999928, 0.0 ], [ 121.902461649000088, -10.554359622999925, 0.0 ], [ 121.902949438000064, -10.554740336999942, 0.0 ], [ 121.903532406000068, -10.555061563999971, 0.0 ], [ 121.904258142000117, -10.555418482999926, 0.0 ], [ 121.904900597000051, -10.555668326999978, 0.0 ], [ 121.905471667000029, -10.555822990999957, 0.0 ], [ 121.906161711000095, -10.555918169999927, 0.0 ], [ 121.906899344000067, -10.555906272999948, 0.0 ], [ 121.907976310000095, -10.555694589999973, 0.0 ], [ 121.907979454000042, -10.555694567999979, 0.0 ], [ 121.908360109000114, -10.55569189299996, 0.0 ], [ 121.908627798000111, -10.555709738999951, 0.0 ], [ 121.908946960000094, -10.555879872999981, 0.0 ], [ 121.909154447000105, -10.556033689999936, 0.0 ], [ 121.909650966000072, -10.556500909999954, 0.0 ], [ 121.909853221000049, -10.556697215999975, 0.0 ], [ 121.9098617840001, -10.556701802999953, 0.0 ], [ 121.910019782000063, -10.556786444999943, 0.0 ], [ 121.910120909000057, -10.556798342999969, 0.0 ], [ 121.910239882000042, -10.556774547999964, 0.0 ], [ 121.910400496000079, -10.556703163999941, 0.0 ], [ 121.910786453000014, -10.556500064999966, 0.0 ], [ 121.91094182400002, -10.556352192999952, 0.0 ], [ 121.911114335000093, -10.556292706999955, 0.0 ], [ 121.911233308000078, -10.556221322999932, 0.0 ], [ 121.911340384000027, -10.55613804199993, 0.0 ], [ 121.911453408000057, -10.556042863999949, 0.0 ], [ 121.911560484, -10.555941736999955, 0.0 ], [ 121.911637817000042, -10.555864403999976, 0.0 ], [ 121.911703251000063, -10.555763276999926, 0.0 ], [ 121.91172704600001, -10.555632406999962, 0.0 ], [ 121.911709200000018, -10.555525330999956, 0.0 ], [ 121.911655662000044, -10.555453946999933, 0.0 ], [ 121.91155453500005, -10.555394459999945, 0.0 ], [ 121.911411767000118, -10.555311179999933, 0.0 ], [ 121.911358229000029, -10.555260615999941, 0.0 ], [ 121.911301611000113, -10.55512045699993, 0.0 ], [ 121.911322550000023, -10.554949135999948, 0.0 ], [ 121.911358718000088, -10.554821596999943, 0.0 ], [ 121.911381561000098, -10.554764489999968, 0.0 ], [ 121.911412018000078, -10.554684539999926, 0.0 ], [ 121.911429150000117, -10.554572228999973, 0.0 ], [ 121.911412018000078, -10.554486567999959, 0.0 ], [ 121.911385368000083, -10.55440852199996, 0.0 ], [ 121.911354911000103, -10.554336186999933, 0.0 ], [ 121.911309225000082, -10.55422387599998, 0.0 ], [ 121.911267050000106, -10.554155389999949, 0.0 ], [ 121.911236890000055, -10.554111564999971, 0.0 ], [ 121.911227372000099, -10.554069686999981, 0.0 ], [ 121.911227372000099, -10.554037325999957, 0.0 ], [ 121.911322538000036, -10.553880527999979, 0.0 ], [ 121.911473427000033, -10.553684991999944, 0.0 ], [ 121.911604278000027, -10.553525265999951, 0.0 ], [ 121.911651868000035, -10.553430087999971, 0.0 ], [ 121.91165567500002, -10.553371076999952, 0.0 ], [ 121.911611047000065, -10.553092331999949, 0.0 ], [ 121.911566432000086, -10.552979307999976, 0.0 ], [ 121.911578330000111, -10.552907923999953, 0.0 ], [ 121.911637817000042, -10.552848437999955, 0.0 ], [ 121.911744892000115, -10.552794898999935, 0.0 ], [ 121.911816275000092, -10.552759207999941, 0.0 ], [ 121.911935248000077, -10.552681874999962, 0.0 ], [ 121.912464678000106, -10.552414184999975, 0.0 ], [ 121.912774009000032, -10.552265468999963, 0.0 ], [ 121.912926709000089, -10.552160485999934, 0.0 ], [ 121.91300005700009, -10.552075111999955, 0.0 ], [ 121.913059544000021, -10.551956138999969, 0.0 ], [ 121.913083339000082, -10.551860960999932, 0.0 ], [ 121.913113082000109, -10.551753884999926, 0.0 ], [ 121.913124980000021, -10.551658705999955, 0.0 ], [ 121.913184466000075, -10.551527835999934, 0.0 ], [ 121.913279644000113, -10.551355324999975, 0.0 ], [ 121.913297490000105, -10.551272043999973, 0.0 ], [ 121.913297490000105, -10.551188762999971, 0.0 ], [ 121.913209004, -10.550887165999939, 0.0 ], [ 121.913137620000043, -10.550673014999973, 0.0 ], [ 121.913125723, -10.550506452999969, 0.0 ], [ 121.913125723, -10.550292300999956, 0.0 ], [ 121.913113825000096, -10.550042456999961, 0.0 ], [ 121.91310192800006, -10.549780716999976, 0.0 ], [ 121.913113825000096, -10.549542770999949, 0.0 ], [ 121.913149518000068, -10.549352413999941, 0.0 ], [ 121.913185209000062, -10.54925723599996, 0.0 ], [ 121.913292285000011, -10.549114467999971, 0.0 ], [ 121.913399361000074, -10.548959802999946, 0.0 ], [ 121.913589718000026, -10.548840829999961, 0.0 ], [ 121.91382766400011, -10.548781342999973, 0.0 ], [ 121.914041815000019, -10.548698062999961, 0.0 ], [ 121.914232172000084, -10.548638575999973, 0.0 ], [ 121.914458221000018, -10.548579089999976, 0.0 ], [ 121.914648578000083, -10.548531499999967, 0.0 ], [ 121.914910319000114, -10.548483910999948, 0.0 ], [ 121.915160162, -10.548424423999961, 0.0 ], [ 121.91550518400004, -10.548400629999946, 0.0 ], [ 121.915850206000073, -10.548400629999946, 0.0 ], [ 121.916207125000028, -10.548424423999961, 0.0 ], [ 121.916409379000015, -10.548424423999961, 0.0 ], [ 121.916541466000012, -10.548331909999945, 0.0 ], [ 121.916604495000115, -10.54825582899997, 0.0 ], [ 121.9166544630001, -10.548212998999929, 0.0 ], [ 121.916754400000059, -10.548148753999953, 0.0 ], [ 121.9168472, -10.548077368999941, 0.0 ], [ 121.91696141400007, -10.547970293999981, 0.0 ], [ 121.917047075000028, -10.547870356999965, 0.0 ], [ 121.917112047000046, -10.547763670999927, 0.0 ], [ 121.917204119000075, -10.54762765199996, 0.0 ], [ 121.917275503000042, -10.54747774599997, 0.0 ], [ 121.917330213000014, -10.547304402999941, 0.0 ], [ 121.917385417000105, -10.547146406999957, 0.0 ], [ 121.917429199000026, -10.547068360999958, 0.0 ], [ 121.917474884000058, -10.547015060999968, 0.0 ], [ 121.917522474000066, -10.546971278999933, 0.0 ], [ 121.917602751000118, -10.546904235999932, 0.0 ], [ 121.917703806000077, -10.546821014999978, 0.0 ], [ 121.917760913000052, -10.546756768999956, 0.0 ], [ 121.917800698000065, -10.546677953999961, 0.0 ], [ 121.917809342000055, -10.546588057999941, 0.0 ], [ 121.917796605000035, -10.546528340999942, 0.0 ], [ 121.917778395000028, -10.546491031999949, 0.0 ], [ 121.917594809000093, -10.546329775999936, 0.0 ], [ 121.917528184000048, -10.54628028299993, 0.0 ], [ 121.917486306000114, -10.546232693999968, 0.0 ], [ 121.91737970600002, -10.546091829999966, 0.0 ], [ 121.91730640600008, -10.545902234999971, 0.0 ], [ 121.917178265000075, -10.545740032999959, 0.0 ], [ 121.917090297000072, -10.545663059999981, 0.0 ], [ 121.916993282000021, -10.545615937999969, 0.0 ], [ 121.91692665700009, -10.545574058999932, 0.0 ], [ 121.91689620000011, -10.545535987999926, 0.0 ], [ 121.916894296, -10.54548459199998, 0.0 ], [ 121.916899187000013, -10.545344596999939, 0.0 ], [ 121.91690216500001, -10.545314818999941, 0.0 ], [ 121.916972342, -10.545014409999965, 0.0 ], [ 121.916974246000109, -10.544934459999979, 0.0 ], [ 121.916976149000106, -10.544873545999963, 0.0 ], [ 121.916991378000034, -10.544744102999971, 0.0 ], [ 121.916947137000079, -10.544543869999927, 0.0 ], [ 121.916904307000095, -10.544443932999968, 0.0 ], [ 121.916886461000104, -10.544390394999937, 0.0 ], [ 121.916900007000095, -10.544232042999965, 0.0 ], [ 121.916913332000036, -10.544178742999975, 0.0 ], [ 121.916932367000072, -10.54416351499998, 0.0 ], [ 121.917061810000064, -10.544144478999954, 0.0 ], [ 121.917153181000117, -10.544115925999961, 0.0 ], [ 121.91727159800007, -10.544044118999977, 0.0 ], [ 121.917451620000065, -10.543985346999932, 0.0 ], [ 121.917496793000055, -10.543972799999949, 0.0 ], [ 121.917618145, -10.543937107999966, 0.0 ], [ 121.917725221000069, -10.543858585999942, 0.0 ], [ 121.917785166000044, -10.543794221999974, 0.0 ], [ 121.917796605000035, -10.543715817999953, 0.0 ], [ 121.917796605000035, -10.543658710999978, 0.0 ], [ 121.917775189000054, -10.543594465999945, 0.0 ], [ 121.917682159000037, -10.543516939999961, 0.0 ], [ 121.917598616000078, -10.543350690999944, 0.0 ], [ 121.91758719500001, -10.543310715999951, 0.0 ], [ 121.917606231000036, -10.543274547999943, 0.0 ], [ 121.917644302000099, -10.54323457299995, 0.0 ], [ 121.917651916000068, -10.543192694999959, 0.0 ], [ 121.917644302000099, -10.543114647999971, 0.0 ], [ 121.917602424000052, -10.543046119999929, 0.0 ], [ 121.917554834000043, -10.542992819999938, 0.0 ], [ 121.917514859000107, -10.542918580999981, 0.0 ], [ 121.917469174000075, -10.542792944999974, 0.0 ], [ 121.917371355000114, -10.542637725999953, 0.0 ], [ 121.917354025, -10.542609367999944, 0.0 ], [ 121.917340633000094, -10.542595975999973, 0.0 ], [ 121.917228519000105, -10.542522762999965, 0.0 ], [ 121.91706212400004, -10.542456683999944, 0.0 ], [ 121.917018521000045, -10.542452323999953, 0.0 ], [ 121.916875753000113, -10.54241663199997, 0.0 ], [ 121.916711570000075, -10.542366663999928, 0.0 ], [ 121.916575942, -10.542316694999954, 0.0 ], [ 121.916447450000078, -10.542238171999941, 0.0 ], [ 121.916354652000109, -10.542173926999965, 0.0 ], [ 121.916211884000063, -10.542059712999958, 0.0 ], [ 121.916033424000034, -10.541916944999969, 0.0 ], [ 121.915947763000077, -10.541817007999953, 0.0 ], [ 121.915719336000052, -10.541474364999942, 0.0 ], [ 121.915506102000109, -10.54089393199996, 0.0 ], [ 121.919132517000094, -10.542391055999929, 0.0 ], [ 121.919501085000093, -10.542601174999959, 0.0 ], [ 121.920081826000114, -10.542932253999936, 0.0 ], [ 121.920132992000049, -10.542968696999935, 0.0 ], [ 121.921432500000037, -10.543894267999974, 0.0 ], [ 121.921472002000087, -10.543922402999954, 0.0 ], [ 121.921769377000032, -10.544134206999956, 0.0 ], [ 121.921894175000034, -10.544539141999962, 0.0 ], [ 121.921965559000114, -10.544824675999962, 0.0 ], [ 121.921994112000107, -10.54511021199994, 0.0 ], [ 121.922108327000046, -10.545509961999926, 0.0 ], [ 121.922387308000111, -10.545859502999974, 0.0 ], [ 121.922907825000038, -10.546437950999973, 0.0 ], [ 121.923735878000116, -10.547223172999963, 0.0 ], [ 121.924183324000069, -10.547562871999958, 0.0 ], [ 121.924233292000054, -10.547617599999967, 0.0 ], [ 121.924273743000072, -10.547679465999977, 0.0 ], [ 121.92430467600002, -10.547746090999965, 0.0 ], [ 121.924340368000117, -10.547843648999958, 0.0 ], [ 121.924368922000099, -10.54795310399993, 0.0 ], [ 121.924520811000093, -10.548375514999975, 0.0 ], [ 121.924735252000119, -10.54875078699996, 0.0 ], [ 121.924920850000035, -10.548950661999982, 0.0 ], [ 121.925249216000111, -10.549321857999928, 0.0 ], [ 121.925449090000029, -10.549507455999958, 0.0 ], [ 121.925920223000048, -10.549764436999965, 0.0 ], [ 121.926427644000114, -10.55000726399993, 0.0 ], [ 121.926976705000015, -10.550221293999925, 0.0 ], [ 121.927148025000065, -10.550335507999932, 0.0 ], [ 121.927305070000102, -10.55046399899993, 0.0 ], [ 121.927419283000063, -10.550635319999969, 0.0 ], [ 121.927504496000097, -10.550877774999947, 0.0 ], [ 121.927508639000052, -10.551106386999948, 0.0 ], [ 121.927547775000107, -10.551306328999942, 0.0 ], [ 121.927676266000049, -10.551534755999967, 0.0 ], [ 121.927954769000053, -10.551686477999965, 0.0 ], [ 121.928033292, -10.55172454999996, 0.0 ], [ 121.928123711000012, -10.551745964999952, 0.0 ], [ 121.928280756000049, -10.551772138999979, 0.0 ], [ 121.928404488000069, -10.551793553999971, 0.0 ], [ 121.928511563000029, -10.551829245999954, 0.0 ], [ 121.9285972240001, -10.551864937999937, 0.0 ], [ 121.928647193000074, -10.551891111999964, 0.0 ], [ 121.928704193000044, -10.551963058999945, 0.0 ], [ 121.930115581000109, -10.554976179999926, 0.0 ], [ 121.930138452000051, -10.555041418999963, 0.0 ], [ 121.930271344000062, -10.55539181599994, 0.0 ], [ 121.930367919000105, -10.555630489999942, 0.0 ], [ 121.930434201000025, -10.555726043999925, 0.0 ], [ 121.930604113000072, -10.555898610999975, 0.0 ], [ 121.930806271000051, -10.555990142999974, 0.0 ], [ 121.931063873000085, -10.556039924999936, 0.0 ], [ 121.932093173000112, -10.556234544999938, 0.0 ], [ 121.932161656000062, -10.556252663999942, 0.0 ], [ 121.932244938000053, -10.556302632999973, 0.0 ], [ 121.932297286000107, -10.556345462999957, 0.0 ], [ 121.932337737000012, -10.556426364999936, 0.0 ], [ 121.932361531000083, -10.556516783999939, 0.0 ], [ 121.932359152000117, -10.556597685999975, 0.0 ], [ 121.932309183000029, -10.55692129199997, 0.0 ], [ 121.932321080000065, -10.556995055999948, 0.0 ], [ 121.932361531000083, -10.557059300999981, 0.0 ], [ 121.932493032000025, -10.557130190999942, 0.0 ], [ 121.932607518000054, -10.557212378999964, 0.0 ], [ 121.932761640000081, -10.557250653999972, 0.0 ], [ 121.932880254000111, -10.557225862999928, 0.0 ], [ 121.932934981000017, -10.557206827999948, 0.0 ], [ 121.933056334000071, -10.557190171999935, 0.0 ], [ 121.933122959000116, -10.557199688999958, 0.0 ], [ 121.933199101000014, -10.557192550999957, 0.0 ], [ 121.933268106000014, -10.557171135999965, 0.0 ], [ 121.933337110000025, -10.55714020299996, 0.0 ], [ 121.933382320000078, -10.557104510999977, 0.0 ], [ 121.933418012000061, -10.557075956999938, 0.0 ], [ 121.933458463000079, -10.557054541999946, 0.0 ], [ 121.93351794900002, -10.557049782999968, 0.0 ], [ 121.933577436000064, -10.557059300999981, 0.0 ], [ 121.933610748000092, -10.557087854999963, 0.0 ], [ 121.933653578000076, -10.557111648999978, 0.0 ], [ 121.933700081000097, -10.557163637999963, 0.0 ], [ 121.9337430490001, -10.557189969999968, 0.0 ], [ 121.934072081000068, -10.557408889999977, 0.0 ], [ 121.934075054000118, -10.55748839499995, 0.0 ], [ 121.934115107000025, -10.557556894999948, 0.0 ], [ 121.934406464000062, -10.557708814999955, 0.0 ], [ 121.934448169, -10.557764427999928, 0.0 ], [ 121.934459361000108, -10.558030656999961, 0.0 ], [ 121.934495589000107, -10.558104023999931, 0.0 ], [ 121.934511138000062, -10.558112968999978, 0.0 ], [ 121.934521063000034, -10.558118677999971, 0.0 ], [ 121.934784386000047, -10.55822242499994, 0.0 ], [ 121.93476617500005, -10.558289977999948, 0.0 ], [ 121.934754277000025, -10.558324479999953, 0.0 ], [ 121.934740001000023, -10.558360171999936, 0.0 ], [ 121.934712637000075, -10.558408950999933, 0.0 ], [ 121.934684083000093, -10.558455350999964, 0.0 ], [ 121.934656720000021, -10.558495801999982, 0.0 ], [ 121.934626381000044, -10.55859514399998, 0.0 ], [ 121.934632925000074, -10.558635, 0.0 ], [ 121.93464601200003, -10.558699245999946, 0.0 ], [ 121.934644822000109, -10.558739695999975, 0.0 ], [ 121.934634115000108, -10.558789664999949, 0.0 ], [ 121.934623407000117, -10.558838443999946, 0.0 ], [ 121.934615079000082, -10.558897930999933, 0.0 ], [ 121.934606751000047, -10.558958606999965, 0.0 ], [ 121.93458712000006, -10.559041887999967, 0.0 ], [ 121.934566300000029, -10.559062112999982, 0.0 ], [ 121.934516331000054, -10.559096615999977, 0.0 ], [ 121.934472311000036, -10.559110891999978, 0.0 ], [ 121.934434240000087, -10.559121599999969, 0.0 ], [ 121.934374753000043, -10.559140635999938, 0.0 ], [ 121.934347390000084, -10.559152532999974, 0.0 ], [ 121.934331923000059, -10.559177516999966, 0.0 ], [ 121.934339062000049, -10.559222726999963, 0.0 ], [ 121.934364046000042, -10.559279833999938, 0.0 ], [ 121.934385461000034, -10.559313145999965, 0.0 ], [ 121.934410445000026, -10.559345268999948, 0.0 ], [ 121.934446137, -10.559389288999967, 0.0 ], [ 121.934494916000062, -10.559439257999941, 0.0 ], [ 121.934568605000095, -10.559505606999949, 0.0 ], [ 121.934593120000045, -10.559543056999928, 0.0 ], [ 121.934614601000021, -10.559602710999968, 0.0 ], [ 121.934613347000095, -10.559627631999945, 0.0 ], [ 121.934610410000118, -10.55968600999995, 0.0 ], [ 121.934602626000014, -10.559877333999964, 0.0 ], [ 121.934679259000063, -10.559868715999926, 0.0 ], [ 121.934697215000028, -10.559860303999926, 0.0 ], [ 121.93473433500003, -10.559864586999936, 0.0 ], [ 121.934753608000051, -10.559876721999956, 0.0 ], [ 121.934773285, -10.559894478999979, 0.0 ], [ 121.934775240000022, -10.559973850999938, 0.0 ], [ 121.934771454000042, -10.560167967999973, 0.0 ], [ 121.93477787900008, -10.560203659999956, 0.0 ], [ 121.934790728000053, -10.56022364699993, 0.0 ], [ 121.934841190000043, -10.560239495999951, 0.0 ], [ 121.93486512100003, -10.560243854999953, 0.0 ], [ 121.934874961000105, -10.560237923999978, 0.0 ], [ 121.934882813000058, -10.56022792999994, 0.0 ], [ 121.934921724000105, -10.560192219999976, 0.0 ], [ 121.934947058000034, -10.560180102999936, 0.0 ], [ 121.934987747000037, -10.560177961999955, 0.0 ], [ 121.935022725000067, -10.560187954999947, 0.0 ], [ 121.935138278000068, -10.560254670999939, 0.0 ], [ 121.935194240000101, -10.560280256999931, 0.0 ], [ 121.935293513000033, -10.560374900999932, 0.0 ], [ 121.93537901000002, -10.560500892999926, 0.0 ], [ 121.935416764000024, -10.560545587999968, 0.0 ], [ 121.935446745000036, -10.560599839999952, 0.0 ], [ 121.935485293000056, -10.560645525999973, 0.0 ], [ 121.935513846000049, -10.560686927999939, 0.0 ], [ 121.935599908000086, -10.560781632999976, 0.0 ], [ 121.935752268000101, -10.560785437999925, 0.0 ], [ 121.93580509200001, -10.560785437999925, 0.0 ], [ 121.93590448000009, -10.560754704999965, 0.0 ], [ 121.93598246800002, -10.560742614999981, 0.0 ], [ 121.936043767000115, -10.560778911999932, 0.0 ], [ 121.936084917000017, -10.560829695999928, 0.0 ], [ 121.93614487900004, -10.560926777999953, 0.0 ], [ 121.936250085000097, -10.561118265999937, 0.0 ], [ 121.936407978000034, -10.561443615999963, 0.0 ], [ 121.936432772000103, -10.561485585999947, 0.0 ], [ 121.936451022000028, -10.561516479999966, 0.0 ], [ 121.936484518000043, -10.561573170999964, 0.0 ], [ 121.936502171000029, -10.561616597999944, 0.0 ], [ 121.936567548000085, -10.561739803999956, 0.0 ], [ 121.93668006900009, -10.561795597999946, 0.0 ], [ 121.936707195000054, -10.561808447999965, 0.0 ], [ 121.936788573000058, -10.561821296999938, 0.0 ], [ 121.936874233000026, -10.561819868999976, 0.0 ], [ 121.936945617000106, -10.561809874999938, 0.0 ], [ 121.937012718, -10.561807019999947, 0.0 ], [ 121.937112655000078, -10.561807019999947, 0.0 ], [ 121.937152630000014, -10.56183128999993, 0.0 ], [ 121.937178329000062, -10.561881258999961, 0.0 ], [ 121.937208310000074, -10.561962636999965, 0.0 ], [ 121.93725780200009, -10.562129446999961, 0.0 ], [ 121.937292543000012, -10.562216762999981, 0.0 ], [ 121.937302536000061, -10.562259592999965, 0.0 ], [ 121.937305392000098, -10.562306706999948, 0.0 ], [ 121.937305392000098, -10.562360957999942, 0.0 ], [ 121.937299681000013, -10.562399505999963, 0.0 ], [ 121.937288260000059, -10.562432341999966, 0.0 ], [ 121.937262562000114, -10.562480882999978, 0.0 ], [ 121.937201806000076, -10.56255349199995, 0.0 ], [ 121.937155486000051, -10.562610801999938, 0.0 ], [ 121.937129788000107, -10.56267932999998, 0.0 ], [ 121.93710980000003, -10.562777839999967, 0.0 ], [ 121.937111228000049, -10.562843512999962, 0.0 ], [ 121.937115511000115, -10.562890625999955, 0.0 ], [ 121.937205467000013, -10.563029264999955, 0.0 ], [ 121.937323968000101, -10.563186134999967, 0.0 ], [ 121.937464271000067, -10.563295202999939, 0.0 ], [ 121.937708981000014, -10.563400365999939, 0.005099999994854 ], [ 121.937642056000072, -10.563452671999926, 0.010099999999511 ], [ 121.937530753000033, -10.563573267999971, 0.010099999999511 ], [ 121.937239906000059, -10.564094200999932, 0.010099999999511 ], [ 121.936909272000094, -10.564740886999971, 0.010099999999511 ], [ 121.936335959000075, -10.565646400999981, 0.010099999999511 ], [ 121.935825117000036, -10.566281106999952, 0.010099999999511 ], [ 121.934861086000069, -10.567118471999947, 0.010099999999511 ], [ 121.934465777000014, -10.567382060999932, 0.010099999999511 ], [ 121.933359141000096, -10.568016075999935, 0.010099999999511 ], [ 121.932898419000026, -10.56823699499995, 0.010099999999511 ], [ 121.932322620000036, -10.568478090999974, 0.010099999999511 ], [ 121.931802471000083, -10.568706640999949, 0.010099999999511 ], [ 121.93132454900001, -10.569027088999974, 0.010099999999511 ], [ 121.930995562000021, -10.569265747999964, 0.010099999999511 ], [ 121.930380291, -10.569626657999947, 0.010099999999511 ], [ 121.930081010000094, -10.56981854299994, 0.010099999999511 ], [ 121.929124330000036, -10.570495699999981, 0.010099999999511 ], [ 121.92842878700003, -10.570988006999926, 0.010099999999511 ], [ 121.928147636000062, -10.571197462999976, 0.010099999999511 ], [ 121.927958027000045, -10.571421720999979, 0.010099999999511 ], [ 121.927854, -10.571598562999952, 0.010099999999511 ], [ 121.927717691000112, -10.571830205999959, 0.010099999999511 ], [ 121.927611361000118, -10.572136361999981, 0.010099999999511 ], [ 121.927524430000062, -10.572591231999979, 0.010099999999511 ], [ 121.927228838000019, -10.573808019999944, 0.010099999999511 ], [ 121.926931834000015, -10.574482214999932, 0.010099999999511 ], [ 121.926819200000068, -10.574679148999962, 0.010099999999511 ], [ 121.926529274000018, -10.57496692899997, 0.010099999999511 ], [ 121.925963204000027, -10.575225683999975, 0.010099999999511 ], [ 121.925423117000037, -10.575391919999959, 0.010099999999511 ], [ 121.924900683000033, -10.575594799999976, 0.010099999999511 ], [ 121.924617153000099, -10.575743887999977, 0.010099999999511 ], [ 121.924238526000067, -10.576016686999935, 0.010099999999511 ], [ 121.924031106000029, -10.576196702999937, 0.0 ], [ 121.923926204000054, -10.576287701999945, 0.010099999999511 ], [ 121.923565651000104, -10.576621434999936, 0.010099999999511 ], [ 121.922236614000099, -10.577587515999937, 0.010099999999511 ], [ 121.921794367000075, -10.577925513999958, 0.010099999999511 ], [ 121.919885325000109, -10.57917871899997, 0.010099999999511 ], [ 121.919131237000101, -10.579809743999931, 0.010099999999511 ], [ 121.91869254900007, -10.580228235999925, 0.010099999999511 ], [ 121.918480202000069, -10.580509077999977, 0.010099999999511 ], [ 121.918250999000065, -10.580939583999964, 0.010099999999511 ], [ 121.91821462300004, -10.581011036999939, 0.010099999999511 ], [ 121.918164216000037, -10.58110985999997, 0.010099999999511 ], [ 121.917943204000039, -10.581315196999981, 0.010099999999511 ], [ 121.917576159000077, -10.581511048999971, 0.010099999999511 ], [ 121.917516245000115, -10.58154310499998, 0.005099999994854 ], [ 121.917291242000033, -10.581663486999958, 0.010099999999511 ], [ 121.916804452000065, -10.58213292399995, 0.010099999999511 ], [ 121.916667923000091, -10.582569885999931, 0.010099999999511 ], [ 121.916664711000067, -10.58263459099993, 0.010099999999511 ], [ 121.916778300000033, -10.582685520999974, 0.010099999999511 ], [ 121.916907267000056, -10.582709798999929, 0.010099999999511 ], [ 121.917048771000054, -10.582793890999938, 0.010099999999511 ], [ 121.917162430000076, -10.582923825999956, 0.010099999999511 ], [ 121.917258681000021, -10.583320464999929, 0.010099999999511 ], [ 121.917247061000012, -10.583479266999973, 0.010099999999511 ], [ 121.91675336600008, -10.583891240999947, 0.010099999999511 ], [ 121.916692738000052, -10.58399000999998, 0.010099999999511 ], [ 121.916688438000051, -10.584111177999944, 0.010099999999511 ], [ 121.91681660800009, -10.584309063999967, 0.010099999999511 ], [ 121.916901020000068, -10.584431137999957, 0.010099999999511 ], [ 121.916946805000066, -10.584537643999965, 0.010099999999511 ], [ 121.916935039, -10.584610171999941, 0.010099999999511 ], [ 121.916758388000062, -10.58471624699996, 0.010099999999511 ], [ 121.916529180000111, -10.584786666999946, 0.010099999999511 ], [ 121.916181086000051, -10.585074707999979, 0.010099999999511 ], [ 121.916007505000039, -10.585204404999956, 0.010099999999511 ], [ 121.915564831000097, -10.585451432999946, 0.010099999999511 ], [ 121.915340965000041, -10.585660700999938, 0.010099999999511 ], [ 121.915204528000118, -10.585878668999953, 0.010099999999511 ], [ 121.9151435550001, -10.58610449899993, 0.010099999999511 ], [ 121.915236633000063, -10.586790762999954, 0.010099999999511 ], [ 121.915248327000086, -10.586917458999949, 0.010099999999511 ], [ 121.915069565000067, -10.587168050999935, 0.010099999999511 ], [ 121.914865231000022, -10.587345199999959, 0.010099999999511 ], [ 121.914695459000086, -10.587426711999967, 0.010099999999511 ], [ 121.914468520000014, -10.587431235999929, 0.010099999999511 ], [ 121.914249081000094, -10.587424368999962, 0.010099999999511 ], [ 121.913476490000107, -10.587722295999981, 0.010099999999511 ], [ 121.913178108000011, -10.587868857999979, 0.010099999999511 ], [ 121.912604274000046, -10.58845139999994, 0.010099999999511 ], [ 121.912678107000033, -10.588696074999973, 0.010099999999511 ], [ 121.912737608000043, -10.588917828999968, 0.010099999999511 ], [ 121.912707426000111, -10.58912987399998, 0.010099999999511 ], [ 121.912383742000088, -10.58963560799998, 0.010099999999511 ], [ 121.91233774400007, -10.590224043999967, 0.010099999999511 ], [ 121.912303562000034, -10.590418204999935, 0.010099999999511 ], [ 121.912243628000056, -10.590502381999954, 0.010099999999511 ], [ 121.912116489000027, -10.590540389999944, 0.010099999999511 ], [ 121.911896578000096, -10.590507489999936, 0.010099999999511 ], [ 121.9117045160001, -10.590412172999947, 0.010099999999511 ], [ 121.911524045000078, -10.590411299999971, 0.010099999999511 ], [ 121.911239592000015, -10.590535184999965, 0.010099999999511 ], [ 121.911057424000091, -10.590736388999971, 0.010099999999511 ], [ 121.91093834000003, -10.590867919999937, 0.010099999999511 ], [ 121.910803258000101, -10.59097371799993, 0.010099999999511 ], [ 121.910433521000073, -10.590931047999959, 0.010099999999511 ], [ 121.910092995000014, -10.590851421999957, 0.010099999999511 ], [ 121.909946418000118, -10.590788123999971, 0.010099999999511 ], [ 121.90985265300003, -10.590662144999953, 0.010099999999511 ], [ 121.909811065000099, -10.590565727999945, 0.010099999999511 ], [ 121.909760475000098, -10.590547995999941, 0.010099999999511 ], [ 121.909644891000084, -10.590507464999973, 0.010099999999511 ], [ 121.907872366000106, -10.591103503999932, 0.010099999999511 ], [ 121.906047363000084, -10.591813892999937, 0.010099999999511 ], [ 121.905491952000034, -10.59203630899998, 0.010099999999511 ], [ 121.905104216000041, -10.592144401999974, 0.010099999999511 ], [ 121.904974114000083, -10.592180673999962, 0.010099999999511 ], [ 121.90469133900001, -10.592263147999972, 0.010099999999511 ], [ 121.904096643000116, -10.59243644999998, 0.010099999999511 ], [ 121.903463768000051, -10.592628450999939, 0.010099999999511 ], [ 121.903006259000108, -10.592769809999936, 0.010099999999511 ], [ 121.902354757000012, -10.593048932999977, 0.010099999999511 ], [ 121.901641970000014, -10.593416994999927, 0.010099999999511 ], [ 121.90111765000006, -10.59363280599996, 0.010099999999511 ], [ 121.900795107000022, -10.593748963999928, 0.010099999999511 ], [ 121.899338046000025, -10.594307772999969, 0.010099999999511 ], [ 121.897967773000119, -10.594839367999953, 0.010099999999511 ], [ 121.89731998000002, -10.595130918999928, 0.010099999999511 ], [ 121.897051294000107, -10.595289865999973, 0.010099999999511 ], [ 121.895946687000105, -10.596216621999929, 0.010099999999511 ], [ 121.894267872000114, -10.59773860699994, 0.010099999999511 ], [ 121.893174889000079, -10.598613778999947, 0.010099999999511 ], [ 121.892684360000089, -10.598923826999965, 0.010099999999511 ], [ 121.892196122000087, -10.599239466999961, 0.010099999999511 ], [ 121.891384365000022, -10.599936889999981, 0.010099999999511 ], [ 121.891094898, -10.600271394999936, 0.010099999999511 ], [ 121.8907081750001, -10.600738978999971, 0.010099999999511 ], [ 121.890566778000107, -10.600905988999955, 0.010099999999511 ], [ 121.890495652000027, -10.601200648999964, 0.010099999999511 ], [ 121.890431396000054, -10.601380559999939, 0.005099999994854 ], [ 121.890181952000034, -10.60166210999995, 0.010099999999511 ], [ 121.889611544000104, -10.602160749999939, 0.010099999999511 ], [ 121.888984390000019, -10.602827546999947, 0.010099999999511 ], [ 121.888629556000069, -10.603409523999971, 0.010099999999511 ], [ 121.887320660000114, -10.605224402999966, 0.010099999999511 ], [ 121.886659131000101, -10.605938824999953, 0.010099999999511 ], [ 121.884779762000107, -10.607238279999933, 0.010099999999511 ], [ 121.884756419000041, -10.607256179999979, 0.010099999999511 ], [ 121.884059968000088, -10.607810455999982, 0.010099999999511 ], [ 121.883649350000042, -10.608207801999981, 0.010099999999511 ], [ 121.883060457000056, -10.608584041999961, 0.010099999999511 ], [ 121.882668700000067, -10.608884801999977, 0.010099999999511 ], [ 121.882464841000115, -10.609107420999976, 0.010099999999511 ], [ 121.882433484000103, -10.60914160699997, 0.010099999999511 ], [ 121.882285165000098, -10.609328328999936, 0.010099999999511 ], [ 121.882251004000068, -10.609454077999942, 0.005099999994854 ], [ 121.882216843000037, -10.609579827999937, 0.010099999999511 ] ] ] ] } },
{ "type": "Feature", "properties": { "nm_kecamatan": "Hawu Mehara" }, "geometry": { "type": "MultiPolygon", "coordinates": [ [ [ [ 121.771433602000116, -10.60812077199995, 0.010099999999511 ], [ 121.770666984000059, -10.608226915999978, 0.010099999999511 ], [ 121.769789704000118, -10.608423394999932, 0.010099999999511 ], [ 121.76865026400003, -10.608733047999976, 0.010099999999511 ], [ 121.768260733000034, -10.608897643999967, 0.010099999999511 ], [ 121.767976777000058, -10.609087559999978, 0.010099999999511 ], [ 121.767192143000102, -10.609978070999944, 0.010099999999511 ], [ 121.766836736000073, -10.610331344999963, 0.010099999999511 ], [ 121.766090512000119, -10.610802585999977, 0.010099999999511 ], [ 121.765363714000046, -10.61109216899996, 0.010099999999511 ], [ 121.763952520000089, -10.611646514999961, 0.010099999999511 ], [ 121.763270272000113, -10.611914517999935, 0.010099999999511 ], [ 121.762280880000048, -10.612316143999976, 0.010099999999511 ], [ 121.760809582000093, -10.612709200999973, 0.010099999999511 ], [ 121.759929009000075, -10.612915145999978, 0.010099999999511 ], [ 121.758538652000084, -10.613198075999946, 0.010099999999511 ], [ 121.7577667380001, -10.613330498999971, 0.010099999999511 ], [ 121.757369593000021, -10.613368493999928, 0.010099999999511 ], [ 121.75516588500011, -10.613077637999936, 0.010099999999511 ], [ 121.755107122000027, -10.613064896999958, 0.010099999999511 ], [ 121.754711935000046, -10.613051775999963, 0.010099999999511 ], [ 121.754078616000015, -10.61300839699993, 0.010099999999511 ], [ 121.753945079000118, -10.613035181999976, 0.010099999999511 ], [ 121.753838241000039, -10.613146063999977, 0.010099999999511 ], [ 121.753676858000063, -10.613406608999981, 0.010099999999511 ], [ 121.753492391, -10.613624061999928, 0.010099999999511 ], [ 121.753211019000105, -10.613737019999974, 0.010099999999511 ], [ 121.753010305000089, -10.613801566999939, 0.010099999999511 ], [ 121.752798051000013, -10.613981677999959, 0.010099999999511 ], [ 121.752615798000079, -10.614133120999952, 0.010099999999511 ], [ 121.752393547000111, -10.614234766999971, 0.010099999999511 ], [ 121.752108914000019, -10.614399173999971, 0.010099999999511 ], [ 121.75190129300006, -10.614516783999932, 0.010099999999511 ], [ 121.751745058000097, -10.61455523799998, 0.010099999999511 ], [ 121.750830846000099, -10.614514920999966, 0.010099999999511 ], [ 121.750417288000108, -10.61482620299995, 0.010099999999511 ], [ 121.750279026000044, -10.614919142999952, 0.010099999999511 ], [ 121.750102454000057, -10.614966477999928, 0.010099999999511 ], [ 121.750006321000114, -10.614956911999968, 0.010099999999511 ], [ 121.750000205000106, -10.614956302999929, 0.010099999999511 ], [ 121.750000103000048, -10.614956292999977, 0.010099999999511 ], [ 121.750000000000114, -10.61495628299997, 0.010099999999511 ], [ 121.749957768000058, -10.614952106999965, 0.010099999999511 ], [ 121.749725505000015, -10.614912238999977, 0.010099999999511 ], [ 121.749699195000062, -10.614912383999979, 0.010099999999511 ], [ 121.749465486000076, -10.615071907999948, 0.010099999999511 ], [ 121.749302558000068, -10.615131203999965, 0.010099999999511 ], [ 121.748913795000021, -10.614872777999949, 0.010099999999511 ], [ 121.748038981000036, -10.614291260999948, 0.010099999999511 ], [ 121.747684620000086, -10.614048201999935, 0.010099999999511 ], [ 121.747337432000108, -10.613774153999941, 0.010099999999511 ], [ 121.746470379000016, -10.613062747999948, 0.010099999999511 ], [ 121.746269706000021, -10.612889762999941, 0.010099999999511 ], [ 121.746119829, -10.612636092999935, 0.010099999999511 ], [ 121.74597905600001, -10.61259894799997, 0.010099999999511 ], [ 121.745756411000116, -10.612578865999978, 0.010099999999511 ], [ 121.74540813100009, -10.612479716999928, 0.010099999999511 ], [ 121.745120978000045, -10.612318386999959, 0.010099999999511 ], [ 121.744538426000076, -10.611702370999978, 0.010099999999511 ], [ 121.744227176000095, -10.611373027999946, 0.010099999999511 ], [ 121.74396906700008, -10.610963887999958, 0.005099999994854 ], [ 121.743819080000094, -10.610689419999972, 0.010099999999511 ], [ 121.743647484, -10.61047664299997, 0.010099999999511 ], [ 121.74295367700006, -10.609685745999968, 0.010099999999511 ], [ 121.742853001000071, -10.609279623999953, 0.010099999999511 ], [ 121.741767486000072, -10.607939142999953, 0.010099999999511 ], [ 121.740343203000066, -10.606203129999926, 0.010099999999511 ], [ 121.739914387000113, -10.605550361999974, 0.010099999999511 ], [ 121.739718682000102, -10.605188024999961, 0.010099999999511 ], [ 121.739383283000052, -10.604567009999926, 0.010099999999511 ], [ 121.739342427000111, -10.60438252299997, 0.005099999994854 ], [ 121.739254211000116, -10.603984024999932, 0.010099999999511 ], [ 121.739189447000058, -10.603698044999931, 0.010099999999511 ], [ 121.739042684000083, -10.603451809999967, 0.010099999999511 ], [ 121.738769413000114, -10.603171420999956, 0.010099999999511 ], [ 121.738674985000102, -10.603120014999945, 0.010099999999511 ], [ 121.738498538000044, -10.603024020999953, 0.010099999999511 ], [ 121.738300546000119, -10.602955075999944, 0.005099999994854 ], [ 121.738207296000041, -10.602922604999947, 0.010099999999511 ], [ 121.737739573000113, -10.602877608999961, 0.010099999999511 ], [ 121.737282214000061, -10.602897967999979, 0.010099999999511 ], [ 121.736464963000117, -10.60310924199996, 0.005099999994854 ], [ 121.736233380000044, -10.603169107999975, 0.010099999999511 ], [ 121.735784496000065, -10.603249683999934, 0.010099999999511 ], [ 121.735383204000073, -10.603261515999975, 0.010099999999511 ], [ 121.734701408000092, -10.603030498999942, 0.010099999999511 ], [ 121.733825970000112, -10.602686332999951, 0.010099999999511 ], [ 121.733369308000078, -10.602526116999968, 0.010099999999511 ], [ 121.731874995000112, -10.602046028999951, 0.010099999999511 ], [ 121.730826646000082, -10.601652121999962, 0.010099999999511 ], [ 121.730474910000112, -10.601512602999946, 0.010099999999511 ], [ 121.728866216000029, -10.600526119999927, 0.010099999999511 ], [ 121.727769296000019, -10.599973231999968, 0.010099999999511 ], [ 121.727013918000011, -10.599562533999972, 0.010099999999511 ], [ 121.726371262000043, -10.59919691999994, 0.010099999999511 ], [ 121.724327433000099, -10.598251266999966, 0.010099999999511 ], [ 121.722349038000061, -10.597158424999975, 0.010099999999511 ], [ 121.721335765000049, -10.596540069999946, 0.010099999999511 ], [ 121.719862288000058, -10.595810767999978, 0.010099999999511 ], [ 121.719195894000109, -10.595506765999971, 0.010099999999511 ], [ 121.718313925000075, -10.595098238999981, 0.010099999999511 ], [ 121.717954949000045, -10.594916530999967, 0.010099999999511 ], [ 121.716969019000089, -10.594417466999971, 0.010099999999511 ], [ 121.716227203000017, -10.594081383999935, 0.010099999999511 ], [ 121.7157512120001, -10.593875927999932, 0.010099999999511 ], [ 121.713801777000072, -10.593088836999925, 0.010099999999511 ], [ 121.711769767000078, -10.592417237999939, 0.010099999999511 ], [ 121.711356763000026, -10.592297447999954, 0.010099999999511 ], [ 121.711306845000081, -10.592286114999979, 0.010099999999511 ], [ 121.710169276000101, -10.591861752999932, 0.010099999999511 ], [ 121.709757077000063, -10.59168673399995, 0.010099999999511 ], [ 121.709156266000036, -10.591437295999981, 0.010099999999511 ], [ 121.708750663000046, -10.591280783999935, 0.010099999999511 ], [ 121.708558853000113, -10.591217100999927, 0.010099999999511 ], [ 121.708254982000085, -10.591238529999941, 0.010099999999511 ], [ 121.707953377000081, -10.591346754999961, 0.010099999999511 ], [ 121.707586983000056, -10.591617792999955, 0.010099999999511 ], [ 121.707265401000086, -10.591823200999954, 0.010099999999511 ], [ 121.707151915000054, -10.59191111399997, 0.010099999999511 ], [ 121.707142640000029, -10.592000379999945, 0.010099999999511 ], [ 121.707144397000093, -10.592070255999943, 0.010099999999511 ], [ 121.707016577000104, -10.592123655999956, 0.010099999999511 ], [ 121.706724171000019, -10.592024271999946, 0.010099999999511 ], [ 121.706503005000059, -10.592040335999968, 0.010099999999511 ], [ 121.706262536000054, -10.591906369999947, 0.010099999999511 ], [ 121.705953704000081, -10.591673577999927, 0.010099999999511 ], [ 121.705160650000039, -10.591264344999956, 0.010099999999511 ], [ 121.704867580000041, -10.591136114999927, 0.010099999999511 ], [ 121.704496266000092, -10.590913776999969, 0.010099999999511 ], [ 121.703188054000066, -10.590130363999947, 0.010099999999511 ], [ 121.702604588000099, -10.589811281999971, 0.010099999999511 ], [ 121.701975450000077, -10.589464308999936, 0.010099999999511 ], [ 121.701562032000083, -10.589227294999944, 0.010099999999511 ], [ 121.701282350000042, -10.589060951999954, 0.010099999999511 ], [ 121.699342422000086, -10.587921602999927, 0.010099999999511 ], [ 121.698438299000031, -10.587362371999973, 0.010099999999511 ], [ 121.697410568, -10.586726656999929, 0.010099999999511 ], [ 121.696286827000108, -10.585972952999953, 0.010099999999511 ], [ 121.695538701000032, -10.585531218999961, 0.010099999999511 ], [ 121.695177906000026, -10.585312044999966, 0.010099999999511 ], [ 121.694728864000012, -10.585010645999944, 0.010099999999511 ], [ 121.694341708000024, -10.584818157999962, 0.010099999999511 ], [ 121.693918705000101, -10.584544874999949, 0.010099999999511 ], [ 121.693052710000075, -10.583985426999959, 0.010099999999511 ], [ 121.692320305000067, -10.583517585999971, 0.010099999999511 ], [ 121.691448555000079, -10.582981832999963, 0.010099999999511 ], [ 121.690117098000087, -10.582135507999965, 0.010099999999511 ], [ 121.688259285000072, -10.580852963999973, 0.010099999999511 ], [ 121.686792361000016, -10.579960138999979, 0.010099999999511 ], [ 121.686177423000117, -10.579661176999934, 0.010099999999511 ], [ 121.685773832000109, -10.579480740999941, 0.010099999999511 ], [ 121.68558358700011, -10.579395690999945, 0.010099999999511 ], [ 121.68543795000005, -10.579293410999981, 0.010099999999511 ], [ 121.685371912000051, -10.579185239999958, 0.010099999999511 ], [ 121.68544960600002, -10.579028520999941, 0.010099999999511 ], [ 121.685219323000069, -10.578649829999961, 0.010099999999511 ], [ 121.685056677000034, -10.578518145999965, 0.010099999999511 ], [ 121.684781129000044, -10.578332982999939, 0.010099999999511 ], [ 121.684483453000098, -10.578045859999975, 0.010099999999511 ], [ 121.684314480000012, -10.577923269999928, 0.010099999999511 ], [ 121.684238023000034, -10.577868609999939, 0.010099999999511 ], [ 121.684232769000118, -10.577761969999926, 0.010099999999511 ], [ 121.684702268000024, -10.577436575999968, 0.010099999999511 ], [ 121.684823799000014, -10.577349426999945, 0.010099999999511 ], [ 121.684947993000037, -10.577043517999925, 0.010099999999511 ], [ 121.685021645, -10.576884457999938, 0.005099999994854 ], [ 121.685100649000105, -10.575879358999941, 0.010099999999511 ], [ 121.685127053000087, -10.575680575999968, 0.010099999999511 ], [ 121.685356929000022, -10.575070641999957, 0.010099999999511 ], [ 121.685831703000076, -10.574507050999955, 0.010099999999511 ], [ 121.686139626000113, -10.574265857999933, 0.010099999999511 ], [ 121.686998767000091, -10.573731511999938, 0.010099999999511 ], [ 121.687477200000103, -10.573473045999947, 0.010099999999511 ], [ 121.688543860000095, -10.572726795999927, 0.010099999999511 ], [ 121.68886830200006, -10.572499824999966, 0.010099999999511 ], [ 121.689684961000012, -10.572116781999966, 0.010099999999511 ], [ 121.690285886000083, -10.571818338999947, 0.010099999999511 ], [ 121.690753290000089, -10.571581950999928, 0.010099999999511 ], [ 121.691504361000057, -10.571197620999953, 0.010099999999511 ], [ 121.692181891000018, -10.570878195999967, 0.010099999999511 ], [ 121.693146248000062, -10.570479902999978, 0.010099999999511 ], [ 121.693881170000054, -10.57017985899995, 0.010099999999511 ], [ 121.693920209000112, -10.570160492999946, 0.010099999999511 ], [ 121.694247457000074, -10.570025451999982, 0.010099999999511 ], [ 121.695609306000051, -10.569642664999947, 0.010099999999511 ], [ 121.695931038000026, -10.569574579999937, 0.010099999999511 ], [ 121.696412421000105, -10.569454505999943, 0.010099999999511 ], [ 121.697491020000029, -10.56903162499998, 0.010099999999511 ], [ 121.698115670000107, -10.568740882999975, 0.010099999999511 ], [ 121.698278868000102, -10.568655233999948, 0.010099999999511 ], [ 121.699074489000054, -10.568252299999926, 0.010099999999511 ], [ 121.699558762000038, -10.568049668999947, 0.010099999999511 ], [ 121.699938628000041, -10.567891514999928, 0.010099999999511 ], [ 121.700187113000084, -10.567756845999952, 0.010099999999511 ], [ 121.700224320000075, -10.567670231999955, 0.010099999999511 ], [ 121.700227673000086, -10.567573654999933, 0.010099999999511 ], [ 121.700429752000105, -10.567401360999952, 0.010099999999511 ], [ 121.700629146000097, -10.567308757999967, 0.010099999999511 ], [ 121.700729350000074, -10.567273114999978, 0.010099999999511 ], [ 121.700796048000029, -10.567194140999959, 0.010099999999511 ], [ 121.700836328000037, -10.567048623999938, 0.010099999999511 ], [ 121.700949285000092, -10.56695089699997, 0.010099999999511 ], [ 121.701341018000107, -10.566839000999948, 0.010099999999511 ], [ 121.70151897300002, -10.566826334999973, 0.010099999999511 ], [ 121.701947650000079, -10.566961650999929, 0.010099999999511 ], [ 121.702172545000053, -10.567044980999981, 0.010099999999511 ], [ 121.702366773000108, -10.567036862999942, 0.010099999999511 ], [ 121.702642375000096, -10.566933738999978, 0.010099999999511 ], [ 121.703253957000015, -10.566635274999953, 0.010099999999511 ], [ 121.703470883000023, -10.566516621999938, 0.010099999999511 ], [ 121.703904316000035, -10.566278997999973, 0.010099999999511 ], [ 121.70433450500002, -10.566140858999972, 0.010099999999511 ], [ 121.704730211000083, -10.566082890999951, 0.010099999999511 ], [ 121.70513573400001, -10.56603830499995, 0.010099999999511 ], [ 121.705563681000058, -10.56582070199994, 0.010099999999511 ], [ 121.706129077000014, -10.565582856999981, 0.010099999999511 ], [ 121.706792588000098, -10.565542001999972, 0.010099999999511 ], [ 121.707066333000057, -10.565448188999937, 0.010099999999511 ], [ 121.708426646000021, -10.564563334999946, 0.010099999999511 ], [ 121.710278866000067, -10.563240592999932, 0.010099999999511 ], [ 121.710776691000092, -10.562960110999938, 0.010099999999511 ], [ 121.711289906000047, -10.562695755999925, 0.010099999999511 ], [ 121.712227649000056, -10.562086829999942, 0.010099999999511 ], [ 121.712266976000024, -10.562060943999938, 0.010099999999511 ], [ 121.712305431000118, -10.562035184999957, 0.010099999999511 ], [ 121.712956592000069, -10.561490836999951, 0.010099999999511 ], [ 121.71349525200003, -10.561018296999976, 0.010099999999511 ], [ 121.713746820000097, -10.560805879999975, 0.010099999999511 ], [ 121.713887355000111, -10.560687489999964, 0.010099999999511 ], [ 121.713887867000039, -10.560687057999928, 0.010099999999511 ], [ 121.714042606000021, -10.560556661999954, 0.010099999999511 ], [ 121.714885615000071, -10.559957674999964, 0.010099999999511 ], [ 121.715198648000069, -10.559786653999936, 0.010099999999511 ], [ 121.715460679000103, -10.559560092999959, 0.010099999999511 ], [ 121.716527080000105, -10.55857051299995, 0.010099999999511 ], [ 121.71697593600004, -10.558187757999974, 0.010099999999511 ], [ 121.717289713000014, -10.557866062999949, 0.010099999999511 ], [ 121.717597614000056, -10.557521428999962, 0.010099999999511 ], [ 121.717964271000028, -10.557086587999947, 0.010099999999511 ], [ 121.718499073000089, -10.556477727999948, 0.010099999999511 ], [ 121.719034912000097, -10.555900674999975, 0.010099999999511 ], [ 121.719302396000103, -10.555598308999947, 0.010099999999511 ], [ 121.719356253000115, -10.555527296999969, 0.010099999999511 ], [ 121.719394453000064, -10.555497321999951, 0.010099999999511 ], [ 121.719771406000064, -10.555166750999945, 0.010099999999511 ], [ 121.7204589480001, -10.554498569999964, 0.010099999999511 ], [ 121.720716082000081, -10.554259113999933, 0.010099999999511 ], [ 121.721342192000066, -10.553768577999961, 0.010099999999511 ], [ 121.721857826000019, -10.55337751999997, 0.010099999999511 ], [ 121.72359, -10.55215667899995, 0.010099999999511 ], [ 121.724197422000088, -10.551789318999965, 0.010099999999511 ], [ 121.726062384000102, -10.550669497999934, 0.010099999999511 ], [ 121.726616843000102, -10.55033717799995, 0.010099999999511 ], [ 121.727485951000062, -10.549800681999955, 0.010099999999511 ], [ 121.728126117000102, -10.549524, 0.010099999999511 ], [ 121.72831136100001, -10.549490883999965, 0.010099999999511 ], [ 121.728408863000027, -10.54947346199998, 0.010099999999511 ], [ 121.729142508000109, -10.549454336999929, 0.010099999999511 ], [ 121.729368711, -10.549448421999955, 0.010099999999511 ], [ 121.730217479000089, -10.549256471999968, 0.010099999999511 ], [ 121.7307321830001, -10.549240889999965, 0.010099999999511 ], [ 121.731058474000065, -10.549218671999938, 0.010099999999511 ], [ 121.73149984600002, -10.549072415999944, 0.010099999999511 ], [ 121.733585724000022, -10.548170512999945, 0.010099999999511 ], [ 121.734149240000079, -10.547901871999954, 0.010099999999511 ], [ 121.736203602000046, -10.546955296999954, 0.010099999999511 ], [ 121.736694790000115, -10.546776240999975, 0.005099999994854 ], [ 121.737179793000109, -10.54659943799993, 0.010099999999511 ], [ 121.73806723000007, -10.546309795999946, 0.010099999999511 ], [ 121.740026398000055, -10.545652950999965, 0.010099999999511 ], [ 121.741631299000119, -10.545063238999944, 0.010099999999511 ], [ 121.742355430000089, -10.544760516999929, 0.010099999999511 ], [ 121.743209191, -10.544408364999981, 0.010099999999511 ], [ 121.743281811000088, -10.544374273999949, 0.010099999999511 ], [ 121.744045561, -10.544015390999959, 0.010099999999511 ], [ 121.744399209000107, -10.543859182999938, 0.010099999999511 ], [ 121.745389003000014, -10.543405137999969, 0.010099999999511 ], [ 121.746443849000116, -10.542858013999933, 0.010099999999511 ], [ 121.747027213000024, -10.542586833999962, 0.010099999999511 ], [ 121.748658688000091, -10.54195126299993, 0.010099999999511 ], [ 121.748718059000112, -10.541930552999929, 0.010099999999511 ], [ 121.748896973000114, -10.541869704999954, 0.010099999999511 ], [ 121.750000000000114, -10.54150203599994, 0.010099999999511 ], [ 121.750002468000048, -10.541501212999947, 0.010099999999511 ], [ 121.750006321000114, -10.541500319999955, 0.010099999999511 ], [ 121.75040793200003, -10.54140730499995, 0.005099999994854 ], [ 121.751330278000069, -10.541193648999979, 0.010099999999511 ], [ 121.751745487000107, -10.54098486099997, 0.010099999999511 ], [ 121.75219714900004, -10.540671965999934, 0.010099999999511 ], [ 121.752491109000061, -10.540313577999939, 0.010099999999511 ], [ 121.752928169000029, -10.53973412299996, 0.010099999999511 ], [ 121.753194928000084, -10.539535728999965, 0.010099999999511 ], [ 121.753920749000031, -10.539146836999976, 0.010099999999511 ], [ 121.754694296000025, -10.538782361999949, 0.010099999999511 ], [ 121.755469965000088, -10.538438809999946, 0.010099999999511 ], [ 121.756024424000088, -10.538154858999974, 0.010099999999511 ], [ 121.756803889000025, -10.537839484999949, 0.010099999999511 ], [ 121.758418530000085, -10.537219578999952, 0.010099999999511 ], [ 121.758906274000083, -10.537032267999962, 0.010099999999511 ], [ 121.759295564000013, -10.53690264599993, 0.010099999999511 ], [ 121.76053171600006, -10.536423901999967, 0.010099999999511 ], [ 121.760814599000014, -10.53631631199994, 0.010099999999511 ], [ 121.761046344000079, -10.536551416999941, 0.0 ], [ 121.761456800000019, -10.536967822999941, 0.0 ], [ 121.761700695000059, -10.537193870999943, 0.0 ], [ 121.761873206000018, -10.537396125999976, 0.0 ], [ 121.762057614000014, -10.537574585999948, 0.0 ], [ 121.762328278000041, -10.537750069999959, 0.0 ], [ 121.762485917000049, -10.537830376999977, 0.0 ], [ 121.762759556000105, -10.537961246999942, 0.0 ], [ 121.762890090000042, -10.538035837999928, 0.0 ], [ 121.763012373000038, -10.538148629999966, 0.0 ], [ 121.763056987000027, -10.53821703999995, 0.0 ], [ 121.763062937000086, -10.538330063999979, 0.0 ], [ 121.76285473400003, -10.538627496999936, 0.0 ], [ 121.762765504000072, -10.538734572999942, 0.0 ], [ 121.762717914000064, -10.538823801999968, 0.0 ], [ 121.762700069000061, -10.538972518999969, 0.0 ], [ 121.762694120000106, -10.539240207999967, 0.0 ], [ 121.762723863000019, -10.539436512999941, 0.0 ], [ 121.762717914000064, -10.539662561999933, 0.0 ], [ 121.762753607000036, -10.539817226999958, 0.0 ], [ 121.762777401000108, -10.539954045999934, 0.0 ], [ 121.762801196000055, -10.540073018999976, 0.0 ], [ 121.76285473400003, -10.540215786999966, 0.0 ], [ 121.762926117, -10.540316913999959, 0.0 ], [ 121.763015347000078, -10.540370451999934, 0.0 ], [ 121.763592366000012, -10.540614345999927, 0.0 ], [ 121.763919543000043, -10.540709524999954, 0.0 ], [ 121.764109899000118, -10.54075116599995, 0.0 ], [ 121.764294308000103, -10.540822548999927, 0.0 ], [ 121.764377589000105, -10.540870138999935, 0.0 ], [ 121.764448973000071, -10.540971265999929, 0.0 ], [ 121.764490613000021, -10.541119981999941, 0.0 ], [ 121.764532253000084, -10.541357927999968, 0.0 ], [ 121.76453820200004, -10.541482849999966, 0.0 ], [ 121.764585792000048, -10.541756487999976, 0.0 ], [ 121.764645278000103, -10.541863563999925, 0.0 ], [ 121.764752354000052, -10.541917101999957, 0.0 ], [ 121.764889173000029, -10.541958741999963, 0.0 ], [ 121.765049786000077, -10.54201822899995, 0.0 ], [ 121.765133068000068, -10.542047971999978, 0.0 ], [ 121.76532342500002, -10.542149098999971, 0.0 ], [ 121.765442398000118, -10.542262123999933, 0.0 ], [ 121.765519730000051, -10.542375147999962, 0.0 ], [ 121.765585165000061, -10.542482223999968, 0.0 ], [ 121.765989674000025, -10.542934320999962, 0.0 ], [ 121.766126492000012, -10.543077088999951, 0.0 ], [ 121.76617408200002, -10.54315442099994, 0.0 ], [ 121.766221671000039, -10.543297188999929, 0.0 ], [ 121.766227619, -10.543386417999955, 0.0 ], [ 121.766209774000117, -10.543493493999961, 0.0 ], [ 121.766162185000098, -10.54363626199995, 0.0 ], [ 121.766037263000044, -10.543808772999967, 0.0 ], [ 121.765989674000025, -10.543933694999964, 0.0 ], [ 121.765959931000111, -10.544076462999953, 0.0 ], [ 121.765965879000078, -10.54424897399997, 0.0 ], [ 121.766025365000019, -10.544427432999953, 0.0 ], [ 121.766221671000039, -10.544701070999963, 0.0 ], [ 121.766435822000062, -10.544968759999961, 0.0 ], [ 121.766566692000083, -10.54517696299996, 0.0 ], [ 121.766638077000039, -10.545355422999933, 0.0 ], [ 121.766715409000085, -10.54562311199993, 0.0 ], [ 121.766905766000036, -10.545938389999947, 0.0 ], [ 121.767042585000013, -10.54610495299994, 0.0 ], [ 121.76718535200007, -10.546241771999973, 0.0 ], [ 121.76731027400001, -10.546295309999948, 0.0 ], [ 121.767572015000042, -10.546420231999946, 0.0 ], [ 121.76772668000001, -10.546479717999944, 0.0 ], [ 121.767845653000109, -10.546503512999948, 0.0 ], [ 121.768000318000077, -10.546551101999967, 0.0 ], [ 121.768178778000106, -10.546634382999969, 0.0 ], [ 121.768328360000055, -10.546731170999976, 0.0 ], [ 121.768805129000043, -10.547034278999945, 0.0 ], [ 121.769160306000117, -10.547395809999955, 0.0 ], [ 121.769279278000113, -10.547526680999965, 0.0 ], [ 121.769338765000043, -10.547651602999963, 0.0 ], [ 121.769350663000068, -10.547824112999933, 0.0 ], [ 121.769362560000104, -10.548008521999975, 0.0 ], [ 121.769398251000098, -10.548181032999935, 0.0 ], [ 121.769469636000053, -10.548317851999968, 0.0 ], [ 121.7695469680001, -10.548395183999958, 0.0 ], [ 121.769636197000068, -10.54840113299997, 0.0 ], [ 121.769725427000026, -10.548383285999932, 0.0 ], [ 121.769808709000017, -10.548353542999962, 0.0 ], [ 121.769987168000057, -10.548329748999947, 0.0 ], [ 121.770123987000034, -10.548317851999968, 0.0 ], [ 121.770248909000088, -10.54833569799996, 0.0 ], [ 121.770367882000073, -10.548383285999932, 0.0 ], [ 121.770522547000041, -10.548490361999939, 0.0 ], [ 121.770629623000104, -10.548633130999974, 0.0 ], [ 121.770760493000012, -10.548823487999925, 0.0 ], [ 121.77087946600011, -10.548972203999938, 0.0 ], [ 121.771040080000034, -10.549138765999942, 0.0 ], [ 121.771206642000038, -10.549305327999946, 0.0 ], [ 121.771391050000034, -10.549501633999967, 0.0 ], [ 121.771492177000027, -10.549697938999941, 0.0 ], [ 121.771551663000082, -10.549846654999953, 0.0 ], [ 121.77159925300009, -10.550019166999959, 0.0 ], [ 121.77164089300004, -10.550203574999955, 0.0 ], [ 121.771682534000092, -10.550382033999938, 0.0 ], [ 121.771730123000111, -10.550590236999938, 0.0 ], [ 121.771771763000061, -10.550768696999967, 0.0 ], [ 121.771843148000016, -10.550917412999979, 0.0 ], [ 121.77194427500001, -10.55110776999993, 0.0 ], [ 121.772063248000109, -10.551280280999947, 0.0 ], [ 121.772217913000077, -10.551488483999947, 0.0 ], [ 121.772384475000081, -10.55162530299998, 0.0 ], [ 121.772473705000039, -10.551750223999932, 0.0 ], [ 121.772515345000102, -10.551851350999925, 0.0 ], [ 121.772556986000041, -10.551994118999971, 0.0 ], [ 121.772604575000059, -10.552065502999938, 0.0 ], [ 121.772687856000061, -10.552107142999944, 0.0 ], [ 121.772794932000011, -10.552101193999931, 0.0 ], [ 121.77287327800002, -10.552064632999929, 0.0 ], [ 121.773285696000016, -10.551842427999929, 0.0 ], [ 121.7733481570001, -10.551833504999934, 0.0 ], [ 121.773484976000077, -10.551833504999934, 0.0 ], [ 121.773556359000054, -10.551869196999974, 0.0 ], [ 121.773716974000081, -10.551970323999967, 0.0 ], [ 121.773812152000119, -10.552095245999965, 0.0 ], [ 121.773919228000068, -10.552196372999958, 0.0 ], [ 121.774061995000011, -10.552273705999937, 0.0 ], [ 121.774228558000118, -10.552368883999975, 0.0 ], [ 121.774514092000118, -10.552446216999954, 0.0 ], [ 121.774692552000033, -10.552458113999933, 0.0 ], [ 121.774888858000054, -10.552464062999945, 0.0 ], [ 121.775019728000075, -10.55242242199995, 0.0 ], [ 121.775132753000094, -10.552380780999954, 0.0 ], [ 121.775269571000081, -10.552321293999967, 0.0 ], [ 121.775388544000066, -10.552273705999937, 0.0 ], [ 121.775525364000032, -10.552255859999946, 0.0 ], [ 121.775709771000038, -10.552267756999981, 0.0 ], [ 121.775906077000059, -10.55227965399996, 0.0 ], [ 121.776036948000069, -10.552327243999969, 0.0 ], [ 121.776179078000041, -10.552445172999967, 0.0 ], [ 121.776225478000015, -10.552559386999974, 0.0 ], [ 121.776236185000016, -10.55266646299998, 0.0 ], [ 121.776236185000016, -10.552752123999937, 0.0 ], [ 121.776157663000049, -10.552884183999936, 0.0 ], [ 121.776043076000065, -10.552966070999958, 0.0 ], [ 121.776036948000069, -10.552975646999926, 0.0 ], [ 121.776007407000066, -10.55300518699994, 0.0 ], [ 121.775653259000023, -10.553231438999944, 0.0 ], [ 121.775567004000095, -10.55327307899995, 0.0 ], [ 121.7753825960001, -10.553403949999961, 0.0 ], [ 121.775239828000053, -10.553552665999973, 0.0 ], [ 121.775150598000096, -10.55368948499995, 0.0 ], [ 121.775114907000102, -10.553802508999979, 0.0 ], [ 121.775085164000075, -10.554046403999962, 0.0 ], [ 121.775061368000024, -10.55423676099997, 0.0 ], [ 121.77509706100011, -10.55457583499998, 0.0 ], [ 121.775091112000041, -10.554897061999952, 0.0 ], [ 121.775061368000024, -10.555099315999939, 0.0 ], [ 121.775061368000024, -10.555265877999943, 0.0 ], [ 121.775150598000096, -10.555402695999931, 0.0 ], [ 121.775281468000117, -10.555485977999979, 0.0 ], [ 121.7753825960001, -10.555569258999981, 0.0 ], [ 121.775578901000017, -10.555652539999926, 0.0 ], [ 121.775828745000013, -10.555717974999936, 0.0 ], [ 121.77616781800009, -10.555706077999957, 0.0 ], [ 121.776441456000043, -10.555700128999945, 0.0 ], [ 121.776667505000091, -10.555717974999936, 0.0 ], [ 121.776851913000087, -10.55577746199998, 0.0 ], [ 121.777083910000101, -10.555926177999936, 0.0 ], [ 121.777268319000086, -10.556057048999946, 0.0 ], [ 121.777345651000019, -10.556170072999976, 0.0 ], [ 121.777375394000046, -10.556277148999982, 0.0 ], [ 121.777375394000046, -10.556396121999967, 0.0 ], [ 121.777339703000052, -10.55649724899996, 0.0 ], [ 121.777232627000103, -10.556634067999937, 0.0 ], [ 121.777161243000023, -10.55670545199996, 0.0 ], [ 121.777030373000116, -10.556806578999954, 0.0 ], [ 121.776881656000114, -10.556925551999939, 0.0 ], [ 121.776786478000076, -10.557014781999953, 0.0 ], [ 121.776691300000039, -10.55705642199996, 0.0 ], [ 121.776542583000037, -10.557104010999979, 0.0 ], [ 121.776387918000069, -10.557139703999951, 0.0 ], [ 121.776316534000102, -10.55715160099993, 0.0 ], [ 121.776304637000067, -10.557211086999928, 0.0 ], [ 121.776352226000085, -10.557365751999953, 0.0 ], [ 121.776393867000024, -10.557550160999938, 0.0 ], [ 121.776505107000048, -10.557970481999973, 0.0 ], [ 121.776547937000032, -10.558241740999961, 0.0 ], [ 121.776569352000024, -10.558377370999949, 0.0 ], [ 121.776569352000024, -10.558455891999927, 0.0 ], [ 121.776526521000051, -10.558548690999942, 0.0 ], [ 121.776497968000058, -10.558620074999965, 0.0 ], [ 121.776497968000058, -10.55871287399998, 0.0 ], [ 121.776547937000032, -10.558880625999961, 0.0 ], [ 121.776597906, -10.558941301999937, 0.0 ], [ 121.776719258000071, -10.558976993999977, 0.0 ], [ 121.776947686000085, -10.55901268599996, 0.0 ], [ 121.777033347000042, -10.55901268599996, 0.0 ], [ 121.777094023000018, -10.55901268599996, 0.0 ], [ 121.777204668000081, -10.559055516999933, 0.0 ], [ 121.777261776000046, -10.559155453999949, 0.0 ], [ 121.777318883000021, -10.559298220999949, 0.0 ], [ 121.777347436000014, -10.559412434999956, 0.0 ], [ 121.777354574000015, -10.559519510999962, 0.0 ], [ 121.777326020000032, -10.559712247999926, 0.0 ], [ 121.777154700000096, -10.560140550999961, 0.0 ], [ 121.777047624000033, -10.560404670999958, 0.0 ], [ 121.776961963000076, -10.560604545999979, 0.0 ], [ 121.776904856000101, -10.560718759999929, 0.0 ], [ 121.776833473000011, -10.560790143999952, 0.0 ], [ 121.776719258000071, -10.560868665999976, 0.0 ], [ 121.776633597000114, -10.560932910999952, 0.0 ], [ 121.776540799000031, -10.561011433999965, 0.0 ], [ 121.776469414000076, -10.561089955999932, 0.0 ], [ 121.776455138000074, -10.561197030999949, 0.0 ], [ 121.776476553000066, -10.561282691999963, 0.0 ], [ 121.776583629000015, -10.561404043999971, 0.0 ], [ 121.776833473000011, -10.561489704999929, 0.0 ], [ 121.776990517000058, -10.56154681299995, 0.0 ], [ 121.777126146000114, -10.561589642999934, 0.0 ], [ 121.777240360000064, -10.561639610999976, 0.0 ], [ 121.777326020000032, -10.561682440999959, 0.0 ], [ 121.777333159000023, -10.561789516999966, 0.0 ], [ 121.777333159000023, -10.561918007999964, 0.0 ], [ 121.777340297000023, -10.562346310999942, 0.0 ], [ 121.777368851, -10.562546185999963, 0.0 ], [ 121.777425958000094, -10.562731783999936, 0.0 ], [ 121.77749020300007, -10.562874551999926, 0.0 ], [ 121.777554449000036, -10.563010179999935, 0.0 ], [ 121.777611556000011, -10.563152948999971, 0.0 ], [ 121.77767580200009, -10.563331407999954, 0.0 ], [ 121.777718632000074, -10.563474175999943, 0.0 ], [ 121.777775739000049, -10.563652634999926, 0.0 ], [ 121.777797154000041, -10.563795402999972, 0.0 ], [ 121.777818569000033, -10.563945308999962, 0.0 ], [ 121.777875676, -10.564052384999968, 0.0 ], [ 121.777954199000078, -10.564080937999961, 0.0 ], [ 121.778089827000031, -10.564095214999952, 0.0 ], [ 121.778196903000094, -10.564102352999953, 0.0 ], [ 121.778339672000016, -10.564088075999962, 0.0 ], [ 121.778425332000097, -10.564188012999978, 0.0 ], [ 121.778489577000073, -10.564316504999965, 0.0 ], [ 121.778589515000021, -10.564509240999939, 0.0 ], [ 121.778718006000076, -10.564616315999956, 0.0 ], [ 121.778810805000035, -10.564716254999951, 0.0 ], [ 121.778896465000116, -10.564887574999943, 0.0 ], [ 121.778967849000082, -10.565066034999973, 0.0 ], [ 121.779067786000041, -10.565230217999954, 0.0 ], [ 121.779253385000061, -10.565344431999961, 0.0 ], [ 121.779446120000102, -10.565387261999945, 0.0 ], [ 121.779603165000026, -10.565387261999945, 0.0 ], [ 121.779745932000083, -10.565344431999961, 0.0 ], [ 121.779902977, -10.565280185999939, 0.0 ], [ 121.780010053000069, -10.565194525999971, 0.0 ], [ 121.780109990000028, -10.565051757999981, 0.0 ], [ 121.780174235000118, -10.564987512999949, 0.0 ], [ 121.780274173000066, -10.564994650999949, 0.0 ], [ 121.780380059000095, -10.565030342999933, 0.0 ], [ 121.780531749000033, -10.565140392999979, 0.0 ], [ 121.780615031000025, -10.565250442999968, 0.0 ], [ 121.780644774000052, -10.565333724999959, 0.0 ], [ 121.780680466000035, -10.565414030999932, 0.0 ], [ 121.780745901000046, -10.565494337999951, 0.0 ], [ 121.780796465000094, -10.565565721999974, 0.0 ], [ 121.780927335000115, -10.565687668999942, 0.0 ], [ 121.780966350000085, -10.565776586999959, 0.0 ], [ 121.780925829000012, -10.565891314999931, 0.0 ], [ 121.780897641000024, -10.565971120999961, 0.0 ], [ 121.78087830100003, -10.566025877999948, 0.0 ], [ 121.780888669000092, -10.566157611999927, 0.0 ], [ 121.780906515000083, -10.566234944999962, 0.0 ], [ 121.780942207000066, -10.566312277999941, 0.0 ], [ 121.780986821000056, -10.566410430999952, 0.0 ], [ 121.781031436000035, -10.566484787999968, 0.0 ], [ 121.781070102000058, -10.566559146999964, 0.0 ], [ 121.781135538000058, -10.566660273999958, 0.0 ], [ 121.781218356000068, -10.566801736999935, 0.0 ], [ 121.78137404000006, -10.567226193999943, 0.0 ], [ 121.781805274000021, -10.567570046999947, 0.0 ], [ 121.78185656800008, -10.568118045999938, 0.0 ], [ 121.782163007, -10.568292276999955, 0.0 ], [ 121.782822739000039, -10.56866737799993, 0.0 ], [ 121.783242699000084, -10.568907890999981, 0.0 ], [ 121.784755409000013, -10.56982831199997, 0.0 ], [ 121.786034141000073, -10.570604083999967, 0.0 ], [ 121.786548131000018, -10.570926028999963, 0.0 ], [ 121.787006360000078, -10.571213047999947, 0.0 ], [ 121.787521079000044, -10.571535448999953, 0.0 ], [ 121.788004998000019, -10.571838559999946, 0.0 ], [ 121.788250274, -10.571992191999982, 0.0 ], [ 121.788763909000068, -10.57231153999993, 0.0 ], [ 121.789573056000108, -10.572820706999948, 0.0 ], [ 121.790190394000092, -10.573207371999956, 0.0 ], [ 121.790802625000083, -10.573590835999937, 0.0 ], [ 121.791407993, -10.573985638999943, 0.0 ], [ 121.79199776400003, -10.574419618999968, 0.0 ], [ 121.79228726000008, -10.574629720999951, 0.0 ], [ 121.79266541800007, -10.574904144999948, 0.0 ], [ 121.793014947000074, -10.575241310999957, 0.0 ], [ 121.793486361000078, -10.575696045999962, 0.0 ], [ 121.793625843000086, -10.575841368999932, 0.0 ], [ 121.793477600000074, -10.57592733599995, 0.0 ], [ 121.7934276310001, -10.575958268999955, 0.0 ], [ 121.793351489000088, -10.576024893999943, 0.0 ], [ 121.793322935000106, -10.576045118999957, 0.0 ], [ 121.793276536, -10.576066534999939, 0.0 ], [ 121.793212290000042, -10.576090328999953, 0.0 ], [ 121.793130199000075, -10.576130779999971, 0.0 ], [ 121.79301479500009, -10.576180748999946, 0.0 ], [ 121.792844664000086, -10.57623071699993, 0.0 ], [ 121.792610287000116, -10.57628901399994, 0.0 ], [ 121.792530575000114, -10.576322326999957, 0.0 ], [ 121.792424689000086, -10.576377053999977, 0.0 ], [ 121.792337838000094, -10.576448437999943, 0.0 ], [ 121.792260506000048, -10.576486508999949, 0.0 ], [ 121.792194663000032, -10.576524737999932, 0.0 ], [ 121.792078681000021, -10.576552337999942, 0.0 ], [ 121.791986156, -10.576564271999928, 0.0 ], [ 121.791697763000116, -10.576582877999954, 0.0 ], [ 121.791603775000112, -10.576592394999977, 0.0 ], [ 121.79150026800005, -10.576622138999937, 0.0 ], [ 121.79138010500003, -10.576694711999949, 0.0 ], [ 121.791344413000047, -10.576742301999957, 0.0 ], [ 121.791315860000054, -10.576787510999964, 0.0 ], [ 121.791295634000107, -10.576824392999981, 0.0 ], [ 121.791275409000036, -10.576861274999942, 0.0 ], [ 121.791250425000044, -10.576893396999935, 0.0 ], [ 121.79113859000006, -10.576980247999927, 0.0 ], [ 121.79102794500011, -10.577055200999951, 0.0 ], [ 121.790867331000072, -10.577155137999966, 0.0 ], [ 121.790725753000061, -10.577243177999947, 0.0 ], [ 121.790654370000084, -10.577287197999965, 0.0 ], [ 121.790619867000032, -10.577315751999947, 0.0 ], [ 121.790600733000019, -10.577342406999946, 0.0 ], [ 121.79053301700003, -10.577456139999981, 0.0 ], [ 121.790516361000073, -10.57749421099993, 0.0 ], [ 121.790506843000117, -10.577539420999926, 0.0 ], [ 121.790460436000103, -10.577895520999959, 0.0 ], [ 121.790424752000035, -10.578095024999982, 0.0 ], [ 121.790398578, -10.578190203999952, 0.0 ], [ 121.790342158000044, -10.578379697999935, 0.0 ], [ 121.790340953000054, -10.578458491999982, 0.0 ], [ 121.790414282000029, -10.578692507999961, 0.0 ], [ 121.790462823000098, -10.578828136999959, 0.0 ], [ 121.79049280400011, -10.578895237999973, 0.0 ], [ 121.790521358000092, -10.579018017999942, 0.0 ], [ 121.790542773000084, -10.579143653999949, 0.0 ], [ 121.790564188000076, -10.579236452999965, 0.0 ], [ 121.790592742000058, -10.579320684999971, 0.0 ], [ 121.790745260000108, -10.579645076999952, 0.0 ], [ 121.79086243100005, -10.579858823999928, 0.0 ], [ 121.790881132000095, -10.579906032999929, 0.0 ], [ 121.790888271000085, -10.579954573999942, 0.0 ], [ 121.79089112600002, -10.580000259999963, 0.0 ], [ 121.790877023, -10.580491375999941, 0.0 ], [ 121.790878233000058, -10.580543826999929, 0.0 ], [ 121.79088751800009, -10.580894754999974, 0.0 ], [ 121.790890554000043, -10.580909479999946, 0.0 ], [ 121.790540796000073, -10.582539797999971, 0.0 ], [ 121.790540046000046, -10.582731191999926, 0.0 ], [ 121.790536108000083, -10.583736010999928, 0.0 ], [ 121.790631144000031, -10.58416701799996, 0.0 ], [ 121.790822903000048, -10.584598396999979, 0.0 ], [ 121.791015788000095, -10.584742684999981, 0.0 ], [ 121.791274726000097, -10.585000867999952, 0.0 ], [ 121.791482343000098, -10.58553614799996, 0.0 ], [ 121.791513632000033, -10.585878737999963, 0.0 ], [ 121.791589009000063, -10.586563153999975, 0.0 ], [ 121.791804524000099, -10.587385696999945, 0.0 ], [ 121.79191873700006, -10.587699786999963, 0.0 ], [ 121.792161443000055, -10.587942491999968, 0.0 ], [ 121.792903834000072, -10.58859922299996, 0.0 ], [ 121.794759814000031, -10.589627149999956, 0.0 ], [ 121.795937647000073, -10.590019760999951, 0.0 ], [ 121.797008405000042, -10.59016252899994, 0.0 ], [ 121.799364071000014, -10.590519447999952, 0.0 ], [ 121.800506213000062, -10.591019134999954, 0.0 ], [ 121.8018845900001, -10.592112965999945, 0.0 ], [ 121.804505194000058, -10.594925415999967, 0.0 ], [ 121.807462151000095, -10.599772694999956, 0.0 ], [ 121.807969466000031, -10.600787431999947, 0.0 ], [ 121.808859445000053, -10.603113558999951, 0.0 ], [ 121.808906376000095, -10.603203811999947, 0.0 ], [ 121.809073580000018, -10.603424767999968, 0.0 ], [ 121.809085477000053, -10.603484254999955, 0.0 ], [ 121.809078355000111, -10.603627522999943, 0.0 ], [ 121.8089631900001, -10.604146404999938, 0.0 ], [ 121.808848975000046, -10.604339139999979, 0.0 ], [ 121.808549164000055, -10.604774581999948, 0.0 ], [ 121.808192244000111, -10.605317098999933, 0.0 ], [ 121.808023104000085, -10.605504976999953, 0.0 ], [ 121.80783274700002, -10.605733405999956, 0.0 ], [ 121.807499622000023, -10.606076047999977, 0.0 ], [ 121.807156981000048, -10.606294958999968, 0.0 ], [ 121.806958051000038, -10.606507606999969, 0.0 ], [ 121.806870038000056, -10.606636442999957, 0.0 ], [ 121.806842891000088, -10.606751814999939, 0.0 ], [ 121.806823856000051, -10.606894582999928, 0.0 ], [ 121.806814338000095, -10.607056385999954, 0.0 ], [ 121.806814338000095, -10.607151563999935, 0.0 ], [ 121.806833374, -10.60733240299993, 0.0 ], [ 121.806823856000051, -10.607532277999951, 0.0 ], [ 121.806728678000013, -10.607656009999971, 0.0 ], [ 121.806439296, -10.607756685999959, 0.0 ], [ 121.806312637000019, -10.607812098999943, 0.0 ], [ 121.806230705000075, -10.607859602999952, 0.0 ], [ 121.806094273000099, -10.608006529999955, 0.0 ], [ 121.805459934000055, -10.608438665999927, 0.0 ], [ 121.805176810000034, -10.608571468999969, 0.0 ], [ 121.804999126000098, -10.608600402999969, 0.0 ], [ 121.804803945000117, -10.608578666999961, 0.0 ], [ 121.804579747000048, -10.608517121999967, 0.0 ], [ 121.804155234000064, -10.608517121999967, 0.0 ], [ 121.80377073000011, -10.608523069999933, 0.0 ], [ 121.803629373000035, -10.608526332999929, 0.0 ], [ 121.803522298000075, -10.608571542999925, 0.0 ], [ 121.80344853400004, -10.608635787999958, 0.0 ], [ 121.803401914, -10.608743170999958, 0.0 ], [ 121.80339893900009, -10.608802656999956, 0.0 ], [ 121.8034651910001, -10.608911805999981, 0.0 ], [ 121.803474708000067, -10.608966532999943, 0.0 ], [ 121.803472329000101, -10.609037916999966, 0.0 ], [ 121.80344853400004, -10.609130715999981, 0.0 ], [ 121.803379530000029, -10.609401974999969, 0.0 ], [ 121.803351350000071, -10.609706852999977, 0.0 ], [ 121.803384067000025, -10.609849619999977, 0.0 ], [ 121.803425708000077, -10.610069719999956, 0.0 ], [ 121.803485194000018, -10.610307665999926, 0.0 ], [ 121.803526835000071, -10.610527765999962, 0.0 ], [ 121.80356847500002, -10.610688379999942, 0.0 ], [ 121.80362724500003, -10.610961934999978, 0.005099999994854 ], [ 121.803315790000056, -10.611064686999953, 0.010099999999511 ], [ 121.803214146000073, -10.610997298999962, 0.010099999999511 ], [ 121.803098485000078, -10.61053150999993, 0.010099999999511 ], [ 121.803190509000046, -10.610276290999934, 0.010099999999511 ], [ 121.803144731000089, -10.610086094999929, 0.010099999999511 ], [ 121.803044540000087, -10.609979545999977, 0.010099999999511 ], [ 121.802692596000043, -10.60985623199997, 0.010099999999511 ], [ 121.802511412000058, -10.609739003999948, 0.010099999999511 ], [ 121.802269185000114, -10.609576207999964, 0.010099999999511 ], [ 121.801704512000015, -10.609435656999949, 0.010099999999511 ], [ 121.800400935000084, -10.60921861099996, 0.010099999999511 ], [ 121.79978635100008, -10.608916706999935, 0.010099999999511 ], [ 121.799562368000011, -10.608763367999927, 0.010099999999511 ], [ 121.799399114000039, -10.608599418999972, 0.010099999999511 ], [ 121.799079830000096, -10.608495049999931, 0.010099999999511 ], [ 121.798826082000119, -10.608390422999946, 0.010099999999511 ], [ 121.798190446000035, -10.608071054999925, 0.010099999999511 ], [ 121.797242738000023, -10.607320903999948, 0.010099999999511 ], [ 121.797010729000021, -10.607210265999981, 0.010099999999511 ], [ 121.795720711000058, -10.606868362999933, 0.010099999999511 ], [ 121.795011301000045, -10.606790811999929, 0.010099999999511 ], [ 121.793933253000091, -10.606772957999965, 0.010099999999511 ], [ 121.793614038000101, -10.606909930999961, 0.010099999999511 ], [ 121.793227404000049, -10.607219710999971, 0.010099999999511 ], [ 121.79277159600008, -10.607586234999928, 0.010099999999511 ], [ 121.792305111000019, -10.607813659999977, 0.010099999999511 ], [ 121.791872339000065, -10.608035796999957, 0.010099999999511 ], [ 121.79157947200008, -10.608172043999957, 0.010099999999511 ], [ 121.791051001000028, -10.608346153999946, 0.010099999999511 ], [ 121.790291908000086, -10.608574098999952, 0.010099999999511 ], [ 121.789740990000041, -10.608886686999938, 0.010099999999511 ], [ 121.789350774000013, -10.609011018999979, 0.010099999999511 ], [ 121.789037179000047, -10.609048386999973, 0.010099999999511 ], [ 121.78833067700009, -10.609028100999979, 0.010099999999511 ], [ 121.787922433000062, -10.608986286999937, 0.010099999999511 ], [ 121.787487500000111, -10.608848552999973, 0.010099999999511 ], [ 121.787263078000024, -10.608646833999956, 0.010099999999511 ], [ 121.787060679000092, -10.608519126999965, 0.010099999999511 ], [ 121.786714206000056, -10.608418483999969, 0.010099999999511 ], [ 121.786268674000098, -10.608270263999941, 0.010099999999511 ], [ 121.78562329500005, -10.608040316999961, 0.010099999999511 ], [ 121.784956883000063, -10.607863269999939, 0.010099999999511 ], [ 121.784293215000048, -10.607807074999926, 0.010099999999511 ], [ 121.783181399000114, -10.607692191999945, 0.010099999999511 ], [ 121.782364549000022, -10.607647363999945, 0.010099999999511 ], [ 121.780810882000083, -10.60777526399994, 0.010099999999511 ], [ 121.778576925000039, -10.607861514999968, 0.010099999999511 ], [ 121.777950286000078, -10.60789473899996, 0.010099999999511 ], [ 121.776911494000046, -10.607881932999931, 0.010099999999511 ], [ 121.775560843000108, -10.607887983999944, 0.005099999994854 ], [ 121.775128446000053, -10.60788992099998, 0.010099999999511 ], [ 121.772852893000049, -10.608000950999951, 0.010099999999511 ], [ 121.771433602000116, -10.60812077199995, 0.010099999999511 ] ] ] ] } },
{ "type": "Feature", "properties": { "nm_kecamatan": "Raijua" }, "geometry": { "type": "MultiPolygon", "coordinates": [ [ [ [ 121.275449697000113, -10.819742433999977, 0.0 ], [ 121.275443986000028, -10.819770987999959, 0.0 ], [ 121.275455408000084, -10.819799540999952, 0.0 ], [ 121.275518225000042, -10.819776698999931, 0.0 ], [ 121.275546779000024, -10.819742433999977, 0.0 ], [ 121.275589609, -10.819748144999949, 0.0 ], [ 121.275589609, -10.819779553999979, 0.0 ], [ 121.275621018000038, -10.819828094999934, 0.0 ], [ 121.27568954700007, -10.819879490999938, 0.0 ], [ 121.275718100000063, -10.819902333999948, 0.0 ], [ 121.275720955000111, -10.81994801999997, 0.0 ], [ 121.275686691000033, -10.819968006999943, 0.0 ], [ 121.275623873000086, -10.819942308999941, 0.0 ], [ 121.275572477000082, -10.819945163999932, 0.0 ], [ 121.275549634000072, -10.819968006999943, 0.0 ], [ 121.275595320000093, -10.820007981999936, 0.0 ], [ 121.275646716000097, -10.820090787999959, 0.0 ], [ 121.27564957200002, -10.820176447999927, 0.0 ], [ 121.275700968000024, -10.820276384999943, 0.0 ], [ 121.275728892000075, -10.820336527999928, 0.0 ], [ 121.275738088000026, -10.820356334999929, 0.0 ], [ 121.27581232700004, -10.820447706999971, 0.0 ], [ 121.275858012000072, -10.82056763099996, 0.0 ], [ 121.275895132000073, -10.820681845999957, 0.0 ], [ 121.275963660000116, -10.820747518999951, 0.0 ], [ 121.276043610000102, -10.820761795999942, 0.0 ], [ 121.276106428000048, -10.820833178999976, 0.0 ], [ 121.276223498000036, -10.820904562999942, 0.0 ], [ 121.276343422000082, -10.820964525999955, 0.0 ], [ 121.276457637000021, -10.820995933999939, 0.0 ], [ 121.276546152000037, -10.821013066999967, 0.0 ], [ 121.27666036700009, -10.821015921999958, 0.0 ], [ 121.276663660000054, -10.821015854999928, 0.0 ], [ 121.276722440000071, -10.821042983999973, 0.0 ], [ 121.276790303000098, -10.821084993999932, 0.0 ], [ 121.277022252000052, -10.821228580999957, 0.0 ], [ 121.277057418000027, -10.821241919999977, 0.0 ], [ 121.277217160000077, -10.821355708999931, 0.0 ], [ 121.277522683000029, -10.821567004999963, 0.0 ], [ 121.277796797000065, -10.821729759999926, 0.0 ], [ 121.277920904000098, -10.821782015999929, 0.0 ], [ 121.278078843000117, -10.821855660999972, 0.0 ], [ 121.278224585000089, -10.821921095999926, 0.0 ], [ 121.278295969000055, -10.821965710999962, 0.0 ], [ 121.278388173000053, -10.822019247999947, 0.0 ], [ 121.278450634000023, -10.822072785999978, 0.0 ], [ 121.278536890000055, -10.822126323999953, 0.0 ], [ 121.278646940000044, -10.822212579999928, 0.0 ], [ 121.278751041000078, -10.822286937999934, 0.0 ], [ 121.279021705000105, -10.822468371999946, 0.0 ], [ 121.279110935000062, -10.82253678099994, 0.0 ], [ 121.279220985000052, -10.822623036999971, 0.0 ], [ 121.279319138000119, -10.822718214999952, 0.0 ], [ 121.279405393000047, -10.822786624999935, 0.0 ], [ 121.27961954400007, -10.822950212999956, 0.0 ], [ 121.279717697000024, -10.823063236999928, 0.0 ], [ 121.279783132000034, -10.823131645999979, 0.0 ], [ 121.279824773000087, -10.82318220999997, 0.0 ], [ 121.27986046500007, -10.823229798999932, 0.0 ], [ 121.279905080000049, -10.823283336999964, 0.0 ], [ 121.279955643000108, -10.823330925999926, 0.0 ], [ 121.279997284000046, -10.823375540999962, 0.0 ], [ 121.28003297600003, -10.823429078999936, 0.0 ], [ 121.280059745000017, -10.823467744999959, 0.0 ], [ 121.280080565000048, -10.823503436999943, 0.0 ], [ 121.280131129000097, -10.82353020599993, 0.0 ], [ 121.280172769000046, -10.823539128999926, 0.0 ], [ 121.280220358000065, -10.823551026999951, 0.0 ], [ 121.280253076, -10.823580769999978, 0.0 ], [ 121.28027389600004, -10.82362835899994, 0.0 ], [ 121.280294717000061, -10.823678922999932, 0.0 ], [ 121.28033933100005, -10.823723536999978, 0.0 ], [ 121.280389895000098, -10.823750305999965, 0.0 ], [ 121.280434510000077, -10.823791946999961, 0.0 ], [ 121.280482099000096, -10.823842509999963, 0.0 ], [ 121.280514817000039, -10.823899022999967, 0.0 ], [ 121.280541586000027, -10.823937688999933, 0.0 ], [ 121.280571329000054, -10.823976354999957, 0.0 ], [ 121.280686733000039, -10.824110595999969, 0.0 ], [ 121.280806339000037, -10.824288156999955, 0.0 ], [ 121.280886289000023, -10.82438523899998, 0.0 ], [ 121.281017636000115, -10.824536571999943, 0.0 ], [ 121.281046994, -10.824575201999949, 0.0 ], [ 121.281048300000066, -10.824597897999979, 0.0 ], [ 121.281376666000028, -10.824926263999942, 0.0 ], [ 121.281590818000041, -10.825326012999938, 0.0 ], [ 121.281776416000071, -10.825611548999973, 0.0 ], [ 121.282033397000077, -10.825968467999928, 0.0 ], [ 121.282088987000066, -10.826020787999937, 0.0 ], [ 121.282119802000011, -10.826024210999947, 0.0 ], [ 121.282228305000103, -10.826024210999947, 0.0 ], [ 121.282262570000057, -10.826047053999957, 0.0 ], [ 121.282313966000061, -10.826092739999979, 0.0 ], [ 121.282325387000014, -10.826184110999975, 0.0 ], [ 121.282296834000022, -10.826275482999961, 0.0 ], [ 121.28229112300005, -10.826344010999946, 0.0 ], [ 121.282359652000082, -10.826435381999943, 0.0 ], [ 121.282433891000096, -10.826555306999978, 0.0 ], [ 121.282525262000036, -10.826629545999936, 0.0 ], [ 121.28259950100005, -10.826652388999946, 0.0 ], [ 121.282736558000011, -10.826640967999936, 0.0 ], [ 121.28281650800011, -10.826640967999936, 0.0 ], [ 121.282862194000018, -10.826680942999928, 0.0 ], [ 121.282862194000018, -10.826755181999943, 0.0 ], [ 121.282925012000078, -10.826829420999957, 0.0 ], [ 121.282982119000053, -10.826829420999957, 0.0 ], [ 121.283033515000056, -10.826829420999957, 0.0 ], [ 121.28312488600011, -10.826937924999982, 0.0 ], [ 121.283107754000071, -10.827029295999978, 0.0 ], [ 121.283079201000078, -10.827069270999971, 0.0 ], [ 121.283119176000014, -10.827103534999935, 0.0 ], [ 121.283187704000056, -10.827114955999946, 0.0 ], [ 121.283267654000042, -10.827166352999939, 0.0 ], [ 121.28327907500011, -10.827240591999953, 0.0 ], [ 121.283170572000017, -10.827269144999946, 0.0 ], [ 121.283130597000081, -10.827314830999967, 0.0 ], [ 121.283126647000017, -10.827336558999946, 0.0 ], [ 121.283119176000014, -10.82737764899997, 0.0 ], [ 121.283153440000092, -10.827469019999967, 0.0 ], [ 121.283181993000085, -10.82752041699996, 0.0 ], [ 121.28319912500001, -10.827554680999981, 0.0 ], [ 121.283136308000053, -10.827646051999977, 0.0 ], [ 121.283113465000042, -10.827651762999949, 0.0 ], [ 121.283056358000067, -10.827777397999967, 0.0 ], [ 121.283055412000067, -10.827778371999955, 0.0 ], [ 121.283013652000022, -10.827774473999966, 0.0 ], [ 121.282827864000069, -10.827694168999926, 0.0 ], [ 121.28281705500001, -10.827702855999974, 0.0 ], [ 121.282789858000115, -10.827676508999957, 0.0 ], [ 121.282610923000107, -10.827764072999969, 0.0 ], [ 121.282489094000084, -10.827866865999965, 0.0 ], [ 121.282405337000114, -10.827931586999966, 0.0 ], [ 121.282348230000025, -10.827996308999957, 0.0 ], [ 121.282268280000039, -10.828061029999958, 0.0 ], [ 121.282154066000089, -10.828080065999927, 0.0 ], [ 121.282115995000026, -10.828061029999958, 0.0 ], [ 121.282039852000025, -10.828011536999952, 0.0 ], [ 121.281887567000012, -10.828034379999963, 0.0 ], [ 121.281636295000112, -10.828038186999947, 0.0 ], [ 121.281297460000019, -10.828030572999978, 0.0 ], [ 121.280928168000059, -10.827996308999957, 0.0 ], [ 121.280551261000028, -10.82790112999993, 0.0 ], [ 121.280136283000047, -10.827859251999939, 0.0 ], [ 121.28001064800003, -10.82786638999994, 0.0 ], [ 121.279917849000071, -10.82786638999994, 0.0 ], [ 121.279851224000026, -10.827852112999949, 0.0 ], [ 121.279796496000017, -10.827825938999979, 0.0 ], [ 121.279746528000032, -10.827792626999951, 0.0 ], [ 121.279663246000041, -10.827754555999945, 0.0 ], [ 121.279587104000029, -10.82771648399995, 0.0 ], [ 121.279501443000072, -10.827706965999937, 0.0 ], [ 121.279411024000069, -10.827683171999979, 0.0 ], [ 121.279258738000067, -10.827656997999952, 0.0 ], [ 121.279165939000109, -10.827602269999943, 0.0 ], [ 121.279051725000045, -10.827557059999947, 0.0 ], [ 121.278813779000075, -10.827461881999966, 0.0 ], [ 121.278618663000088, -10.827392876999966, 0.0 ], [ 121.278513967000094, -10.827359564999938, 0.0 ], [ 121.278387855, -10.827333390999968, 0.0 ], [ 121.27826888200002, -10.827302457999963, 0.0 ], [ 121.278142771000034, -10.827288180999972, 0.0 ], [ 121.277995244000067, -10.827285801999949, 0.0 ], [ 121.277869133000081, -10.827300077999951, 0.0 ], [ 121.277835820000064, -10.827319113999977, 0.0 ], [ 121.277809646000037, -10.827333390999968, 0.0 ], [ 121.277781093000044, -10.827335769999934, 0.0 ], [ 121.277735883000105, -10.827314354999942, 0.0 ], [ 121.277674017000095, -10.827314354999942, 0.0 ], [ 121.277550285000075, -10.827340528999969, 0.0 ], [ 121.277464624000118, -10.827369082999951, 0.0 ], [ 121.277350410000054, -10.827402394999979, 0.0 ], [ 121.277176710000049, -10.827452363999953, 0.0 ], [ 121.27700776800009, -10.827499952999972, 0.0 ], [ 121.276914874000113, -10.827540879999958, 0.0 ], [ 121.276834924000013, -10.827590372999964, 0.0 ], [ 121.276753070000041, -10.827660804999937, 0.0 ], [ 121.276654085000018, -10.827727429999982, 0.0 ], [ 121.276564617000076, -10.827801668999939, 0.0 ], [ 121.276486571000078, -10.827874003999966, 0.0 ], [ 121.276425657000118, -10.827938725999957, 0.0 ], [ 121.276414235000061, -10.827974893999965, 0.0 ], [ 121.276435174000085, -10.828033903999938, 0.0 ], [ 121.276444692000041, -10.828068167999959, 0.0 ], [ 121.276465459000065, -10.828110046999939, 0.0 ], [ 121.276507510000101, -10.828146214999947, 0.0 ], [ 121.276518931000055, -10.828191899999979, 0.0 ], [ 121.276505606000114, -10.828243296999972, 0.0 ], [ 121.276493348000031, -10.828316275999953, 0.0 ], [ 121.276508923000051, -10.828335805999927, 0.0 ], [ 121.276551292000022, -10.828334667999968, 0.0 ], [ 121.276577942000017, -10.828353703999937, 0.0 ], [ 121.276589364000074, -10.828384160999974, 0.0 ], [ 121.276597148000064, -10.828446437999958, 0.0 ], [ 121.276615713000069, -10.828469717999951, 0.0 ], [ 121.276614110000082, -10.828479338999955, 0.0 ], [ 121.276612206000095, -10.828549770999928, 0.0 ], [ 121.276617917000067, -10.828627817999973, 0.0 ], [ 121.276614110000082, -10.828667792999966, 0.0 ], [ 121.276627435000023, -10.828694442999961, 0.0 ], [ 121.276667410000073, -10.828721092999956, 0.0 ], [ 121.276718806000076, -10.828755356999977, 0.0 ], [ 121.276751167000043, -10.828802945999939, 0.0 ], [ 121.276774010000054, -10.828833402999976, 0.0 ], [ 121.276772106000067, -10.828873377999969, 0.0 ], [ 121.276749263000056, -10.828898123999977, 0.0 ], [ 121.276722613000061, -10.828917159999946, 0.0 ], [ 121.276659796000104, -10.82893809899997, 0.0 ], [ 121.276613273000066, -10.828910767999957, 0.0 ], [ 121.276528449000011, -10.828907641999933, 0.0 ], [ 121.276444692000041, -10.828846727999974, 0.0 ], [ 121.276376164000112, -10.828799138999955, 0.0 ], [ 121.276331217, -10.828753922999965, 0.0 ], [ 121.276324359000114, -10.828750464999928, 0.0 ], [ 121.276309539000067, -10.828759163999962, 0.0 ], [ 121.27625433500009, -10.828757259999975, 0.0 ], [ 121.276174386000093, -10.828745838999964, 0.0 ], [ 121.276103953000074, -10.828709670999956, 0.0 ], [ 121.276039232000016, -10.828663985999981, 0.0 ], [ 121.275968800000101, -10.828625913999929, 0.0 ], [ 121.275930729000038, -10.828614492999975, 0.0 ], [ 121.275888850000115, -10.828608781999947, 0.0 ], [ 121.275839357000109, -10.828565, 0.0 ], [ 121.275778443000036, -10.828549770999928, 0.0 ], [ 121.275732758000117, -10.828532638999945, 0.0 ], [ 121.275664229000085, -10.82847553199997, 0.0 ], [ 121.275576665000017, -10.82843365399998, 0.0 ], [ 121.275498619000018, -10.828387967999959, 0.0 ], [ 121.275411054000074, -10.828349896999953, 0.0 ], [ 121.275348237000117, -10.828311824999957, 0.0 ], [ 121.275249251000105, -10.828256621999969, 0.0 ], [ 121.275157880000052, -10.828199514999937, 0.0 ], [ 121.275060798000027, -10.828180478999968, 0.0 ], [ 121.275011305000021, -10.828167153999971, 0.0 ], [ 121.2749675230001, -10.828148117999945, 0.0 ], [ 121.274948487000074, -10.828110046999939, 0.0 ], [ 121.274912319, -10.828081492999956, 0.0 ], [ 121.274796202000061, -10.828064360999974, 0.0 ], [ 121.274723866000045, -10.828045325999938, 0.0 ], [ 121.274645820000046, -10.82803200099994, 0.0 ], [ 121.274579195000115, -10.82800154399996, 0.0 ], [ 121.274527798, -10.827992025999947, 0.0 ], [ 121.274455463000095, -10.827963471999965, 0.0 ], [ 121.274381224000081, -10.827931111999931, 0.0 ], [ 121.274312695000049, -10.827912075999961, 0.0 ], [ 121.274270817000115, -10.827917786999933, 0.0 ], [ 121.274223672000062, -10.827936938999926, 0.0 ], [ 121.274218920000067, -10.827935004999972, 0.0 ], [ 121.274215613000024, -10.827938725999957, 0.0 ], [ 121.27417373500009, -10.827938725999957, 0.0 ], [ 121.274145181000108, -10.827925400999959, 0.0 ], [ 121.2741204350001, -10.827915882999946, 0.0 ], [ 121.274069038000107, -10.827927303999957, 0.0 ], [ 121.274034774000029, -10.82793682199997, 0.0 ], [ 121.274000510000064, -10.827944436999928, 0.0 ], [ 121.273977667000054, -10.827931111999931, 0.0 ], [ 121.273968149000098, -10.827915882999946, 0.0 ], [ 121.273951017000059, -10.827902557999948, 0.0 ], [ 121.273914849000107, -10.827906364999933, 0.0 ], [ 121.273876778000044, -10.827891136999938, 0.0 ], [ 121.273836803000108, -10.827851161999945, 0.0 ], [ 121.273815864000085, -10.827822607999963, 0.0 ], [ 121.2737816, -10.827795957999967, 0.0 ], [ 121.273701650000021, -10.827759789999959, 0.0 ], [ 121.273614085000077, -10.827716007999982, 0.0 ], [ 121.273522613000068, -10.827646971999968, 0.0 ], [ 121.27318493000007, -10.827475583999956, 0.0 ], [ 121.272527071000013, -10.827016033999939, 0.0 ], [ 121.272530955000093, -10.82698884499996, 0.0 ], [ 121.272576640000011, -10.826969808999934, 0.0 ], [ 121.272565219000057, -10.826927930999943, 0.0 ], [ 121.272519533000036, -10.826901280999948, 0.0 ], [ 121.272473848000118, -10.826847980999958, 0.0 ], [ 121.272435776000066, -10.826840366999932, 0.0 ], [ 121.272374862000106, -10.826809909999952, 0.0 ], [ 121.272340598000028, -10.826775644999941, 0.0 ], [ 121.272336791000043, -10.826760416999946, 0.0 ], [ 121.272287298000037, -10.826756609999961, 0.0 ], [ 121.272230191000062, -10.82675280199993, 0.0 ], [ 121.272188312000026, -10.826714730999981, 0.0 ], [ 121.272173084000087, -10.826653816999965, 0.0 ], [ 121.272176891000072, -10.826611937999928, 0.0 ], [ 121.272169277000103, -10.826592902999948, 0.0 ], [ 121.272131205000051, -10.826577673999964, 0.0 ], [ 121.272043641000096, -10.826577673999964, 0.0 ], [ 121.27199414800009, -10.826505337999947, 0.0 ], [ 121.271937041000115, -10.826478688999941, 0.0 ], [ 121.271902701000045, -10.82647678099994, 0.0 ], [ 121.271874527000023, -10.826439293999954, 0.0 ], [ 121.271839008000029, -10.826443472999927, 0.0 ], [ 121.271810454000047, -10.826417773999935, 0.0 ], [ 121.271801888000027, -10.826366377999932, 0.0 ], [ 121.271819020000066, -10.826332113999968, 0.0 ], [ 121.271844718000011, -10.826303559999928, 0.0 ], [ 121.271847574000049, -10.826255018999973, 0.0 ], [ 121.27186185000005, -10.826223609999943, 0.0 ], [ 121.271898970000052, -10.826197911999941, 0.0 ], [ 121.2719018250001, -10.826163647999977, 0.0 ], [ 121.271858995000116, -10.826146515999937, 0.0 ], [ 121.271807599000113, -10.826172213999939, 0.0 ], [ 121.271784756000102, -10.826169358999948, 0.0 ], [ 121.271779045000017, -10.826126527999975, 0.0 ], [ 121.271764768000025, -10.82607227699998, 0.0 ], [ 121.271724793000089, -10.826003747999948, 0.0 ], [ 121.271667686000114, -10.825949495999964, 0.0 ], [ 121.271661976000019, -10.825889533999941, 0.0 ], [ 121.271639133, -10.825852413999939, 0.0 ], [ 121.271587736000015, -10.825826715999938, 0.0 ], [ 121.271533485000077, -10.825806728999964, 0.0 ], [ 121.271456390000026, -10.825798162999945, 0.0 ], [ 121.271442113000035, -10.825761042999943, 0.0 ], [ 121.271404994000022, -10.825718212999959, 0.0 ], [ 121.271359308000115, -10.82572106799995, 0.0 ], [ 121.271305057000063, -10.825718212999959, 0.0 ], [ 121.27125366000007, -10.825692514999957, 0.0 ], [ 121.271236528000031, -10.825661105999927, 0.0 ], [ 121.271236528000031, -10.825626840999973, 0.0 ], [ 121.271250805000022, -10.825609708999934, 0.0 ], [ 121.271279358000015, -10.825603998999952, 0.0 ], [ 121.271307912000111, -10.825601142999972, 0.0 ], [ 121.271325044000037, -10.825572589999979, 0.0 ], [ 121.271316478000017, -10.825501205999956, 0.0 ], [ 121.271299346000092, -10.825458375999972, 0.0 ], [ 121.271219396000106, -10.825438387999952, 0.0 ], [ 121.271148012000026, -10.825446953999972, 0.0 ], [ 121.27112368600001, -10.825451147999956, 0.0 ], [ 121.271067327000083, -10.825387685999942, 0.0 ], [ 121.271028087000104, -10.82540126899994, 0.0 ], [ 121.270993823000026, -10.825386991999949, 0.0 ], [ 121.270999534000111, -10.825332739999965, 0.0 ], [ 121.271039509000047, -10.825292764999972, 0.0 ], [ 121.271062351000069, -10.825249934999931, 0.0 ], [ 121.27106806200004, -10.825212814999929, 0.0 ], [ 121.271065207000106, -10.825201393999976, 0.0 ], [ 121.271008100000017, -10.825169984999945, 0.0 ], [ 121.270982402000072, -10.825184261999937, 0.0 ], [ 121.27095384800009, -10.825158563999935, 0.0 ], [ 121.270936716000051, -10.825124298999981, 0.0 ], [ 121.270859621000113, -10.825032927999928, 0.0 ], [ 121.270833923000055, -10.824981531999981, 0.0 ], [ 121.270805370000062, -10.82491585899993, 0.0 ], [ 121.270739697000067, -10.824890159999939, 0.0 ], [ 121.270705432000113, -10.824858750999965, 0.0 ], [ 121.270651181000062, -10.824715983999965, 0.0 ], [ 121.27059121800005, -10.824681719999944, 0.0 ], [ 121.270516979000035, -10.824647454999933, 0.0 ], [ 121.270425608000096, -10.82461604599996, 0.0 ], [ 121.270376272000021, -10.824609529999975, 0.0 ], [ 121.269869873000061, -10.824039304999928, 0.0 ], [ 121.269778165000048, -10.823917817999927, 0.0 ], [ 121.269775334000087, -10.823805679999964, 0.0 ], [ 121.269772985000031, -10.823712648999958, 0.0 ], [ 121.269804682000085, -10.823595129999944, 0.0 ], [ 121.269741024000041, -10.823479520999967, 0.0 ], [ 121.269709401000114, -10.823399629999926, 0.0 ], [ 121.269828391000033, -10.823211441999945, 0.0 ], [ 121.269925921000095, -10.823111274999974, 0.0 ], [ 121.269977317000098, -10.823031324999931, 0.0 ], [ 121.27008787300008, -10.822980299999927, 0.0 ], [ 121.270088676000114, -10.822979928999928, 0.0 ], [ 121.270180047000053, -10.822879991999969, 0.0 ], [ 121.270220022000103, -10.822788619999926, 0.0 ], [ 121.270209259000012, -10.82278036799994, 0.0 ], [ 121.270230338000033, -10.822766745999957, 0.0 ], [ 121.270181613000091, -10.822715522999943, 0.0 ], [ 121.270119826000041, -10.822650568999961, 0.0 ], [ 121.27006958000004, -10.822606231999941, 0.0 ], [ 121.27008782900009, -10.822554683999954, 0.0 ], [ 121.270074399, -10.822528782999939, 0.0 ], [ 121.270051556000112, -10.822440266999934, 0.0 ], [ 121.270094387000086, -10.822303209999973, 0.0 ], [ 121.270148638000023, -10.822183285999927, 0.0 ], [ 121.270242865000114, -10.82210047999996, 0.0 ], [ 121.270249531000104, -10.822097940999981, 0.0 ], [ 121.270254378000118, -10.822084248999943, 0.0 ], [ 121.270259997000039, -10.822086203999959, 0.0 ], [ 121.270294261000117, -10.822066215999939, 0.0 ], [ 121.270277129000078, -10.821977699999934, 0.0 ], [ 121.27027427400003, -10.82194343599997, 0.0 ], [ 121.27031424900008, -10.821900605999929, 0.0 ], [ 121.270365645000084, -10.821889183999929, 0.0 ], [ 121.270434174000115, -10.82194343599997, 0.0 ], [ 121.270448451000107, -10.822006253999973, 0.0 ], [ 121.270491281000091, -10.822063360999948, 0.0 ], [ 121.27052269, -10.822097624999969, 0.0 ], [ 121.270599784000069, -10.82208049299993, 0.0 ], [ 121.270679734000055, -10.822020529999975, 0.0 ], [ 121.270745407000049, -10.821969133999971, 0.0 ], [ 121.270791093000071, -10.821974844999943, 0.0 ], [ 121.270893886000067, -10.821957712999961, 0.0 ], [ 121.270956703000024, -10.821946290999961, 0.0 ], [ 121.271065207000106, -10.821963422999943, 0.0 ], [ 121.271162289000017, -10.822003397999936, 0.0 ], [ 121.271233673000097, -10.822023385999955, 0.0 ], [ 121.271253072000036, -10.822035994999965, 0.0 ], [ 121.27122707500007, -10.822152406999976, 0.0 ], [ 121.271222316000035, -10.822238067999933, 0.0 ], [ 121.271255629000052, -10.822314210999934, 0.0 ], [ 121.271262943000011, -10.822316520999948, 0.0 ], [ 121.27126222600009, -10.822320341999955, 0.0 ], [ 121.271313623000083, -10.822368882999967, 0.0 ], [ 121.27141641500009, -10.822383159999958, 0.0 ], [ 121.271587736000015, -10.822348895999937, 0.0 ], [ 121.271699095000031, -10.822231826999939, 0.0 ], [ 121.271659120000095, -10.822197561999928, 0.0 ], [ 121.271645860000035, -10.822176345999935, 0.0 ], [ 121.271645860000035, -10.822138129999928, 0.0 ], [ 121.271683932000087, -10.822076263999975, 0.0 ], [ 121.27177435100009, -10.822061987999973, 0.0 ], [ 121.271921878000057, -10.822061987999973, 0.0 ], [ 121.271953607000114, -10.822068333999937, 0.0 ], [ 121.271996052000077, -10.822091913999941, 0.0 ], [ 121.27204744800008, -10.822151876999953, 0.0 ], [ 121.272110266000027, -10.822146165999982, 0.0 ], [ 121.272184505000041, -10.822123322999971, 0.0 ], [ 121.272250178000036, -10.822117611999943, 0.0 ], [ 121.272321562000116, -10.822117611999943, 0.0 ], [ 121.272441487000037, -10.822083347999978, 0.0 ], [ 121.272435776000066, -10.822014819999936, 0.0 ], [ 121.272438632000103, -10.821983410999962, 0.0 ], [ 121.272478607000039, -10.821957712999961, 0.0 ], [ 121.272524292000071, -10.821969133999971, 0.0 ], [ 121.272598532000075, -10.821994831999973, 0.0 ], [ 121.272632796000039, -10.821994831999973, 0.0 ], [ 121.272712746000025, -10.821940579999932, 0.0 ], [ 121.272737944000028, -10.821844827999939, 0.0 ], [ 121.272764207000023, -10.821814523999933, 0.0 ], [ 121.272794206000071, -10.821694525999931, 0.0 ], [ 121.272852658000033, -10.82162649199995, 0.0 ], [ 121.272952595000106, -10.821340955999972, 0.0 ], [ 121.273043967000035, -10.821155357999942, 0.0 ], [ 121.273158181000099, -10.821018300999981, 0.0 ], [ 121.273346634000063, -10.820881243999963, 0.0 ], [ 121.273475125000118, -10.820781306999947, 0.0 ], [ 121.273603616000059, -10.820632828999976, 0.0 ], [ 121.273786358000052, -10.820350148999978, 0.0 ], [ 121.273880585000029, -10.82022165799998, 0.0 ], [ 121.274197529000048, -10.820053191999932, 0.0 ], [ 121.274394549000021, -10.819993229999966, 0.0 ], [ 121.274600134000025, -10.819867593999959, 0.0 ], [ 121.274599320000107, -10.819860266999967, 0.0 ], [ 121.274638777000064, -10.819802396999933, 0.0 ], [ 121.274681607000048, -10.819770987999959, 0.0 ], [ 121.27475013500009, -10.819759566999949, 0.0 ], [ 121.274901469000042, -10.819682471999954, 0.0 ], [ 121.274969998000074, -10.819656773999952, 0.0 ], [ 121.275038526000117, -10.819562546999975, 0.0 ], [ 121.274972853, -10.819514005999963, 0.0 ], [ 121.274981419000028, -10.819445477999977, 0.0 ], [ 121.275001406000115, -10.819414068999947, 0.0 ], [ 121.275044237000088, -10.819448332999968, 0.0 ], [ 121.275095633000092, -10.819516861999944, 0.0 ], [ 121.275124187000074, -10.819571112999938, 0.0 ], [ 121.27516416200001, -10.819633930999942, 0.0 ], [ 121.275269810000054, -10.819653917999972, 0.0 ], [ 121.275275520000037, -10.819593955999949, 0.0 ], [ 121.275224124000033, -10.819533993999926, 0.0 ], [ 121.275229835000118, -10.81946260999996, 0.0 ], [ 121.275249822000092, -10.819405502999928, 0.0 ], [ 121.275240544000098, -10.819374574999927, 0.0 ], [ 121.275273263000031, -10.819327667999971, 0.0 ], [ 121.275335794000057, -10.819354067999939, 0.0 ], [ 121.275340936000021, -10.819359795999958, 0.0 ], [ 121.275335483000049, -10.819419779999976, 0.0 ], [ 121.275341193000031, -10.819545414999936, 0.0 ], [ 121.275378313000033, -10.819562546999975, 0.0 ], [ 121.27543542, -10.819582534999938, 0.0 ], [ 121.275475395000058, -10.819611087999931, 0.0 ], [ 121.275498238000068, -10.819648207999933, 0.0 ], [ 121.275481106000029, -10.819696748999945, 0.0 ], [ 121.275449697000113, -10.819742433999977, 0.0 ] ] ], [ [ [ 121.589619490000018, -10.633682801999953, 0.010099999999511 ], [ 121.589449425000112, -10.633691731999932, 0.010099999999511 ], [ 121.589072955, -10.633724925999957, 0.010099999999511 ], [ 121.588547157000107, -10.633894031999944, 0.010099999999511 ], [ 121.588091216000066, -10.634033035999948, 0.010099999999511 ], [ 121.587510599000097, -10.634181643999966, 0.010099999999511 ], [ 121.587294701000019, -10.634293970999977, 0.010099999999511 ], [ 121.587227963000032, -10.634362211999928, 0.010099999999511 ], [ 121.587309950000076, -10.634533513999941, 0.010099999999511 ], [ 121.587470052000072, -10.63475776599995, 0.010099999999511 ], [ 121.587520803000075, -10.634923844999946, 0.010099999999511 ], [ 121.587475986000072, -10.635056735999967, 0.010099999999511 ], [ 121.587220088000095, -10.635260143999972, 0.010099999999511 ], [ 121.586926916000039, -10.635409118999974, 0.010099999999511 ], [ 121.586353300000042, -10.635561246999941, 0.010099999999511 ], [ 121.585562682000045, -10.635748013999944, 0.010099999999511 ], [ 121.58341236800004, -10.636483779999935, 0.010099999999511 ], [ 121.582657547000053, -10.63676174099993, 0.010099999999511 ], [ 121.582230240000058, -10.636965535999934, 0.010099999999511 ], [ 121.582124754, -10.637039304999973, 0.010099999999511 ], [ 121.581576580000046, -10.63742267899994, 0.010099999999511 ], [ 121.581364626000095, -10.637598236999963, 0.010099999999511 ], [ 121.581283869000117, -10.63767375499998, 0.010099999999511 ], [ 121.581110074000094, -10.637675134999938, 0.010099999999511 ], [ 121.580652634000103, -10.637707396999929, 0.010099999999511 ], [ 121.578428458000076, -10.638178828999969, 0.010099999999511 ], [ 121.577849836000041, -10.638399763999928, 0.010099999999511 ], [ 121.577707519000114, -10.638479344999951, 0.010099999999511 ], [ 121.577635608000037, -10.638627081999971, 0.010099999999511 ], [ 121.5776580590001, -10.638702335999938, 0.010099999999511 ], [ 121.577727275000029, -10.63893428199998, 0.010099999999511 ], [ 121.577781547000086, -10.639169575999972, 0.010099999999511 ], [ 121.577745820000018, -10.639367843999935, 0.010099999999511 ], [ 121.577592405000019, -10.639566152999976, 0.010099999999511 ], [ 121.577413071000024, -10.639687932999948, 0.010099999999511 ], [ 121.577136857000028, -10.639746832999947, 0.010099999999511 ], [ 121.57678510400001, -10.639932362999957, 0.010099999999511 ], [ 121.576557927000067, -10.640029203999973, 0.010099999999511 ], [ 121.576016234, -10.640145014999973, 0.010099999999511 ], [ 121.575353027, -10.640310777999957, 0.010099999999511 ], [ 121.57472980600005, -10.640566658999944, 0.010099999999511 ], [ 121.574599538000029, -10.640637375999972, 0.010099999999511 ], [ 121.574593298000082, -10.640753616999973, 0.010099999999511 ], [ 121.574580195000067, -10.640997298999935, 0.010099999999511 ], [ 121.574696890000041, -10.641737081999963, 0.010099999999511 ], [ 121.574700245000031, -10.641847097999971, 0.010099999999511 ], [ 121.574525423000068, -10.642018642999972, 0.010099999999511 ], [ 121.574344323000105, -10.642171641999937, 0.010099999999511 ], [ 121.574172363000116, -10.642329449999977, 0.010099999999511 ], [ 121.57407644500006, -10.64237182599993, 0.010099999999511 ], [ 121.574036173000081, -10.642177674999971, 0.010099999999511 ], [ 121.574032185000078, -10.642026982999937, 0.010099999999511 ], [ 121.573421135000103, -10.641810135999947, 0.010099999999511 ], [ 121.572881723000023, -10.641708244999961, 0.010099999999511 ], [ 121.570845477000034, -10.641073831999961, 0.010099999999511 ], [ 121.569987332000096, -10.640769682999974, 0.010099999999511 ], [ 121.569396178000034, -10.640522690999944, 0.010099999999511 ], [ 121.56814973500002, -10.640238476999968, 0.010099999999511 ], [ 121.567428674000098, -10.640207611999926, 0.010099999999511 ], [ 121.567240435000031, -10.640223185999957, 0.010099999999511 ], [ 121.566788774000088, -10.640264220999939, 0.010099999999511 ], [ 121.56586014800007, -10.640340812999966, 0.010099999999511 ], [ 121.564989948000061, -10.640418890999968, 0.010099999999511 ], [ 121.564285081000094, -10.640478020999979, 0.010099999999511 ], [ 121.5630963320001, -10.640526794999971, 0.010099999999511 ], [ 121.563044012000091, -10.640526795999961, 0.010099999999511 ], [ 121.563013220000016, -10.640526635999947, 0.010099999999511 ], [ 121.562208423000016, -10.640501143999927, 0.010099999999511 ], [ 121.561421512000038, -10.640511654999955, 0.010099999999511 ], [ 121.560203173000104, -10.64061161099994, 0.010099999999511 ], [ 121.559660454000095, -10.640701833999969, 0.010099999999511 ], [ 121.559393422000085, -10.640626825999959, 0.010099999999511 ], [ 121.558975671000098, -10.640611768999975, 0.010099999999511 ], [ 121.557324476000076, -10.640596872999936, 0.010099999999511 ], [ 121.556909737000069, -10.640602139999942, 0.010099999999511 ], [ 121.55682635900007, -10.640660427999933, 0.010099999999511 ], [ 121.556726756000103, -10.640741675999948, 0.010099999999511 ], [ 121.556627149000064, -10.640754215999948, 0.010099999999511 ], [ 121.556228389000012, -10.640723169999944, 0.010099999999511 ], [ 121.556010744000105, -10.640676921999955, 0.010099999999511 ], [ 121.555843219000053, -10.640646661999938, 0.010099999999511 ], [ 121.554387231000078, -10.640440515999956, 0.010099999999511 ], [ 121.553695262000019, -10.640278498999976, 0.005099999994854 ], [ 121.553616956000042, -10.640260163999926, 0.0 ], [ 121.55318709900007, -10.640162957999962, 0.0 ], [ 121.552609367000059, -10.640098426999941, 0.0 ], [ 121.552340643000093, -10.640045301999976, 0.0 ], [ 121.552233398000112, -10.640024076999964, 0.0 ], [ 121.55041845900007, -10.63958473799994, 0.0 ], [ 121.550006066000037, -10.639454592999925, 0.0 ], [ 121.549596640000118, -10.639348346999952, 0.0 ], [ 121.548967014000027, -10.639204251999956, 0.0 ], [ 121.5484455940001, -10.639046342999961, 0.0 ], [ 121.548297458000093, -10.639001475999976, 0.0 ], [ 121.546801709000079, -10.638548466999964, 0.0 ], [ 121.546070702000065, -10.638325921999979, 0.0 ], [ 121.543918414000018, -10.637616488999981, 0.0 ], [ 121.542228450000039, -10.637067583999965, 0.0 ], [ 121.541840550000074, -10.636923552999974, 0.0 ], [ 121.539837181000053, -10.636358301999962, 0.0 ], [ 121.538708856000085, -10.636205801999949, 0.0 ], [ 121.536861383000087, -10.636197607999975, 0.0 ], [ 121.536089913000069, -10.63623010799995, 0.0 ], [ 121.534714730000019, -10.636344297999926, 0.0 ], [ 121.534033243000067, -10.636531383999966, 0.0 ], [ 121.53332522300002, -10.636786394999945, 0.0 ], [ 121.533097910000038, -10.63687303699993, 0.0 ], [ 121.532585488000109, -10.637070057999949, 0.0 ], [ 121.53129001100001, -10.637457237999968, 0.0 ], [ 121.530607944000053, -10.637604242999942, 0.0 ], [ 121.530008577000103, -10.637768669999957, 0.0 ], [ 121.528441083000075, -10.638155654999935, 0.0 ], [ 121.526717683000015, -10.638383552999926, 0.0 ], [ 121.52445350000005, -10.638441172999933, 0.0 ], [ 121.524054701000068, -10.638407206999943, 0.0 ], [ 121.522367958000018, -10.637992108999981, 0.0 ], [ 121.521815724000021, -10.637780776999932, 0.0 ], [ 121.521316669000043, -10.637537030999965, 0.0 ], [ 121.520886782000048, -10.63718208399996, 0.0 ], [ 121.520680670000047, -10.636729645999935, 0.0 ], [ 121.520315622000112, -10.635802826999964, 0.0 ], [ 121.520151815000077, -10.635271002999957, 0.0 ], [ 121.519901265000044, -10.634063693999963, 0.0 ], [ 121.519755023000016, -10.633445155999937, 0.0 ], [ 121.519602769000016, -10.633235206999927, 0.0 ], [ 121.519483154000113, -10.633065177999981, 0.0 ], [ 121.519395465000116, -10.632920193999951, 0.0 ], [ 121.519220707000045, -10.63286242099997, 0.0 ], [ 121.519121546000065, -10.632911050999951, 0.0 ], [ 121.519045340000048, -10.632940835999932, 0.0 ], [ 121.518902812000078, -10.632996481999953, 0.0 ], [ 121.518823329000043, -10.632904245999953, 0.0 ], [ 121.518722463000017, -10.632671865999953, 0.0 ], [ 121.518775800000071, -10.632644934999973, 0.0 ], [ 121.518868765000093, -10.632681666999929, 0.0 ], [ 121.518953407000026, -10.632680278999942, 0.0 ], [ 121.518953580000016, -10.632617331999938, 0.0 ], [ 121.518969434000041, -10.632516388999932, 0.0 ], [ 121.519050647000086, -10.632494495999936, 0.0 ], [ 121.5192815690001, -10.632424073999971, 0.0 ], [ 121.519325766000065, -10.632246669999972, 0.0 ], [ 121.519510496000066, -10.632157734999964, 0.0 ], [ 121.519630673000052, -10.632108204999952, 0.0 ], [ 121.519902471000023, -10.631984174999957, 0.0 ], [ 121.519845659000111, -10.631862223999974, 0.0 ], [ 121.519937541000104, -10.631791765999935, 0.0 ], [ 121.520268577000024, -10.63162424099994, 0.0 ], [ 121.52029084500009, -10.631567331999975, 0.0 ], [ 121.520254875000091, -10.631534832999932, 0.0 ], [ 121.520091841000067, -10.631530424999937, 0.0 ], [ 121.520121292000113, -10.631484281999974, 0.0 ], [ 121.520206794000046, -10.631442169999957, 0.0 ], [ 121.520585783000115, -10.631349205999982, 0.0 ], [ 121.520627248000096, -10.631260826999949, 0.0 ], [ 121.520850703000065, -10.631127549999974, 0.0 ], [ 121.520976019000045, -10.631171015999939, 0.0 ], [ 121.521032899000033, -10.631113659999926, 0.0 ], [ 121.521150945000045, -10.630882607999979, 0.0 ], [ 121.521290505000024, -10.630844370999966, 0.0 ], [ 121.521967522000068, -10.630802776999928, 0.0 ], [ 121.523251593000055, -10.630928207999943, 0.0 ], [ 121.523438112, -10.630877543999929, 0.0 ], [ 121.523544256000037, -10.63104250899994, 0.0 ], [ 121.523745801000018, -10.631162223999979, 0.0 ], [ 121.523798208000017, -10.631083458999967, 0.0 ], [ 121.523870189000036, -10.631023090999975, 0.0 ], [ 121.524073860000044, -10.630953545999944, 0.0 ], [ 121.524144117000105, -10.630938441999945, 0.0 ], [ 121.524192611000103, -10.631017458999963, 0.0 ], [ 121.524326444000053, -10.631224513999939, 0.0 ], [ 121.524447948000102, -10.631272515999967, 0.0 ], [ 121.524622267000041, -10.631230736999953, 0.0 ], [ 121.524754536000046, -10.631124405999969, 0.0 ], [ 121.525217268, -10.630645763999951, 0.0 ], [ 121.525402611000118, -10.630360326999948, 0.0 ], [ 121.525522952000074, -10.630389334999961, 0.0 ], [ 121.52567457400005, -10.630429514999946, 0.0 ], [ 121.525858118000087, -10.630251652999959, 0.0 ], [ 121.525961804000076, -10.630069128999935, 0.0 ], [ 121.526002756000025, -10.629896308999946, 0.0 ], [ 121.526154290000022, -10.629814315999965, 0.0 ], [ 121.526310287000115, -10.629736600999934, 0.0 ], [ 121.526479524000024, -10.629429108999943, 0.0 ], [ 121.526615741000114, -10.629119795999941, 0.0 ], [ 121.526896420000071, -10.628499252999973, 0.0 ], [ 121.52697777100002, -10.628268581999976, 0.0 ], [ 121.527133486000025, -10.62778871699993, 0.0 ], [ 121.527166986000111, -10.627492984999947, 0.0 ], [ 121.527287786000102, -10.627299142999959, 0.0 ], [ 121.52732397200009, -10.627126559999965, 0.0 ], [ 121.527457275000074, -10.626983484999926, 0.0 ], [ 121.527656577000016, -10.626813370999969, 0.0 ], [ 121.52787920600008, -10.626687360999938, 0.0 ], [ 121.528061885000056, -10.626558451999927, 0.0 ], [ 121.52812265700004, -10.626416887999937, 0.0 ], [ 121.528137259000118, -10.626318891999972, 0.0 ], [ 121.528210922000085, -10.626260574999947, 0.0 ], [ 121.528264874000115, -10.626290575999974, 0.0 ], [ 121.528362429000026, -10.626371265999978, 0.0 ], [ 121.528428080000026, -10.626319059999958, 0.0 ], [ 121.52861280400009, -10.626077706999979, 0.0 ], [ 121.528663278000067, -10.625768609999966, 0.0 ], [ 121.528618240000014, -10.625714551999977, 0.0 ], [ 121.528573858000073, -10.625644461999968, 0.0 ], [ 121.528622037000105, -10.625544927999954, 0.0 ], [ 121.52871587300001, -10.625509185999931, 0.0 ], [ 121.528783847000113, -10.62544868599997, 0.0 ], [ 121.529233199000032, -10.625044456999944, 0.0 ], [ 121.529252223000071, -10.625036093999938, 0.0 ], [ 121.529333017000113, -10.625000575999934, 0.0 ], [ 121.529334328000118, -10.625, 0.0 ], [ 121.529466185000047, -10.62494204799998, 0.0 ], [ 121.529777358000047, -10.624794239999972, 0.0 ], [ 121.530071237000016, -10.624648165999929, 0.0 ], [ 121.530359109000074, -10.624607266999931, 0.0 ], [ 121.530601575000105, -10.624595013999965, 0.0 ], [ 121.530984641000032, -10.624551383999972, 0.0 ], [ 121.531021450000026, -10.624482701999966, 0.0 ], [ 121.53109921500004, -10.624300516999938, 0.0 ], [ 121.531295985000042, -10.624054264999927, 0.0 ], [ 121.53161486700003, -10.623620701999926, 0.0 ], [ 121.531941399000061, -10.623193858999969, 0.0 ], [ 121.532213179000109, -10.622865528999967, 0.0 ], [ 121.532940957000051, -10.621971516999963, 0.0 ], [ 121.5330480020001, -10.621893486999966, 0.0 ], [ 121.533190532000049, -10.621873255999958, 0.0 ], [ 121.533310101000097, -10.621910829999933, 0.0 ], [ 121.533426753000072, -10.622075026999937, 0.0 ], [ 121.533550601000115, -10.622218017999955, 0.0 ], [ 121.53378745200007, -10.622264174999941, 0.0 ], [ 121.534069590000058, -10.622271268999953, 0.0 ], [ 121.534231344000091, -10.622182124999938, 0.0 ], [ 121.534390640000083, -10.62200390199996, 0.0 ], [ 121.534708039000066, -10.621511027999929, 0.0 ], [ 121.535769925000068, -10.619743392999965, 0.0 ], [ 121.536478452000097, -10.618994953999959, 0.0 ], [ 121.536983787000054, -10.618427642999961, 0.0 ], [ 121.537231917000099, -10.618165931999954, 0.0 ], [ 121.537502895000102, -10.617872181999928, 0.0 ], [ 121.537773980000111, -10.617542110999977, 0.0 ], [ 121.538098774000105, -10.617005214999949, 0.0 ], [ 121.538343157000099, -10.616669111999954, 0.0 ], [ 121.539102544000116, -10.615694392999956, 0.0 ], [ 121.53951801300002, -10.615154924999956, 0.0 ], [ 121.540030130000105, -10.614563919999966, 0.0 ], [ 121.541518715000052, -10.61286897399998, 0.0 ], [ 121.541955618000088, -10.612396428999944, 0.0 ], [ 121.542465751, -10.61184467399994, 0.0 ], [ 121.542939008000076, -10.611497044999965, 0.0 ], [ 121.543538577000049, -10.611147333999952, 0.0 ], [ 121.543837912000072, -10.611024868999948, 0.0 ], [ 121.544370391000029, -10.610807018999935, 0.0 ], [ 121.544657637000114, -10.610616706999963, 0.0 ], [ 121.546474309000018, -10.60927417399995, 0.0 ], [ 121.548337055000047, -10.607983614999966, 0.0 ], [ 121.549291966000055, -10.607302149999953, 0.0 ], [ 121.549995214000091, -10.606839050999952, 0.0 ], [ 121.550009663000083, -10.606578887999945, 0.0 ], [ 121.550165082000035, -10.606258407999974, 0.0 ], [ 121.550275088000035, -10.606201456999941, 0.0 ], [ 121.550425357000108, -10.606209601999979, 0.0 ], [ 121.550538864000032, -10.606208106999929, 0.0 ], [ 121.550566004000075, -10.606267652999975, 0.0 ], [ 121.550596043000041, -10.606413325999938, 0.0 ], [ 121.550726440000062, -10.606374439999968, 0.0 ], [ 121.550955965000071, -10.606285309999976, 0.0 ], [ 121.551319304000117, -10.606342218999941, 0.0 ], [ 121.551619029000108, -10.606433832999926, 0.0 ], [ 121.551738629000056, -10.606340520999936, 0.0 ], [ 121.552480457000115, -10.605654424999955, 0.0 ], [ 121.552661301000057, -10.605487158999949, 0.0 ], [ 121.552968139000086, -10.605046957999946, 0.0 ], [ 121.553199886000016, -10.604763434999938, 0.0 ], [ 121.55346962200008, -10.604524989999959, 0.0 ], [ 121.553582540000093, -10.604425161999927, 0.0 ], [ 121.553918258000067, -10.604128361999926, 0.010099999999511 ], [ 121.554972327000087, -10.602706769999941, 0.010099999999511 ], [ 121.555758083000114, -10.601783689999934, 0.010099999999511 ], [ 121.556485641000108, -10.601052982999931, 0.010099999999511 ], [ 121.556793520000042, -10.600811746999966, 0.010099999999511 ], [ 121.556898243000091, -10.600705299999959, 0.010099999999511 ], [ 121.557085817000029, -10.600514600999929, 0.010099999999511 ], [ 121.557265126000061, -10.600572065999927, 0.010099999999511 ], [ 121.557359525000038, -10.600673731999962, 0.010099999999511 ], [ 121.557463732000087, -10.600759202999939, 0.010099999999511 ], [ 121.557565516000068, -10.60076868699997, 0.010099999999511 ], [ 121.557732669000075, -10.600706142999968, 0.010099999999511 ], [ 121.557975607000117, -10.600663231999931, 0.010099999999511 ], [ 121.558229192000113, -10.600726907999956, 0.010099999999511 ], [ 121.558642983000027, -10.600650799999926, 0.010099999999511 ], [ 121.559036073000016, -10.600578456999926, 0.010099999999511 ], [ 121.559110239, -10.600596192999944, 0.010099999999511 ], [ 121.559338613000023, -10.600641892999931, 0.010099999999511 ], [ 121.559673426000018, -10.600686393999979, 0.010099999999511 ], [ 121.560252616000071, -10.600694376999968, 0.010099999999511 ], [ 121.560950759000093, -10.600490214999979, 0.010099999999511 ], [ 121.561912995000057, -10.600151962999973, 0.010099999999511 ], [ 121.562423958000068, -10.59988789099998, 0.010099999999511 ], [ 121.563481309000053, -10.599573778999968, 0.010099999999511 ], [ 121.563900824000029, -10.59935123799994, 0.010099999999511 ], [ 121.564699344000019, -10.598923299999967, 0.010099999999511 ], [ 121.565513074000023, -10.598604893999948, 0.010099999999511 ], [ 121.565540563000013, -10.598600102999967, 0.010099999999511 ], [ 121.565842513, -10.598531224999931, 0.010099999999511 ], [ 121.566479019000099, -10.598288011999955, 0.010099999999511 ], [ 121.566572300000075, -10.59825236599994, 0.010099999999511 ], [ 121.566636679000112, -10.598195421999947, 0.010099999999511 ], [ 121.566714963000095, -10.598138625999979, 0.010099999999511 ], [ 121.5668261940001, -10.598135168999931, 0.010099999999511 ], [ 121.56691421700009, -10.598211878999962, 0.010099999999511 ], [ 121.566944483000043, -10.598241764999955, 0.010099999999511 ], [ 121.567048719000013, -10.598257358999945, 0.010099999999511 ], [ 121.567516652000108, -10.598215564999975, 0.010099999999511 ], [ 121.56838850400004, -10.598126639999975, 0.010099999999511 ], [ 121.569773486000031, -10.598032839999973, 0.010099999999511 ], [ 121.570806951, -10.598094297999978, 0.010099999999511 ], [ 121.57150399000011, -10.598164456999939, 0.010099999999511 ], [ 121.57240076700009, -10.598199957999952, 0.010099999999511 ], [ 121.573048004000043, -10.598348779999981, 0.010099999999511 ], [ 121.574694137000051, -10.598715424999966, 0.010099999999511 ], [ 121.574981224000112, -10.598672894999936, 0.010099999999511 ], [ 121.575156624000101, -10.59867165199995, 0.010099999999511 ], [ 121.575212571000066, -10.598671274999958, 0.010099999999511 ], [ 121.575592809000113, -10.598700049999934, 0.010099999999511 ], [ 121.57572403000006, -10.598633684999982, 0.010099999999511 ], [ 121.575880083000015, -10.598627187999966, 0.010099999999511 ], [ 121.576151645000095, -10.598628989999952, 0.010099999999511 ], [ 121.576254621000089, -10.59859131099995, 0.010099999999511 ], [ 121.576465988000109, -10.598603829999945, 0.010099999999511 ], [ 121.576606806000086, -10.598672137999927, 0.010099999999511 ], [ 121.576900501000068, -10.598890673999961, 0.010099999999511 ], [ 121.57723739000005, -10.599185268999975, 0.010099999999511 ], [ 121.577886520000106, -10.599387326999931, 0.010099999999511 ], [ 121.578248624000025, -10.599424006999982, 0.010099999999511 ], [ 121.578804175000073, -10.599406081999973, 0.010099999999511 ], [ 121.578854260000071, -10.599440842999968, 0.010099999999511 ], [ 121.578920670000116, -10.599486953999929, 0.010099999999511 ], [ 121.578977602, -10.59952243999993, 0.010099999999511 ], [ 121.579621433000057, -10.599601608999933, 0.010099999999511 ], [ 121.580329242000062, -10.599677991999954, 0.010099999999511 ], [ 121.581984256000055, -10.599774760999935, 0.005099999994854 ], [ 121.582555884000044, -10.599828442999979, 0.010099999999511 ], [ 121.583436121000091, -10.599893419999944, 0.010099999999511 ], [ 121.584712314000058, -10.599919807999981, 0.010099999999511 ], [ 121.586087068000097, -10.599985537999942, 0.010099999999511 ], [ 121.588359411000056, -10.600074212999971, 0.010099999999511 ], [ 121.589924168000039, -10.600229078999973, 0.010099999999511 ], [ 121.591067817000066, -10.600532810999937, 0.010099999999511 ], [ 121.591674578000038, -10.600693830999944, 0.010099999999511 ], [ 121.59326064600009, -10.601132840999981, 0.010099999999511 ], [ 121.593389122000076, -10.601163088999954, 0.010099999999511 ], [ 121.593770727000106, -10.601252927999951, 0.010099999999511 ], [ 121.596011431000079, -10.60161596599994, 0.010099999999511 ], [ 121.59675857600007, -10.601799795999966, 0.010099999999511 ], [ 121.597521893000021, -10.601965049999933, 0.010099999999511 ], [ 121.598400066000067, -10.602163829999938, 0.010099999999511 ], [ 121.600583640000082, -10.602774825999973, 0.010099999999511 ], [ 121.602239741000062, -10.603202902999953, 0.010099999999511 ], [ 121.602579398000103, -10.603290701999981, 0.010099999999511 ], [ 121.603634664000083, -10.603588489999936, 0.010099999999511 ], [ 121.605118546000085, -10.603930218999949, 0.010099999999511 ], [ 121.605148298000017, -10.603932192999935, 0.010099999999511 ], [ 121.605345433000025, -10.603966268999955, 0.010099999999511 ], [ 121.605665762000058, -10.604026064999971, 0.010099999999511 ], [ 121.606411882000089, -10.604073311999969, 0.010099999999511 ], [ 121.60716181500004, -10.604084733999969, 0.010099999999511 ], [ 121.608060550000118, -10.604038139999943, 0.010099999999511 ], [ 121.610034245000065, -10.603700328999935, 0.010099999999511 ], [ 121.612245579000046, -10.603211402999932, 0.010099999999511 ], [ 121.613446847000091, -10.602999228999977, 0.010099999999511 ], [ 121.614138997000055, -10.602848952999977, 0.010099999999511 ], [ 121.614538702000118, -10.602801696999961, 0.010099999999511 ], [ 121.614923702000056, -10.602823798999964, 0.010099999999511 ], [ 121.615617040000075, -10.602925325999934, 0.010099999999511 ], [ 121.615785997000103, -10.60283454599994, 0.010099999999511 ], [ 121.616075393000074, -10.602709908999941, 0.010099999999511 ], [ 121.616495792000023, -10.602624807999973, 0.010099999999511 ], [ 121.617178688000081, -10.602527777999967, 0.010099999999511 ], [ 121.61755425900003, -10.602455014999975, 0.010099999999511 ], [ 121.618680162000032, -10.60201445499996, 0.010099999999511 ], [ 121.618707511000025, -10.602001325999936, 0.010099999999511 ], [ 121.618761158000098, -10.601975608999965, 0.010099999999511 ], [ 121.619434274000014, -10.60165270899995, 0.010099999999511 ], [ 121.62043992200006, -10.60103686399998, 0.010099999999511 ], [ 121.620933781000076, -10.600717988999975, 0.010099999999511 ], [ 121.621680161000086, -10.600240467999981, 0.010099999999511 ], [ 121.622345872000096, -10.599793367999951, 0.010099999999511 ], [ 121.622914859000048, -10.599547592999954, 0.010099999999511 ], [ 121.623536483000066, -10.599367607999966, 0.010099999999511 ], [ 121.624249871000075, -10.599281239999925, 0.010099999999511 ], [ 121.625000000000114, -10.599173962999942, 0.010099999999511 ], [ 121.625000534000037, -10.599173886999949, 0.010099999999511 ], [ 121.625005889000022, -10.599173120999978, 0.010099999999511 ], [ 121.625347771000065, -10.599124238999934, 0.010099999999511 ], [ 121.626397546000021, -10.598839863999956, 0.010099999999511 ], [ 121.627253363000023, -10.598584923999965, 0.010099999999511 ], [ 121.627973887000053, -10.598190139999929, 0.010099999999511 ], [ 121.628397638000024, -10.597884112999964, 0.010099999999511 ], [ 121.62871773400002, -10.597739985999965, 0.010099999999511 ], [ 121.629221652000069, -10.597630907999928, 0.010099999999511 ], [ 121.629580046000115, -10.597658614999943, 0.010099999999511 ], [ 121.630005768000046, -10.597778295999944, 0.010099999999511 ], [ 121.630378733000043, -10.597997472999964, 0.010099999999511 ], [ 121.630830266000089, -10.598346957999979, 0.010099999999511 ], [ 121.631321757000023, -10.598796239999956, 0.010099999999511 ], [ 121.631919638000113, -10.599527924999961, 0.010099999999511 ], [ 121.632153113000072, -10.599701607999975, 0.010099999999511 ], [ 121.632664127000112, -10.599961907999955, 0.010099999999511 ], [ 121.633898805000058, -10.600499577999926, 0.010099999999511 ], [ 121.634131922000051, -10.600726986999973, 0.010099999999511 ], [ 121.634350375000054, -10.601055446999965, 0.010099999999511 ], [ 121.634395827000048, -10.601345325999944, 0.010099999999511 ], [ 121.634359543000073, -10.601797202999933, 0.010099999999511 ], [ 121.634322559000111, -10.602111536999928, 0.010099999999511 ], [ 121.634381676000089, -10.602160401999981, 0.010099999999511 ], [ 121.634475544000111, -10.602255406999973, 0.010099999999511 ], [ 121.634473262000029, -10.602364725999962, 0.010099999999511 ], [ 121.634282540000072, -10.603236764999963, 0.010099999999511 ], [ 121.634328585000048, -10.603857296999934, 0.010099999999511 ], [ 121.634501296000053, -10.604508516999942, 0.010099999999511 ], [ 121.6346470740001, -10.604838614999949, 0.010099999999511 ], [ 121.63488683300011, -10.60538820499994, 0.010099999999511 ], [ 121.634951375000014, -10.605807566999943, 0.010099999999511 ], [ 121.63516000900006, -10.606489893999935, 0.010099999999511 ], [ 121.635125484000014, -10.60678336999996, 0.010099999999511 ], [ 121.635021382000104, -10.607651775999955, 0.010099999999511 ], [ 121.634889737000094, -10.608750125999961, 0.010099999999511 ], [ 121.63461798700007, -10.609884161999958, 0.010099999999511 ], [ 121.634417260000077, -10.610370563999936, 0.010099999999511 ], [ 121.633455701000116, -10.612173264999967, 0.010099999999511 ], [ 121.632934705000025, -10.612943981999933, 0.010099999999511 ], [ 121.632515390000094, -10.613462670999979, 0.010099999999511 ], [ 121.632125520000045, -10.613911119999955, 0.010099999999511 ], [ 121.632036458000016, -10.613997801999972, 0.005099999994854 ], [ 121.631461110000032, -10.614557520999938, 0.010099999999511 ], [ 121.629861639000069, -10.616128624999931, 0.010099999999511 ], [ 121.629509260000077, -10.616538262999939, 0.010099999999511 ], [ 121.629083435000098, -10.616933700999937, 0.010099999999511 ], [ 121.627988900000105, -10.617836861999933, 0.010099999999511 ], [ 121.62679110900001, -10.618756388999941, 0.010099999999511 ], [ 121.625296829000035, -10.619950359999962, 0.010099999999511 ], [ 121.625005889000022, -10.620101155999976, 0.010099999999511 ], [ 121.624999997000032, -10.620104209999965, 0.010099999999511 ], [ 121.623808173000043, -10.620719700999928, 0.010099999999511 ], [ 121.622875786, -10.621140333999961, 0.010099999999511 ], [ 121.621765605000064, -10.621659614999942, 0.010099999999511 ], [ 121.620301075000043, -10.622269736999954, 0.010099999999511 ], [ 121.619740762000106, -10.62254743699998, 0.010099999999511 ], [ 121.619539257000042, -10.622570234999955, 0.010099999999511 ], [ 121.619248997000113, -10.622612271999969, 0.010099999999511 ], [ 121.618836314000077, -10.622629918999962, 0.010099999999511 ], [ 121.617780754000023, -10.622678606999955, 0.010099999999511 ], [ 121.616971048000096, -10.622782370999971, 0.010099999999511 ], [ 121.616870641000105, -10.622851044999948, 0.010099999999511 ], [ 121.616825394000102, -10.622954006999976, 0.010099999999511 ], [ 121.616749809000112, -10.623376150999945, 0.010099999999511 ], [ 121.616610009000055, -10.623482362999937, 0.010099999999511 ], [ 121.61634408000009, -10.623572426999942, 0.010099999999511 ], [ 121.615764546000037, -10.623754826999971, 0.010099999999511 ], [ 121.615392435000103, -10.623940768999944, 0.010099999999511 ], [ 121.615342702000021, -10.624035738999964, 0.010099999999511 ], [ 121.615229585000066, -10.624293438999928, 0.010099999999511 ], [ 121.61505007400001, -10.624409807999939, 0.010099999999511 ], [ 121.614837801000021, -10.624541428999976, 0.010099999999511 ], [ 121.614681461000032, -10.624656075999951, 0.010099999999511 ], [ 121.61398065000003, -10.62499963099998, 0.010099999999511 ], [ 121.613980443000059, -10.625, 0.010099999999511 ], [ 121.613960210000073, -10.625036093999938, 0.010099999999511 ], [ 121.613549591000037, -10.625768610999955, 0.010099999999511 ], [ 121.613590077000026, -10.625899726999933, 0.010099999999511 ], [ 121.613695945000018, -10.626234860999944, 0.010099999999511 ], [ 121.613635128000055, -10.626336438999942, 0.010099999999511 ], [ 121.613453493000065, -10.626495831999932, 0.010099999999511 ], [ 121.613407740000071, -10.626511294999943, 0.010099999999511 ], [ 121.613036392000026, -10.626636925999946, 0.010099999999511 ], [ 121.612268652000012, -10.626910684999928, 0.010099999999511 ], [ 121.612243002000014, -10.626998927999978, 0.010099999999511 ], [ 121.612236930000108, -10.627143466999939, 0.010099999999511 ], [ 121.612152474000027, -10.627271206999978, 0.010099999999511 ], [ 121.612004540000044, -10.627490734999981, 0.010099999999511 ], [ 121.61199919, -10.627628777999973, 0.010099999999511 ], [ 121.611975944000051, -10.627845745999934, 0.010099999999511 ], [ 121.611914287000104, -10.627917672999956, 0.010099999999511 ], [ 121.611685233000117, -10.627998858999945, 0.010099999999511 ], [ 121.611572629000079, -10.628104641999926, 0.010099999999511 ], [ 121.611450730000115, -10.62822323499995, 0.010099999999511 ], [ 121.611093989000096, -10.628429608999966, 0.010099999999511 ], [ 121.610987643000044, -10.628660355999955, 0.010099999999511 ], [ 121.610892881000041, -10.628885525999976, 0.010099999999511 ], [ 121.610676882, -10.628912883999931, 0.010099999999511 ], [ 121.610201732000064, -10.628956481999978, 0.010099999999511 ], [ 121.610137185000099, -10.629060865999975, 0.010099999999511 ], [ 121.609961866000049, -10.629323046999957, 0.010099999999511 ], [ 121.60976448800011, -10.629432064999946, 0.010099999999511 ], [ 121.609663499000021, -10.629438440999934, 0.010099999999511 ], [ 121.609589538000023, -10.629443075999973, 0.010099999999511 ], [ 121.609129333000055, -10.629484858999945, 0.010099999999511 ], [ 121.607117738000056, -10.629748831999962, 0.010099999999511 ], [ 121.606946841000081, -10.629792746999954, 0.010099999999511 ], [ 121.605075439000075, -10.630126934999964, 0.010099999999511 ], [ 121.604072085000098, -10.630207950999932, 0.010099999999511 ], [ 121.603535478000026, -10.630261986999926, 0.010099999999511 ], [ 121.602999251000028, -10.630355891999955, 0.010099999999511 ], [ 121.601319769000042, -10.630730981999932, 0.010099999999511 ], [ 121.60075779400006, -10.630871996999929, 0.010099999999511 ], [ 121.599698182000111, -10.631344259999935, 0.010099999999511 ], [ 121.599187421000011, -10.631530358999953, 0.010099999999511 ], [ 121.598927420000109, -10.631623627999943, 0.010099999999511 ], [ 121.598837693000064, -10.631643678999978, 0.010099999999511 ], [ 121.598551863000012, -10.631707583999969, 0.010099999999511 ], [ 121.597809170000119, -10.631873608999967, 0.010099999999511 ], [ 121.596733799000049, -10.632003895999958, 0.010099999999511 ], [ 121.595924553000032, -10.63209767799998, 0.010099999999511 ], [ 121.594546834000084, -10.632237983999971, 0.010099999999511 ], [ 121.593384995000065, -10.63236915899995, 0.010099999999511 ], [ 121.592148574000021, -10.632576888999949, 0.010099999999511 ], [ 121.59146437600009, -10.632750825999949, 0.010099999999511 ], [ 121.590826990000096, -10.632982550999941, 0.010099999999511 ], [ 121.590628216000027, -10.633192032999943, 0.010099999999511 ], [ 121.5905064210001, -10.63331035799996, 0.010099999999511 ], [ 121.590425354000104, -10.633329805999949, 0.005099999994854 ], [ 121.589911719000042, -10.633453028999952, 0.010099999999511 ], [ 121.58974043, -10.633579630999975, 0.010099999999511 ], [ 121.589619490000018, -10.633682801999953, 0.010099999999511 ] ] ] ] } }
]
}
