{
"type": "FeatureCollection",
"name": "53.71_Kota_Kupang_kecamatan",
"crs": { "type": "name", "properties": { "name": "urn:ogc:def:crs:EPSG::4979" } },
"features": [
{ "type": "Feature", "properties": { "nm_kecamatan": "Alak" }, "geometry": { "type": "MultiPolygon", "coordinates": [ [ [ [ 123.585081387000059, -10.220151886999929, 0.0 ], [ 123.585296671000037, -10.220308235999937, 0.0 ], [ 123.585559071000034, -10.220469285999968, 0.0 ], [ 123.58564492000005, -10.220519381999964, 0.0 ], [ 123.585839676000091, -10.220678159999977, 0.0 ], [ 123.586087716000065, -10.220912217999967, 0.0 ], [ 123.586253440000064, -10.221047118999934, 0.0 ], [ 123.586426377000066, -10.221164059999978, 0.0 ], [ 123.586531667000031, -10.221236322999971, 0.0 ], [ 123.586633173000109, -10.221301278999931, 0.0 ], [ 123.586814498000081, -10.221381114999929, 0.0 ], [ 123.586948722000102, -10.221463427999936, 0.0 ], [ 123.587008051000112, -10.221542286999977, 0.0 ], [ 123.58711822600003, -10.221683269999971, 0.0 ], [ 123.587236850000068, -10.22182184299993, 0.0 ], [ 123.587274469000022, -10.221917491999932, 0.0 ], [ 123.587282207000044, -10.221942325999976, 0.0 ], [ 123.58728407000001, -10.221941901999969, 0.0 ], [ 123.587316232000035, -10.221934558999976, 0.0 ], [ 123.587529355000015, -10.221885900999951, 0.0 ], [ 123.587708952000071, -10.221843064999973, 0.0 ], [ 123.58778609500007, -10.222056768999948, 0.0 ], [ 123.587769524, -10.222107239999957, 0.0 ], [ 123.588106061000076, -10.222875946999977, 0.0 ], [ 123.588197491000074, -10.22309693699998, 0.0 ], [ 123.588337551000109, -10.223435465999955, 0.0 ], [ 123.588507900000081, -10.223849499999972, 0.0 ], [ 123.588753860000111, -10.22430434499995, 0.0 ], [ 123.58882338, -10.224432905999947, 0.0 ], [ 123.589002735, -10.22475322899993, 0.0 ], [ 123.589029502000017, -10.224858467999979, 0.0 ], [ 123.589054113000088, -10.22510489299998, 0.0 ], [ 123.589056732000017, -10.225214960999949, 0.0 ], [ 123.589078690000065, -10.22533217299997, 0.0 ], [ 123.589083697000092, -10.225427879999927, 0.0 ], [ 123.589083790000018, -10.225478384999974, 0.0 ], [ 123.58908382900006, -10.225499666999951, 0.0 ], [ 123.589077813000017, -10.225517699999955, 0.0 ], [ 123.589068757000064, -10.225544849999949, 0.0 ], [ 123.589068910000037, -10.225576499999931, 0.0 ], [ 123.589068875000066, -10.225576498999942, 0.0 ], [ 123.588978834000045, -10.225574568999946, 0.0 ], [ 123.58895593200009, -10.225574077999966, 0.0 ], [ 123.588726414, -10.225562527999955, 0.0 ], [ 123.588468904000024, -10.225567299999966, 0.0 ], [ 123.58840710700008, -10.225592297999981, 0.0 ], [ 123.588351111000065, -10.225619199999926, 0.0 ], [ 123.588324143000023, -10.225667105999946, 0.0 ], [ 123.58829533100004, -10.22576287399994, 0.0 ], [ 123.588303173000099, -10.225824117999935, 0.0 ], [ 123.588328445000116, -10.225904473999947, 0.0 ], [ 123.588400275000026, -10.226080460999981, 0.0 ], [ 123.588455626000041, -10.226180137999961, 0.0 ], [ 123.58887750100007, -10.226939868999978, 0.0 ], [ 123.588923815000044, -10.227023273999976, 0.0 ], [ 123.588967209000089, -10.227103341999964, 0.0 ], [ 123.589117417000011, -10.227380495999967, 0.0 ], [ 123.589284507000116, -10.227688802999978, 0.0 ], [ 123.589607108000109, -10.228249714999947, 0.0 ], [ 123.589607122000075, -10.228249738999978, 0.0 ], [ 123.589869346000114, -10.228709066999954, 0.0 ], [ 123.589876023000102, -10.228721615999973, 0.0 ], [ 123.589923295000062, -10.228697749999981, 0.0 ], [ 123.59014680700011, -10.228598345999956, 0.0 ], [ 123.590463392000061, -10.228468667999948, 0.0 ], [ 123.590741494000099, -10.228363354999942, 0.0 ], [ 123.590787839000086, -10.22834316999996, 0.0 ], [ 123.59081664200005, -10.228329196999937, 0.0 ], [ 123.590850752000051, -10.228380168999934, 0.0 ], [ 123.590936219000014, -10.228613559999928, 0.0 ], [ 123.591538735000086, -10.229766716999961, 0.0 ], [ 123.592164834000073, -10.231223004999947, 0.0 ], [ 123.593254629000057, -10.23267111499996, 0.0 ], [ 123.594169401000045, -10.233530887999962, 0.0 ], [ 123.595449862, -10.234352899999976, 0.0 ], [ 123.59558582000011, -10.234397512999976, 0.0 ], [ 123.595701983000026, -10.234423635999974, 0.0 ], [ 123.596050625000089, -10.23471389499997, 0.0 ], [ 123.596050916000081, -10.234714137999958, 0.0 ], [ 123.596284099000059, -10.234908272999974, 0.0 ], [ 123.596956176000049, -10.23528719899997, 0.0 ], [ 123.59712236900009, -10.235451205999937, 0.0 ], [ 123.5972119380001, -10.23554914999994, 0.0 ], [ 123.597303936000117, -10.235654267999962, 0.0 ], [ 123.59738624900001, -10.235747439999955, 0.0 ], [ 123.59750004700004, -10.235883624999929, 0.0 ], [ 123.598159322000015, -10.238332734999972, 0.0 ], [ 123.59838771200009, -10.239369680999971, 0.0 ], [ 123.598701997000035, -10.239960875999941, 0.0 ], [ 123.599181765000026, -10.240539057999968, 0.0 ], [ 123.599484985000117, -10.24098142899993, 0.0 ], [ 123.600230119000116, -10.242132906999927, 0.0 ], [ 123.601299542000106, -10.244589678999944, 0.0 ], [ 123.602899366000088, -10.246506772999965, 0.0 ], [ 123.603755972000044, -10.247620360999974, 0.0 ], [ 123.604241382000055, -10.248505519999981, 0.0 ], [ 123.604660790000025, -10.249228998999968, 0.0 ], [ 123.605016571000078, -10.250201625999978, 0.0 ], [ 123.605540568000038, -10.25303839399993, 0.0 ], [ 123.606166106000046, -10.255789301999926, 0.0 ], [ 123.606305198000086, -10.255879595999943, 0.0 ], [ 123.606369519000054, -10.255914717999929, 0.0 ], [ 123.606492897000066, -10.256000630999949, 0.0 ], [ 123.606690081000011, -10.256148621999955, 0.0 ], [ 123.606877545000089, -10.256267915999956, 0.0 ], [ 123.606977895000114, -10.256313193999972, 0.0 ], [ 123.607084224000118, -10.256327351999971, 0.0 ], [ 123.607171193000113, -10.256323599999973, 0.0 ], [ 123.607206365000025, -10.256392104999975, 0.0 ], [ 123.607280930000115, -10.256472365999969, 0.0 ], [ 123.607456202000094, -10.256658683999945, 0.0 ], [ 123.60757534600009, -10.256804904999967, 0.0 ], [ 123.607721633000097, -10.256994147999933, 0.0 ], [ 123.607804901, -10.257077264999964, 0.0 ], [ 123.607877541000107, -10.257161357999962, 0.0 ], [ 123.608000615000037, -10.257341072999964, 0.0 ], [ 123.608106200000066, -10.257471047999957, 0.0 ], [ 123.608226371000114, -10.25764789699997, 0.0 ], [ 123.608257574000049, -10.25770065699993, 0.0 ], [ 123.608304947000079, -10.257780758999957, 0.0 ], [ 123.608364976000075, -10.257862995999972, 0.0 ], [ 123.608503577000079, -10.258076181999968, 0.0 ], [ 123.608611192000012, -10.258256881999955, 0.0 ], [ 123.608708132000061, -10.258414152999933, 0.0 ], [ 123.608723919000113, -10.25843939799995, 0.0 ], [ 123.60885789800011, -10.258653638999931, 0.0 ], [ 123.609003202000054, -10.25883426799993, 0.0 ], [ 123.609173364000071, -10.259126838999975, 0.0 ], [ 123.609327535000034, -10.25939503099994, 0.0 ], [ 123.609398768000119, -10.25950114099993, 0.0 ], [ 123.609458372000063, -10.259590043999935, 0.0 ], [ 123.609525262000034, -10.259699034999926, 0.0 ], [ 123.609619760000101, -10.259842429999935, 0.0 ], [ 123.609746131000065, -10.259975715999929, 0.0 ], [ 123.60987982600011, -10.260149187999957, 0.0 ], [ 123.609955342000035, -10.260220832999948, 0.0 ], [ 123.610019193000085, -10.260256605999928, 0.0 ], [ 123.610146678000092, -10.260214730999962, 0.0 ], [ 123.610349520000113, -10.260161226999969, 0.0 ], [ 123.610501623000118, -10.260106383999926, 0.0 ], [ 123.610597208000058, -10.260060260999978, 0.0 ], [ 123.610647914000083, -10.260044371999982, 0.0 ], [ 123.610702960000026, -10.260024167999973, 0.0 ], [ 123.610749342000076, -10.260021208999945, 0.0 ], [ 123.610871127000109, -10.260031030999926, 0.0 ], [ 123.610975503000077, -10.260033705999945, 0.0 ], [ 123.611037880000026, -10.260056559999953, 0.0 ], [ 123.611084305000077, -10.260076572999935, 0.0 ], [ 123.611133614000096, -10.260087965999958, 0.0 ], [ 123.611349639000082, -10.260106223999969, 0.0 ], [ 123.611439306000079, -10.260118978999969, 0.0 ], [ 123.611515664000081, -10.260129839999934, 0.0 ], [ 123.611634084000116, -10.260148760999925, 0.0 ], [ 123.611696932000086, -10.260165391999976, 0.0 ], [ 123.611873290000062, -10.260160273999929, 0.0 ], [ 123.612051977000078, -10.260109686999954, 0.0 ], [ 123.612121991000095, -10.260083232999932, 0.0 ], [ 123.612175138000111, -10.260080739999978, 0.0 ], [ 123.612242791000085, -10.260083005999945, 0.0 ], [ 123.612293498000099, -10.26006855299994, 0.0 ], [ 123.612346605000084, -10.260044522999976, 0.0 ], [ 123.612404570000081, -10.260034842999971, 0.0 ], [ 123.612460133000013, -10.260032344999956, 0.0 ], [ 123.612510911000072, -10.260053785999958, 0.0 ], [ 123.612549598000101, -10.260070462999977, 0.0 ], [ 123.612595530000021, -10.260084733999975, 0.0 ], [ 123.612643822000109, -10.260070284999927, 0.0 ], [ 123.61269453500006, -10.260058223999977, 0.0 ], [ 123.612723527000071, -10.260058169999979, 0.0 ], [ 123.612771860000066, -10.260065257999941, 0.0 ], [ 123.612890652000033, -10.260151416999975, 0.0 ], [ 123.613000956000064, -10.260221558999945, 0.0 ], [ 123.613112727000043, -10.260300312999959, 0.0 ], [ 123.613191088, -10.260343236999972, 0.0 ], [ 123.613265123000019, -10.260397654999963, 0.0 ], [ 123.613331893, -10.260443471999963, 0.0 ], [ 123.613436421000074, -10.260525110999936, 0.0 ], [ 123.613577298000109, -10.260662674999935, 0.0 ], [ 123.613636884000016, -10.260741527999926, 0.0 ], [ 123.61367035100011, -10.260807507999971, 0.0 ], [ 123.613693639000076, -10.260856277999949, 0.0 ], [ 123.613705307000032, -10.260893584999963, 0.0 ], [ 123.613725704000103, -10.260946668999964, 0.0 ], [ 123.613740297000049, -10.26099689199998, 0.0 ], [ 123.613731768000093, -10.261084486999948, 0.0 ], [ 123.613730405000069, -10.261128997999947, 0.0 ], [ 123.613729068000112, -10.261187864999954, 0.0 ], [ 123.613753872000075, -10.261271090999969, 0.0 ], [ 123.613751646000082, -10.261289010999974, 0.0 ], [ 123.613748162000093, -10.261317044999942, 0.0 ], [ 123.613747747000048, -10.261318607999954, 0.0 ], [ 123.613738163000107, -10.261354672999971, 0.0 ], [ 123.613622240000041, -10.261374049999972, 0.0 ], [ 123.61360611300006, -10.261376429999927, 0.0 ], [ 123.613577156000019, -10.261394669999959, 0.0 ], [ 123.613564659000076, -10.261429150999959, 0.0 ], [ 123.613565707000021, -10.261471263999965, 0.0 ], [ 123.613617314000066, -10.261672167999961, 0.0 ], [ 123.613618394000014, -10.261731509999947, 0.0 ], [ 123.613602993000086, -10.261763124999959, 0.0 ], [ 123.613438902000098, -10.261866328999929, 0.0 ], [ 123.613325502000066, -10.26194550799994, 0.0 ], [ 123.613204785000107, -10.261988807999955, 0.0 ], [ 123.612965706000068, -10.262044294999953, 0.0 ], [ 123.612915002000022, -10.262061140999947, 0.0 ], [ 123.612893290000102, -10.262077932999944, 0.0 ], [ 123.612893368000073, -10.262118610999948, 0.0 ], [ 123.612942375000102, -10.26247505799995, 0.0 ], [ 123.612971491000053, -10.262539610999966, 0.0 ], [ 123.61311227300007, -10.262879133999945, 0.0 ], [ 123.613197065, -10.262998617999926, 0.0 ], [ 123.613318087000039, -10.263113247999968, 0.0 ], [ 123.613359408000065, -10.263242384999955, 0.0 ], [ 123.613366780000092, -10.263306978999935, 0.0 ], [ 123.613340466000068, -10.263443422999956, 0.0 ], [ 123.613326228000119, -10.263577451999936, 0.0 ], [ 123.613321600000063, -10.263682746999962, 0.0 ], [ 123.61333383200008, -10.263761688999978, 0.0 ], [ 123.613312253000117, -10.263847873999964, 0.0 ], [ 123.613294411000084, -10.263992676999976, 0.0 ], [ 123.614224031000049, -10.266367646999981, 0.0 ], [ 123.614367625000114, -10.267031854999971, 0.0 ], [ 123.615007700000092, -10.268369111999959, 0.0 ], [ 123.615464556, -10.269244753999942, 0.0 ], [ 123.615864306000049, -10.270957965999969, 0.0 ], [ 123.616302126000051, -10.272461784999962, 0.0 ], [ 123.617368125000098, -10.275031602999945, 0.0 ], [ 123.619176515000049, -10.278400919999967, 0.0 ], [ 123.62159404800002, -10.281960593999941, 0.0 ], [ 123.623286891000021, -10.284549603999949, 0.0 ], [ 123.623409416000072, -10.28478804599996, 0.0 ], [ 123.623979795000082, -10.285311847999935, 0.0 ], [ 123.626491206000082, -10.286912049999955, 0.0 ], [ 123.62658224900008, -10.287035310999954, 0.0 ], [ 123.626548758000013, -10.287058661999936, 0.0 ], [ 123.625808601000017, -10.287533493999945, 0.0 ], [ 123.625756072000058, -10.287567192999973, 0.0 ], [ 123.625562555000101, -10.287706771999979, 0.0 ], [ 123.625199978000069, -10.287957177999942, 0.0 ], [ 123.625028387000043, -10.288015057999928, 0.0 ], [ 123.625000000000114, -10.288024579999956, 0.0 ], [ 123.624999688000116, -10.288024684999925, 0.0 ], [ 123.624029993000022, -10.288190005999979, 0.0 ], [ 123.623894915000051, -10.288190005999979, 0.0 ], [ 123.623819993000097, -10.288190005999979, 0.0 ], [ 123.623779992000095, -10.288190005999979, 0.0 ], [ 123.623489993000021, -10.288100005999979, 0.0 ], [ 123.623289977000013, -10.287930005999954, 0.0 ], [ 123.623216078000041, -10.287847233999969, 0.0 ], [ 123.62303999300002, -10.287650005999978, 0.0 ], [ 123.622899993000033, -10.287340005999965, 0.0 ], [ 123.62274999300007, -10.287180005999971, 0.0 ], [ 123.62272168100003, -10.287158771999941, 0.0 ], [ 123.622721657000056, -10.287158749999946, 0.0 ], [ 123.622549993, -10.287030006999942, 0.0 ], [ 123.622352619000026, -10.286954093999952, 0.0 ], [ 123.622289993000095, -10.286930006999967, 0.0 ], [ 123.622029993000069, -10.28699000599994, 0.0 ], [ 123.621859852000057, -10.287153320999948, 0.0 ], [ 123.621779978000063, -10.287229990999947, 0.0 ], [ 123.621689993000018, -10.287410005999959, 0.0 ], [ 123.621609993000106, -10.287690005999934, 0.0 ], [ 123.621519993000106, -10.288050006999981, 0.0 ], [ 123.621449993000056, -10.288080005999973, 0.0 ], [ 123.621420931000102, -10.28809162999994, 0.0 ], [ 123.621399992000079, -10.288100005999979, 0.0 ], [ 123.621309993000068, -10.288070005999941, 0.0 ], [ 123.621079992000091, -10.287900005999973, 0.0 ], [ 123.620909993000055, -10.287800005999941, 0.0 ], [ 123.620519993000016, -10.287650005999978, 0.0 ], [ 123.620329993000041, -10.28768000599996, 0.0 ], [ 123.620179993000079, -10.287760006999974, 0.0 ], [ 123.620140176000064, -10.287771382999949, 0.0 ], [ 123.620039993000091, -10.287800005999941, 0.0 ], [ 123.619530513000086, -10.287878939999928, 0.0 ], [ 123.619329993000065, -10.287910006999937, 0.0 ], [ 123.619079992000025, -10.287920005999979, 0.0 ], [ 123.619048128000031, -10.287925499999972, 0.0 ], [ 123.618789992000075, -10.287970005999966, 0.0 ], [ 123.618689993000089, -10.288030005999929, 0.0 ], [ 123.618429993000063, -10.288350005999973, 0.0 ], [ 123.618079993000038, -10.288780005999968, 0.0 ], [ 123.618042288000083, -10.288792573999956, 0.0 ], [ 123.617989993000037, -10.288810005999949, 0.0 ], [ 123.617503910000096, -10.288903907999952, 0.0 ], [ 123.617109993000099, -10.288980005999974, 0.0 ], [ 123.616979993000086, -10.289050005999968, 0.0 ], [ 123.616822968000065, -10.289216845999931, 0.0 ], [ 123.616819993000036, -10.289220006999926, 0.0 ], [ 123.616609993000111, -10.289510005999944, 0.0 ], [ 123.616399978000118, -10.289630005999982, 0.0 ], [ 123.616349910000054, -10.289659213999926, 0.0 ], [ 123.61615999300011, -10.289770005999969, 0.0 ], [ 123.61608999300006, -10.289850005999938, 0.0 ], [ 123.616019993, -10.289900005999925, 0.0 ], [ 123.615929993, -10.289980005999951, 0.0 ], [ 123.615839993, -10.290090005999957, 0.0 ], [ 123.615739993000034, -10.290150005999976, 0.0 ], [ 123.615619993000109, -10.290270005999957, 0.0 ], [ 123.615479993, -10.290430005999951, 0.0 ], [ 123.615330009000104, -10.290580005999971, 0.0 ], [ 123.615129993000096, -10.290770006999935, 0.0 ], [ 123.615060555000014, -10.29084478599998, 0.0 ], [ 123.614999993000083, -10.290910005999933, 0.0 ], [ 123.614929993000032, -10.291000005999933, 0.0 ], [ 123.614729993000083, -10.291300005999972, 0.0 ], [ 123.614619993000019, -10.291480005999972, 0.0 ], [ 123.61441999300007, -10.291749990999961, 0.0 ], [ 123.614299993000031, -10.29189000599996, 0.0 ], [ 123.614159993000044, -10.29198000599996, 0.0 ], [ 123.613809993000018, -10.292140005999954, 0.0 ], [ 123.61330999300003, -10.292410005999955, 0.0 ], [ 123.613059993000093, -10.292570006999938, 0.0 ], [ 123.612909993000017, -10.292650005999974, 0.0 ], [ 123.612750008000035, -10.292710005999936, 0.0 ], [ 123.612549993000016, -10.292730006999932, 0.0 ], [ 123.612349993000066, -10.292730005999942, 0.0 ], [ 123.612291859000038, -10.292730005999942, 0.0 ], [ 123.612199992000114, -10.292730006999932, 0.0 ], [ 123.61199999300004, -10.292730005999942, 0.0 ], [ 123.611869992000038, -10.29269000599993, 0.0 ], [ 123.611670008000033, -10.292660005999949, 0.0 ], [ 123.611559993000014, -10.292660005999949, 0.0 ], [ 123.611398683000061, -10.292678983999963, 0.0 ], [ 123.611389993000103, -10.292680005999955, 0.0 ], [ 123.611199993000014, -10.292770006999945, 0.0 ], [ 123.611029993000102, -10.292850005999981, 0.0 ], [ 123.610859993000076, -10.29285000699997, 0.0 ], [ 123.610649992000049, -10.292830021999976, 0.0 ], [ 123.610439993000114, -10.292790005999962, 0.0 ], [ 123.610229992000086, -10.292710005999936, 0.0 ], [ 123.61005999300005, -10.292640005999942, 0.0 ], [ 123.609927649000042, -10.292591247999951, 0.0 ], [ 123.609869993000075, -10.292570005999949, 0.0 ], [ 123.609739993000062, -10.292530005999936, 0.0 ], [ 123.609559993000062, -10.292510006999976, 0.0 ], [ 123.609379993000061, -10.292520005999961, 0.0 ], [ 123.609196064000116, -10.292547254999931, 0.0 ], [ 123.609109993000061, -10.292560005999974, 0.0 ], [ 123.608889993000048, -10.292560006999963, 0.0 ], [ 123.608649977000027, -10.292510005999929, 0.0 ], [ 123.608507825000061, -10.292471731999967, 0.0 ], [ 123.60838999300006, -10.292440005999936, 0.0 ], [ 123.608367242000099, -10.292430698999965, 0.0 ], [ 123.608169993000047, -10.292350005999936, 0.0 ], [ 123.607949993000034, -10.292240005999929, 0.0 ], [ 123.607662302000108, -10.292070776999935, 0.0 ], [ 123.607609993000096, -10.292040006999969, 0.0 ], [ 123.607339993000096, -10.291780005999954, 0.0 ], [ 123.607219993000058, -10.29162000599996, 0.0 ], [ 123.607109993000108, -10.291460005999966, 0.0 ], [ 123.606999993000045, -10.291319990999966, 0.0 ], [ 123.606819993000045, -10.291099989999964, 0.0 ], [ 123.606679993000057, -10.290940005999971, 0.0 ], [ 123.606572495000023, -10.290852669999936, 0.0 ], [ 123.606496891, -10.29081174099997, 0.0 ], [ 123.606422486000042, -10.290774538999926, 0.0 ], [ 123.606279977000099, -10.290750005999939, 0.0 ], [ 123.606070008000074, -10.290750005999939, 0.0 ], [ 123.606006785000091, -10.290768067999977, 0.0 ], [ 123.605929993000018, -10.290790006999941, 0.0 ], [ 123.605819993000068, -10.290860005999946, 0.0 ], [ 123.605589993000081, -10.291130005999946, 0.0 ], [ 123.605439993000118, -10.291400005999947, 0.0 ], [ 123.605279993000067, -10.291580005999947, 0.0 ], [ 123.605179993000093, -10.291749990999961, 0.0 ], [ 123.60504999300008, -10.291910005999966, 0.0 ], [ 123.604769993000104, -10.292190005999942, 0.0 ], [ 123.604449993000117, -10.292480005999948, 0.0 ], [ 123.604195804000028, -10.292610731999957, 0.0 ], [ 123.604099993000091, -10.292660005999949, 0.0 ], [ 123.603947697000081, -10.292706356999929, 0.0 ], [ 123.603869993000103, -10.292730005999942, 0.0 ], [ 123.603689993000103, -10.292780006999976, 0.0 ], [ 123.603529993000052, -10.29278000599993, 0.0 ], [ 123.603309993000039, -10.292710005999936, 0.0 ], [ 123.602939993000064, -10.29258000599998, 0.0 ], [ 123.602519993000101, -10.292500006999944, 0.0 ], [ 123.60231146600006, -10.292435843999954, 0.0 ], [ 123.602189036000027, -10.292355498999939, 0.0 ], [ 123.602149993000012, -10.292320005999954, 0.0 ], [ 123.601839993000112, -10.292090005999967, 0.0 ], [ 123.601499993000061, -10.291840005999973, 0.0 ], [ 123.601374122000038, -10.291723815999944, 0.0 ], [ 123.601369993000048, -10.291720005999935, 0.0 ], [ 123.601367837000112, -10.29171957799997, 0.0 ], [ 123.601291634000063, -10.291704466999931, 0.0 ], [ 123.601191697000104, -10.291595011999959, 0.0 ], [ 123.601171544000067, -10.291556181999965, 0.0 ], [ 123.601094139000111, -10.291407034999963, 0.0 ], [ 123.600991822000083, -10.291338029999963, 0.0 ], [ 123.60081242900003, -10.291158279999934, 0.0 ], [ 123.600802428000065, -10.291118280999967, 0.0 ], [ 123.600782429000105, -10.290938280999967, 0.0 ], [ 123.600772429000017, -10.290718279999965, 0.0 ], [ 123.600842429000068, -10.29064828099996, 0.0 ], [ 123.60100151000006, -10.290550523999968, 0.0 ], [ 123.601169748000075, -10.290468140999963, 0.0 ], [ 123.601216702000102, -10.290445147999947, 0.0 ], [ 123.601185865000048, -10.290373625999962, 0.0 ], [ 123.601179992000084, -10.290360005999958, 0.0 ], [ 123.601193979000072, -10.290326038999979, 0.0 ], [ 123.60124999300001, -10.290190006999978, 0.0 ], [ 123.601279993000048, -10.289960005999944, 0.0 ], [ 123.601287540000044, -10.289887047999969, 0.0 ], [ 123.601309993000086, -10.289670005999938, 0.0 ], [ 123.601299993000111, -10.28944000599995, 0.0 ], [ 123.601189992000059, -10.289130005999937, 0.0 ], [ 123.601039993000086, -10.28893000599993, 0.0 ], [ 123.600909993000073, -10.288840006999976, 0.0 ], [ 123.600619993, -10.288710005999974, 0.0 ], [ 123.600329993000059, -10.288650005999955, 0.0 ], [ 123.600219994000099, -10.288630005999948, 0.0 ], [ 123.599526205000075, -10.288525564999929, 0.0 ], [ 123.59928999300007, -10.288490005999961, 0.0 ], [ 123.599039993000019, -10.288370006999969, 0.0 ], [ 123.598549993, -10.288089990999936, 0.0 ], [ 123.598379993000094, -10.28795000599996, 0.0 ], [ 123.598049993000018, -10.287680006999949, 0.0 ], [ 123.59772999300003, -10.287270005999972, 0.0 ], [ 123.597569993000093, -10.287110005999978, 0.0 ], [ 123.597209993000092, -10.286930005999977, 0.0 ], [ 123.596999993000054, -10.286940005999952, 0.0 ], [ 123.596849993000092, -10.286960005999958, 0.0 ], [ 123.596709993000104, -10.28699000599994, 0.0 ], [ 123.596629993000079, -10.28699000599994, 0.0 ], [ 123.59650999400003, -10.28699000599994, 0.0 ], [ 123.596399993000091, -10.286960006999948, 0.0 ], [ 123.596269993000078, -10.286920005999946, 0.0 ], [ 123.59614999300004, -10.286820005999971, 0.0 ], [ 123.596009993000052, -10.286750005999977, 0.0 ], [ 123.595849993000115, -10.286640005999971, 0.0 ], [ 123.59567999300009, -10.28655000599997, 0.0 ], [ 123.595439993000014, -10.286470005999945, 0.0 ], [ 123.595139992000099, -10.286410005999926, 0.0 ], [ 123.594809993000013, -10.286360006999928, 0.0 ], [ 123.594664240000043, -10.286360005999938, 0.0 ], [ 123.594660009000108, -10.286360005999938, 0.0 ], [ 123.59461375, -10.286370680999937, 0.0 ], [ 123.594399992000035, -10.286420005999958, 0.0 ], [ 123.594049993000112, -10.286530005999964, 0.0 ], [ 123.593703683000058, -10.286614816999929, 0.0 ], [ 123.593559993000099, -10.286650005999945, 0.0 ], [ 123.59300999300001, -10.286770005999927, 0.0 ], [ 123.592649993, -10.286790006999979, 0.0 ], [ 123.592419993000021, -10.286800021999966, 0.0 ], [ 123.592179993000059, -10.286740005999945, 0.0 ], [ 123.591799993000109, -10.286670005999952, 0.0 ], [ 123.591331035000053, -10.286596457999963, 0.0 ], [ 123.591289993000032, -10.286590021999928, 0.0 ], [ 123.591169993000108, -10.286530005999964, 0.0 ], [ 123.591029993, -10.286440004999974, 0.0 ], [ 123.590779978000114, -10.286250005999932, 0.0 ], [ 123.590589993000094, -10.286120005999976, 0.0 ], [ 123.590409993000094, -10.286060005999957, 0.0 ], [ 123.590259993000018, -10.286060006999946, 0.0 ], [ 123.590059993000068, -10.286080005999963, 0.0 ], [ 123.589799993000042, -10.286170006999953, 0.0 ], [ 123.589419296000074, -10.286330612999961, 0.0 ], [ 123.589159993000067, -10.286440005999964, 0.0 ], [ 123.588439993000065, -10.286630006999928, 0.0 ], [ 123.58799000800002, -10.286780005999958, 0.0 ], [ 123.587509993000026, -10.286920005999946, 0.0 ], [ 123.587159993000114, -10.287100006999935, 0.0 ], [ 123.5866860430001, -10.287345756999969, 0.0 ], [ 123.586619993000113, -10.287380004999932, 0.0 ], [ 123.585929992000047, -10.287830005999979, 0.0 ], [ 123.58519000900003, -10.288350005999973, 0.0 ], [ 123.584769993, -10.288540005999948, 0.0 ], [ 123.584769994000112, -10.288150005999967, 0.0 ], [ 123.584789994000062, -10.288060004999977, 0.0 ], [ 123.584829995000064, -10.287960004999945, 0.0 ], [ 123.584869746000095, -10.28790579799994, 0.0 ], [ 123.584939996000116, -10.287810004999926, 0.0 ], [ 123.585110268000108, -10.287675197999931, 0.0 ], [ 123.585179977000053, -10.28762000699993, 0.0 ], [ 123.585499992000109, -10.287290005999978, 0.0 ], [ 123.585419993000073, -10.287110005999978, 0.0 ], [ 123.585249993000048, -10.286900006999929, 0.0 ], [ 123.585129448000089, -10.286714546999974, 0.0 ], [ 123.584989993000022, -10.286500005999926, 0.0 ], [ 123.584979993000047, -10.28586000599995, 0.0 ], [ 123.584979995000026, -10.285535294999931, 0.0 ], [ 123.584979993000047, -10.285530005999931, 0.0 ], [ 123.584869993000098, -10.285289989999967, 0.0 ], [ 123.584789993000072, -10.285060005999981, 0.0 ], [ 123.584769993, -10.284850005999942, 0.0 ], [ 123.584769995000102, -10.284688002999928, 0.0 ], [ 123.584769993, -10.284450005999929, 0.0 ], [ 123.584719993000022, -10.284110005999935, 0.0 ], [ 123.58463999300011, -10.284020005999935, 0.0 ], [ 123.584546649000117, -10.283957772999941, 0.0 ], [ 123.584399993000034, -10.283860005999941, 0.0 ], [ 123.584269993000021, -10.283770005999941, 0.0 ], [ 123.584159993000071, -10.283610005999947, 0.0 ], [ 123.584039993000033, -10.28330000699998, 0.0 ], [ 123.584089993000021, -10.283190005999927, 0.0 ], [ 123.584199993000084, -10.283120005999933, 0.0 ], [ 123.584349993000046, -10.283000005999952, 0.0 ], [ 123.584449993000021, -10.282870005999939, 0.0 ], [ 123.584519461000014, -10.282793226999956, 0.0 ], [ 123.58463999300011, -10.282660005999958, 0.0 ], [ 123.584679993, -10.282580006999979, 0.0 ], [ 123.584799993000047, -10.282410005999964, 0.0 ], [ 123.584939993000035, -10.282110005999925, 0.0 ], [ 123.584960383000066, -10.282065151999973, 0.0 ], [ 123.585039993, -10.281890005999969, 0.0 ], [ 123.585049993000098, -10.28174000599995, 0.0 ], [ 123.585042, -10.281308255999932, 0.0 ], [ 123.585039993, -10.281199990999937, 0.0 ], [ 123.584999992, -10.28103000599998, 0.0 ], [ 123.584889993000047, -10.280840005999949, 0.0 ], [ 123.584790328000054, -10.280770998999969, 0.0 ], [ 123.584661198000049, -10.280736832999935, 0.0 ], [ 123.584635854000112, -10.280733453999972, 0.0 ], [ 123.584609993000072, -10.280730005999942, 0.0 ], [ 123.584513676000029, -10.280710742999929, 0.0 ], [ 123.584359993000021, -10.280680005999955, 0.0 ], [ 123.584269993000021, -10.280570005999948, 0.0 ], [ 123.584279993000109, -10.280360006999956, 0.0 ], [ 123.584330008000052, -10.28007000599996, 0.0 ], [ 123.584319977000064, -10.279760005999947, 0.0 ], [ 123.58430149000003, -10.27973329799994, 0.0 ], [ 123.584229993, -10.27963000699998, 0.0 ], [ 123.583896205000087, -10.279296214999931, 0.0 ], [ 123.583849993000058, -10.279250005999927, 0.0 ], [ 123.583777505000057, -10.279026499999929, 0.0 ], [ 123.58372999300002, -10.278880005999952, 0.0 ], [ 123.583739993000108, -10.278550005999932, 0.0 ], [ 123.583859993000033, -10.278290005999963, 0.0 ], [ 123.584009993000109, -10.278020005999963, 0.0 ], [ 123.583989993000046, -10.277910005999956, 0.0 ], [ 123.583986899000024, -10.277907511999956, 0.0 ], [ 123.583738077000021, -10.277707240999973, 0.0 ], [ 123.583579993000058, -10.277580005999937, 0.0 ], [ 123.58354999200003, -10.277460005999956, 0.0 ], [ 123.583559276000074, -10.277237207999974, 0.0 ], [ 123.583559993000108, -10.277220005999936, 0.0 ], [ 123.583559993000108, -10.277030005999961, 0.0 ], [ 123.583539993000045, -10.27691000599998, 0.0 ], [ 123.58343999300007, -10.276810005999948, 0.0 ], [ 123.583432948000109, -10.276728985999966, 0.0 ], [ 123.583419995000099, -10.276580003999982, 0.0 ], [ 123.583409996000114, -10.276440003999937, 0.0 ], [ 123.583419996000089, -10.276170003999937, 0.0 ], [ 123.583619996000039, -10.275650003999942, 0.0 ], [ 123.583699996000064, -10.275480003999974, 0.0 ], [ 123.583819995000113, -10.275250003999929, 0.0 ], [ 123.583809996000014, -10.275169992999963, 0.0 ], [ 123.583719996000013, -10.275030002999927, 0.0 ], [ 123.583749995000062, -10.274800003999928, 0.0 ], [ 123.583769996000115, -10.274680003999947, 0.0 ], [ 123.583849996000026, -10.274320018999958, 0.0 ], [ 123.583659996000051, -10.273980003999952, 0.0 ], [ 123.583649995000087, -10.273840004999954, 0.0 ], [ 123.583869992000018, -10.273830005999969, 0.0 ], [ 123.58390999300002, -10.273740005999969, 0.0 ], [ 123.584019993000084, -10.273449989999961, 0.0 ], [ 123.584069993000071, -10.273210005999942, 0.0 ], [ 123.584199993000084, -10.272830005999936, 0.0 ], [ 123.584319978000053, -10.272570006999956, 0.0 ], [ 123.584359993000021, -10.272430005999979, 0.0 ], [ 123.584309993000034, -10.272210005999966, 0.0 ], [ 123.584279993000109, -10.272090006999974, 0.0 ], [ 123.583836493000035, -10.272037283999964, 0.0 ], [ 123.58383333300003, -10.272027777999938, 0.0 ], [ 123.583758137000018, -10.272025787999951, 0.0 ], [ 123.583757959000081, -10.271928506999927, 0.0 ], [ 123.583968653000056, -10.271539282999981, 0.0 ], [ 123.584088854000015, -10.271210043999929, 0.0 ], [ 123.58414859700008, -10.270851002999962, 0.0 ], [ 123.583965251000109, -10.269684797999957, 0.0 ], [ 123.583843459000036, -10.269146615999944, 0.0 ], [ 123.583661266000036, -10.268608542999971, 0.0 ], [ 123.583660115000043, -10.26798041099994, 0.0 ], [ 123.583749565000062, -10.267352115999927, 0.0 ], [ 123.584653446000061, -10.266183953999928, 0.0 ], [ 123.58441024800004, -10.265316968999969, 0.0 ], [ 123.583470524000063, -10.263404344999969, 0.0 ], [ 123.581683293000083, -10.260446344999934, 0.0 ], [ 123.581256290000056, -10.25814394799994, 0.0 ], [ 123.581224890000044, -10.257485958999951, 0.0 ], [ 123.581052867000039, -10.256846975999963, 0.0 ], [ 123.580987225000058, -10.256836693999958, 0.0 ], [ 123.580902644000048, -10.256810005999967, 0.0 ], [ 123.580869993000078, -10.256810005999967, 0.0 ], [ 123.580579993000015, -10.256760005999979, 0.0 ], [ 123.580359993000116, -10.256710006999981, 0.0 ], [ 123.579889993000052, -10.256670005999979, 0.0 ], [ 123.579609993000076, -10.256590005999954, 0.0 ], [ 123.579399993000038, -10.256380005999972, 0.0 ], [ 123.579129993000038, -10.256140005999953, 0.0 ], [ 123.578819993000025, -10.255910005999965, 0.0 ], [ 123.57871999300005, -10.25592000599994, 0.0 ], [ 123.578639993000024, -10.255970005999927, 0.0 ], [ 123.578409993000037, -10.256080005999934, 0.0 ], [ 123.578279993000024, -10.256080005999934, 0.0 ], [ 123.578189993000024, -10.256030006999936, 0.0 ], [ 123.578069993000099, -10.255850005999946, 0.0 ], [ 123.577859977000116, -10.255460005999964, 0.0 ], [ 123.577739993000023, -10.255330006999941, 0.0 ], [ 123.57760999300001, -10.255200005999939, 0.0 ], [ 123.577479993000111, -10.255180005999932, 0.0 ], [ 123.577446111000086, -10.255213887999957, 0.0 ], [ 123.577419993000035, -10.255240005999951, 0.0 ], [ 123.577329993000035, -10.255330005999951, 0.0 ], [ 123.57722999300006, -10.255290005999939, 0.0 ], [ 123.57702999300011, -10.25521000599997, 0.0 ], [ 123.576709993, -10.25521000599997, 0.0 ], [ 123.575839993000045, -10.255220005999945, 0.0 ], [ 123.575489993000019, -10.25512000599997, 0.0 ], [ 123.575449993, -10.255010005999964, 0.0 ], [ 123.575449993, -10.254770005999944, 0.0 ], [ 123.575419993000082, -10.254530005999982, 0.0 ], [ 123.575339993000057, -10.254480005999937, 0.0 ], [ 123.575119993000044, -10.254380005999963, 0.0 ], [ 123.575049993000107, -10.254289989999961, 0.0 ], [ 123.575149993000082, -10.25416000599995, 0.0 ], [ 123.575229993000107, -10.254040005999968, 0.0 ], [ 123.575249942000028, -10.253910334999944, 0.0 ], [ 123.575250001000086, -10.253910000999952, 0.0 ], [ 123.575248318000035, -10.253909279999959, 0.0 ], [ 123.575197505000119, -10.25388750999997, 0.0 ], [ 123.575028756000052, -10.253805922999959, 0.0 ], [ 123.574428908000073, -10.253424119999977, 0.0 ], [ 123.575355098000045, -10.252570609999964, 0.0 ], [ 123.575738070000057, -10.252293449999968, 0.0 ], [ 123.576667662000091, -10.251620695999975, 0.0 ], [ 123.577352, -10.25263, 0.0 ], [ 123.578509, -10.251288, 0.0 ], [ 123.578884993000088, -10.250695005999944, 0.0 ], [ 123.578709993000075, -10.250590005999982, 0.0 ], [ 123.578569993000087, -10.250480005999975, 0.0 ], [ 123.578509978000056, -10.250390006999964, 0.0 ], [ 123.578489992000073, -10.25031000599995, 0.0 ], [ 123.578419993000011, -10.250190006999958, 0.0 ], [ 123.578303555000048, -10.250005624999972, 0.0 ], [ 123.578300008000042, -10.250000006999926, 0.0 ], [ 123.578199993000112, -10.249830006999957, 0.0 ], [ 123.578019993000112, -10.249590005999949, 0.0 ], [ 123.577879992000021, -10.249410005999948, 0.0 ], [ 123.577739993000023, -10.24909000599996, 0.0 ], [ 123.577629993000073, -10.248710005999953, 0.0 ], [ 123.577559992000033, -10.248600005999947, 0.0 ], [ 123.577489993000086, -10.248530005999953, 0.0 ], [ 123.577369993000048, -10.248440005999953, 0.0 ], [ 123.577159993, -10.248250005999978, 0.0 ], [ 123.577119992, -10.248190005999959, 0.0 ], [ 123.577039993000085, -10.248110005999933, 0.0 ], [ 123.57684999300011, -10.247829989999957, 0.0 ], [ 123.576729993000072, -10.247600005999971, 0.0 ], [ 123.576539993000097, -10.24715000599997, 0.0 ], [ 123.576389993000021, -10.246940005999932, 0.0 ], [ 123.576009993000071, -10.246610006999958, 0.0 ], [ 123.575839993000045, -10.246510005999937, 0.0 ], [ 123.575659993000045, -10.246430005999969, 0.0 ], [ 123.575569993000045, -10.246350006999933, 0.0 ], [ 123.575500009000052, -10.246170005999943, 0.0 ], [ 123.575109993000069, -10.245860006999976, 0.0 ], [ 123.575036747000013, -10.24581945999995, 0.0 ], [ 123.574549992000016, -10.245550005999974, 0.0 ], [ 123.574418430000037, -10.245468562999974, 0.0 ], [ 123.574174, -10.245401, 0.0 ], [ 123.573827228000027, -10.245230092999975, 0.0 ], [ 123.57379999300008, -10.245220005999954, 0.0 ], [ 123.573629993000054, -10.245130005999954, 0.0 ], [ 123.573509992000027, -10.245000004999952, 0.0 ], [ 123.57343999200009, -10.244930005999947, 0.0 ], [ 123.573319992000052, -10.244920006999962, 0.0 ], [ 123.573179993000053, -10.24497000599996, 0.0 ], [ 123.572829993000028, -10.245260005999967, 0.0 ], [ 123.572362512000041, -10.24551499599994, 0.0 ], [ 123.572115983000117, -10.245537630999934, 0.0 ], [ 123.571840313000052, -10.245394541999929, 0.0 ], [ 123.571680426000057, -10.245150747999958, 0.0 ], [ 123.571468121000066, -10.244913276999966, 0.0 ], [ 123.571462559000111, -10.244907054999942, 0.0 ], [ 123.571230453000112, -10.244806959999949, 0.0 ], [ 123.570998424000095, -10.244749937999927, 0.0 ], [ 123.57089695600007, -10.244750115999977, 0.0 ], [ 123.570737918000077, -10.244980113999929, 0.0 ], [ 123.570535394000103, -10.24521018799993, 0.0 ], [ 123.570375893000119, -10.24518175299994, 0.0 ], [ 123.570279630000073, -10.245086743999934, 0.0 ], [ 123.570239992000097, -10.244730005999941, 0.0 ], [ 123.570259993000036, -10.244510005999928, 0.0 ], [ 123.570349993000036, -10.244090006999954, 0.0 ], [ 123.570361816000059, -10.244007240999963, 0.0 ], [ 123.570429621000017, -10.243973512999958, 0.0 ], [ 123.570258927000054, -10.243088438999962, 0.0 ], [ 123.57035389400005, -10.242155040999933, 0.0 ], [ 123.570424446000061, -10.241078110999979, 0.0 ], [ 123.570229424000104, -10.240097362999961, 0.0 ], [ 123.570132191000084, -10.239762526999925, 0.0 ], [ 123.569695458000069, -10.238710414999957, 0.0 ], [ 123.569645903000037, -10.238016560999938, 0.0 ], [ 123.569765372, -10.237274551999974, 0.0 ], [ 123.569813347000036, -10.237083034999955, 0.0 ], [ 123.57000482, -10.236077680999927, 0.0 ], [ 123.570172176000028, -10.235096297999974, 0.0 ], [ 123.570436335000068, -10.234210460999975, 0.0 ], [ 123.570821027000079, -10.233180838999942, 0.0 ], [ 123.571013137000023, -10.232534417999943, 0.0 ], [ 123.571229232000064, -10.231792239999947, 0.0 ], [ 123.57151301600004, -10.231510148999973, 0.0 ], [ 123.571597543000053, -10.231471135999982, 0.0 ], [ 123.571706, -10.23139, 0.0 ], [ 123.571755283000016, -10.231330545999981, 0.0 ], [ 123.571940029000075, -10.230750078999961, 0.0 ], [ 123.572048290000112, -10.230498633999957, 0.0 ], [ 123.572530975000063, -10.230234566999968, 0.0 ], [ 123.572748010000055, -10.230018823999956, 0.0 ], [ 123.572674764000112, -10.22958823099998, 0.0 ], [ 123.572746337000012, -10.229085594999958, 0.0 ], [ 123.572818124000037, -10.228702604999967, 0.0 ], [ 123.572363000000109, -10.228332, 0.0 ], [ 123.572310041000037, -10.228272774999937, 0.0 ], [ 123.572090444000082, -10.227926116999981, 0.0 ], [ 123.572099992000062, -10.227920005999977, 0.0 ], [ 123.572249993000014, -10.227800005999939, 0.0 ], [ 123.572359993000077, -10.227420005999932, 0.0 ], [ 123.572559993000027, -10.227000005999969, 0.0 ], [ 123.572619993000103, -10.226910006999958, 0.0 ], [ 123.572749993000116, -10.226780005999956, 0.0 ], [ 123.572809993000078, -10.226760005999949, 0.0 ], [ 123.572809377000112, -10.226745009999945, 0.0 ], [ 123.572808365000014, -10.226720391999947, 0.0 ], [ 123.572799500000087, -10.226504680999938, 0.0 ], [ 123.572779992000051, -10.226030005999974, 0.0 ], [ 123.572709994000093, -10.225880005999954, 0.0 ], [ 123.572619993000103, -10.225660020999953, 0.0 ], [ 123.572619993000103, -10.225550005999935, 0.0 ], [ 123.572629993000078, -10.225410005999947, 0.0 ], [ 123.572479977000057, -10.225090005999959, 0.0 ], [ 123.572420270000066, -10.224825531999954, 0.0 ], [ 123.572487386000034, -10.224713658999974, 0.0 ], [ 123.572692339000014, -10.224497936999967, 0.0 ], [ 123.572981648000109, -10.224174386999948, 0.0 ], [ 123.573319208000044, -10.223814857999969, 0.0 ], [ 123.573548403000018, -10.223646950999978, 0.0 ], [ 123.573886391000087, -10.223526710999977, 0.0 ], [ 123.57441763700001, -10.223406129999944, 0.0 ], [ 123.57496423300006, -10.223151518999941, 0.0 ], [ 123.574944574000028, -10.223125960999937, 0.0 ], [ 123.574939993000044, -10.223120005999931, 0.0 ], [ 123.574936378000075, -10.223095905999969, 0.0 ], [ 123.574909993, -10.222920005999981, 0.0 ], [ 123.574979994000046, -10.222850004999941, 0.0 ], [ 123.575064133000069, -10.222846768999943, 0.0 ], [ 123.575239992000093, -10.222840005999956, 0.0 ], [ 123.575444805000075, -10.222820499999955, 0.0 ], [ 123.575449993, -10.222820005999949, 0.0 ], [ 123.575619993000032, -10.222850005999931, 0.0 ], [ 123.575891119000062, -10.222899949999942, 0.0 ], [ 123.575946840000029, -10.222910213999967, 0.0 ], [ 123.575999994000085, -10.222920005999981, 0.0 ], [ 123.576031930000113, -10.222894456999938, 0.0 ], [ 123.576049993000083, -10.222880005999968, 0.0 ], [ 123.576072167, -10.222764189999964, 0.0 ], [ 123.576139977000025, -10.222410005999961, 0.0 ], [ 123.576109993000046, -10.222130005999929, 0.0 ], [ 123.576069992000043, -10.222050005999961, 0.0 ], [ 123.576009993000071, -10.221940006999944, 0.0 ], [ 123.575979993000033, -10.221880005999935, 0.0 ], [ 123.575709978000077, -10.221850006999944, 0.0 ], [ 123.575539993, -10.221750005999979, 0.0 ], [ 123.575329993000082, -10.221440005999966, 0.0 ], [ 123.575082432000045, -10.221268608999935, 0.0 ], [ 123.575070008000012, -10.221260006999955, 0.0 ], [ 123.575099993000094, -10.221050005999928, 0.0 ], [ 123.575059993000082, -10.22082000599994, 0.0 ], [ 123.57505160300002, -10.220803224999941, 0.0 ], [ 123.575034942000116, -10.220769901999972, 0.0 ], [ 123.57498999400002, -10.220680004999963, 0.0 ], [ 123.574929993000069, -10.220570005999946, 0.0 ], [ 123.574839993000069, -10.220400005999977, 0.0 ], [ 123.574769993000018, -10.220240005999926, 0.0 ], [ 123.574751466000066, -10.220138107999958, 0.0 ], [ 123.574749993000069, -10.220130005999977, 0.0 ], [ 123.574739993000094, -10.219970006999972, 0.0 ], [ 123.574640009000063, -10.219830005999938, 0.0 ], [ 123.574619993000056, -10.219680005999976, 0.0 ], [ 123.574739993000094, -10.219400006999933, 0.0 ], [ 123.574749993000069, -10.219360004999942, 0.0 ], [ 123.574755757000048, -10.219325415999947, 0.0 ], [ 123.574759992000054, -10.219300005999969, 0.0 ], [ 123.574869993000107, -10.218979990999969, 0.0 ], [ 123.574899993000031, -10.218850005999968, 0.0 ], [ 123.574959992000117, -10.218670005999968, 0.0 ], [ 123.574969994000071, -10.218620005999981, 0.0 ], [ 123.574329993000106, -10.218450005999955, 0.0 ], [ 123.574259993000055, -10.218410005999942, 0.0 ], [ 123.574049993000017, -10.218310005999967, 0.0 ], [ 123.573953517000064, -10.218255737999925, 0.0 ], [ 123.573940012000094, -10.218248141999936, 0.0 ], [ 123.57390190700005, -10.218226707999975, 0.0 ], [ 123.57388999300008, -10.218220005999967, 0.0 ], [ 123.57390435700006, -10.218172422999942, 0.0 ], [ 123.574049993000017, -10.21768998999994, 0.0 ], [ 123.57408999300003, -10.217580004999945, 0.0 ], [ 123.574139993000017, -10.217410005999966, 0.0 ], [ 123.57423204700001, -10.217083632999959, 0.0 ], [ 123.57424999300008, -10.217020005999927, 0.0 ], [ 123.574049993000017, -10.21697000599994, 0.0 ], [ 123.573729993000029, -10.216900005999946, 0.0 ], [ 123.573709987000029, -10.216893336999931, 0.0 ], [ 123.573489993000067, -10.216820004999931, 0.0 ], [ 123.573189993000028, -10.216720005999946, 0.0 ], [ 123.572889994000093, -10.216780006999954, 0.0 ], [ 123.572589993000065, -10.216630005999946, 0.0 ], [ 123.572239993000039, -10.216450005999945, 0.0 ], [ 123.572101541000052, -10.21631154399995, 0.0 ], [ 123.571824000000106, -10.216619, 0.0 ], [ 123.571439661000113, -10.216322385999945, 0.0 ], [ 123.571070875000032, -10.21610168899997, 0.0 ], [ 123.570490728000095, -10.215887342999963, 0.0 ], [ 123.569922597000073, -10.215637080999954, 0.0 ], [ 123.569692916, -10.215529800999946, 0.0 ], [ 123.569423, -10.215577, 0.0 ], [ 123.569234566000091, -10.215501392999954, 0.0 ], [ 123.569161604000101, -10.215476457999955, 0.0 ], [ 123.569060310000054, -10.215489963999971, 0.0 ], [ 123.569059996000078, -10.215490005999982, 0.0 ], [ 123.569059967000044, -10.215490027999977, 0.0 ], [ 123.568869993000021, -10.215640005999944, 0.0 ], [ 123.56887005100009, -10.215640424999947, 0.0 ], [ 123.56887999300011, -10.21572000599997, 0.0 ], [ 123.568939993000072, -10.215800005999938, 0.0 ], [ 123.569019993000097, -10.215920005999976, 0.0 ], [ 123.569019522000076, -10.21592060699993, 0.0 ], [ 123.568979995000063, -10.21597001799995, 0.0 ], [ 123.568789992, -10.216100005999976, 0.0 ], [ 123.56832999300002, -10.216360005999945, 0.0 ], [ 123.568259993000083, -10.216410005999933, 0.0 ], [ 123.568259703000081, -10.216410701999962, 0.0 ], [ 123.568199993, -10.216550006999967, 0.0 ], [ 123.568109993, -10.216850005999959, 0.0 ], [ 123.56814999300002, -10.216960005999965, 0.0 ], [ 123.56823999300002, -10.217010005999953, 0.0 ], [ 123.568309993000071, -10.21706000599994, 0.0 ], [ 123.56832999300002, -10.217200005999928, 0.0 ], [ 123.568329568000081, -10.217200365999929, 0.0 ], [ 123.568269993000058, -10.217250005999972, 0.0 ], [ 123.568139993000045, -10.217310005999934, 0.0 ], [ 123.567829993000032, -10.217440005999947, 0.0 ], [ 123.567699993000019, -10.21757000599996, 0.0 ], [ 123.56769977700003, -10.21757060799996, 0.0 ], [ 123.567669993000095, -10.217650005999928, 0.0 ], [ 123.567629993000082, -10.217830005999929, 0.0 ], [ 123.567629686000032, -10.217830488999937, 0.0 ], [ 123.567439993000107, -10.21811999099998, 0.0 ], [ 123.567339993000019, -10.218270005999955, 0.0 ], [ 123.567199993000031, -10.218380006999951, 0.0 ], [ 123.567199859000084, -10.21838057399998, 0.0 ], [ 123.567179993000082, -10.21846000599993, 0.0 ], [ 123.567209993, -10.218549990999975, 0.0 ], [ 123.567219993000094, -10.218630005999955, 0.0 ], [ 123.567219562000105, -10.218630268999959, 0.0 ], [ 123.567169992000117, -10.218660005999936, 0.0 ], [ 123.567109993000031, -10.218700005999949, 0.0 ], [ 123.567109768000023, -10.218700664999972, 0.0 ], [ 123.567059993000044, -10.218840005999937, 0.0 ], [ 123.567079993000107, -10.21897000599995, 0.0 ], [ 123.567149998000104, -10.219100003999927, 0.0 ], [ 123.567309978000026, -10.219260005999956, 0.0 ], [ 123.567309978000026, -10.219390006999959, 0.0 ], [ 123.567269997000039, -10.219610005999925, 0.0 ], [ 123.567269708000026, -10.219610299999943, 0.0 ], [ 123.567179992000092, -10.219700005999925, 0.0 ], [ 123.567179720000013, -10.219700664999948, 0.0 ], [ 123.567149993000044, -10.219770005999976, 0.0 ], [ 123.567049993000069, -10.220000005999964, 0.0 ], [ 123.567049630000042, -10.220000762999973, 0.0 ], [ 123.566900013, -10.220309962999977, 0.0 ], [ 123.566899995000085, -10.220310004999931, 0.0 ], [ 123.566959993000069, -10.220390005999946, 0.0 ], [ 123.56702, -10.220480003999967, 0.0 ], [ 123.56701982300001, -10.220480853999959, 0.0 ], [ 123.566999993000081, -10.220580005999977, 0.0 ], [ 123.566919993000056, -10.220970005999959, 0.0 ], [ 123.566999993000081, -10.22118000599994, 0.0 ], [ 123.567006397000114, -10.221208826999941, 0.0 ], [ 123.567029144000117, -10.221311187999959, 0.0 ], [ 123.567039992000105, -10.221360005999941, 0.0 ], [ 123.567099978000101, -10.221559989999946, 0.0 ], [ 123.56706999700009, -10.221680004999939, 0.0 ], [ 123.56706965, -10.221680659999947, 0.0 ], [ 123.566999993000081, -10.221810005999941, 0.0 ], [ 123.566929992000041, -10.22187000699995, 0.0 ], [ 123.566859994000083, -10.221950005999929, 0.0 ], [ 123.56685922600002, -10.221950418999938, 0.0 ], [ 123.566729993000081, -10.22202000599998, 0.0 ], [ 123.56666997700006, -10.222120006999944, 0.0 ], [ 123.566649993000055, -10.22249000599993, 0.0 ], [ 123.566639993000081, -10.222590005999962, 0.0 ], [ 123.566679993000093, -10.222810005999975, 0.0 ], [ 123.566679993000093, -10.223040005999962, 0.0 ], [ 123.566769993000094, -10.22318000599995, 0.0 ], [ 123.566799993000018, -10.223300005999931, 0.0 ], [ 123.566859993000094, -10.223490005999963, 0.0 ], [ 123.566999992000092, -10.223670005999963, 0.0 ], [ 123.566999992000092, -10.223800006999966, 0.0 ], [ 123.566989993000107, -10.22396000599997, 0.0 ], [ 123.566979993000018, -10.224120005999964, 0.0 ], [ 123.566969993000043, -10.224300005999964, 0.0 ], [ 123.567039993000094, -10.224560005999933, 0.0 ], [ 123.567099978000101, -10.224620005999952, 0.0 ], [ 123.567229993000069, -10.224650005999933, 0.0 ], [ 123.567279993000056, -10.224710006999942, 0.0 ], [ 123.567199993000031, -10.224810005999927, 0.0 ], [ 123.567079993000107, -10.224970006999968, 0.0 ], [ 123.567019993000031, -10.22518000599996, 0.0 ], [ 123.566879977000099, -10.225290005999966, 0.0 ], [ 123.566689993000068, -10.225370005999935, 0.0 ], [ 123.566559993000055, -10.225520005999954, 0.0 ], [ 123.566402044000029, -10.225601703999928, 0.0 ], [ 123.566269993000105, -10.225670005999973, 0.0 ], [ 123.566069993000042, -10.225710005999929, 0.0 ], [ 123.565929992000065, -10.225740005999967, 0.0 ], [ 123.565859993000117, -10.225820005999935, 0.0 ], [ 123.565659993000054, -10.226030005999974, 0.0 ], [ 123.565579992000039, -10.225950005999948, 0.0 ], [ 123.565459992000115, -10.226020005999942, 0.0 ], [ 123.565259993000041, -10.226380005999943, 0.0 ], [ 123.565239993000091, -10.226480005999974, 0.0 ], [ 123.565227581000045, -10.226554476999979, 0.0 ], [ 123.564409368000042, -10.226493144999949, 0.0 ], [ 123.564371786000038, -10.226490411999976, 0.0 ], [ 123.564347798000085, -10.226524771999948, 0.0 ], [ 123.564006764000055, -10.226705152999955, 0.0 ], [ 123.563405490000036, -10.227023178999957, 0.0 ], [ 123.563200865000113, -10.22713140999997, 0.0 ], [ 123.562915676000102, -10.227311203999932, 0.0 ], [ 123.562969993000024, -10.227350005999938, 0.0 ], [ 123.563028072000066, -10.227382271999943, 0.0 ], [ 123.563149961000022, -10.227449987999933, 0.0 ], [ 123.563149997000096, -10.227450003999934, 0.0 ], [ 123.563419416000102, -10.227579727999967, 0.0 ], [ 123.563419993000025, -10.227580005999926, 0.0 ], [ 123.563449992000074, -10.227760005999926, 0.0 ], [ 123.563479993000101, -10.22799000599997, 0.0 ], [ 123.563479993000101, -10.228060005999964, 0.0 ], [ 123.563469993000012, -10.228160005999939, 0.0 ], [ 123.563455286000021, -10.228271771999971, 0.0 ], [ 123.563399993000075, -10.228410004999944, 0.0 ], [ 123.563279994000027, -10.228700004999951, 0.0 ], [ 123.563219977000017, -10.229070005999972, 0.0 ], [ 123.563189993000037, -10.229250005999972, 0.0 ], [ 123.56313999300005, -10.229520005999973, 0.0 ], [ 123.563179993000062, -10.229850006999982, 0.0 ], [ 123.563279993000037, -10.230160005999949, 0.0 ], [ 123.563289994000115, -10.230340005999949, 0.0 ], [ 123.56331999300005, -10.23053000699997, 0.0 ], [ 123.56298671400009, -10.230581627999982, 0.0 ], [ 123.562917601000095, -10.23062815399993, 0.0 ], [ 123.562195062000114, -10.231114563999938, 0.0 ], [ 123.560540720000063, -10.232228248999945, 0.0 ], [ 123.56017246600004, -10.232541095999977, 0.0 ], [ 123.560049467000113, -10.232768170999975, 0.0 ], [ 123.559893415000033, -10.233056267999928, 0.0 ], [ 123.55975760900003, -10.233306984999956, 0.0 ], [ 123.559769992000042, -10.233340006999981, 0.0 ], [ 123.559869993, -10.233590005999929, 0.0 ], [ 123.559910705000107, -10.233630723999966, 0.0 ], [ 123.558864293000056, -10.233772828999975, 0.0 ], [ 123.558762000000115, -10.233871, 0.0 ], [ 123.558297168000081, -10.233847061999938, 0.0 ], [ 123.558207670000115, -10.23391179999993, 0.0 ], [ 123.557956236000109, -10.234093670999926, 0.0 ], [ 123.557367820000081, -10.234519294999927, 0.0 ], [ 123.557252213000083, -10.234602916999961, 0.0 ], [ 123.555491411000048, -10.23612577199998, 0.0 ], [ 123.553811877000044, -10.237773428999958, 0.0 ], [ 123.553396756000097, -10.238180670999952, 0.0 ], [ 123.553202157000101, -10.238371574999974, 0.0 ], [ 123.5517318630001, -10.239813936999951, 0.0 ], [ 123.547710278000068, -10.243485487999976, 0.0 ], [ 123.54771022500006, -10.24348553599998, 0.0 ], [ 123.545954543000107, -10.245313892999945, 0.0 ], [ 123.544426918000113, -10.246904729999926, 0.0 ], [ 123.543540490000055, -10.246882104999941, 0.0 ], [ 123.540950673000111, -10.246815986999934, 0.0 ], [ 123.540332639000098, -10.246800204999943, 0.0 ], [ 123.539198134000117, -10.246771232999947, 0.0 ], [ 123.53910720500005, -10.246831861999965, 0.0 ], [ 123.539079993000087, -10.246850005999931, 0.0 ], [ 123.539039992000085, -10.24682000699994, 0.0 ], [ 123.539016531000016, -10.246799902999953, 0.0 ], [ 123.53897646900009, -10.246765570999969, 0.0 ], [ 123.538969993000023, -10.246760021999933, 0.0 ], [ 123.538959992000059, -10.246690005999938, 0.0 ], [ 123.538974796000048, -10.246641892999946, 0.0 ], [ 123.538998610000021, -10.246564500999966, 0.0 ], [ 123.538999993000061, -10.246560005999982, 0.0 ], [ 123.539009993000036, -10.246470006999971, 0.0 ], [ 123.538972901000079, -10.246377268999936, 0.0 ], [ 123.538949992000084, -10.24631999099995, 0.0 ], [ 123.538931396000066, -10.246280944999967, 0.0 ], [ 123.538921834, -10.246260867999979, 0.0 ], [ 123.538849993000099, -10.246110021999925, 0.0 ], [ 123.538798205000035, -10.245934734999935, 0.0 ], [ 123.538751841000021, -10.245777804999932, 0.0 ], [ 123.538719993000086, -10.245670005999955, 0.0 ], [ 123.538699993000023, -10.245500006999976, 0.0 ], [ 123.538679977000015, -10.245160005999935, 0.0 ], [ 123.538672519000102, -10.245122699999968, 0.0 ], [ 123.538639992000071, -10.244960005999928, 0.0 ], [ 123.538629993000086, -10.244860005999954, 0.0 ], [ 123.538519993000023, -10.244510005999928, 0.0 ], [ 123.538579992000109, -10.244390022999937, 0.0 ], [ 123.538699993000023, -10.244270006999955, 0.0 ], [ 123.538779993000048, -10.244130005999978, 0.0 ], [ 123.538789993000023, -10.244040005999977, 0.0 ], [ 123.538809993000086, -10.243820005999964, 0.0 ], [ 123.538846698000043, -10.243787888999975, 0.0 ], [ 123.538889993000112, -10.243750004999981, 0.0 ], [ 123.538929993000011, -10.243670004999956, 0.0 ], [ 123.538959992000059, -10.243470005999939, 0.0 ], [ 123.539079993000087, -10.243309989999943, 0.0 ], [ 123.539089993000061, -10.243180005999932, 0.0 ], [ 123.539019993000011, -10.242980005999925, 0.0 ], [ 123.538997688000109, -10.242931963999979, 0.0 ], [ 123.538889993000112, -10.24270000599995, 0.0 ], [ 123.538759993000099, -10.242390006999926, 0.0 ], [ 123.53874999300001, -10.241960005999942, 0.0 ], [ 123.538719993000086, -10.241090006999968, 0.0 ], [ 123.538699994000012, -10.240770006999981, 0.0 ], [ 123.538729993000061, -10.240640005999978, 0.0 ], [ 123.538829992000046, -10.240480005999927, 0.0 ], [ 123.538889993000112, -10.240360005999946, 0.0 ], [ 123.538857187000076, -10.240310797999939, 0.0 ], [ 123.538609993000023, -10.239970005999965, 0.0 ], [ 123.538539993000086, -10.239820005999945, 0.0 ], [ 123.538589993000073, -10.239680005999958, 0.0 ], [ 123.538649993000035, -10.239470005999976, 0.0 ], [ 123.538690008000117, -10.239250005999963, 0.0 ], [ 123.538749992000021, -10.239160005999963, 0.0 ], [ 123.538869994000038, -10.239070005999963, 0.0 ], [ 123.538989993000087, -10.238950005999982, 0.0 ], [ 123.5392099930001, -10.238700005999931, 0.0 ], [ 123.539339992, -10.238590004999935, 0.0 ], [ 123.5395699930001, -10.238480005999975, 0.0 ], [ 123.539789993000113, -10.238370006999958, 0.0 ], [ 123.539820051000106, -10.238353821999965, 0.0 ], [ 123.540049992000036, -10.23823000699997, 0.0 ], [ 123.540349993000063, -10.238100005999968, 0.0 ], [ 123.540410008000094, -10.238060005999955, 0.0 ], [ 123.540589993000026, -10.23796000599998, 0.0 ], [ 123.540639993000013, -10.237940006999963, 0.0 ], [ 123.540649992000112, -10.237850005999974, 0.0 ], [ 123.540669993000051, -10.237810005999961, 0.0 ], [ 123.540769994000016, -10.23760000599998, 0.0 ], [ 123.540859993000026, -10.237340005999954, 0.0 ], [ 123.541009993000102, -10.237120005999941, 0.0 ], [ 123.541359993000015, -10.236690004999957, 0.0 ], [ 123.54161999300004, -10.236480005999965, 0.0 ], [ 123.541689978000022, -10.236360005999927, 0.0 ], [ 123.54170000900001, -10.236160006999967, 0.0 ], [ 123.541769992000013, -10.236010005999958, 0.0 ], [ 123.541789993000066, -10.235970005999945, 0.0 ], [ 123.541899993000015, -10.235650005999958, 0.0 ], [ 123.542179994000094, -10.235300005999932, 0.0 ], [ 123.542239993000067, -10.23509000599995, 0.0 ], [ 123.542239992000077, -10.234690005999937, 0.0 ], [ 123.542269993000104, -10.234140005999961, 0.0 ], [ 123.542249992000052, -10.23404000599993, 0.0 ], [ 123.542249993000041, -10.233880004999946, 0.0 ], [ 123.542229992000102, -10.233710006999956, 0.0 ], [ 123.542279993000079, -10.233540005999942, 0.0 ], [ 123.542359993000105, -10.233360005999941, 0.0 ], [ 123.542359993000105, -10.233320006999975, 0.0 ], [ 123.542069992000052, -10.233280005999973, 0.0 ], [ 123.541859992000013, -10.233150006999949, 0.0 ], [ 123.54170999300004, -10.232990005999966, 0.0 ], [ 123.541569993000053, -10.232920005999972, 0.0 ], [ 123.541499993000116, -10.232860006999942, 0.0 ], [ 123.541369993000103, -10.232650005999972, 0.0 ], [ 123.541209993000052, -10.232700005999959, 0.0 ], [ 123.541049977000057, -10.232759989999977, 0.0 ], [ 123.54096999300009, -10.232720005999965, 0.0 ], [ 123.540859993000026, -10.232620005999934, 0.0 ], [ 123.540410008000094, -10.23202000699996, 0.0 ], [ 123.540309993000051, -10.231890004999968, 0.0 ], [ 123.540069992000099, -10.231570006999959, 0.0 ], [ 123.54003999300005, -10.231480006999959, 0.0 ], [ 123.539980008000043, -10.231220004999955, 0.0 ], [ 123.5397499930001, -10.230760004999979, 0.0 ], [ 123.539719993000062, -10.230680005999943, 0.0 ], [ 123.539619992000098, -10.23053000699997, 0.0 ], [ 123.539449993000062, -10.23037000599993, 0.0 ], [ 123.539019992000021, -10.230290004999972, 0.0 ], [ 123.538669992000109, -10.230530005999981, 0.0 ], [ 123.538499994000063, -10.23037000599993, 0.0 ], [ 123.53845999300006, -10.230270005999955, 0.0 ], [ 123.53836999300006, -10.230010005999929, 0.0 ], [ 123.538189992000071, -10.229700005999973, 0.0 ], [ 123.538149993000047, -10.229460006999943, 0.0 ], [ 123.538119994000112, -10.229260005999947, 0.0 ], [ 123.538139993000073, -10.229030005999959, 0.0 ], [ 123.53818999300006, -10.228720005999946, 0.0 ], [ 123.538239993000047, -10.228460021999979, 0.0 ], [ 123.538319993000073, -10.228290005999952, 0.0 ], [ 123.538219993000098, -10.228290005999952, 0.0 ], [ 123.538089992000096, -10.228310005999958, 0.0 ], [ 123.537549992000095, -10.228080005999971, 0.0 ], [ 123.537369993000084, -10.22801999099994, 0.0 ], [ 123.537199993000058, -10.227870005999932, 0.0 ], [ 123.537129993, -10.227760006999972, 0.0 ], [ 123.537049992000107, -10.227690005999932, 0.0 ], [ 123.536929993000058, -10.227589989999956, 0.0 ], [ 123.536859993, -10.227480005999951, 0.0 ], [ 123.536839993000058, -10.227310005999925, 0.0 ], [ 123.536779993000096, -10.22721000699994, 0.0 ], [ 123.536659993000058, -10.227130005999982, 0.0 ], [ 123.536479993000057, -10.227020005999975, 0.0 ], [ 123.53642999300007, -10.226980004999973, 0.0 ], [ 123.536459993000108, -10.22685000599995, 0.0 ], [ 123.536389992000068, -10.226650005999943, 0.0 ], [ 123.536320009000065, -10.226540006999926, 0.0 ], [ 123.535979993000069, -10.225820005999935, 0.0 ], [ 123.535859993000031, -10.225510005999979, 0.0 ], [ 123.535729993000018, -10.225360006999949, 0.0 ], [ 123.535389993000081, -10.224930004999976, 0.0 ], [ 123.535219993000055, -10.224750006999955, 0.0 ], [ 123.534919993000017, -10.224320005999971, 0.0 ], [ 123.534600009000087, -10.223740005999957, 0.0 ], [ 123.534559993000016, -10.223640005999926, 0.0 ], [ 123.533707481000079, -10.223363212999971, 0.0 ], [ 123.532958320000034, -10.223196934999976, 0.0 ], [ 123.53208841300011, -10.223054780999973, 0.0 ], [ 123.53103395100004, -10.222842925999942, 0.0 ], [ 123.531868742000029, -10.222318756999925, 0.0 ], [ 123.531899994000014, -10.222300005999955, 0.0 ], [ 123.53197999300005, -10.222260005999942, 0.0 ], [ 123.532059993000075, -10.222230005999961, 0.0 ], [ 123.532219976000079, -10.222140005999961, 0.0 ], [ 123.532319993000101, -10.222050005999961, 0.0 ], [ 123.5328199920001, -10.221740006999937, 0.0 ], [ 123.532919992000075, -10.22169000599996, 0.0 ], [ 123.533023004000029, -10.221648801999947, 0.0 ], [ 123.533169993000115, -10.221590006999975, 0.0 ], [ 123.533319994000067, -10.221559990999936, 0.0 ], [ 123.533690152000077, -10.221665763999965, 0.0 ], [ 123.53373999300004, -10.221680005999929, 0.0 ], [ 123.533819993000066, -10.221650005999948, 0.0 ], [ 123.533899993000091, -10.221530004999977, 0.0 ], [ 123.533969994000017, -10.22133000599996, 0.0 ], [ 123.534009993000041, -10.221210005999978, 0.0 ], [ 123.534159978000048, -10.220850005999978, 0.0 ], [ 123.534199993000016, -10.220810006999955, 0.0 ], [ 123.534459993000041, -10.220560005999971, 0.0 ], [ 123.534589978000099, -10.220450005999965, 0.0 ], [ 123.534639993000042, -10.220360005999964, 0.0 ], [ 123.534710488000087, -10.220280111999955, 0.0 ], [ 123.53493999300008, -10.22002000599997, 0.0 ], [ 123.534969740000065, -10.219999411999936, 0.0 ], [ 123.535009913000067, -10.220020321999925, 0.0 ], [ 123.535086, -10.219992, 0.0 ], [ 123.537450603000025, -10.219568670999934, 0.0 ], [ 123.537590674000057, -10.219544510999981, 0.0 ], [ 123.538819801000045, -10.219261313999937, 0.0 ], [ 123.541477439000118, -10.218639223999958, 0.0 ], [ 123.54148826100004, -10.218608641999936, 0.0 ], [ 123.541479978000098, -10.218570006999926, 0.0 ], [ 123.541511111000091, -10.218544068999961, 0.0 ], [ 123.541539993000015, -10.218520005999949, 0.0 ], [ 123.54161999300004, -10.218480005999936, 0.0 ], [ 123.541659993000053, -10.218360005999955, 0.0 ], [ 123.541649993000078, -10.218150005999973, 0.0 ], [ 123.541589993000116, -10.217980005999948, 0.0 ], [ 123.541449993000015, -10.217580004999945, 0.0 ], [ 123.54141999300009, -10.217510005999941, 0.0 ], [ 123.541379993000078, -10.217450005999979, 0.0 ], [ 123.54134999300004, -10.217280004999964, 0.0 ], [ 123.541189992000113, -10.217010005999953, 0.0 ], [ 123.541009992000113, -10.216840005999927, 0.0 ], [ 123.540769993000026, -10.216670005999958, 0.0 ], [ 123.540679993000026, -10.216650005999952, 0.0 ], [ 123.540589993000026, -10.216650005999952, 0.0 ], [ 123.540449993000038, -10.216590005999933, 0.0 ], [ 123.540229993000025, -10.216350004999981, 0.0 ], [ 123.540149993000114, -10.216270005999945, 0.0 ], [ 123.539992450000113, -10.216202475999978, 0.0 ], [ 123.54086415200004, -10.214835500999982, 0.0 ], [ 123.540868972000112, -10.214831712999967, 0.0 ], [ 123.540705880000019, -10.214768807999974, 0.0 ], [ 123.540169114000037, -10.214482546999932, 0.0 ], [ 123.539865441000074, -10.214444243999935, 0.0 ], [ 123.53973, -10.214437, 0.0 ], [ 123.53965896200009, -10.214400205999937, 0.0 ], [ 123.539449993000062, -10.214560005999942, 0.0 ], [ 123.539359994000051, -10.214640005999968, 0.0 ], [ 123.539291144000117, -10.214717466999957, 0.0 ], [ 123.53923097400002, -10.214785161999941, 0.0 ], [ 123.539120008000054, -10.214910005999968, 0.0 ], [ 123.539049992000059, -10.214980005999962, 0.0 ], [ 123.538729993000061, -10.215130004999935, 0.0 ], [ 123.538630623000017, -10.215096881999955, 0.0 ], [ 123.538309993000098, -10.214990005999937, 0.0 ], [ 123.538089993000085, -10.214910005999968, 0.0 ], [ 123.537959993000072, -10.214860005999981, 0.0 ], [ 123.537739993000059, -10.214780006999945, 0.0 ], [ 123.537549992000095, -10.214690005999955, 0.0 ], [ 123.537219993, -10.214550004999978, 0.0 ], [ 123.536979992000056, -10.214470005999942, 0.0 ], [ 123.53669999300007, -10.214350005999961, 0.0 ], [ 123.536619993000045, -10.21432000599998, 0.0 ], [ 123.536279992000118, -10.214110005999942, 0.0 ], [ 123.536109992000092, -10.214040005999948, 0.0 ], [ 123.535670009000114, -10.213890005999929, 0.0 ], [ 123.535539993000043, -10.213840005999941, 0.0 ], [ 123.53540999300003, -10.213809989999959, 0.0 ], [ 123.535129993000055, -10.213710005999928, 0.0 ], [ 123.534810008000022, -10.213640005999935, 0.0 ], [ 123.534729993000042, -10.213599990999967, 0.0 ], [ 123.534359994000056, -10.213510005999979, 0.0 ], [ 123.534159978000048, -10.213430004999964, 0.0 ], [ 123.533979993000116, -10.213320005999947, 0.0 ], [ 123.533659992000025, -10.213310005999972, 0.0 ], [ 123.533439993000115, -10.213280005999934, 0.0 ], [ 123.533306009000057, -10.213242789999981, 0.0 ], [ 123.533079978000046, -10.213180006999949, 0.0 ], [ 123.532509993000076, -10.21303000599994, 0.0 ], [ 123.532119993000038, -10.212910006999948, 0.0 ], [ 123.531916309000053, -10.212850752999941, 0.0 ], [ 123.531569993000062, -10.212750005999965, 0.0 ], [ 123.531349993000049, -10.212720005999927, 0.0 ], [ 123.531009993000112, -10.212590005999971, 0.0 ], [ 123.530779994000113, -10.212510005999945, 0.0 ], [ 123.530409993000035, -10.212380005999933, 0.0 ], [ 123.530199992, -10.212330005999945, 0.0 ], [ 123.529860008000014, -10.212210005999964, 0.0 ], [ 123.529619992000107, -10.212110005999932, 0.0 ], [ 123.529279993000046, -10.212050006999959, 0.0 ], [ 123.529149993000033, -10.212010006999947, 0.0 ], [ 123.529088533000049, -10.211991094999973, 0.0 ], [ 123.529019853000023, -10.211973636999971, 0.0 ], [ 123.528911000000107, -10.211966, 0.0 ], [ 123.52862273300002, -10.211896841999931, 0.0 ], [ 123.528137804000039, -10.211708889999954, 0.0 ], [ 123.528010072000029, -10.211653134999949, 0.0 ], [ 123.528011876000051, -10.211632197999961, 0.0 ], [ 123.528020352000112, -10.211556730999973, 0.0 ], [ 123.528040544000078, -10.211400634999961, 0.0 ], [ 123.528055216000098, -10.211235872999964, 0.0 ], [ 123.528060561000075, -10.211194260999946, 0.0 ], [ 123.528074410000045, -10.211111216999939, 0.0 ], [ 123.528082435000101, -10.211069768999948, 0.0 ], [ 123.528099922000024, -10.210986997999953, 0.0 ], [ 123.528118827000071, -10.21090441299998, 0.0 ], [ 123.52813904900006, -10.21082209399998, 0.0 ], [ 123.528160355000068, -10.210742318999962, 0.0 ], [ 123.528193037000051, -10.210626256999944, 0.0 ], [ 123.528216002000022, -10.210541663999948, 0.0 ], [ 123.528325317000053, -10.210117264999951, 0.0 ], [ 123.528360421000116, -10.209990750999964, 0.0 ], [ 123.528373157000033, -10.209948921999967, 0.0 ], [ 123.528390942000101, -10.209895224999968, 0.0 ], [ 123.528394542000115, -10.209884355999975, 0.0 ], [ 123.528420036000057, -10.209814608999977, 0.0 ], [ 123.528462891000117, -10.209701674999963, 0.0 ], [ 123.528476828000066, -10.20966223399995, 0.0 ], [ 123.528503240000077, -10.209582792999981, 0.0 ], [ 123.528541796000013, -10.209463162999953, 0.0 ], [ 123.528568728000096, -10.209383530999958, 0.0 ], [ 123.528611738000109, -10.209264546999975, 0.0 ], [ 123.528700773000082, -10.209027511999977, 0.0 ], [ 123.52874436500008, -10.208909021999943, 0.0 ], [ 123.528771935, -10.208830008999939, 0.0 ], [ 123.528795942000102, -10.20875542999994, 0.0 ], [ 123.528806237000026, -10.208720383999946, 0.0 ], [ 123.528827043000092, -10.208640819999971, 0.0 ], [ 123.528873186000055, -10.20844062499998, 0.0 ], [ 123.528892436000092, -10.208361171999968, 0.0 ], [ 123.528905014000088, -10.208314725999969, 0.0 ], [ 123.528925787000048, -10.208238021999932, 0.0 ], [ 123.528934817000049, -10.20819961199993, 0.0 ], [ 123.528942862, -10.208160970999927, 0.0 ], [ 123.528965013000061, -10.208045091999963, 0.0 ], [ 123.528972999000075, -10.208006998999963, 0.0 ], [ 123.528981965000071, -10.207969479999974, 0.0 ], [ 123.528992398000014, -10.207932769999957, 0.0 ], [ 123.529004861000089, -10.207897145999937, 0.0 ], [ 123.529019363000089, -10.207863370999974, 0.0 ], [ 123.529050655000106, -10.207797174999939, 0.0 ], [ 123.529064765000044, -10.207763417999956, 0.0 ], [ 123.529077248000021, -10.207725597999968, 0.0 ], [ 123.529087480000044, -10.207686621999926, 0.0 ], [ 123.529114291000042, -10.207566171999929, 0.0 ], [ 123.52912480100008, -10.207525650999969, 0.0 ], [ 123.529136511000047, -10.20748522699995, 0.0 ], [ 123.529162697000061, -10.207404796999981, 0.0 ], [ 123.529191761000106, -10.207325200999946, 0.0 ], [ 123.529207260000021, -10.20728586599995, 0.0 ], [ 123.529253533000087, -10.207177035999962, 0.0 ], [ 123.529267348000076, -10.207141723999939, 0.0 ], [ 123.529279880000104, -10.207104106999964, 0.0 ], [ 123.52929077400006, -10.20706583499998, 0.0 ], [ 123.529300530000114, -10.207027088999951, 0.0 ], [ 123.529336218000026, -10.206870053999978, 0.0 ], [ 123.529346626, -10.206828597999959, 0.0 ], [ 123.529369275000022, -10.206745990999934, 0.0 ], [ 123.529405917000076, -10.206622557999935, 0.0 ], [ 123.529506880000099, -10.20629398799997, 0.0 ], [ 123.529542302000095, -10.206169514999942, 0.0 ], [ 123.529575181000041, -10.206043162999947, 0.0 ], [ 123.529670415000055, -10.205663118999951, 0.0 ], [ 123.529736843000023, -10.205412754999941, 0.0 ], [ 123.529758110000103, -10.205329659999961, 0.0 ], [ 123.529776973000025, -10.205246286999966, 0.0 ], [ 123.52978483000004, -10.205204409999965, 0.0 ], [ 123.529791124000099, -10.205162338999969, 0.0 ], [ 123.529795392000096, -10.205121843999962, 0.0 ], [ 123.529798302000017, -10.205081176999954, 0.0 ], [ 123.529804922000039, -10.204917775999945, 0.0 ], [ 123.529807191000032, -10.204876944999967, 0.0 ], [ 123.529810478000059, -10.204836203999946, 0.0 ], [ 123.529815377000091, -10.204793405999965, 0.0 ], [ 123.529828480000106, -10.204708115999949, 0.0 ], [ 123.529867822000028, -10.204495674999976, 0.0 ], [ 123.529881368000019, -10.204413603999967, 0.0 ], [ 123.529891978000023, -10.204334527999947, 0.0 ], [ 123.529904406000014, -10.204216942999949, 0.0 ], [ 123.529910428000107, -10.204175538999948, 0.0 ], [ 123.529918322000071, -10.204134524999972, 0.0 ], [ 123.529925983000112, -10.204102973999966, 0.0 ], [ 123.529949737000038, -10.204016544999945, 0.0 ], [ 123.52996022100001, -10.203973962999953, 0.0 ], [ 123.529978241000094, -10.203887467999948, 0.0 ], [ 123.529993791000038, -10.203799873999969, 0.0 ], [ 123.530014841000025, -10.203667486999962, 0.0 ], [ 123.530074580000019, -10.203268332999926, 0.0 ], [ 123.530102132000025, -10.203090565999958, 0.0 ], [ 123.530131888000028, -10.202912956999967, 0.0 ], [ 123.530170583000086, -10.202700444999948, 0.0 ], [ 123.530176700000084, -10.202659466999933, 0.0 ], [ 123.530181292000066, -10.202619298999934, 0.0 ], [ 123.530183675000103, -10.202580251999962, 0.0 ], [ 123.530222304000063, -10.202132038999935, 0.0 ], [ 123.530237770000099, -10.202033687999972, 0.0 ], [ 123.530202078000116, -10.202033687999972, 0.0 ], [ 123.530205053000032, -10.20198312399998, 0.0 ], [ 123.530240745000015, -10.201959329999966, 0.0 ], [ 123.530246693000095, -10.201896868999938, 0.0 ], [ 123.530208027000072, -10.201890919999926, 0.0 ], [ 123.530216950000067, -10.201846304999947, 0.0 ], [ 123.530243719000055, -10.201831433999928, 0.0 ], [ 123.530240745000015, -10.20170651199993, 0.0 ], [ 123.53024966800001, -10.201542923999966, 0.0 ], [ 123.530237770000099, -10.201462616999947, 0.0 ], [ 123.530231822000019, -10.201420976999941, 0.0 ], [ 123.530228847000103, -10.201352566999958, 0.0 ], [ 123.530228847000103, -10.201307951999979, 0.0 ], [ 123.530219924000107, -10.201242516999969, 0.0 ], [ 123.530205053000032, -10.201203850999946, 0.0 ], [ 123.530166386000019, -10.201168158999963, 0.0 ], [ 123.530130695000025, -10.201153286999954, 0.0 ], [ 123.530053362000103, -10.201171132999946, 0.0 ], [ 123.529993876000049, -10.201150312999971, 0.0 ], [ 123.529955209000036, -10.201093800999956, 0.0 ], [ 123.529907620000017, -10.20101944299995, 0.0 ], [ 123.529851108000116, -10.200912366999944, 0.0 ], [ 123.529830288000085, -10.200840982999978, 0.0 ], [ 123.529770801000041, -10.20074580499994, 0.0 ], [ 123.529735109000057, -10.200659548999965, 0.0 ], [ 123.529684546000112, -10.200600062999968, 0.0 ], [ 123.529654802000096, -10.200576267999963, 0.0 ], [ 123.529568547000054, -10.200582216999976, 0.0 ], [ 123.52940198500005, -10.200638728999934, 0.0 ], [ 123.52916106400005, -10.200739855999927, 0.0 ], [ 123.529074809, -10.200757701999976, 0.0 ], [ 123.528946061000056, -10.200785334999978, 0.0 ], [ 123.52874788400004, -10.200798457999952, 0.0 ], [ 123.528627064000034, -10.200806458999978, 0.0 ], [ 123.528626167000084, -10.200768919999973, 0.0 ], [ 123.528617, -10.200385196999946, 0.0 ], [ 123.528340983000021, -10.200383293999948, 0.0 ], [ 123.528335679000065, -10.200257834999945, 0.0 ], [ 123.52848184700008, -10.200255754999944, 0.0 ], [ 123.528544665000027, -10.200255754999944, 0.0 ], [ 123.528592254000046, -10.200251947999959, 0.0 ], [ 123.5286055790001, -10.200232911999933, 0.0 ], [ 123.528704565000112, -10.200217682999948, 0.0 ], [ 123.528811164000103, -10.200208165999982, 0.0 ], [ 123.528915861000087, -10.20019293699994, 0.0 ], [ 123.529142385000114, -10.200124407999965, 0.0 ], [ 123.52939011, -10.200013675999969, 0.0 ], [ 123.529556370000023, -10.199953411999957, 0.0 ], [ 123.529637391000051, -10.199927140999932, 0.0 ], [ 123.529700587000093, -10.19990143299998, 0.0 ], [ 123.529610644000059, -10.199678715999937, 0.0 ], [ 123.529512134000015, -10.199436010999932, 0.0 ], [ 123.529406486000084, -10.199186166999937, 0.0 ], [ 123.529343668000024, -10.199026266999965, 0.0 ], [ 123.529323681000051, -10.198967732999961, 0.0 ], [ 123.529290647000039, -10.198982387999934, 0.0 ], [ 123.529179243000044, -10.199008232999972, 0.0 ], [ 123.529156227000044, -10.199024726999937, 0.0 ], [ 123.529078092000077, -10.199052027999926, 0.0 ], [ 123.529032595000103, -10.199057166999978, 0.0 ], [ 123.52901745600002, -10.199025940999945, 0.0 ], [ 123.528777930000047, -10.199121437999963, 0.0 ], [ 123.528733019000015, -10.199146565999968, 0.0 ], [ 123.528698939000037, -10.19915307399998, 0.0 ], [ 123.528280498000072, -10.19930556199995, 0.0 ], [ 123.5282962120001, -10.199366117999944, 0.0 ], [ 123.528297022000061, -10.199369240999943, 0.0 ], [ 123.528279729000019, -10.199374112999976, 0.0 ], [ 123.528235646000098, -10.199386530999959, 0.0 ], [ 123.528234111000074, -10.199386962999938, 0.0 ], [ 123.528208660000018, -10.199414583999953, 0.0 ], [ 123.528204173000063, -10.199391782999953, 0.0 ], [ 123.52817492500003, -10.199352272999931, 0.0 ], [ 123.528174790000094, -10.199351888999956, 0.0 ], [ 123.528166174000035, -10.199327361999963, 0.0 ], [ 123.528105287000017, -10.199148885999932, 0.0 ], [ 123.527958584000089, -10.198965590999933, 0.0 ], [ 123.52789433800001, -10.198803787999964, 0.0 ], [ 123.527797729000099, -10.198511533999977, 0.0 ], [ 123.527682141000014, -10.19811727299998, 0.0 ], [ 123.527671060000102, -10.198090469999954, 0.0 ], [ 123.527544472000045, -10.197664845999952, 0.0 ], [ 123.52753545600001, -10.19764151399994, 0.0 ], [ 123.52742540700001, -10.197262944999977, 0.0 ], [ 123.527803800000015, -10.197076377999963, 0.0 ], [ 123.527703862000067, -10.196780135999973, 0.0 ], [ 123.527618202000099, -10.196569552999961, 0.0 ], [ 123.527536110000028, -10.196362539999939, 0.0 ], [ 123.52743974200007, -10.196144818999926, 0.0 ], [ 123.527407620000076, -10.196101988999942, 0.0 ], [ 123.527339805000111, -10.19608057399995, 0.0 ], [ 123.527300544000013, -10.196055589999958, 0.0 ], [ 123.52726485200003, -10.196016328999974, 0.0 ], [ 123.527214883000056, -10.195902113999978, 0.0 ], [ 123.527207745000055, -10.195834299999945, 0.0 ], [ 123.527250575000039, -10.195770053999979, 0.0 ], [ 123.527282698000022, -10.195712946999947, 0.0 ], [ 123.527314821000118, -10.195623716999933, 0.0 ], [ 123.527321959000119, -10.195509502999926, 0.0 ], [ 123.52733266700011, -10.195370304999926, 0.0 ], [ 123.527321959000119, -10.195266797999977, 0.0 ], [ 123.52733623600011, -10.195177568999952, 0.0 ], [ 123.527354082000102, -10.195131168999978, 0.0 ], [ 123.527407620000076, -10.195041938999964, 0.0 ], [ 123.52745045000006, -10.195009816999971, 0.0 ], [ 123.527500419000035, -10.195009816999971, 0.0 ], [ 123.527493280000044, -10.194606497999928, 0.0 ], [ 123.527489711000044, -10.194213886999933, 0.0 ], [ 123.527457588000061, -10.193571431999942, 0.0 ], [ 123.527453749000074, -10.193337253999971, 0.0 ], [ 123.52745045000006, -10.193135990999963, 0.0 ], [ 123.527429035000068, -10.192946823999932, 0.0 ], [ 123.527396912000086, -10.192839747999926, 0.0 ], [ 123.527393343000085, -10.192393598999956, 0.0 ], [ 123.527396912000086, -10.192297230999941, 0.0 ], [ 123.527411189000077, -10.192179447999933, 0.0 ], [ 123.527418327000078, -10.192040248999945, 0.0 ], [ 123.527421896000078, -10.191911757999947, 0.0 ], [ 123.527429035000068, -10.191815389999931, 0.0 ], [ 123.527382635000095, -10.191733298999964, 0.0 ], [ 123.527375497000094, -10.191701175999981, 0.0 ], [ 123.527361220000103, -10.191597668999975, 0.0 ], [ 123.527350512000112, -10.191526285999942, 0.0 ], [ 123.527371928000093, -10.191469178999967, 0.0 ], [ 123.527421896000078, -10.191465608999977, 0.0 ], [ 123.527425466000068, -10.19135853399996, 0.0 ], [ 123.527411189000077, -10.19117650499993, 0.0 ], [ 123.527298047000045, -10.191186316999961, 0.0 ], [ 123.527307682000014, -10.191105120999964, 0.0 ], [ 123.527307682000014, -10.191083705999972, 0.0 ], [ 123.527426211000034, -10.191060691999951, 0.0 ], [ 123.527657463000082, -10.191065859999981, 0.0 ], [ 123.527764539000032, -10.19105872199998, 0.0 ], [ 123.527832353, -10.191051582999933, 0.0 ], [ 123.527860907000104, -10.191087274999973, 0.0 ], [ 123.527903737000088, -10.191072997999981, 0.0 ], [ 123.527946567000072, -10.191037305999942, 0.0 ], [ 123.527978690000054, -10.190973060999966, 0.0 ], [ 123.527960844000063, -10.190701801999978, 0.0 ], [ 123.527939429000071, -10.190630418999945, 0.0 ], [ 123.527913425000065, -10.190332429999955, 0.0 ], [ 123.527893413000015, -10.190164593999953, 0.0 ], [ 123.527747451000096, -10.189841746999946, 0.0 ], [ 123.527763837000066, -10.189292707999925, 0.0 ], [ 123.527721971000119, -10.189054475999967, 0.0 ], [ 123.527593255000056, -10.188964294999948, 0.0 ], [ 123.527137445000108, -10.188924984999971, 0.0 ], [ 123.527078182000082, -10.188846081999941, 0.0 ], [ 123.527083441000059, -10.188797866999948, 0.0 ], [ 123.527084030000083, -10.188794027999961, 0.0 ], [ 123.527086436000104, -10.188758262999954, 0.0 ], [ 123.527088528000036, -10.18875273499998, 0.0 ], [ 123.527094543000089, -10.18865494299996, 0.0 ], [ 123.527178966000065, -10.187957730999926, 0.0 ], [ 123.527179995000097, -10.187919508999926, 0.0 ], [ 123.527216637000038, -10.187881473999937, 0.0 ], [ 123.527312307000102, -10.187899241999958, 0.0 ], [ 123.527376091000065, -10.18793352299997, 0.0 ], [ 123.528030265000098, -10.18801543099994, 0.0 ], [ 123.528098080000063, -10.187936907999926, 0.0 ], [ 123.528155187000038, -10.187819124999976, 0.0 ], [ 123.528255529000035, -10.187678073999962, 0.0 ], [ 123.528265504000046, -10.187664051999946, 0.0 ], [ 123.528301524000085, -10.18753358999993, 0.0 ], [ 123.528258693000112, -10.187455067999963, 0.0 ], [ 123.52817303300003, -10.187372975999949, 0.0 ], [ 123.528049954000039, -10.187251082999978, 0.0 ], [ 123.527961917000084, -10.187090707999971, 0.0 ], [ 123.52798835100009, -10.186940187999937, 0.0 ], [ 123.528045019000047, -10.186734215999934, 0.0 ], [ 123.528086137000059, -10.186678565999955, 0.0 ], [ 123.528083766, -10.186644678999926, 0.0 ], [ 123.528163030000087, -10.186389067999926, 0.0 ], [ 123.528396777000012, -10.185624277999977, 0.0 ], [ 123.528433358000029, -10.185467283999969, 0.0 ], [ 123.528432997000095, -10.185451911999962, 0.0 ], [ 123.528454700000111, -10.185400952999942, 0.0 ], [ 123.528638404000048, -10.185259319999943, 0.0 ], [ 123.528681880000022, -10.185096426999962, 0.0 ], [ 123.528777059000049, -10.184894172999975, 0.0 ], [ 123.528783008000119, -10.184784122999929, 0.0 ], [ 123.528809776000116, -10.184703815999967, 0.0 ], [ 123.528851417000055, -10.184668123999927, 0.0 ], [ 123.528916852000066, -10.184635405999927, 0.0 ], [ 123.528978910000092, -10.184516379999934, 0.0 ], [ 123.528910886000062, -10.184263477999934, 0.0 ], [ 123.528911934, -10.184258535999959, 0.0 ], [ 123.528901634000022, -10.184257558999946, 0.0 ], [ 123.528897537000034, -10.184233562999964, 0.0 ], [ 123.528875887000027, -10.184132057999932, 0.0 ], [ 123.528952194000112, -10.184085793999941, 0.0 ], [ 123.528985762000048, -10.183869356999935, 0.0 ], [ 123.529119607000098, -10.183488135999937, 0.0 ], [ 123.529230211000026, -10.183294197999942, 0.0 ], [ 123.529247130000044, -10.183242570999937, 0.0 ], [ 123.529267797000102, -10.183066048999933, 0.0 ], [ 123.529267137000033, -10.182924481999976, 0.0 ], [ 123.529311845000052, -10.182732356999963, 0.0 ], [ 123.529326974000014, -10.182687145999978, 0.0 ], [ 123.529491185000097, -10.182463303999953, 0.0 ], [ 123.52963963500008, -10.181962540999962, 0.0 ], [ 123.529755290000026, -10.181629987999941, 0.0 ], [ 123.529846202000044, -10.181388230999971, 0.0 ], [ 123.530222654000113, -10.180531908999967, 0.0 ], [ 123.530360948000066, -10.180248441999936, 0.0 ], [ 123.530433341000048, -10.180037845999948, 0.0 ], [ 123.530471797000018, -10.179896849999977, 0.0 ], [ 123.530505656000059, -10.179500684999937, 0.0 ], [ 123.530530164000083, -10.179394793999961, 0.0 ], [ 123.530697973000088, -10.178853219999951, 0.0 ], [ 123.530714598000031, -10.178746505999982, 0.0 ], [ 123.53084199500006, -10.17827075699995, 0.0 ], [ 123.531090992000031, -10.177775616999952, 0.0 ], [ 123.531097635000037, -10.17776349899998, 0.0 ], [ 123.531337093000047, -10.17734121899997, 0.0 ], [ 123.531487878, -10.17709280899993, 0.0 ], [ 123.531924338000067, -10.176644369999963, 0.0 ], [ 123.532002728000066, -10.176565315999937, 0.0 ], [ 123.532289516000105, -10.176212675999977, 0.0 ], [ 123.532381315000066, -10.17610519599998, 0.0 ], [ 123.532781681000074, -10.175655248999931, 0.0 ], [ 123.53284101700001, -10.175610464999977, 0.0 ], [ 123.533186920000048, -10.175297307999926, 0.0 ], [ 123.53344220200006, -10.175152397999966, 0.0 ], [ 123.533447262000095, -10.175122142999953, 0.0 ], [ 123.533562231000019, -10.175005440999939, 0.0 ], [ 123.533670621000056, -10.175010047999933, 0.0 ], [ 123.533815994000065, -10.174856266999939, 0.0 ], [ 123.533992948000105, -10.174634701999935, 0.0 ], [ 123.53420139800005, -10.174472566999953, 0.0 ], [ 123.534246042000063, -10.174437143999967, 0.0 ], [ 123.534521976000065, -10.174242780999975, 0.0 ], [ 123.53487145500003, -10.173989613999936, 0.0 ], [ 123.535115870000027, -10.173831277999966, 0.0 ], [ 123.535279696000089, -10.17376788699994, 0.0 ], [ 123.535289004000106, -10.173774888999958, 0.0 ], [ 123.535435482000025, -10.173702772999945, 0.0 ], [ 123.535641986000087, -10.173592890999942, 0.0 ], [ 123.535919303000014, -10.173540122999952, 0.0 ], [ 123.535931438000034, -10.173537548999946, 0.0 ], [ 123.536028077000083, -10.173429340999974, 0.0 ], [ 123.536201328000061, -10.173386303999962, 0.0 ], [ 123.536465125000063, -10.173251669999956, 0.0 ], [ 123.536542430000054, -10.173209651999969, 0.0 ], [ 123.536811688000057, -10.173200609999981, 0.0 ], [ 123.536983701000054, -10.173075729999937, 0.0 ], [ 123.537168293000036, -10.173028143999943, 0.0 ], [ 123.537253948000057, -10.173031210999966, 0.0 ], [ 123.537368162, -10.17301217499994, 0.0 ], [ 123.537575976000085, -10.172928276999926, 0.0 ], [ 123.537587443, -10.172913042999937, 0.0 ], [ 123.537676201000068, -10.172795123999947, 0.0 ], [ 123.537753635000058, -10.172717121999938, 0.0 ], [ 123.537863090000087, -10.172669532999976, 0.0 ], [ 123.537948751000044, -10.172640979999926, 0.0 ], [ 123.538162902000067, -10.172612425999944, 0.0 ], [ 123.538281875000052, -10.172598148999953, 0.0 ], [ 123.538405607000072, -10.172560077999947, 0.0 ], [ 123.538505545000021, -10.172545800999956, 0.0 ], [ 123.53854598800001, -10.172537711999951, 0.0 ], [ 123.538624518, -10.172522005999951, 0.0 ], [ 123.538753009000061, -10.172517247999963, 0.0 ], [ 123.538957642000014, -10.17252676499993, 0.0 ], [ 123.539048062, -10.172598148999953, 0.0 ], [ 123.539103428000089, -10.172649255999943, 0.0 ], [ 123.539171794000026, -10.17271236299996, 0.0 ], [ 123.539219383000045, -10.17280754199993, 0.0 ], [ 123.539366857000118, -10.172861617999956, 0.0 ], [ 123.539667061000046, -10.172790222999936, 0.0 ], [ 123.539838381000095, -10.172755071999973, 0.0 ], [ 123.539851850000105, -10.172735122999939, 0.0 ], [ 123.540200011000024, -10.172739167999964, 0.0 ], [ 123.540333534000069, -10.172763270999951, 0.0 ], [ 123.540352493000114, -10.172706001999927, 0.0 ], [ 123.540498482000089, -10.172579716999962, 0.0 ], [ 123.540780419000043, -10.172533872999963, 0.0 ], [ 123.540807750000113, -10.172535804999939, 0.0 ], [ 123.541033949000052, -10.172449853999979, 0.0 ], [ 123.541127467000024, -10.17239307899996, 0.0 ], [ 123.541170692000037, -10.172386101999962, 0.0 ], [ 123.541314324000041, -10.172340822999956, 0.0 ], [ 123.541645133000088, -10.172168689999978, 0.0 ], [ 123.541748925000093, -10.172126516999981, 0.0 ], [ 123.541965584000081, -10.172022501999948, 0.0 ], [ 123.542138538000017, -10.172007453999981, 0.0 ], [ 123.542456501000061, -10.171967651999978, 0.0 ], [ 123.542468518000078, -10.171952749999946, 0.0 ], [ 123.542644162000101, -10.171926499999927, 0.0 ], [ 123.54290470400008, -10.171815605999939, 0.0 ], [ 123.543213120000019, -10.171762097999931, 0.0 ], [ 123.54331662300001, -10.171720768999933, 0.0 ], [ 123.543607056000042, -10.171590247999973, 0.0 ], [ 123.543672222000055, -10.17154280099993, 0.0 ], [ 123.544475767000108, -10.170957740999938, 0.0 ], [ 123.545101514000066, -10.170537902999968, 0.0 ], [ 123.545265276, -10.170476462999943, 0.0 ], [ 123.545390198000064, -10.170458616999952, 0.0 ], [ 123.545475858000032, -10.170412217999967, 0.0 ], [ 123.545575796000094, -10.170365817999937, 0.0 ], [ 123.545704287000035, -10.17028729599997, 0.0 ], [ 123.54575782500001, -10.170244465999929, 0.0 ], [ 123.54583634700009, -10.170173081999963, 0.0 ], [ 123.545888885000068, -10.17009952799998, 0.0 ], [ 123.545889885000065, -10.170098128999939, 0.0 ], [ 123.545997933000081, -10.169969123999977, 0.0 ], [ 123.54606754800011, -10.16990872599996, 0.0 ], [ 123.546109370000067, -10.169878663999953, 0.0 ], [ 123.546311388000049, -10.169744221999963, 0.0 ], [ 123.546594655000035, -10.169571627999971, 0.0 ], [ 123.54675768900006, -10.169410765999942, 0.0 ], [ 123.546991168000091, -10.169313464999959, 0.0 ], [ 123.547140074000026, -10.169206925999958, 0.0 ], [ 123.547166463000053, -10.169187232999946, 0.0 ], [ 123.547327862000088, -10.169066789999931, 0.0 ], [ 123.547517677000087, -10.168973423999944, 0.0 ], [ 123.547652032000087, -10.168960135999953, 0.0 ], [ 123.54767791200004, -10.168966866999938, 0.0 ], [ 123.547772775000112, -10.168982889999938, 0.0 ], [ 123.547913432000087, -10.169012701999975, 0.0 ], [ 123.548171395000054, -10.168996040999957, 0.0 ], [ 123.548266925, -10.168978962999972, 0.0 ], [ 123.548404652000045, -10.168950087999974, 0.0 ], [ 123.548664565000081, -10.168925084999955, 0.0 ], [ 123.548701507000033, -10.168909863999943, 0.0 ], [ 123.549012429000072, -10.168778043999964, 0.0 ], [ 123.549211645000014, -10.168727969999964, 0.0 ], [ 123.549294652000071, -10.168711835999943, 0.0 ], [ 123.54945353800008, -10.168701436999982, 0.0 ], [ 123.549686100000031, -10.168623916999934, 0.0 ], [ 123.549728944000094, -10.168652627999961, 0.0 ], [ 123.550104094000062, -10.168513225999959, 0.0 ], [ 123.550153892000026, -10.168472982999958, 0.0 ], [ 123.550329582000018, -10.16846247899997, 0.0 ], [ 123.550536009000098, -10.168424577999929, 0.0 ], [ 123.550600706000068, -10.168420115999936, 0.0 ], [ 123.550747573000081, -10.16846320999997, 0.0 ], [ 123.55091316700009, -10.168523621999952, 0.0 ], [ 123.551088276000087, -10.168515210999942, 0.0 ], [ 123.551214334000065, -10.168504231999975, 0.0 ], [ 123.551339666000104, -10.168487206999941, 0.0 ], [ 123.551455088000012, -10.168452706999972, 0.0 ], [ 123.55172270300011, -10.168390841999951, 0.0 ], [ 123.551876817000107, -10.168359283999962, 0.0 ], [ 123.552049454000098, -10.168294421999974, 0.0 ], [ 123.552091657000119, -10.168258499999979, 0.0 ], [ 123.552341981000041, -10.168300307999971, 0.0 ], [ 123.552536024000119, -10.168358250999972, 0.0 ], [ 123.552800526000055, -10.168524333999926, 0.0 ], [ 123.552990666000028, -10.16862458099996, 0.0 ], [ 123.553088269000114, -10.168571278999934, 0.0 ], [ 123.55327719200011, -10.168616843999928, 0.0 ], [ 123.553360381000061, -10.168615529999954, 0.0 ], [ 123.55375820200004, -10.168627030999971, 0.0 ], [ 123.553913026000032, -10.168638357999953, 0.0 ], [ 123.554256869000028, -10.168736458999945, 0.0 ], [ 123.554396610000026, -10.168756945999974, 0.0 ], [ 123.5543969470001, -10.168756726999959, 0.0 ], [ 123.554475783000044, -10.16875569299998, 0.0 ], [ 123.554692082000088, -10.16880353099998, 0.0 ], [ 123.554856393000023, -10.168865534999952, 0.0 ], [ 123.554910421000045, -10.168928861999973, 0.0 ], [ 123.555100309000068, -10.169046057999935, 0.0 ], [ 123.55519662800009, -10.169108275999974, 0.0 ], [ 123.555385124000054, -10.169150151999929, 0.0 ], [ 123.555521818000102, -10.169175774999928, 0.0 ], [ 123.55568770800005, -10.169210695999936, 0.0 ], [ 123.555744618000062, -10.169226177999974, 0.0 ], [ 123.556005823000078, -10.169288545999962, 0.0 ], [ 123.55627822200006, -10.169402280999975, 0.0 ], [ 123.556526287000111, -10.16950921199998, 0.0 ], [ 123.556526315000042, -10.169509576999928, 0.0 ], [ 123.556656743000076, -10.169679459999941, 0.0 ], [ 123.556754622000085, -10.169785304999948, 0.0 ], [ 123.556900830000018, -10.169943674999956, 0.0 ], [ 123.556983179000099, -10.170104128999981, 0.0 ], [ 123.557035702, -10.170266511999955, 0.0 ], [ 123.557100994000052, -10.170336406999979, 0.0 ], [ 123.557293494000078, -10.170364708999955, 0.0 ], [ 123.557318151000118, -10.170513747999962, 0.0 ], [ 123.557374272000061, -10.170588665999958, 0.0 ], [ 123.557391866000103, -10.170572466999943, 0.0 ], [ 123.557596861000093, -10.170684347999952, 0.0 ], [ 123.557639020000011, -10.170716063999976, 0.0 ], [ 123.557760460000054, -10.170759185999941, 0.0 ], [ 123.557931057000019, -10.17084222799997, 0.0 ], [ 123.557932337000011, -10.170971628999951, 0.0 ], [ 123.557922819000055, -10.171043012999974, 0.0 ], [ 123.557875230000036, -10.171190538999952, 0.0 ], [ 123.557875230000036, -10.171323788999928, 0.0 ], [ 123.55791806000002, -10.171542699999975, 0.0 ], [ 123.557965649000039, -10.171761609999976, 0.0 ], [ 123.558013238000058, -10.171994796999968, 0.0 ], [ 123.558084622000024, -10.172123287999966, 0.0 ], [ 123.558222631000035, -10.172275573999968, 0.0 ], [ 123.558365399000081, -10.172365992999971, 0.0 ], [ 123.558582664000028, -10.172399189999965, 0.0 ], [ 123.558830477000015, -10.172487038999975, 0.0 ], [ 123.558935534000057, -10.172516740999981, 0.0 ], [ 123.558944542000063, -10.172519543999954, 0.0 ], [ 123.558944348000068, -10.172520198999962, 0.0 ], [ 123.559073555000055, -10.172561866999956, 0.0 ], [ 123.559436583000092, -10.172658900999977, 0.0 ], [ 123.559668213, -10.172715535999941, 0.0 ], [ 123.559889503000022, -10.172715535999941, 0.0 ], [ 123.560107224000035, -10.172726243999932, 0.0 ], [ 123.560321375000058, -10.172747658999981, 0.0 ], [ 123.560422087, -10.172631935999959, 0.0 ], [ 123.560457004000114, -10.172587044999943, 0.0 ], [ 123.56053552700007, -10.172562060999951, 0.0 ], [ 123.56071398600011, -10.172562060999951, 0.0 ], [ 123.561163704000023, -10.172540645999959, 0.0 ], [ 123.56120653500011, -10.172558491999951, 0.0 ], [ 123.561326244000043, -10.172583721999956, 0.0 ], [ 123.561846312000057, -10.17245974399998, 0.0 ], [ 123.56186157500008, -10.172454603999938, 0.0 ], [ 123.56242928000006, -10.172263437999959, 0.0 ], [ 123.56284568600006, -10.172108772999934, 0.0 ], [ 123.563303732, -10.171948159999943, 0.0 ], [ 123.563827213000081, -10.171728059999964, 0.0 ], [ 123.564273362000108, -10.171454421999954, 0.0 ], [ 123.564445873000068, -10.171317602999977, 0.0 ], [ 123.564856330000111, -10.171174834999931, 0.0 ], [ 123.565367914000035, -10.171020169999963, 0.0 ], [ 123.56569175900006, -10.170909762999941, 0.0 ], [ 123.566021686000113, -10.170765404999941, 0.0 ], [ 123.566133089000118, -10.170691633999979, 0.0 ], [ 123.566363082000066, -10.170552302999965, 0.0 ], [ 123.566555503000018, -10.170410075999939, 0.0 ], [ 123.566719784000043, -10.170293679999929, 0.0 ], [ 123.566774031000023, -10.170223931999942, 0.0 ], [ 123.56678948900003, -10.170153490999951, 0.0 ], [ 123.566837421000059, -10.170116080999946, 0.0 ], [ 123.566910369000084, -10.170104601999981, 0.0 ], [ 123.567070982000018, -10.16991543499995, 0.0 ], [ 123.567080479000083, -10.169897939999942, 0.0 ], [ 123.567138797000098, -10.169790513999942, 0.0 ], [ 123.567294671000013, -10.169657333999965, 0.0 ], [ 123.567639993000057, -10.169480005999958, 0.0 ], [ 123.567798900000071, -10.169400552999946, 0.0 ], [ 123.567939993000095, -10.169330005999939, 0.0 ], [ 123.568169993000083, -10.169110005999926, 0.0 ], [ 123.568449993000058, -10.168790005999938, 0.0 ], [ 123.568669993000071, -10.168580005999956, 0.0 ], [ 123.568919992000019, -10.168150006999952, 0.0 ], [ 123.569040008000115, -10.167940005999981, 0.0 ], [ 123.569186831000025, -10.167694067999946, 0.0 ], [ 123.56943999300006, -10.167270005999967, 0.0 ], [ 123.56951498, -10.167143891999956, 0.0 ], [ 123.569659993000073, -10.166900006999981, 0.0 ], [ 123.56989997800008, -10.166670020999959, 0.0 ], [ 123.570009993000099, -10.166540005999934, 0.0 ], [ 123.570047493000061, -10.166475241999933, 0.0 ], [ 123.570120008000117, -10.166350005999959, 0.0 ], [ 123.570309993000023, -10.166120005999971, 0.0 ], [ 123.570379993000074, -10.165920005999965, 0.0 ], [ 123.57040655600008, -10.165734063999935, 0.0 ], [ 123.570409993000112, -10.165710005999927, 0.0 ], [ 123.570389993000049, -10.165630005999958, 0.0 ], [ 123.570388100000059, -10.165629108999951, 0.0 ], [ 123.570199993000074, -10.165540006999947, 0.0 ], [ 123.570101205000014, -10.165490611999928, 0.0 ], [ 123.570099993000099, -10.16549000599997, 0.0 ], [ 123.570068249000087, -10.165416993999941, 0.0 ], [ 123.56999999300001, -10.165260006999972, 0.0 ], [ 123.569989993000036, -10.165150005999976, 0.0 ], [ 123.570051364000051, -10.165097840999977, 0.0 ], [ 123.570189993000099, -10.164980005999951, 0.0 ], [ 123.570240985000055, -10.164947556999948, 0.0 ], [ 123.570299993000049, -10.164910005999957, 0.0 ], [ 123.570322210000086, -10.164934242999948, 0.0 ], [ 123.570379975000037, -10.16499725999995, 0.0 ], [ 123.570409993000112, -10.165030005999938, 0.0 ], [ 123.570609993000062, -10.165060005999976, 0.0 ], [ 123.57094999200001, -10.164910005999957, 0.0 ], [ 123.571079993000012, -10.164750005999963, 0.0 ], [ 123.571372046000079, -10.164439109999932, 0.0 ], [ 123.571389992000036, -10.164420005999943, 0.0 ], [ 123.571396046000018, -10.164411429999973, 0.0 ], [ 123.571509993000063, -10.164250005999975, 0.0 ], [ 123.571579993000114, -10.164130005999937, 0.0 ], [ 123.571600834000037, -10.16411242099997, 0.0 ], [ 123.57189999700006, -10.163860001999979, 0.0 ], [ 123.572139993000064, -10.163680005999936, 0.0 ], [ 123.572349993000103, -10.163530005999974, 0.0 ], [ 123.572519993000014, -10.16337000599998, 0.0 ], [ 123.572719993000078, -10.163230005999935, 0.0 ], [ 123.572849993000091, -10.163240005999967, 0.0 ], [ 123.572939993000091, -10.163260005999973, 0.0 ], [ 123.573059993000015, -10.163190005999979, 0.0 ], [ 123.573190148000094, -10.163084254999944, 0.0 ], [ 123.573219993000066, -10.163060005999967, 0.0 ], [ 123.57327891500006, -10.162918592999972, 0.0 ], [ 123.573319993000041, -10.162820005999947, 0.0 ], [ 123.573359993000054, -10.162740005999979, 0.0 ], [ 123.573439993000079, -10.162700005999966, 0.0 ], [ 123.573539993000054, -10.162650005999978, 0.0 ], [ 123.573618074000024, -10.162493842999936, 0.0 ], [ 123.573699993000105, -10.162330005999934, 0.0 ], [ 123.573769977000097, -10.162240005999934, 0.0 ], [ 123.57388999300008, -10.16217000599994, 0.0 ], [ 123.573913203000075, -10.162163042999964, 0.0 ], [ 123.574165325000081, -10.162087405999955, 0.0 ], [ 123.574189993000118, -10.16208000599994, 0.0 ], [ 123.574207756000078, -10.162047016999963, 0.0 ], [ 123.574213210000039, -10.162036888999978, 0.0 ], [ 123.574233652000089, -10.161998924999978, 0.0 ], [ 123.574259993000055, -10.161950005999927, 0.0 ], [ 123.574349993000055, -10.161880005999933, 0.0 ], [ 123.574367711000036, -10.161856381999939, 0.0 ], [ 123.574409993000017, -10.161800005999964, 0.0 ], [ 123.574509993000106, -10.161860005999927, 0.0 ], [ 123.574609993000081, -10.161830005999946, 0.0 ], [ 123.574609993000081, -10.161740005999945, 0.0 ], [ 123.574636039000097, -10.161635874999945, 0.0 ], [ 123.574640008000074, -10.161620005999964, 0.0 ], [ 123.574648206, -10.161615905999952, 0.0 ], [ 123.574648483000033, -10.161615766999944, 0.0 ], [ 123.574699993000081, -10.161590006999973, 0.0 ], [ 123.574815106000074, -10.161610320999955, 0.0 ], [ 123.574861649000013, -10.161618534999945, 0.0 ], [ 123.574869993000107, -10.161620006999954, 0.0 ], [ 123.574880370000074, -10.161625195999932, 0.0 ], [ 123.57496835500001, -10.161669187999962, 0.0 ], [ 123.574969992000092, -10.161670005999952, 0.0 ], [ 123.575007527000025, -10.16168407999993, 0.0 ], [ 123.575049996000075, -10.161700003999954, 0.0 ], [ 123.575119999000094, -10.161900000999935, 0.0 ], [ 123.575129999000069, -10.162080000999936, 0.0 ], [ 123.575264885000024, -10.162392936999936, 0.0 ], [ 123.575264947000051, -10.162431313999946, 0.0 ], [ 123.575265102000117, -10.162517708999928, 0.0 ], [ 123.575294307000036, -10.162642088999974, 0.0 ], [ 123.575373709000019, -10.162743408999972, 0.0 ], [ 123.575546268000039, -10.162857885999927, 0.0 ], [ 123.575679146000084, -10.162879188999966, 0.0 ], [ 123.575784768000062, -10.162920400999951, 0.0 ], [ 123.575911024000106, -10.16299141199994, 0.0 ], [ 123.575984955000081, -10.16303299499998, 0.0 ], [ 123.57626541500008, -10.163193304999936, 0.0 ], [ 123.576795335000043, -10.163466121999932, 0.0 ], [ 123.576983544000086, -10.16355055899993, 0.0 ], [ 123.577035731000024, -10.163575401999935, 0.0 ], [ 123.577064139000072, -10.163590557999953, 0.0 ], [ 123.577088259000107, -10.163606634999951, 0.0 ], [ 123.577125101000092, -10.163645487999929, 0.0 ], [ 123.577161150000052, -10.163695681999968, 0.0 ], [ 123.577179340000043, -10.163721008999971, 0.0 ], [ 123.577224893000107, -10.163799247999975, 0.0 ], [ 123.577198814000099, -10.163816203999943, 0.0 ], [ 123.577145589000111, -10.16385080799995, 0.0 ], [ 123.577036712000108, -10.163885294999943, 0.0 ], [ 123.576969144000032, -10.16389060399996, 0.0 ], [ 123.576743634000081, -10.163821842999937, 0.0 ], [ 123.576645333000101, -10.163957932999949, 0.0 ], [ 123.57662549500003, -10.163977243999966, 0.0 ], [ 123.576899154000102, -10.164185136999947, 0.0 ], [ 123.577080661000082, -10.164385821999929, 0.0 ], [ 123.577114085000062, -10.16443744999998, 0.0 ], [ 123.577153643000088, -10.164550818999942, 0.0 ], [ 123.577269142000091, -10.16480566499996, 0.0 ], [ 123.577370063000103, -10.164976271999933, 0.0 ], [ 123.57741549900004, -10.165048605999971, 0.0 ], [ 123.577417895000053, -10.165092233999928, 0.0 ], [ 123.57741885300004, -10.165097246999949, 0.0 ], [ 123.577433801000097, -10.165152664999937, 0.0 ], [ 123.577435185000013, -10.165157694999948, 0.0 ], [ 123.577449603000105, -10.165210066999975, 0.0 ], [ 123.577442445000088, -10.165259134999928, 0.0 ], [ 123.577422360000014, -10.165322205999928, 0.0 ], [ 123.577420394000114, -10.165328378999959, 0.0 ], [ 123.577418428000101, -10.16533455299998, 0.0 ], [ 123.5774143860001, -10.16535424999995, 0.0 ], [ 123.577399273000083, -10.165427909999948, 0.0 ], [ 123.577384908000113, -10.165498525999965, 0.0 ], [ 123.577363275000039, -10.165557190999948, 0.0 ], [ 123.577348854000093, -10.165596699999981, 0.0 ], [ 123.577338052000073, -10.165633807999939, 0.0 ], [ 123.577338119000046, -10.165670898999963, 0.0 ], [ 123.577355127000033, -10.165727101999948, 0.0 ], [ 123.57736245600006, -10.165773750999961, 0.0 ], [ 123.577374034000059, -10.165831757999968, 0.0 ], [ 123.577459384, -10.165887501999975, 0.0 ], [ 123.577558158000102, -10.166015108999943, 0.0 ], [ 123.577615318000085, -10.166111251999951, 0.0 ], [ 123.577747026000111, -10.166212309999935, 0.0 ], [ 123.577902259000098, -10.166575757999965, 0.0 ], [ 123.578115485000012, -10.166953461999981, 0.0 ], [ 123.578207542000087, -10.167106444999945, 0.0 ], [ 123.578152565000096, -10.167159015999971, 0.0 ], [ 123.578256134000071, -10.167265487999941, 0.0 ], [ 123.578372269000056, -10.16737655299994, 0.0 ], [ 123.578564577000066, -10.167537734999939, 0.0 ], [ 123.578648066000028, -10.16762732199993, 0.0 ], [ 123.578698975000066, -10.167731322999941, 0.0 ], [ 123.578869145000112, -10.167837805999966, 0.0 ], [ 123.578845196000088, -10.167951511999945, 0.0 ], [ 123.578773049, -10.16812512499996, 0.0 ], [ 123.578663295000069, -10.168204284999945, 0.0 ], [ 123.578716647000078, -10.168323835999956, 0.0 ], [ 123.578760286000033, -10.168414689999963, 0.0 ], [ 123.578751990000114, -10.168502044999968, 0.0 ], [ 123.578697736000095, -10.168552391999981, 0.0 ], [ 123.578683791000117, -10.168591212999956, 0.0 ], [ 123.57867257800001, -10.168841995999969, 0.0 ], [ 123.57867172300007, -10.168861123999932, 0.0 ], [ 123.578599857000086, -10.169191471999966, 0.0 ], [ 123.578460941000117, -10.169720646999963, 0.0 ], [ 123.578359667000086, -10.169767222999951, 0.0 ], [ 123.578109767000115, -10.169737502999965, 0.0 ], [ 123.578062849000048, -10.16975171699994, 0.0 ], [ 123.578014149000069, -10.169777280999938, 0.0 ], [ 123.577988821000076, -10.169819411999981, 0.0 ], [ 123.578006928000036, -10.169867648999968, 0.0 ], [ 123.578026908000083, -10.169904749999944, 0.0 ], [ 123.578036626000085, -10.169935840999926, 0.0 ], [ 123.578038157000037, -10.169981302999929, 0.0 ], [ 123.578029049000065, -10.17002056299998, 0.0 ], [ 123.578039797000088, -10.170195388999957, 0.0 ], [ 123.57808005600009, -10.170421447999956, 0.0 ], [ 123.578297946000021, -10.170704622999949, 0.0 ], [ 123.578420532000109, -10.170896318999951, 0.0 ], [ 123.578504665000082, -10.170939960999931, 0.0 ], [ 123.578604639000105, -10.170928297999978, 0.0 ], [ 123.578674042000102, -10.170931528999972, 0.0 ], [ 123.5786999930001, -10.170890005999979, 0.0 ], [ 123.5788730270001, -10.170601612999974, 0.0 ], [ 123.579051615000026, -10.170319860999939, 0.0 ], [ 123.579079782, -10.170274574999951, 0.0 ], [ 123.579085250000048, -10.170265780999955, 0.0 ], [ 123.579139520000012, -10.170178524999926, 0.0 ], [ 123.579220246000091, -10.170074289999945, 0.0 ], [ 123.579408322000063, -10.169896881999932, 0.0 ], [ 123.579503686000066, -10.169806248999976, 0.0 ], [ 123.579586819000042, -10.169727239999929, 0.0 ], [ 123.579654265000045, -10.169663137999976, 0.0 ], [ 123.579768042000069, -10.169552261999968, 0.0 ], [ 123.580018341000027, -10.169308342999955, 0.0 ], [ 123.580111799000065, -10.169205093999949, 0.0 ], [ 123.580212688000074, -10.169121106999967, 0.0 ], [ 123.580192214000022, -10.169002482999929, 0.0 ], [ 123.580177036, -10.16895500499993, 0.0 ], [ 123.580216651000114, -10.168907699999977, 0.0 ], [ 123.580267952000099, -10.168714543999954, 0.0 ], [ 123.580279637000103, -10.16856869399993, 0.0 ], [ 123.580311799000015, -10.168502848999935, 0.0 ], [ 123.580384672000037, -10.168574353999929, 0.0 ], [ 123.580451112000105, -10.168608846999973, 0.0 ], [ 123.580639709000025, -10.168752754999957, 0.0 ], [ 123.580647720000115, -10.168758867999941, 0.0 ], [ 123.580786243000034, -10.168812129999935, 0.0 ], [ 123.580880635000085, -10.168919641999935, 0.0 ], [ 123.580964943000026, -10.169060195999975, 0.0 ], [ 123.581049310000026, -10.169233771999927, 0.0 ], [ 123.581088794000038, -10.169430398999964, 0.0 ], [ 123.581093359000079, -10.169550992999973, 0.0 ], [ 123.581106573000056, -10.169645728999967, 0.0 ], [ 123.581108296000025, -10.169719492999945, 0.0 ], [ 123.581169996000085, -10.169930002999934, 0.0 ], [ 123.581349997000075, -10.170160001999932, 0.0 ], [ 123.58144999700005, -10.170210002999966, 0.0 ], [ 123.581549996000035, -10.170270002999928, 0.0 ], [ 123.581679997000037, -10.170340001999932, 0.0 ], [ 123.582309997000038, -10.170490001999951, 0.0 ], [ 123.582469998000079, -10.170590002999973, 0.0 ], [ 123.582539996000037, -10.170700001999933, 0.0 ], [ 123.582619996000062, -10.170790002999979, 0.0 ], [ 123.582759997000039, -10.170930002999967, 0.0 ], [ 123.582959996000113, -10.171120002999942, 0.0 ], [ 123.583109996000076, -10.171230003999938, 0.0 ], [ 123.583199997000065, -10.171360002999961, 0.0 ], [ 123.583315, -10.171525, 0.0 ], [ 123.583404156000029, -10.171652927999958, 0.0 ], [ 123.583430726000074, -10.171691209999949, 0.0 ], [ 123.583510747000105, -10.17180647999993, 0.0 ], [ 123.583535250000068, -10.171877328999926, 0.0 ], [ 123.583553522000102, -10.17199538999995, 0.0 ], [ 123.583556663000081, -10.172193473999926, 0.0 ], [ 123.583558363000066, -10.172300643999961, 0.0 ], [ 123.583552307000105, -10.17242633199993, 0.0 ], [ 123.583558553000103, -10.172467713999936, 0.0 ], [ 123.58355898800005, -10.172471041999927, 0.0 ], [ 123.583564116000048, -10.172510278999937, 0.0 ], [ 123.583579216000089, -10.172544218999974, 0.0 ], [ 123.58359434700003, -10.172579585999927, 0.0 ], [ 123.583603748000087, -10.172616494999943, 0.0 ], [ 123.583611681000093, -10.172652006999954, 0.0 ], [ 123.583612473000017, -10.172690515999932, 0.0 ], [ 123.583613236000019, -10.172727599999973, 0.0 ], [ 123.583613016000072, -10.172773685999971, 0.0 ], [ 123.583614850000117, -10.172806045999948, 0.0 ], [ 123.583622811000055, -10.172842983999942, 0.0 ], [ 123.583640329000104, -10.172882849999951, 0.0 ], [ 123.583655922000048, -10.172912231999931, 0.0 ], [ 123.583675313000072, -10.172944657999949, 0.0 ], [ 123.583698935000029, -10.172972717999926, 0.0 ], [ 123.583722110000053, -10.172992549999947, 0.0 ], [ 123.583781915000031, -10.173033112999974, 0.0 ], [ 123.583820276000097, -10.173060160999967, 0.0 ], [ 123.583845307000047, -10.173086766999972, 0.0 ], [ 123.583861819000049, -10.173119250999946, 0.0 ], [ 123.58386831100006, -10.173154791999934, 0.0 ], [ 123.583869075000052, -10.173191875999976, 0.0 ], [ 123.583861171000081, -10.173227706999967, 0.0 ], [ 123.583859055000062, -10.173264848999963, 0.0 ], [ 123.583859818000064, -10.173301931999958, 0.0 ], [ 123.583859140000072, -10.173339044999977, 0.0 ], [ 123.583852706000016, -10.173376272999974, 0.0 ], [ 123.58384624100006, -10.173412075999977, 0.0 ], [ 123.583845701000087, -10.173441827999966, 0.0 ], [ 123.583859995000012, -10.173580003999973, 0.0 ], [ 123.583866377000049, -10.17362467199996, 0.0 ], [ 123.583869998000068, -10.173650001999931, 0.0 ], [ 123.58384, -10.17369, 0.0 ], [ 123.583809998000106, -10.173780001999944, 0.0 ], [ 123.583829998000056, -10.173870001999944, 0.0 ], [ 123.583909997000092, -10.173960000999955, 0.0 ], [ 123.584349998000107, -10.174360000999968, 0.0 ], [ 123.584469998000031, -10.174620001999926, 0.0 ], [ 123.584760003000042, -10.175160001999927, 0.0 ], [ 123.584819998000057, -10.17529000299993, 0.0 ], [ 123.584899998000083, -10.175560001999941, 0.0 ], [ 123.584849998000095, -10.175690000999964, 0.0 ], [ 123.584729997000068, -10.175780001999954, 0.0 ], [ 123.584399998000094, -10.175910000999977, 0.0 ], [ 123.584219998000094, -10.175970002999975, 0.0 ], [ 123.583939997000016, -10.176200001999973, 0.0 ], [ 123.58388998800001, -10.176340001999961, 0.0 ], [ 123.583889989000113, -10.176569994999966, 0.0 ], [ 123.583909997000092, -10.176640000999953, 0.0 ], [ 123.583919998000056, -10.176860001999955, 0.0 ], [ 123.583959997000079, -10.17718, 0.0 ], [ 123.583939997000016, -10.177429996999933, 0.0 ], [ 123.583869996000089, -10.178330002999928, 0.0 ], [ 123.583788185000117, -10.178452719999939, 0.0 ], [ 123.583769993000033, -10.178480005999972, 0.0 ], [ 123.583639997000091, -10.178719995999927, 0.0 ], [ 123.583349998000017, -10.178930002999948, 0.0 ], [ 123.583250003000103, -10.178990001999978, 0.0 ], [ 123.583059997000078, -10.179050002999929, 0.0 ], [ 123.582820002000062, -10.179070002999936, 0.0 ], [ 123.582639997000115, -10.179160010999965, 0.0 ], [ 123.582519997000077, -10.17926, 0.0 ], [ 123.582369997000114, -10.179510001999972, 0.0 ], [ 123.582279998000104, -10.179640001999928, 0.0 ], [ 123.582209998000053, -10.179670001999966, 0.0 ], [ 123.581779997000012, -10.179810002999943, 0.0 ], [ 123.581679997000037, -10.179910001999929, 0.0 ], [ 123.581579997000063, -10.18010000299995, 0.0 ], [ 123.581419997000012, -10.180210001999967, 0.0 ], [ 123.581169996000085, -10.180460002999951, 0.0 ], [ 123.58099999600006, -10.180600004999974, 0.0 ], [ 123.580949996000072, -10.180700003999959, 0.0 ], [ 123.58099999500007, -10.180820003999941, 0.0 ], [ 123.581082922000064, -10.180902927999966, 0.0 ], [ 123.581082949, -10.180902947999925, 0.0 ], [ 123.58115651300011, -10.180949770999973, 0.0 ], [ 123.581378914000084, -10.181050833999961, 0.0 ], [ 123.581469948000063, -10.181169360999945, 0.0 ], [ 123.581466253000031, -10.181263168999976, 0.0 ], [ 123.581391547000067, -10.181329793999964, 0.0 ], [ 123.581255051000085, -10.181451520999929, 0.0 ], [ 123.581219997000062, -10.181480002999933, 0.0 ], [ 123.580949998000051, -10.18159000199995, 0.0 ], [ 123.580679997000061, -10.181670001999976, 0.0 ], [ 123.580469998000012, -10.181729996999934, 0.0 ], [ 123.580279998000037, -10.18185000099993, 0.0 ], [ 123.580122950000032, -10.18196491499998, 0.0 ], [ 123.579869998000049, -10.182150000999968, 0.0 ], [ 123.579819998000062, -10.182240001999958, 0.0 ], [ 123.579819997000072, -10.182400002999941, 0.0 ], [ 123.579841923000117, -10.182758073999935, 0.0 ], [ 123.579843097000094, -10.182761987999982, 0.0 ], [ 123.579865084000062, -10.18283523599996, 0.0 ], [ 123.579888505000099, -10.182874341999934, 0.0 ], [ 123.579912327000102, -10.182914116999939, 0.0 ], [ 123.5799607350001, -10.182969068999967, 0.0 ], [ 123.580012712000098, -10.182994101999952, 0.0 ], [ 123.580079205000061, -10.183032269999956, 0.0 ], [ 123.580123708000087, -10.183086774999936, 0.0 ], [ 123.580144567000048, -10.183112316999939, 0.0 ], [ 123.58018206600002, -10.183145751999973, 0.0 ], [ 123.580238846000043, -10.183155221999925, 0.0 ], [ 123.580296799000052, -10.18314554799997, 0.0 ], [ 123.58031720200006, -10.183113569999932, 0.0 ], [ 123.580336541000065, -10.183083261999968, 0.0 ], [ 123.580377475000091, -10.183012598999937, 0.0 ], [ 123.580423315000075, -10.182950086999938, 0.0 ], [ 123.580461808000109, -10.182897588999936, 0.0 ], [ 123.580528199000014, -10.182879524999976, 0.0 ], [ 123.580612748000021, -10.182884159999958, 0.0 ], [ 123.580750808000062, -10.182952163999971, 0.0 ], [ 123.580779998000025, -10.182970001999934, 0.0 ], [ 123.58081, -10.18306, 0.0 ], [ 123.580769995000082, -10.183250008999948, 0.0 ], [ 123.580682790000083, -10.183366278999927, 0.0 ], [ 123.580679998000051, -10.183370001999947, 0.0 ], [ 123.58051999700001, -10.183480001999953, 0.0 ], [ 123.580269998000063, -10.18359000199996, 0.0 ], [ 123.580169997000098, -10.183669994999946, 0.0 ], [ 123.579879998000024, -10.184090001999948, 0.0 ], [ 123.579839997000022, -10.184250001999942, 0.0 ], [ 123.57989, -10.18438, 0.0 ], [ 123.580059995000056, -10.184570003999966, 0.0 ], [ 123.580139996000071, -10.184580002999951, 0.0 ], [ 123.580240003000085, -10.184529994999934, 0.0 ], [ 123.580319999000039, -10.184450001999949, 0.0 ], [ 123.580349998000088, -10.184319995999942, 0.0 ], [ 123.580399997000086, -10.184270001999948, 0.0 ], [ 123.580469997000023, -10.184270001999948, 0.0 ], [ 123.580541432000018, -10.18431979099995, 0.0 ], [ 123.580578271000036, -10.184388640999941, 0.0 ], [ 123.580588078000119, -10.184469025999931, 0.0 ], [ 123.58059025700004, -10.184604938999939, 0.0 ], [ 123.58058083700007, -10.184738958999958, 0.0 ], [ 123.580559889000028, -10.184909369999957, 0.0 ], [ 123.580573523000112, -10.184968689999948, 0.0 ], [ 123.58061417600004, -10.185008818999961, 0.0 ], [ 123.580660597000019, -10.185033622999981, 0.0 ], [ 123.58071089300006, -10.185064162999936, 0.0 ], [ 123.58076695200009, -10.185075548999976, 0.0 ], [ 123.580826887000057, -10.185092671999939, 0.0 ], [ 123.580886862000057, -10.185132765999981, 0.0 ], [ 123.580919792000032, -10.18517673599996, 0.0 ], [ 123.580923750000011, -10.185228415999973, 0.0 ], [ 123.580908392000083, -10.185283958999946, 0.0 ], [ 123.58086791300002, -10.185339545999966, 0.0 ], [ 123.580769997000061, -10.185420002999933, 0.0 ], [ 123.580670003000023, -10.185450000999936, 0.0 ], [ 123.580359998000063, -10.185470001999931, 0.0 ], [ 123.579769997000085, -10.185389996999959, 0.0 ], [ 123.579639997000072, -10.185480001999963, 0.0 ], [ 123.579339997000034, -10.185910000999968, 0.0 ], [ 123.579249998000023, -10.186100001999932, 0.0 ], [ 123.579259997, -10.186240001999977, 0.0 ], [ 123.57933, -10.186370001999933, 0.0 ], [ 123.579380003000097, -10.186520000999963, 0.0 ], [ 123.579349998000112, -10.186680002999935, 0.0 ], [ 123.579289997000046, -10.186940001999972, 0.0 ], [ 123.579199999000025, -10.187340010999947, 0.0 ], [ 123.579219997000109, -10.187590001999979, 0.0 ], [ 123.579289998000036, -10.187759996999944, 0.0 ], [ 123.579519996000045, -10.188060002999975, 0.0 ], [ 123.579767867000101, -10.188408369999934, 0.0 ], [ 123.579773756, -10.18841664699994, 0.0 ], [ 123.57977964600002, -10.188424923999946, 0.0 ], [ 123.579783386000031, -10.188430178999965, 0.0 ], [ 123.579889993000052, -10.188580005999938, 0.0 ], [ 123.579899996000108, -10.188770003999934, 0.0 ], [ 123.579839994000054, -10.188920006999979, 0.0 ], [ 123.579739997000047, -10.189010001999975, 0.0 ], [ 123.579599997000059, -10.189080002999958, 0.0 ], [ 123.579359998000086, -10.189160001999937, 0.0 ], [ 123.579249997000034, -10.189300001999982, 0.0 ], [ 123.579259998000111, -10.18938000199995, 0.0 ], [ 123.579340001000105, -10.18949, 0.0 ], [ 123.579499997000084, -10.189690001999963, 0.0 ], [ 123.579559995000068, -10.18992001099997, 0.0 ], [ 123.57955258800007, -10.189947176999965, 0.0 ], [ 123.579552516000035, -10.189947440999958, 0.0 ], [ 123.57955258800007, -10.189947446999952, 0.0 ], [ 123.579653027000063, -10.189956312999982, 0.0 ], [ 123.579781018000062, -10.19005556999997, 0.0 ], [ 123.579835941000056, -10.190136868999957, 0.0 ], [ 123.579945689000056, -10.190245202999961, 0.0 ], [ 123.580064485000094, -10.19030829999997, 0.0 ], [ 123.580155861000094, -10.190353357999982, 0.0 ], [ 123.580311141000038, -10.190398302999938, 0.0 ], [ 123.580457342000045, -10.190470394999977, 0.0 ], [ 123.580548848000035, -10.19058780499995, 0.0 ], [ 123.580603821000068, -10.190696235999951, 0.0 ], [ 123.580686264000065, -10.190849837999963, 0.0 ], [ 123.580869211000049, -10.191048481999928, 0.0 ], [ 123.580960652000044, -10.191129715999978, 0.0 ], [ 123.581106771, -10.191156587999956, 0.0 ], [ 123.581280328000048, -10.191210543999944, 0.0 ], [ 123.581499630000053, -10.191318681999974, 0.0 ], [ 123.581591071000048, -10.191399914999977, 0.0 ], [ 123.581645962000039, -10.191463125999974, 0.0 ], [ 123.581709966000062, -10.191517275999956, 0.0 ], [ 123.581892587000084, -10.191535038999973, 0.0 ], [ 123.581974800000012, -10.191562024999939, 0.0 ], [ 123.582057063000093, -10.191616142999976, 0.0 ], [ 123.582157602000052, -10.191679271999931, 0.0 ], [ 123.582331224000086, -10.191769402999967, 0.0 ], [ 123.582422649000023, -10.191841591999946, 0.0 ], [ 123.582541397000114, -10.191877556999941, 0.0 ], [ 123.582623759000057, -10.191985937999959, 0.0 ], [ 123.582724297000027, -10.192049066999971, 0.0 ], [ 123.582770273000051, -10.192229865999934, 0.0 ], [ 123.582843341000057, -10.192247823999935, 0.0 ], [ 123.5829803150001, -10.192265666999958, 0.0 ], [ 123.58321769600002, -10.192274287999965, 0.0 ], [ 123.583445997000013, -10.19231005599994, 0.0 ], [ 123.583514075000039, -10.192279685999949, 0.0 ], [ 123.583665135000047, -10.192327752999972, 0.0 ], [ 123.583747415000062, -10.192390914999976, 0.0 ], [ 123.583829695000077, -10.192454075999933, 0.0 ], [ 123.583875490000082, -10.192535389999932, 0.0 ], [ 123.583912123000118, -10.192598632999932, 0.0 ], [ 123.583958067000026, -10.192761342999972, 0.0 ], [ 123.583949267000094, -10.192942238999933, 0.0 ], [ 123.583931156000062, -10.193023667999967, 0.0 ], [ 123.583949579000091, -10.193114074999926, 0.0 ], [ 123.584013601000038, -10.193177268999932, 0.0 ], [ 123.584077573000059, -10.193213330999981, 0.0 ], [ 123.584150904000012, -10.193375991999972, 0.0 ], [ 123.58415113500007, -10.19350260799996, 0.0 ], [ 123.5842060760001, -10.193592949999982, 0.0 ], [ 123.58445253800005, -10.193574421999926, 0.0 ], [ 123.58458040000005, -10.193601324999975, 0.0 ], [ 123.584827010000026, -10.193664191999972, 0.0 ], [ 123.584964018000051, -10.193700122999928, 0.0 ], [ 123.585046249000015, -10.193736151999929, 0.0 ], [ 123.585493889000077, -10.193898141999966, 0.0 ], [ 123.585987755000019, -10.194376589999933, 0.0 ], [ 123.586033551000014, -10.194457903999933, 0.0 ], [ 123.586189264000041, -10.194737989999965, 0.0 ], [ 123.586372631000017, -10.195162729999936, 0.0 ], [ 123.586664460000065, -10.194990369999971, 0.0 ], [ 123.587085646000105, -10.195476842999938, 0.0 ], [ 123.58708523700011, -10.195494330999963, 0.0 ], [ 123.587081034000107, -10.19557378199994, 0.0 ], [ 123.5870894090001, -10.195662303999939, 0.0 ], [ 123.587098245000107, -10.195738382999934, 0.0 ], [ 123.587098043000083, -10.195837093999955, 0.0 ], [ 123.587095566000016, -10.195858391999934, 0.0 ], [ 123.587097052000104, -10.19601033899994, 0.0 ], [ 123.587104559000068, -10.196152701999949, 0.0 ], [ 123.587136461000114, -10.196398019999947, 0.0 ], [ 123.587141991000067, -10.196517950999976, 0.0 ], [ 123.587153051000087, -10.196647945999928, 0.0 ], [ 123.587169989000017, -10.196795078999969, 0.0 ], [ 123.587198375000071, -10.196863224999959, 0.0 ], [ 123.587220113000058, -10.196909723999966, 0.0 ], [ 123.58722491900005, -10.196933826999953, 0.0 ], [ 123.587618923000036, -10.196984916999952, 0.0 ], [ 123.587937078000095, -10.197012649999976, 0.0 ], [ 123.588330647000021, -10.197077413999978, 0.0 ], [ 123.588362776000054, -10.197081670999978, 0.0 ], [ 123.588492772000109, -10.19707864999998, 0.0 ], [ 123.5885748930001, -10.197074912999938, 0.0 ], [ 123.588629249000064, -10.197078403999967, 0.0 ], [ 123.588665501000037, -10.197089107999943, 0.0 ], [ 123.588724726, -10.197112928999957, 0.0 ], [ 123.58879558000001, -10.19713901199998, 0.0 ], [ 123.588834069000086, -10.197157030999961, 0.0 ], [ 123.588863468000113, -10.197163076999971, 0.0 ], [ 123.588901919000023, -10.197187415999963, 0.0 ], [ 123.588935475000085, -10.197207988999935, 0.0 ], [ 123.589003486000024, -10.197249686999953, 0.0 ], [ 123.589138443000024, -10.197342048999928, 0.0 ], [ 123.589250157000038, -10.197405019999962, 0.0 ], [ 123.589325565000081, -10.197428573999957, 0.0 ], [ 123.589482180000118, -10.197477105999951, 0.0 ], [ 123.589739623000014, -10.197579296999947, 0.0 ], [ 123.590000753000027, -10.197715938999977, 0.0 ], [ 123.590116106000096, -10.197787516999938, 0.0 ], [ 123.590231471000038, -10.197865556999943, 0.0 ], [ 123.590326516000118, -10.197927838999931, 0.0 ], [ 123.590391094000097, -10.197972948999961, 0.0 ], [ 123.590457843000081, -10.19801661899993, 0.0 ], [ 123.590560808000077, -10.198050171999967, 0.0 ], [ 123.590642744000093, -10.198077302999934, 0.0 ], [ 123.590677107000033, -10.198080454999968, 0.0 ], [ 123.590736823000043, -10.198041691999947, 0.0 ], [ 123.590805328000101, -10.197999777999939, 0.0 ], [ 123.590988777, -10.197927658999959, 0.0 ], [ 123.591164929000115, -10.197829231999947, 0.0 ], [ 123.591280667000092, -10.197716555999932, 0.0 ], [ 123.591321643000015, -10.19766862299997, 0.0 ], [ 123.591328643000111, -10.197534607999955, 0.0 ], [ 123.591320499000062, -10.19744129999998, 0.0 ], [ 123.591480105000073, -10.197407988999942, 0.0 ], [ 123.591677127000025, -10.197361688999933, 0.0 ], [ 123.591778547000104, -10.197344275999967, 0.0 ], [ 123.591820583000072, -10.197347071999957, 0.0 ], [ 123.591829560000065, -10.197499243999971, 0.0 ], [ 123.591822411000066, -10.197552378999944, 0.0 ], [ 123.591873201000112, -10.197586744999967, 0.0 ], [ 123.591883474000042, -10.197655641999972, 0.0 ], [ 123.59195747900003, -10.197704322999925, 0.0 ], [ 123.59204016700005, -10.197745809999958, 0.0 ], [ 123.592109864, -10.19781603499996, 0.0 ], [ 123.592134659000067, -10.197900697999955, 0.0 ], [ 123.592201431000035, -10.197956570999963, 0.0 ], [ 123.592234940000026, -10.198051268999961, 0.0 ], [ 123.592284395000092, -10.198147373999973, 0.0 ], [ 123.592351189000055, -10.19821473199994, 0.0 ], [ 123.592451348000054, -10.198299258999953, 0.0 ], [ 123.592555835000098, -10.198372292999977, 0.0 ], [ 123.592615373000058, -10.198435356999937, 0.0 ], [ 123.592691286000104, -10.198470633999932, 0.0 ], [ 123.59277609600008, -10.19861405499995, 0.0 ], [ 123.592773831000045, -10.198695416999954, 0.0 ], [ 123.592764421000084, -10.198831828999971, 0.0 ], [ 123.59273966100011, -10.199027613999931, 0.0 ], [ 123.592716881000115, -10.199248757999953, 0.0 ], [ 123.59272292300011, -10.199380834999943, 0.0 ], [ 123.592723079000052, -10.199465543999963, 0.0 ], [ 123.592734777000032, -10.199521516999937, 0.0 ], [ 123.592795917000103, -10.199666414999967, 0.0 ], [ 123.592811942000026, -10.199710893999963, 0.0 ], [ 123.592841741000029, -10.199758219999978, 0.0 ], [ 123.592874356000038, -10.199761031999969, 0.0 ], [ 123.592948150000097, -10.199694853999972, 0.0 ], [ 123.593011997000076, -10.19973637399994, 0.0 ], [ 123.593097561000036, -10.199764932999926, 0.0 ], [ 123.593217891000108, -10.19978481499993, 0.0 ], [ 123.593268621000107, -10.199786158999927, 0.0 ], [ 123.593336724000096, -10.199777420999965, 0.0 ], [ 123.59337438700004, -10.199767301999941, 0.0 ], [ 123.59341203800011, -10.199750004999942, 0.0 ], [ 123.593446808000067, -10.199742762999961, 0.0 ], [ 123.593509109000024, -10.199731163999957, 0.0 ], [ 123.593543890000092, -10.19972966499995, 0.0 ], [ 123.593591704000119, -10.199722399999928, 0.0 ], [ 123.593617773000119, -10.199712301999966, 0.0 ], [ 123.593620581000096, -10.199663481999949, 0.0 ], [ 123.59362633, -10.199637627999948, 0.0 ], [ 123.593652336000105, -10.199593071999971, 0.0 ], [ 123.593670381000038, -10.199554274999969, 0.0 ], [ 123.593653655000026, -10.199522718999958, 0.0 ], [ 123.593688370000109, -10.199485326999934, 0.0 ], [ 123.593737572, -10.199445035999929, 0.0 ], [ 123.593802699000094, -10.199394667999968, 0.0 ], [ 123.5938316270001, -10.199363028999926, 0.0 ], [ 123.593874323000023, -10.199331364999978, 0.0 ], [ 123.593918515000041, -10.19932410499996, 0.0 ], [ 123.593960588000073, -10.199347000999978, 0.0 ], [ 123.59399837400008, -10.199402925999948, 0.0 ], [ 123.594068085000117, -10.199480328999925, 0.0 ], [ 123.594116038000038, -10.199547721999977, 0.0 ], [ 123.594161020000115, -10.199576354999977, 0.0 ], [ 123.59426686900008, -10.199602004999974, 0.0 ], [ 123.594646856000054, -10.199680545999968, 0.0 ], [ 123.594908813000075, -10.199748631999967, 0.0 ], [ 123.594988570000055, -10.199772415999973, 0.0 ], [ 123.595037879000074, -10.199790075999942, 0.0 ], [ 123.595064386000104, -10.199809076999941, 0.0 ], [ 123.595104644000116, -10.19984040199995, 0.0 ], [ 123.595136143000104, -10.199892987999931, 0.0 ], [ 123.595195437000029, -10.199953898999979, 0.0 ], [ 123.59524865000003, -10.199992088999977, 0.0 ], [ 123.595336831000054, -10.19999910599995, 0.0 ], [ 123.595417741, -10.199992975999976, 0.0 ], [ 123.595453648000102, -10.199970807999932, 0.0 ], [ 123.59550927600003, -10.199987547999967, 0.0 ], [ 123.595585026000094, -10.19998725399995, 0.0 ], [ 123.595625581000036, -10.199972822999939, 0.0 ], [ 123.59566183000004, -10.199981370999978, 0.0 ], [ 123.595693806000099, -10.20003012799998, 0.0 ], [ 123.595712738000088, -10.200078907999966, 0.0 ], [ 123.595740355000089, -10.200121929999966, 0.0 ], [ 123.59576361400002, -10.200159216999964, 0.0 ], [ 123.595812963000071, -10.200197891999949, 0.0 ], [ 123.595857959000114, -10.200233702999981, 0.0 ], [ 123.595901517000016, -10.200275259999955, 0.0 ], [ 123.595932059, -10.200332633999949, 0.0 ], [ 123.595959738000033, -10.200408677999974, 0.0 ], [ 123.595975817000067, -10.200481869999976, 0.0 ], [ 123.5959918530001, -10.200532091999946, 0.0 ], [ 123.596025351000094, -10.200619610999979, 0.0 ], [ 123.596057417000111, -10.200717182999938, 0.0 ], [ 123.596098457000039, -10.200810544999968, 0.0 ], [ 123.596141210000042, -10.200782542999946, 0.0 ], [ 123.596230158000026, -10.200763624999979, 0.0 ], [ 123.596319051000023, -10.20076346299993, 0.0 ], [ 123.596417619000022, -10.200770939999927, 0.0 ], [ 123.596444415000065, -10.200774731999957, 0.0 ], [ 123.596564524000087, -10.200791728999945, 0.0 ], [ 123.59669009400011, -10.200770442999954, 0.0 ], [ 123.596814020000011, -10.200743898999974, 0.0 ], [ 123.59690644200009, -10.20072410399996, 0.0 ], [ 123.597082109000098, -10.200723782999944, 0.0 ], [ 123.597149929000011, -10.200723658999948, 0.0 ], [ 123.597316183000089, -10.200757811999949, 0.0 ], [ 123.597480422000103, -10.200747940999975, 0.0 ], [ 123.59754415000009, -10.200724851999951, 0.0 ], [ 123.597574875000078, -10.200719194999976, 0.0 ], [ 123.597692762000065, -10.200723764999964, 0.0 ], [ 123.597788428000058, -10.200728375999972, 0.0 ], [ 123.597837068000103, -10.200710527999945, 0.0 ], [ 123.597886216, -10.200654172999975, 0.0 ], [ 123.597924807000027, -10.200623472999951, 0.0 ], [ 123.597973100000104, -10.200613812999961, 0.0 ], [ 123.598029145000055, -10.200615624999955, 0.0 ], [ 123.598077413000055, -10.200592563999976, 0.0 ], [ 123.598145006000095, -10.200569468999959, 0.0 ], [ 123.598193292000019, -10.20055598099998, 0.0 ], [ 123.598270506000063, -10.200551487999974, 0.0 ], [ 123.598290292000115, -10.200576535999971, 0.0 ], [ 123.598325319000082, -10.200601740999957, 0.0 ], [ 123.598373591000041, -10.200660687999971, 0.0 ], [ 123.598392515000114, -10.20069359799993, 0.0 ], [ 123.598410460000082, -10.200725574999979, 0.0 ], [ 123.598432206000098, -10.20075557399997, 0.0 ], [ 123.598453991000042, -10.200787472999934, 0.0 ], [ 123.598475736000069, -10.200817470999937, 0.0 ], [ 123.598495602000071, -10.200849407999954, 0.0 ], [ 123.598511667000025, -10.200883326999929, 0.0 ], [ 123.598525813000037, -10.200917283999956, 0.0 ], [ 123.598536158000115, -10.200953220999963, 0.0 ], [ 123.598544623000066, -10.200991098999964, 0.0 ], [ 123.598556928000107, -10.201028896999958, 0.0 ], [ 123.598572993000062, -10.201062814999943, 0.0 ], [ 123.598585219000029, -10.201096810999957, 0.0 ], [ 123.598595565000096, -10.201132747999964, 0.0 ], [ 123.598609710000119, -10.201166704999935, 0.0 ], [ 123.598621937000075, -10.201200700999948, 0.0 ], [ 123.598656240000082, -10.201234247999935, 0.0 ], [ 123.598677103000114, -10.20126806899998, 0.0 ], [ 123.598698849000016, -10.201298067999971, 0.0 ], [ 123.598718753000071, -10.20133190699994, 0.0 ], [ 123.598730979000038, -10.201365902999953, 0.0 ], [ 123.598737485000015, -10.201401917999931, 0.0 ], [ 123.598738233000063, -10.201438049999979, 0.0 ], [ 123.59873514100002, -10.201474257999962, 0.0 ], [ 123.598726290000059, -10.201510584999937, 0.0 ], [ 123.598719359000029, -10.201546871999938, 0.0 ], [ 123.598709275000033, -10.201579022999965, 0.0 ], [ 123.598701617000074, -10.201617622999947, 0.0 ], [ 123.598705914000107, -10.201690158999952, 0.0 ], [ 123.598706021000112, -10.201691965999942, 0.0 ], [ 123.598719138000092, -10.201721902999964, 0.0 ], [ 123.598731364000059, -10.201755897999931, 0.0 ], [ 123.598749310000017, -10.20178787499998, 0.0 ], [ 123.598765415000116, -10.201823694999973, 0.0 ], [ 123.598777641000083, -10.20185769099993, 0.0 ], [ 123.598782228000118, -10.20189374499995, 0.0 ], [ 123.598782975000063, -10.201929874999962, 0.0 ], [ 123.598776044000033, -10.201966162999952, 0.0 ], [ 123.598763314000053, -10.202000664999957, 0.0 ], [ 123.598742828000013, -10.202031519999935, 0.0 ], [ 123.598735896000107, -10.202067808999971, 0.0 ], [ 123.59873472400011, -10.202103978999958, 0.0 ], [ 123.598756005000041, -10.202204375999941, 0.0 ], [ 123.598802515000102, -10.202300697999931, 0.0 ], [ 123.598935198000049, -10.202575484999954, 0.0 ], [ 123.598970694000059, -10.202648995999937, 0.0 ], [ 123.598973755000088, -10.202704104999953, 0.0 ], [ 123.598969216000114, -10.202763172999937, 0.0 ], [ 123.598958559000039, -10.202792058999933, 0.0 ], [ 123.598945676000085, -10.202832139999941, 0.0 ], [ 123.598938744000066, -10.202868426999942, 0.0 ], [ 123.598937572000068, -10.202904596999929, 0.0 ], [ 123.598942159000103, -10.202940650999949, 0.0 ], [ 123.598948666000069, -10.202976664999937, 0.0 ], [ 123.598964731000024, -10.20301058299998, 0.0 ], [ 123.598984596000037, -10.203042520999929, 0.0 ], [ 123.599006381000095, -10.20307442099994, 0.0 ], [ 123.599026248000087, -10.203106358999946, 0.0 ], [ 123.599049873000013, -10.203134415999955, 0.0 ], [ 123.599067820000073, -10.203166393999936, 0.0 ], [ 123.59908576600003, -10.203198370999928, 0.0 ], [ 123.599103790000072, -10.203234150999947, 0.0 ], [ 123.599117936000084, -10.203268107999975, 0.0 ], [ 123.599124443000051, -10.203304122999953, 0.0 ], [ 123.599129068000025, -10.203342077999935, 0.0 ], [ 123.599129816000072, -10.203378209999926, 0.0 ], [ 123.599140162000026, -10.203414144999954, 0.0 ], [ 123.599154308000038, -10.203448102999971, 0.0 ], [ 123.599153314000091, -10.203492829999959, 0.0 ], [ 123.599168766000048, -10.203518592999956, 0.0 ], [ 123.599196863000088, -10.20355567799993, 0.0 ], [ 123.599229853000111, -10.203572129999941, 0.0 ], [ 123.599262881000072, -10.20359048499995, 0.0 ], [ 123.599295870000105, -10.203606936999961, 0.0 ], [ 123.599330739000038, -10.203621447999978, 0.0 ], [ 123.599365529000011, -10.203632156999959, 0.0 ], [ 123.599400319000097, -10.203642864999949, 0.0 ], [ 123.599436990000072, -10.203651631999946, 0.0 ], [ 123.599473542000055, -10.203654695999944, 0.0 ], [ 123.59951005500011, -10.203655855999955, 0.0 ], [ 123.599546529, -10.203655114999947, 0.0 ], [ 123.599585645000047, -10.203654043999961, 0.0 ], [ 123.599619397000083, -10.20364983099995, 0.0 ], [ 123.599655833000043, -10.203647187999934, 0.0 ], [ 123.599694304000082, -10.203650212999946, 0.0 ], [ 123.599729135000075, -10.203662822999945, 0.0 ], [ 123.599764004, -10.203677333999963, 0.0 ], [ 123.599802808000049, -10.203693695999959, 0.0 ], [ 123.599849296000116, -10.203715553999928, 0.0 ], [ 123.599851235000074, -10.203716464999957, 0.0 ], [ 123.599890080000023, -10.203737554999975, 0.0 ], [ 123.599925107000104, -10.203759672999979, 0.0 ], [ 123.599950614000022, -10.203785788999937, 0.0 ], [ 123.599976121000054, -10.203811905999942, 0.0 ], [ 123.600005388000113, -10.203834140999959, 0.0 ], [ 123.60003469500009, -10.203858276999938, 0.0 ], [ 123.600065842000049, -10.203878571999951, 0.0 ], [ 123.600089469000068, -10.20390662899996, 0.0 ], [ 123.600118737000116, -10.203928863999977, 0.0 ], [ 123.600153566000017, -10.203941473999976, 0.0 ], [ 123.600195280000094, -10.203953120999927, 0.0 ], [ 123.600224948000118, -10.203957145999937, 0.0 ], [ 123.600261500000101, -10.203960207999955, 0.0 ], [ 123.600300091, -10.203968935999967, 0.0 ], [ 123.600340034000055, -10.203996661999952, 0.0 ], [ 123.600362740000037, -10.204026639999938, 0.0 ], [ 123.600392007000096, -10.204048874999955, 0.0 ], [ 123.600415634000115, -10.204076932999953, 0.0 ], [ 123.600433619000114, -10.204110810999964, 0.0 ], [ 123.600445845000081, -10.204144806999977, 0.0 ], [ 123.60046898500002, -10.204195702999925, 0.0 ], [ 123.600486011000044, -10.204229600999952, 0.0 ], [ 123.60049713300009, -10.204260525999928, 0.0 ], [ 123.600516262000042, -10.204299376999927, 0.0 ], [ 123.600536128000044, -10.20433131599998, 0.0 ], [ 123.600555994000047, -10.20436325299994, 0.0 ], [ 123.600578330000076, -10.204391527999974, 0.0 ], [ 123.600578350000092, -10.204391554999972, 0.0 ], [ 123.60060140600001, -10.204423209999959, 0.0 ], [ 123.600623152000026, -10.204453206999972, 0.0 ], [ 123.600644898000041, -10.204483203999928, 0.0 ], [ 123.600666644000057, -10.20451320199993, 0.0 ], [ 123.60068651000006, -10.204545138999947, 0.0 ], [ 123.600730022000107, -10.204606084999966, 0.0 ], [ 123.600742307000019, -10.204642932999946, 0.0 ], [ 123.600746895000043, -10.204678986999966, 0.0 ], [ 123.600759122000113, -10.204712982999979, 0.0 ], [ 123.60077706800007, -10.204744959999971, 0.0 ], [ 123.600798892000057, -10.204778760999943, 0.0 ], [ 123.600816838000014, -10.204810737999935, 0.0 ], [ 123.600832904000072, -10.204844655999977, 0.0 ], [ 123.600843251000015, -10.204880591999938, 0.0 ], [ 123.60084783800005, -10.204916645999958, 0.0 ], [ 123.600848586000097, -10.204952775999971, 0.0 ], [ 123.600845494000055, -10.204988985999933, 0.0 ], [ 123.60084048300007, -10.205025233999947, 0.0 ], [ 123.600831633000098, -10.205061559999933, 0.0 ], [ 123.600813872000117, -10.205131359999939, 0.0 ], [ 123.600813892000019, -10.205132309999954, 0.0 ], [ 123.600814640000067, -10.205168441999945, 0.0 ], [ 123.600805789000106, -10.20520476799993, 0.0 ], [ 123.600794054000062, -10.205250059999969, 0.0 ], [ 123.600747265000109, -10.205249121999941, 0.0 ], [ 123.600696729000106, -10.205235536999965, 0.0 ], [ 123.600650353000105, -10.205237057999966, 0.0 ], [ 123.600577906000012, -10.205248676999929, 0.0 ], [ 123.600532977000057, -10.205248759999961, 0.0 ], [ 123.600435867000101, -10.205247502999953, 0.0 ], [ 123.600379306000036, -10.205227506999961, 0.0 ], [ 123.600273505000018, -10.205229136999947, 0.0 ], [ 123.600171272000011, -10.20524834899993, 0.0 ], [ 123.600109185000065, -10.205261982999957, 0.0 ], [ 123.600075897000011, -10.205286450999949, 0.0 ], [ 123.600048396000034, -10.205306601999951, 0.0 ], [ 123.60000780900009, -10.205303804999971, 0.0 ], [ 123.599959968, -10.205296713999928, 0.0 ], [ 123.599915002000103, -10.205278131999933, 0.0 ], [ 123.599874421000095, -10.205278206999935, 0.0 ], [ 123.599826629000063, -10.205298394999943, 0.0 ], [ 123.599787573000071, -10.205338666999978, 0.0 ], [ 123.599759411000036, -10.205360195999958, 0.0 ], [ 123.599729849000028, -10.205375803999971, 0.0 ], [ 123.599691198000073, -10.205374677999941, 0.0 ], [ 123.599646507000102, -10.205373563999956, 0.0 ], [ 123.599605439000015, -10.205372442999931, 0.0 ], [ 123.599566189000029, -10.205373710999936, 0.0 ], [ 123.599541452000039, -10.205385720999971, 0.0 ], [ 123.599498276000077, -10.205387744999939, 0.0 ], [ 123.599458664000053, -10.20535715799997, 0.0 ], [ 123.59943200500004, -10.20534314899993, 0.0 ], [ 123.599321334000024, -10.205420104999973, 0.0 ], [ 123.599126467000019, -10.205587006999963, 0.0 ], [ 123.598559858000044, -10.20547879999998, 0.0 ], [ 123.597857917000056, -10.20534792899997, 0.0 ], [ 123.596946434000074, -10.20535003699996, 0.0 ], [ 123.596463399000072, -10.205395187999954, 0.0 ], [ 123.59633537000002, -10.205393627999968, 0.0 ], [ 123.596250872000041, -10.205419505999942, 0.0 ], [ 123.595807394000076, -10.20561816999998, 0.0 ], [ 123.595746955000095, -10.205661787999929, 0.0 ], [ 123.595665726000107, -10.205761561999964, 0.0 ], [ 123.595388510000021, -10.206071947999931, 0.0 ], [ 123.595279993000077, -10.206380005999961, 0.0 ], [ 123.595278880000023, -10.206597129999977, 0.0 ], [ 123.595317561000115, -10.207134025999949, 0.0 ], [ 123.595340081000018, -10.207553219999966, 0.0 ], [ 123.595343195000055, -10.20766950899997, 0.0 ], [ 123.595341896000036, -10.20774991299993, 0.0 ], [ 123.595341992000044, -10.207801598999936, 0.0 ], [ 123.595337750000112, -10.207859035999945, 0.0 ], [ 123.595329169000024, -10.207920788999957, 0.0 ], [ 123.595319152000116, -10.207989722999969, 0.0 ], [ 123.595306257000061, -10.208070146999944, 0.0 ], [ 123.595300577000103, -10.208133329999953, 0.0 ], [ 123.59532384900001, -10.208177795999973, 0.0 ], [ 123.595367383000053, -10.208206430999951, 0.0 ], [ 123.595384834000015, -10.208237984999926, 0.0 ], [ 123.595389346000047, -10.208325556999966, 0.0 ], [ 123.595437270000048, -10.208377155999926, 0.0 ], [ 123.595519927000055, -10.208399976999942, 0.0 ], [ 123.595596832000069, -10.208447215999968, 0.0 ], [ 123.59566075400005, -10.208527500999935, 0.0 ], [ 123.595728367000106, -10.208644449999952, 0.0 ], [ 123.592961815000081, -10.212368776999938, 0.0 ], [ 123.592693297000096, -10.212485031999961, 0.0 ], [ 123.592152698000064, -10.212758802999929, 0.0 ], [ 123.591631300000017, -10.212965537999935, 0.0 ], [ 123.591191988000105, -10.213148194999974, 0.0 ], [ 123.590931265000108, -10.213239597999973, 0.0 ], [ 123.590506492000031, -10.213446155999975, 0.0 ], [ 123.590308647000029, -10.213575730999935, 0.0 ], [ 123.58991276200004, -10.213729592999925, 0.0 ], [ 123.589705271000071, -10.213868755999954, 0.0 ], [ 123.589530364000098, -10.214254447999963, 0.0 ], [ 123.589429217000088, -10.214423330999978, 0.0 ], [ 123.589288145000069, -10.214556390999974, 0.0 ], [ 123.589176022000061, -10.214667862999931, 0.0 ], [ 123.588886467000066, -10.214844263999964, 0.0 ], [ 123.588665157000037, -10.214984948999927, 0.0 ], [ 123.587674077000088, -10.215879652999945, 0.0 ], [ 123.586926774000062, -10.217159336999941, 0.0 ], [ 123.586533141000018, -10.218149508999943, 0.0 ], [ 123.586478302000046, -10.218279780999978, 0.0 ], [ 123.586459082000033, -10.21833724499993, 0.0 ], [ 123.586438944000065, -10.218421511999964, 0.0 ], [ 123.586401461000037, -10.218531651999967, 0.0 ], [ 123.586370581000097, -10.218553721999967, 0.0 ], [ 123.586300115000085, -10.218593092999981, 0.0 ], [ 123.586256697000067, -10.218628584999976, 0.0 ], [ 123.586202701000047, -10.218691854999975, 0.0 ], [ 123.586157366000066, -10.218735008999943, 0.0 ], [ 123.586131400000113, -10.218803013999946, 0.0 ], [ 123.586086810000097, -10.21891048599997, 0.0 ], [ 123.586044861000119, -10.218956504999937, 0.0 ], [ 123.585981357000037, -10.219104499999958, 0.0 ], [ 123.585945227000025, -10.219161994999979, 0.0 ], [ 123.585906193000028, -10.219216622999966, 0.0 ], [ 123.585886025000036, -10.219284138999967, 0.0 ], [ 123.585867358000087, -10.219380367999975, 0.0 ], [ 123.585841355000071, -10.219427792999966, 0.0 ], [ 123.585788473000093, -10.219452721999971, 0.0 ], [ 123.585756066000044, -10.219463837999967, 0.0 ], [ 123.585615473000075, -10.219464090999963, 0.0 ], [ 123.585556068000074, -10.219475683999974, 0.0 ], [ 123.585472185000071, -10.219576336999978, 0.0 ], [ 123.585365076000016, -10.219656929999928, 0.0 ], [ 123.585255032000077, -10.219718864999948, 0.0 ], [ 123.585185515000035, -10.219749139999976, 0.0 ], [ 123.585142075000022, -10.219772189999958, 0.0 ], [ 123.585100275000059, -10.219900045999964, 0.0 ], [ 123.585024211000018, -10.22008946099993, 0.0 ], [ 123.585081387000059, -10.220151886999929, 0.0 ] ] ] ] } },
{ "type": "Feature", "properties": { "nm_kecamatan": "Maulafa" }, "geometry": { "type": "MultiPolygon", "coordinates": [ [ [ [ 123.622077000000104, -10.230176, 0.0 ], [ 123.621963355000048, -10.230070182999953, 0.0 ], [ 123.621906921000118, -10.230062628999974, 0.0 ], [ 123.62173236600006, -10.23019813999997, 0.0 ], [ 123.621726655000089, -10.230202573999975, 0.0 ], [ 123.62156084500009, -10.230331295999974, 0.0 ], [ 123.62151, -10.230359997999926, 0.0 ], [ 123.621070191000058, -10.230747627999961, 0.0 ], [ 123.621039992000078, -10.231110005999938, 0.0 ], [ 123.620999993000055, -10.231210005999969, 0.0 ], [ 123.620969993000017, -10.231280005999963, 0.0 ], [ 123.62089999300008, -10.231300005999969, 0.0 ], [ 123.620689993000042, -10.231300005999969, 0.0 ], [ 123.620528142000012, -10.231219080999949, 0.0 ], [ 123.620519193000064, -10.231259145999957, 0.0 ], [ 123.620517992000032, -10.231264056999976, 0.0 ], [ 123.620517306000011, -10.231266863999963, 0.0 ], [ 123.620501554000043, -10.231311197999958, 0.0 ], [ 123.620499009000014, -10.231341706999956, 0.0 ], [ 123.620489977000034, -10.231450006999978, 0.0 ], [ 123.620419993000041, -10.231550005999964, 0.0 ], [ 123.620369992000064, -10.231600005999951, 0.0 ], [ 123.620289993000029, -10.231679990999965, 0.0 ], [ 123.620239993000041, -10.23184000599997, 0.0 ], [ 123.620219993000092, -10.23193000599997, 0.0 ], [ 123.620199057000036, -10.231948615999954, 0.0 ], [ 123.620129993000091, -10.232010006999928, 0.0 ], [ 123.619939993000116, -10.232160005999958, 0.0 ], [ 123.619819993000078, -10.232290005999971, 0.0 ], [ 123.619709993000015, -10.232450005999965, 0.0 ], [ 123.619558743000084, -10.232592364999959, 0.0 ], [ 123.619539993000103, -10.232610005999959, 0.0 ], [ 123.619369993000078, -10.232720005999965, 0.0 ], [ 123.619272804000047, -10.232737449999945, 0.0 ], [ 123.619235367000101, -10.232744168999943, 0.0 ], [ 123.619000330000063, -10.232786353999927, 0.0 ], [ 123.619303423000019, -10.233150684999941, 0.0 ], [ 123.618995793000067, -10.233348682999974, 0.0 ], [ 123.61891497900001, -10.233408059999931, 0.0 ], [ 123.618842672000028, -10.233494340999925, 0.0 ], [ 123.618669014000034, -10.233638243999962, 0.0 ], [ 123.618567731000098, -10.233731758999966, 0.0 ], [ 123.618430212000021, -10.233825342999978, 0.0 ], [ 123.618256455000051, -10.233918994999954, 0.0 ], [ 123.618162309000013, -10.233955067999943, 0.0 ], [ 123.618068176000065, -10.233998317999976, 0.0 ], [ 123.617966769000077, -10.234027224999977, 0.0 ], [ 123.617894337000052, -10.234048898999959, 0.0 ], [ 123.617792929000075, -10.234077805999959, 0.0 ], [ 123.617691563000108, -10.23412824899998, 0.0 ], [ 123.617597402000115, -10.234157141999958, 0.0 ], [ 123.617582977000097, -10.234193061999974, 0.0 ], [ 123.617568621000032, -10.234264875999941, 0.0 ], [ 123.61758351800006, -10.234473028999957, 0.0 ], [ 123.617613063000022, -10.23476011899993, 0.0 ], [ 123.617748872000107, -10.234896283999944, 0.0 ], [ 123.618038889000104, -10.235002777999966, 0.0 ], [ 123.618419444000097, -10.235352777999935, 0.0 ], [ 123.620997973000044, -10.237862778999954, 0.0 ], [ 123.621058543000117, -10.237910762999945, 0.0 ], [ 123.622830158000056, -10.23931424999995, 0.0 ], [ 123.622878938000099, -10.239302706999979, 0.0 ], [ 123.624725415000057, -10.238865757999974, 0.0 ], [ 123.625487878000058, -10.238685325999938, 0.0 ], [ 123.62595684300004, -10.238599930999953, 0.0 ], [ 123.626224278000109, -10.238536221999937, 0.0 ], [ 123.626517981, -10.239513511999974, 0.0 ], [ 123.626527409000118, -10.23954078099996, 0.0 ], [ 123.626535031000117, -10.23956282599994, 0.0 ], [ 123.627493901000094, -10.242336164999926, 0.0 ], [ 123.625411937000081, -10.243252230999929, 0.0 ], [ 123.625339992000022, -10.243540005999932, 0.0 ], [ 123.625329992000047, -10.243610005999926, 0.0 ], [ 123.625309994000077, -10.243750005999971, 0.0 ], [ 123.625289993000024, -10.243970006999973, 0.0 ], [ 123.625173305000089, -10.244336739999937, 0.0 ], [ 123.625079993000099, -10.244630005999966, 0.0 ], [ 123.625059992000047, -10.244710004999945, 0.0 ], [ 123.625039993000087, -10.244740005999972, 0.0 ], [ 123.624999993000074, -10.244820021999942, 0.0 ], [ 123.624999941000056, -10.24482011799995, 0.0 ], [ 123.624939993000112, -10.244930006999937, 0.0 ], [ 123.624729994000063, -10.24551000699995, 0.0 ], [ 123.624639993000073, -10.24575000599998, 0.0 ], [ 123.624569993000023, -10.245870006999951, 0.0 ], [ 123.624549993000073, -10.24593000599998, 0.0 ], [ 123.624459993000073, -10.246120005999956, 0.0 ], [ 123.624299993000022, -10.246360005999975, 0.0 ], [ 123.62425999300001, -10.24646000599995, 0.0 ], [ 123.624160008000104, -10.246620006999933, 0.0 ], [ 123.624099993000073, -10.246749989999955, 0.0 ], [ 123.624029993000022, -10.24682000599995, 0.0 ], [ 123.623958107000021, -10.246921637999947, 0.0 ], [ 123.623827327000072, -10.247106532999965, 0.0 ], [ 123.623739992000083, -10.247230005999938, 0.0 ], [ 123.623619993000034, -10.24742000599997, 0.0 ], [ 123.623519993000059, -10.247550005999926, 0.0 ], [ 123.623449993, -10.247710005999977, 0.0 ], [ 123.623429993000059, -10.247780005999971, 0.0 ], [ 123.623409993000109, -10.248050021999973, 0.0 ], [ 123.623379993000071, -10.248190004999969, 0.0 ], [ 123.623349993000033, -10.248320006999961, 0.0 ], [ 123.623169993000033, -10.249100005999935, 0.0 ], [ 123.622979993000058, -10.249900005999962, 0.0 ], [ 123.62294999300002, -10.250000006999926, 0.0 ], [ 123.622949887000118, -10.250000386999943, 0.0 ], [ 123.622849993000045, -10.250360005999937, 0.0 ], [ 123.622689993000108, -10.250660006999965, 0.0 ], [ 123.62265999300007, -10.250710005999963, 0.0 ], [ 123.622439992000068, -10.251080005999938, 0.0 ], [ 123.622529993000057, -10.251140006999947, 0.0 ], [ 123.622719993000032, -10.251280022999936, 0.0 ], [ 123.622919993000096, -10.251400004999937, 0.0 ], [ 123.623089992000018, -10.251560005999977, 0.0 ], [ 123.62310831100001, -10.251614961999962, 0.0 ], [ 123.623119993000046, -10.251650005999977, 0.0 ], [ 123.623169993000033, -10.251699989999963, 0.0 ], [ 123.623389993000046, -10.25181000699996, 0.0 ], [ 123.623469992000082, -10.251840006999942, 0.0 ], [ 123.623599993000084, -10.251860005999959, 0.0 ], [ 123.623789994000049, -10.251870005999933, 0.0 ], [ 123.62396999300006, -10.251870005999933, 0.0 ], [ 123.62403999300011, -10.251919990999966, 0.0 ], [ 123.624139993000085, -10.252010005999978, 0.0 ], [ 123.624299993000022, -10.252050005999934, 0.0 ], [ 123.624479993000023, -10.252120005999927, 0.0 ], [ 123.624719993000099, -10.252300006999974, 0.0 ], [ 123.624999984000056, -10.252450000999943, 0.0 ], [ 123.625017071000116, -10.252460192999933, 0.0 ], [ 123.625226149000014, -10.252508724999927, 0.0 ], [ 123.625321134000046, -10.252541458999929, 0.0 ], [ 123.625706837000052, -10.252728318999971, 0.0 ], [ 123.625987962000067, -10.252787427999976, 0.0 ], [ 123.626010633000078, -10.252848896999978, 0.0 ], [ 123.626050524000107, -10.252923990999932, 0.0 ], [ 123.626107086000047, -10.253030474999946, 0.0 ], [ 123.626164415000062, -10.253095536999979, 0.0 ], [ 123.626420587000098, -10.253167332999965, 0.0 ], [ 123.626629415000025, -10.253250458999958, 0.0 ], [ 123.626741837000054, -10.253349459999981, 0.0 ], [ 123.626854946000094, -10.253559786999972, 0.0 ], [ 123.627014024000118, -10.25377231799996, 0.0 ], [ 123.627149602000031, -10.253878912999937, 0.0 ], [ 123.627213914000095, -10.25389230299993, 0.0 ], [ 123.627211716000033, -10.253946689999964, 0.0 ], [ 123.627209900000025, -10.253991615999951, 0.0 ], [ 123.627289836000045, -10.254243536999979, 0.0 ], [ 123.627354539000066, -10.254553333999979, 0.0 ], [ 123.627359269000067, -10.254575984999974, 0.0 ], [ 123.627380799000093, -10.25467907999996, 0.0 ], [ 123.627439416000016, -10.25495977199995, 0.0 ], [ 123.627461946000039, -10.255099067999936, 0.0 ], [ 123.627533305000043, -10.255511942999931, 0.0 ], [ 123.627724337000018, -10.255676255999958, 0.0 ], [ 123.627644384000064, -10.255771208999931, 0.0 ], [ 123.627537493000091, -10.255901115999961, 0.0 ], [ 123.627527962000045, -10.25597013099997, 0.0 ], [ 123.627476992000084, -10.256410865999953, 0.0 ], [ 123.62745429000006, -10.256560896999929, 0.0 ], [ 123.627508102000093, -10.256818459999977, 0.0 ], [ 123.627569243000039, -10.25717403699997, 0.0 ], [ 123.627597758000093, -10.257320005999929, 0.0 ], [ 123.627662274000045, -10.257377052999971, 0.0 ], [ 123.627681353000071, -10.25739544399994, 0.0 ], [ 123.627788118000012, -10.257400896999968, 0.0 ], [ 123.628354931000104, -10.257441754999945, 0.0 ], [ 123.628417711000111, -10.257371193999973, 0.0 ], [ 123.628484978000074, -10.257264771999928, 0.0 ], [ 123.62881432100005, -10.257085489999952, 0.0 ], [ 123.62883449200001, -10.257010865999973, 0.0 ], [ 123.628840899000011, -10.256924787999935, 0.0 ], [ 123.628800071000114, -10.256856880999976, 0.0 ], [ 123.62865802400006, -10.256687803999966, 0.0 ], [ 123.628719572000023, -10.256567301999951, 0.0 ], [ 123.628793696000116, -10.25650014799993, 0.0 ], [ 123.628901774000042, -10.256455271999926, 0.0 ], [ 123.629026055000054, -10.256458051999971, 0.0 ], [ 123.629278165000073, -10.256523005999952, 0.0 ], [ 123.629345907000015, -10.256553594999957, 0.0 ], [ 123.62954374200001, -10.256642927999962, 0.0 ], [ 123.629633946000013, -10.256722692999972, 0.0 ], [ 123.629735899000025, -10.25671542799995, 0.0 ], [ 123.62979559900009, -10.256701823999947, 0.0 ], [ 123.631764573000055, -10.258274168999947, 0.0 ], [ 123.631865118000064, -10.258233224999969, 0.0 ], [ 123.631982477000065, -10.258353818999979, 0.0 ], [ 123.632063989000017, -10.258513266999955, 0.0 ], [ 123.632070525000017, -10.258526052999969, 0.0 ], [ 123.632105915000011, -10.258616348999965, 0.0 ], [ 123.6325891030001, -10.258804146999978, 0.0 ], [ 123.632671868000102, -10.258861474999946, 0.0 ], [ 123.632785883000111, -10.259223661999954, 0.0 ], [ 123.632919165000089, -10.259460615999956, 0.0 ], [ 123.633089509000115, -10.259574787999952, 0.0 ], [ 123.633210618000021, -10.259621396999933, 0.0 ], [ 123.633573728000101, -10.259803973999965, 0.0 ], [ 123.633678743000019, -10.259868630999961, 0.0 ], [ 123.633735008000031, -10.260001240999941, 0.0 ], [ 123.633751181000093, -10.260061974999928, 0.0 ], [ 123.633928571000069, -10.260144131999937, 0.0 ], [ 123.633995946000027, -10.260250740999936, 0.0 ], [ 123.634024946000068, -10.260533959999975, 0.0 ], [ 123.634025009000084, -10.260656786999959, 0.0 ], [ 123.634071228000039, -10.260778739999978, 0.0 ], [ 123.634154821000038, -10.261017084999935, 0.0 ], [ 123.634208977000071, -10.261266380999928, 0.0 ], [ 123.634237087000088, -10.261632411999926, 0.0 ], [ 123.634274274000063, -10.261713881999981, 0.0 ], [ 123.634426055000063, -10.261830943999939, 0.0 ], [ 123.634528914000043, -10.261881848999963, 0.0 ], [ 123.63458804000004, -10.261975661999941, 0.0 ], [ 123.634635899000045, -10.26203967899994, 0.0 ], [ 123.6348318900001, -10.262059086999955, 0.0 ], [ 123.634904118, -10.262066239999967, 0.0 ], [ 123.63504213300007, -10.262083255999926, 0.0 ], [ 123.635142165000047, -10.262186364999934, 0.0 ], [ 123.635473008000076, -10.262527427999942, 0.0 ], [ 123.635660165000104, -10.262660958999959, 0.0 ], [ 123.63571425900011, -10.262673192999955, 0.0 ], [ 123.63590488400007, -10.262610130999974, 0.0 ], [ 123.636090508000052, -10.262610396999946, 0.0 ], [ 123.636180430000081, -10.262659505999977, 0.0 ], [ 123.636223493000102, -10.262736287999928, 0.0 ], [ 123.636202306000087, -10.262904162999973, 0.0 ], [ 123.636140743000055, -10.263220755999953, 0.0 ], [ 123.63609688400004, -10.263375599999961, 0.0 ], [ 123.63600627400001, -10.263484177999942, 0.0 ], [ 123.635895383000047, -10.263578459999962, 0.0 ], [ 123.635818415000017, -10.26373227199997, 0.0 ], [ 123.635798915, -10.263927053999964, 0.0 ], [ 123.635827946000063, -10.264066880999962, 0.0 ], [ 123.635893681000084, -10.264141646999974, 0.0 ], [ 123.635987602000114, -10.264170646999958, 0.0 ], [ 123.636178399000073, -10.264363255999967, 0.0 ], [ 123.636350259000096, -10.264405849999946, 0.0 ], [ 123.63642422700002, -10.264407287999973, 0.0 ], [ 123.636490790000039, -10.264477974999977, 0.0 ], [ 123.636655337000093, -10.264696833999949, 0.0 ], [ 123.636782946000039, -10.264829693999957, 0.0 ], [ 123.637035930000025, -10.264878755999973, 0.0 ], [ 123.637156774000118, -10.264921817999948, 0.0 ], [ 123.637451508000026, -10.265343131999941, 0.0 ], [ 123.637513400000103, -10.265449349999926, 0.0 ], [ 123.637610571000096, -10.265522099999941, 0.0 ], [ 123.637708477000047, -10.265618193999956, 0.0 ], [ 123.637611946000106, -10.265724302999956, 0.0 ], [ 123.6375815560001, -10.26576872499993, 0.0 ], [ 123.637633962000109, -10.265834411999947, 0.0 ], [ 123.638042805000055, -10.266338349999955, 0.0 ], [ 123.638071884000055, -10.26639669399998, 0.0 ], [ 123.637988446, -10.266461224999944, 0.0 ], [ 123.637951899000086, -10.266490895999937, 0.0 ], [ 123.637957540000116, -10.266571349999936, 0.0 ], [ 123.638072946000079, -10.266813896999963, 0.0 ], [ 123.638028493000093, -10.26687045999995, 0.0 ], [ 123.638032681000027, -10.266921177999961, 0.0 ], [ 123.638108274000047, -10.26696411599994, 0.0 ], [ 123.638354399000036, -10.266952880999952, 0.0 ], [ 123.638468399000089, -10.266908395999963, 0.0 ], [ 123.638587977000043, -10.266822474999969, 0.0 ], [ 123.638847368000029, -10.266668912999933, 0.0 ], [ 123.63897505500006, -10.266595458999973, 0.0 ], [ 123.639051993000066, -10.266599724999935, 0.0 ], [ 123.639179853000087, -10.266662599999961, 0.0 ], [ 123.639419696000118, -10.266788302999942, 0.0 ], [ 123.639679930000057, -10.26686839599995, 0.0 ], [ 123.639895461000037, -10.266919395999935, 0.0 ], [ 123.640119446000085, -10.267048848999934, 0.0 ], [ 123.640182696000011, -10.267119240999932, 0.0 ], [ 123.640270242000042, -10.267172380999966, 0.0 ], [ 123.640301462000025, -10.267177802999981, 0.0 ], [ 123.640216037000073, -10.267244816999948, 0.0 ], [ 123.639374962000034, -10.267290848999949, 0.0 ], [ 123.639129868000055, -10.267263568999965, 0.0 ], [ 123.638561524000011, -10.267311599999971, 0.0 ], [ 123.638476259000072, -10.267322615999944, 0.0 ], [ 123.63821185200004, -10.267340802999968, 0.0 ], [ 123.638157819000071, -10.267340558999933, 0.0 ], [ 123.63801143, -10.267339896999943, 0.0 ], [ 123.637594461000049, -10.267507646999945, 0.0 ], [ 123.637456649000114, -10.26761745899995, 0.0 ], [ 123.637400774000071, -10.267675122999947, 0.0 ], [ 123.63742, -10.267816, 0.0 ], [ 123.637682108000035, -10.267949846999954, 0.0 ], [ 123.638755060000108, -10.268062593999957, 0.0 ], [ 123.638727501000062, -10.268412525999963, 0.0 ], [ 123.638722222000069, -10.26841666699994, 0.0 ], [ 123.63775, -10.269, 0.0 ], [ 123.63769444400009, -10.269, 0.0 ], [ 123.637472439000021, -10.269114159999958, 0.0 ], [ 123.637507959000118, -10.269315440999947, 0.0 ], [ 123.637652045000095, -10.270131928999945, 0.0 ], [ 123.637763808000045, -10.270765252999979, 0.0 ], [ 123.638222222000081, -10.271805555999947, 0.0 ], [ 123.6375, -10.271888888999968, 0.0 ], [ 123.637444930000015, -10.271869953999953, 0.0 ], [ 123.636409173000061, -10.272642489999953, 0.0 ], [ 123.635540111000068, -10.273007909999933, 0.0 ], [ 123.635231426000018, -10.273295658999928, 0.0 ], [ 123.634729607000054, -10.273660357999972, 0.0 ], [ 123.634170144000109, -10.274197454999978, 0.0 ], [ 123.633786163000082, -10.275499926999942, 0.0 ], [ 123.633748840000067, -10.276170003999937, 0.0 ], [ 123.633518648000063, -10.277051029999939, 0.0 ], [ 123.633346213000095, -10.277817084999981, 0.0 ], [ 123.633264165000014, -10.27791883499998, 0.0 ], [ 123.633206349000034, -10.278048128999956, 0.0 ], [ 123.633200758000044, -10.278061443999945, 0.0 ], [ 123.633159805000105, -10.278192317999981, 0.0 ], [ 123.633090697000057, -10.278338412999972, 0.0 ], [ 123.633042009000064, -10.278482896999947, 0.0 ], [ 123.633046024, -10.278589989999944, 0.0 ], [ 123.632976181000117, -10.278692177999972, 0.0 ], [ 123.632958025000107, -10.278746818999934, 0.0 ], [ 123.63289927400001, -10.278916068999933, 0.0 ], [ 123.632837727000037, -10.279199474999928, 0.0 ], [ 123.632776165000109, -10.27948289699998, 0.0 ], [ 123.632786821000082, -10.279722677999928, 0.0 ], [ 123.632843790000038, -10.279821709999965, 0.0 ], [ 123.632867633000046, -10.279912255999932, 0.0 ], [ 123.632840446000046, -10.279977036999981, 0.0 ], [ 123.632761634000076, -10.280195599999956, 0.0 ], [ 123.632736993000094, -10.280274224999971, 0.0 ], [ 123.632661337000059, -10.280435771999976, 0.0 ], [ 123.632663461000107, -10.280796521999946, 0.0 ], [ 123.632765712000037, -10.281209599999954, 0.0 ], [ 123.632830821000084, -10.281362755999965, 0.0 ], [ 123.632827805000034, -10.281482646999962, 0.0 ], [ 123.632872697000039, -10.281555333999961, 0.0 ], [ 123.63308552400008, -10.281807865999951, 0.0 ], [ 123.63316528900009, -10.281932974999961, 0.0 ], [ 123.633211681000034, -10.282144989999949, 0.0 ], [ 123.633219978000056, -10.282213990999935, 0.0 ], [ 123.633269649000113, -10.282353974999978, 0.0 ], [ 123.633423540000081, -10.282711052999957, 0.0 ], [ 123.633388492000108, -10.282807802999969, 0.0 ], [ 123.633375759000046, -10.282867771999975, 0.0 ], [ 123.633404196000015, -10.282947927999942, 0.0 ], [ 123.633488743000044, -10.28307039699996, 0.0 ], [ 123.633603258000107, -10.283133255999928, 0.0 ], [ 123.633693993000065, -10.283187115999965, 0.0 ], [ 123.633883759000014, -10.283377364999978, 0.0 ], [ 123.6339383830001, -10.283418818999962, 0.0 ], [ 123.634066305000033, -10.283524161999935, 0.0 ], [ 123.634587275000058, -10.283954177999931, 0.0 ], [ 123.634699290000071, -10.284027177999974, 0.0 ], [ 123.634779305000052, -10.284092021999982, 0.0 ], [ 123.634641798000075, -10.28421885399996, 0.0 ], [ 123.63457964700001, -10.284276180999939, 0.0 ], [ 123.634543699000119, -10.284309337999957, 0.0 ], [ 123.634303899000088, -10.284530521999955, 0.0 ], [ 123.634257306000109, -10.284675927999956, 0.0 ], [ 123.634197650000033, -10.284684506999952, 0.0 ], [ 123.634018352000112, -10.28478275599997, 0.0 ], [ 123.633852400000023, -10.284974490999957, 0.0 ], [ 123.633760462000055, -10.285171224999942, 0.0 ], [ 123.63366777400006, -10.285251567999978, 0.0 ], [ 123.633572571000059, -10.285276771999975, 0.0 ], [ 123.633522946000085, -10.285279646999982, 0.0 ], [ 123.63334016500005, -10.285290255999939, 0.0 ], [ 123.633168571000056, -10.285327506999977, 0.0 ], [ 123.632995727000093, -10.285431661999951, 0.0 ], [ 123.632646899000065, -10.285716911999941, 0.0 ], [ 123.632527852000067, -10.285797084999956, 0.0 ], [ 123.632312334000062, -10.285950157999935, 0.0 ], [ 123.632218368000053, -10.286016896999968, 0.0 ], [ 123.632044102, -10.286063677999948, 0.0 ], [ 123.631741196, -10.286072271999956, 0.0 ], [ 123.631532446000051, -10.286078974999953, 0.0 ], [ 123.631419923000067, -10.286076984999966, 0.0 ], [ 123.630657853000116, -10.286063506999938, 0.0 ], [ 123.630364883000084, -10.28606130299994, 0.0 ], [ 123.630345724000108, -10.286055893999958, 0.0 ], [ 123.630222113000059, -10.28602099699998, 0.0 ], [ 123.630073430000039, -10.285979021999935, 0.0 ], [ 123.629886865000117, -10.285888244999967, 0.0 ], [ 123.629784868000115, -10.285838615999978, 0.0 ], [ 123.629475337000031, -10.285720990999948, 0.0 ], [ 123.629308953000077, -10.285720890999926, 0.0 ], [ 123.629083712000011, -10.285720755999932, 0.0 ], [ 123.628859290000037, -10.285720630999947, 0.0 ], [ 123.628641242000072, -10.285813036999969, 0.0 ], [ 123.628109712000082, -10.286062021999953, 0.0 ], [ 123.62794228700011, -10.286100959999942, 0.0 ], [ 123.627702211000042, -10.286156794999954, 0.0 ], [ 123.62768424300009, -10.286160973999927, 0.0 ], [ 123.627158337000083, -10.286170302999949, 0.0 ], [ 123.627119125000036, -10.286218365999957, 0.0 ], [ 123.627074008000022, -10.286273665999943, 0.0 ], [ 123.626989712000068, -10.286376989999951, 0.0 ], [ 123.626760008000019, -10.286794787999952, 0.0 ], [ 123.626738295000109, -10.286836990999973, 0.0 ], [ 123.626666477000072, -10.286976584999934, 0.0 ], [ 123.62658224900008, -10.287035310999954, 0.0 ], [ 123.626491206000082, -10.286912049999955, 0.0 ], [ 123.623979795000082, -10.285311847999935, 0.0 ], [ 123.623409416000072, -10.28478804599996, 0.0 ], [ 123.623286891000021, -10.284549603999949, 0.0 ], [ 123.62159404800002, -10.281960593999941, 0.0 ], [ 123.619176515000049, -10.278400919999967, 0.0 ], [ 123.617368125000098, -10.275031602999945, 0.0 ], [ 123.616302126000051, -10.272461784999962, 0.0 ], [ 123.615864306000049, -10.270957965999969, 0.0 ], [ 123.615464556, -10.269244753999942, 0.0 ], [ 123.615007700000092, -10.268369111999959, 0.0 ], [ 123.614367625000114, -10.267031854999971, 0.0 ], [ 123.614224031000049, -10.266367646999981, 0.0 ], [ 123.613294411000084, -10.263992676999976, 0.0 ], [ 123.613312253000117, -10.263847873999964, 0.0 ], [ 123.61333383200008, -10.263761688999978, 0.0 ], [ 123.613321600000063, -10.263682746999962, 0.0 ], [ 123.613326228000119, -10.263577451999936, 0.0 ], [ 123.613340466000068, -10.263443422999956, 0.0 ], [ 123.613366780000092, -10.263306978999935, 0.0 ], [ 123.613359408000065, -10.263242384999955, 0.0 ], [ 123.613318087000039, -10.263113247999968, 0.0 ], [ 123.613197065, -10.262998617999926, 0.0 ], [ 123.61311227300007, -10.262879133999945, 0.0 ], [ 123.612971491000053, -10.262539610999966, 0.0 ], [ 123.612942375000102, -10.26247505799995, 0.0 ], [ 123.612893368000073, -10.262118610999948, 0.0 ], [ 123.612893290000102, -10.262077932999944, 0.0 ], [ 123.612915002000022, -10.262061140999947, 0.0 ], [ 123.612965706000068, -10.262044294999953, 0.0 ], [ 123.613204785000107, -10.261988807999955, 0.0 ], [ 123.613325502000066, -10.26194550799994, 0.0 ], [ 123.613438902000098, -10.261866328999929, 0.0 ], [ 123.613602993000086, -10.261763124999959, 0.0 ], [ 123.613618394000014, -10.261731509999947, 0.0 ], [ 123.613617314000066, -10.261672167999961, 0.0 ], [ 123.613565707000021, -10.261471263999965, 0.0 ], [ 123.613564659000076, -10.261429150999959, 0.0 ], [ 123.613577156000019, -10.261394669999959, 0.0 ], [ 123.61360611300006, -10.261376429999927, 0.0 ], [ 123.613622240000041, -10.261374049999972, 0.0 ], [ 123.613738163000107, -10.261354672999971, 0.0 ], [ 123.613747747000048, -10.261318607999954, 0.0 ], [ 123.613748162000093, -10.261317044999942, 0.0 ], [ 123.613751646000082, -10.261289010999974, 0.0 ], [ 123.613753872000075, -10.261271090999969, 0.0 ], [ 123.613729068000112, -10.261187864999954, 0.0 ], [ 123.613730405000069, -10.261128997999947, 0.0 ], [ 123.613731768000093, -10.261084486999948, 0.0 ], [ 123.613740297000049, -10.26099689199998, 0.0 ], [ 123.613725704000103, -10.260946668999964, 0.0 ], [ 123.613705307000032, -10.260893584999963, 0.0 ], [ 123.613693639000076, -10.260856277999949, 0.0 ], [ 123.61367035100011, -10.260807507999971, 0.0 ], [ 123.613636884000016, -10.260741527999926, 0.0 ], [ 123.613577298000109, -10.260662674999935, 0.0 ], [ 123.613436421000074, -10.260525110999936, 0.0 ], [ 123.613331893, -10.260443471999963, 0.0 ], [ 123.613265123000019, -10.260397654999963, 0.0 ], [ 123.613191088, -10.260343236999972, 0.0 ], [ 123.613112727000043, -10.260300312999959, 0.0 ], [ 123.613000956000064, -10.260221558999945, 0.0 ], [ 123.612890652000033, -10.260151416999975, 0.0 ], [ 123.612771860000066, -10.260065257999941, 0.0 ], [ 123.612723527000071, -10.260058169999979, 0.0 ], [ 123.61269453500006, -10.260058223999977, 0.0 ], [ 123.612643822000109, -10.260070284999927, 0.0 ], [ 123.612595530000021, -10.260084733999975, 0.0 ], [ 123.612549598000101, -10.260070462999977, 0.0 ], [ 123.612510911000072, -10.260053785999958, 0.0 ], [ 123.612460133000013, -10.260032344999956, 0.0 ], [ 123.612404570000081, -10.260034842999971, 0.0 ], [ 123.612346605000084, -10.260044522999976, 0.0 ], [ 123.612293498000099, -10.26006855299994, 0.0 ], [ 123.612242791000085, -10.260083005999945, 0.0 ], [ 123.612175138000111, -10.260080739999978, 0.0 ], [ 123.612121991000095, -10.260083232999932, 0.0 ], [ 123.612051977000078, -10.260109686999954, 0.0 ], [ 123.611873290000062, -10.260160273999929, 0.0 ], [ 123.611696932000086, -10.260165391999976, 0.0 ], [ 123.611634084000116, -10.260148760999925, 0.0 ], [ 123.611515664000081, -10.260129839999934, 0.0 ], [ 123.611439306000079, -10.260118978999969, 0.0 ], [ 123.611349639000082, -10.260106223999969, 0.0 ], [ 123.611133614000096, -10.260087965999958, 0.0 ], [ 123.611084305000077, -10.260076572999935, 0.0 ], [ 123.611037880000026, -10.260056559999953, 0.0 ], [ 123.610975503000077, -10.260033705999945, 0.0 ], [ 123.610871127000109, -10.260031030999926, 0.0 ], [ 123.610749342000076, -10.260021208999945, 0.0 ], [ 123.610702960000026, -10.260024167999973, 0.0 ], [ 123.610647914000083, -10.260044371999982, 0.0 ], [ 123.610597208000058, -10.260060260999978, 0.0 ], [ 123.610501623000118, -10.260106383999926, 0.0 ], [ 123.610349520000113, -10.260161226999969, 0.0 ], [ 123.610146678000092, -10.260214730999962, 0.0 ], [ 123.610019193000085, -10.260256605999928, 0.0 ], [ 123.609955342000035, -10.260220832999948, 0.0 ], [ 123.60987982600011, -10.260149187999957, 0.0 ], [ 123.609746131000065, -10.259975715999929, 0.0 ], [ 123.609619760000101, -10.259842429999935, 0.0 ], [ 123.609525262000034, -10.259699034999926, 0.0 ], [ 123.609458372000063, -10.259590043999935, 0.0 ], [ 123.609398768000119, -10.25950114099993, 0.0 ], [ 123.609327535000034, -10.25939503099994, 0.0 ], [ 123.609173364000071, -10.259126838999975, 0.0 ], [ 123.609003202000054, -10.25883426799993, 0.0 ], [ 123.60885789800011, -10.258653638999931, 0.0 ], [ 123.608723919000113, -10.25843939799995, 0.0 ], [ 123.608708132000061, -10.258414152999933, 0.0 ], [ 123.608611192000012, -10.258256881999955, 0.0 ], [ 123.608503577000079, -10.258076181999968, 0.0 ], [ 123.608364976000075, -10.257862995999972, 0.0 ], [ 123.608304947000079, -10.257780758999957, 0.0 ], [ 123.608257574000049, -10.25770065699993, 0.0 ], [ 123.608226371000114, -10.25764789699997, 0.0 ], [ 123.608106200000066, -10.257471047999957, 0.0 ], [ 123.608000615000037, -10.257341072999964, 0.0 ], [ 123.607877541000107, -10.257161357999962, 0.0 ], [ 123.607804901, -10.257077264999964, 0.0 ], [ 123.607721633000097, -10.256994147999933, 0.0 ], [ 123.60757534600009, -10.256804904999967, 0.0 ], [ 123.607456202000094, -10.256658683999945, 0.0 ], [ 123.607280930000115, -10.256472365999969, 0.0 ], [ 123.607206365000025, -10.256392104999975, 0.0 ], [ 123.607171193000113, -10.256323599999973, 0.0 ], [ 123.607084224000118, -10.256327351999971, 0.0 ], [ 123.606977895000114, -10.256313193999972, 0.0 ], [ 123.606877545000089, -10.256267915999956, 0.0 ], [ 123.606690081000011, -10.256148621999955, 0.0 ], [ 123.606492897000066, -10.256000630999949, 0.0 ], [ 123.606369519000054, -10.255914717999929, 0.0 ], [ 123.606305198000086, -10.255879595999943, 0.0 ], [ 123.606166106000046, -10.255789301999926, 0.0 ], [ 123.605540568000038, -10.25303839399993, 0.0 ], [ 123.605016571000078, -10.250201625999978, 0.0 ], [ 123.604660790000025, -10.249228998999968, 0.0 ], [ 123.604241382000055, -10.248505519999981, 0.0 ], [ 123.603755972000044, -10.247620360999974, 0.0 ], [ 123.602899366000088, -10.246506772999965, 0.0 ], [ 123.601299542000106, -10.244589678999944, 0.0 ], [ 123.600230119000116, -10.242132906999927, 0.0 ], [ 123.599484985000117, -10.24098142899993, 0.0 ], [ 123.599181765000026, -10.240539057999968, 0.0 ], [ 123.598701997000035, -10.239960875999941, 0.0 ], [ 123.59838771200009, -10.239369680999971, 0.0 ], [ 123.598159322000015, -10.238332734999972, 0.0 ], [ 123.59750004700004, -10.235883624999929, 0.0 ], [ 123.59738624900001, -10.235747439999955, 0.0 ], [ 123.597303936000117, -10.235654267999962, 0.0 ], [ 123.5972119380001, -10.23554914999994, 0.0 ], [ 123.59712236900009, -10.235451205999937, 0.0 ], [ 123.596956176000049, -10.23528719899997, 0.0 ], [ 123.596284099000059, -10.234908272999974, 0.0 ], [ 123.596050916000081, -10.234714137999958, 0.0 ], [ 123.596050625000089, -10.23471389499997, 0.0 ], [ 123.595701983000026, -10.234423635999974, 0.0 ], [ 123.59558582000011, -10.234397512999976, 0.0 ], [ 123.595449862, -10.234352899999976, 0.0 ], [ 123.594169401000045, -10.233530887999962, 0.0 ], [ 123.593254629000057, -10.23267111499996, 0.0 ], [ 123.592164834000073, -10.231223004999947, 0.0 ], [ 123.591538735000086, -10.229766716999961, 0.0 ], [ 123.590936219000014, -10.228613559999928, 0.0 ], [ 123.590850752000051, -10.228380168999934, 0.0 ], [ 123.59081664200005, -10.228329196999937, 0.0 ], [ 123.590787839000086, -10.22834316999996, 0.0 ], [ 123.590741494000099, -10.228363354999942, 0.0 ], [ 123.590463392000061, -10.228468667999948, 0.0 ], [ 123.59014680700011, -10.228598345999956, 0.0 ], [ 123.589923295000062, -10.228697749999981, 0.0 ], [ 123.589876023000102, -10.228721615999973, 0.0 ], [ 123.589869346000114, -10.228709066999954, 0.0 ], [ 123.589607122000075, -10.228249738999978, 0.0 ], [ 123.589607108000109, -10.228249714999947, 0.0 ], [ 123.589284507000116, -10.227688802999978, 0.0 ], [ 123.589117417000011, -10.227380495999967, 0.0 ], [ 123.588967209000089, -10.227103341999964, 0.0 ], [ 123.588923815000044, -10.227023273999976, 0.0 ], [ 123.58887750100007, -10.226939868999978, 0.0 ], [ 123.588455626000041, -10.226180137999961, 0.0 ], [ 123.588400275000026, -10.226080460999981, 0.0 ], [ 123.588328445000116, -10.225904473999947, 0.0 ], [ 123.588303173000099, -10.225824117999935, 0.0 ], [ 123.58829533100004, -10.22576287399994, 0.0 ], [ 123.588324143000023, -10.225667105999946, 0.0 ], [ 123.588351111000065, -10.225619199999926, 0.0 ], [ 123.58840710700008, -10.225592297999981, 0.0 ], [ 123.588468904000024, -10.225567299999966, 0.0 ], [ 123.588726414, -10.225562527999955, 0.0 ], [ 123.58895593200009, -10.225574077999966, 0.0 ], [ 123.588978834000045, -10.225574568999946, 0.0 ], [ 123.589068875000066, -10.225576498999942, 0.0 ], [ 123.589068910000037, -10.225576499999931, 0.0 ], [ 123.589068757000064, -10.225544849999949, 0.0 ], [ 123.589077813000017, -10.225517699999955, 0.0 ], [ 123.58908382900006, -10.225499666999951, 0.0 ], [ 123.589083790000018, -10.225478384999974, 0.0 ], [ 123.589083697000092, -10.225427879999927, 0.0 ], [ 123.589078690000065, -10.22533217299997, 0.0 ], [ 123.589056732000017, -10.225214960999949, 0.0 ], [ 123.589054113000088, -10.22510489299998, 0.0 ], [ 123.589029502000017, -10.224858467999979, 0.0 ], [ 123.589002735, -10.22475322899993, 0.0 ], [ 123.58882338, -10.224432905999947, 0.0 ], [ 123.588753860000111, -10.22430434499995, 0.0 ], [ 123.588507900000081, -10.223849499999972, 0.0 ], [ 123.588337551000109, -10.223435465999955, 0.0 ], [ 123.588197491000074, -10.22309693699998, 0.0 ], [ 123.588106061000076, -10.222875946999977, 0.0 ], [ 123.587769524, -10.222107239999957, 0.0 ], [ 123.58778609500007, -10.222056768999948, 0.0 ], [ 123.587708952000071, -10.221843064999973, 0.0 ], [ 123.587529355000015, -10.221885900999951, 0.0 ], [ 123.587316232000035, -10.221934558999976, 0.0 ], [ 123.58728407000001, -10.221941901999969, 0.0 ], [ 123.587282207000044, -10.221942325999976, 0.0 ], [ 123.587274469000022, -10.221917491999932, 0.0 ], [ 123.587236850000068, -10.22182184299993, 0.0 ], [ 123.58711822600003, -10.221683269999971, 0.0 ], [ 123.587008051000112, -10.221542286999977, 0.0 ], [ 123.586948722000102, -10.221463427999936, 0.0 ], [ 123.586814498000081, -10.221381114999929, 0.0 ], [ 123.586633173000109, -10.221301278999931, 0.0 ], [ 123.586531667000031, -10.221236322999971, 0.0 ], [ 123.586426377000066, -10.221164059999978, 0.0 ], [ 123.586253440000064, -10.221047118999934, 0.0 ], [ 123.586087716000065, -10.220912217999967, 0.0 ], [ 123.585839676000091, -10.220678159999977, 0.0 ], [ 123.58564492000005, -10.220519381999964, 0.0 ], [ 123.585559071000034, -10.220469285999968, 0.0 ], [ 123.585296671000037, -10.220308235999937, 0.0 ], [ 123.585081387000059, -10.220151886999929, 0.0 ], [ 123.585024211000018, -10.22008946099993, 0.0 ], [ 123.585100275000059, -10.219900045999964, 0.0 ], [ 123.585142075000022, -10.219772189999958, 0.0 ], [ 123.585185515000035, -10.219749139999976, 0.0 ], [ 123.585255032000077, -10.219718864999948, 0.0 ], [ 123.585365076000016, -10.219656929999928, 0.0 ], [ 123.585472185000071, -10.219576336999978, 0.0 ], [ 123.585556068000074, -10.219475683999974, 0.0 ], [ 123.585615473000075, -10.219464090999963, 0.0 ], [ 123.585756066000044, -10.219463837999967, 0.0 ], [ 123.585788473000093, -10.219452721999971, 0.0 ], [ 123.585841355000071, -10.219427792999966, 0.0 ], [ 123.585867358000087, -10.219380367999975, 0.0 ], [ 123.585886025000036, -10.219284138999967, 0.0 ], [ 123.585906193000028, -10.219216622999966, 0.0 ], [ 123.585945227000025, -10.219161994999979, 0.0 ], [ 123.585981357000037, -10.219104499999958, 0.0 ], [ 123.586044861000119, -10.218956504999937, 0.0 ], [ 123.586086810000097, -10.21891048599997, 0.0 ], [ 123.586131400000113, -10.218803013999946, 0.0 ], [ 123.586157366000066, -10.218735008999943, 0.0 ], [ 123.586202701000047, -10.218691854999975, 0.0 ], [ 123.586256697000067, -10.218628584999976, 0.0 ], [ 123.586300115000085, -10.218593092999981, 0.0 ], [ 123.586370581000097, -10.218553721999967, 0.0 ], [ 123.586401461000037, -10.218531651999967, 0.0 ], [ 123.586438944000065, -10.218421511999964, 0.0 ], [ 123.586459082000033, -10.21833724499993, 0.0 ], [ 123.586478302000046, -10.218279780999978, 0.0 ], [ 123.586533141000018, -10.218149508999943, 0.0 ], [ 123.586926774000062, -10.217159336999941, 0.0 ], [ 123.587674077000088, -10.215879652999945, 0.0 ], [ 123.588665157000037, -10.214984948999927, 0.0 ], [ 123.588886467000066, -10.214844263999964, 0.0 ], [ 123.589176022000061, -10.214667862999931, 0.0 ], [ 123.589288145000069, -10.214556390999974, 0.0 ], [ 123.589429217000088, -10.214423330999978, 0.0 ], [ 123.589530364000098, -10.214254447999963, 0.0 ], [ 123.589705271000071, -10.213868755999954, 0.0 ], [ 123.58991276200004, -10.213729592999925, 0.0 ], [ 123.590308647000029, -10.213575730999935, 0.0 ], [ 123.590506492000031, -10.213446155999975, 0.0 ], [ 123.590931265000108, -10.213239597999973, 0.0 ], [ 123.591191988000105, -10.213148194999974, 0.0 ], [ 123.591631300000017, -10.212965537999935, 0.0 ], [ 123.592152698000064, -10.212758802999929, 0.0 ], [ 123.592693297000096, -10.212485031999961, 0.0 ], [ 123.592961815000081, -10.212368776999938, 0.0 ], [ 123.595728367000106, -10.208644449999952, 0.0 ], [ 123.59566075400005, -10.208527500999935, 0.0 ], [ 123.595596832000069, -10.208447215999968, 0.0 ], [ 123.595519927000055, -10.208399976999942, 0.0 ], [ 123.595437270000048, -10.208377155999926, 0.0 ], [ 123.595389346000047, -10.208325556999966, 0.0 ], [ 123.595384834000015, -10.208237984999926, 0.0 ], [ 123.595367383000053, -10.208206430999951, 0.0 ], [ 123.59532384900001, -10.208177795999973, 0.0 ], [ 123.595300577000103, -10.208133329999953, 0.0 ], [ 123.595306257000061, -10.208070146999944, 0.0 ], [ 123.595319152000116, -10.207989722999969, 0.0 ], [ 123.595329169000024, -10.207920788999957, 0.0 ], [ 123.595337750000112, -10.207859035999945, 0.0 ], [ 123.595341992000044, -10.207801598999936, 0.0 ], [ 123.595341896000036, -10.20774991299993, 0.0 ], [ 123.595343195000055, -10.20766950899997, 0.0 ], [ 123.595340081000018, -10.207553219999966, 0.0 ], [ 123.595317561000115, -10.207134025999949, 0.0 ], [ 123.595278880000023, -10.206597129999977, 0.0 ], [ 123.595279993000077, -10.206380005999961, 0.0 ], [ 123.595388510000021, -10.206071947999931, 0.0 ], [ 123.595665726000107, -10.205761561999964, 0.0 ], [ 123.595746955000095, -10.205661787999929, 0.0 ], [ 123.595807394000076, -10.20561816999998, 0.0 ], [ 123.596250872000041, -10.205419505999942, 0.0 ], [ 123.59633537000002, -10.205393627999968, 0.0 ], [ 123.596463399000072, -10.205395187999954, 0.0 ], [ 123.596946434000074, -10.20535003699996, 0.0 ], [ 123.597857917000056, -10.20534792899997, 0.0 ], [ 123.598559858000044, -10.20547879999998, 0.0 ], [ 123.599126467000019, -10.205587006999963, 0.0 ], [ 123.599321334000024, -10.205420104999973, 0.0 ], [ 123.59943200500004, -10.20534314899993, 0.0 ], [ 123.599458664000053, -10.20535715799997, 0.0 ], [ 123.599498276000077, -10.205387744999939, 0.0 ], [ 123.599541452000039, -10.205385720999971, 0.0 ], [ 123.599566189000029, -10.205373710999936, 0.0 ], [ 123.599605439000015, -10.205372442999931, 0.0 ], [ 123.599646507000102, -10.205373563999956, 0.0 ], [ 123.599691198000073, -10.205374677999941, 0.0 ], [ 123.599729849000028, -10.205375803999971, 0.0 ], [ 123.599759411000036, -10.205360195999958, 0.0 ], [ 123.599787573000071, -10.205338666999978, 0.0 ], [ 123.599826629000063, -10.205298394999943, 0.0 ], [ 123.599874421000095, -10.205278206999935, 0.0 ], [ 123.599915002000103, -10.205278131999933, 0.0 ], [ 123.599959968, -10.205296713999928, 0.0 ], [ 123.60000780900009, -10.205303804999971, 0.0 ], [ 123.600048396000034, -10.205306601999951, 0.0 ], [ 123.600075897000011, -10.205286450999949, 0.0 ], [ 123.600109185000065, -10.205261982999957, 0.0 ], [ 123.600171272000011, -10.20524834899993, 0.0 ], [ 123.600273505000018, -10.205229136999947, 0.0 ], [ 123.600379306000036, -10.205227506999961, 0.0 ], [ 123.600435867000101, -10.205247502999953, 0.0 ], [ 123.600532977000057, -10.205248759999961, 0.0 ], [ 123.600577906000012, -10.205248676999929, 0.0 ], [ 123.600650353000105, -10.205237057999966, 0.0 ], [ 123.600696729000106, -10.205235536999965, 0.0 ], [ 123.600747265000109, -10.205249121999941, 0.0 ], [ 123.600794054000062, -10.205250059999969, 0.0 ], [ 123.600805789000106, -10.20520476799993, 0.0 ], [ 123.600814640000067, -10.205168441999945, 0.0 ], [ 123.600813892000019, -10.205132309999954, 0.0 ], [ 123.600813872000117, -10.205131359999939, 0.0 ], [ 123.600831633000098, -10.205061559999933, 0.0 ], [ 123.60084048300007, -10.205025233999947, 0.0 ], [ 123.600845494000055, -10.204988985999933, 0.0 ], [ 123.600848586000097, -10.204952775999971, 0.0 ], [ 123.60084783800005, -10.204916645999958, 0.0 ], [ 123.600843251000015, -10.204880591999938, 0.0 ], [ 123.600832904000072, -10.204844655999977, 0.0 ], [ 123.600816838000014, -10.204810737999935, 0.0 ], [ 123.600798892000057, -10.204778760999943, 0.0 ], [ 123.60077706800007, -10.204744959999971, 0.0 ], [ 123.600759122000113, -10.204712982999979, 0.0 ], [ 123.600746895000043, -10.204678986999966, 0.0 ], [ 123.600742307000019, -10.204642932999946, 0.0 ], [ 123.600730022000107, -10.204606084999966, 0.0 ], [ 123.60068651000006, -10.204545138999947, 0.0 ], [ 123.600666644000057, -10.20451320199993, 0.0 ], [ 123.600644898000041, -10.204483203999928, 0.0 ], [ 123.600623152000026, -10.204453206999972, 0.0 ], [ 123.60060140600001, -10.204423209999959, 0.0 ], [ 123.600578350000092, -10.204391554999972, 0.0 ], [ 123.600578330000076, -10.204391527999974, 0.0 ], [ 123.600555994000047, -10.20436325299994, 0.0 ], [ 123.600536128000044, -10.20433131599998, 0.0 ], [ 123.600516262000042, -10.204299376999927, 0.0 ], [ 123.60049713300009, -10.204260525999928, 0.0 ], [ 123.600486011000044, -10.204229600999952, 0.0 ], [ 123.60046898500002, -10.204195702999925, 0.0 ], [ 123.600445845000081, -10.204144806999977, 0.0 ], [ 123.600433619000114, -10.204110810999964, 0.0 ], [ 123.600415634000115, -10.204076932999953, 0.0 ], [ 123.600392007000096, -10.204048874999955, 0.0 ], [ 123.600362740000037, -10.204026639999938, 0.0 ], [ 123.600340034000055, -10.203996661999952, 0.0 ], [ 123.600300091, -10.203968935999967, 0.0 ], [ 123.600261500000101, -10.203960207999955, 0.0 ], [ 123.600224948000118, -10.203957145999937, 0.0 ], [ 123.600195280000094, -10.203953120999927, 0.0 ], [ 123.600153566000017, -10.203941473999976, 0.0 ], [ 123.600118737000116, -10.203928863999977, 0.0 ], [ 123.600089469000068, -10.20390662899996, 0.0 ], [ 123.600065842000049, -10.203878571999951, 0.0 ], [ 123.60003469500009, -10.203858276999938, 0.0 ], [ 123.600005388000113, -10.203834140999959, 0.0 ], [ 123.599976121000054, -10.203811905999942, 0.0 ], [ 123.599950614000022, -10.203785788999937, 0.0 ], [ 123.599925107000104, -10.203759672999979, 0.0 ], [ 123.599890080000023, -10.203737554999975, 0.0 ], [ 123.599851235000074, -10.203716464999957, 0.0 ], [ 123.599849296000116, -10.203715553999928, 0.0 ], [ 123.599802808000049, -10.203693695999959, 0.0 ], [ 123.599764004, -10.203677333999963, 0.0 ], [ 123.599729135000075, -10.203662822999945, 0.0 ], [ 123.599694304000082, -10.203650212999946, 0.0 ], [ 123.599655833000043, -10.203647187999934, 0.0 ], [ 123.599619397000083, -10.20364983099995, 0.0 ], [ 123.599585645000047, -10.203654043999961, 0.0 ], [ 123.599546529, -10.203655114999947, 0.0 ], [ 123.59951005500011, -10.203655855999955, 0.0 ], [ 123.599473542000055, -10.203654695999944, 0.0 ], [ 123.599436990000072, -10.203651631999946, 0.0 ], [ 123.599400319000097, -10.203642864999949, 0.0 ], [ 123.599365529000011, -10.203632156999959, 0.0 ], [ 123.599330739000038, -10.203621447999978, 0.0 ], [ 123.599295870000105, -10.203606936999961, 0.0 ], [ 123.599262881000072, -10.20359048499995, 0.0 ], [ 123.599229853000111, -10.203572129999941, 0.0 ], [ 123.599196863000088, -10.20355567799993, 0.0 ], [ 123.599168766000048, -10.203518592999956, 0.0 ], [ 123.599153314000091, -10.203492829999959, 0.0 ], [ 123.599154308000038, -10.203448102999971, 0.0 ], [ 123.599140162000026, -10.203414144999954, 0.0 ], [ 123.599129816000072, -10.203378209999926, 0.0 ], [ 123.599129068000025, -10.203342077999935, 0.0 ], [ 123.599124443000051, -10.203304122999953, 0.0 ], [ 123.599117936000084, -10.203268107999975, 0.0 ], [ 123.599103790000072, -10.203234150999947, 0.0 ], [ 123.59908576600003, -10.203198370999928, 0.0 ], [ 123.599067820000073, -10.203166393999936, 0.0 ], [ 123.599049873000013, -10.203134415999955, 0.0 ], [ 123.599026248000087, -10.203106358999946, 0.0 ], [ 123.599006381000095, -10.20307442099994, 0.0 ], [ 123.598984596000037, -10.203042520999929, 0.0 ], [ 123.598964731000024, -10.20301058299998, 0.0 ], [ 123.598948666000069, -10.202976664999937, 0.0 ], [ 123.598942159000103, -10.202940650999949, 0.0 ], [ 123.598937572000068, -10.202904596999929, 0.0 ], [ 123.598938744000066, -10.202868426999942, 0.0 ], [ 123.598945676000085, -10.202832139999941, 0.0 ], [ 123.598958559000039, -10.202792058999933, 0.0 ], [ 123.598969216000114, -10.202763172999937, 0.0 ], [ 123.598973755000088, -10.202704104999953, 0.0 ], [ 123.598970694000059, -10.202648995999937, 0.0 ], [ 123.598935198000049, -10.202575484999954, 0.0 ], [ 123.598802515000102, -10.202300697999931, 0.0 ], [ 123.598756005000041, -10.202204375999941, 0.0 ], [ 123.59873472400011, -10.202103978999958, 0.0 ], [ 123.598735896000107, -10.202067808999971, 0.0 ], [ 123.598742828000013, -10.202031519999935, 0.0 ], [ 123.598763314000053, -10.202000664999957, 0.0 ], [ 123.598776044000033, -10.201966162999952, 0.0 ], [ 123.598782975000063, -10.201929874999962, 0.0 ], [ 123.598782228000118, -10.20189374499995, 0.0 ], [ 123.598777641000083, -10.20185769099993, 0.0 ], [ 123.598765415000116, -10.201823694999973, 0.0 ], [ 123.598749310000017, -10.20178787499998, 0.0 ], [ 123.598731364000059, -10.201755897999931, 0.0 ], [ 123.598719138000092, -10.201721902999964, 0.0 ], [ 123.598706021000112, -10.201691965999942, 0.0 ], [ 123.598705914000107, -10.201690158999952, 0.0 ], [ 123.598701617000074, -10.201617622999947, 0.0 ], [ 123.598709275000033, -10.201579022999965, 0.0 ], [ 123.598719359000029, -10.201546871999938, 0.0 ], [ 123.598726290000059, -10.201510584999937, 0.0 ], [ 123.59873514100002, -10.201474257999962, 0.0 ], [ 123.598738233000063, -10.201438049999979, 0.0 ], [ 123.598737485000015, -10.201401917999931, 0.0 ], [ 123.598730979000038, -10.201365902999953, 0.0 ], [ 123.598718753000071, -10.20133190699994, 0.0 ], [ 123.598698849000016, -10.201298067999971, 0.0 ], [ 123.598677103000114, -10.20126806899998, 0.0 ], [ 123.598656240000082, -10.201234247999935, 0.0 ], [ 123.598621937000075, -10.201200700999948, 0.0 ], [ 123.598609710000119, -10.201166704999935, 0.0 ], [ 123.598595565000096, -10.201132747999964, 0.0 ], [ 123.598585219000029, -10.201096810999957, 0.0 ], [ 123.598572993000062, -10.201062814999943, 0.0 ], [ 123.598556928000107, -10.201028896999958, 0.0 ], [ 123.598544623000066, -10.200991098999964, 0.0 ], [ 123.598536158000115, -10.200953220999963, 0.0 ], [ 123.598525813000037, -10.200917283999956, 0.0 ], [ 123.598511667000025, -10.200883326999929, 0.0 ], [ 123.598495602000071, -10.200849407999954, 0.0 ], [ 123.598475736000069, -10.200817470999937, 0.0 ], [ 123.598453991000042, -10.200787472999934, 0.0 ], [ 123.598432206000098, -10.20075557399997, 0.0 ], [ 123.598410460000082, -10.200725574999979, 0.0 ], [ 123.598392515000114, -10.20069359799993, 0.0 ], [ 123.598373591000041, -10.200660687999971, 0.0 ], [ 123.598325319000082, -10.200601740999957, 0.0 ], [ 123.598290292000115, -10.200576535999971, 0.0 ], [ 123.598270506000063, -10.200551487999974, 0.0 ], [ 123.598248761000036, -10.200521488999925, 0.0 ], [ 123.598236535000069, -10.200487493999958, 0.0 ], [ 123.598227183000063, -10.200461487999974, 0.0 ], [ 123.598224309000102, -10.200453497999945, 0.0 ], [ 123.598212083000021, -10.200419501999932, 0.0 ], [ 123.598194138000053, -10.20038752399995, 0.0 ], [ 123.598174273000041, -10.200355584999954, 0.0 ], [ 123.598154409000017, -10.200323646999948, 0.0 ], [ 123.598142182000061, -10.200289650999935, 0.0 ], [ 123.598129956000093, -10.200255653999932, 0.0 ], [ 123.598121531000061, -10.200219679999975, 0.0 ], [ 123.598106477000101, -10.200178893999976, 0.0 ], [ 123.598095159000081, -10.200151725999945, 0.0 ], [ 123.598078976000011, -10.200112102999981, 0.0 ], [ 123.598068512000054, -10.200070461999928, 0.0 ], [ 123.5980484910001, -10.200030914999957, 0.0 ], [ 123.598039897000035, -10.199747199999933, 0.0 ], [ 123.59804319300008, -10.199571315999947, 0.0 ], [ 123.598021172000017, -10.199420603999954, 0.0 ], [ 123.598065027000075, -10.199301714999933, 0.0 ], [ 123.59807859600005, -10.199126172999968, 0.0 ], [ 123.598107267000046, -10.198957419999942, 0.0 ], [ 123.598117882000111, -10.198821005999946, 0.0 ], [ 123.598081461000106, -10.198720570999967, 0.0 ], [ 123.598063118000027, -10.198598566999976, 0.0 ], [ 123.598046626000041, -10.198498094999934, 0.0 ], [ 123.598030558000119, -10.198400211999967, 0.0 ], [ 123.598011829000029, -10.198297154999977, 0.0 ], [ 123.597960868000087, -10.198171621999961, 0.0 ], [ 123.597924435000095, -10.19806400799996, 0.0 ], [ 123.597895201000028, -10.197931255999947, 0.0 ], [ 123.597895019000021, -10.197833800999945, 0.0 ], [ 123.59791860100006, -10.197785178999936, 0.0 ], [ 123.597926361000077, -10.197746644999938, 0.0 ], [ 123.597935213000028, -10.197710317999963, 0.0 ], [ 123.597944024000071, -10.197672090999959, 0.0 ], [ 123.597954756000036, -10.197633823999979, 0.0 ], [ 123.597963569000058, -10.197595595999928, 0.0 ], [ 123.597970500000088, -10.197559308999928, 0.0 ], [ 123.597973592000017, -10.197523099999955, 0.0 ], [ 123.597974725000086, -10.19748502799996, 0.0 ], [ 123.59796967200009, -10.197442293999927, 0.0 ], [ 123.597959834000108, -10.197414937999952, 0.0 ], [ 123.59794948800004, -10.19737900299998, 0.0 ], [ 123.597933423000086, -10.197345084999938, 0.0 ], [ 123.597919278000063, -10.197311125999931, 0.0 ], [ 123.597897533000037, -10.197281128999975, 0.0 ], [ 123.597881468000082, -10.197247210999933, 0.0 ], [ 123.597863483000083, -10.197213330999944, 0.0 ], [ 123.59784171900003, -10.197182381999937, 0.0 ], [ 123.597824849000062, -10.197109479999938, 0.0 ], [ 123.59781642300004, -10.197073503999945, 0.0 ], [ 123.597815676000096, -10.197037372999944, 0.0 ], [ 123.597818768000025, -10.197001162999982, 0.0 ], [ 123.597821861000057, -10.196964953999952, 0.0 ], [ 123.597826873000031, -10.196928705999937, 0.0 ], [ 123.597833804000061, -10.196892418999937, 0.0 ], [ 123.597852332000116, -10.196859700999937, 0.0 ], [ 123.59786723000002, -10.196830389999946, 0.0 ], [ 123.597877792000077, -10.196790695999937, 0.0 ], [ 123.597875126000076, -10.196754603999977, 0.0 ], [ 123.59786478, -10.196718665999981, 0.0 ], [ 123.597846816000015, -10.196685737999928, 0.0 ], [ 123.597812197000053, -10.196590366999942, 0.0 ], [ 123.59779173000004, -10.196552851999968, 0.0 ], [ 123.597776268000075, -10.196524509999961, 0.0 ], [ 123.597740990000034, -10.196499521999954, 0.0 ], [ 123.597725374000106, -10.196477979999941, 0.0 ], [ 123.597703590000037, -10.196446080999976, 0.0 ], [ 123.59768564500007, -10.196414102999938, 0.0 ], [ 123.597681059000024, -10.196378049999964, 0.0 ], [ 123.59768031200008, -10.196341917999973, 0.0 ], [ 123.597685324000054, -10.196305668999969, 0.0 ], [ 123.597694175000015, -10.196269342999926, 0.0 ], [ 123.597709038000062, -10.196240099999955, 0.0 ], [ 123.597720777000063, -10.196219018999955, 0.0 ], [ 123.59773266500008, -10.196197669999947, 0.0 ], [ 123.597747801000082, -10.196169328999929, 0.0 ], [ 123.597768288000111, -10.196138472999962, 0.0 ], [ 123.597797333000017, -10.196099492999963, 0.0 ], [ 123.597815021000088, -10.196076645999938, 0.0 ], [ 123.597839348000093, -10.196045713999979, 0.0 ], [ 123.597861793000106, -10.196016722999957, 0.0 ], [ 123.597886199000072, -10.195989591999933, 0.0 ], [ 123.597906686000101, -10.195958736999955, 0.0 ], [ 123.597932932000049, -10.195927766999944, 0.0 ], [ 123.597957337000025, -10.195900635999976, 0.0 ], [ 123.59798162300001, -10.195867802999942, 0.0 ], [ 123.598002111000028, -10.195836946999975, 0.0 ], [ 123.59802843500006, -10.195809778999944, 0.0 ], [ 123.598052762000066, -10.195778845999939, 0.0 ], [ 123.598077167000042, -10.195751716999951, 0.0 ], [ 123.598097615000029, -10.195718959999965, 0.0 ], [ 123.598119018000034, -10.195686487999978, 0.0 ], [ 123.598136611000086, -10.195654436999973, 0.0 ], [ 123.598166518000085, -10.195552584999973, 0.0 ], [ 123.598221418000094, -10.195471119999979, 0.0 ], [ 123.598236045000021, -10.195447906999959, 0.0 ], [ 123.598323320000077, -10.195303451999962, 0.0 ], [ 123.598367189000101, -10.195196025999962, 0.0 ], [ 123.598424922000049, -10.195016023999926, 0.0 ], [ 123.598442190000014, -10.194937685999946, 0.0 ], [ 123.598471492000044, -10.194853370999965, 0.0 ], [ 123.598502803000088, -10.194721024999978, 0.0 ], [ 123.598490827000091, -10.194580927999937, 0.0 ], [ 123.598492885000041, -10.194525713999951, 0.0 ], [ 123.598479872000098, -10.194461073999946, 0.0 ], [ 123.598445372000015, -10.194409079999957, 0.0 ], [ 123.598423819000118, -10.194376599999941, 0.0 ], [ 123.598414089000016, -10.194337067999982, 0.0 ], [ 123.598413382000103, -10.194302837999942, 0.0 ], [ 123.598429440000018, -10.194243535999931, 0.0 ], [ 123.598457330000087, -10.19419921399998, 0.0 ], [ 123.598472400000105, -10.194176788999926, 0.0 ], [ 123.598487141000078, -10.19415485299993, 0.0 ], [ 123.598497518000045, -10.194099471999948, 0.0 ], [ 123.598497945000076, -10.194027170999959, 0.0 ], [ 123.598496530000034, -10.193958709999947, 0.0 ], [ 123.598502950000011, -10.193897701999958, 0.0 ], [ 123.598535499000036, -10.193800016999944, 0.0 ], [ 123.598587553000016, -10.193725309999934, 0.0 ], [ 123.598638484000048, -10.19367236599993, 0.0 ], [ 123.598700692000079, -10.193615932999933, 0.0 ], [ 123.598738725000089, -10.193504818999941, 0.0 ], [ 123.598777543000097, -10.193431739999937, 0.0 ], [ 123.598908268000059, -10.193345379999926, 0.0 ], [ 123.598965188000079, -10.193311883999968, 0.0 ], [ 123.599002715000097, -10.193269268999927, 0.0 ], [ 123.59902433600007, -10.193200341999955, 0.0 ], [ 123.599013441000011, -10.193137781999951, 0.0 ], [ 123.598989599000106, -10.193095717999938, 0.0 ], [ 123.598967600000037, -10.193056906999971, 0.0 ], [ 123.598899509000034, -10.19301453099996, 0.0 ], [ 123.598872825000058, -10.192999110999949, 0.0 ], [ 123.598817352000083, -10.192942001999938, 0.0 ], [ 123.59878944400009, -10.192887137999946, 0.0 ], [ 123.598747298000035, -10.192804543999955, 0.0 ], [ 123.598753324000086, -10.192724517999977, 0.0 ], [ 123.598767274000011, -10.192690677999963, 0.0 ], [ 123.598782585000095, -10.192653534999977, 0.0 ], [ 123.598803980000071, -10.192558783999971, 0.0 ], [ 123.598815246000072, -10.192468334999944, 0.0 ], [ 123.598785737000071, -10.192341468999928, 0.0 ], [ 123.598788634000016, -10.192295750999961, 0.0 ], [ 123.598785103000068, -10.192217822999964, 0.0 ], [ 123.598747334000109, -10.192155806999949, 0.0 ], [ 123.598692616000108, -10.192072902999939, 0.0 ], [ 123.598677200000111, -10.192014545999939, 0.0 ], [ 123.598687656000038, -10.191962967999928, 0.0 ], [ 123.598663750000014, -10.191828377999968, 0.0 ], [ 123.598668830000065, -10.191748206999932, 0.0 ], [ 123.598679685000093, -10.191670151999972, 0.0 ], [ 123.598672394000118, -10.191596103999927, 0.0 ], [ 123.598707957000101, -10.191458406999971, 0.0 ], [ 123.598735869000052, -10.191319731999954, 0.0 ], [ 123.598769165000022, -10.191074772999968, 0.0 ], [ 123.59878027000002, -10.190910875999975, 0.0 ], [ 123.598783881000031, -10.190857595999944, 0.0 ], [ 123.598763036000037, -10.190778114999944, 0.0 ], [ 123.598692358000108, -10.190703449999944, 0.0 ], [ 123.598669968000081, -10.190560671999947, 0.0 ], [ 123.598665911000012, -10.190534791999937, 0.0 ], [ 123.598679995000111, -10.190470003999963, 0.0 ], [ 123.598658244000035, -10.190354724999963, 0.0 ], [ 123.598575234, -10.19023972399998, 0.0 ], [ 123.598531509000054, -10.190168317999962, 0.0 ], [ 123.598522338000066, -10.190096209999979, 0.0 ], [ 123.598536362000118, -10.190005252999981, 0.0 ], [ 123.598554449000062, -10.18988438699995, 0.0 ], [ 123.598544684000103, -10.189808266999933, 0.0 ], [ 123.598531051, -10.189681299999961, 0.0 ], [ 123.598508520000109, -10.18961326799996, 0.0 ], [ 123.598497469000108, -10.18954310099997, 0.0 ], [ 123.598504362000085, -10.189504912999951, 0.0 ], [ 123.598507011000038, -10.189449584999977, 0.0 ], [ 123.598469096000031, -10.189378163999947, 0.0 ], [ 123.59843610900009, -10.189361709999957, 0.0 ], [ 123.59838499500006, -10.189355001999957, 0.0 ], [ 123.598329997000064, -10.189320003999967, 0.0 ], [ 123.598279997000077, -10.18920000199995, 0.0 ], [ 123.598259996000024, -10.188980001999937, 0.0 ], [ 123.598179996000113, -10.188790002999951, 0.0 ], [ 123.597819997000101, -10.188510002999976, 0.0 ], [ 123.597729996000112, -10.188340002999951, 0.0 ], [ 123.597709996000049, -10.188189994999959, 0.0 ], [ 123.597779997000089, -10.187880002999975, 0.0 ], [ 123.598199996000062, -10.187350002999949, 0.0 ], [ 123.598270473000071, -10.187251339999932, 0.0 ], [ 123.598573156000043, -10.18746466999994, 0.0 ], [ 123.598919149000039, -10.187708524999948, 0.0 ], [ 123.599010846000056, -10.187774333999926, 0.0 ], [ 123.599055358000101, -10.187810624999941, 0.0 ], [ 123.599082382, -10.187795259999973, 0.0 ], [ 123.599161502000015, -10.187737685999934, 0.0 ], [ 123.599188580000032, -10.187751035999952, 0.0 ], [ 123.599234899000066, -10.187720321999961, 0.0 ], [ 123.599300718000109, -10.187783373999935, 0.0 ], [ 123.599335446000055, -10.187754595999934, 0.0 ], [ 123.599539531000119, -10.18787029899994, 0.0 ], [ 123.599562599000024, -10.187807660999965, 0.0 ], [ 123.599642108000012, -10.187699833999943, 0.0 ], [ 123.599690225000018, -10.187596851999956, 0.0 ], [ 123.599711708000086, -10.187460416999954, 0.0 ], [ 123.599730394000062, -10.18734681899997, 0.0 ], [ 123.599731855000073, -10.18733793499996, 0.0 ], [ 123.599733476000097, -10.187216899999953, 0.0 ], [ 123.599613176000048, -10.187211376999926, 0.0 ], [ 123.599591180000061, -10.187073586999929, 0.0 ], [ 123.599880896000059, -10.186999832999959, 0.0 ], [ 123.599882249000075, -10.186948143999928, 0.0 ], [ 123.599899428000072, -10.186834688999966, 0.0 ], [ 123.599984384000095, -10.18654020699995, 0.0 ], [ 123.600190142000088, -10.18651972899994, 0.0 ], [ 123.600269777000108, -10.186479381999959, 0.0 ], [ 123.600299993000021, -10.18641000599996, 0.0 ], [ 123.600276370000074, -10.186324712999976, 0.0 ], [ 123.600198580000097, -10.186381882999967, 0.0 ], [ 123.600072175000037, -10.186211261999972, 0.0 ], [ 123.600053523000042, -10.186182939999981, 0.0 ], [ 123.600116250000042, -10.18614334199998, 0.0 ], [ 123.600125589000072, -10.186059091999937, 0.0 ], [ 123.600155670000049, -10.186030717999927, 0.0 ], [ 123.600288035000062, -10.185872306999954, 0.0 ], [ 123.600312698000039, -10.18584279199996, 0.0 ], [ 123.600312724000105, -10.185842759999957, 0.0 ], [ 123.600312751000047, -10.185842728999944, 0.0 ], [ 123.600342276000106, -10.185809037999945, 0.0 ], [ 123.600533560000031, -10.185587861999977, 0.0 ], [ 123.600533587000086, -10.185587830999964, 0.0 ], [ 123.600888226000052, -10.185175059999949, 0.0 ], [ 123.600987750000058, -10.185069145999933, 0.0 ], [ 123.601029993000111, -10.18501000599997, 0.0 ], [ 123.601179994000063, -10.18483000599997, 0.0 ], [ 123.601300109000022, -10.184683198999949, 0.0 ], [ 123.601359993000074, -10.184610007999936, 0.0 ], [ 123.601399994000076, -10.184550005999938, 0.0 ], [ 123.601575749000062, -10.184337564999964, 0.0 ], [ 123.601746222000088, -10.184126487999947, 0.0 ], [ 123.601835988000062, -10.184002559999954, 0.0 ], [ 123.602188372000114, -10.183567962999973, 0.0 ], [ 123.602389723000101, -10.183293721999974, 0.0 ], [ 123.602554714, -10.183117071999959, 0.0 ], [ 123.602582257000108, -10.183087815999954, 0.0 ], [ 123.60258344600004, -10.183086551999963, 0.0 ], [ 123.602583476000063, -10.183086522999929, 0.0 ], [ 123.602584433000061, -10.183085564999942, 0.0 ], [ 123.602612472000033, -10.183057523999935, 0.0 ], [ 123.602634329000011, -10.183035665999967, 0.0 ], [ 123.602839977000031, -10.182830005999961, 0.0 ], [ 123.603019993000089, -10.182630005999954, 0.0 ], [ 123.60303663600007, -10.182608369999969, 0.0 ], [ 123.603122108000093, -10.182497256999966, 0.0 ], [ 123.603219993000039, -10.182370006999975, 0.0 ], [ 123.603242709000028, -10.182335929999965, 0.0 ], [ 123.603265145000023, -10.182302277999952, 0.0 ], [ 123.603281117000051, -10.182278318999977, 0.0 ], [ 123.603319992000024, -10.182220005999966, 0.0 ], [ 123.603586574000019, -10.181913424999948, 0.0 ], [ 123.603667912000105, -10.181832086999975, 0.0 ], [ 123.603879888000051, -10.181576734999965, 0.0 ], [ 123.604009993000091, -10.181420006999929, 0.0 ], [ 123.604099993000091, -10.181320006999954, 0.0 ], [ 123.604146477000086, -10.181303921999927, 0.0 ], [ 123.604246397000111, -10.181262100999959, 0.0 ], [ 123.604283924000015, -10.181229575999964, 0.0 ], [ 123.60440410700005, -10.181125413999951, 0.0 ], [ 123.604469012000095, -10.180960183999957, 0.0 ], [ 123.604505772000039, -10.180868414999964, 0.0 ], [ 123.604582967000056, -10.180675697999959, 0.0 ], [ 123.604606229000069, -10.180614723999952, 0.0 ], [ 123.604646244000037, -10.180509833999963, 0.0 ], [ 123.604670794000072, -10.180517762999955, 0.0 ], [ 123.604706448000115, -10.18048602999994, 0.0 ], [ 123.604795671000034, -10.180408095999951, 0.0 ], [ 123.604881264000028, -10.180325980999953, 0.0 ], [ 123.604881815000113, -10.18027322699993, 0.0 ], [ 123.604882950000047, -10.180234938999945, 0.0 ], [ 123.60491907100004, -10.180176245999974, 0.0 ], [ 123.605027693000011, -10.180138954999961, 0.0 ], [ 123.605127834000086, -10.180086125999935, 0.0 ], [ 123.605201456000032, -10.180060863999927, 0.0 ], [ 123.605267781000066, -10.180009294999934, 0.0 ], [ 123.605313539, -10.179937422999956, 0.0 ], [ 123.605316237000011, -10.17993273999997, 0.0 ], [ 123.6054199780001, -10.179770005999956, 0.0 ], [ 123.605475178, -10.179707405999977, 0.0 ], [ 123.60557553600006, -10.179642132999959, 0.0 ], [ 123.60570872400001, -10.179567227999939, 0.0 ], [ 123.605876630000012, -10.179457801999945, 0.0 ], [ 123.605944130000012, -10.179388760999927, 0.0 ], [ 123.606036721, -10.179303880999953, 0.0 ], [ 123.60607518300003, -10.179205701999933, 0.0 ], [ 123.606072582000024, -10.179107596999927, 0.0 ], [ 123.606036175000099, -10.179014341999959, 0.0 ], [ 123.606040834000055, -10.178923402999942, 0.0 ], [ 123.606108379000034, -10.178877812999929, 0.0 ], [ 123.606219536000026, -10.178903928999944, 0.0 ], [ 123.60628237700007, -10.17892534799995, 0.0 ], [ 123.606342712000014, -10.178898914999934, 0.0 ], [ 123.606364387000099, -10.17886537499993, 0.0 ], [ 123.606445735000079, -10.178710641999942, 0.0 ], [ 123.606741567000086, -10.178810595999948, 0.0 ], [ 123.606819387000087, -10.178833782999959, 0.0 ], [ 123.606888960000106, -10.178839395999944, 0.0 ], [ 123.606973463000031, -10.178814211999963, 0.0 ], [ 123.607037116000015, -10.17882555999995, 0.0 ], [ 123.607131254000024, -10.178793080999981, 0.0 ], [ 123.607256843000073, -10.178786866999928, 0.0 ], [ 123.607352263000053, -10.17879267099994, 0.0 ], [ 123.607448197000053, -10.178831956999943, 0.0 ], [ 123.607515923000051, -10.178882080999927, 0.0 ], [ 123.607607884000117, -10.17897523399995, 0.0 ], [ 123.607632400000057, -10.179166619999933, 0.0 ], [ 123.607665228000087, -10.179351624999981, 0.0 ], [ 123.60767428500003, -10.179542560999948, 0.0 ], [ 123.607681903000071, -10.179739242999972, 0.0 ], [ 123.607701452000015, -10.180113933999962, 0.0 ], [ 123.607704949000095, -10.180429789999948, 0.0 ], [ 123.607692082000085, -10.180523135999977, 0.0 ], [ 123.607689993, -10.18065999099997, 0.0 ], [ 123.607829997000067, -10.180800003999934, 0.0 ], [ 123.607979997000029, -10.180990002999977, 0.0 ], [ 123.608010004000107, -10.181130002999964, 0.0 ], [ 123.608039996000116, -10.181440001999931, 0.0 ], [ 123.60813698700008, -10.181624287999966, 0.0 ], [ 123.608230424000112, -10.181544856999949, 0.0 ], [ 123.608455726000102, -10.181400380999946, 0.0 ], [ 123.608610228000089, -10.181320401999926, 0.0 ], [ 123.608759472000088, -10.181244180999954, 0.0 ], [ 123.608849561000056, -10.181198171999938, 0.0 ], [ 123.609256426000115, -10.181002153999941, 0.0 ], [ 123.609361838000041, -10.180952278999939, 0.0 ], [ 123.609628415000088, -10.180826149999973, 0.0 ], [ 123.610173037000095, -10.180557342999975, 0.0 ], [ 123.610290231000022, -10.180482753999968, 0.0 ], [ 123.610443614000019, -10.180375394999942, 0.0 ], [ 123.610556433000056, -10.180258890999937, 0.0 ], [ 123.610631556000044, -10.180170758999964, 0.0 ], [ 123.610741522000012, -10.18004174899994, 0.0 ], [ 123.610851328000081, -10.179889468999932, 0.0 ], [ 123.610994472000016, -10.179690956999934, 0.0 ], [ 123.611041804000024, -10.179611682999962, 0.0 ], [ 123.611081150000018, -10.179545785999949, 0.0 ], [ 123.611161400000015, -10.179411046999974, 0.0 ], [ 123.611196720000066, -10.179351744999963, 0.0 ], [ 123.61127074500007, -10.17918667999993, 0.0 ], [ 123.611299181000049, -10.17912327199997, 0.0 ], [ 123.61138711600006, -10.178877596999939, 0.0 ], [ 123.611449091000054, -10.178698013999963, 0.0 ], [ 123.611454002000073, -10.178618305999976, 0.0 ], [ 123.611456362000013, -10.178580003999969, 0.0 ], [ 123.611484645000019, -10.178657704999978, 0.0 ], [ 123.611540381000054, -10.178753315999927, 0.0 ], [ 123.61157683700003, -10.178871695999931, 0.0 ], [ 123.611566098000026, -10.178939913999955, 0.0 ], [ 123.611562823000099, -10.179122975999974, 0.0 ], [ 123.611606615000028, -10.179288003999943, 0.0 ], [ 123.611646783000083, -10.179453038999952, 0.0 ], [ 123.611730292000061, -10.179546205999941, 0.0 ], [ 123.611764217000086, -10.179571806999945, 0.0 ], [ 123.611853654000015, -10.179639297999927, 0.0 ], [ 123.611922615000026, -10.179703776999929, 0.0 ], [ 123.612020685000061, -10.179832809999937, 0.0 ], [ 123.612024463000012, -10.179914160999942, 0.0 ], [ 123.612037993000058, -10.180043351999927, 0.0 ], [ 123.612060004000114, -10.180185688999927, 0.0 ], [ 123.612063892000037, -10.18032446899997, 0.0 ], [ 123.612135177000027, -10.180341085999942, 0.0 ], [ 123.61218434500006, -10.180398895999929, 0.0 ], [ 123.612277963000111, -10.180486784999971, 0.0 ], [ 123.612284936000037, -10.180518401999961, 0.0 ], [ 123.61230354700001, -10.180602791999945, 0.0 ], [ 123.612355907000051, -10.180669695999939, 0.0 ], [ 123.612482887000056, -10.180759191999925, 0.0 ], [ 123.612779994000107, -10.180860005999932, 0.0 ], [ 123.612789993000092, -10.180900006999934, 0.0 ], [ 123.612809993000042, -10.181040005999932, 0.0 ], [ 123.612799993000067, -10.181120005999958, 0.0 ], [ 123.612819993000016, -10.181320006999954, 0.0 ], [ 123.612792471000034, -10.181512657999974, 0.0 ], [ 123.612860122000029, -10.181565409999962, 0.0 ], [ 123.612838612000019, -10.181796790999954, 0.0 ], [ 123.612911176000011, -10.181850494999935, 0.0 ], [ 123.612926496000114, -10.181967119999968, 0.0 ], [ 123.613020167000059, -10.182005828999934, 0.0 ], [ 123.613071385000012, -10.181948900999942, 0.0 ], [ 123.613158927000086, -10.181939764999981, 0.0 ], [ 123.613243546000035, -10.18198148099998, 0.0 ], [ 123.613319107000052, -10.182023214999958, 0.0 ], [ 123.613385725000057, -10.182124787999953, 0.0 ], [ 123.613434159, -10.182190501999969, 0.0 ], [ 123.613473455000076, -10.182214356999964, 0.0 ], [ 123.613601592, -10.182211653999957, 0.0 ], [ 123.61368626, -10.182218384999942, 0.0 ], [ 123.613823254000067, -10.182234613999981, 0.0 ], [ 123.613824719000036, -10.182232044999978, 0.0 ], [ 123.613826233000054, -10.182229388999929, 0.0 ], [ 123.613835023000092, -10.182213970999953, 0.0 ], [ 123.613835304000077, -10.182213260999958, 0.0 ], [ 123.613839344000098, -10.182203038999944, 0.0 ], [ 123.613842109000075, -10.182196042999976, 0.0 ], [ 123.613847170000099, -10.182183238999926, 0.0 ], [ 123.613858209000114, -10.182155309999928, 0.0 ], [ 123.613890381000033, -10.182073913999943, 0.0 ], [ 123.613900399000045, -10.182048566999981, 0.0 ], [ 123.613925885000072, -10.181984082999975, 0.0 ], [ 123.613945318000106, -10.181914413999948, 0.0 ], [ 123.613964749000047, -10.181844743999932, 0.0 ], [ 123.614031041000089, -10.181649358999948, 0.0 ], [ 123.614061291000098, -10.181553108999935, 0.0 ], [ 123.614132078000011, -10.181435244999932, 0.0 ], [ 123.614230426000063, -10.181330251999952, 0.0 ], [ 123.61436672100001, -10.181212298999981, 0.0 ], [ 123.614419963000046, -10.181166221999945, 0.0 ], [ 123.614443093000091, -10.181146350999938, 0.0 ], [ 123.614759976000073, -10.18087412899996, 0.0 ], [ 123.615084128000035, -10.180625137999925, 0.0 ], [ 123.615298283000016, -10.180451010999946, 0.0 ], [ 123.615403682000078, -10.180381112999953, 0.0 ], [ 123.615491031000033, -10.18033292299998, 0.0 ], [ 123.615799167000091, -10.180162921999965, 0.0 ], [ 123.616062663000093, -10.180024594999963, 0.0 ], [ 123.616291407000062, -10.179902125999945, 0.0 ], [ 123.616816899000014, -10.179599632999953, 0.0 ], [ 123.617030613000111, -10.179488092999975, 0.0 ], [ 123.617132203000097, -10.179750659999968, 0.0 ], [ 123.617239062000067, -10.180053159999943, 0.0 ], [ 123.617355453000073, -10.180288639999958, 0.0 ], [ 123.617543075000071, -10.18051202099997, 0.0 ], [ 123.617638803000091, -10.180678145999934, 0.0 ], [ 123.61778399100001, -10.180815462999931, 0.0 ], [ 123.617866239000023, -10.180879915999981, 0.0 ], [ 123.617971514000033, -10.180986200999939, 0.0 ], [ 123.61804295200011, -10.181081781999978, 0.0 ], [ 123.618079993000038, -10.181150004999949, 0.0 ], [ 123.618309993000025, -10.181140005999964, 0.0 ], [ 123.618499993000114, -10.181130005999933, 0.0 ], [ 123.618649991000098, -10.181150005999939, 0.0 ], [ 123.618729993000102, -10.181150005999939, 0.0 ], [ 123.618879994000054, -10.181190005999952, 0.0 ], [ 123.619379993000052, -10.181260005999945, 0.0 ], [ 123.619610825000109, -10.181291482999939, 0.0 ], [ 123.619620276000092, -10.181267611999942, 0.0 ], [ 123.619648995000034, -10.181129726999927, 0.0 ], [ 123.619663118000062, -10.18093874799996, 0.0 ], [ 123.619615008000096, -10.180790957999932, 0.0 ], [ 123.619471078000061, -10.180554334999954, 0.0 ], [ 123.619450474000018, -10.180537957999945, 0.0 ], [ 123.619451669000114, -10.180537854999955, 0.0 ], [ 123.619761163000021, -10.180510928999979, 0.0 ], [ 123.619826462000105, -10.180554474999951, 0.0 ], [ 123.619957115000034, -10.180669086999956, 0.0 ], [ 123.62003456900004, -10.180752690999952, 0.0 ], [ 123.620143391000056, -10.180819485999962, 0.0 ], [ 123.620215954000059, -10.180871991999936, 0.0 ], [ 123.620295755000029, -10.180919697999968, 0.0 ], [ 123.620397312000023, -10.180976934999933, 0.0 ], [ 123.620494044000111, -10.181036573999961, 0.0 ], [ 123.620641549000084, -10.181122437999932, 0.0 ], [ 123.620786343000077, -10.181286063999949, 0.0 ], [ 123.620960542000034, -10.181436485999939, 0.0 ], [ 123.621192628000017, -10.181543724999926, 0.0 ], [ 123.621399277000023, -10.181611529999941, 0.0 ], [ 123.621714521000058, -10.18162887799997, 0.0 ], [ 123.622040599000115, -10.181628257999932, 0.0 ], [ 123.622174668000071, -10.18163518199998, 0.0 ], [ 123.622330672000089, -10.181596575999947, 0.0 ], [ 123.622302486000081, -10.182008683999982, 0.0 ], [ 123.622304994000046, -10.182160973999942, 0.0 ], [ 123.622910644000058, -10.182007651999982, 0.0 ], [ 123.623100616000102, -10.181947689999959, 0.0 ], [ 123.623455225000043, -10.181835761999935, 0.0 ], [ 123.623558063000019, -10.181805414999928, 0.0 ], [ 123.623866586000076, -10.181720118999976, 0.0 ], [ 123.624170800000115, -10.181654930999969, 0.0 ], [ 123.624466280000092, -10.181569658999933, 0.0 ], [ 123.624866093000037, -10.181478444999925, 0.0 ], [ 123.625075697000057, -10.181388786999946, 0.0 ], [ 123.625205015, -10.181340702999933, 0.0 ], [ 123.625355636000108, -10.181289446999926, 0.0 ], [ 123.625641780000024, -10.181247981999945, 0.0 ], [ 123.625831243000107, -10.181233998999971, 0.0 ], [ 123.62587145100008, -10.181231031999971, 0.0 ], [ 123.626002685000117, -10.181270980999955, 0.0 ], [ 123.626088319000019, -10.181336860999977, 0.0 ], [ 123.626144151000062, -10.181355418999942, 0.0 ], [ 123.626226788000054, -10.181371052999964, 0.0 ], [ 123.626315211000019, -10.181380934999936, 0.0 ], [ 123.626375117000066, -10.181405566999956, 0.0 ], [ 123.626407312000083, -10.181418804999964, 0.0 ], [ 123.626464643000077, -10.181463202999964, 0.0 ], [ 123.626498864000041, -10.181547127999977, 0.0 ], [ 123.626582612000107, -10.181788749999953, 0.0 ], [ 123.626782625000033, -10.181703803999937, 0.0 ], [ 123.626904315000047, -10.181679642999939, 0.0 ], [ 123.627214453000079, -10.181680004999976, 0.0 ], [ 123.627369040000076, -10.181680665999977, 0.0 ], [ 123.627468237000016, -10.181678283999929, 0.0 ], [ 123.627628925000067, -10.181674424999926, 0.0 ], [ 123.627765140000065, -10.18166746299994, 0.0 ], [ 123.627879094000036, -10.181640443999981, 0.0 ], [ 123.628010438000047, -10.181612434999977, 0.0 ], [ 123.628365790000089, -10.181513165999945, 0.0 ], [ 123.628623629000117, -10.181448540999952, 0.0 ], [ 123.628658, -10.181423946999928, 0.0 ], [ 123.628663344000074, -10.181377873999963, 0.0 ], [ 123.6286559240001, -10.181289351999965, 0.0 ], [ 123.628654612000105, -10.181235514999969, 0.0 ], [ 123.628676254000084, -10.181186418999971, 0.0 ], [ 123.628718984000102, -10.181168943999978, 0.0 ], [ 123.628790893000087, -10.181139536999979, 0.0 ], [ 123.628895911000086, -10.181113013999948, 0.0 ], [ 123.628968322000105, -10.181086552999943, 0.0 ], [ 123.628997265000066, -10.181064960999947, 0.0 ], [ 123.629144506000102, -10.181085689999975, 0.0 ], [ 123.629251108000062, -10.181154198999934, 0.0 ], [ 123.629252146000113, -10.181154864999939, 0.0 ], [ 123.629570481000087, -10.181421091999937, 0.0 ], [ 123.62991804, -10.181596898999942, 0.0 ], [ 123.630265598000051, -10.181772703999968, 0.0 ], [ 123.630821832000038, -10.182124582999961, 0.0 ], [ 123.631263347000072, -10.182482663999963, 0.0 ], [ 123.631561086000033, -10.182707578999953, 0.0 ], [ 123.63194033000002, -10.182822342999941, 0.0 ], [ 123.632200115000046, -10.182887644999937, 0.0 ], [ 123.632459735000111, -10.182869196999945, 0.0 ], [ 123.632610638000074, -10.182838993999951, 0.0 ], [ 123.632776195000019, -10.182788023999933, 0.0 ], [ 123.632993467, -10.182730174999961, 0.0 ], [ 123.633166862000053, -10.182695469999942, 0.0 ], [ 123.633263107000062, -10.182648293999932, 0.0 ], [ 123.633320686000047, -10.182612933999962, 0.0 ], [ 123.634189499000058, -10.182079386999931, 0.0 ], [ 123.634797228000025, -10.181597237999938, 0.0 ], [ 123.635281883000061, -10.181172757999946, 0.0 ], [ 123.635549053000091, -10.18069844799993, 0.0 ], [ 123.636003982000034, -10.179900732999954, 0.0 ], [ 123.636394022000104, -10.179268253999965, 0.0 ], [ 123.636538119000079, -10.17885161199996, 0.0 ], [ 123.636682699000062, -10.178679043999978, 0.0 ], [ 123.637011655000038, -10.178639019999935, 0.0 ], [ 123.637156548, -10.178624379999974, 0.0 ], [ 123.637342912, -10.178592986999945, 0.0 ], [ 123.638364741000032, -10.178655602999982, 0.0 ], [ 123.63967639100008, -10.178706881999972, 0.0 ], [ 123.639934324000023, -10.178262917999973, 0.0 ], [ 123.640557394000098, -10.177190463999978, 0.0 ], [ 123.641113932000053, -10.175806423999973, 0.0 ], [ 123.641367745000025, -10.175933117999932, 0.0 ], [ 123.641678159000094, -10.176088063999941, 0.0 ], [ 123.641815247000068, -10.176156491999961, 0.0 ], [ 123.641820154000015, -10.176158941999972, 0.0 ], [ 123.641864172000055, -10.175856033999935, 0.0 ], [ 123.641778125000087, -10.175583892999953, 0.0 ], [ 123.641835787000105, -10.175430634999941, 0.0 ], [ 123.641909031000068, -10.175289358999976, 0.0 ], [ 123.642028507000077, -10.175176611999973, 0.0 ], [ 123.642168454000057, -10.175104550999947, 0.0 ], [ 123.642409844000099, -10.17503229099998, 0.0 ], [ 123.642636819000018, -10.174998344999949, 0.0 ], [ 123.642730437000068, -10.175010125999961, 0.0 ], [ 123.642805760000101, -10.174932208999962, 0.0 ], [ 123.642920441000115, -10.174908055999936, 0.0 ], [ 123.643272166000088, -10.174887155999954, 0.0 ], [ 123.643691153000077, -10.174983973999929, 0.0 ], [ 123.643726235000031, -10.17491365799998, 0.0 ], [ 123.644175724000092, -10.175030502999959, 0.0 ], [ 123.644620844000087, -10.175137306999943, 0.0 ], [ 123.644576152000013, -10.175291344999948, 0.0 ], [ 123.64444327800004, -10.175749311999937, 0.0 ], [ 123.644490098, -10.17578857999996, 0.0 ], [ 123.644556385000101, -10.175814856999978, 0.0 ], [ 123.644588273000068, -10.175817665999944, 0.0 ], [ 123.64463408000006, -10.175787059999948, 0.0 ], [ 123.644742614000052, -10.175709077999954, 0.0 ], [ 123.644836125000097, -10.175667017999956, 0.0 ], [ 123.644938728000056, -10.175642886999981, 0.0 ], [ 123.645097858000099, -10.175618679999957, 0.0 ], [ 123.645179986000016, -10.175621389999947, 0.0 ], [ 123.645308611000019, -10.17568526499997, 0.0 ], [ 123.645319789000041, -10.175688975999947, 0.0 ], [ 123.645330967000064, -10.17569268799997, 0.0 ], [ 123.645803863000083, -10.175532227999952, 0.0 ], [ 123.646111771000051, -10.17550769099995, 0.0 ], [ 123.64637144400001, -10.175519142999974, 0.0 ], [ 123.646704259000103, -10.17552716199998, 0.0 ], [ 123.646742638000092, -10.175528086999975, 0.0 ], [ 123.646830382000076, -10.175530200999958, 0.0 ], [ 123.647180630000094, -10.175541472999953, 0.0 ], [ 123.647542918000113, -10.175534773999971, 0.0 ], [ 123.647792593000077, -10.17545404699996, 0.0 ], [ 123.64802407500008, -10.175259765999954, 0.0 ], [ 123.648196513000016, -10.175131405999934, 0.0 ], [ 123.648360678000017, -10.175092793999966, 0.0 ], [ 123.648517671000036, -10.175090090999959, 0.0 ], [ 123.648708506000048, -10.17510167699993, 0.0 ], [ 123.648865473000114, -10.175087008999981, 0.0 ], [ 123.649051353000118, -10.175036388999956, 0.0 ], [ 123.649176776000104, -10.174949996999942, 0.0 ], [ 123.6493456070001, -10.174830017999966, 0.0 ], [ 123.649483043000032, -10.174744251999925, 0.0 ], [ 123.649487933000046, -10.174741199999971, 0.0 ], [ 123.649608530000023, -10.174657209999964, 0.0 ], [ 123.649668769000073, -10.174585303999947, 0.0 ], [ 123.649753102000091, -10.174484634999942, 0.0 ], [ 123.649888191000059, -10.174400616999947, 0.0 ], [ 123.650054742000066, -10.17434764199993, 0.0 ], [ 123.650185102000023, -10.174313883999957, 0.0 ], [ 123.650224340000022, -10.174307324999972, 0.0 ], [ 123.650532793000025, -10.174255763999952, 0.0 ], [ 123.65075003100003, -10.174185937999937, 0.0 ], [ 123.650898609000023, -10.174117643999978, 0.0 ], [ 123.650938253000049, -10.174099420999937, 0.0 ], [ 123.651121590000116, -10.173986590999959, 0.0 ], [ 123.651147236000043, -10.173965528999929, 0.0 ], [ 123.651266109000062, -10.173848278999969, 0.0 ], [ 123.651397780000025, -10.173746079999944, 0.0 ], [ 123.651482906000069, -10.173689459999935, 0.0 ], [ 123.651624654000102, -10.173614399999963, 0.0 ], [ 123.651763347000042, -10.17352139999997, 0.0 ], [ 123.652045161000046, -10.173488364999969, 0.0 ], [ 123.652199993000067, -10.173440006999954, 0.0 ], [ 123.65259246800008, -10.173458694999965, 0.0 ], [ 123.652746510000043, -10.173403654999959, 0.0 ], [ 123.652852567000082, -10.173342628999933, 0.0 ], [ 123.652954770000065, -10.173335589999965, 0.0 ], [ 123.653310029000068, -10.173122909999961, 0.0 ], [ 123.653548477000072, -10.172929410999927, 0.0 ], [ 123.653662699000051, -10.172680921999927, 0.0 ], [ 123.653683678000107, -10.172438278999948, 0.0 ], [ 123.653579593000018, -10.172441038999978, 0.0 ], [ 123.65351312700011, -10.172442801999978, 0.0 ], [ 123.653610082000114, -10.171950041999935, 0.0 ], [ 123.653769665000027, -10.171559205999927, 0.0 ], [ 123.653886823000107, -10.171210568999982, 0.0 ], [ 123.65390530500008, -10.171157582999967, 0.0 ], [ 123.653948296000067, -10.171034329999941, 0.0 ], [ 123.654013389000056, -10.170737483999972, 0.0 ], [ 123.654020339000112, -10.170354609999947, 0.0 ], [ 123.65400433100001, -10.17008472599997, 0.0 ], [ 123.654035154000098, -10.170038720999969, 0.0 ], [ 123.654324978000091, -10.170032398999979, 0.0 ], [ 123.654389704000096, -10.170030354999938, 0.0 ], [ 123.654454429000111, -10.170028310999953, 0.0 ], [ 123.654531567000049, -10.169953499999963, 0.0 ], [ 123.654623714000081, -10.169658512999945, 0.0 ], [ 123.654710075000025, -10.169369280999945, 0.0 ], [ 123.654905989000099, -10.168792683999982, 0.0 ], [ 123.654986632000032, -10.168537707999974, 0.0 ], [ 123.655045179000012, -10.168352594999931, 0.0 ], [ 123.655185123000024, -10.167885455999965, 0.0 ], [ 123.65521646600007, -10.167780833999927, 0.0 ], [ 123.655439591000118, -10.16714548899995, 0.0 ], [ 123.655483984000057, -10.167019077999953, 0.0 ], [ 123.655518753000024, -10.166937005999955, 0.0 ], [ 123.6556874260001, -10.167010991999973, 0.0 ], [ 123.655658784000025, -10.16717854999996, 0.0 ], [ 123.655689100000018, -10.167191738999975, 0.0 ], [ 123.656158730000016, -10.167240331999949, 0.0 ], [ 123.656308394, -10.167250797999941, 0.0 ], [ 123.656847491, -10.167282236999938, 0.0 ], [ 123.656990937000046, -10.167294727999945, 0.0 ], [ 123.657099449000043, -10.167290269999967, 0.0 ], [ 123.657101914, -10.167436316999954, 0.0 ], [ 123.657344830000056, -10.168271711999978, 0.0 ], [ 123.665471721000017, -10.167254652999929, 0.0 ], [ 123.670781490000081, -10.165596175999951, 0.0 ], [ 123.67110200400009, -10.165518101999965, 0.0 ], [ 123.671477958000082, -10.165446718999931, 0.0 ], [ 123.671715904000052, -10.165384852999978, 0.0 ], [ 123.671911020000039, -10.165356298999939, 0.0 ], [ 123.671966910000037, -10.165364439999962, 0.0 ], [ 123.672006941000063, -10.165370270999972, 0.0 ], [ 123.672049771000047, -10.165377885999931, 0.0 ], [ 123.672083084000064, -10.165391210999928, 0.0 ], [ 123.67210671700002, -10.165412445999948, 0.0 ], [ 123.672148757000059, -10.165450220999958, 0.0 ], [ 123.672244887000033, -10.16554920699997, 0.0 ], [ 123.672367667000117, -10.165680552999959, 0.0 ], [ 123.672461894000094, -10.16577573099994, 0.0 ], [ 123.672557072000018, -10.165876620999938, 0.0 ], [ 123.672662721000052, -10.165996544999928, 0.0 ], [ 123.67271887600009, -10.166049844999975, 0.0 ], [ 123.672728275000054, -10.166043008999964, 0.0 ], [ 123.672792163000054, -10.165996544999928, 0.0 ], [ 123.67289495600005, -10.165931823999927, 0.0 ], [ 123.67302725400009, -10.165856632999976, 0.0 ], [ 123.67319476800003, -10.165761454999938, 0.0 ], [ 123.673330873000054, -10.165690070999972, 0.0 ], [ 123.673484110000118, -10.165624397999977, 0.0 ], [ 123.673646866000013, -10.165548254999976, 0.0 ], [ 123.673875294000027, -10.165422618999969, 0.0 ], [ 123.674034242000062, -10.165352186999939, 0.0 ], [ 123.674422570000047, -10.165183721999938, 0.0 ], [ 123.674704298000051, -10.165059989999975, 0.0 ], [ 123.674912739000092, -10.164955292999934, 0.0 ], [ 123.675173528000073, -10.164841078999928, 0.0 ], [ 123.675209140000106, -10.164828864999947, 0.0 ], [ 123.675245308000058, -10.164997329999949, 0.0 ], [ 123.67528338000011, -10.165205770999933, 0.0 ], [ 123.675296705000051, -10.165321888999927, 0.0 ], [ 123.675307225000097, -10.165378405999945, 0.0 ], [ 123.675337631000048, -10.165541750999978, 0.0 ], [ 123.675352860000089, -10.165656916999978, 0.0 ], [ 123.675369040000078, -10.165748287999975, 0.0 ], [ 123.675382365000019, -10.165773034999972, 0.0 ], [ 123.675399497000058, -10.16578635999997, 0.0 ], [ 123.675435665, -10.165813009999965, 0.0 ], [ 123.675454701000035, -10.165850128999978, 0.0 ], [ 123.675480399000094, -10.165994799999964, 0.0 ], [ 123.675522277000027, -10.16614803799996, 0.0 ], [ 123.675577481000118, -10.166405970999961, 0.0 ], [ 123.675663142000076, -10.166761938999969, 0.0 ], [ 123.675709779000044, -10.166975137999941, 0.0 ], [ 123.675731670000118, -10.167101725999942, 0.0 ], [ 123.675761175000048, -10.167245444999935, 0.0 ], [ 123.675775452000039, -10.16731111799993, 0.0 ], [ 123.675795440000115, -10.167373935999933, 0.0 ], [ 123.675817331000076, -10.167436753999937, 0.0 ], [ 123.67586016100006, -10.167510040999957, 0.0 ], [ 123.675910605000013, -10.167598556999963, 0.0 ], [ 123.675951969000039, -10.167669633999935, 0.0 ], [ 123.675978182000108, -10.167714674999957, 0.0 ], [ 123.675982176000048, -10.167721709999967, 0.0 ], [ 123.676061939000078, -10.167862200999934, 0.0 ], [ 123.676100962000078, -10.167914549999978, 0.0 ], [ 123.676139986000067, -10.167978318999928, 0.0 ], [ 123.676145471000041, -10.167985433999945, 0.0 ], [ 123.676175202000081, -10.16802400499995, 0.0 ], [ 123.676207562000059, -10.168078256999934, 0.0 ], [ 123.676350330000105, -10.168071593999969, 0.0 ], [ 123.676512133000074, -10.168061123999962, 0.0 ], [ 123.676615878, -10.168057316999978, 0.0 ], [ 123.676703442000075, -10.168052557999943, 0.0 ], [ 123.676794813000015, -10.16805446199993, 0.0 ], [ 123.676851920000104, -10.16805446199993, 0.0 ], [ 123.676897606000011, -10.168058268999971, 0.0 ], [ 123.676928063000105, -10.168066834999934, 0.0 ], [ 123.676967086000104, -10.168063027999949, 0.0 ], [ 123.676998495000021, -10.168058268999971, 0.0 ], [ 123.67686143800006, -10.167484342999956, 0.0 ], [ 123.681204576000027, -10.166044123999939, 0.0 ], [ 123.681330351000042, -10.16600241499998, 0.0 ], [ 123.68231207000008, -10.165692398999965, 0.0 ], [ 123.682633109000108, -10.16559101799993, 0.0 ], [ 123.683349081000074, -10.16559230699994, 0.0 ], [ 123.683373304000042, -10.16562575699993, 0.0 ], [ 123.683392830000116, -10.165721430999952, 0.0 ], [ 123.683417430000077, -10.165931951999937, 0.0 ], [ 123.683417754000061, -10.166084404999935, 0.0 ], [ 123.683418080000024, -10.166238236999959, 0.0 ], [ 123.68338944300001, -10.166401010999948, 0.0 ], [ 123.683327125000119, -10.16662606999995, 0.0 ], [ 123.683284026000024, -10.16680323199995, 0.0 ], [ 123.683264948000101, -10.166918128999953, 0.0 ], [ 123.683222023000098, -10.167176647999952, 0.0 ], [ 123.683207796000033, -10.167301106999957, 0.0 ], [ 123.683217711000111, -10.167420728999957, 0.0 ], [ 123.683193619, -10.167449493999982, 0.0 ], [ 123.683208284000102, -10.167530820999957, 0.0 ], [ 123.683247030000075, -10.167578596999931, 0.0 ], [ 123.68330504700009, -10.167602404999968, 0.0 ], [ 123.683391966000045, -10.167587865999963, 0.0 ], [ 123.683614037000098, -10.167525188999946, 0.0 ], [ 123.683876389000034, -10.16752166699996, 0.0 ], [ 123.684416511000109, -10.167355054999973, 0.0 ], [ 123.68605811000009, -10.166987906999964, 0.0 ], [ 123.687747908, -10.166572790999965, 0.0 ], [ 123.689399118000097, -10.166186462999974, 0.0 ], [ 123.691552530000081, -10.165722495999944, 0.0 ], [ 123.691832574000045, -10.165664475999961, 0.0 ], [ 123.691919523000024, -10.165664292999963, 0.0 ], [ 123.691995, -10.165703332999954, 0.0 ], [ 123.692143394000027, -10.166439105999928, 0.0 ], [ 123.692231332, -10.16689834999994, 0.0 ], [ 123.692309258000023, -10.167194898999981, 0.0 ], [ 123.69236774, -10.167434061999927, 0.0 ], [ 123.69237793700006, -10.167682897999953, 0.0 ], [ 123.692272572000093, -10.168104263999965, 0.0 ], [ 123.692119644000059, -10.168870301999959, 0.0 ], [ 123.692005318000042, -10.169617114999937, 0.0 ], [ 123.691909964000047, -10.170201173999942, 0.0 ], [ 123.691838611000094, -10.170772777999957, 0.0 ], [ 123.69166009300011, -10.170814273999952, 0.0 ], [ 123.691100263000067, -10.171054741999967, 0.0 ], [ 123.68980676000001, -10.171564754999963, 0.0 ], [ 123.688957174000052, -10.171844115999932, 0.0 ], [ 123.688474341000074, -10.171950416999948, 0.0 ], [ 123.688039712000091, -10.172008758999937, 0.0 ], [ 123.687616389000027, -10.172095277999972, 0.0 ], [ 123.687141285000052, -10.172039359999928, 0.0 ], [ 123.686609941000029, -10.172050045999981, 0.0 ], [ 123.686069993000046, -10.172120005999943, 0.0 ], [ 123.686000628000102, -10.172117115999981, 0.0 ], [ 123.685829993000084, -10.172110005999969, 0.0 ], [ 123.685599993000096, -10.172090005999962, 0.0 ], [ 123.68507997800009, -10.172070005999956, 0.0 ], [ 123.684899993000045, -10.172070005999956, 0.0 ], [ 123.684689993, -10.172040005999975, 0.0 ], [ 123.684679993000032, -10.172030005999943, 0.0 ], [ 123.683379993000017, -10.171950005999975, 0.0 ], [ 123.683239994000019, -10.171930005999968, 0.0 ], [ 123.682930008000085, -10.171910005999962, 0.0 ], [ 123.682353842000111, -10.171867847999977, 0.0 ], [ 123.682036389000018, -10.17183666699998, 0.0 ], [ 123.68183999300004, -10.171835005999981, 0.0 ], [ 123.681569993000039, -10.171820005999962, 0.0 ], [ 123.681039993000013, -10.171790005999981, 0.0 ], [ 123.679749994000076, -10.171710005999955, 0.0 ], [ 123.679219993000061, -10.17170000599998, 0.0 ], [ 123.679189993000023, -10.17170000699997, 0.0 ], [ 123.678550008000116, -10.17170000599998, 0.0 ], [ 123.678318994000051, -10.171760507999977, 0.0 ], [ 123.678164645000038, -10.17180093199994, 0.0 ], [ 123.678129993000084, -10.171810006999976, 0.0 ], [ 123.678079993000097, -10.171829989999935, 0.0 ], [ 123.678039993000084, -10.171850005999943, 0.0 ], [ 123.677989994000086, -10.171880005999981, 0.0 ], [ 123.677919993000046, -10.171950005999975, 0.0 ], [ 123.677475697000091, -10.172423928999933, 0.0 ], [ 123.677469993000045, -10.172430005999956, 0.0 ], [ 123.677460009000015, -10.172430005999956, 0.0 ], [ 123.67738999200003, -10.172490005999975, 0.0 ], [ 123.677129993000108, -10.172760006999965, 0.0 ], [ 123.676999993000095, -10.17295000699994, 0.0 ], [ 123.676987642000086, -10.172980198999937, 0.0 ], [ 123.676909993000095, -10.173170005999964, 0.0 ], [ 123.676769993000107, -10.173410006999973, 0.0 ], [ 123.676619993000031, -10.173650005999946, 0.0 ], [ 123.676370008000049, -10.174040005999927, 0.0 ], [ 123.675649992000103, -10.175330005999967, 0.0 ], [ 123.675479993000067, -10.175610005999943, 0.0 ], [ 123.675329993000105, -10.175890005999975, 0.0 ], [ 123.675009993000117, -10.176460005999957, 0.0 ], [ 123.674890009000023, -10.17668000599997, 0.0 ], [ 123.674569993000091, -10.177290005999964, 0.0 ], [ 123.674309977, -10.177780005999978, 0.0 ], [ 123.674219993000065, -10.177940005999972, 0.0 ], [ 123.674019993000115, -10.178300005999972, 0.0 ], [ 123.673860670000067, -10.178503585999977, 0.0 ], [ 123.673839993000115, -10.178530006999949, 0.0 ], [ 123.673684406, -10.178728812999964, 0.0 ], [ 123.673683636000078, -10.178774688999965, 0.0 ], [ 123.673741574000019, -10.178760211999929, 0.0 ], [ 123.673858215000109, -10.178724371999976, 0.0 ], [ 123.67400719200009, -10.178726164999944, 0.0 ], [ 123.674234296, -10.178754411999932, 0.0 ], [ 123.674379347000013, -10.178816326999936, 0.0 ], [ 123.674466541000015, -10.178931004999981, 0.0 ], [ 123.674553855000113, -10.17910311199995, 0.0 ], [ 123.674558907000119, -10.17920838699996, 0.0 ], [ 123.674535045000084, -10.179347222999979, 0.0 ], [ 123.674433761000046, -10.179424002999951, 0.0 ], [ 123.674409929000035, -10.179577195999968, 0.0 ], [ 123.674405279000098, -10.179663347999963, 0.0 ], [ 123.674419982000018, -10.179763818999959, 0.0 ], [ 123.674478142000112, -10.17985462799993, 0.0 ], [ 123.674546023000062, -10.179974130999938, 0.0 ], [ 123.674637978000078, -10.180055298999946, 0.0 ], [ 123.674763677000101, -10.180102896999927, 0.0 ], [ 123.674879604000012, -10.180097871999976, 0.0 ], [ 123.674966527000038, -10.180083335999939, 0.0 ], [ 123.674985588000027, -10.179958866999925, 0.0 ], [ 123.675005949000024, -10.179878065999958, 0.0 ], [ 123.675070892, -10.179748716999939, 0.0 ], [ 123.675070681000079, -10.179648216999965, 0.0 ], [ 123.675070334000111, -10.179483109999978, 0.0 ], [ 123.675106368000115, -10.179389713999967, 0.0 ], [ 123.675193230000104, -10.179346463999934, 0.0 ], [ 123.675323614000035, -10.179324658999974, 0.0 ], [ 123.675417737000089, -10.179288570999972, 0.0 ], [ 123.675540875000024, -10.179266780999967, 0.0 ], [ 123.675700303000099, -10.179273630999944, 0.0 ], [ 123.675881485000104, -10.179287613999975, 0.0 ], [ 123.676048265000077, -10.179344697999966, 0.0 ], [ 123.676200523000034, -10.179387454999926, 0.0 ], [ 123.676359997000077, -10.179415839999933, 0.0 ], [ 123.676512149000018, -10.179408346999935, 0.0 ], [ 123.676700561000075, -10.179415135999932, 0.0 ], [ 123.6767948050001, -10.179436476999967, 0.0 ], [ 123.676954264000074, -10.179457682999953, 0.0 ], [ 123.677070277000098, -10.17949333599995, 0.0 ], [ 123.677215243000092, -10.17951457099997, 0.0 ], [ 123.677309366000031, -10.179478483999958, 0.0 ], [ 123.677483272000018, -10.179478123999957, 0.0 ], [ 123.677563039, -10.179506672999935, 0.0 ], [ 123.677621204000047, -10.179599873999962, 0.0 ], [ 123.677734993000058, -10.179720005999968, 0.0 ], [ 123.677769993000084, -10.179820005999943, 0.0 ], [ 123.677939993000109, -10.180060005999962, 0.0 ], [ 123.678019993000021, -10.180150005999963, 0.0 ], [ 123.678048214000114, -10.180291070999942, 0.0 ], [ 123.678048308000029, -10.180291552999961, 0.0 ], [ 123.678049993000059, -10.180300005999982, 0.0 ], [ 123.678050111000061, -10.180301069999928, 0.0 ], [ 123.678069993, -10.180480005999925, 0.0 ], [ 123.67809335000004, -10.180705785999976, 0.0 ], [ 123.678099993000046, -10.180770005999932, 0.0 ], [ 123.678099080000038, -10.180771892999928, 0.0 ], [ 123.677952410000103, -10.181075011999951, 0.0 ], [ 123.677949993000084, -10.181080005999945, 0.0 ], [ 123.677877268000088, -10.181168314999979, 0.0 ], [ 123.677868605000072, -10.181178834999969, 0.0 ], [ 123.677809993000096, -10.181250005999971, 0.0 ], [ 123.677729993000071, -10.181360005999977, 0.0 ], [ 123.67772849500011, -10.18136562199993, 0.0 ], [ 123.67756999300002, -10.18196000599994, 0.0 ], [ 123.677558157000021, -10.182000774999949, 0.0 ], [ 123.677552524000021, -10.18202017699997, 0.0 ], [ 123.67752499300002, -10.182115005999947, 0.0 ], [ 123.677510520000055, -10.182164855999929, 0.0 ], [ 123.67747999300002, -10.182270005999953, 0.0 ], [ 123.677481703000012, -10.182275137999966, 0.0 ], [ 123.677519993000033, -10.182390021999936, 0.0 ], [ 123.677538864000098, -10.182439768999927, 0.0 ], [ 123.677528034000034, -10.182443920999958, 0.0 ], [ 123.677377401000058, -10.182485389999954, 0.0 ], [ 123.677132140000026, -10.182552897999926, 0.0 ], [ 123.677128239000012, -10.182535677999965, 0.0 ], [ 123.677103361000036, -10.182448988999965, 0.0 ], [ 123.677027529000043, -10.182250431999933, 0.0 ], [ 123.676859015000105, -10.182276975999969, 0.0 ], [ 123.676862381000092, -10.182154932999936, 0.0 ], [ 123.676307992000034, -10.182127364999928, 0.0 ], [ 123.676284680000094, -10.182851217999939, 0.0 ], [ 123.675029992000077, -10.182800005999979, 0.0 ], [ 123.674859993000041, -10.182809990999942, 0.0 ], [ 123.674859993000041, -10.182640005999929, 0.0 ], [ 123.674849993000066, -10.182520005999947, 0.0 ], [ 123.674859993000041, -10.182260006999968, 0.0 ], [ 123.674829993000117, -10.182260005999979, 0.0 ], [ 123.673639993000052, -10.182350005999979, 0.0 ], [ 123.673629993000077, -10.182370006999975, 0.0 ], [ 123.673579993000089, -10.182700004999958, 0.0 ], [ 123.673529994000091, -10.182870005999973, 0.0 ], [ 123.673519992000024, -10.182910005999929, 0.0 ], [ 123.673209993000114, -10.182890004999933, 0.0 ], [ 123.672839993000025, -10.182850005999967, 0.0 ], [ 123.672585472000037, -10.182821082999965, 0.0 ], [ 123.672399993000113, -10.182800005999979, 0.0 ], [ 123.67208999200011, -10.182770005999942, 0.0 ], [ 123.671950009000057, -10.182760005999967, 0.0 ], [ 123.671489994000012, -10.182700005999948, 0.0 ], [ 123.671429721000095, -10.18269189199998, 0.0 ], [ 123.67122525700006, -10.18306088199995, 0.0 ], [ 123.671224099000028, -10.183084812999937, 0.0 ], [ 123.67130265500009, -10.183111571999973, 0.0 ], [ 123.671505169000056, -10.183218834999934, 0.0 ], [ 123.671722898000098, -10.183382896999944, 0.0 ], [ 123.671880111000064, -10.183484270999941, 0.0 ], [ 123.671919992000085, -10.183510005999949, 0.0 ], [ 123.671869993000087, -10.183550005999962, 0.0 ], [ 123.67172997800003, -10.18368002099993, 0.0 ], [ 123.671634986000072, -10.183760012999926, 0.0 ], [ 123.67153999300001, -10.183840004999979, 0.0 ], [ 123.671469994000063, -10.183910005999962, 0.0 ], [ 123.671189993000098, -10.183740005999937, 0.0 ], [ 123.671009993000098, -10.18363000599993, 0.0 ], [ 123.670919993000098, -10.183590005999974, 0.0 ], [ 123.670889276000025, -10.183504051999932, 0.0 ], [ 123.67085652600008, -10.183435922999934, 0.0 ], [ 123.670787635000011, -10.183410938999941, 0.0 ], [ 123.670675567000103, -10.18352961599993, 0.0 ], [ 123.670748216000106, -10.183619198999963, 0.0 ], [ 123.670553057, -10.183852903999934, 0.0 ], [ 123.670687418000057, -10.183999789999973, 0.0 ], [ 123.670558990000018, -10.184118199999943, 0.0 ], [ 123.670750000000112, -10.18436111099993, 0.0 ], [ 123.670787639000082, -10.184424038999964, 0.0 ], [ 123.670774883000036, -10.184433770999931, 0.0 ], [ 123.67075534300011, -10.18444816899995, 0.0 ], [ 123.670589993000021, -10.184570005999944, 0.0 ], [ 123.670641645000046, -10.184635189999938, 0.0 ], [ 123.67071072400006, -10.184749905999979, 0.0 ], [ 123.670797873000083, -10.184843048999937, 0.0 ], [ 123.67093216100011, -10.184954041999958, 0.0 ], [ 123.671189671000093, -10.185082727999941, 0.0 ], [ 123.671381830000087, -10.185146940999971, 0.0 ], [ 123.671530482000094, -10.185196885999972, 0.0 ], [ 123.671711772000094, -10.18526112099994, 0.0 ], [ 123.671795186000054, -10.185300431999963, 0.0 ], [ 123.671972845000028, -10.185361084999954, 0.0 ], [ 123.672154136000017, -10.185425319999979, 0.0 ], [ 123.672320934000027, -10.185489584999971, 0.0 ], [ 123.672398713, -10.185529383999949, 0.0 ], [ 123.672479993000024, -10.185710005999965, 0.0 ], [ 123.672429993000037, -10.185780005999959, 0.0 ], [ 123.672369993000075, -10.185890005999966, 0.0 ], [ 123.672339993000037, -10.186050020999971, 0.0 ], [ 123.672420509000062, -10.186479430999952, 0.0 ], [ 123.672429992000048, -10.186530003999962, 0.0 ], [ 123.672472434000042, -10.186756359999947, 0.0 ], [ 123.672446428000057, -10.186783667999975, 0.0 ], [ 123.672332135000033, -10.186993277999932, 0.0 ], [ 123.672392621000085, -10.187041010999963, 0.0 ], [ 123.672398835000081, -10.187124748999963, 0.0 ], [ 123.672411012000111, -10.18717258099997, 0.0 ], [ 123.672453395000048, -10.187226332999956, 0.0 ], [ 123.672513955000113, -10.187309958999947, 0.0 ], [ 123.672561372000018, -10.187460611999938, 0.0 ], [ 123.672600309000018, -10.187599317999968, 0.0 ], [ 123.672610352000106, -10.187781154999982, 0.0 ], [ 123.672634948000109, -10.187991676999957, 0.0 ], [ 123.672635249000109, -10.18813524799998, 0.0 ], [ 123.672649791000026, -10.188159146999965, 0.0 ], [ 123.672751249000044, -10.188163723999935, 0.0 ], [ 123.672828533000029, -10.188158778999934, 0.0 ], [ 123.672939672000098, -10.188172907999956, 0.0 ], [ 123.673065334000057, -10.188201363999951, 0.0 ], [ 123.673215150000033, -10.188229768999975, 0.0 ], [ 123.67332146900003, -10.188248692999935, 0.0 ], [ 123.673394031000043, -10.188263475999975, 0.0 ], [ 123.67353, -10.188320005999969, 0.0 ], [ 123.673609992000024, -10.188380005999932, 0.0 ], [ 123.673839993000115, -10.188530005999951, 0.0 ], [ 123.673879978000059, -10.188610005999976, 0.0 ], [ 123.673870165000039, -10.18876381299998, 0.0 ], [ 123.67380554500005, -10.18891171599995, 0.0 ], [ 123.673656251000011, -10.189132166999968, 0.0 ], [ 123.673502136000025, -10.189357413999971, 0.0 ], [ 123.673429864000013, -10.18944849199994, 0.0 ], [ 123.673376764000068, -10.189467743999955, 0.0 ], [ 123.673300846000075, -10.189462503999948, 0.0 ], [ 123.673240709000083, -10.189420430999974, 0.0 ], [ 123.673172997000052, -10.189382284999965, 0.0 ], [ 123.673090802000047, -10.189348953999968, 0.0 ], [ 123.67298448300005, -10.189330029999951, 0.0 ], [ 123.672913081000047, -10.18933300599997, 0.0 ], [ 123.672824851000087, -10.189335143999926, 0.0 ], [ 123.67275629300002, -10.189324755999962, 0.0 ], [ 123.672698313000069, -10.189320089999967, 0.0 ], [ 123.672662087000049, -10.189322556999969, 0.0 ], [ 123.672618644000067, -10.189339396999969, 0.0 ], [ 123.672560848000103, -10.189363196999977, 0.0 ], [ 123.672514901000113, -10.189397038999971, 0.0 ], [ 123.672476324000058, -10.18943061899995, 0.0 ], [ 123.672428076000074, -10.189459431999978, 0.0 ], [ 123.672391879000088, -10.189476256999967, 0.0 ], [ 123.672360519000108, -10.189495463999947, 0.0 ], [ 123.672279176000075, -10.18953358999994, 0.0 ], [ 123.672185218000095, -10.189608371999952, 0.0 ], [ 123.672114, -10.189676, 0.0 ], [ 123.672066094000115, -10.189717708999979, 0.0 ], [ 123.672028023000053, -10.18973912499996, 0.0 ], [ 123.671966157000043, -10.189753400999962, 0.0 ], [ 123.671851943000092, -10.189767677999953, 0.0 ], [ 123.671742488000064, -10.189772436999931, 0.0 ], [ 123.671625894000044, -10.189777195999966, 0.0 ], [ 123.671549751000043, -10.18976529899993, 0.0 ], [ 123.671475988000111, -10.189774816999943, 0.0 ], [ 123.671380810000073, -10.189762918999975, 0.0 ], [ 123.671257078000053, -10.189724847999969, 0.0 ], [ 123.671185694000087, -10.189708191999955, 0.0 ], [ 123.671004855000092, -10.189674878999938, 0.0 ], [ 123.670857328000011, -10.18965108499998, 0.0 ], [ 123.670759770000018, -10.189648704999968, 0.0 ], [ 123.670655074000024, -10.189636807999932, 0.0 ], [ 123.670562275000066, -10.189636807999932, 0.0 ], [ 123.670493271000055, -10.189634427999977, 0.0 ], [ 123.670448061000116, -10.189648704999968, 0.0 ], [ 123.670393333000106, -10.189662981999959, 0.0 ], [ 123.670348124000043, -10.18967011999996, 0.0 ], [ 123.670302914000104, -10.189653463999946, 0.0 ], [ 123.670238668000025, -10.189643945999933, 0.0 ], [ 123.670179182000084, -10.189662981999959, 0.0 ], [ 123.670103039000082, -10.189682017999928, 0.0 ], [ 123.670048312000063, -10.189679637999973, 0.0 ], [ 123.669995963000019, -10.189662981999959, 0.0 ], [ 123.669912682000017, -10.189601115999949, 0.0 ], [ 123.669829401000015, -10.189558285999965, 0.0 ], [ 123.669717566000031, -10.189477383999929, 0.0 ], [ 123.669593834000011, -10.189382204999959, 0.0 ], [ 123.669434411000111, -10.189270370999964, 0.0 ], [ 123.669343991000119, -10.189210883999976, 0.0 ], [ 123.669401098000094, -10.189132361999953, 0.0 ], [ 123.669541486000071, -10.188903933999939, 0.0 ], [ 123.669786571000031, -10.188570808999941, 0.0 ], [ 123.670015475000014, -10.18827956299998, 0.0 ], [ 123.669971693000093, -10.188249105999944, 0.0 ], [ 123.669632858000114, -10.188007352999932, 0.0 ], [ 123.669429176000108, -10.187862681999945, 0.0 ], [ 123.669318769000029, -10.187778924999975, 0.0 ], [ 123.669077016000074, -10.187638060999973, 0.0 ], [ 123.669067498000118, -10.187579049999954, 0.0 ], [ 123.669067498000118, -10.187544785999933, 0.0 ], [ 123.669048462000092, -10.187495292999927, 0.0 ], [ 123.669035137000037, -10.187455317999934, 0.0 ], [ 123.669004680000057, -10.187421053999969, 0.0 ], [ 123.668962801000021, -10.18739249999993, 0.0 ], [ 123.668930441000043, -10.187367753999979, 0.0 ], [ 123.668901887000061, -10.187343006999981, 0.0 ], [ 123.668877141000053, -10.187312549999945, 0.0 ], [ 123.668828600000097, -10.187233170999946, 0.0 ], [ 123.668814323000106, -10.187187485999971, 0.0 ], [ 123.668771493, -10.187150365999969, 0.0 ], [ 123.66871153000011, -10.187113246999957, 0.0 ], [ 123.668805757000086, -10.186896239999953, 0.0 ], [ 123.668491668000115, -10.186773459999927, 0.0 ], [ 123.668595216000085, -10.186441015999947, 0.0 ], [ 123.668419993000043, -10.186400005999928, 0.0 ], [ 123.667989993000106, -10.186300006999943, 0.0 ], [ 123.667769993000093, -10.186250005999966, 0.0 ], [ 123.667619993000017, -10.186220006999974, 0.0 ], [ 123.667339993000041, -10.186150005999934, 0.0 ], [ 123.667139994000081, -10.186100004999957, 0.0 ], [ 123.666649994000068, -10.185970005999934, 0.0 ], [ 123.666339993000065, -10.185910004999926, 0.0 ], [ 123.665779992000012, -10.185800005999965, 0.0 ], [ 123.665619994000053, -10.185770005999927, 0.0 ], [ 123.665509993000114, -10.185750005999978, 0.0 ], [ 123.665439994000053, -10.185730006999961, 0.0 ], [ 123.665299992000087, -10.185700005999934, 0.0 ], [ 123.664959994000014, -10.185660005999978, 0.0 ], [ 123.664829992000023, -10.185640006999961, 0.0 ], [ 123.664379993000011, -10.185640005999971, 0.0 ], [ 123.664039994000063, -10.185650006999936, 0.0 ], [ 123.66345999300006, -10.185670005999953, 0.0 ], [ 123.663159993000022, -10.185670006999942, 0.0 ], [ 123.66291999300006, -10.18572000599994, 0.0 ], [ 123.662779993000072, -10.185750005999978, 0.0 ], [ 123.662389993000033, -10.185830020999958, 0.0 ], [ 123.662329993000071, -10.185840006999967, 0.0 ], [ 123.662219993, -10.185860005999928, 0.0 ], [ 123.662139993000096, -10.185870005999959, 0.0 ], [ 123.662039978000053, -10.185890005999966, 0.0 ], [ 123.661949994000111, -10.185880005999934, 0.0 ], [ 123.66187999300007, -10.185830019999969, 0.0 ], [ 123.66180999300002, -10.185760012999935, 0.0 ], [ 123.661790134000057, -10.185740152999927, 0.0 ], [ 123.661739992000093, -10.185690006999948, 0.0 ], [ 123.66166071900011, -10.185610732999976, 0.0 ], [ 123.66162131100009, -10.185571323999966, 0.0 ], [ 123.661615043000097, -10.185565055999973, 0.0 ], [ 123.661589993, -10.18554000599994, 0.0 ], [ 123.661539993000019, -10.185480005999977, 0.0 ], [ 123.66144999200003, -10.185360005999939, 0.0 ], [ 123.661409993, -10.185320005999927, 0.0 ], [ 123.661349993000044, -10.185245005999946, 0.0 ], [ 123.661289993000082, -10.185170005999964, 0.0 ], [ 123.661169992000055, -10.185020005999945, 0.0 ], [ 123.661059993000094, -10.184950005999951, 0.0 ], [ 123.660849993000056, -10.184810005999964, 0.0 ], [ 123.660799992000079, -10.18474000599997, 0.0 ], [ 123.66044713000008, -10.184262283999942, 0.0 ], [ 123.660339937000117, -10.184117160999961, 0.0 ], [ 123.660160567000048, -10.183874320999962, 0.0 ], [ 123.660155280000026, -10.183867162999945, 0.0 ], [ 123.660149993000118, -10.183860005999975, 0.0 ], [ 123.659709994000082, -10.183310005999942, 0.0 ], [ 123.659549993000041, -10.183160004999934, 0.0 ], [ 123.659539994000056, -10.18316000599998, 0.0 ], [ 123.659529992000103, -10.18316000599998, 0.0 ], [ 123.659219993000079, -10.182990004999965, 0.0 ], [ 123.659151650000013, -10.182950271999971, 0.0 ], [ 123.659050322000098, -10.182891358999939, 0.0 ], [ 123.658789992000038, -10.18274000699995, 0.0 ], [ 123.658674993000091, -10.182685005999929, 0.0 ], [ 123.65856675100008, -10.182633239999973, 0.0 ], [ 123.658563372000117, -10.182631622999963, 0.0 ], [ 123.65855999200005, -10.182630007999933, 0.0 ], [ 123.658444993000103, -10.182575005999979, 0.0 ], [ 123.658329992000063, -10.182520004999958, 0.0 ], [ 123.657801377000055, -10.182245661999957, 0.0 ], [ 123.657711323000058, -10.182198357999937, 0.0 ], [ 123.657711274, -10.182198331999928, 0.0 ], [ 123.657449993000114, -10.182060006999961, 0.0 ], [ 123.657379992000074, -10.182000005999953, 0.0 ], [ 123.657349993000025, -10.181970006999961, 0.0 ], [ 123.657299992000048, -10.181880006999961, 0.0 ], [ 123.657267120000029, -10.18181590599994, 0.0 ], [ 123.656899993000025, -10.181100005999951, 0.0 ], [ 123.656882557000017, -10.181070945999977, 0.0 ], [ 123.656809993000024, -10.180950005999932, 0.0 ], [ 123.6567799930001, -10.180869989999962, 0.0 ], [ 123.656754941000031, -10.180803191999928, 0.0 ], [ 123.656750559000102, -10.18079150799997, 0.0 ], [ 123.656749387000104, -10.180791537999937, 0.0 ], [ 123.656693, -10.180793, 0.0 ], [ 123.656272648000026, -10.180836702999954, 0.0 ], [ 123.656267765000052, -10.180837007999969, 0.0 ], [ 123.656266681000034, -10.180840974999967, 0.0 ], [ 123.655920452000032, -10.180907712999954, 0.0 ], [ 123.655833051000059, -10.180925499999944, 0.0 ], [ 123.65572614000007, -10.18093209999995, 0.0 ], [ 123.655701558000032, -10.180878383999982, 0.0 ], [ 123.655689900000084, -10.180846821999978, 0.0 ], [ 123.655686432000039, -10.180847226999958, 0.0 ], [ 123.654947433000075, -10.180933484999969, 0.0 ], [ 123.654826364000087, -10.180947615999969, 0.0 ], [ 123.65482071800011, -10.180955275999963, 0.0 ], [ 123.654815968000094, -10.181012160999956, 0.0 ], [ 123.654791527000043, -10.18146326699997, 0.0 ], [ 123.65475436700001, -10.181540570999971, 0.0 ], [ 123.654616215000033, -10.18154467599993, 0.0 ], [ 123.654607102000114, -10.181545145999962, 0.0 ], [ 123.654587078000077, -10.181547474999945, 0.0 ], [ 123.654430757000114, -10.181553969999982, 0.0 ], [ 123.654244787000039, -10.181561520999935, 0.0 ], [ 123.65408053200008, -10.181557063999946, 0.0 ], [ 123.653826892000097, -10.181545605999929, 0.0 ], [ 123.653772470000035, -10.181551099999979, 0.0 ], [ 123.653745576, -10.181545907999975, 0.0 ], [ 123.653709825000078, -10.181529669999975, 0.0 ], [ 123.653677864000088, -10.181465695999975, 0.0 ], [ 123.653676332000032, -10.181462629999942, 0.0 ], [ 123.653671677000034, -10.181453311999974, 0.0 ], [ 123.65367002500011, -10.181450005999977, 0.0 ], [ 123.653659993000019, -10.181430005999971, 0.0 ], [ 123.653624820000118, -10.181405654999935, 0.0 ], [ 123.653529993, -10.181340005999971, 0.0 ], [ 123.653473753000071, -10.181265005999933, 0.0 ], [ 123.653448606000097, -10.181267491999961, 0.0 ], [ 123.653297778000024, -10.181250188999968, 0.0 ], [ 123.652590454, -10.181169046999969, 0.0 ], [ 123.652551412000093, -10.181162201999939, 0.0 ], [ 123.652421573000083, -10.181160222999949, 0.0 ], [ 123.652320766000116, -10.181160222999949, 0.0 ], [ 123.651683184000035, -10.181213285999945, 0.0 ], [ 123.651262986, -10.181252408999967, 0.0 ], [ 123.650521978000029, -10.181304024999974, 0.0 ], [ 123.650484060000053, -10.18130986999995, 0.0 ], [ 123.650455847000103, -10.181305675999965, 0.0 ], [ 123.64989, -10.181075, 0.0 ], [ 123.649526937000019, -10.180959940999969, 0.0 ], [ 123.648995264000064, -10.180817422999951, 0.0 ], [ 123.64871, -10.18073, 0.0 ], [ 123.648604993000049, -10.180735005999964, 0.0 ], [ 123.648589993000087, -10.18080000599997, 0.0 ], [ 123.648649133000049, -10.18108725999997, 0.0 ], [ 123.648659993000024, -10.181140005999964, 0.0 ], [ 123.648819993000075, -10.181470005999927, 0.0 ], [ 123.648839993000024, -10.181550005999952, 0.0 ], [ 123.648880009000095, -10.181630005999978, 0.0 ], [ 123.6488999930001, -10.181710005999946, 0.0 ], [ 123.648869993000062, -10.181920005999928, 0.0 ], [ 123.648819993000075, -10.182260005999979, 0.0 ], [ 123.648829993000049, -10.182450006999943, 0.0 ], [ 123.648709993000011, -10.182720005999954, 0.0 ], [ 123.648639993000074, -10.182960006999963, 0.0 ], [ 123.648619993000011, -10.183110005999936, 0.0 ], [ 123.648619992000022, -10.18334000599998, 0.0 ], [ 123.648619993000011, -10.18363000599993, 0.0 ], [ 123.648589993000087, -10.183930005999969, 0.0 ], [ 123.648569993000024, -10.184250005999957, 0.0 ], [ 123.648619993000011, -10.184740006999959, 0.0 ], [ 123.648649993000049, -10.185160005999933, 0.0 ], [ 123.648669993000112, -10.185560005999946, 0.0 ], [ 123.648689977000117, -10.185750005999978, 0.0 ], [ 123.648654156000021, -10.185979330999942, 0.0 ], [ 123.64864564200002, -10.186033841999972, 0.0 ], [ 123.648639993000074, -10.186070005999966, 0.0 ], [ 123.648709992000022, -10.186200006999968, 0.0 ], [ 123.648829993000049, -10.186310005999928, 0.0 ], [ 123.648999993000075, -10.186390005999954, 0.0 ], [ 123.649007589, -10.186393977999955, 0.0 ], [ 123.649052658000073, -10.186417588999973, 0.0 ], [ 123.649126408000029, -10.186456219999968, 0.0 ], [ 123.649209996000081, -10.186500002999935, 0.0 ], [ 123.649229996000031, -10.186600002999967, 0.0 ], [ 123.649234996000018, -10.186750005999954, 0.0 ], [ 123.649239996, -10.186899989999972, 0.0 ], [ 123.649244996000107, -10.187050005999936, 0.0 ], [ 123.649249996000094, -10.187200003999976, 0.0 ], [ 123.649339987000076, -10.187270001999934, 0.0 ], [ 123.649499993000063, -10.187350005999974, 0.0 ], [ 123.649492167000062, -10.187772603999974, 0.0 ], [ 123.64949088700007, -10.187841727999967, 0.0 ], [ 123.649489993000088, -10.187890005999975, 0.0 ], [ 123.649549993000051, -10.18799000599995, 0.0 ], [ 123.649669993000089, -10.188189989999955, 0.0 ], [ 123.649699993000013, -10.188490005999938, 0.0 ], [ 123.649829993000026, -10.188660005999964, 0.0 ], [ 123.649829993000026, -10.188760005999939, 0.0 ], [ 123.649769977000119, -10.188920005999933, 0.0 ], [ 123.649639993000051, -10.189040005999971, 0.0 ], [ 123.649519993000013, -10.189170005999927, 0.0 ], [ 123.649549993000051, -10.189240005999977, 0.0 ], [ 123.649569993000114, -10.189280005999933, 0.0 ], [ 123.649539993000076, -10.189520005999952, 0.0 ], [ 123.649528079000106, -10.189606383999944, 0.0 ], [ 123.649444444000096, -10.189611110999977, 0.0 ], [ 123.649138889000028, -10.189333332999979, 0.0 ], [ 123.648333333000096, -10.18963888899998, 0.0 ], [ 123.648, -10.189583332999973, 0.0 ], [ 123.6475, -10.189944443999934, 0.0 ], [ 123.646861111000021, -10.190333332999955, 0.0 ], [ 123.645861111000045, -10.189888888999974, 0.0 ], [ 123.64555555600009, -10.189166666999938, 0.0 ], [ 123.645435075000023, -10.189015324999957, 0.0 ], [ 123.645353834000048, -10.188970045999952, 0.0 ], [ 123.645268222000027, -10.188922331999947, 0.0 ], [ 123.645137687000101, -10.188872338999943, 0.0 ], [ 123.645021559000043, -10.188779245999967, 0.0 ], [ 123.644991401000084, -10.188741376999928, 0.0 ], [ 123.644939993000094, -10.188600005999945, 0.0 ], [ 123.644838061000087, -10.188475421999954, 0.0 ], [ 123.64475, -10.1885, 0.0 ], [ 123.64474800500011, -10.188502592999953, 0.0 ], [ 123.644472222000104, -10.188861110999937, 0.0 ], [ 123.644471568000085, -10.188860809999937, 0.0 ], [ 123.64446943900009, -10.188873619999981, 0.0 ], [ 123.642585214000064, -10.18878639899998, 0.0 ], [ 123.642573309000113, -10.188773004999973, 0.0 ], [ 123.642, -10.1885, 0.0 ], [ 123.641527778000068, -10.18875, 0.0 ], [ 123.640888889000053, -10.188611110999943, 0.0 ], [ 123.640194444000031, -10.18875, 0.0 ], [ 123.639972222000097, -10.188861110999937, 0.0 ], [ 123.639666667000029, -10.189166666999938, 0.0 ], [ 123.639416667000091, -10.189333332999979, 0.0 ], [ 123.63929337400009, -10.189621016999979, 0.0 ], [ 123.639293715, -10.189622358999941, 0.0 ], [ 123.63925, -10.189722221999943, 0.0 ], [ 123.63924203800002, -10.18975047899994, 0.0 ], [ 123.63922036800011, -10.18978521799994, 0.0 ], [ 123.638982575000114, -10.189850290999971, 0.0 ], [ 123.638944444000117, -10.189805555999953, 0.0 ], [ 123.638829285000043, -10.189694251999981, 0.0 ], [ 123.638773307000065, -10.189708246999942, 0.0 ], [ 123.638194444000078, -10.19, 0.0 ], [ 123.63805555600004, -10.190361110999959, 0.0 ], [ 123.63788888900001, -10.190472221999926, 0.0 ], [ 123.637222222000105, -10.190666666999959, 0.0 ], [ 123.637219518000052, -10.191016874999946, 0.0 ], [ 123.637222222000105, -10.191277777999971, 0.0 ], [ 123.637, -10.191305555999975, 0.0 ], [ 123.63686111100003, -10.191472221999959, 0.0 ], [ 123.636817248000057, -10.191503552999961, 0.0 ], [ 123.6366666670001, -10.191611110999929, 0.0 ], [ 123.636305556000025, -10.191888888999927, 0.0 ], [ 123.636194444000012, -10.191972221999947, 0.0 ], [ 123.635722222000027, -10.191972221999947, 0.0 ], [ 123.636083333000101, -10.192611110999962, 0.0 ], [ 123.635854496000093, -10.192718798999977, 0.0 ], [ 123.635716586000058, -10.192816783999945, 0.0 ], [ 123.635637, -10.192902, 0.0 ], [ 123.635920940000119, -10.192987531999961, 0.0 ], [ 123.63984330400001, -10.194842123999933, 0.0 ], [ 123.64237283500006, -10.196129241999927, 0.0 ], [ 123.647933471000101, -10.198958590999951, 0.0 ], [ 123.648013785000103, -10.198993893999955, 0.0 ], [ 123.648861111000087, -10.1995, 0.0 ], [ 123.650036167000053, -10.199992275999932, 0.0 ], [ 123.65025, -10.200055555999938, 0.0 ], [ 123.650267595000059, -10.200089229999946, 0.0 ], [ 123.650194444000022, -10.200333332999946, 0.0 ], [ 123.650289138000062, -10.200624213999959, 0.0 ], [ 123.650686030000088, -10.20132697799994, 0.0 ], [ 123.650689993000015, -10.201360005999959, 0.0 ], [ 123.650699993000103, -10.201539990999947, 0.0 ], [ 123.650729993000027, -10.201890005999928, 0.0 ], [ 123.650829993000116, -10.202060005999954, 0.0 ], [ 123.650919993000116, -10.202190020999979, 0.0 ], [ 123.65094999300004, -10.202300005999973, 0.0 ], [ 123.651259993000053, -10.202580005999948, 0.0 ], [ 123.651249993000079, -10.202810006999925, 0.0 ], [ 123.651189993000116, -10.203259990999982, 0.0 ], [ 123.651239993000104, -10.203310005999981, 0.0 ], [ 123.651349993000053, -10.203350005999937, 0.0 ], [ 123.651429993000079, -10.20339000599995, 0.0 ], [ 123.651479993000066, -10.203479989999948, 0.0 ], [ 123.651539993000029, -10.203710005999937, 0.0 ], [ 123.651519993000079, -10.203830005999976, 0.0 ], [ 123.651459993000117, -10.20393000599995, 0.0 ], [ 123.651259993000053, -10.204290005999951, 0.0 ], [ 123.651229993000015, -10.204830005999952, 0.0 ], [ 123.651229993000015, -10.204930005999927, 0.0 ], [ 123.651209993000066, -10.205100006999942, 0.0 ], [ 123.651835494000011, -10.205722752999975, 0.0 ], [ 123.65188888900002, -10.205805555999973, 0.0 ], [ 123.65201008300005, -10.205846575999942, 0.0 ], [ 123.653694444000052, -10.206416666999928, 0.0 ], [ 123.653361111000095, -10.206583332999969, 0.0 ], [ 123.653083333000041, -10.207083332999957, 0.0 ], [ 123.652791390000061, -10.207148391999965, 0.0 ], [ 123.652729880000038, -10.207191226999953, 0.0 ], [ 123.652679196, -10.207212864999974, 0.0 ], [ 123.652628535000076, -10.20724526999993, 0.0 ], [ 123.652592367000011, -10.207277645999966, 0.0 ], [ 123.652564464000079, -10.207376039999929, 0.0 ], [ 123.652599993000081, -10.207530005999956, 0.0 ], [ 123.652607240000066, -10.207848877999936, 0.0 ], [ 123.652609993000056, -10.207970005999925, 0.0 ], [ 123.652699992000066, -10.208130005999976, 0.0 ], [ 123.652834992000066, -10.208405005999964, 0.0 ], [ 123.652873655, -10.208483763999936, 0.0 ], [ 123.652923864000059, -10.208586040999933, 0.0 ], [ 123.652969992000067, -10.208680005999952, 0.0 ], [ 123.653103804000011, -10.208823375999941, 0.0 ], [ 123.653109993000044, -10.20883000699996, 0.0 ], [ 123.653189993000069, -10.208960005999927, 0.0 ], [ 123.653559993000044, -10.209550005999972, 0.0 ], [ 123.653565834000119, -10.209566068999948, 0.0 ], [ 123.653574922000075, -10.209591058999933, 0.0 ], [ 123.653599993000057, -10.209660004999932, 0.0 ], [ 123.653789992000043, -10.20987000599996, 0.0 ], [ 123.653883538000059, -10.209971757999938, 0.0 ], [ 123.653913905000081, -10.210004788999981, 0.0 ], [ 123.654359993000071, -10.21049000599993, 0.0 ], [ 123.654499994000048, -10.210620005999942, 0.0 ], [ 123.654629993000071, -10.21074000599998, 0.0 ], [ 123.654730009000104, -10.210820006999938, 0.0 ], [ 123.655019992, -10.210930006999945, 0.0 ], [ 123.655029992000095, -10.210930005999955, 0.0 ], [ 123.655099993000022, -10.210990005999975, 0.0 ], [ 123.65530999200007, -10.21110000699997, 0.0 ], [ 123.655359993000047, -10.211120005999931, 0.0 ], [ 123.655479993000085, -10.211140004999947, 0.0 ], [ 123.655563703000098, -10.21112478799995, 0.0 ], [ 123.655590009000093, -10.211120005999931, 0.0 ], [ 123.655639993000023, -10.211110005999956, 0.0 ], [ 123.655859993000036, -10.21103000599993, 0.0 ], [ 123.65595999300001, -10.210990006999964, 0.0 ], [ 123.656197836000047, -10.210894868999958, 0.0 ], [ 123.656359993000024, -10.210830005999981, 0.0 ], [ 123.656450008000093, -10.210799990999931, 0.0 ], [ 123.656469992000098, -10.210790005999968, 0.0 ], [ 123.656549993000112, -10.210770005999962, 0.0 ], [ 123.656569993000062, -10.210770005999962, 0.0 ], [ 123.656639993000113, -10.210810005999974, 0.0 ], [ 123.656728116000068, -10.210890118999941, 0.0 ], [ 123.656749992000073, -10.210910006999939, 0.0 ], [ 123.656829992000098, -10.210960005999937, 0.0 ], [ 123.65688000800003, -10.21100998999998, 0.0 ], [ 123.656919993000088, -10.211060005999968, 0.0 ], [ 123.656969993000075, -10.211150005999968, 0.0 ], [ 123.656999993000113, -10.211220005999962, 0.0 ], [ 123.657039993000012, -10.211290005999956, 0.0 ], [ 123.657089977000055, -10.211400006999952, 0.0 ], [ 123.657100009000033, -10.211410005999937, 0.0 ], [ 123.657139993000101, -10.211520005999944, 0.0 ], [ 123.65715999300005, -10.211570005999931, 0.0 ], [ 123.657219993000012, -10.211659990999976, 0.0 ], [ 123.657338510000045, -10.211739013999932, 0.0 ], [ 123.657379993000063, -10.211770005999938, 0.0 ], [ 123.657469993000063, -10.211810005999951, 0.0 ], [ 123.657530007000105, -10.21180000499993, 0.0 ], [ 123.657589992000112, -10.211790005999944, 0.0 ], [ 123.657590835000065, -10.21178888299994, 0.0 ], [ 123.657619994000015, -10.211750005999932, 0.0 ], [ 123.657639994000078, -10.21180000499993, 0.0 ], [ 123.657737820000079, -10.211881525999956, 0.0 ], [ 123.657737847000021, -10.211881546999962, 0.0 ], [ 123.657737873000087, -10.211881567999967, 0.0 ], [ 123.657759993000013, -10.211900005999951, 0.0 ], [ 123.657829993000064, -10.211970005999945, 0.0 ], [ 123.657839993000039, -10.211980006999966, 0.0 ], [ 123.657919993000064, -10.212000005999926, 0.0 ], [ 123.658053191000022, -10.212074015999974, 0.0 ], [ 123.658099994000054, -10.212100021999959, 0.0 ], [ 123.658154699000079, -10.212163826999927, 0.0 ], [ 123.658159992000037, -10.212170005999951, 0.0 ], [ 123.65817999300009, -10.212190005999958, 0.0 ], [ 123.658599978000098, -10.212280005999958, 0.0 ], [ 123.658659993000015, -10.212300005999964, 0.0 ], [ 123.658689993000053, -10.212330006999935, 0.0 ], [ 123.658782277000114, -10.212407714999927, 0.0 ], [ 123.658817197000076, -10.212437121999926, 0.0 ], [ 123.658879993000028, -10.212490005999939, 0.0 ], [ 123.659079993000091, -10.212560005999933, 0.0 ], [ 123.659369993000041, -10.212670005999939, 0.0 ], [ 123.659544759000028, -10.212952954999935, 0.0 ], [ 123.65954479100003, -10.212953014999925, 0.0 ], [ 123.65957999200009, -10.213010005999934, 0.0 ], [ 123.659605092000106, -10.213102025999945, 0.0 ], [ 123.659619433000103, -10.213154607999968, 0.0 ], [ 123.659619583000108, -10.213155135999955, 0.0 ], [ 123.659649995000109, -10.213260004999938, 0.0 ], [ 123.659649993000016, -10.213310005999972, 0.0 ], [ 123.659621286000061, -10.213683200999981, 0.0 ], [ 123.659806982000077, -10.213735043999975, 0.0 ], [ 123.659916667000061, -10.213777777999951, 0.0 ], [ 123.66004286000009, -10.213891563999937, 0.0 ], [ 123.660140106000085, -10.213961092999966, 0.0 ], [ 123.660203704000082, -10.21399698099998, 0.0 ], [ 123.660326841000028, -10.213968017999946, 0.0 ], [ 123.66056578000007, -10.213867032999929, 0.0 ], [ 123.660869993, -10.213730006999981, 0.0 ], [ 123.660930009000026, -10.213685006999981, 0.0 ], [ 123.660990024000057, -10.213640006999981, 0.0 ], [ 123.661123417000113, -10.21347799199998, 0.0 ], [ 123.661129993000031, -10.213470005999966, 0.0 ], [ 123.661340009000014, -10.213230005999947, 0.0 ], [ 123.661359993000019, -10.213190005999934, 0.0 ], [ 123.661439993000045, -10.213200005999965, 0.0 ], [ 123.661599993000095, -10.213230005999947, 0.0 ], [ 123.66162999300002, -10.213340005999953, 0.0 ], [ 123.661671900000101, -10.21344053699994, 0.0 ], [ 123.661680001000036, -10.213460008999959, 0.0 ], [ 123.661680966000063, -10.213461951999932, 0.0 ], [ 123.661779999000032, -10.213660003999962, 0.0 ], [ 123.661909993000108, -10.213870005999979, 0.0 ], [ 123.661949993, -10.213910005999935, 0.0 ], [ 123.662399993, -10.214400005999948, 0.0 ], [ 123.662399637000021, -10.214400767999962, 0.0 ], [ 123.662330013000087, -10.214549961999978, 0.0 ], [ 123.662329994000061, -10.214550003999932, 0.0 ], [ 123.662200002000077, -10.21486, 0.0 ], [ 123.662259977000076, -10.215230005999956, 0.0 ], [ 123.662315748000083, -10.215473942999949, 0.0 ], [ 123.662339997000117, -10.215580005999982, 0.0 ], [ 123.662339603000078, -10.215580670999941, 0.0 ], [ 123.662279998000031, -10.215680003999978, 0.0 ], [ 123.66228, -10.215680138999971, 0.0 ], [ 123.662309999000058, -10.216260003999935, 0.0 ], [ 123.662329993000071, -10.216590005999933, 0.0 ], [ 123.662329638000074, -10.216590766999957, 0.0 ], [ 123.662259978000066, -10.216740006999942, 0.0 ], [ 123.662199993000058, -10.216860005999933, 0.0 ], [ 123.662229993000096, -10.217020005999927, 0.0 ], [ 123.662359993000109, -10.217330005999941, 0.0 ], [ 123.662470008000014, -10.217500005999966, 0.0 ], [ 123.662649993000059, -10.217790005999973, 0.0 ], [ 123.662652549000086, -10.217801082999927, 0.0 ], [ 123.662679993000097, -10.217920006999975, 0.0 ], [ 123.662769993000097, -10.217980005999948, 0.0 ], [ 123.662889993000022, -10.218090005999954, 0.0 ], [ 123.662955056000101, -10.218247973999951, 0.0 ], [ 123.662959993000072, -10.21826000599998, 0.0 ], [ 123.66297, -10.218400004999978, 0.0 ], [ 123.662969826000108, -10.21840083099994, 0.0 ], [ 123.66280999300011, -10.219150006999939, 0.0 ], [ 123.662739993000059, -10.219300006999958, 0.0 ], [ 123.66277, -10.219370003999927, 0.0 ], [ 123.662899977000052, -10.219470006999927, 0.0 ], [ 123.663009998, -10.219560004999948, 0.0 ], [ 123.663159993000022, -10.219810005999932, 0.0 ], [ 123.663149993000047, -10.219950006999966, 0.0 ], [ 123.663149639000039, -10.219950766999943, 0.0 ], [ 123.663146543000039, -10.219957399999942, 0.0 ], [ 123.66307999300011, -10.220100005999939, 0.0 ], [ 123.6630799080001, -10.220100151999929, 0.0 ], [ 123.662939993, -10.220320005999952, 0.0 ], [ 123.662940039000091, -10.220320110999978, 0.0 ], [ 123.662969993000047, -10.220400006999967, 0.0 ], [ 123.663109993000035, -10.220670005999978, 0.0 ], [ 123.663199995000014, -10.22094999899997, 0.0 ], [ 123.663199618000021, -10.220950750999975, 0.0 ], [ 123.663178114000061, -10.220993764999946, 0.0 ], [ 123.663139993000073, -10.221070005999934, 0.0 ], [ 123.66309999300006, -10.221210005999978, 0.0 ], [ 123.663159993000022, -10.221310005999953, 0.0 ], [ 123.663489993000098, -10.221830005999948, 0.0 ], [ 123.663739993000036, -10.222120005999955, 0.0 ], [ 123.663819993000061, -10.222340005999968, 0.0 ], [ 123.663845467000101, -10.222462743999927, 0.0 ], [ 123.663929993000011, -10.222870005999937, 0.0 ], [ 123.663969992000034, -10.223220006999952, 0.0 ], [ 123.664009890000102, -10.223539179999932, 0.0 ], [ 123.664009998000097, -10.223540003999972, 0.0 ], [ 123.664010003000044, -10.223540046999972, 0.0 ], [ 123.664019993000011, -10.223580005999963, 0.0 ], [ 123.664079993000087, -10.22387000599997, 0.0 ], [ 123.664051254000015, -10.224360804999947, 0.0 ], [ 123.664027694000083, -10.224647996999977, 0.0 ], [ 123.664149026000018, -10.224910964999935, 0.0 ], [ 123.664318423000054, -10.22505419099997, 0.0 ], [ 123.664415878000113, -10.225100424999937, 0.0 ], [ 123.664419997000095, -10.225109218999933, 0.0 ], [ 123.664710917000093, -10.225606341999935, 0.0 ], [ 123.664885305000098, -10.225826128999927, 0.0 ], [ 123.665117572000099, -10.225997940999946, 0.0 ], [ 123.665572443000087, -10.226341584999943, 0.0 ], [ 123.665785703000097, -10.226666577999936, 0.0 ], [ 123.66587301900006, -10.226834697999948, 0.0 ], [ 123.666172867000114, -10.226977656999964, 0.0 ], [ 123.666472436000049, -10.22698661499993, 0.0 ], [ 123.666743174000089, -10.226987773999952, 0.0 ], [ 123.666926472000114, -10.227057220999939, 0.0 ], [ 123.667089993000104, -10.22718000499998, 0.0 ], [ 123.667409993000092, -10.22747000499993, 0.0 ], [ 123.667570009000087, -10.227589990999945, 0.0 ], [ 123.66761521, -10.227630684999951, 0.0 ], [ 123.667669993000118, -10.227680005999957, 0.0 ], [ 123.667679992000103, -10.227690005999932, 0.0 ], [ 123.667889993000017, -10.227910006999934, 0.0 ], [ 123.668259993000106, -10.228290004999963, 0.0 ], [ 123.668439994000096, -10.228410005999933, 0.0 ], [ 123.668549994000045, -10.228490004999969, 0.0 ], [ 123.668839993, -10.228669990999947, 0.0 ], [ 123.668959993000044, -10.228750006999974, 0.0 ], [ 123.669149977000075, -10.228879990999928, 0.0 ], [ 123.669311608000044, -10.228987749999931, 0.0 ], [ 123.669329993000019, -10.229000006999968, 0.0 ], [ 123.66948999300007, -10.229050005999966, 0.0 ], [ 123.669709993000083, -10.229110005999928, 0.0 ], [ 123.669889993000083, -10.229200006999974, 0.0 ], [ 123.669929993000096, -10.229270006999968, 0.0 ], [ 123.669969994000098, -10.22930000599996, 0.0 ], [ 123.670099992000019, -10.229370006999943, 0.0 ], [ 123.670207531000074, -10.229387114999952, 0.0 ], [ 123.670539994000023, -10.229440004999958, 0.0 ], [ 123.670573730000115, -10.229443671999945, 0.0 ], [ 123.670999993, -10.229490005999935, 0.0 ], [ 123.671039993000022, -10.229500005999967, 0.0 ], [ 123.671179994000113, -10.229550005999954, 0.0 ], [ 123.671179994000113, -10.229560005999929, 0.0 ], [ 123.671279993000098, -10.229870005999942, 0.0 ], [ 123.671279994000088, -10.229950006999957, 0.0 ], [ 123.671312750000084, -10.230035172999976, 0.0 ], [ 123.671329993000086, -10.23008000599998, 0.0 ], [ 123.671329993000086, -10.230120006999925, 0.0 ], [ 123.671419993000086, -10.230240006999963, 0.0 ], [ 123.671459994000088, -10.23026000699997, 0.0 ], [ 123.671529993000036, -10.230300005999936, 0.0 ], [ 123.671659993000048, -10.230350005999981, 0.0 ], [ 123.671869993000087, -10.230450005999955, 0.0 ], [ 123.671950639000102, -10.230489258999967, 0.0 ], [ 123.672042916, -10.230534171999977, 0.0 ], [ 123.672999994000065, -10.231000005999931, 0.0 ], [ 123.673169994000091, -10.231130005999944, 0.0 ], [ 123.673529993000102, -10.231550005999964, 0.0 ], [ 123.673749993000115, -10.231650005999938, 0.0 ], [ 123.673794812000096, -10.231667355999946, 0.0 ], [ 123.673797, -10.231733, 0.0 ], [ 123.673791927000025, -10.231782281999926, 0.0 ], [ 123.673566688000051, -10.232791302999942, 0.0 ], [ 123.673558700000058, -10.232852843999979, 0.0 ], [ 123.67355555600011, -10.232972221999944, 0.0 ], [ 123.673525120000022, -10.232977519999963, 0.0 ], [ 123.673346115000072, -10.233008677999976, 0.0 ], [ 123.673176197000089, -10.232945296999958, 0.0 ], [ 123.670387245000029, -10.231904972999928, 0.0 ], [ 123.670347994000053, -10.231890331999978, 0.0 ], [ 123.668444425000075, -10.231295465999949, 0.0 ], [ 123.668316521000065, -10.231237783999973, 0.0 ], [ 123.668138889000033, -10.231138888999965, 0.0 ], [ 123.667805556000076, -10.230916666999974, 0.0 ], [ 123.667333333000101, -10.23072222199994, 0.0 ], [ 123.666, -10.229083332999949, 0.0 ], [ 123.665777778, -10.229638888999943, 0.0 ], [ 123.665166667000108, -10.229833332999931, 0.0 ], [ 123.665094897000017, -10.229817905999937, 0.0 ], [ 123.665065001000016, -10.229765006999969, 0.0 ], [ 123.665000009000096, -10.229650006999975, 0.0 ], [ 123.664986756000076, -10.229623514999957, 0.0 ], [ 123.664969993000113, -10.229590005999967, 0.0 ], [ 123.664929993000101, -10.229450004999933, 0.0 ], [ 123.664959993000025, -10.229240005999941, 0.0 ], [ 123.664969994000103, -10.229050005999966, 0.0 ], [ 123.664889993000088, -10.228860004999945, 0.0 ], [ 123.664881421000018, -10.228850718999979, 0.0 ], [ 123.664769996000018, -10.228730003999942, 0.0 ], [ 123.664579996000043, -10.228530002999946, 0.0 ], [ 123.66426999600003, -10.228210003999948, 0.0 ], [ 123.664139996000017, -10.228090003999966, 0.0 ], [ 123.664059996000105, -10.227930003999973, 0.0 ], [ 123.664003243000025, -10.227844875999949, 0.0 ], [ 123.664024332000054, -10.22765882799996, 0.0 ], [ 123.664033617000086, -10.227476950999971, 0.0 ], [ 123.664033398000015, -10.227371664999964, 0.0 ], [ 123.664013754000052, -10.227218561999962, 0.0 ], [ 123.663907204000111, -10.227094349999959, 0.0 ], [ 123.663839246000066, -10.226941345999933, 0.0 ], [ 123.663742379000041, -10.226826685999981, 0.0 ], [ 123.663676789000078, -10.226680005999981, 0.0 ], [ 123.663665, -10.226583, 0.0 ], [ 123.663577454, -10.226511162999941, 0.0 ], [ 123.663500092000049, -10.22648260699998, 0.0 ], [ 123.663326021000103, -10.22641596099993, 0.0 ], [ 123.663130914000021, -10.226355771999977, 0.0 ], [ 123.663122362000081, -10.226348644999973, 0.0 ], [ 123.66309999300006, -10.226330005999955, 0.0 ], [ 123.663049992000083, -10.22625000599993, 0.0 ], [ 123.662979994000011, -10.226060005999955, 0.0 ], [ 123.662969992000058, -10.225910005999935, 0.0 ], [ 123.662839993000034, -10.225730005999935, 0.0 ], [ 123.662829993000059, -10.22572000599996, 0.0 ], [ 123.662185951000083, -10.225446760999944, 0.0 ], [ 123.66216999300002, -10.225439989999927, 0.0 ], [ 123.661969993000071, -10.225370005999935, 0.0 ], [ 123.661609977000012, -10.225230020999959, 0.0 ], [ 123.660849993000056, -10.22494000699993, 0.0 ], [ 123.660449993000043, -10.224920005999934, 0.0 ], [ 123.660309993000055, -10.224930005999965, 0.0 ], [ 123.660219993000055, -10.22485000599994, 0.0 ], [ 123.660162804000038, -10.224807102999932, 0.0 ], [ 123.659479992000115, -10.225020004999976, 0.0 ], [ 123.659444993000079, -10.225095005999947, 0.0 ], [ 123.659399993000079, -10.225210005999941, 0.0 ], [ 123.65938888900007, -10.225416666999934, 0.0 ], [ 123.65940260900004, -10.225489784999979, 0.0 ], [ 123.65960618500003, -10.225795149999954, 0.0 ], [ 123.659735598000111, -10.225989267999978, 0.0 ], [ 123.659780410000053, -10.226057870999966, 0.0 ], [ 123.659833333000051, -10.226138888999969, 0.0 ], [ 123.659416667000073, -10.226305555999943, 0.0 ], [ 123.65938888900007, -10.226444443999981, 0.0 ], [ 123.659364201000017, -10.22644418699997, 0.0 ], [ 123.658919012000069, -10.226188156999967, 0.0 ], [ 123.65867727300008, -10.22610728799998, 0.0 ], [ 123.658420981000063, -10.225997733999975, 0.0 ], [ 123.658255518000033, -10.225982415999965, 0.0 ], [ 123.654769974000033, -10.225685187999943, 0.0 ], [ 123.654429400000026, -10.22565614399997, 0.0 ], [ 123.652073734000055, -10.224894715999937, 0.0 ], [ 123.650399321, -10.224342517999958, 0.0 ], [ 123.650189993000026, -10.224250005999977, 0.0 ], [ 123.650089993000051, -10.224190005999958, 0.0 ], [ 123.649739993000026, -10.224100005999958, 0.0 ], [ 123.649579992000099, -10.224090006999973, 0.0 ], [ 123.649469993000025, -10.224080005999951, 0.0 ], [ 123.649460985000019, -10.224078718999976, 0.0 ], [ 123.649329994000027, -10.224060005999945, 0.0 ], [ 123.649219994000077, -10.224010005999958, 0.0 ], [ 123.648899992000111, -10.223980005999977, 0.0 ], [ 123.648669994000102, -10.223950005999939, 0.0 ], [ 123.648389993000023, -10.223840005999932, 0.0 ], [ 123.648239992000072, -10.22381000699994, 0.0 ], [ 123.647769993000111, -10.223820005999926, 0.0 ], [ 123.647299993000047, -10.223830005999957, 0.0 ], [ 123.647199993000072, -10.223965005999958, 0.0 ], [ 123.647099993000097, -10.224100006999947, 0.0 ], [ 123.646959994000099, -10.224290005999933, 0.0 ], [ 123.646829993000097, -10.224260004999962, 0.0 ], [ 123.646429993000083, -10.224120005999964, 0.0 ], [ 123.646349993000058, -10.224200005999933, 0.0 ], [ 123.646229994, -10.224280005999958, 0.0 ], [ 123.646109977000037, -10.224310005999939, 0.0 ], [ 123.645819993000032, -10.224230005999971, 0.0 ], [ 123.645739993, -10.224250005999977, 0.0 ], [ 123.645619992000093, -10.224270005999927, 0.0 ], [ 123.645509993000019, -10.224210005999964, 0.0 ], [ 123.645439992000092, -10.224090005999926, 0.0 ], [ 123.645239992000029, -10.223630005999951, 0.0 ], [ 123.645189993000031, -10.223499989999937, 0.0 ], [ 123.645109993000119, -10.22345000599995, 0.0 ], [ 123.645029992000104, -10.223420005999969, 0.0 ], [ 123.645019993000119, -10.223350005999976, 0.0 ], [ 123.644989993000081, -10.223330005999969, 0.0 ], [ 123.644719993000081, -10.223330006999959, 0.0 ], [ 123.644709993000106, -10.223330006999959, 0.0 ], [ 123.644689992000053, -10.223310005999963, 0.0 ], [ 123.644659993000118, -10.223240006999958, 0.0 ], [ 123.644579993000093, -10.223120004999942, 0.0 ], [ 123.644529993000106, -10.223040005999962, 0.0 ], [ 123.644419993000042, -10.222950005999962, 0.0 ], [ 123.644249993000017, -10.222920004999935, 0.0 ], [ 123.644049993000067, -10.222930005999956, 0.0 ], [ 123.643709993000016, -10.223110005999956, 0.0 ], [ 123.643429993000041, -10.22327000599995, 0.0 ], [ 123.643359098000019, -10.223310516999959, 0.0 ], [ 123.643271373000061, -10.223350995999965, 0.0 ], [ 123.643219993000116, -10.223365675999958, 0.0 ], [ 123.64286522000009, -10.223467039999946, 0.0 ], [ 123.642341738000027, -10.223562217999927, 0.0 ], [ 123.641651694000075, -10.223467039999946, 0.0 ], [ 123.641270981000048, -10.223157709999953, 0.0 ], [ 123.64093785600005, -10.222658022999951, 0.0 ], [ 123.640485759000057, -10.222301103999939, 0.0 ], [ 123.640474659, -10.222290003999944, 0.0 ], [ 123.640271607000045, -10.222086951999927, 0.0 ], [ 123.639795715000105, -10.222015567999961, 0.0 ], [ 123.639727663000031, -10.221960603999946, 0.0 ], [ 123.639631761000032, -10.22195411499996, 0.0 ], [ 123.639629993000085, -10.221955255999944, 0.0 ], [ 123.639629993000085, -10.221950005999929, 0.0 ], [ 123.63961920600002, -10.221947308999972, 0.0 ], [ 123.639615239000022, -10.221956859999977, 0.0 ], [ 123.63947, -10.222563, 0.0 ], [ 123.639441913000041, -10.222558421999963, 0.0 ], [ 123.639177055000118, -10.222515254999962, 0.0 ], [ 123.639073913000061, -10.222560379999948, 0.0 ], [ 123.638796341000102, -10.222681816999966, 0.0 ], [ 123.638047971000105, -10.223201740999968, 0.0 ], [ 123.636535853000055, -10.224252261999936, 0.0 ], [ 123.635218195000107, -10.224970988999928, 0.0 ], [ 123.634106968000083, -10.22557711099995, 0.0 ], [ 123.633479998000098, -10.225490000999969, 0.0 ], [ 123.63347895000004, -10.225489600999936, 0.0 ], [ 123.633245006000038, -10.225400001999958, 0.0 ], [ 123.632790000000114, -10.22587, 0.0 ], [ 123.63233, -10.22611, 0.0 ], [ 123.631908496000051, -10.226289362999978, 0.0 ], [ 123.631908125000109, -10.226289520999956, 0.0 ], [ 123.631860002000053, -10.226309998999966, 0.0 ], [ 123.6310800010001, -10.22665, 0.0 ], [ 123.6303, -10.22699, 0.0 ], [ 123.629482205000045, -10.227356805999932, 0.0 ], [ 123.628940001000046, -10.2276, 0.0 ], [ 123.628755163000051, -10.227710902999945, 0.0 ], [ 123.628663726000013, -10.227765764999958, 0.0 ], [ 123.62854, -10.22784, 0.0 ], [ 123.628462073000037, -10.227883292999934, 0.0 ], [ 123.627647938000109, -10.228335591999951, 0.0 ], [ 123.627369999000052, -10.228490001999944, 0.0 ], [ 123.626880001000018, -10.22876, 0.0 ], [ 123.626845230000072, -10.228778174999945, 0.0 ], [ 123.626440000000116, -10.22899, 0.0 ], [ 123.62621999800001, -10.22908, 0.0 ], [ 123.626092333000088, -10.229173621999962, 0.0 ], [ 123.62592, -10.2293, 0.0 ], [ 123.62576922300002, -10.229384811999978, 0.0 ], [ 123.625324914000089, -10.229385664999938, 0.0 ], [ 123.625144408000097, -10.229409712999939, 0.0 ], [ 123.623721264000096, -10.229599313999927, 0.0 ], [ 123.623383263000051, -10.229705247999959, 0.0 ], [ 123.623103203000028, -10.229791926999951, 0.0 ], [ 123.622823274000098, -10.229945606999934, 0.0 ], [ 123.622581959000058, -10.230080069999929, 0.0 ], [ 123.622515018000058, -10.230102314999954, 0.0 ], [ 123.622263284000041, -10.230185965999965, 0.0 ], [ 123.622077000000104, -10.230176, 0.0 ] ], [ [ 123.639753352000071, -10.221962341999927, 0.0 ], [ 123.639726489000054, -10.221959655999967, 0.0 ], [ 123.639727663000031, -10.221960603999946, 0.0 ], [ 123.639753352000071, -10.221962341999927, 0.0 ] ] ] ] } },
{ "type": "Feature", "properties": { "nm_kecamatan": "Kelapa Lima" }, "geometry": { "type": "MultiPolygon", "coordinates": [ [ [ [ 123.664388889000065, -10.158944443999928, 0.0 ], [ 123.664342431000023, -10.158929850999925, 0.0 ], [ 123.664690761000088, -10.159182671999929, 0.0 ], [ 123.664696494000054, -10.159186832999978, 0.0 ], [ 123.664801995000062, -10.159258421999937, 0.0 ], [ 123.665016294000111, -10.159403838999935, 0.0 ], [ 123.665170483000111, -10.159483788999978, 0.0 ], [ 123.665438886000061, -10.159683663999942, 0.0 ], [ 123.665650182000036, -10.159894959999974, 0.0 ], [ 123.665711454000075, -10.159975727999949, 0.0 ], [ 123.665775818000043, -10.160060570999974, 0.0 ], [ 123.665811033000068, -10.160106456999927, 0.0 ], [ 123.665825850000033, -10.160125763999929, 0.0 ], [ 123.665964271, -10.16030613099997, 0.0 ], [ 123.66605564300005, -10.160397501999967, 0.0 ], [ 123.66611846, -10.160528848999945, 0.0 ], [ 123.666249807000099, -10.160860069999956, 0.0 ], [ 123.66638686400006, -10.161231264999969, 0.0 ], [ 123.666439423000043, -10.161365948999958, 0.0 ], [ 123.657077478000019, -10.162594646999935, 0.0 ], [ 123.657078554, -10.162682161999953, 0.0 ], [ 123.657078589000093, -10.162695089999943, 0.0 ], [ 123.657077369000035, -10.162695145999976, 0.0 ], [ 123.656899529000043, -10.162703587999943, 0.0 ], [ 123.656836604000091, -10.162706575999948, 0.0 ], [ 123.656677297000101, -10.162714138999945, 0.0 ], [ 123.656544717000088, -10.162722266999936, 0.0 ], [ 123.65641503400002, -10.162730217999979, 0.0 ], [ 123.65628416800007, -10.16274141699995, 0.0 ], [ 123.656233910000083, -10.16274571699995, 0.0 ], [ 123.656174518000057, -10.16275079899998, 0.0 ], [ 123.65607801200008, -10.162759555999969, 0.0 ], [ 123.655980368000087, -10.162768416999938, 0.0 ], [ 123.655793341000049, -10.162780982999948, 0.0 ], [ 123.655760128000111, -10.162783214999934, 0.0 ], [ 123.655640826000081, -10.162788765999949, 0.0 ], [ 123.655437722000102, -10.162798216999931, 0.0 ], [ 123.655224738000015, -10.162818024999979, 0.0 ], [ 123.655003048000026, -10.162832677999972, 0.0 ], [ 123.654967172000056, -10.162835048999966, 0.0 ], [ 123.654955957000084, -10.162835790999964, 0.0 ], [ 123.65483967800003, -10.162844040999971, 0.0 ], [ 123.654674863000082, -10.162855734999937, 0.0 ], [ 123.654348847000051, -10.162876485999959, 0.0 ], [ 123.654133685000033, -10.162894862999963, 0.0 ], [ 123.653809856000066, -10.162922068999933, 0.0 ], [ 123.653747309000096, -10.162926418999973, 0.0 ], [ 123.653522964000103, -10.16294202399996, 0.0 ], [ 123.653459801000054, -10.162946921999946, 0.0 ], [ 123.653275923000024, -10.162961180999957, 0.0 ], [ 123.653238884000075, -10.162964433999946, 0.0 ], [ 123.653094332000023, -10.162977127999966, 0.0 ], [ 123.653092924000021, -10.162977219999959, 0.0 ], [ 123.652805744000034, -10.162995857999931, 0.0 ], [ 123.652761671, -10.162997702999974, 0.0 ], [ 123.652620756000033, -10.163003601999947, 0.0 ], [ 123.652571726000019, -10.163005654999949, 0.0 ], [ 123.652394724000033, -10.163023475999978, 0.0 ], [ 123.652300300000093, -10.163029445999939, 0.0 ], [ 123.652182282000012, -10.163036906999935, 0.0 ], [ 123.652136809000012, -10.163039781999942, 0.0 ], [ 123.652083436000112, -10.163043994999953, 0.0 ], [ 123.651828913000031, -10.163064083999927, 0.0 ], [ 123.651624616000049, -10.163080283999932, 0.0 ], [ 123.651419094000062, -10.16309612699996, 0.0 ], [ 123.65123557600009, -10.163108334999947, 0.0 ], [ 123.651050117000068, -10.163124496999956, 0.0 ], [ 123.650916088000031, -10.163133377999941, 0.0 ], [ 123.650614699000016, -10.163150486999939, 0.0 ], [ 123.650515459000076, -10.163157744999978, 0.0 ], [ 123.650473428000055, -10.163160817999938, 0.0 ], [ 123.650263340000038, -10.163179898999942, 0.0 ], [ 123.650179301000094, -10.16318580799998, 0.0 ], [ 123.650052512000116, -10.163191802999961, 0.0 ], [ 123.649862694000035, -10.163202229999968, 0.0 ], [ 123.649751132, -10.163213218999942, 0.0 ], [ 123.649573641000075, -10.163227931999927, 0.0 ], [ 123.649561713000026, -10.163228926999977, 0.0 ], [ 123.649511378000057, -10.163233146999971, 0.0 ], [ 123.649511362000112, -10.163232446999928, 0.0 ], [ 123.649510520000035, -10.163193769999964, 0.0 ], [ 123.649510189000011, -10.163178527999946, 0.0 ], [ 123.649510060000011, -10.163172609999947, 0.0 ], [ 123.649505920000024, -10.162982368999963, 0.0 ], [ 123.649491418000025, -10.162565557999926, 0.0 ], [ 123.64948409200008, -10.162354998999945, 0.0 ], [ 123.649482843000101, -10.162319108999952, 0.0 ], [ 123.649474065000049, -10.161925364999945, 0.0 ], [ 123.649468503000094, -10.161675930999934, 0.0 ], [ 123.649466985000117, -10.16163000499995, 0.0 ], [ 123.649448438000036, -10.16106865699993, 0.0 ], [ 123.649449369000081, -10.160811659999979, 0.0 ], [ 123.649446500000067, -10.160778590999939, 0.0 ], [ 123.649443620000056, -10.160745387999953, 0.0 ], [ 123.649433772000066, -10.160631848999969, 0.0 ], [ 123.649427562000028, -10.16056023699997, 0.0 ], [ 123.64942755800007, -10.160560195999949, 0.0 ], [ 123.649027687000057, -10.160589191999975, 0.0 ], [ 123.648875841000063, -10.160602939999933, 0.0 ], [ 123.648618361000104, -10.160626252999975, 0.0 ], [ 123.648527824000098, -10.160634449999975, 0.0 ], [ 123.64820088700003, -10.160660466999957, 0.0 ], [ 123.648162280000065, -10.160663538999927, 0.0 ], [ 123.648126959000024, -10.160666349999929, 0.0 ], [ 123.647935785000072, -10.160684125999978, 0.0 ], [ 123.647900112000116, -10.160687441999926, 0.0 ], [ 123.647653662000039, -10.16071035799996, 0.0 ], [ 123.647351800000024, -10.160740953999948, 0.0 ], [ 123.647244363000027, -10.160751844999936, 0.0 ], [ 123.647210595000047, -10.160755765999966, 0.0 ], [ 123.64717212700009, -10.160760232999962, 0.0 ], [ 123.646783160000041, -10.16080539799998, 0.0 ], [ 123.646602243000075, -10.160821924999937, 0.0 ], [ 123.646475274000068, -10.160833523999941, 0.0 ], [ 123.646271233000107, -10.160856658999933, 0.0 ], [ 123.646199993000096, -10.16086592399995, 0.0 ], [ 123.646093759000109, -10.160879740999974, 0.0 ], [ 123.646083447000024, -10.160881796999945, 0.0 ], [ 123.646079909000036, -10.160882502999925, 0.0 ], [ 123.645843432000106, -10.160929654999961, 0.0 ], [ 123.645801298000038, -10.160941245999936, 0.0 ], [ 123.645644517000051, -10.160974393999936, 0.0 ], [ 123.645524057000102, -10.161010332999979, 0.0 ], [ 123.645479993000095, -10.161020005999944, 0.0 ], [ 123.645415069000023, -10.161042848999955, 0.0 ], [ 123.645223068000064, -10.161100131999945, 0.0 ], [ 123.644983901000046, -10.161188053999979, 0.0 ], [ 123.644814710000105, -10.161250251999945, 0.0 ], [ 123.644753406000063, -10.161279974999957, 0.0 ], [ 123.644728034000082, -10.161292276999973, 0.0 ], [ 123.64470266, -10.161304577999942, 0.0 ], [ 123.644632243000046, -10.161338718999957, 0.0 ], [ 123.644538192000027, -10.161384317999932, 0.0 ], [ 123.64431571800003, -10.161503779999975, 0.0 ], [ 123.644256318000089, -10.161535675999971, 0.0 ], [ 123.644189323000091, -10.161571649999928, 0.0 ], [ 123.643809993000104, -10.161750005999977, 0.0 ], [ 123.643770166000081, -10.161770198999932, 0.0 ], [ 123.643280395000033, -10.162018510999928, 0.0 ], [ 123.643238615000087, -10.162028077999935, 0.0 ], [ 123.643169995000108, -10.162004549999949, 0.0 ], [ 123.643049998000038, -10.161820002999946, 0.0 ], [ 123.642919996000046, -10.161200002999976, 0.0 ], [ 123.64283999700001, -10.161060002999932, 0.0 ], [ 123.642809996000096, -10.160970001999942, 0.0 ], [ 123.642759997000098, -10.160660002999975, 0.0 ], [ 123.64265999600002, -10.160540002999937, 0.0 ], [ 123.64256999600002, -10.160500002999981, 0.0 ], [ 123.642359997000085, -10.160630002999937, 0.0 ], [ 123.64227999600007, -10.160650003999933, 0.0 ], [ 123.64218999600007, -10.160650003999933, 0.0 ], [ 123.642119992000062, -10.160530005999931, 0.0 ], [ 123.642079996, -10.160450003999927, 0.0 ], [ 123.641950004000023, -10.160270002999937, 0.0 ], [ 123.641699996000057, -10.159980001999941, 0.0 ], [ 123.641689997000071, -10.159860002999949, 0.0 ], [ 123.641719998000099, -10.159700002999955, 0.0 ], [ 123.641709996000031, -10.159590002999948, 0.0 ], [ 123.641609996000057, -10.159480001999952, 0.0 ], [ 123.641479997000033, -10.159480002999942, 0.0 ], [ 123.641279997000083, -10.159450002999961, 0.0 ], [ 123.641239997000071, -10.159380002999967, 0.0 ], [ 123.641219996000018, -10.159280002999935, 0.0 ], [ 123.641189998000073, -10.15900000299996, 0.0 ], [ 123.641179997000108, -10.158870002999947, 0.0 ], [ 123.641210005000062, -10.158650002999934, 0.0 ], [ 123.64116999700002, -10.158500002999972, 0.0 ], [ 123.641089996000119, -10.158380002999934, 0.0 ], [ 123.64098999700002, -10.158190002999959, 0.0 ], [ 123.640959996000106, -10.158049993999953, 0.0 ], [ 123.640939984000056, -10.157830004999937, 0.0 ], [ 123.640929997000057, -10.157700004999981, 0.0 ], [ 123.640843322000023, -10.157582097999978, 0.0 ], [ 123.640820936000068, -10.157551644999955, 0.0 ], [ 123.640792599000065, -10.15752548699993, 0.0 ], [ 123.640720749000025, -10.157459157999938, 0.0 ], [ 123.64069999600008, -10.157440002999977, 0.0 ], [ 123.640489997000032, -10.157240003999959, 0.0 ], [ 123.640269997000019, -10.157210002999932, 0.0 ], [ 123.640159996000079, -10.157180002999951, 0.0 ], [ 123.639959997000119, -10.156950002999963, 0.0 ], [ 123.639749997000081, -10.156650001999935, 0.0 ], [ 123.639619997000068, -10.156350003999933, 0.0 ], [ 123.639559998000095, -10.156230002999962, 0.0 ], [ 123.639399996000066, -10.156070002999968, 0.0 ], [ 123.639279996000027, -10.15595000299993, 0.0 ], [ 123.639059997000118, -10.15577000199994, 0.0 ], [ 123.638899997000067, -10.15575000299998, 0.0 ], [ 123.638659997000104, -10.155630002999942, 0.0 ], [ 123.638389996000114, -10.15548000299998, 0.0 ], [ 123.638269997000066, -10.155350002999967, 0.0 ], [ 123.638029997000103, -10.155130003999943, 0.0 ], [ 123.637799996000012, -10.155020002999947, 0.0 ], [ 123.637639998000054, -10.154980002999935, 0.0 ], [ 123.637209994000045, -10.154850001999932, 0.0 ], [ 123.637156508000089, -10.154817295999976, 0.0 ], [ 123.637139024000021, -10.154769471999941, 0.0 ], [ 123.637136986000087, -10.154715874999965, 0.0 ], [ 123.637127238000062, -10.154671864999955, 0.0 ], [ 123.637113629000055, -10.154629776999968, 0.0 ], [ 123.637086344000068, -10.154569982999931, 0.0 ], [ 123.636910091000118, -10.154819286999953, 0.0 ], [ 123.636870742000042, -10.154869560999941, 0.0 ], [ 123.636783928000114, -10.154980474999945, 0.0 ], [ 123.636621001000094, -10.155188631999977, 0.0 ], [ 123.636516924000034, -10.155321599999979, 0.0 ], [ 123.636333043000036, -10.155581416999951, 0.0 ], [ 123.636154690000012, -10.155833422999933, 0.0 ], [ 123.636100142000032, -10.155903964999936, 0.0 ], [ 123.63598123700001, -10.156057732999955, 0.0 ], [ 123.635823068000036, -10.156342386999938, 0.0 ], [ 123.635807777000082, -10.156369905999952, 0.0 ], [ 123.635790631000077, -10.156400763999955, 0.0 ], [ 123.635666635, -10.15668412399998, 0.0 ], [ 123.635651852000024, -10.156717906999972, 0.0 ], [ 123.635650096000063, -10.156721920999928, 0.0 ], [ 123.635646929000018, -10.156729158999951, 0.0 ], [ 123.635646637000036, -10.156729823999967, 0.0 ], [ 123.635645065000062, -10.156733416999941, 0.0 ], [ 123.635640956000088, -10.156742804999965, 0.0 ], [ 123.635638370000038, -10.156741964999981, 0.0 ], [ 123.635626278000018, -10.156738041999972, 0.0 ], [ 123.635594204000085, -10.156727633999935, 0.0 ], [ 123.635588234000011, -10.156725695999967, 0.0 ], [ 123.635579228000097, -10.156722774999935, 0.0 ], [ 123.635373843000025, -10.156656127999952, 0.0 ], [ 123.635140634000095, -10.15661066399997, 0.0 ], [ 123.634708323000041, -10.156502607999926, 0.0 ], [ 123.634598641000025, -10.156453867999971, 0.0 ], [ 123.634441069000104, -10.15640248699998, 0.0 ], [ 123.634282058000053, -10.156356371999948, 0.0 ], [ 123.634146705000035, -10.156304946999967, 0.0 ], [ 123.634035291000032, -10.156268311999952, 0.0 ], [ 123.633968787000072, -10.156246816999953, 0.0 ], [ 123.633902282, -10.156225320999965, 0.0 ], [ 123.633635529000117, -10.156166970999948, 0.0 ], [ 123.633478924000087, -10.156117023999968, 0.0 ], [ 123.633405635000031, -10.156082540999932, 0.0 ], [ 123.633352456000011, -10.156057518999944, 0.0 ], [ 123.63333491700007, -10.156020031999958, 0.0 ], [ 123.633300923000093, -10.15598126499998, 0.0 ], [ 123.633270146000086, -10.155940465999947, 0.0 ], [ 123.633124133000024, -10.155831902999978, 0.0 ], [ 123.63309352300007, -10.155813249999937, 0.0 ], [ 123.63304731900007, -10.155791034999936, 0.0 ], [ 123.63296308300005, -10.15577228899997, 0.0 ], [ 123.632895462000079, -10.155765211999949, 0.0 ], [ 123.632802810000044, -10.155777278999949, 0.0 ], [ 123.632660980000082, -10.155835977999971, 0.0 ], [ 123.632610375000013, -10.15586417999998, 0.0 ], [ 123.632510732000014, -10.155903771999931, 0.0 ], [ 123.632422661000078, -10.155956167999932, 0.0 ], [ 123.632377568000038, -10.155982993999942, 0.0 ], [ 123.632324701000016, -10.15599601699995, 0.0 ], [ 123.632170653000117, -10.156017969999937, 0.0 ], [ 123.631889301000115, -10.156028083999956, 0.0 ], [ 123.631631773000095, -10.156031344999974, 0.0 ], [ 123.63158338300002, -10.156031957999971, 0.0 ], [ 123.631443707000017, -10.156033727999954, 0.0 ], [ 123.631349469000043, -10.156035239999937, 0.0 ], [ 123.631019851000019, -10.15604052599997, 0.0 ], [ 123.630521127000065, -10.156048663999968, 0.0 ], [ 123.630239927000048, -10.156057164999936, 0.0 ], [ 123.630181313000094, -10.156058936999955, 0.0 ], [ 123.630089245000022, -10.156062278999968, 0.0 ], [ 123.629984593000017, -10.156071777999955, 0.0 ], [ 123.629923418000089, -10.15607732999996, 0.0 ], [ 123.629732657000091, -10.156098036999936, 0.0 ], [ 123.629670214000043, -10.156108634999953, 0.0 ], [ 123.629504496000095, -10.156136760999971, 0.0 ], [ 123.629263044000027, -10.156171920999952, 0.0 ], [ 123.629098874000078, -10.156204539999976, 0.0 ], [ 123.629063058000042, -10.156199198999957, 0.0 ], [ 123.629026725000017, -10.15620519099997, 0.0 ], [ 123.628861029000063, -10.156232513999953, 0.0 ], [ 123.628801471000088, -10.156240655999966, 0.0 ], [ 123.628559209000059, -10.156273771999963, 0.0 ], [ 123.628410117000044, -10.156290752999951, 0.0 ], [ 123.628349147000108, -10.156305281999948, 0.0 ], [ 123.628122162000068, -10.156328449999933, 0.0 ], [ 123.627889993000053, -10.156337449999967, 0.0 ], [ 123.627889543000038, -10.156337465999968, 0.0 ], [ 123.627829943000052, -10.156339776999971, 0.0 ], [ 123.627625840000064, -10.156330596999965, 0.0 ], [ 123.62756902600006, -10.156324621999943, 0.0 ], [ 123.627447078000046, -10.156311794999965, 0.0 ], [ 123.627025516000117, -10.156256368999948, 0.0 ], [ 123.626851563000059, -10.156226789999948, 0.0 ], [ 123.62681, -10.156221351999932, 0.0 ], [ 123.626500060000012, -10.156180800999948, 0.0 ], [ 123.62637548500004, -10.156180179999978, 0.0 ], [ 123.626337473000035, -10.156179990999931, 0.0 ], [ 123.626071406000051, -10.156204350999928, 0.0 ], [ 123.625712867000061, -10.156266053999957, 0.0 ], [ 123.625393877000079, -10.156333361999941, 0.0 ], [ 123.625272271000085, -10.156359020999957, 0.0 ], [ 123.624999990000106, -10.156399981999925, 0.0 ], [ 123.624999953000042, -10.156399987999976, 0.0 ], [ 123.624900387000025, -10.156415411999944, 0.0 ], [ 123.624769993000086, -10.156440005999968, 0.0 ], [ 123.624389993000023, -10.156570005999981, 0.0 ], [ 123.624119280000059, -10.156661330999952, 0.0 ], [ 123.623559992000082, -10.156850005999956, 0.0 ], [ 123.623528258000078, -10.156859889999964, 0.0 ], [ 123.623049654000056, -10.157008963999942, 0.0 ], [ 123.622949992000031, -10.157040005999932, 0.0 ], [ 123.62276999300002, -10.157110005999925, 0.0 ], [ 123.622619993000058, -10.15716000599997, 0.0 ], [ 123.62253350900005, -10.157191867999927, 0.0 ], [ 123.622239993000107, -10.157300005999957, 0.0 ], [ 123.622008190000088, -10.157395454999971, 0.0 ], [ 123.621729993000031, -10.157510005999939, 0.0 ], [ 123.621519993000106, -10.157590006999953, 0.0 ], [ 123.621429993000106, -10.157619990999933, 0.0 ], [ 123.621303249000107, -10.157665063999957, 0.0 ], [ 123.621244775000036, -10.157681754999942, 0.0 ], [ 123.621090584000058, -10.157725767999978, 0.0 ], [ 123.62101661600002, -10.157747588999939, 0.0 ], [ 123.620509328000026, -10.157897241999933, 0.0 ], [ 123.620275038000045, -10.157966658999953, 0.0 ], [ 123.620148074000099, -10.158008991999964, 0.0 ], [ 123.619962992000069, -10.158070703999954, 0.0 ], [ 123.619541910000066, -10.158211104999964, 0.0 ], [ 123.619284802000038, -10.15827184099993, 0.0 ], [ 123.619251815000098, -10.158282028999963, 0.0 ], [ 123.619214838000062, -10.158293449999974, 0.0 ], [ 123.619010734000085, -10.158356492999928, 0.0 ], [ 123.618732769000076, -10.158442350999962, 0.0 ], [ 123.618041257000073, -10.15867052699997, 0.0 ], [ 123.617927558000019, -10.15870804399998, 0.0 ], [ 123.617608402000087, -10.158806334999952, 0.0 ], [ 123.617508521000104, -10.158837092999931, 0.0 ], [ 123.616844251000089, -10.159047004999934, 0.0 ], [ 123.616282753000064, -10.159210123999969, 0.0 ], [ 123.615913554000031, -10.159329231999948, 0.0 ], [ 123.61573644300006, -10.159386370999925, 0.0 ], [ 123.615152661000025, -10.159574704999955, 0.0 ], [ 123.614498048000087, -10.159784593999973, 0.0 ], [ 123.613976665000109, -10.159946372999968, 0.0 ], [ 123.613125098000069, -10.160225541999978, 0.0 ], [ 123.612969111000098, -10.160283635999974, 0.0 ], [ 123.612967083000058, -10.160284390999948, 0.0 ], [ 123.612770003000037, -10.159770001999959, 0.0 ], [ 123.612658415000055, -10.159498871999972, 0.0 ], [ 123.612618575000056, -10.159402069999942, 0.0 ], [ 123.612537244, -10.159204454999951, 0.0 ], [ 123.612494248000075, -10.159093385999938, 0.0 ], [ 123.612203265000062, -10.158341720999942, 0.0 ], [ 123.612136762000091, -10.158177265999939, 0.0 ], [ 123.611902362000023, -10.15759761299995, 0.0 ], [ 123.611869271000046, -10.157510357999968, 0.0 ], [ 123.611771017000024, -10.157251278999979, 0.0 ], [ 123.611653900000078, -10.156942459999925, 0.0 ], [ 123.611612594, -10.156833543999937, 0.0 ], [ 123.611599881000075, -10.15680002299996, 0.0 ], [ 123.611519610000073, -10.156593828999974, 0.0 ], [ 123.611484791000066, -10.156504392999977, 0.0 ], [ 123.611471771000083, -10.156470947999935, 0.0 ], [ 123.61144756200008, -10.156408762999945, 0.0 ], [ 123.611404725000057, -10.156298727999967, 0.0 ], [ 123.611360531000059, -10.156185203999939, 0.0 ], [ 123.611323074000097, -10.156088987999965, 0.0 ], [ 123.611321571000076, -10.156085205999943, 0.0 ], [ 123.611207642000068, -10.155798628999946, 0.0 ], [ 123.611206853000112, -10.155796643999963, 0.0 ], [ 123.611179029000027, -10.155726697999967, 0.0 ], [ 123.61105228800011, -10.155408086999955, 0.0 ], [ 123.611014621000095, -10.15531339599994, 0.0 ], [ 123.61094270000001, -10.155132593999951, 0.0 ], [ 123.610942671000089, -10.155132520999928, 0.0 ], [ 123.610899993000089, -10.155020006999962, 0.0 ], [ 123.610697834, -10.15452778699995, 0.0 ], [ 123.610683238000092, -10.154492242999936, 0.0 ], [ 123.61066999500008, -10.154460004999976, 0.0 ], [ 123.610596522000037, -10.154271905999963, 0.0 ], [ 123.61059646800004, -10.154271773999938, 0.0 ], [ 123.610539994000078, -10.154140003999942, 0.0 ], [ 123.610509995000029, -10.154070004999937, 0.0 ], [ 123.610481041000071, -10.153973515999951, 0.0 ], [ 123.610480162000044, -10.153970585999957, 0.0 ], [ 123.610479981000026, -10.153970013999981, 0.0 ], [ 123.610463140000093, -10.153919470999938, 0.0 ], [ 123.610451, -10.153883030999964, 0.0 ], [ 123.610439993000114, -10.15385000699996, 0.0 ], [ 123.610382402000027, -10.153675401999976, 0.0 ], [ 123.610360550000109, -10.153359580999961, 0.0 ], [ 123.610368151000102, -10.153205104999927, 0.0 ], [ 123.610375434000048, -10.153057090999937, 0.0 ], [ 123.610408273000075, -10.152722844999971, 0.0 ], [ 123.610424719000093, -10.15255544799993, 0.0 ], [ 123.610450066000112, -10.152301633999969, 0.0 ], [ 123.610470226000075, -10.152099754999938, 0.0 ], [ 123.610467809000056, -10.151715322999962, 0.0 ], [ 123.610467544000016, -10.151673137999978, 0.0 ], [ 123.610482158000082, -10.151631960999964, 0.0 ], [ 123.610474007000107, -10.151592430999926, 0.0 ], [ 123.610309774000029, -10.150795904999939, 0.0 ], [ 123.610261955000055, -10.150621782999963, 0.0 ], [ 123.610247938000043, -10.150590110999929, 0.0 ], [ 123.610119994000115, -10.150320005999959, 0.0 ], [ 123.609970344000089, -10.149987433999968, 0.0 ], [ 123.60967, -10.149320000999978, 0.0 ], [ 123.609560000000101, -10.14905, 0.0 ], [ 123.609470000000101, -10.1488, 0.0 ], [ 123.60947378100002, -10.148779986999955, 0.0 ], [ 123.609489853000014, -10.148694903999967, 0.0 ], [ 123.609482358000037, -10.148562828999957, 0.0 ], [ 123.60942848600007, -10.148427969999943, 0.0 ], [ 123.609373231000063, -10.148327570999982, 0.0 ], [ 123.609275884000112, -10.148191355999927, 0.0 ], [ 123.609216256000082, -10.148078042999941, 0.0 ], [ 123.609174002000032, -10.147956084999976, 0.0 ], [ 123.609147071000052, -10.147819481999932, 0.0 ], [ 123.609143363000044, -10.147800005999954, 0.0 ], [ 123.609149993000074, -10.147800005999954, 0.0 ], [ 123.609300008000105, -10.147780005999948, 0.0 ], [ 123.609379993000061, -10.147760005999942, 0.0 ], [ 123.609539993000112, -10.147710005999954, 0.0 ], [ 123.609648947000096, -10.147669868999969, 0.0 ], [ 123.609692074, -10.147653980999962, 0.0 ], [ 123.609730009000032, -10.147640005999961, 0.0 ], [ 123.6098599930001, -10.14770000599998, 0.0 ], [ 123.610689993000051, -10.147210005999966, 0.0 ], [ 123.61118999200005, -10.146970005999947, 0.0 ], [ 123.61143999300009, -10.146840005999934, 0.0 ], [ 123.61161999300009, -10.146730005999927, 0.0 ], [ 123.611929993000103, -10.146570005999934, 0.0 ], [ 123.612229993000028, -10.14641000599994, 0.0 ], [ 123.612579993000054, -10.146240005999971, 0.0 ], [ 123.61301999300008, -10.145990005999977, 0.0 ], [ 123.613180008000086, -10.145910005999951, 0.0 ], [ 123.614149993000069, -10.145450005999976, 0.0 ], [ 123.61441999300007, -10.145349990999932, 0.0 ], [ 123.614859993000096, -10.145170005999944, 0.0 ], [ 123.615019993000033, -10.145160005999969, 0.0 ], [ 123.615129993000096, -10.145170005999944, 0.0 ], [ 123.615269993000084, -10.145200005999982, 0.0 ], [ 123.615419993000046, -10.145210005999957, 0.0 ], [ 123.615599993000046, -10.145180005999975, 0.0 ], [ 123.61588999300011, -10.145030006999946, 0.0 ], [ 123.616009993000034, -10.144950005999931, 0.0 ], [ 123.616439993000085, -10.14471002199997, 0.0 ], [ 123.61655999300001, -10.144600005999962, 0.0 ], [ 123.616679993000048, -10.144510005999962, 0.0 ], [ 123.616840009000043, -10.14441000599993, 0.0 ], [ 123.616919996000092, -10.144360003999964, 0.0 ], [ 123.617229993000024, -10.144150005999961, 0.0 ], [ 123.617749996000043, -10.143760002999954, 0.0 ], [ 123.619179993000103, -10.14265000599994, 0.0 ], [ 123.61969999300004, -10.142270005999933, 0.0 ], [ 123.620029993000117, -10.14203000599997, 0.0 ], [ 123.620119993000117, -10.141950005999945, 0.0 ], [ 123.620299993000117, -10.141780005999976, 0.0 ], [ 123.620459993000054, -10.141740005999964, 0.0 ], [ 123.62098999300008, -10.14167000599997, 0.0 ], [ 123.621319993000043, -10.141510005999976, 0.0 ], [ 123.621699993000107, -10.141370005999931, 0.0 ], [ 123.622009993, -10.141200005999963, 0.0 ], [ 123.622869993000108, -10.140810005999981, 0.0 ], [ 123.62312999300002, -10.140720005999981, 0.0 ], [ 123.623349993000033, -10.140609990999963, 0.0 ], [ 123.623475301000099, -10.14061965999997, 0.0 ], [ 123.623479993000046, -10.14062002199995, 0.0 ], [ 123.623739961000069, -10.14066, 0.0 ], [ 123.62373999700003, -10.140660001999947, 0.0 ], [ 123.624199993000047, -10.14062002199995, 0.0 ], [ 123.62432999300006, -10.140550005999955, 0.0 ], [ 123.624609993000036, -10.140300005999961, 0.0 ], [ 123.624759993000112, -10.140190021999956, 0.0 ], [ 123.624879998000097, -10.140250001999959, 0.0 ], [ 123.624902682000084, -10.140248111999938, 0.0 ], [ 123.624999842000079, -10.140240018999975, 0.0 ], [ 123.62499992100004, -10.140240031999951, 0.0 ], [ 123.625000000000114, -10.140240044999928, 0.0 ], [ 123.625010116000112, -10.140241711999977, 0.0 ], [ 123.625022189000106, -10.140243700999974, 0.0 ], [ 123.625179993000074, -10.14027000599998, 0.0 ], [ 123.625270685000032, -10.140288143999953, 0.0 ], [ 123.625479993000113, -10.140330005999942, 0.0 ], [ 123.6256199930001, -10.140370005999955, 0.0 ], [ 123.625656393000099, -10.140415508999979, 0.0 ], [ 123.62581999300005, -10.14062002199995, 0.0 ], [ 123.62588000900007, -10.140700005999975, 0.0 ], [ 123.625979993000101, -10.140800006999939, 0.0 ], [ 123.626059993000013, -10.140900005999981, 0.0 ], [ 123.626209993000089, -10.14098000599995, 0.0 ], [ 123.626349998000023, -10.141010002999963, 0.0 ], [ 123.626727987000095, -10.140902006999966, 0.0 ], [ 123.626788040000065, -10.140884848999974, 0.0 ], [ 123.62683999300009, -10.140870005999943, 0.0 ], [ 123.626886430000013, -10.140856074999931, 0.0 ], [ 123.626939993000065, -10.140840005999962, 0.0 ], [ 123.627339992000088, -10.140710005999949, 0.0 ], [ 123.62764968700003, -10.140703019999933, 0.0 ], [ 123.627957800000104, -10.140696069999933, 0.0 ], [ 123.628669977000072, -10.140680005999968, 0.0 ], [ 123.628699993000055, -10.140680005999968, 0.0 ], [ 123.628729993000093, -10.140700005999975, 0.0 ], [ 123.62895999300008, -10.140700005999975, 0.0 ], [ 123.629259993000119, -10.140660005999962, 0.0 ], [ 123.629519993000031, -10.140670005999937, 0.0 ], [ 123.629789993000031, -10.140800005999949, 0.0 ], [ 123.629849993000107, -10.140840005999962, 0.0 ], [ 123.629905124000061, -10.140875446999928, 0.0 ], [ 123.629939581000031, -10.140897597999981, 0.0 ], [ 123.629989993000095, -10.140930005999962, 0.0 ], [ 123.630299993000108, -10.141240005999975, 0.0 ], [ 123.630647964000104, -10.141582444999926, 0.0 ], [ 123.630658501000084, -10.141592813999978, 0.0 ], [ 123.630930009000053, -10.141860005999945, 0.0 ], [ 123.631209993000084, -10.142070005999926, 0.0 ], [ 123.631629993000047, -10.142410005999977, 0.0 ], [ 123.631916781000086, -10.142704544999958, 0.0 ], [ 123.632036811000035, -10.142827818999933, 0.0 ], [ 123.632369993000111, -10.143170005999934, 0.0 ], [ 123.632549978000043, -10.14334000599996, 0.0 ], [ 123.632999992, -10.143560005999973, 0.0 ], [ 123.633034606000024, -10.143570936999936, 0.0 ], [ 123.633161166000036, -10.143610902999967, 0.0 ], [ 123.633379993000062, -10.143680005999954, 0.0 ], [ 123.633421904000102, -10.14368729499995, 0.0 ], [ 123.633580714000118, -10.143714913999929, 0.0 ], [ 123.63360999300005, -10.143720005999967, 0.0 ], [ 123.633712573000025, -10.143707695999979, 0.0 ], [ 123.633859993000101, -10.143690005999929, 0.0 ], [ 123.634119993000013, -10.143620005999935, 0.0 ], [ 123.634233884000082, -10.14363353799996, 0.0 ], [ 123.634354736000091, -10.143647896999937, 0.0 ], [ 123.634866634000105, -10.143708717999971, 0.0 ], [ 123.634958327000049, -10.143719611999927, 0.0 ], [ 123.63512997700002, -10.143740005999973, 0.0 ], [ 123.63536999300004, -10.143800005999935, 0.0 ], [ 123.635629993000066, -10.143950005999955, 0.0 ], [ 123.635839993000104, -10.144070005999936, 0.0 ], [ 123.636119993000079, -10.144150005999961, 0.0 ], [ 123.636339992000103, -10.144160005999936, 0.0 ], [ 123.63706997700001, -10.143880005999961, 0.0 ], [ 123.63715783900011, -10.14386598599998, 0.0 ], [ 123.637254881000104, -10.143850500999974, 0.0 ], [ 123.638009992000093, -10.143730005999942, 0.0 ], [ 123.638479993000033, -10.143710005999935, 0.0 ], [ 123.638909993000084, -10.143820005999942, 0.0 ], [ 123.639365210000051, -10.143928861999939, 0.0 ], [ 123.639369993000059, -10.143930005999948, 0.0 ], [ 123.639669932000061, -10.143965712999943, 0.0 ], [ 123.640209993000099, -10.14403000599998, 0.0 ], [ 123.640779993000024, -10.144040005999955, 0.0 ], [ 123.640862900000116, -10.144044150999946, 0.0 ], [ 123.640979993000087, -10.144050005999929, 0.0 ], [ 123.641259993000062, -10.144170005999968, 0.0 ], [ 123.641479993000075, -10.144310005999955, 0.0 ], [ 123.641829993000101, -10.144770005999931, 0.0 ], [ 123.641979993000064, -10.144950005999931, 0.0 ], [ 123.64217, -10.145110005999982, 0.0 ], [ 123.642530093000119, -10.145301558999961, 0.0 ], [ 123.642639993000103, -10.145360020999931, 0.0 ], [ 123.642749993000052, -10.145410005999963, 0.0 ], [ 123.642981893000069, -10.145493489999978, 0.0 ], [ 123.642999993000103, -10.145500005999963, 0.0 ], [ 123.643372772000021, -10.14554424399995, 0.0 ], [ 123.64342556500003, -10.145550508999975, 0.0 ], [ 123.643589977000033, -10.145570018999933, 0.0 ], [ 123.643879998000102, -10.145620004999955, 0.0 ], [ 123.64455999300003, -10.145730005999951, 0.0 ], [ 123.645209993000094, -10.145840006999947, 0.0 ], [ 123.645789993000108, -10.145790021999971, 0.0 ], [ 123.645929996000064, -10.145770003999928, 0.0 ], [ 123.646279993, -10.145740005999926, 0.0 ], [ 123.646589996000102, -10.145760004999943, 0.0 ], [ 123.646869993000109, -10.145800005999945, 0.0 ], [ 123.647449993, -10.14570000599997, 0.0 ], [ 123.647929993000048, -10.145540005999976, 0.0 ], [ 123.648239993000061, -10.14543000599997, 0.0 ], [ 123.648489993000112, -10.145380005999925, 0.0 ], [ 123.649419993000038, -10.14543000599997, 0.0 ], [ 123.649909993000051, -10.145460005999951, 0.0 ], [ 123.650119993000089, -10.145420005999938, 0.0 ], [ 123.650379993000115, -10.145300005999957, 0.0 ], [ 123.651059977000045, -10.144730005999975, 0.0 ], [ 123.651622356000075, -10.144321012999967, 0.0 ], [ 123.651719993000029, -10.144250005999936, 0.0 ], [ 123.652289993000068, -10.143730005999942, 0.0 ], [ 123.652629993000119, -10.14343000599996, 0.0 ], [ 123.652659993000043, -10.143390005999947, 0.0 ], [ 123.652889992000041, -10.143200020999927, 0.0 ], [ 123.652939993000018, -10.143180005999966, 0.0 ], [ 123.652989993, -10.143120005999947, 0.0 ], [ 123.653199993000044, -10.142880005999928, 0.0 ], [ 123.653389993000019, -10.142670005999946, 0.0 ], [ 123.653499993000082, -10.142549989999964, 0.0 ], [ 123.653602528000079, -10.142434087999959, 0.0 ], [ 123.65372999300007, -10.142290005999939, 0.0 ], [ 123.654289978000065, -10.141600005999976, 0.0 ], [ 123.654319993000058, -10.141560005999963, 0.0 ], [ 123.654869746000031, -10.140510477999953, 0.0 ], [ 123.654869993000034, -10.140510005999943, 0.0 ], [ 123.655009851000045, -10.140160359999982, 0.0 ], [ 123.655009993000021, -10.140160005999974, 0.0 ], [ 123.655269993000047, -10.139680005999935, 0.0 ], [ 123.655449628000042, -10.139330762999975, 0.0 ], [ 123.655449999000098, -10.139330024999936, 0.0 ], [ 123.65557973500006, -10.139070490999927, 0.0 ], [ 123.655579977000116, -10.13907000599994, 0.0 ], [ 123.655799977000015, -10.138490005999927, 0.0 ], [ 123.655859805000091, -10.13834047499995, 0.0 ], [ 123.655859993000036, -10.138340005999964, 0.0 ], [ 123.655949726000017, -10.138190449999968, 0.0 ], [ 123.655949993000036, -10.138190005999945, 0.0 ], [ 123.656039993000036, -10.137890005999964, 0.0 ], [ 123.656049993000011, -10.137620005999963, 0.0 ], [ 123.656059993000099, -10.137440005999963, 0.0 ], [ 123.656099901000061, -10.13726042199994, 0.0 ], [ 123.656099993000112, -10.137260005999963, 0.0 ], [ 123.656209993000061, -10.137120005999975, 0.0 ], [ 123.656349993000049, -10.136930005999943, 0.0 ], [ 123.656439993000049, -10.136830005999968, 0.0 ], [ 123.656670009000095, -10.13671000599993, 0.0 ], [ 123.656789993000075, -10.136630005999962, 0.0 ], [ 123.656909993000113, -10.136500005999949, 0.0 ], [ 123.65724999300005, -10.136100021999937, 0.0 ], [ 123.657369993000088, -10.135960005999948, 0.0 ], [ 123.657629993000114, -10.135590005999973, 0.0 ], [ 123.657849993000013, -10.135300005999966, 0.0 ], [ 123.657969993000052, -10.135170005999953, 0.0 ], [ 123.658070009000085, -10.135030005999965, 0.0 ], [ 123.658699993000027, -10.134369989999925, 0.0 ], [ 123.659389993000104, -10.133990005999976, 0.0 ], [ 123.659689993000029, -10.133840005999957, 0.0 ], [ 123.659839993000105, -10.133780005999938, 0.0 ], [ 123.659989993000067, -10.133710005999944, 0.0 ], [ 123.660469993000106, -10.133350005999944, 0.0 ], [ 123.660579993000056, -10.13328999099997, 0.0 ], [ 123.660859993000031, -10.133300021999958, 0.0 ], [ 123.661119993000057, -10.13328998999998, 0.0 ], [ 123.661274532000107, -10.133250257999975, 0.0 ], [ 123.661469993000082, -10.133200005999981, 0.0 ], [ 123.66169000900004, -10.133160005999969, 0.0 ], [ 123.662009993000083, -10.133150005999937, 0.0 ], [ 123.662549993000084, -10.133160005999969, 0.0 ], [ 123.662736424000059, -10.13316632599998, 0.0 ], [ 123.663139993000073, -10.133180005999975, 0.0 ], [ 123.663192209000044, -10.133186532999957, 0.0 ], [ 123.66329999300001, -10.133200005999981, 0.0 ], [ 123.66356999300001, -10.133310005999931, 0.0 ], [ 123.663809993000086, -10.133390005999956, 0.0 ], [ 123.6642099930001, -10.133410005999963, 0.0 ], [ 123.664639993000037, -10.133400005999931, 0.0 ], [ 123.665119993000076, -10.133490005999931, 0.0 ], [ 123.665669993000051, -10.133509990999926, 0.0 ], [ 123.66641999300009, -10.133390005999956, 0.0 ], [ 123.666929993000053, -10.13319000599995, 0.0 ], [ 123.66754999300008, -10.132910005999975, 0.0 ], [ 123.66790999300008, -10.132649989999948, 0.0 ], [ 123.668099993000055, -10.13248000599998, 0.0 ], [ 123.668319993000068, -10.132250005999936, 0.0 ], [ 123.668889993000107, -10.131640005999941, 0.0 ], [ 123.669359977000113, -10.130990005999934, 0.0 ], [ 123.670179993000033, -10.129720005999957, 0.0 ], [ 123.670339993000084, -10.129470005999963, 0.0 ], [ 123.670609993000085, -10.129070005999949, 0.0 ], [ 123.670809993000034, -10.12874000599993, 0.0 ], [ 123.671079994000024, -10.12835002199995, 0.0 ], [ 123.671539629000108, -10.127410762999943, 0.0 ], [ 123.67153999300001, -10.127410005999934, 0.0 ], [ 123.671579993000023, -10.12734000599994, 0.0 ], [ 123.671904899000083, -10.126848867999968, 0.0 ], [ 123.67225897000003, -10.125892343999965, 0.0 ], [ 123.672477880000088, -10.124873934999925, 0.0 ], [ 123.672896666000042, -10.124531291999972, 0.0 ], [ 123.673121252000101, -10.123941753999929, 0.0 ], [ 123.673252734000016, -10.124506250999957, 0.0 ], [ 123.673257826000054, -10.124528108999925, 0.0 ], [ 123.673322174000077, -10.124804375999929, 0.0 ], [ 123.673325537000096, -10.124809013999936, 0.0 ], [ 123.6733322340001, -10.12481824799994, 0.0 ], [ 123.673385704000111, -10.124940023999955, 0.0 ], [ 123.673425701000042, -10.125011728999937, 0.0 ], [ 123.673533274000079, -10.125167678999958, 0.0 ], [ 123.673616, -10.125243, 0.0 ], [ 123.673602886000026, -10.125440168999944, 0.0 ], [ 123.673598668000068, -10.125500441999975, 0.0 ], [ 123.673502671000051, -10.125582174999977, 0.0 ], [ 123.673305556000059, -10.12575, 0.0 ], [ 123.673722222000038, -10.126638888999935, 0.0 ], [ 123.673745346000032, -10.12663564199994, 0.0 ], [ 123.673970048000115, -10.126604094999948, 0.0 ], [ 123.674172680000083, -10.126603048999925, 0.0 ], [ 123.674561722000021, -10.126649447999966, 0.0 ], [ 123.674382387000037, -10.126812479999955, 0.0 ], [ 123.674194444000022, -10.126972221999949, 0.0 ], [ 123.674114838000037, -10.127290646999938, 0.0 ], [ 123.674075434000088, -10.127451290999943, 0.0 ], [ 123.674111111000116, -10.127833332999955, 0.0 ], [ 123.674131891000116, -10.128311278999945, 0.0 ], [ 123.674138889000119, -10.128472221999971, 0.0 ], [ 123.674253897000085, -10.128588943999944, 0.0 ], [ 123.674399901000015, -10.128828926999972, 0.0 ], [ 123.674456254, -10.128948075999972, 0.0 ], [ 123.67467117700005, -10.129402484999957, 0.0 ], [ 123.674638889000107, -10.1295, 0.0 ], [ 123.674332947000039, -10.129672091999964, 0.0 ], [ 123.674295027000085, -10.129690326999935, 0.0 ], [ 123.674185999000088, -10.129742757999963, 0.0 ], [ 123.674221961000057, -10.129849465999939, 0.0 ], [ 123.674243527000044, -10.12992742299997, 0.0 ], [ 123.674805556000024, -10.129777777999948, 0.0 ], [ 123.674805556000024, -10.130111110999962, 0.0 ], [ 123.675333333000026, -10.130222221999929, 0.0 ], [ 123.675361111000029, -10.130638888999954, 0.0 ], [ 123.675722222000104, -10.13075, 0.0 ], [ 123.675691727000071, -10.131131191999941, 0.0 ], [ 123.675568706000035, -10.13144676099995, 0.0 ], [ 123.675568414000054, -10.131538346999946, 0.0 ], [ 123.675750480000033, -10.131676939999977, 0.0 ], [ 123.675916667000024, -10.132027777999951, 0.0 ], [ 123.675805556000114, -10.132194443999936, 0.0 ], [ 123.675346059000049, -10.132117637999954, 0.0 ], [ 123.675250000000119, -10.132055555999955, 0.0 ], [ 123.675147036000112, -10.132095335999963, 0.0 ], [ 123.675146839000035, -10.132095620999962, 0.0 ], [ 123.675147041000059, -10.132096562999948, 0.0 ], [ 123.675138889000095, -10.132138888999975, 0.0 ], [ 123.675139244000093, -10.132161638999946, 0.0 ], [ 123.675139992000027, -10.13216500599998, 0.0 ], [ 123.675149993000105, -10.132210006999969, 0.0 ], [ 123.675280009000062, -10.132380005999948, 0.0 ], [ 123.675509993000105, -10.132620005999968, 0.0 ], [ 123.675579993000042, -10.132720005999943, 0.0 ], [ 123.675579995000021, -10.132810006999932, 0.0 ], [ 123.6755800520001, -10.132810637999967, 0.0 ], [ 123.675584670000035, -10.132859870999937, 0.0 ], [ 123.675610009000025, -10.133130005999931, 0.0 ], [ 123.675748580000118, -10.133375185999967, 0.0 ], [ 123.675869993000106, -10.133590006999952, 0.0 ], [ 123.67589999300003, -10.133850005999932, 0.0 ], [ 123.675956706000079, -10.134110217999933, 0.0 ], [ 123.676040552000018, -10.134494922999977, 0.0 ], [ 123.676069993000056, -10.134630005999952, 0.0 ], [ 123.676109993000068, -10.13468000599994, 0.0 ], [ 123.676422504000016, -10.134983324999951, 0.0 ], [ 123.676449993, -10.135010005999959, 0.0 ], [ 123.676509993000082, -10.135120005999966, 0.0 ], [ 123.676515265000035, -10.135172724999961, 0.0 ], [ 123.676519993000056, -10.13522000599994, 0.0 ], [ 123.676479993000044, -10.135290005999934, 0.0 ], [ 123.676361805000056, -10.135349099999928, 0.0 ], [ 123.676359993000119, -10.135350005999953, 0.0 ], [ 123.676309993000018, -10.135380005999934, 0.0 ], [ 123.67628349600011, -10.135433, 0.0 ], [ 123.676279993000094, -10.135440005999953, 0.0 ], [ 123.676379993000069, -10.135570005999966, 0.0 ], [ 123.676469977000011, -10.135690005999948, 0.0 ], [ 123.676559993000069, -10.135760005999941, 0.0 ], [ 123.677059993000057, -10.13573000599996, 0.0 ], [ 123.67718999300007, -10.135740005999935, 0.0 ], [ 123.67738999300002, -10.135790005999979, 0.0 ], [ 123.677594705000047, -10.135896152999976, 0.0 ], [ 123.67765999300002, -10.135930005999967, 0.0 ], [ 123.677699993000033, -10.135960005999948, 0.0 ], [ 123.677739993000046, -10.13600000699995, 0.0 ], [ 123.677789191000102, -10.136108238999952, 0.0 ], [ 123.677789994000022, -10.136110005999967, 0.0 ], [ 123.677829993000046, -10.136210005999942, 0.0 ], [ 123.677850008000064, -10.136280005999936, 0.0 ], [ 123.677980009000066, -10.136410005999949, 0.0 ], [ 123.678259993000097, -10.136580005999974, 0.0 ], [ 123.678499993000059, -10.136860005999949, 0.0 ], [ 123.678649993000022, -10.137020005999943, 0.0 ], [ 123.678729993000047, -10.137070005999931, 0.0 ], [ 123.678819993000047, -10.137110005999943, 0.0 ], [ 123.67887999200002, -10.13722000599995, 0.0 ], [ 123.678909993000048, -10.137480005999976, 0.0 ], [ 123.67894999300006, -10.137560005999944, 0.0 ], [ 123.679012821000015, -10.137631809999959, 0.0 ], [ 123.679019993000111, -10.13764000599997, 0.0 ], [ 123.679069993000098, -10.137930005999976, 0.0 ], [ 123.679219993000061, -10.138170005999939, 0.0 ], [ 123.679249993000099, -10.138230005999958, 0.0 ], [ 123.679219993000061, -10.138310005999926, 0.0 ], [ 123.679089993000048, -10.138340005999964, 0.0 ], [ 123.678999993000048, -10.138350005999939, 0.0 ], [ 123.678958325000053, -10.138350005999939, 0.0 ], [ 123.678840008000066, -10.138350005999939, 0.0 ], [ 123.678729993000047, -10.138330005999933, 0.0 ], [ 123.678579993000085, -10.138310005999926, 0.0 ], [ 123.67847999300011, -10.138340005999964, 0.0 ], [ 123.678429993, -10.138390005999952, 0.0 ], [ 123.67838999300011, -10.13862000599994, 0.0 ], [ 123.678399993000085, -10.138700005999965, 0.0 ], [ 123.67865999300011, -10.138740005999978, 0.0 ], [ 123.678739993000022, -10.138740005999978, 0.0 ], [ 123.678869993000035, -10.138750005999952, 0.0 ], [ 123.679099993000023, -10.138750005999952, 0.0 ], [ 123.679219993000061, -10.138760005999927, 0.0 ], [ 123.67945819800002, -10.138908883999932, 0.0 ], [ 123.679476639000086, -10.138924802999952, 0.0 ], [ 123.679531272000077, -10.13897336499997, 0.0 ], [ 123.679533370000058, -10.138979283999959, 0.0 ], [ 123.679556895000019, -10.139045658999976, 0.0 ], [ 123.679558375000056, -10.139051471999949, 0.0 ], [ 123.679579993000061, -10.139210005999928, 0.0 ], [ 123.679569993000086, -10.139340005999941, 0.0 ], [ 123.679609993000099, -10.13940000599996, 0.0 ], [ 123.679689992000021, -10.139430005999941, 0.0 ], [ 123.679704343000026, -10.139427613999942, 0.0 ], [ 123.679809993000049, -10.139410006999981, 0.0 ], [ 123.679979993000075, -10.139300005999928, 0.0 ], [ 123.680119993000062, -10.138940005999928, 0.0 ], [ 123.68016999200006, -10.138860005999959, 0.0 ], [ 123.680279993000113, -10.138830005999978, 0.0 ], [ 123.680323746000113, -10.138850595999941, 0.0 ], [ 123.680449993000025, -10.138910005999946, 0.0 ], [ 123.680579993000038, -10.138970005999965, 0.0 ], [ 123.680699993000076, -10.139040005999959, 0.0 ], [ 123.680789993000076, -10.139140005999934, 0.0 ], [ 123.680879993000076, -10.139570006999975, 0.0 ], [ 123.680969994000066, -10.139780005999967, 0.0 ], [ 123.681040893000045, -10.139831742999945, 0.0 ], [ 123.681339993000051, -10.140050005999967, 0.0 ], [ 123.681419978, -10.140080005999948, 0.0 ], [ 123.681640009000034, -10.140070005999974, 0.0 ], [ 123.681769993000103, -10.140010005999955, 0.0 ], [ 123.68199999300009, -10.14000000599998, 0.0 ], [ 123.682179993000091, -10.14000000599998, 0.0 ], [ 123.682339993000028, -10.139980005999973, 0.0 ], [ 123.682549993000066, -10.139830005999954, 0.0 ], [ 123.682639993000066, -10.139760020999972, 0.0 ], [ 123.682829993000041, -10.139730005999979, 0.0 ], [ 123.682907945000011, -10.139737091999962, 0.0 ], [ 123.682939993000105, -10.139740005999954, 0.0 ], [ 123.683019993000016, -10.139790005999942, 0.0 ], [ 123.683059993000029, -10.139870005999967, 0.0 ], [ 123.683089993000067, -10.140100005999955, 0.0 ], [ 123.682979993000117, -10.140520005999974, 0.0 ], [ 123.682950024000093, -10.14074000599993, 0.0 ], [ 123.682899993000092, -10.141010005999931, 0.0 ], [ 123.682861941000056, -10.141093720999947, 0.0 ], [ 123.682818145000056, -10.141152881999972, 0.0 ], [ 123.682539993000091, -10.141440005999925, 0.0 ], [ 123.682439993000116, -10.141600005999976, 0.0 ], [ 123.682409993000078, -10.141870005999976, 0.0 ], [ 123.682449993000091, -10.142140005999977, 0.0 ], [ 123.682479994000118, -10.142450005999933, 0.0 ], [ 123.682489993000104, -10.142549990999953, 0.0 ], [ 123.682569993000016, -10.142660005999971, 0.0 ], [ 123.682649993000041, -10.142760005999946, 0.0 ], [ 123.682709977000059, -10.14283000599994, 0.0 ], [ 123.682799993000117, -10.14292000699993, 0.0 ], [ 123.682809993000092, -10.14301000599994, 0.0 ], [ 123.682749993000016, -10.143140006999943, 0.0 ], [ 123.682709978000048, -10.143180005999966, 0.0 ], [ 123.682660390000024, -10.143223403999968, 0.0 ], [ 123.682629993000091, -10.14325000599996, 0.0 ], [ 123.682355384000061, -10.143399425999974, 0.0 ], [ 123.681949993000103, -10.143620005999935, 0.0 ], [ 123.681861849000029, -10.143664076999926, 0.0 ], [ 123.681419794000021, -10.143980100999954, 0.0 ], [ 123.681147686000031, -10.144128544999944, 0.0 ], [ 123.680943404000118, -10.144226624999931, 0.0 ], [ 123.680919993000089, -10.144240005999961, 0.0 ], [ 123.680829993000089, -10.144330005999961, 0.0 ], [ 123.680819993000114, -10.144450005999943, 0.0 ], [ 123.680829993000089, -10.144530005999968, 0.0 ], [ 123.680961970000112, -10.144637982999939, 0.0 ], [ 123.681070886000043, -10.144740591999948, 0.0 ], [ 123.681154307000043, -10.144795654999939, 0.0 ], [ 123.681156289000114, -10.144796962999976, 0.0 ], [ 123.681196647000093, -10.144823602999963, 0.0 ], [ 123.681247975000019, -10.144883795999931, 0.0 ], [ 123.681259723000039, -10.14495747199993, 0.0 ], [ 123.681248382000035, -10.145076181999968, 0.0 ], [ 123.681230283000104, -10.145197776999964, 0.0 ], [ 123.681177359000117, -10.145268876999978, 0.0 ], [ 123.681174922000082, -10.145272152999951, 0.0 ], [ 123.681170697000084, -10.145277070999953, 0.0 ], [ 123.681169993000026, -10.14528000599995, 0.0 ], [ 123.68115711400003, -10.145292884999947, 0.0 ], [ 123.68114606600011, -10.145305746999952, 0.0 ], [ 123.681104420000111, -10.145353544999978, 0.0 ], [ 123.680965289000028, -10.14551322799997, 0.0 ], [ 123.680741671000078, -10.145752021999954, 0.0 ], [ 123.680671304000043, -10.145833479999965, 0.0 ], [ 123.680597133000106, -10.145921635999969, 0.0 ], [ 123.680547906000015, -10.14606411699998, 0.0 ], [ 123.680474688000118, -10.146159983999951, 0.0 ], [ 123.680425315000093, -10.146279858999947, 0.0 ], [ 123.680399721000072, -10.146341997999968, 0.0 ], [ 123.680230078000022, -10.146522292999975, 0.0 ], [ 123.680147221000084, -10.146627750999926, 0.0 ], [ 123.680087835000108, -10.14670620499993, 0.0 ], [ 123.68003547100011, -10.14677538199993, 0.0 ], [ 123.679997993000029, -10.146817863999956, 0.0 ], [ 123.679976772000032, -10.146924195999929, 0.0 ], [ 123.679970224000044, -10.146957928999939, 0.0 ], [ 123.6799699930001, -10.146960005999972, 0.0 ], [ 123.6799699930001, -10.147090005999928, 0.0 ], [ 123.679970492000052, -10.147090943999956, 0.0 ], [ 123.679970507, -10.147090971999944, 0.0 ], [ 123.679970522000076, -10.147091, 0.0 ], [ 123.679970987000047, -10.147091885999941, 0.0 ], [ 123.68000883600007, -10.14716513999997, 0.0 ], [ 123.680009161000044, -10.147167766999928, 0.0 ], [ 123.68001735900009, -10.147234012999945, 0.0 ], [ 123.680061046000105, -10.147335858999952, 0.0 ], [ 123.680116302000101, -10.14742619499998, 0.0 ], [ 123.680155665000029, -10.147469599999965, 0.0 ], [ 123.68016229400007, -10.147476909999966, 0.0 ], [ 123.680189993000113, -10.147560005999935, 0.0 ], [ 123.680161185000088, -10.147718447999978, 0.0 ], [ 123.6801499930001, -10.147780005999948, 0.0 ], [ 123.680109884000103, -10.147815556999944, 0.0 ], [ 123.680102678000026, -10.147836839999968, 0.0 ], [ 123.680073052000012, -10.147874227999978, 0.0 ], [ 123.680073031, -10.147874247999937, 0.0 ], [ 123.680073010000115, -10.147874266999963, 0.0 ], [ 123.680039061000116, -10.147904449999942, 0.0 ], [ 123.679936356000098, -10.147989369999948, 0.0 ], [ 123.679877072000068, -10.148049792999927, 0.0 ], [ 123.67981489500005, -10.148113093999939, 0.0 ], [ 123.679758458000038, -10.14814910399997, 0.0 ], [ 123.679703459000052, -10.148180803999935, 0.0 ], [ 123.679660081000065, -10.148225399999944, 0.0 ], [ 123.679625479000038, -10.148308744999952, 0.0 ], [ 123.679627031000109, -10.148357555999951, 0.0 ], [ 123.679646038000101, -10.148437916999967, 0.0 ], [ 123.679673753000088, -10.148524001999931, 0.0 ], [ 123.679711589000021, -10.148600016999978, 0.0 ], [ 123.679746552000097, -10.148687522999978, 0.0 ], [ 123.679782958000033, -10.14877215599995, 0.0 ], [ 123.679800458000045, -10.14882524099994, 0.0 ], [ 123.679813578000108, -10.14886254299995, 0.0 ], [ 123.679864487000032, -10.148996197999963, 0.0 ], [ 123.679883522000068, -10.149046169999963, 0.0 ], [ 123.679916996000088, -10.14911501499995, 0.0 ], [ 123.67997369200009, -10.149201041999959, 0.0 ], [ 123.680024518000096, -10.149252621999949, 0.0 ], [ 123.680134787000043, -10.149318436999977, 0.0 ], [ 123.680236232000084, -10.149322532999975, 0.0 ], [ 123.680409738000094, -10.149308567999981, 0.0 ], [ 123.680410670000015, -10.149308492999978, 0.0 ], [ 123.680498091000118, -10.149281887999962, 0.0 ], [ 123.680569993000063, -10.149260005999963, 0.0 ], [ 123.680678664000084, -10.149215258999959, 0.0 ], [ 123.680739993000088, -10.149190005999969, 0.0 ], [ 123.680829993000089, -10.149190005999969, 0.0 ], [ 123.68087889200001, -10.149228274999928, 0.0 ], [ 123.68099582100001, -10.149319784999932, 0.0 ], [ 123.681062335000092, -10.149382555999978, 0.0 ], [ 123.681104987000026, -10.149428062999959, 0.0 ], [ 123.681369993000089, -10.149770005999926, 0.0 ], [ 123.68147999200005, -10.149890005999964, 0.0 ], [ 123.681541022000033, -10.149930691999941, 0.0 ], [ 123.681540117000054, -10.149932206999949, 0.0 ], [ 123.681367685000055, -10.150220937999961, 0.0 ], [ 123.681162528000073, -10.150533718999952, 0.0 ], [ 123.681150938000087, -10.150548546999971, 0.0 ], [ 123.681114285000035, -10.150575423999953, 0.0 ], [ 123.681076759, -10.150623013999962, 0.0 ], [ 123.68101601, -10.150700055999948, 0.0 ], [ 123.680997660000116, -10.150721208999926, 0.0 ], [ 123.680857962000118, -10.150882241999966, 0.0 ], [ 123.68076277900002, -10.150986629999977, 0.0 ], [ 123.680738624000014, -10.151013120999949, 0.0 ], [ 123.680688329000077, -10.151068280999937, 0.0 ], [ 123.680619844000034, -10.151118194999981, 0.0 ], [ 123.680551359000106, -10.151168107999979, 0.0 ], [ 123.680429470000036, -10.151318027999935, 0.0 ], [ 123.680412607000108, -10.151338768999949, 0.0 ], [ 123.680339297000046, -10.15139060599995, 0.0 ], [ 123.680258171000105, -10.151402259999941, 0.0 ], [ 123.680146173000026, -10.151433120999968, 0.0 ], [ 123.679985877000036, -10.151465995999956, 0.0 ], [ 123.679971527000021, -10.151471786999934, 0.0 ], [ 123.6799712400001, -10.151471902999958, 0.0 ], [ 123.679819026000018, -10.151533335999943, 0.0 ], [ 123.679814410000063, -10.151535197999976, 0.0 ], [ 123.679814271000055, -10.151536638999971, 0.0 ], [ 123.679829993000112, -10.151610004999952, 0.0 ], [ 123.679789993000099, -10.151610005999942, 0.0 ], [ 123.679349993000073, -10.151580005999961, 0.0 ], [ 123.679069992000109, -10.151570005999929, 0.0 ], [ 123.678550009000105, -10.151600021999968, 0.0 ], [ 123.678022293000026, -10.151653762999956, 0.0 ], [ 123.677999592000106, -10.151656073999959, 0.0 ], [ 123.677470293000056, -10.15170997499996, 0.0 ], [ 123.677469396000106, -10.151710148999939, 0.0 ], [ 123.677468672000032, -10.151710288999936, 0.0 ], [ 123.67718999300007, -10.151770005999936, 0.0 ], [ 123.677056615000083, -10.151790007999978, 0.0 ], [ 123.677056502000028, -10.151790028999926, 0.0 ], [ 123.676922061000027, -10.151816069999938, 0.0 ], [ 123.676919394000038, -10.151816616999952, 0.0 ], [ 123.676479993000044, -10.151920005999955, 0.0 ], [ 123.675404750000098, -10.15212258899993, 0.0 ], [ 123.675383497000098, -10.152126592999934, 0.0 ], [ 123.675297406000027, -10.152142812999955, 0.0 ], [ 123.675099993000117, -10.15218000599998, 0.0 ], [ 123.674689994000119, -10.15226000499996, 0.0 ], [ 123.67422999300004, -10.152350005999949, 0.0 ], [ 123.674128537000115, -10.152360501999965, 0.0 ], [ 123.67393999300009, -10.152380006999977, 0.0 ], [ 123.673890407000044, -10.152412141999946, 0.0 ], [ 123.673762110000098, -10.152475701999947, 0.0 ], [ 123.673676736000061, -10.152489403999937, 0.0 ], [ 123.673632956, -10.152507798999977, 0.0 ], [ 123.67353816100001, -10.152511643999958, 0.0 ], [ 123.673471257000074, -10.152514356999973, 0.0 ], [ 123.673183572000084, -10.15252602399994, 0.0 ], [ 123.673122293, -10.152528509999968, 0.0 ], [ 123.672963278000111, -10.152534958999979, 0.0 ], [ 123.672815660000083, -10.152556769999933, 0.0 ], [ 123.672752213000081, -10.152551935999952, 0.0 ], [ 123.672747222000112, -10.152560555999969, 0.0 ], [ 123.672729653000033, -10.152644739999971, 0.0 ], [ 123.672734621000018, -10.152692429999945, 0.0 ], [ 123.672738779000042, -10.152732347999972, 0.0 ], [ 123.672749993000025, -10.152840005999963, 0.0 ], [ 123.67282999300005, -10.153740006999953, 0.0 ], [ 123.67283021500009, -10.153745569999955, 0.0 ], [ 123.672839994000014, -10.153990006999948, 0.0 ], [ 123.672809977000043, -10.154240005999952, 0.0 ], [ 123.672747429000083, -10.154537169999969, 0.0 ], [ 123.672747393, -10.154537338999944, 0.0 ], [ 123.672711334000041, -10.154707076999955, 0.0 ], [ 123.672657052000091, -10.154960384999981, 0.0 ], [ 123.672639993000075, -10.155039988999931, 0.0 ], [ 123.672621180000078, -10.155148217999965, 0.0 ], [ 123.6726056870001, -10.155237338999939, 0.0 ], [ 123.67260472800001, -10.155242853999937, 0.0 ], [ 123.672594107, -10.155274024999926, 0.0 ], [ 123.6725776400001, -10.155322349999949, 0.0 ], [ 123.672387993000029, -10.155414391999955, 0.0 ], [ 123.672175978000041, -10.155558776999953, 0.0 ], [ 123.67201999100007, -10.155665005999936, 0.0 ], [ 123.671781950000081, -10.155827119999969, 0.0 ], [ 123.671741532000055, -10.155854646999956, 0.0 ], [ 123.671090008000078, -10.156340019999959, 0.0 ], [ 123.670891390000065, -10.156472979999933, 0.0 ], [ 123.670422639000094, -10.156640834999962, 0.0 ], [ 123.669933584000091, -10.156766476999962, 0.0 ], [ 123.66976428800001, -10.15681387099994, 0.0 ], [ 123.669695495000042, -10.156833129999939, 0.0 ], [ 123.669477406000055, -10.156894183999952, 0.0 ], [ 123.669472068000118, -10.156895677999955, 0.0 ], [ 123.669174208000072, -10.156971330999966, 0.0 ], [ 123.669008594000047, -10.157013395999968, 0.0 ], [ 123.668578201000059, -10.157123931999934, 0.0 ], [ 123.668527743000027, -10.157136890999936, 0.0 ], [ 123.668129018000059, -10.157210073999977, 0.0 ], [ 123.667751517000056, -10.15727936199994, 0.0 ], [ 123.667726129000016, -10.157284020999953, 0.0 ], [ 123.66768804600008, -10.157291010999927, 0.0 ], [ 123.667624, -10.157301, 0.0 ], [ 123.667589071000066, -10.157309176999945, 0.0 ], [ 123.667200525000112, -10.157343598999944, 0.0 ], [ 123.667149791000043, -10.157348093999929, 0.0 ], [ 123.66707279100001, -10.157354914999928, 0.0 ], [ 123.666995161000045, -10.157365213999981, 0.0 ], [ 123.666909132000114, -10.157376627999952, 0.0 ], [ 123.666717261000031, -10.157402083999955, 0.0 ], [ 123.666598303000114, -10.157411859999968, 0.0 ], [ 123.666492138000081, -10.157420583999965, 0.0 ], [ 123.666224643000078, -10.157442566999975, 0.0 ], [ 123.666002835000086, -10.157429151999963, 0.0 ], [ 123.66596086800007, -10.157426613999974, 0.0 ], [ 123.665796377000106, -10.157437452999943, 0.0 ], [ 123.665256690000092, -10.157495969999957, 0.0 ], [ 123.664848399000107, -10.15746790999998, 0.0 ], [ 123.664429614000028, -10.157433645999959, 0.0 ], [ 123.664212607000081, -10.157426030999943, 0.0 ], [ 123.663896615000112, -10.157429838999974, 0.0 ], [ 123.66344356500008, -10.157429838999974, 0.0 ], [ 123.663119959000028, -10.157414609999933, 0.0 ], [ 123.662891531000014, -10.157414609999933, 0.0 ], [ 123.662594574000082, -10.157403188999979, 0.0 ], [ 123.662407131, -10.157337990999963, 0.0 ], [ 123.662402686000064, -10.157351096999946, 0.0 ], [ 123.662333333000106, -10.157555555999977, 0.0 ], [ 123.663611111000023, -10.158583332999967, 0.0 ], [ 123.66415014200004, -10.158833596999955, 0.0 ], [ 123.664388889000065, -10.158944443999928, 0.0 ] ] ] ] } },
{ "type": "Feature", "properties": { "nm_kecamatan": "Oebobo" }, "geometry": { "type": "MultiPolygon", "coordinates": [ [ [ [ 123.635645065000062, -10.156733416999941, 0.0 ], [ 123.635646637000036, -10.156729823999967, 0.0 ], [ 123.635646929000018, -10.156729158999951, 0.0 ], [ 123.635650096000063, -10.156721920999928, 0.0 ], [ 123.635651852000024, -10.156717906999972, 0.0 ], [ 123.635666635, -10.15668412399998, 0.0 ], [ 123.635790631000077, -10.156400763999955, 0.0 ], [ 123.635807777000082, -10.156369905999952, 0.0 ], [ 123.635823068000036, -10.156342386999938, 0.0 ], [ 123.63598123700001, -10.156057732999955, 0.0 ], [ 123.636100142000032, -10.155903964999936, 0.0 ], [ 123.636154690000012, -10.155833422999933, 0.0 ], [ 123.636333043000036, -10.155581416999951, 0.0 ], [ 123.636516924000034, -10.155321599999979, 0.0 ], [ 123.636621001000094, -10.155188631999977, 0.0 ], [ 123.636783928000114, -10.154980474999945, 0.0 ], [ 123.636870742000042, -10.154869560999941, 0.0 ], [ 123.636910091000118, -10.154819286999953, 0.0 ], [ 123.637086344000068, -10.154569982999931, 0.0 ], [ 123.637113629000055, -10.154629776999968, 0.0 ], [ 123.637127238000062, -10.154671864999955, 0.0 ], [ 123.637136986000087, -10.154715874999965, 0.0 ], [ 123.637139024000021, -10.154769471999941, 0.0 ], [ 123.637156508000089, -10.154817295999976, 0.0 ], [ 123.637209994000045, -10.154850001999932, 0.0 ], [ 123.637639998000054, -10.154980002999935, 0.0 ], [ 123.637799996000012, -10.155020002999947, 0.0 ], [ 123.638029997000103, -10.155130003999943, 0.0 ], [ 123.638269997000066, -10.155350002999967, 0.0 ], [ 123.638389996000114, -10.15548000299998, 0.0 ], [ 123.638659997000104, -10.155630002999942, 0.0 ], [ 123.638899997000067, -10.15575000299998, 0.0 ], [ 123.639059997000118, -10.15577000199994, 0.0 ], [ 123.639279996000027, -10.15595000299993, 0.0 ], [ 123.639399996000066, -10.156070002999968, 0.0 ], [ 123.639559998000095, -10.156230002999962, 0.0 ], [ 123.639619997000068, -10.156350003999933, 0.0 ], [ 123.639749997000081, -10.156650001999935, 0.0 ], [ 123.639959997000119, -10.156950002999963, 0.0 ], [ 123.640159996000079, -10.157180002999951, 0.0 ], [ 123.640269997000019, -10.157210002999932, 0.0 ], [ 123.640489997000032, -10.157240003999959, 0.0 ], [ 123.64069999600008, -10.157440002999977, 0.0 ], [ 123.640720749000025, -10.157459157999938, 0.0 ], [ 123.640792599000065, -10.15752548699993, 0.0 ], [ 123.640820936000068, -10.157551644999955, 0.0 ], [ 123.640843322000023, -10.157582097999978, 0.0 ], [ 123.640929997000057, -10.157700004999981, 0.0 ], [ 123.640939984000056, -10.157830004999937, 0.0 ], [ 123.640959996000106, -10.158049993999953, 0.0 ], [ 123.64098999700002, -10.158190002999959, 0.0 ], [ 123.641089996000119, -10.158380002999934, 0.0 ], [ 123.64116999700002, -10.158500002999972, 0.0 ], [ 123.641210005000062, -10.158650002999934, 0.0 ], [ 123.641179997000108, -10.158870002999947, 0.0 ], [ 123.641189998000073, -10.15900000299996, 0.0 ], [ 123.641219996000018, -10.159280002999935, 0.0 ], [ 123.641239997000071, -10.159380002999967, 0.0 ], [ 123.641279997000083, -10.159450002999961, 0.0 ], [ 123.641479997000033, -10.159480002999942, 0.0 ], [ 123.641609996000057, -10.159480001999952, 0.0 ], [ 123.641709996000031, -10.159590002999948, 0.0 ], [ 123.641719998000099, -10.159700002999955, 0.0 ], [ 123.641689997000071, -10.159860002999949, 0.0 ], [ 123.641699996000057, -10.159980001999941, 0.0 ], [ 123.641950004000023, -10.160270002999937, 0.0 ], [ 123.642079996, -10.160450003999927, 0.0 ], [ 123.642119992000062, -10.160530005999931, 0.0 ], [ 123.64218999600007, -10.160650003999933, 0.0 ], [ 123.64227999600007, -10.160650003999933, 0.0 ], [ 123.642359997000085, -10.160630002999937, 0.0 ], [ 123.64256999600002, -10.160500002999981, 0.0 ], [ 123.64265999600002, -10.160540002999937, 0.0 ], [ 123.642759997000098, -10.160660002999975, 0.0 ], [ 123.642809996000096, -10.160970001999942, 0.0 ], [ 123.64283999700001, -10.161060002999932, 0.0 ], [ 123.642919996000046, -10.161200002999976, 0.0 ], [ 123.643049998000038, -10.161820002999946, 0.0 ], [ 123.643169995000108, -10.162004549999949, 0.0 ], [ 123.643238615000087, -10.162028077999935, 0.0 ], [ 123.643280395000033, -10.162018510999928, 0.0 ], [ 123.643770166000081, -10.161770198999932, 0.0 ], [ 123.643809993000104, -10.161750005999977, 0.0 ], [ 123.644189323000091, -10.161571649999928, 0.0 ], [ 123.644256318000089, -10.161535675999971, 0.0 ], [ 123.64431571800003, -10.161503779999975, 0.0 ], [ 123.644538192000027, -10.161384317999932, 0.0 ], [ 123.644632243000046, -10.161338718999957, 0.0 ], [ 123.64470266, -10.161304577999942, 0.0 ], [ 123.644728034000082, -10.161292276999973, 0.0 ], [ 123.644753406000063, -10.161279974999957, 0.0 ], [ 123.644814710000105, -10.161250251999945, 0.0 ], [ 123.644983901000046, -10.161188053999979, 0.0 ], [ 123.645223068000064, -10.161100131999945, 0.0 ], [ 123.645415069000023, -10.161042848999955, 0.0 ], [ 123.645479993000095, -10.161020005999944, 0.0 ], [ 123.645524057000102, -10.161010332999979, 0.0 ], [ 123.645644517000051, -10.160974393999936, 0.0 ], [ 123.645801298000038, -10.160941245999936, 0.0 ], [ 123.645843432000106, -10.160929654999961, 0.0 ], [ 123.646079909000036, -10.160882502999925, 0.0 ], [ 123.646083447000024, -10.160881796999945, 0.0 ], [ 123.646093759000109, -10.160879740999974, 0.0 ], [ 123.646199993000096, -10.16086592399995, 0.0 ], [ 123.646271233000107, -10.160856658999933, 0.0 ], [ 123.646475274000068, -10.160833523999941, 0.0 ], [ 123.646602243000075, -10.160821924999937, 0.0 ], [ 123.646783160000041, -10.16080539799998, 0.0 ], [ 123.64717212700009, -10.160760232999962, 0.0 ], [ 123.647210595000047, -10.160755765999966, 0.0 ], [ 123.647244363000027, -10.160751844999936, 0.0 ], [ 123.647351800000024, -10.160740953999948, 0.0 ], [ 123.647653662000039, -10.16071035799996, 0.0 ], [ 123.647900112000116, -10.160687441999926, 0.0 ], [ 123.647935785000072, -10.160684125999978, 0.0 ], [ 123.648126959000024, -10.160666349999929, 0.0 ], [ 123.648162280000065, -10.160663538999927, 0.0 ], [ 123.64820088700003, -10.160660466999957, 0.0 ], [ 123.648527824000098, -10.160634449999975, 0.0 ], [ 123.648618361000104, -10.160626252999975, 0.0 ], [ 123.648875841000063, -10.160602939999933, 0.0 ], [ 123.649027687000057, -10.160589191999975, 0.0 ], [ 123.64942755800007, -10.160560195999949, 0.0 ], [ 123.649427562000028, -10.16056023699997, 0.0 ], [ 123.649433772000066, -10.160631848999969, 0.0 ], [ 123.649443620000056, -10.160745387999953, 0.0 ], [ 123.649446500000067, -10.160778590999939, 0.0 ], [ 123.649449369000081, -10.160811659999979, 0.0 ], [ 123.649448438000036, -10.16106865699993, 0.0 ], [ 123.649466985000117, -10.16163000499995, 0.0 ], [ 123.649468503000094, -10.161675930999934, 0.0 ], [ 123.649474065000049, -10.161925364999945, 0.0 ], [ 123.649482843000101, -10.162319108999952, 0.0 ], [ 123.64948409200008, -10.162354998999945, 0.0 ], [ 123.649491418000025, -10.162565557999926, 0.0 ], [ 123.649505920000024, -10.162982368999963, 0.0 ], [ 123.649510060000011, -10.163172609999947, 0.0 ], [ 123.649510189000011, -10.163178527999946, 0.0 ], [ 123.649510520000035, -10.163193769999964, 0.0 ], [ 123.649511362000112, -10.163232446999928, 0.0 ], [ 123.649511378000057, -10.163233146999971, 0.0 ], [ 123.649561713000026, -10.163228926999977, 0.0 ], [ 123.649573641000075, -10.163227931999927, 0.0 ], [ 123.649751132, -10.163213218999942, 0.0 ], [ 123.649862694000035, -10.163202229999968, 0.0 ], [ 123.650052512000116, -10.163191802999961, 0.0 ], [ 123.650179301000094, -10.16318580799998, 0.0 ], [ 123.650263340000038, -10.163179898999942, 0.0 ], [ 123.650473428000055, -10.163160817999938, 0.0 ], [ 123.650515459000076, -10.163157744999978, 0.0 ], [ 123.650614699000016, -10.163150486999939, 0.0 ], [ 123.650916088000031, -10.163133377999941, 0.0 ], [ 123.651050117000068, -10.163124496999956, 0.0 ], [ 123.65123557600009, -10.163108334999947, 0.0 ], [ 123.651419094000062, -10.16309612699996, 0.0 ], [ 123.651624616000049, -10.163080283999932, 0.0 ], [ 123.651828913000031, -10.163064083999927, 0.0 ], [ 123.652083436000112, -10.163043994999953, 0.0 ], [ 123.652136809000012, -10.163039781999942, 0.0 ], [ 123.652182282000012, -10.163036906999935, 0.0 ], [ 123.652300300000093, -10.163029445999939, 0.0 ], [ 123.652394724000033, -10.163023475999978, 0.0 ], [ 123.652571726000019, -10.163005654999949, 0.0 ], [ 123.652620756000033, -10.163003601999947, 0.0 ], [ 123.652761671, -10.162997702999974, 0.0 ], [ 123.652805744000034, -10.162995857999931, 0.0 ], [ 123.653092924000021, -10.162977219999959, 0.0 ], [ 123.653094332000023, -10.162977127999966, 0.0 ], [ 123.653238884000075, -10.162964433999946, 0.0 ], [ 123.653275923000024, -10.162961180999957, 0.0 ], [ 123.653459801000054, -10.162946921999946, 0.0 ], [ 123.653522964000103, -10.16294202399996, 0.0 ], [ 123.653747309000096, -10.162926418999973, 0.0 ], [ 123.653809856000066, -10.162922068999933, 0.0 ], [ 123.654133685000033, -10.162894862999963, 0.0 ], [ 123.654348847000051, -10.162876485999959, 0.0 ], [ 123.654674863000082, -10.162855734999937, 0.0 ], [ 123.65483967800003, -10.162844040999971, 0.0 ], [ 123.654955957000084, -10.162835790999964, 0.0 ], [ 123.654967172000056, -10.162835048999966, 0.0 ], [ 123.655003048000026, -10.162832677999972, 0.0 ], [ 123.655224738000015, -10.162818024999979, 0.0 ], [ 123.655437722000102, -10.162798216999931, 0.0 ], [ 123.655640826000081, -10.162788765999949, 0.0 ], [ 123.655760128000111, -10.162783214999934, 0.0 ], [ 123.655793341000049, -10.162780982999948, 0.0 ], [ 123.655980368000087, -10.162768416999938, 0.0 ], [ 123.65607801200008, -10.162759555999969, 0.0 ], [ 123.656174518000057, -10.16275079899998, 0.0 ], [ 123.656233910000083, -10.16274571699995, 0.0 ], [ 123.65628416800007, -10.16274141699995, 0.0 ], [ 123.65641503400002, -10.162730217999979, 0.0 ], [ 123.656544717000088, -10.162722266999936, 0.0 ], [ 123.656677297000101, -10.162714138999945, 0.0 ], [ 123.656836604000091, -10.162706575999948, 0.0 ], [ 123.656899529000043, -10.162703587999943, 0.0 ], [ 123.657077369000035, -10.162695145999976, 0.0 ], [ 123.657078589000093, -10.162695089999943, 0.0 ], [ 123.657078554, -10.162682161999953, 0.0 ], [ 123.657077478000019, -10.162594646999935, 0.0 ], [ 123.666439423000043, -10.161365948999958, 0.0 ], [ 123.666569606000053, -10.161699542999941, 0.0 ], [ 123.666632424000113, -10.16188228599998, 0.0 ], [ 123.666671447000112, -10.162053606999962, 0.0 ], [ 123.666690483000025, -10.162191615999973, 0.0 ], [ 123.666719036000018, -10.16227727699993, 0.0 ], [ 123.666766626000026, -10.162372454999968, 0.0 ], [ 123.666833250000082, -10.162529498999959, 0.0 ], [ 123.66688084000009, -10.162634195999942, 0.0 ], [ 123.666928429000109, -10.162748409999949, 0.0 ], [ 123.666985536000084, -10.162872141999969, 0.0 ], [ 123.66705692000005, -10.163067257999955, 0.0 ], [ 123.667161616000044, -10.163357551999979, 0.0 ], [ 123.66729486600002, -10.163671640999951, 0.0 ], [ 123.667390044000058, -10.163938139999971, 0.0 ], [ 123.667437634000066, -10.164123737999944, 0.0 ], [ 123.667485223000085, -10.164271264999968, 0.0 ], [ 123.667532812000104, -10.164480656999956, 0.0 ], [ 123.667561366000086, -10.164642460999971, 0.0 ], [ 123.667570883000053, -10.164747156999965, 0.0 ], [ 123.667627990000028, -10.164818540999931, 0.0 ], [ 123.667751722000048, -10.164875647999963, 0.0 ], [ 123.667980151000052, -10.164951790999964, 0.0 ], [ 123.668346588000077, -10.165080281999963, 0.0 ], [ 123.668822480000017, -10.165189736999935, 0.0 ], [ 123.669060426000101, -10.165246843999967, 0.0 ], [ 123.669293613000036, -10.165332503999934, 0.0 ], [ 123.669602943000086, -10.165451477999966, 0.0 ], [ 123.669988416000024, -10.165589485999931, 0.0 ], [ 123.670197808000012, -10.165703699999938, 0.0 ], [ 123.670392924000112, -10.165684664999958, 0.0 ], [ 123.67073080800003, -10.165608521999957, 0.0 ], [ 123.670781490000081, -10.165596175999951, 0.0 ], [ 123.665471721000017, -10.167254652999929, 0.0 ], [ 123.657344830000056, -10.168271711999978, 0.0 ], [ 123.657101914, -10.167436316999954, 0.0 ], [ 123.657099449000043, -10.167290269999967, 0.0 ], [ 123.656990937000046, -10.167294727999945, 0.0 ], [ 123.656847491, -10.167282236999938, 0.0 ], [ 123.656308394, -10.167250797999941, 0.0 ], [ 123.656158730000016, -10.167240331999949, 0.0 ], [ 123.655689100000018, -10.167191738999975, 0.0 ], [ 123.655658784000025, -10.16717854999996, 0.0 ], [ 123.6556874260001, -10.167010991999973, 0.0 ], [ 123.655518753000024, -10.166937005999955, 0.0 ], [ 123.655483984000057, -10.167019077999953, 0.0 ], [ 123.655439591000118, -10.16714548899995, 0.0 ], [ 123.65521646600007, -10.167780833999927, 0.0 ], [ 123.655185123000024, -10.167885455999965, 0.0 ], [ 123.655045179000012, -10.168352594999931, 0.0 ], [ 123.654986632000032, -10.168537707999974, 0.0 ], [ 123.654905989000099, -10.168792683999982, 0.0 ], [ 123.654710075000025, -10.169369280999945, 0.0 ], [ 123.654623714000081, -10.169658512999945, 0.0 ], [ 123.654531567000049, -10.169953499999963, 0.0 ], [ 123.654454429000111, -10.170028310999953, 0.0 ], [ 123.654389704000096, -10.170030354999938, 0.0 ], [ 123.654324978000091, -10.170032398999979, 0.0 ], [ 123.654035154000098, -10.170038720999969, 0.0 ], [ 123.65400433100001, -10.17008472599997, 0.0 ], [ 123.654020339000112, -10.170354609999947, 0.0 ], [ 123.654013389000056, -10.170737483999972, 0.0 ], [ 123.653948296000067, -10.171034329999941, 0.0 ], [ 123.65390530500008, -10.171157582999967, 0.0 ], [ 123.653886823000107, -10.171210568999982, 0.0 ], [ 123.653769665000027, -10.171559205999927, 0.0 ], [ 123.653610082000114, -10.171950041999935, 0.0 ], [ 123.65351312700011, -10.172442801999978, 0.0 ], [ 123.653579593000018, -10.172441038999978, 0.0 ], [ 123.653683678000107, -10.172438278999948, 0.0 ], [ 123.653662699000051, -10.172680921999927, 0.0 ], [ 123.653548477000072, -10.172929410999927, 0.0 ], [ 123.653310029000068, -10.173122909999961, 0.0 ], [ 123.652954770000065, -10.173335589999965, 0.0 ], [ 123.652852567000082, -10.173342628999933, 0.0 ], [ 123.652746510000043, -10.173403654999959, 0.0 ], [ 123.65259246800008, -10.173458694999965, 0.0 ], [ 123.652199993000067, -10.173440006999954, 0.0 ], [ 123.652045161000046, -10.173488364999969, 0.0 ], [ 123.651763347000042, -10.17352139999997, 0.0 ], [ 123.651624654000102, -10.173614399999963, 0.0 ], [ 123.651482906000069, -10.173689459999935, 0.0 ], [ 123.651397780000025, -10.173746079999944, 0.0 ], [ 123.651266109000062, -10.173848278999969, 0.0 ], [ 123.651147236000043, -10.173965528999929, 0.0 ], [ 123.651121590000116, -10.173986590999959, 0.0 ], [ 123.650938253000049, -10.174099420999937, 0.0 ], [ 123.650898609000023, -10.174117643999978, 0.0 ], [ 123.65075003100003, -10.174185937999937, 0.0 ], [ 123.650532793000025, -10.174255763999952, 0.0 ], [ 123.650224340000022, -10.174307324999972, 0.0 ], [ 123.650185102000023, -10.174313883999957, 0.0 ], [ 123.650054742000066, -10.17434764199993, 0.0 ], [ 123.649888191000059, -10.174400616999947, 0.0 ], [ 123.649753102000091, -10.174484634999942, 0.0 ], [ 123.649668769000073, -10.174585303999947, 0.0 ], [ 123.649608530000023, -10.174657209999964, 0.0 ], [ 123.649487933000046, -10.174741199999971, 0.0 ], [ 123.649483043000032, -10.174744251999925, 0.0 ], [ 123.6493456070001, -10.174830017999966, 0.0 ], [ 123.649176776000104, -10.174949996999942, 0.0 ], [ 123.649051353000118, -10.175036388999956, 0.0 ], [ 123.648865473000114, -10.175087008999981, 0.0 ], [ 123.648708506000048, -10.17510167699993, 0.0 ], [ 123.648517671000036, -10.175090090999959, 0.0 ], [ 123.648360678000017, -10.175092793999966, 0.0 ], [ 123.648196513000016, -10.175131405999934, 0.0 ], [ 123.64802407500008, -10.175259765999954, 0.0 ], [ 123.647792593000077, -10.17545404699996, 0.0 ], [ 123.647542918000113, -10.175534773999971, 0.0 ], [ 123.647180630000094, -10.175541472999953, 0.0 ], [ 123.646830382000076, -10.175530200999958, 0.0 ], [ 123.646742638000092, -10.175528086999975, 0.0 ], [ 123.646704259000103, -10.17552716199998, 0.0 ], [ 123.64637144400001, -10.175519142999974, 0.0 ], [ 123.646111771000051, -10.17550769099995, 0.0 ], [ 123.645803863000083, -10.175532227999952, 0.0 ], [ 123.645330967000064, -10.17569268799997, 0.0 ], [ 123.645319789000041, -10.175688975999947, 0.0 ], [ 123.645308611000019, -10.17568526499997, 0.0 ], [ 123.645179986000016, -10.175621389999947, 0.0 ], [ 123.645097858000099, -10.175618679999957, 0.0 ], [ 123.644938728000056, -10.175642886999981, 0.0 ], [ 123.644836125000097, -10.175667017999956, 0.0 ], [ 123.644742614000052, -10.175709077999954, 0.0 ], [ 123.64463408000006, -10.175787059999948, 0.0 ], [ 123.644588273000068, -10.175817665999944, 0.0 ], [ 123.644556385000101, -10.175814856999978, 0.0 ], [ 123.644490098, -10.17578857999996, 0.0 ], [ 123.64444327800004, -10.175749311999937, 0.0 ], [ 123.644576152000013, -10.175291344999948, 0.0 ], [ 123.644620844000087, -10.175137306999943, 0.0 ], [ 123.644175724000092, -10.175030502999959, 0.0 ], [ 123.643726235000031, -10.17491365799998, 0.0 ], [ 123.643691153000077, -10.174983973999929, 0.0 ], [ 123.643272166000088, -10.174887155999954, 0.0 ], [ 123.642920441000115, -10.174908055999936, 0.0 ], [ 123.642805760000101, -10.174932208999962, 0.0 ], [ 123.642730437000068, -10.175010125999961, 0.0 ], [ 123.642636819000018, -10.174998344999949, 0.0 ], [ 123.642409844000099, -10.17503229099998, 0.0 ], [ 123.642168454000057, -10.175104550999947, 0.0 ], [ 123.642028507000077, -10.175176611999973, 0.0 ], [ 123.641909031000068, -10.175289358999976, 0.0 ], [ 123.641835787000105, -10.175430634999941, 0.0 ], [ 123.641778125000087, -10.175583892999953, 0.0 ], [ 123.641864172000055, -10.175856033999935, 0.0 ], [ 123.641820154000015, -10.176158941999972, 0.0 ], [ 123.641815247000068, -10.176156491999961, 0.0 ], [ 123.641678159000094, -10.176088063999941, 0.0 ], [ 123.641367745000025, -10.175933117999932, 0.0 ], [ 123.641113932000053, -10.175806423999973, 0.0 ], [ 123.640557394000098, -10.177190463999978, 0.0 ], [ 123.639934324000023, -10.178262917999973, 0.0 ], [ 123.63967639100008, -10.178706881999972, 0.0 ], [ 123.638364741000032, -10.178655602999982, 0.0 ], [ 123.637342912, -10.178592986999945, 0.0 ], [ 123.637156548, -10.178624379999974, 0.0 ], [ 123.637011655000038, -10.178639019999935, 0.0 ], [ 123.636682699000062, -10.178679043999978, 0.0 ], [ 123.636538119000079, -10.17885161199996, 0.0 ], [ 123.636394022000104, -10.179268253999965, 0.0 ], [ 123.636003982000034, -10.179900732999954, 0.0 ], [ 123.635549053000091, -10.18069844799993, 0.0 ], [ 123.635281883000061, -10.181172757999946, 0.0 ], [ 123.634797228000025, -10.181597237999938, 0.0 ], [ 123.634189499000058, -10.182079386999931, 0.0 ], [ 123.633320686000047, -10.182612933999962, 0.0 ], [ 123.633263107000062, -10.182648293999932, 0.0 ], [ 123.633166862000053, -10.182695469999942, 0.0 ], [ 123.632993467, -10.182730174999961, 0.0 ], [ 123.632776195000019, -10.182788023999933, 0.0 ], [ 123.632610638000074, -10.182838993999951, 0.0 ], [ 123.632459735000111, -10.182869196999945, 0.0 ], [ 123.632200115000046, -10.182887644999937, 0.0 ], [ 123.63194033000002, -10.182822342999941, 0.0 ], [ 123.631561086000033, -10.182707578999953, 0.0 ], [ 123.631263347000072, -10.182482663999963, 0.0 ], [ 123.630821832000038, -10.182124582999961, 0.0 ], [ 123.630265598000051, -10.181772703999968, 0.0 ], [ 123.62991804, -10.181596898999942, 0.0 ], [ 123.629570481000087, -10.181421091999937, 0.0 ], [ 123.629252146000113, -10.181154864999939, 0.0 ], [ 123.629251108000062, -10.181154198999934, 0.0 ], [ 123.629144506000102, -10.181085689999975, 0.0 ], [ 123.628997265000066, -10.181064960999947, 0.0 ], [ 123.628968322000105, -10.181086552999943, 0.0 ], [ 123.628895911000086, -10.181113013999948, 0.0 ], [ 123.628790893000087, -10.181139536999979, 0.0 ], [ 123.628718984000102, -10.181168943999978, 0.0 ], [ 123.628676254000084, -10.181186418999971, 0.0 ], [ 123.628654612000105, -10.181235514999969, 0.0 ], [ 123.6286559240001, -10.181289351999965, 0.0 ], [ 123.628663344000074, -10.181377873999963, 0.0 ], [ 123.628658, -10.181423946999928, 0.0 ], [ 123.628623629000117, -10.181448540999952, 0.0 ], [ 123.628365790000089, -10.181513165999945, 0.0 ], [ 123.628010438000047, -10.181612434999977, 0.0 ], [ 123.627879094000036, -10.181640443999981, 0.0 ], [ 123.627765140000065, -10.18166746299994, 0.0 ], [ 123.627628925000067, -10.181674424999926, 0.0 ], [ 123.627468237000016, -10.181678283999929, 0.0 ], [ 123.627369040000076, -10.181680665999977, 0.0 ], [ 123.627214453000079, -10.181680004999976, 0.0 ], [ 123.626904315000047, -10.181679642999939, 0.0 ], [ 123.626782625000033, -10.181703803999937, 0.0 ], [ 123.626582612000107, -10.181788749999953, 0.0 ], [ 123.626498864000041, -10.181547127999977, 0.0 ], [ 123.626464643000077, -10.181463202999964, 0.0 ], [ 123.626407312000083, -10.181418804999964, 0.0 ], [ 123.626375117000066, -10.181405566999956, 0.0 ], [ 123.626315211000019, -10.181380934999936, 0.0 ], [ 123.626226788000054, -10.181371052999964, 0.0 ], [ 123.626144151000062, -10.181355418999942, 0.0 ], [ 123.626088319000019, -10.181336860999977, 0.0 ], [ 123.626002685000117, -10.181270980999955, 0.0 ], [ 123.62587145100008, -10.181231031999971, 0.0 ], [ 123.625831243000107, -10.181233998999971, 0.0 ], [ 123.625641780000024, -10.181247981999945, 0.0 ], [ 123.625355636000108, -10.181289446999926, 0.0 ], [ 123.625205015, -10.181340702999933, 0.0 ], [ 123.625075697000057, -10.181388786999946, 0.0 ], [ 123.624866093000037, -10.181478444999925, 0.0 ], [ 123.624466280000092, -10.181569658999933, 0.0 ], [ 123.624170800000115, -10.181654930999969, 0.0 ], [ 123.623866586000076, -10.181720118999976, 0.0 ], [ 123.623558063000019, -10.181805414999928, 0.0 ], [ 123.623455225000043, -10.181835761999935, 0.0 ], [ 123.623100616000102, -10.181947689999959, 0.0 ], [ 123.622910644000058, -10.182007651999982, 0.0 ], [ 123.622304994000046, -10.182160973999942, 0.0 ], [ 123.622302486000081, -10.182008683999982, 0.0 ], [ 123.622330672000089, -10.181596575999947, 0.0 ], [ 123.622174668000071, -10.18163518199998, 0.0 ], [ 123.622040599000115, -10.181628257999932, 0.0 ], [ 123.621714521000058, -10.18162887799997, 0.0 ], [ 123.621399277000023, -10.181611529999941, 0.0 ], [ 123.621192628000017, -10.181543724999926, 0.0 ], [ 123.620960542000034, -10.181436485999939, 0.0 ], [ 123.620786343000077, -10.181286063999949, 0.0 ], [ 123.620641549000084, -10.181122437999932, 0.0 ], [ 123.620494044000111, -10.181036573999961, 0.0 ], [ 123.620397312000023, -10.180976934999933, 0.0 ], [ 123.620295755000029, -10.180919697999968, 0.0 ], [ 123.620215954000059, -10.180871991999936, 0.0 ], [ 123.620143391000056, -10.180819485999962, 0.0 ], [ 123.62003456900004, -10.180752690999952, 0.0 ], [ 123.619957115000034, -10.180669086999956, 0.0 ], [ 123.619826462000105, -10.180554474999951, 0.0 ], [ 123.619761163000021, -10.180510928999979, 0.0 ], [ 123.619451669000114, -10.180537854999955, 0.0 ], [ 123.619450474000018, -10.180537957999945, 0.0 ], [ 123.619471078000061, -10.180554334999954, 0.0 ], [ 123.619615008000096, -10.180790957999932, 0.0 ], [ 123.619663118000062, -10.18093874799996, 0.0 ], [ 123.619648995000034, -10.181129726999927, 0.0 ], [ 123.619620276000092, -10.181267611999942, 0.0 ], [ 123.619610825000109, -10.181291482999939, 0.0 ], [ 123.619379993000052, -10.181260005999945, 0.0 ], [ 123.618879994000054, -10.181190005999952, 0.0 ], [ 123.618729993000102, -10.181150005999939, 0.0 ], [ 123.618649991000098, -10.181150005999939, 0.0 ], [ 123.618499993000114, -10.181130005999933, 0.0 ], [ 123.618309993000025, -10.181140005999964, 0.0 ], [ 123.618079993000038, -10.181150004999949, 0.0 ], [ 123.61804295200011, -10.181081781999978, 0.0 ], [ 123.617971514000033, -10.180986200999939, 0.0 ], [ 123.617866239000023, -10.180879915999981, 0.0 ], [ 123.61778399100001, -10.180815462999931, 0.0 ], [ 123.617638803000091, -10.180678145999934, 0.0 ], [ 123.617543075000071, -10.18051202099997, 0.0 ], [ 123.617355453000073, -10.180288639999958, 0.0 ], [ 123.617239062000067, -10.180053159999943, 0.0 ], [ 123.617132203000097, -10.179750659999968, 0.0 ], [ 123.617030613000111, -10.179488092999975, 0.0 ], [ 123.616816899000014, -10.179599632999953, 0.0 ], [ 123.616291407000062, -10.179902125999945, 0.0 ], [ 123.616062663000093, -10.180024594999963, 0.0 ], [ 123.615799167000091, -10.180162921999965, 0.0 ], [ 123.615491031000033, -10.18033292299998, 0.0 ], [ 123.615403682000078, -10.180381112999953, 0.0 ], [ 123.615298283000016, -10.180451010999946, 0.0 ], [ 123.615084128000035, -10.180625137999925, 0.0 ], [ 123.614759976000073, -10.18087412899996, 0.0 ], [ 123.614443093000091, -10.181146350999938, 0.0 ], [ 123.614419963000046, -10.181166221999945, 0.0 ], [ 123.61436672100001, -10.181212298999981, 0.0 ], [ 123.614230426000063, -10.181330251999952, 0.0 ], [ 123.614132078000011, -10.181435244999932, 0.0 ], [ 123.614061291000098, -10.181553108999935, 0.0 ], [ 123.614031041000089, -10.181649358999948, 0.0 ], [ 123.613964749000047, -10.181844743999932, 0.0 ], [ 123.613945318000106, -10.181914413999948, 0.0 ], [ 123.613925885000072, -10.181984082999975, 0.0 ], [ 123.613900399000045, -10.182048566999981, 0.0 ], [ 123.613890381000033, -10.182073913999943, 0.0 ], [ 123.613858209000114, -10.182155309999928, 0.0 ], [ 123.613847170000099, -10.182183238999926, 0.0 ], [ 123.613842109000075, -10.182196042999976, 0.0 ], [ 123.613839344000098, -10.182203038999944, 0.0 ], [ 123.613835304000077, -10.182213260999958, 0.0 ], [ 123.613835023000092, -10.182213970999953, 0.0 ], [ 123.613826233000054, -10.182229388999929, 0.0 ], [ 123.613824719000036, -10.182232044999978, 0.0 ], [ 123.613823254000067, -10.182234613999981, 0.0 ], [ 123.61368626, -10.182218384999942, 0.0 ], [ 123.613601592, -10.182211653999957, 0.0 ], [ 123.613473455000076, -10.182214356999964, 0.0 ], [ 123.613434159, -10.182190501999969, 0.0 ], [ 123.613385725000057, -10.182124787999953, 0.0 ], [ 123.613319107000052, -10.182023214999958, 0.0 ], [ 123.613243546000035, -10.18198148099998, 0.0 ], [ 123.613158927000086, -10.181939764999981, 0.0 ], [ 123.613071385000012, -10.181948900999942, 0.0 ], [ 123.613020167000059, -10.182005828999934, 0.0 ], [ 123.612926496000114, -10.181967119999968, 0.0 ], [ 123.612911176000011, -10.181850494999935, 0.0 ], [ 123.612838612000019, -10.181796790999954, 0.0 ], [ 123.612860122000029, -10.181565409999962, 0.0 ], [ 123.612792471000034, -10.181512657999974, 0.0 ], [ 123.612819993000016, -10.181320006999954, 0.0 ], [ 123.612799993000067, -10.181120005999958, 0.0 ], [ 123.612809993000042, -10.181040005999932, 0.0 ], [ 123.612789993000092, -10.180900006999934, 0.0 ], [ 123.612779994000107, -10.180860005999932, 0.0 ], [ 123.612482887000056, -10.180759191999925, 0.0 ], [ 123.612355907000051, -10.180669695999939, 0.0 ], [ 123.61230354700001, -10.180602791999945, 0.0 ], [ 123.612284936000037, -10.180518401999961, 0.0 ], [ 123.612277963000111, -10.180486784999971, 0.0 ], [ 123.61218434500006, -10.180398895999929, 0.0 ], [ 123.612135177000027, -10.180341085999942, 0.0 ], [ 123.612063892000037, -10.18032446899997, 0.0 ], [ 123.612060004000114, -10.180185688999927, 0.0 ], [ 123.612037993000058, -10.180043351999927, 0.0 ], [ 123.612024463000012, -10.179914160999942, 0.0 ], [ 123.612020685000061, -10.179832809999937, 0.0 ], [ 123.611922615000026, -10.179703776999929, 0.0 ], [ 123.611853654000015, -10.179639297999927, 0.0 ], [ 123.611764217000086, -10.179571806999945, 0.0 ], [ 123.611730292000061, -10.179546205999941, 0.0 ], [ 123.611646783000083, -10.179453038999952, 0.0 ], [ 123.611606615000028, -10.179288003999943, 0.0 ], [ 123.611562823000099, -10.179122975999974, 0.0 ], [ 123.611566098000026, -10.178939913999955, 0.0 ], [ 123.61157683700003, -10.178871695999931, 0.0 ], [ 123.611540381000054, -10.178753315999927, 0.0 ], [ 123.611484645000019, -10.178657704999978, 0.0 ], [ 123.611456362000013, -10.178580003999969, 0.0 ], [ 123.611458722000066, -10.178541702999951, 0.0 ], [ 123.611461743000064, -10.178492679999977, 0.0 ], [ 123.611443882000117, -10.178245766999964, 0.0 ], [ 123.61144798700002, -10.178117978999978, 0.0 ], [ 123.61145999300004, -10.178069990999973, 0.0 ], [ 123.611349892000021, -10.17800103999997, 0.0 ], [ 123.611300353000047, -10.177973178999935, 0.0 ], [ 123.611042178000048, -10.177916635999964, 0.0 ], [ 123.610771842000077, -10.177884014999961, 0.0 ], [ 123.610746382000116, -10.177879749999931, 0.0 ], [ 123.610708191000072, -10.177873352999939, 0.0 ], [ 123.610475025000028, -10.177834295999958, 0.0 ], [ 123.610338706000107, -10.177785734999929, 0.0 ], [ 123.610247272000038, -10.177666354999928, 0.0 ], [ 123.610011574000055, -10.177260752999928, 0.0 ], [ 123.609958105000032, -10.17718617099996, 0.0 ], [ 123.609776177000072, -10.17693240899996, 0.0 ], [ 123.609267823000096, -10.176271205999967, 0.0 ], [ 123.608756912000104, -10.175717318999943, 0.0 ], [ 123.608220411000048, -10.176163569999972, 0.0 ], [ 123.608009475000017, -10.176339, 0.0 ], [ 123.608006256000067, -10.176341697999931, 0.0 ], [ 123.608004133, -10.176339092999967, 0.0 ], [ 123.607671568000114, -10.175877998999965, 0.0 ], [ 123.607624681000061, -10.17581299099993, 0.0 ], [ 123.607399370000053, -10.175452081999936, 0.0 ], [ 123.607165045000102, -10.175433372999976, 0.0 ], [ 123.606328645000076, -10.174460913999951, 0.0 ], [ 123.606135213000016, -10.174613634999957, 0.0 ], [ 123.606072598000083, -10.174663290999945, 0.0 ], [ 123.605960960000061, -10.174751823999941, 0.0 ], [ 123.605855450000035, -10.174835495999957, 0.0 ], [ 123.605716578000056, -10.17496999399998, 0.0 ], [ 123.605705944000078, -10.174995016999958, 0.0 ], [ 123.605479992000028, -10.175230005999936, 0.0 ], [ 123.60540999300008, -10.175290007999934, 0.0 ], [ 123.60506999200004, -10.175620005999974, 0.0 ], [ 123.604619994000018, -10.176040005999937, 0.0 ], [ 123.604493105000074, -10.176159428999938, 0.0 ], [ 123.604449992000013, -10.176200005999931, 0.0 ], [ 123.604059993000078, -10.176560005999931, 0.0 ], [ 123.603941215000077, -10.176660113999958, 0.0 ], [ 123.603757772000108, -10.176814721999961, 0.0 ], [ 123.603481413000054, -10.177050691999966, 0.0 ], [ 123.603397666000092, -10.177105396999934, 0.0 ], [ 123.603375037000092, -10.177120178999928, 0.0 ], [ 123.603335605000098, -10.177123908999931, 0.0 ], [ 123.603282555000078, -10.177108787999941, 0.0 ], [ 123.603205797000101, -10.177062389999946, 0.0 ], [ 123.603139993000013, -10.176990006999972, 0.0 ], [ 123.60283735400003, -10.176662147999934, 0.0 ], [ 123.602779993000013, -10.176600006999934, 0.0 ], [ 123.602669993000063, -10.176490004999948, 0.0 ], [ 123.602487353000015, -10.176294622999933, 0.0 ], [ 123.602398778000065, -10.176199868999959, 0.0 ], [ 123.602096707000101, -10.175826125999947, 0.0 ], [ 123.602060313000038, -10.17578109699997, 0.0 ], [ 123.601969299000075, -10.175668477999977, 0.0 ], [ 123.601739998000085, -10.175430002999974, 0.0 ], [ 123.601594599, -10.175246115999926, 0.0 ], [ 123.601466114000118, -10.175083620999942, 0.0 ], [ 123.601448747000063, -10.175061657999947, 0.0 ], [ 123.6014, -10.175, 0.0 ], [ 123.601341263000108, -10.174911893999933, 0.0 ], [ 123.601323100000059, -10.174884657999939, 0.0 ], [ 123.601219952000065, -10.174735384999963, 0.0 ], [ 123.601160450000066, -10.174649269999975, 0.0 ], [ 123.601131340000052, -10.174602496999967, 0.0 ], [ 123.601079750000054, -10.174519626999938, 0.0 ], [ 123.601064089000033, -10.174494466999931, 0.0 ], [ 123.600942230000101, -10.174298700999941, 0.0 ], [ 123.600892898000097, -10.174219300999937, 0.0 ], [ 123.600856335000117, -10.174160452999956, 0.0 ], [ 123.600718998000048, -10.173939043999951, 0.0 ], [ 123.600473402000034, -10.17347058799993, 0.0 ], [ 123.600369504000014, -10.173272410999971, 0.0 ], [ 123.600227793000045, -10.172989909999956, 0.0 ], [ 123.600164, -10.172862735999956, 0.0 ], [ 123.599974233000012, -10.172484434999944, 0.0 ], [ 123.599884606000046, -10.172305760999961, 0.0 ], [ 123.599868066000113, -10.172272788999976, 0.0 ], [ 123.599761500000113, -10.172318850999943, 0.0 ], [ 123.599544913000045, -10.172412469999927, 0.0 ], [ 123.599421480000046, -10.172473895999929, 0.0 ], [ 123.599223630000097, -10.172585527999956, 0.0 ], [ 123.599199718000023, -10.172603245999937, 0.0 ], [ 123.599122274000024, -10.172656371999949, 0.0 ], [ 123.599097418000042, -10.172632457999953, 0.0 ], [ 123.599059614000112, -10.172596086999931, 0.0 ], [ 123.598814456000014, -10.172347785999932, 0.0 ], [ 123.598710815000118, -10.172210767999957, 0.0 ], [ 123.598660634000112, -10.172172033999971, 0.0 ], [ 123.598603417000049, -10.172094428999969, 0.0 ], [ 123.598508845000083, -10.171961591999946, 0.0 ], [ 123.598463892000041, -10.171876891999943, 0.0 ], [ 123.598423616000105, -10.171786151999981, 0.0 ], [ 123.598400640000023, -10.171753200999945, 0.0 ], [ 123.598375382000086, -10.171716975999971, 0.0 ], [ 123.598317600000087, -10.171650369999952, 0.0 ], [ 123.5982512490001, -10.171575614999938, 0.0 ], [ 123.598204287000044, -10.171451716999968, 0.0 ], [ 123.598164221000047, -10.171402461999946, 0.0 ], [ 123.598141486000031, -10.171374511999943, 0.0 ], [ 123.598095260000036, -10.171344531999978, 0.0 ], [ 123.598039995000022, -10.171330004999959, 0.0 ], [ 123.597919995000098, -10.171330004999959, 0.0 ], [ 123.597829994000108, -10.171380003999957, 0.0 ], [ 123.597804265000036, -10.171393463999948, 0.0 ], [ 123.597762400000079, -10.171388604999947, 0.0 ], [ 123.597699172000034, -10.17132567699997, 0.0 ], [ 123.597682829000064, -10.171296815999938, 0.0 ], [ 123.597652838000045, -10.171243856999979, 0.0 ], [ 123.597576273000072, -10.171162649999928, 0.0 ], [ 123.597503441000072, -10.171119791999956, 0.0 ], [ 123.597456725000029, -10.171092299999941, 0.0 ], [ 123.597344311000029, -10.17101390199997, 0.0 ], [ 123.597317898000028, -10.171013161999952, 0.0 ], [ 123.597256734000098, -10.171032138999976, 0.0 ], [ 123.597209080000084, -10.171095884999943, 0.0 ], [ 123.597175356000093, -10.171127093999928, 0.0 ], [ 123.597113744000012, -10.171152032999942, 0.0 ], [ 123.597046370000044, -10.171122723999929, 0.0 ], [ 123.596989495000116, -10.171063230999948, 0.0 ], [ 123.59698573300011, -10.17102050099993, 0.0 ], [ 123.597021546000065, -10.170941299999981, 0.0 ], [ 123.597040231000051, -10.17086957999993, 0.0 ], [ 123.59703881900009, -10.170801119999965, 0.0 ], [ 123.596901935000119, -10.170658350999929, 0.0 ], [ 123.596866503000115, -10.170616262999943, 0.0 ], [ 123.596838179000088, -10.170604982999976, 0.0 ], [ 123.59678808700005, -10.170585032999952, 0.0 ], [ 123.596750677000045, -10.170573818999969, 0.0 ], [ 123.596729946000096, -10.170564376999948, 0.0 ], [ 123.596721638000076, -10.170560593999937, 0.0 ], [ 123.59671993500001, -10.170556768999973, 0.0 ], [ 123.596699610000087, -10.170511139999974, 0.0 ], [ 123.596711963000075, -10.17046986899993, 0.0 ], [ 123.596698491000097, -10.170427059999952, 0.0 ], [ 123.59666466200008, -10.170393538999974, 0.0 ], [ 123.596634385000016, -10.170357052999975, 0.0 ], [ 123.596618197000112, -10.170301086999928, 0.0 ], [ 123.596614936000037, -10.170290082999941, 0.0 ], [ 123.59660262400007, -10.170248541999968, 0.0 ], [ 123.596613493000063, -10.170221436999952, 0.0 ], [ 123.596621177000088, -10.170170403999975, 0.0 ], [ 123.596614508000016, -10.170118220999939, 0.0 ], [ 123.596587094000029, -10.170089049999945, 0.0 ], [ 123.59653757500007, -10.170062228999939, 0.0 ], [ 123.596502627000064, -10.170043672999952, 0.0 ], [ 123.596463666000091, -10.170024791999936, 0.0 ], [ 123.596398180000051, -10.169937345999926, 0.0 ], [ 123.596346544000085, -10.169848060999925, 0.0 ], [ 123.596335195000051, -10.169795195999939, 0.0 ], [ 123.596328077000067, -10.169759150999937, 0.0 ], [ 123.59631541400006, -10.169695030999947, 0.0 ], [ 123.596295894000036, -10.169482993999964, 0.0 ], [ 123.596291290000067, -10.169432979999954, 0.0 ], [ 123.596274734000076, -10.169363398999963, 0.0 ], [ 123.596254387000045, -10.169319577999943, 0.0 ], [ 123.596232360000045, -10.169298977999972, 0.0 ], [ 123.596210332000055, -10.169278377999944, 0.0 ], [ 123.596162428000071, -10.169242604999965, 0.0 ], [ 123.596135545000038, -10.169213540999976, 0.0 ], [ 123.596121803000074, -10.169175650999932, 0.0 ], [ 123.596130039000059, -10.169126752999944, 0.0 ], [ 123.596146422000061, -10.169055008999976, 0.0 ], [ 123.596158548000062, -10.16900190399997, 0.0 ], [ 123.596209814000076, -10.168868883999949, 0.0 ], [ 123.596276027000044, -10.168743622999955, 0.0 ], [ 123.596293677000062, -10.168710233999946, 0.0 ], [ 123.5962987690001, -10.16867624899993, 0.0 ], [ 123.596306970000114, -10.168621500999961, 0.0 ], [ 123.59630280600004, -10.168555109999943, 0.0 ], [ 123.596291456000017, -10.168515502999981, 0.0 ], [ 123.596251723000023, -10.168590675999951, 0.0 ], [ 123.596174759000064, -10.168766694999931, 0.0 ], [ 123.596085322000022, -10.168923416999974, 0.0 ], [ 123.595983265000086, -10.169049405999942, 0.0 ], [ 123.595906215000014, -10.169178761999945, 0.0 ], [ 123.59584476200007, -10.169253053999967, 0.0 ], [ 123.595559804000118, -10.169064141999968, 0.0 ], [ 123.595262282000022, -10.168827784999962, 0.0 ], [ 123.595220033000032, -10.16883803199994, 0.0 ], [ 123.595090413000094, -10.168752122999933, 0.0 ], [ 123.59500717700007, -10.168671872999937, 0.0 ], [ 123.594966664000026, -10.168706403999977, 0.0 ], [ 123.594887464000067, -10.168718033999937, 0.0 ], [ 123.594792723000069, -10.168685661999973, 0.0 ], [ 123.59435157900009, -10.168366770999967, 0.0 ], [ 123.594257642000116, -10.168468256999972, 0.0 ], [ 123.594039217000045, -10.168163238999966, 0.0 ], [ 123.59378239800003, -10.168460416999949, 0.0 ], [ 123.593461396000066, -10.168293555999981, 0.0 ], [ 123.593098907000012, -10.168189521999977, 0.0 ], [ 123.592719989000102, -10.167920004999928, 0.0 ], [ 123.592719953000028, -10.167920023999955, 0.0 ], [ 123.592686343000082, -10.167938119999974, 0.0 ], [ 123.592589997000118, -10.167990002999943, 0.0 ], [ 123.592510004000019, -10.168120002999956, 0.0 ], [ 123.59242999300011, -10.168340005999937, 0.0 ], [ 123.592179997000017, -10.16828000199996, 0.0 ], [ 123.591809997000041, -10.168180010999947, 0.0 ], [ 123.591469993000032, -10.168000004999953, 0.0 ], [ 123.59131999300007, -10.168280006999964, 0.0 ], [ 123.591163626000025, -10.168519154999956, 0.0 ], [ 123.590829993000057, -10.168330005999962, 0.0 ], [ 123.590491360000101, -10.168216159999929, 0.0 ], [ 123.590380789000051, -10.16817898599993, 0.0 ], [ 123.590137768000091, -10.168584523999925, 0.0 ], [ 123.590015962000052, -10.168544542999939, 0.0 ], [ 123.589844528000071, -10.16850752199997, 0.0 ], [ 123.589634281000031, -10.168445684999938, 0.0 ], [ 123.589346750000118, -10.168386379999959, 0.0 ], [ 123.589294968000104, -10.168661300999929, 0.0 ], [ 123.589133333000063, -10.169029141999943, 0.0 ], [ 123.5890630990001, -10.169103578999966, 0.0 ], [ 123.589026581000098, -10.169090788999938, 0.0 ], [ 123.588958049000098, -10.169066786999963, 0.0 ], [ 123.588646389000019, -10.169021402999931, 0.0 ], [ 123.58842895500004, -10.16899164299997, 0.0 ], [ 123.588104818000033, -10.168911849999972, 0.0 ], [ 123.588027538, -10.169128152999974, 0.0 ], [ 123.587927852, -10.16942800299995, 0.0 ], [ 123.587888480000061, -10.16951552699993, 0.0 ], [ 123.587866885000039, -10.169529551999972, 0.0 ], [ 123.58783242700008, -10.169551930999944, 0.0 ], [ 123.587802842000087, -10.169580325999959, 0.0 ], [ 123.587786375000064, -10.16960002999997, 0.0 ], [ 123.587761674000035, -10.169629587999964, 0.0 ], [ 123.587723724000057, -10.169674998999938, 0.0 ], [ 123.587603151000053, -10.16978050299997, 0.0 ], [ 123.587544022000088, -10.169805734999954, 0.0 ], [ 123.587471577000088, -10.169814238999948, 0.0 ], [ 123.58723847400006, -10.169801495999934, 0.0 ], [ 123.587145467000028, -10.169792091999966, 0.0 ], [ 123.587104437000107, -10.169808915999965, 0.0 ], [ 123.586971881000068, -10.169965887999979, 0.0 ], [ 123.586900813000057, -10.170048265999981, 0.0 ], [ 123.586876933000099, -10.170075944999951, 0.0 ], [ 123.586680341000033, -10.16991812599997, 0.0 ], [ 123.586637721000102, -10.169883053999968, 0.0 ], [ 123.586634766000088, -10.169880620999947, 0.0 ], [ 123.586362058000077, -10.169655838999972, 0.0 ], [ 123.586310369000103, -10.169606785999974, 0.0 ], [ 123.586196702000052, -10.169514671999934, 0.0 ], [ 123.586126246000049, -10.169462199999941, 0.0 ], [ 123.586080498000115, -10.169426536999936, 0.0 ], [ 123.585838168, -10.16925359499993, 0.0 ], [ 123.585572584000033, -10.16903057199994, 0.0 ], [ 123.585516143000063, -10.168983174999937, 0.0 ], [ 123.585310428000071, -10.168810426999926, 0.0 ], [ 123.585165679000056, -10.16868887499993, 0.0 ], [ 123.585035980000043, -10.168556043999956, 0.0 ], [ 123.584821272000113, -10.168336153999974, 0.0 ], [ 123.584785492000037, -10.16829950999994, 0.0 ], [ 123.584649044000116, -10.168159768999942, 0.0 ], [ 123.584648985000058, -10.168159709999941, 0.0 ], [ 123.584391663000019, -10.167911364999952, 0.0 ], [ 123.58417062500007, -10.167698037999969, 0.0 ], [ 123.584095559000048, -10.167634230999965, 0.0 ], [ 123.583769307000011, -10.167362105999928, 0.0 ], [ 123.583723433000046, -10.167321193999953, 0.0 ], [ 123.583710572000086, -10.16730961899998, 0.0 ], [ 123.58368560200006, -10.167287144999932, 0.0 ], [ 123.583719472000098, -10.167255414999943, 0.0 ], [ 123.58382210700006, -10.167159264999952, 0.0 ], [ 123.583880936000014, -10.167104152999968, 0.0 ], [ 123.583940564000045, -10.167051407999963, 0.0 ], [ 123.584113727000044, -10.166898237999931, 0.0 ], [ 123.584183266000082, -10.166920950999952, 0.0 ], [ 123.58421656500002, -10.166903662999971, 0.0 ], [ 123.584264310000094, -10.166860505999978, 0.0 ], [ 123.584396058000038, -10.166789918999939, 0.0 ], [ 123.584498905000032, -10.16676532799994, 0.0 ], [ 123.584658211000033, -10.166707613999961, 0.0 ], [ 123.584846377000076, -10.166582367999979, 0.0 ], [ 123.584882502000028, -10.166524873999947, 0.0 ], [ 123.584896769000011, -10.166401373999975, 0.0 ], [ 123.585027825000111, -10.166484077999939, 0.0 ], [ 123.585167924000075, -10.166583693999939, 0.0 ], [ 123.585258624000062, -10.166520358999946, 0.0 ], [ 123.585895081000103, -10.166067720999933, 0.0 ], [ 123.585637377000012, -10.165731604999962, 0.0 ], [ 123.585658766000051, -10.165695265999943, 0.0 ], [ 123.5856640720001, -10.165686251999944, 0.0 ], [ 123.585677515000043, -10.165644979999968, 0.0 ], [ 123.585693800000058, -10.165594976999955, 0.0 ], [ 123.585676668000019, -10.165546186999961, 0.0 ], [ 123.585643194000113, -10.165467279999973, 0.0 ], [ 123.585606481000013, -10.16529337999998, 0.0 ], [ 123.585563439000111, -10.165134209999962, 0.0 ], [ 123.585575437000102, -10.165091115999928, 0.0 ], [ 123.585623373000089, -10.164887632999978, 0.0 ], [ 123.585618268000076, -10.164736889999972, 0.0 ], [ 123.585787204000098, -10.164742774999979, 0.0 ], [ 123.58579313000007, -10.164700330999949, 0.0 ], [ 123.585804434000011, -10.164655188999973, 0.0 ], [ 123.58583869000006, -10.164518388999966, 0.0 ], [ 123.58589740900004, -10.164177382999981, 0.0 ], [ 123.585787306000043, -10.164160029999948, 0.0 ], [ 123.584981167000024, -10.164032971999973, 0.0 ], [ 123.584787910000045, -10.164014173999931, 0.0 ], [ 123.584670757000026, -10.164007682999966, 0.0 ], [ 123.584332537000023, -10.164009829999941, 0.0 ], [ 123.584157772000026, -10.164020083999958, 0.0 ], [ 123.583633148000104, -10.164006660999974, 0.0 ], [ 123.583284996000089, -10.163981666999973, 0.0 ], [ 123.58305882500008, -10.163971646999926, 0.0 ], [ 123.583011532000114, -10.163972632999958, 0.0 ], [ 123.583034283000075, -10.163610352999967, 0.0 ], [ 123.583808779000037, -10.163649611999972, 0.0 ], [ 123.583958265000092, -10.163580002999936, 0.0 ], [ 123.58410918800007, -10.163518670999963, 0.0 ], [ 123.584166316000051, -10.16349903899993, 0.0 ], [ 123.584239238, -10.163575979999962, 0.0 ], [ 123.584446147000108, -10.163557159999925, 0.0 ], [ 123.584494502000098, -10.163583874999972, 0.0 ], [ 123.5847613950001, -10.16356237399998, 0.0 ], [ 123.58479202500007, -10.163562285999944, 0.0 ], [ 123.584828099000106, -10.163651869999967, 0.0 ], [ 123.585124950000022, -10.163608432999979, 0.0 ], [ 123.58512014300004, -10.163538882999944, 0.0 ], [ 123.585343400000056, -10.163516666999953, 0.0 ], [ 123.585338870000101, -10.163349768999979, 0.0 ], [ 123.585556469000039, -10.163334666999958, 0.0 ], [ 123.585558612000113, -10.163584261999972, 0.0 ], [ 123.585712396000076, -10.163609537999946, 0.0 ], [ 123.585765872000025, -10.163431385999957, 0.0 ], [ 123.586094648000085, -10.163460062999945, 0.0 ], [ 123.586100881000107, -10.163539840999931, 0.0 ], [ 123.586543180000035, -10.163485188999971, 0.0 ], [ 123.586731642000018, -10.163476298999967, 0.0 ], [ 123.586740217000056, -10.163296683999931, 0.0 ], [ 123.5866844950001, -10.163203460999966, 0.0 ], [ 123.586624013000119, -10.16314853199998, 0.0 ], [ 123.586605846000111, -10.16311984999993, 0.0 ], [ 123.586587679000104, -10.163091167999937, 0.0 ], [ 123.586573458000089, -10.162975047999964, 0.0 ], [ 123.586588156000062, -10.162955502999978, 0.0 ], [ 123.586611395000091, -10.16295157199994, 0.0 ], [ 123.586670024000114, -10.162950945999967, 0.0 ], [ 123.586727995000047, -10.162953234999975, 0.0 ], [ 123.586798912000063, -10.162970261999931, 0.0 ], [ 123.586795703, -10.162887009999963, 0.0 ], [ 123.586793177000118, -10.162825995999981, 0.0 ], [ 123.586960660000045, -10.162815078999927, 0.0 ], [ 123.587467501000106, -10.162812316999975, 0.0 ], [ 123.587750200000073, -10.162873546999947, 0.0 ], [ 123.587881791000086, -10.162909672999945, 0.0 ], [ 123.587939992000088, -10.162760005999928, 0.0 ], [ 123.587941200000046, -10.162734286999978, 0.0 ], [ 123.588024802000064, -10.162738111999943, 0.0 ], [ 123.588176784000098, -10.162766506999958, 0.0 ], [ 123.588357519000056, -10.162851685999954, 0.0 ], [ 123.588361947000067, -10.162896186999944, 0.0 ], [ 123.588544527000067, -10.162887244999979, 0.0 ], [ 123.588546429000075, -10.162832839999965, 0.0 ], [ 123.588608432000115, -10.162766923999982, 0.0 ], [ 123.588608255000054, -10.162670451999929, 0.0 ], [ 123.588680700000054, -10.162663142999975, 0.0 ], [ 123.588895738000019, -10.162705829999936, 0.0 ], [ 123.58899241000006, -10.16273915599993, 0.0 ], [ 123.589070609000032, -10.162778608999929, 0.0 ], [ 123.589119089000064, -10.16280306799996, 0.0 ], [ 123.589143350000086, -10.162746690999938, 0.0 ], [ 123.589141070000096, -10.162743545999945, 0.0 ], [ 123.589143342000057, -10.162742414999968, 0.0 ], [ 123.589161683000043, -10.16273328799997, 0.0 ], [ 123.589179823000109, -10.162724260999937, 0.0 ], [ 123.589223211000103, -10.162688306999939, 0.0 ], [ 123.589234512000075, -10.162678941999957, 0.0 ], [ 123.58935761400005, -10.162591491999933, 0.0 ], [ 123.589362146000099, -10.162588272999926, 0.0 ], [ 123.589517116000025, -10.162470421999956, 0.0 ], [ 123.589518832000067, -10.16246928399994, 0.0 ], [ 123.58957182100005, -10.162434146999942, 0.0 ], [ 123.589653945, -10.162415910999925, 0.0 ], [ 123.589673527000059, -10.162418030999959, 0.0 ], [ 123.589736118000019, -10.162424806999979, 0.0 ], [ 123.590019252000047, -10.162505693999947, 0.0 ], [ 123.590110571000082, -10.162523617999966, 0.0 ], [ 123.59011741300003, -10.162523604999933, 0.0 ], [ 123.590137957000024, -10.162523567999926, 0.0 ], [ 123.590172599000084, -10.162528407999957, 0.0 ], [ 123.590201873000069, -10.162532496999972, 0.0 ], [ 123.590253126000107, -10.162517888999957, 0.0 ], [ 123.590265740000063, -10.162514293999948, 0.0 ], [ 123.590265902000056, -10.162514773999931, 0.0 ], [ 123.590274918000091, -10.16254140999996, 0.0 ], [ 123.590320594000104, -10.162559415999965, 0.0 ], [ 123.590439365000066, -10.162613465999925, 0.0 ], [ 123.590503314000102, -10.162640482999961, 0.0 ], [ 123.59057640900005, -10.162676526999974, 0.0 ], [ 123.590777304000085, -10.162712340999974, 0.0 ], [ 123.590789236000091, -10.16271379799997, 0.0 ], [ 123.590850349000107, -10.162721253999962, 0.0 ], [ 123.591672151000012, -10.162846387999934, 0.0 ], [ 123.59179998400009, -10.16286424499998, 0.0 ], [ 123.591857465000089, -10.162874490999968, 0.0 ], [ 123.591900431000113, -10.162882150999963, 0.0 ], [ 123.592028264000078, -10.162900008999941, 0.0 ], [ 123.592028421, -10.162899772999936, 0.0 ], [ 123.592036590000021, -10.162887585999954, 0.0 ], [ 123.592046472000106, -10.162872843999935, 0.0 ], [ 123.592073757000094, -10.162818529999981, 0.0 ], [ 123.592080593000105, -10.162804239999957, 0.0 ], [ 123.592164693000086, -10.162628440999981, 0.0 ], [ 123.592242010000064, -10.162467178999975, 0.0 ], [ 123.592245309000077, -10.162460186999965, 0.0 ], [ 123.592299923000041, -10.162482782999973, 0.0 ], [ 123.592321912000102, -10.16248584899995, 0.0 ], [ 123.59244018600009, -10.162502332999964, 0.0 ], [ 123.592449629000043, -10.162503648999973, 0.0 ], [ 123.592463587000111, -10.162505593999981, 0.0 ], [ 123.592558990000043, -10.162505421999981, 0.0 ], [ 123.59269310600007, -10.162507966999954, 0.0 ], [ 123.592731688000072, -10.162508698999943, 0.0 ], [ 123.592815226000084, -10.16249378599997, 0.0 ], [ 123.592816216000074, -10.162493609999956, 0.0 ], [ 123.592887422000103, -10.162480898999945, 0.0 ], [ 123.592916985000102, -10.162482376999947, 0.0 ], [ 123.592967693000105, -10.162484910999979, 0.0 ], [ 123.593215742000098, -10.162529930999938, 0.0 ], [ 123.593217844000037, -10.162530344999936, 0.0 ], [ 123.593219416000011, -10.162530654999955, 0.0 ], [ 123.593329280000034, -10.162552312999935, 0.0 ], [ 123.59339701500005, -10.162565666999967, 0.0 ], [ 123.593435232000047, -10.162569491999932, 0.0 ], [ 123.593565663000049, -10.162582543999974, 0.0 ], [ 123.593620534000024, -10.162584160999927, 0.0 ], [ 123.593631446000018, -10.162584481999943, 0.0 ], [ 123.593804956000099, -10.162589596999965, 0.0 ], [ 123.593818392000117, -10.162589992999926, 0.0 ], [ 123.593932805, -10.162593364999964, 0.0 ], [ 123.593985210000028, -10.162592711999935, 0.0 ], [ 123.593988854000031, -10.162592665999966, 0.0 ], [ 123.594180125000094, -10.16259028099995, 0.0 ], [ 123.594182008000075, -10.162590257999966, 0.0 ], [ 123.594292190000033, -10.162588883999945, 0.0 ], [ 123.594318276000081, -10.162586251999926, 0.0 ], [ 123.594524013000068, -10.162565491999942, 0.0 ], [ 123.594541679000031, -10.162563444999932, 0.0 ], [ 123.594553329000064, -10.162562095999931, 0.0 ], [ 123.594595062000053, -10.162557260999961, 0.0 ], [ 123.594596563000096, -10.162557086999982, 0.0 ], [ 123.594661308000013, -10.162343329999942, 0.0 ], [ 123.594805462000068, -10.161931009999932, 0.0 ], [ 123.594882034000079, -10.161804525999969, 0.0 ], [ 123.5949210120001, -10.161724053999933, 0.0 ], [ 123.594957151000017, -10.161675172999935, 0.0 ], [ 123.595003360000078, -10.161656737999976, 0.0 ], [ 123.595084992000011, -10.161670758999946, 0.0 ], [ 123.595380909000028, -10.161776655999972, 0.0 ], [ 123.595438867000098, -10.161772242999973, 0.0 ], [ 123.595509833000051, -10.161749141999962, 0.0 ], [ 123.595538726000086, -10.161700273999941, 0.0 ], [ 123.595679285000074, -10.161267306999946, 0.0 ], [ 123.595695893000084, -10.161236408999969, 0.0 ], [ 123.595726168000056, -10.161151644999961, 0.0 ], [ 123.595746382000016, -10.161111407999954, 0.0 ], [ 123.595766579000042, -10.161062555999933, 0.0 ], [ 123.59580703000006, -10.160995001999936, 0.0 ], [ 123.595850421000023, -10.160948979999944, 0.0 ], [ 123.595893818000036, -10.160907263999945, 0.0 ], [ 123.595971890000101, -10.160845220999931, 0.0 ], [ 123.596090616000083, -10.160789010999963, 0.0 ], [ 123.596178898000062, -10.160725677999949, 0.0 ], [ 123.596317851000094, -10.160636408999949, 0.0 ], [ 123.596368555000026, -10.160627702999932, 0.0 ], [ 123.596500481000021, -10.160656176999964, 0.0 ], [ 123.596661429000051, -10.160706134999941, 0.0 ], [ 123.596709994000094, -10.16072952899998, 0.0 ], [ 123.596742278000079, -10.160736257999929, 0.0 ], [ 123.596844475000012, -10.16042191899993, 0.0 ], [ 123.596753602000035, -10.160389540999972, 0.0 ], [ 123.596745528000042, -10.16020386699995, 0.0 ], [ 123.596779706, -10.160139865999952, 0.0 ], [ 123.596883304000016, -10.160000888999946, 0.0 ], [ 123.597015881000061, -10.159859465999943, 0.0 ], [ 123.597037481000029, -10.159785246999945, 0.0 ], [ 123.596984741000028, -10.159507937999933, 0.0 ], [ 123.597085421000088, -10.159450565999975, 0.0 ], [ 123.597091625000076, -10.159447030999956, 0.0 ], [ 123.597098137000103, -10.159448849999933, 0.0 ], [ 123.597323884000048, -10.159511889999976, 0.0 ], [ 123.597378615000025, -10.159528597999952, 0.0 ], [ 123.597549838000077, -10.159580871999935, 0.0 ], [ 123.597745553000095, -10.159623587999931, 0.0 ], [ 123.597865163000051, -10.159653280999976, 0.0 ], [ 123.59794493000004, -10.159683952999956, 0.0 ], [ 123.59797783800002, -10.159700664999946, 0.0 ], [ 123.597999600000094, -10.159718971999951, 0.0 ], [ 123.598001810000028, -10.159720831999948, 0.0 ], [ 123.598030785000105, -10.159748694999962, 0.0 ], [ 123.598057487000119, -10.159820432999936, 0.0 ], [ 123.598066084000038, -10.159898186999953, 0.0 ], [ 123.598067399000115, -10.159955613999955, 0.0 ], [ 123.598079608000035, -10.160027378999928, 0.0 ], [ 123.59809180000002, -10.160089571999947, 0.0 ], [ 123.598120903000108, -10.160154127999931, 0.0 ], [ 123.598202090000086, -10.160302338999941, 0.0 ], [ 123.598254197000074, -10.160399155999926, 0.0 ], [ 123.598269740000092, -10.160428151999952, 0.0 ], [ 123.598335526000028, -10.160522717999982, 0.0 ], [ 123.59834636800008, -10.160527254999977, 0.0 ], [ 123.598463634000041, -10.160576325999955, 0.0 ], [ 123.598510809000118, -10.160588682999958, 0.0 ], [ 123.598514353000041, -10.160589821999963, 0.0 ], [ 123.598565071000053, -10.160603317999971, 0.0 ], [ 123.598589993000019, -10.160610005999956, 0.0 ], [ 123.598639575000107, -10.160608630999945, 0.0 ], [ 123.598653997000042, -10.160607079999977, 0.0 ], [ 123.598668090000047, -10.160605563999979, 0.0 ], [ 123.598782620000065, -10.160593244999973, 0.0 ], [ 123.59879395400003, -10.16059194199994, 0.0 ], [ 123.598795512000038, -10.160591762999957, 0.0 ], [ 123.598798000000102, -10.160591476999969, 0.0 ], [ 123.598850092000021, -10.160585190999939, 0.0 ], [ 123.599113216000092, -10.160510529999954, 0.0 ], [ 123.599215247000075, -10.160469865999971, 0.0 ], [ 123.599317279000047, -10.160429201999932, 0.0 ], [ 123.599441329000115, -10.160367534999978, 0.0 ], [ 123.599534223000092, -10.160321354999951, 0.0 ], [ 123.599564488000055, -10.160306308999964, 0.0 ], [ 123.599616174000062, -10.16026944999993, 0.0 ], [ 123.599692326000081, -10.160215144999938, 0.0 ], [ 123.599777521000078, -10.160141426999928, 0.0 ], [ 123.599878002000082, -10.160054480999975, 0.0 ], [ 123.599948811000104, -10.159990771999958, 0.0 ], [ 123.599953872000015, -10.159986092999929, 0.0 ], [ 123.599990120000029, -10.159952576999956, 0.0 ], [ 123.600039584000115, -10.159926163999955, 0.0 ], [ 123.600084266000067, -10.15992608199997, 0.0 ], [ 123.600151900000014, -10.15992954799998, 0.0 ], [ 123.600218348000112, -10.159944979999977, 0.0 ], [ 123.600281155000062, -10.159950847999937, 0.0 ], [ 123.60030620200007, -10.159938499999953, 0.0 ], [ 123.60045857800003, -10.15986337399994, 0.0 ], [ 123.600496029000055, -10.159844908999958, 0.0 ], [ 123.600539350000076, -10.159823550999931, 0.0 ], [ 123.600596306000057, -10.159788252999931, 0.0 ], [ 123.600659670000027, -10.159748983999975, 0.0 ], [ 123.60068651000006, -10.159732350999946, 0.0 ], [ 123.600861389000102, -10.159611188999975, 0.0 ], [ 123.600901418000035, -10.159590852999941, 0.0 ], [ 123.600945477000096, -10.159568471999933, 0.0 ], [ 123.600977211000099, -10.159552350999945, 0.0 ], [ 123.601009269000087, -10.159540977999939, 0.0 ], [ 123.601057909000019, -10.159532557999967, 0.0 ], [ 123.601315197000076, -10.159472765999965, 0.0 ], [ 123.601591616000064, -10.159405256999946, 0.0 ], [ 123.601813784000115, -10.159386901999937, 0.0 ], [ 123.602144084000088, -10.159410923999928, 0.0 ], [ 123.602203899000074, -10.159414900999934, 0.0 ], [ 123.602382584000111, -10.159391839999955, 0.0 ], [ 123.602552785000057, -10.159352044999935, 0.0 ], [ 123.602687419000063, -10.159307140999942, 0.0 ], [ 123.602960680000024, -10.159201738999968, 0.0 ], [ 123.603227370000013, -10.159098352999933, 0.0 ], [ 123.603403538000066, -10.159021455999948, 0.0 ], [ 123.603487771000118, -10.158993088999978, 0.0 ], [ 123.603582154000037, -10.158961304999934, 0.0 ], [ 123.603739079000093, -10.158926318999931, 0.0 ], [ 123.603865094000071, -10.158903319999979, 0.0 ], [ 123.604360757000109, -10.15885104399996, 0.0 ], [ 123.60436092100008, -10.158851026999969, 0.0 ], [ 123.603926099000091, -10.158346449999954, 0.0 ], [ 123.603710561000071, -10.15799511299997, 0.0 ], [ 123.603843163000079, -10.157912825999972, 0.0 ], [ 123.604107775000102, -10.157760057999951, 0.0 ], [ 123.604166657000064, -10.157724285999961, 0.0 ], [ 123.604469997000024, -10.157540003999941, 0.0 ], [ 123.604474566000022, -10.157537227999967, 0.0 ], [ 123.604443347000029, -10.157397368999966, 0.0 ], [ 123.604375719000018, -10.157201130999965, 0.0 ], [ 123.604316010000048, -10.157011005999948, 0.0 ], [ 123.604298937000067, -10.156960283999979, 0.0 ], [ 123.604489993000016, -10.156910006999965, 0.0 ], [ 123.604789993000054, -10.156800005999969, 0.0 ], [ 123.604939993000016, -10.156759989999955, 0.0 ], [ 123.605099994000057, -10.156720006999933, 0.0 ], [ 123.605372118000105, -10.15664553199997, 0.0 ], [ 123.605899993000094, -10.156510004999973, 0.0 ], [ 123.606245177000119, -10.156440252999971, 0.0 ], [ 123.606615943000065, -10.156327579999981, 0.0 ], [ 123.606863525000108, -10.156210826999938, 0.0 ], [ 123.6072863280001, -10.156029140999976, 0.0 ], [ 123.607350675000021, -10.156008006999969, 0.0 ], [ 123.607663261000084, -10.155859822999957, 0.0 ], [ 123.60795379800004, -10.155722091999962, 0.0 ], [ 123.608284839000021, -10.155566996999937, 0.0 ], [ 123.608446066000056, -10.15549146099994, 0.0 ], [ 123.608669615000053, -10.155400418999932, 0.0 ], [ 123.608855218000031, -10.155329800999937, 0.0 ], [ 123.608914792000064, -10.15530713499993, 0.0 ], [ 123.609582994000107, -10.155002288999981, 0.0 ], [ 123.609929367000063, -10.15482562699998, 0.0 ], [ 123.610028935000059, -10.154796627999929, 0.0 ], [ 123.610683238000092, -10.154492242999936, 0.0 ], [ 123.610697834, -10.15452778699995, 0.0 ], [ 123.610899993000089, -10.155020006999962, 0.0 ], [ 123.610942671000089, -10.155132520999928, 0.0 ], [ 123.61094270000001, -10.155132593999951, 0.0 ], [ 123.611014621000095, -10.15531339599994, 0.0 ], [ 123.61105228800011, -10.155408086999955, 0.0 ], [ 123.611179029000027, -10.155726697999967, 0.0 ], [ 123.611206853000112, -10.155796643999963, 0.0 ], [ 123.611207642000068, -10.155798628999946, 0.0 ], [ 123.611321571000076, -10.156085205999943, 0.0 ], [ 123.611323074000097, -10.156088987999965, 0.0 ], [ 123.611360531000059, -10.156185203999939, 0.0 ], [ 123.611404725000057, -10.156298727999967, 0.0 ], [ 123.61144756200008, -10.156408762999945, 0.0 ], [ 123.611471771000083, -10.156470947999935, 0.0 ], [ 123.611484791000066, -10.156504392999977, 0.0 ], [ 123.611519610000073, -10.156593828999974, 0.0 ], [ 123.611599881000075, -10.15680002299996, 0.0 ], [ 123.611612594, -10.156833543999937, 0.0 ], [ 123.611653900000078, -10.156942459999925, 0.0 ], [ 123.611771017000024, -10.157251278999979, 0.0 ], [ 123.611869271000046, -10.157510357999968, 0.0 ], [ 123.611902362000023, -10.15759761299995, 0.0 ], [ 123.612136762000091, -10.158177265999939, 0.0 ], [ 123.612203265000062, -10.158341720999942, 0.0 ], [ 123.612494248000075, -10.159093385999938, 0.0 ], [ 123.612537244, -10.159204454999951, 0.0 ], [ 123.612618575000056, -10.159402069999942, 0.0 ], [ 123.612658415000055, -10.159498871999972, 0.0 ], [ 123.612770003000037, -10.159770001999959, 0.0 ], [ 123.612967083000058, -10.160284390999948, 0.0 ], [ 123.612969111000098, -10.160283635999974, 0.0 ], [ 123.613125098000069, -10.160225541999978, 0.0 ], [ 123.613976665000109, -10.159946372999968, 0.0 ], [ 123.614498048000087, -10.159784593999973, 0.0 ], [ 123.615152661000025, -10.159574704999955, 0.0 ], [ 123.61573644300006, -10.159386370999925, 0.0 ], [ 123.615913554000031, -10.159329231999948, 0.0 ], [ 123.616282753000064, -10.159210123999969, 0.0 ], [ 123.616844251000089, -10.159047004999934, 0.0 ], [ 123.617508521000104, -10.158837092999931, 0.0 ], [ 123.617608402000087, -10.158806334999952, 0.0 ], [ 123.617927558000019, -10.15870804399998, 0.0 ], [ 123.618041257000073, -10.15867052699997, 0.0 ], [ 123.618732769000076, -10.158442350999962, 0.0 ], [ 123.619010734000085, -10.158356492999928, 0.0 ], [ 123.619214838000062, -10.158293449999974, 0.0 ], [ 123.619251815000098, -10.158282028999963, 0.0 ], [ 123.619284802000038, -10.15827184099993, 0.0 ], [ 123.619541910000066, -10.158211104999964, 0.0 ], [ 123.619962992000069, -10.158070703999954, 0.0 ], [ 123.620148074000099, -10.158008991999964, 0.0 ], [ 123.620275038000045, -10.157966658999953, 0.0 ], [ 123.620509328000026, -10.157897241999933, 0.0 ], [ 123.62101661600002, -10.157747588999939, 0.0 ], [ 123.621090584000058, -10.157725767999978, 0.0 ], [ 123.621244775000036, -10.157681754999942, 0.0 ], [ 123.621303249000107, -10.157665063999957, 0.0 ], [ 123.621429993000106, -10.157619990999933, 0.0 ], [ 123.621519993000106, -10.157590006999953, 0.0 ], [ 123.621729993000031, -10.157510005999939, 0.0 ], [ 123.622008190000088, -10.157395454999971, 0.0 ], [ 123.622239993000107, -10.157300005999957, 0.0 ], [ 123.62253350900005, -10.157191867999927, 0.0 ], [ 123.622619993000058, -10.15716000599997, 0.0 ], [ 123.62276999300002, -10.157110005999925, 0.0 ], [ 123.622949992000031, -10.157040005999932, 0.0 ], [ 123.623049654000056, -10.157008963999942, 0.0 ], [ 123.623528258000078, -10.156859889999964, 0.0 ], [ 123.623559992000082, -10.156850005999956, 0.0 ], [ 123.624119280000059, -10.156661330999952, 0.0 ], [ 123.624389993000023, -10.156570005999981, 0.0 ], [ 123.624769993000086, -10.156440005999968, 0.0 ], [ 123.624900387000025, -10.156415411999944, 0.0 ], [ 123.624999953000042, -10.156399987999976, 0.0 ], [ 123.624999990000106, -10.156399981999925, 0.0 ], [ 123.625272271000085, -10.156359020999957, 0.0 ], [ 123.625393877000079, -10.156333361999941, 0.0 ], [ 123.625712867000061, -10.156266053999957, 0.0 ], [ 123.626071406000051, -10.156204350999928, 0.0 ], [ 123.626337473000035, -10.156179990999931, 0.0 ], [ 123.62637548500004, -10.156180179999978, 0.0 ], [ 123.626500060000012, -10.156180800999948, 0.0 ], [ 123.62681, -10.156221351999932, 0.0 ], [ 123.626851563000059, -10.156226789999948, 0.0 ], [ 123.627025516000117, -10.156256368999948, 0.0 ], [ 123.627447078000046, -10.156311794999965, 0.0 ], [ 123.62756902600006, -10.156324621999943, 0.0 ], [ 123.627625840000064, -10.156330596999965, 0.0 ], [ 123.627829943000052, -10.156339776999971, 0.0 ], [ 123.627889543000038, -10.156337465999968, 0.0 ], [ 123.627889993000053, -10.156337449999967, 0.0 ], [ 123.628122162000068, -10.156328449999933, 0.0 ], [ 123.628349147000108, -10.156305281999948, 0.0 ], [ 123.628410117000044, -10.156290752999951, 0.0 ], [ 123.628559209000059, -10.156273771999963, 0.0 ], [ 123.628801471000088, -10.156240655999966, 0.0 ], [ 123.628861029000063, -10.156232513999953, 0.0 ], [ 123.629026725000017, -10.15620519099997, 0.0 ], [ 123.629063058000042, -10.156199198999957, 0.0 ], [ 123.629098874000078, -10.156204539999976, 0.0 ], [ 123.629263044000027, -10.156171920999952, 0.0 ], [ 123.629504496000095, -10.156136760999971, 0.0 ], [ 123.629670214000043, -10.156108634999953, 0.0 ], [ 123.629732657000091, -10.156098036999936, 0.0 ], [ 123.629923418000089, -10.15607732999996, 0.0 ], [ 123.629984593000017, -10.156071777999955, 0.0 ], [ 123.630089245000022, -10.156062278999968, 0.0 ], [ 123.630181313000094, -10.156058936999955, 0.0 ], [ 123.630239927000048, -10.156057164999936, 0.0 ], [ 123.630521127000065, -10.156048663999968, 0.0 ], [ 123.631019851000019, -10.15604052599997, 0.0 ], [ 123.631349469000043, -10.156035239999937, 0.0 ], [ 123.631443707000017, -10.156033727999954, 0.0 ], [ 123.63158338300002, -10.156031957999971, 0.0 ], [ 123.631631773000095, -10.156031344999974, 0.0 ], [ 123.631889301000115, -10.156028083999956, 0.0 ], [ 123.632170653000117, -10.156017969999937, 0.0 ], [ 123.632324701000016, -10.15599601699995, 0.0 ], [ 123.632377568000038, -10.155982993999942, 0.0 ], [ 123.632422661000078, -10.155956167999932, 0.0 ], [ 123.632510732000014, -10.155903771999931, 0.0 ], [ 123.632610375000013, -10.15586417999998, 0.0 ], [ 123.632660980000082, -10.155835977999971, 0.0 ], [ 123.632802810000044, -10.155777278999949, 0.0 ], [ 123.632895462000079, -10.155765211999949, 0.0 ], [ 123.63296308300005, -10.15577228899997, 0.0 ], [ 123.63304731900007, -10.155791034999936, 0.0 ], [ 123.63309352300007, -10.155813249999937, 0.0 ], [ 123.633124133000024, -10.155831902999978, 0.0 ], [ 123.633270146000086, -10.155940465999947, 0.0 ], [ 123.633300923000093, -10.15598126499998, 0.0 ], [ 123.63333491700007, -10.156020031999958, 0.0 ], [ 123.633352456000011, -10.156057518999944, 0.0 ], [ 123.633405635000031, -10.156082540999932, 0.0 ], [ 123.633478924000087, -10.156117023999968, 0.0 ], [ 123.633635529000117, -10.156166970999948, 0.0 ], [ 123.633902282, -10.156225320999965, 0.0 ], [ 123.633968787000072, -10.156246816999953, 0.0 ], [ 123.634035291000032, -10.156268311999952, 0.0 ], [ 123.634146705000035, -10.156304946999967, 0.0 ], [ 123.634282058000053, -10.156356371999948, 0.0 ], [ 123.634441069000104, -10.15640248699998, 0.0 ], [ 123.634598641000025, -10.156453867999971, 0.0 ], [ 123.634708323000041, -10.156502607999926, 0.0 ], [ 123.635140634000095, -10.15661066399997, 0.0 ], [ 123.635373843000025, -10.156656127999952, 0.0 ], [ 123.635579228000097, -10.156722774999935, 0.0 ], [ 123.635588234000011, -10.156725695999967, 0.0 ], [ 123.635594204000085, -10.156727633999935, 0.0 ], [ 123.635626278000018, -10.156738041999972, 0.0 ], [ 123.635638370000038, -10.156741964999981, 0.0 ], [ 123.635640956000088, -10.156742804999965, 0.0 ], [ 123.635645065000062, -10.156733416999941, 0.0 ] ] ] ] } },
{ "type": "Feature", "properties": { "nm_kecamatan": "Kota Raja" }, "geometry": { "type": "MultiPolygon", "coordinates": [ [ [ [ 123.597709996000049, -10.188189994999959, 0.0 ], [ 123.597729996000112, -10.188340002999951, 0.0 ], [ 123.597819997000101, -10.188510002999976, 0.0 ], [ 123.598179996000113, -10.188790002999951, 0.0 ], [ 123.598259996000024, -10.188980001999937, 0.0 ], [ 123.598279997000077, -10.18920000199995, 0.0 ], [ 123.598329997000064, -10.189320003999967, 0.0 ], [ 123.59838499500006, -10.189355001999957, 0.0 ], [ 123.59843610900009, -10.189361709999957, 0.0 ], [ 123.598469096000031, -10.189378163999947, 0.0 ], [ 123.598507011000038, -10.189449584999977, 0.0 ], [ 123.598504362000085, -10.189504912999951, 0.0 ], [ 123.598497469000108, -10.18954310099997, 0.0 ], [ 123.598508520000109, -10.18961326799996, 0.0 ], [ 123.598531051, -10.189681299999961, 0.0 ], [ 123.598544684000103, -10.189808266999933, 0.0 ], [ 123.598554449000062, -10.18988438699995, 0.0 ], [ 123.598536362000118, -10.190005252999981, 0.0 ], [ 123.598522338000066, -10.190096209999979, 0.0 ], [ 123.598531509000054, -10.190168317999962, 0.0 ], [ 123.598575234, -10.19023972399998, 0.0 ], [ 123.598658244000035, -10.190354724999963, 0.0 ], [ 123.598679995000111, -10.190470003999963, 0.0 ], [ 123.598665911000012, -10.190534791999937, 0.0 ], [ 123.598669968000081, -10.190560671999947, 0.0 ], [ 123.598692358000108, -10.190703449999944, 0.0 ], [ 123.598763036000037, -10.190778114999944, 0.0 ], [ 123.598783881000031, -10.190857595999944, 0.0 ], [ 123.59878027000002, -10.190910875999975, 0.0 ], [ 123.598769165000022, -10.191074772999968, 0.0 ], [ 123.598735869000052, -10.191319731999954, 0.0 ], [ 123.598707957000101, -10.191458406999971, 0.0 ], [ 123.598672394000118, -10.191596103999927, 0.0 ], [ 123.598679685000093, -10.191670151999972, 0.0 ], [ 123.598668830000065, -10.191748206999932, 0.0 ], [ 123.598663750000014, -10.191828377999968, 0.0 ], [ 123.598687656000038, -10.191962967999928, 0.0 ], [ 123.598677200000111, -10.192014545999939, 0.0 ], [ 123.598692616000108, -10.192072902999939, 0.0 ], [ 123.598747334000109, -10.192155806999949, 0.0 ], [ 123.598785103000068, -10.192217822999964, 0.0 ], [ 123.598788634000016, -10.192295750999961, 0.0 ], [ 123.598785737000071, -10.192341468999928, 0.0 ], [ 123.598815246000072, -10.192468334999944, 0.0 ], [ 123.598803980000071, -10.192558783999971, 0.0 ], [ 123.598782585000095, -10.192653534999977, 0.0 ], [ 123.598767274000011, -10.192690677999963, 0.0 ], [ 123.598753324000086, -10.192724517999977, 0.0 ], [ 123.598747298000035, -10.192804543999955, 0.0 ], [ 123.59878944400009, -10.192887137999946, 0.0 ], [ 123.598817352000083, -10.192942001999938, 0.0 ], [ 123.598872825000058, -10.192999110999949, 0.0 ], [ 123.598899509000034, -10.19301453099996, 0.0 ], [ 123.598967600000037, -10.193056906999971, 0.0 ], [ 123.598989599000106, -10.193095717999938, 0.0 ], [ 123.599013441000011, -10.193137781999951, 0.0 ], [ 123.59902433600007, -10.193200341999955, 0.0 ], [ 123.599002715000097, -10.193269268999927, 0.0 ], [ 123.598965188000079, -10.193311883999968, 0.0 ], [ 123.598908268000059, -10.193345379999926, 0.0 ], [ 123.598777543000097, -10.193431739999937, 0.0 ], [ 123.598738725000089, -10.193504818999941, 0.0 ], [ 123.598700692000079, -10.193615932999933, 0.0 ], [ 123.598638484000048, -10.19367236599993, 0.0 ], [ 123.598587553000016, -10.193725309999934, 0.0 ], [ 123.598535499000036, -10.193800016999944, 0.0 ], [ 123.598502950000011, -10.193897701999958, 0.0 ], [ 123.598496530000034, -10.193958709999947, 0.0 ], [ 123.598497945000076, -10.194027170999959, 0.0 ], [ 123.598497518000045, -10.194099471999948, 0.0 ], [ 123.598487141000078, -10.19415485299993, 0.0 ], [ 123.598472400000105, -10.194176788999926, 0.0 ], [ 123.598457330000087, -10.19419921399998, 0.0 ], [ 123.598429440000018, -10.194243535999931, 0.0 ], [ 123.598413382000103, -10.194302837999942, 0.0 ], [ 123.598414089000016, -10.194337067999982, 0.0 ], [ 123.598423819000118, -10.194376599999941, 0.0 ], [ 123.598445372000015, -10.194409079999957, 0.0 ], [ 123.598479872000098, -10.194461073999946, 0.0 ], [ 123.598492885000041, -10.194525713999951, 0.0 ], [ 123.598490827000091, -10.194580927999937, 0.0 ], [ 123.598502803000088, -10.194721024999978, 0.0 ], [ 123.598471492000044, -10.194853370999965, 0.0 ], [ 123.598442190000014, -10.194937685999946, 0.0 ], [ 123.598424922000049, -10.195016023999926, 0.0 ], [ 123.598367189000101, -10.195196025999962, 0.0 ], [ 123.598323320000077, -10.195303451999962, 0.0 ], [ 123.598236045000021, -10.195447906999959, 0.0 ], [ 123.598221418000094, -10.195471119999979, 0.0 ], [ 123.598166518000085, -10.195552584999973, 0.0 ], [ 123.598136611000086, -10.195654436999973, 0.0 ], [ 123.598119018000034, -10.195686487999978, 0.0 ], [ 123.598097615000029, -10.195718959999965, 0.0 ], [ 123.598077167000042, -10.195751716999951, 0.0 ], [ 123.598052762000066, -10.195778845999939, 0.0 ], [ 123.59802843500006, -10.195809778999944, 0.0 ], [ 123.598002111000028, -10.195836946999975, 0.0 ], [ 123.59798162300001, -10.195867802999942, 0.0 ], [ 123.597957337000025, -10.195900635999976, 0.0 ], [ 123.597932932000049, -10.195927766999944, 0.0 ], [ 123.597906686000101, -10.195958736999955, 0.0 ], [ 123.597886199000072, -10.195989591999933, 0.0 ], [ 123.597861793000106, -10.196016722999957, 0.0 ], [ 123.597839348000093, -10.196045713999979, 0.0 ], [ 123.597815021000088, -10.196076645999938, 0.0 ], [ 123.597797333000017, -10.196099492999963, 0.0 ], [ 123.597768288000111, -10.196138472999962, 0.0 ], [ 123.597747801000082, -10.196169328999929, 0.0 ], [ 123.59773266500008, -10.196197669999947, 0.0 ], [ 123.597720777000063, -10.196219018999955, 0.0 ], [ 123.597709038000062, -10.196240099999955, 0.0 ], [ 123.597694175000015, -10.196269342999926, 0.0 ], [ 123.597685324000054, -10.196305668999969, 0.0 ], [ 123.59768031200008, -10.196341917999973, 0.0 ], [ 123.597681059000024, -10.196378049999964, 0.0 ], [ 123.59768564500007, -10.196414102999938, 0.0 ], [ 123.597703590000037, -10.196446080999976, 0.0 ], [ 123.597725374000106, -10.196477979999941, 0.0 ], [ 123.597740990000034, -10.196499521999954, 0.0 ], [ 123.597776268000075, -10.196524509999961, 0.0 ], [ 123.59779173000004, -10.196552851999968, 0.0 ], [ 123.597812197000053, -10.196590366999942, 0.0 ], [ 123.597846816000015, -10.196685737999928, 0.0 ], [ 123.59786478, -10.196718665999981, 0.0 ], [ 123.597875126000076, -10.196754603999977, 0.0 ], [ 123.597877792000077, -10.196790695999937, 0.0 ], [ 123.59786723000002, -10.196830389999946, 0.0 ], [ 123.597852332000116, -10.196859700999937, 0.0 ], [ 123.597833804000061, -10.196892418999937, 0.0 ], [ 123.597826873000031, -10.196928705999937, 0.0 ], [ 123.597821861000057, -10.196964953999952, 0.0 ], [ 123.597818768000025, -10.197001162999982, 0.0 ], [ 123.597815676000096, -10.197037372999944, 0.0 ], [ 123.59781642300004, -10.197073503999945, 0.0 ], [ 123.597824849000062, -10.197109479999938, 0.0 ], [ 123.59784171900003, -10.197182381999937, 0.0 ], [ 123.597863483000083, -10.197213330999944, 0.0 ], [ 123.597881468000082, -10.197247210999933, 0.0 ], [ 123.597897533000037, -10.197281128999975, 0.0 ], [ 123.597919278000063, -10.197311125999931, 0.0 ], [ 123.597933423000086, -10.197345084999938, 0.0 ], [ 123.59794948800004, -10.19737900299998, 0.0 ], [ 123.597959834000108, -10.197414937999952, 0.0 ], [ 123.59796967200009, -10.197442293999927, 0.0 ], [ 123.597974725000086, -10.19748502799996, 0.0 ], [ 123.597973592000017, -10.197523099999955, 0.0 ], [ 123.597970500000088, -10.197559308999928, 0.0 ], [ 123.597963569000058, -10.197595595999928, 0.0 ], [ 123.597954756000036, -10.197633823999979, 0.0 ], [ 123.597944024000071, -10.197672090999959, 0.0 ], [ 123.597935213000028, -10.197710317999963, 0.0 ], [ 123.597926361000077, -10.197746644999938, 0.0 ], [ 123.59791860100006, -10.197785178999936, 0.0 ], [ 123.597895019000021, -10.197833800999945, 0.0 ], [ 123.597895201000028, -10.197931255999947, 0.0 ], [ 123.597924435000095, -10.19806400799996, 0.0 ], [ 123.597960868000087, -10.198171621999961, 0.0 ], [ 123.598011829000029, -10.198297154999977, 0.0 ], [ 123.598030558000119, -10.198400211999967, 0.0 ], [ 123.598046626000041, -10.198498094999934, 0.0 ], [ 123.598063118000027, -10.198598566999976, 0.0 ], [ 123.598081461000106, -10.198720570999967, 0.0 ], [ 123.598117882000111, -10.198821005999946, 0.0 ], [ 123.598107267000046, -10.198957419999942, 0.0 ], [ 123.59807859600005, -10.199126172999968, 0.0 ], [ 123.598065027000075, -10.199301714999933, 0.0 ], [ 123.598021172000017, -10.199420603999954, 0.0 ], [ 123.59804319300008, -10.199571315999947, 0.0 ], [ 123.598039897000035, -10.199747199999933, 0.0 ], [ 123.5980484910001, -10.200030914999957, 0.0 ], [ 123.598068512000054, -10.200070461999928, 0.0 ], [ 123.598078976000011, -10.200112102999981, 0.0 ], [ 123.598095159000081, -10.200151725999945, 0.0 ], [ 123.598106477000101, -10.200178893999976, 0.0 ], [ 123.598121531000061, -10.200219679999975, 0.0 ], [ 123.598129956000093, -10.200255653999932, 0.0 ], [ 123.598142182000061, -10.200289650999935, 0.0 ], [ 123.598154409000017, -10.200323646999948, 0.0 ], [ 123.598174273000041, -10.200355584999954, 0.0 ], [ 123.598194138000053, -10.20038752399995, 0.0 ], [ 123.598212083000021, -10.200419501999932, 0.0 ], [ 123.598224309000102, -10.200453497999945, 0.0 ], [ 123.598227183000063, -10.200461487999974, 0.0 ], [ 123.598236535000069, -10.200487493999958, 0.0 ], [ 123.598248761000036, -10.200521488999925, 0.0 ], [ 123.598270506000063, -10.200551487999974, 0.0 ], [ 123.598193292000019, -10.20055598099998, 0.0 ], [ 123.598145006000095, -10.200569468999959, 0.0 ], [ 123.598077413000055, -10.200592563999976, 0.0 ], [ 123.598029145000055, -10.200615624999955, 0.0 ], [ 123.597973100000104, -10.200613812999961, 0.0 ], [ 123.597924807000027, -10.200623472999951, 0.0 ], [ 123.597886216, -10.200654172999975, 0.0 ], [ 123.597837068000103, -10.200710527999945, 0.0 ], [ 123.597788428000058, -10.200728375999972, 0.0 ], [ 123.597692762000065, -10.200723764999964, 0.0 ], [ 123.597574875000078, -10.200719194999976, 0.0 ], [ 123.59754415000009, -10.200724851999951, 0.0 ], [ 123.597480422000103, -10.200747940999975, 0.0 ], [ 123.597316183000089, -10.200757811999949, 0.0 ], [ 123.597149929000011, -10.200723658999948, 0.0 ], [ 123.597082109000098, -10.200723782999944, 0.0 ], [ 123.59690644200009, -10.20072410399996, 0.0 ], [ 123.596814020000011, -10.200743898999974, 0.0 ], [ 123.59669009400011, -10.200770442999954, 0.0 ], [ 123.596564524000087, -10.200791728999945, 0.0 ], [ 123.596444415000065, -10.200774731999957, 0.0 ], [ 123.596417619000022, -10.200770939999927, 0.0 ], [ 123.596319051000023, -10.20076346299993, 0.0 ], [ 123.596230158000026, -10.200763624999979, 0.0 ], [ 123.596141210000042, -10.200782542999946, 0.0 ], [ 123.596098457000039, -10.200810544999968, 0.0 ], [ 123.596057417000111, -10.200717182999938, 0.0 ], [ 123.596025351000094, -10.200619610999979, 0.0 ], [ 123.5959918530001, -10.200532091999946, 0.0 ], [ 123.595975817000067, -10.200481869999976, 0.0 ], [ 123.595959738000033, -10.200408677999974, 0.0 ], [ 123.595932059, -10.200332633999949, 0.0 ], [ 123.595901517000016, -10.200275259999955, 0.0 ], [ 123.595857959000114, -10.200233702999981, 0.0 ], [ 123.595812963000071, -10.200197891999949, 0.0 ], [ 123.59576361400002, -10.200159216999964, 0.0 ], [ 123.595740355000089, -10.200121929999966, 0.0 ], [ 123.595712738000088, -10.200078907999966, 0.0 ], [ 123.595693806000099, -10.20003012799998, 0.0 ], [ 123.59566183000004, -10.199981370999978, 0.0 ], [ 123.595625581000036, -10.199972822999939, 0.0 ], [ 123.595585026000094, -10.19998725399995, 0.0 ], [ 123.59550927600003, -10.199987547999967, 0.0 ], [ 123.595453648000102, -10.199970807999932, 0.0 ], [ 123.595417741, -10.199992975999976, 0.0 ], [ 123.595336831000054, -10.19999910599995, 0.0 ], [ 123.59524865000003, -10.199992088999977, 0.0 ], [ 123.595195437000029, -10.199953898999979, 0.0 ], [ 123.595136143000104, -10.199892987999931, 0.0 ], [ 123.595104644000116, -10.19984040199995, 0.0 ], [ 123.595064386000104, -10.199809076999941, 0.0 ], [ 123.595037879000074, -10.199790075999942, 0.0 ], [ 123.594988570000055, -10.199772415999973, 0.0 ], [ 123.594908813000075, -10.199748631999967, 0.0 ], [ 123.594646856000054, -10.199680545999968, 0.0 ], [ 123.59426686900008, -10.199602004999974, 0.0 ], [ 123.594161020000115, -10.199576354999977, 0.0 ], [ 123.594116038000038, -10.199547721999977, 0.0 ], [ 123.594068085000117, -10.199480328999925, 0.0 ], [ 123.59399837400008, -10.199402925999948, 0.0 ], [ 123.593960588000073, -10.199347000999978, 0.0 ], [ 123.593918515000041, -10.19932410499996, 0.0 ], [ 123.593874323000023, -10.199331364999978, 0.0 ], [ 123.5938316270001, -10.199363028999926, 0.0 ], [ 123.593802699000094, -10.199394667999968, 0.0 ], [ 123.593737572, -10.199445035999929, 0.0 ], [ 123.593688370000109, -10.199485326999934, 0.0 ], [ 123.593653655000026, -10.199522718999958, 0.0 ], [ 123.593670381000038, -10.199554274999969, 0.0 ], [ 123.593652336000105, -10.199593071999971, 0.0 ], [ 123.59362633, -10.199637627999948, 0.0 ], [ 123.593620581000096, -10.199663481999949, 0.0 ], [ 123.593617773000119, -10.199712301999966, 0.0 ], [ 123.593591704000119, -10.199722399999928, 0.0 ], [ 123.593543890000092, -10.19972966499995, 0.0 ], [ 123.593509109000024, -10.199731163999957, 0.0 ], [ 123.593446808000067, -10.199742762999961, 0.0 ], [ 123.59341203800011, -10.199750004999942, 0.0 ], [ 123.59337438700004, -10.199767301999941, 0.0 ], [ 123.593336724000096, -10.199777420999965, 0.0 ], [ 123.593268621000107, -10.199786158999927, 0.0 ], [ 123.593217891000108, -10.19978481499993, 0.0 ], [ 123.593097561000036, -10.199764932999926, 0.0 ], [ 123.593011997000076, -10.19973637399994, 0.0 ], [ 123.592948150000097, -10.199694853999972, 0.0 ], [ 123.592874356000038, -10.199761031999969, 0.0 ], [ 123.592841741000029, -10.199758219999978, 0.0 ], [ 123.592811942000026, -10.199710893999963, 0.0 ], [ 123.592795917000103, -10.199666414999967, 0.0 ], [ 123.592734777000032, -10.199521516999937, 0.0 ], [ 123.592723079000052, -10.199465543999963, 0.0 ], [ 123.59272292300011, -10.199380834999943, 0.0 ], [ 123.592716881000115, -10.199248757999953, 0.0 ], [ 123.59273966100011, -10.199027613999931, 0.0 ], [ 123.592764421000084, -10.198831828999971, 0.0 ], [ 123.592773831000045, -10.198695416999954, 0.0 ], [ 123.59277609600008, -10.19861405499995, 0.0 ], [ 123.592691286000104, -10.198470633999932, 0.0 ], [ 123.592615373000058, -10.198435356999937, 0.0 ], [ 123.592555835000098, -10.198372292999977, 0.0 ], [ 123.592451348000054, -10.198299258999953, 0.0 ], [ 123.592351189000055, -10.19821473199994, 0.0 ], [ 123.592284395000092, -10.198147373999973, 0.0 ], [ 123.592234940000026, -10.198051268999961, 0.0 ], [ 123.592201431000035, -10.197956570999963, 0.0 ], [ 123.592134659000067, -10.197900697999955, 0.0 ], [ 123.592109864, -10.19781603499996, 0.0 ], [ 123.59204016700005, -10.197745809999958, 0.0 ], [ 123.59195747900003, -10.197704322999925, 0.0 ], [ 123.591883474000042, -10.197655641999972, 0.0 ], [ 123.591873201000112, -10.197586744999967, 0.0 ], [ 123.591822411000066, -10.197552378999944, 0.0 ], [ 123.591829560000065, -10.197499243999971, 0.0 ], [ 123.591820583000072, -10.197347071999957, 0.0 ], [ 123.591778547000104, -10.197344275999967, 0.0 ], [ 123.591677127000025, -10.197361688999933, 0.0 ], [ 123.591480105000073, -10.197407988999942, 0.0 ], [ 123.591320499000062, -10.19744129999998, 0.0 ], [ 123.591328643000111, -10.197534607999955, 0.0 ], [ 123.591321643000015, -10.19766862299997, 0.0 ], [ 123.591280667000092, -10.197716555999932, 0.0 ], [ 123.591164929000115, -10.197829231999947, 0.0 ], [ 123.590988777, -10.197927658999959, 0.0 ], [ 123.590805328000101, -10.197999777999939, 0.0 ], [ 123.590736823000043, -10.198041691999947, 0.0 ], [ 123.590677107000033, -10.198080454999968, 0.0 ], [ 123.590642744000093, -10.198077302999934, 0.0 ], [ 123.590560808000077, -10.198050171999967, 0.0 ], [ 123.590457843000081, -10.19801661899993, 0.0 ], [ 123.590391094000097, -10.197972948999961, 0.0 ], [ 123.590326516000118, -10.197927838999931, 0.0 ], [ 123.590231471000038, -10.197865556999943, 0.0 ], [ 123.590116106000096, -10.197787516999938, 0.0 ], [ 123.590000753000027, -10.197715938999977, 0.0 ], [ 123.589739623000014, -10.197579296999947, 0.0 ], [ 123.589482180000118, -10.197477105999951, 0.0 ], [ 123.589325565000081, -10.197428573999957, 0.0 ], [ 123.589250157000038, -10.197405019999962, 0.0 ], [ 123.589138443000024, -10.197342048999928, 0.0 ], [ 123.589003486000024, -10.197249686999953, 0.0 ], [ 123.588935475000085, -10.197207988999935, 0.0 ], [ 123.588901919000023, -10.197187415999963, 0.0 ], [ 123.588863468000113, -10.197163076999971, 0.0 ], [ 123.588834069000086, -10.197157030999961, 0.0 ], [ 123.58879558000001, -10.19713901199998, 0.0 ], [ 123.588724726, -10.197112928999957, 0.0 ], [ 123.588665501000037, -10.197089107999943, 0.0 ], [ 123.588629249000064, -10.197078403999967, 0.0 ], [ 123.5885748930001, -10.197074912999938, 0.0 ], [ 123.588492772000109, -10.19707864999998, 0.0 ], [ 123.588362776000054, -10.197081670999978, 0.0 ], [ 123.588330647000021, -10.197077413999978, 0.0 ], [ 123.587937078000095, -10.197012649999976, 0.0 ], [ 123.587618923000036, -10.196984916999952, 0.0 ], [ 123.58722491900005, -10.196933826999953, 0.0 ], [ 123.587220113000058, -10.196909723999966, 0.0 ], [ 123.587198375000071, -10.196863224999959, 0.0 ], [ 123.587169989000017, -10.196795078999969, 0.0 ], [ 123.587153051000087, -10.196647945999928, 0.0 ], [ 123.587141991000067, -10.196517950999976, 0.0 ], [ 123.587136461000114, -10.196398019999947, 0.0 ], [ 123.587104559000068, -10.196152701999949, 0.0 ], [ 123.587097052000104, -10.19601033899994, 0.0 ], [ 123.587095566000016, -10.195858391999934, 0.0 ], [ 123.587098043000083, -10.195837093999955, 0.0 ], [ 123.587098245000107, -10.195738382999934, 0.0 ], [ 123.5870894090001, -10.195662303999939, 0.0 ], [ 123.587081034000107, -10.19557378199994, 0.0 ], [ 123.58708523700011, -10.195494330999963, 0.0 ], [ 123.587085646000105, -10.195476842999938, 0.0 ], [ 123.586664460000065, -10.194990369999971, 0.0 ], [ 123.586372631000017, -10.195162729999936, 0.0 ], [ 123.586189264000041, -10.194737989999965, 0.0 ], [ 123.586033551000014, -10.194457903999933, 0.0 ], [ 123.585987755000019, -10.194376589999933, 0.0 ], [ 123.585493889000077, -10.193898141999966, 0.0 ], [ 123.585046249000015, -10.193736151999929, 0.0 ], [ 123.584964018000051, -10.193700122999928, 0.0 ], [ 123.584827010000026, -10.193664191999972, 0.0 ], [ 123.58458040000005, -10.193601324999975, 0.0 ], [ 123.58445253800005, -10.193574421999926, 0.0 ], [ 123.5842060760001, -10.193592949999982, 0.0 ], [ 123.58415113500007, -10.19350260799996, 0.0 ], [ 123.584150904000012, -10.193375991999972, 0.0 ], [ 123.584077573000059, -10.193213330999981, 0.0 ], [ 123.584013601000038, -10.193177268999932, 0.0 ], [ 123.583949579000091, -10.193114074999926, 0.0 ], [ 123.583931156000062, -10.193023667999967, 0.0 ], [ 123.583949267000094, -10.192942238999933, 0.0 ], [ 123.583958067000026, -10.192761342999972, 0.0 ], [ 123.583912123000118, -10.192598632999932, 0.0 ], [ 123.583875490000082, -10.192535389999932, 0.0 ], [ 123.583829695000077, -10.192454075999933, 0.0 ], [ 123.583747415000062, -10.192390914999976, 0.0 ], [ 123.583665135000047, -10.192327752999972, 0.0 ], [ 123.583514075000039, -10.192279685999949, 0.0 ], [ 123.583445997000013, -10.19231005599994, 0.0 ], [ 123.58321769600002, -10.192274287999965, 0.0 ], [ 123.5829803150001, -10.192265666999958, 0.0 ], [ 123.582843341000057, -10.192247823999935, 0.0 ], [ 123.582770273000051, -10.192229865999934, 0.0 ], [ 123.582724297000027, -10.192049066999971, 0.0 ], [ 123.582623759000057, -10.191985937999959, 0.0 ], [ 123.582541397000114, -10.191877556999941, 0.0 ], [ 123.582422649000023, -10.191841591999946, 0.0 ], [ 123.582331224000086, -10.191769402999967, 0.0 ], [ 123.582157602000052, -10.191679271999931, 0.0 ], [ 123.582057063000093, -10.191616142999976, 0.0 ], [ 123.581974800000012, -10.191562024999939, 0.0 ], [ 123.581892587000084, -10.191535038999973, 0.0 ], [ 123.581709966000062, -10.191517275999956, 0.0 ], [ 123.581645962000039, -10.191463125999974, 0.0 ], [ 123.581591071000048, -10.191399914999977, 0.0 ], [ 123.581499630000053, -10.191318681999974, 0.0 ], [ 123.581280328000048, -10.191210543999944, 0.0 ], [ 123.581106771, -10.191156587999956, 0.0 ], [ 123.580960652000044, -10.191129715999978, 0.0 ], [ 123.580869211000049, -10.191048481999928, 0.0 ], [ 123.580686264000065, -10.190849837999963, 0.0 ], [ 123.580603821000068, -10.190696235999951, 0.0 ], [ 123.580548848000035, -10.19058780499995, 0.0 ], [ 123.580457342000045, -10.190470394999977, 0.0 ], [ 123.580311141000038, -10.190398302999938, 0.0 ], [ 123.580155861000094, -10.190353357999982, 0.0 ], [ 123.580064485000094, -10.19030829999997, 0.0 ], [ 123.579945689000056, -10.190245202999961, 0.0 ], [ 123.579835941000056, -10.190136868999957, 0.0 ], [ 123.579781018000062, -10.19005556999997, 0.0 ], [ 123.579653027000063, -10.189956312999982, 0.0 ], [ 123.57955258800007, -10.189947446999952, 0.0 ], [ 123.579552516000035, -10.189947440999958, 0.0 ], [ 123.57955258800007, -10.189947176999965, 0.0 ], [ 123.579559995000068, -10.18992001099997, 0.0 ], [ 123.579499997000084, -10.189690001999963, 0.0 ], [ 123.579340001000105, -10.18949, 0.0 ], [ 123.579259998000111, -10.18938000199995, 0.0 ], [ 123.579249997000034, -10.189300001999982, 0.0 ], [ 123.579359998000086, -10.189160001999937, 0.0 ], [ 123.579599997000059, -10.189080002999958, 0.0 ], [ 123.579739997000047, -10.189010001999975, 0.0 ], [ 123.579839994000054, -10.188920006999979, 0.0 ], [ 123.579899996000108, -10.188770003999934, 0.0 ], [ 123.579889993000052, -10.188580005999938, 0.0 ], [ 123.579783386000031, -10.188430178999965, 0.0 ], [ 123.57977964600002, -10.188424923999946, 0.0 ], [ 123.579773756, -10.18841664699994, 0.0 ], [ 123.579767867000101, -10.188408369999934, 0.0 ], [ 123.579519996000045, -10.188060002999975, 0.0 ], [ 123.579289998000036, -10.187759996999944, 0.0 ], [ 123.579219997000109, -10.187590001999979, 0.0 ], [ 123.579199999000025, -10.187340010999947, 0.0 ], [ 123.579289997000046, -10.186940001999972, 0.0 ], [ 123.579349998000112, -10.186680002999935, 0.0 ], [ 123.579380003000097, -10.186520000999963, 0.0 ], [ 123.57933, -10.186370001999933, 0.0 ], [ 123.579259997, -10.186240001999977, 0.0 ], [ 123.579249998000023, -10.186100001999932, 0.0 ], [ 123.579339997000034, -10.185910000999968, 0.0 ], [ 123.579639997000072, -10.185480001999963, 0.0 ], [ 123.579769997000085, -10.185389996999959, 0.0 ], [ 123.580359998000063, -10.185470001999931, 0.0 ], [ 123.580670003000023, -10.185450000999936, 0.0 ], [ 123.580769997000061, -10.185420002999933, 0.0 ], [ 123.58086791300002, -10.185339545999966, 0.0 ], [ 123.580908392000083, -10.185283958999946, 0.0 ], [ 123.580923750000011, -10.185228415999973, 0.0 ], [ 123.580919792000032, -10.18517673599996, 0.0 ], [ 123.580886862000057, -10.185132765999981, 0.0 ], [ 123.580826887000057, -10.185092671999939, 0.0 ], [ 123.58076695200009, -10.185075548999976, 0.0 ], [ 123.58071089300006, -10.185064162999936, 0.0 ], [ 123.580660597000019, -10.185033622999981, 0.0 ], [ 123.58061417600004, -10.185008818999961, 0.0 ], [ 123.580573523000112, -10.184968689999948, 0.0 ], [ 123.580559889000028, -10.184909369999957, 0.0 ], [ 123.58058083700007, -10.184738958999958, 0.0 ], [ 123.58059025700004, -10.184604938999939, 0.0 ], [ 123.580588078000119, -10.184469025999931, 0.0 ], [ 123.580578271000036, -10.184388640999941, 0.0 ], [ 123.580541432000018, -10.18431979099995, 0.0 ], [ 123.580469997000023, -10.184270001999948, 0.0 ], [ 123.580399997000086, -10.184270001999948, 0.0 ], [ 123.580349998000088, -10.184319995999942, 0.0 ], [ 123.580319999000039, -10.184450001999949, 0.0 ], [ 123.580240003000085, -10.184529994999934, 0.0 ], [ 123.580139996000071, -10.184580002999951, 0.0 ], [ 123.580059995000056, -10.184570003999966, 0.0 ], [ 123.57989, -10.18438, 0.0 ], [ 123.579839997000022, -10.184250001999942, 0.0 ], [ 123.579879998000024, -10.184090001999948, 0.0 ], [ 123.580169997000098, -10.183669994999946, 0.0 ], [ 123.580269998000063, -10.18359000199996, 0.0 ], [ 123.58051999700001, -10.183480001999953, 0.0 ], [ 123.580679998000051, -10.183370001999947, 0.0 ], [ 123.580682790000083, -10.183366278999927, 0.0 ], [ 123.580769995000082, -10.183250008999948, 0.0 ], [ 123.58081, -10.18306, 0.0 ], [ 123.580779998000025, -10.182970001999934, 0.0 ], [ 123.580750808000062, -10.182952163999971, 0.0 ], [ 123.580612748000021, -10.182884159999958, 0.0 ], [ 123.580528199000014, -10.182879524999976, 0.0 ], [ 123.580461808000109, -10.182897588999936, 0.0 ], [ 123.580423315000075, -10.182950086999938, 0.0 ], [ 123.580377475000091, -10.183012598999937, 0.0 ], [ 123.580336541000065, -10.183083261999968, 0.0 ], [ 123.58031720200006, -10.183113569999932, 0.0 ], [ 123.580296799000052, -10.18314554799997, 0.0 ], [ 123.580238846000043, -10.183155221999925, 0.0 ], [ 123.58018206600002, -10.183145751999973, 0.0 ], [ 123.580144567000048, -10.183112316999939, 0.0 ], [ 123.580123708000087, -10.183086774999936, 0.0 ], [ 123.580079205000061, -10.183032269999956, 0.0 ], [ 123.580012712000098, -10.182994101999952, 0.0 ], [ 123.5799607350001, -10.182969068999967, 0.0 ], [ 123.579912327000102, -10.182914116999939, 0.0 ], [ 123.579888505000099, -10.182874341999934, 0.0 ], [ 123.579865084000062, -10.18283523599996, 0.0 ], [ 123.579843097000094, -10.182761987999982, 0.0 ], [ 123.579841923000117, -10.182758073999935, 0.0 ], [ 123.579819997000072, -10.182400002999941, 0.0 ], [ 123.579819998000062, -10.182240001999958, 0.0 ], [ 123.579869998000049, -10.182150000999968, 0.0 ], [ 123.580122950000032, -10.18196491499998, 0.0 ], [ 123.580279998000037, -10.18185000099993, 0.0 ], [ 123.580469998000012, -10.181729996999934, 0.0 ], [ 123.580679997000061, -10.181670001999976, 0.0 ], [ 123.580949998000051, -10.18159000199995, 0.0 ], [ 123.581219997000062, -10.181480002999933, 0.0 ], [ 123.581255051000085, -10.181451520999929, 0.0 ], [ 123.581391547000067, -10.181329793999964, 0.0 ], [ 123.581466253000031, -10.181263168999976, 0.0 ], [ 123.581469948000063, -10.181169360999945, 0.0 ], [ 123.581378914000084, -10.181050833999961, 0.0 ], [ 123.58115651300011, -10.180949770999973, 0.0 ], [ 123.581082949, -10.180902947999925, 0.0 ], [ 123.581082922000064, -10.180902927999966, 0.0 ], [ 123.58099999500007, -10.180820003999941, 0.0 ], [ 123.580949996000072, -10.180700003999959, 0.0 ], [ 123.58099999600006, -10.180600004999974, 0.0 ], [ 123.581169996000085, -10.180460002999951, 0.0 ], [ 123.581419997000012, -10.180210001999967, 0.0 ], [ 123.581579997000063, -10.18010000299995, 0.0 ], [ 123.581679997000037, -10.179910001999929, 0.0 ], [ 123.581779997000012, -10.179810002999943, 0.0 ], [ 123.582209998000053, -10.179670001999966, 0.0 ], [ 123.582279998000104, -10.179640001999928, 0.0 ], [ 123.582369997000114, -10.179510001999972, 0.0 ], [ 123.582519997000077, -10.17926, 0.0 ], [ 123.582639997000115, -10.179160010999965, 0.0 ], [ 123.582820002000062, -10.179070002999936, 0.0 ], [ 123.583059997000078, -10.179050002999929, 0.0 ], [ 123.583250003000103, -10.178990001999978, 0.0 ], [ 123.583349998000017, -10.178930002999948, 0.0 ], [ 123.583639997000091, -10.178719995999927, 0.0 ], [ 123.583769993000033, -10.178480005999972, 0.0 ], [ 123.583788185000117, -10.178452719999939, 0.0 ], [ 123.583869996000089, -10.178330002999928, 0.0 ], [ 123.583939997000016, -10.177429996999933, 0.0 ], [ 123.583959997000079, -10.17718, 0.0 ], [ 123.583919998000056, -10.176860001999955, 0.0 ], [ 123.583909997000092, -10.176640000999953, 0.0 ], [ 123.583889989000113, -10.176569994999966, 0.0 ], [ 123.58388998800001, -10.176340001999961, 0.0 ], [ 123.583939997000016, -10.176200001999973, 0.0 ], [ 123.584219998000094, -10.175970002999975, 0.0 ], [ 123.584399998000094, -10.175910000999977, 0.0 ], [ 123.584729997000068, -10.175780001999954, 0.0 ], [ 123.584849998000095, -10.175690000999964, 0.0 ], [ 123.584899998000083, -10.175560001999941, 0.0 ], [ 123.584819998000057, -10.17529000299993, 0.0 ], [ 123.584760003000042, -10.175160001999927, 0.0 ], [ 123.584469998000031, -10.174620001999926, 0.0 ], [ 123.584349998000107, -10.174360000999968, 0.0 ], [ 123.583909997000092, -10.173960000999955, 0.0 ], [ 123.583829998000056, -10.173870001999944, 0.0 ], [ 123.583809998000106, -10.173780001999944, 0.0 ], [ 123.58384, -10.17369, 0.0 ], [ 123.583869998000068, -10.173650001999931, 0.0 ], [ 123.583866377000049, -10.17362467199996, 0.0 ], [ 123.583859995000012, -10.173580003999973, 0.0 ], [ 123.583845701000087, -10.173441827999966, 0.0 ], [ 123.58384624100006, -10.173412075999977, 0.0 ], [ 123.583852706000016, -10.173376272999974, 0.0 ], [ 123.583859140000072, -10.173339044999977, 0.0 ], [ 123.583859818000064, -10.173301931999958, 0.0 ], [ 123.583859055000062, -10.173264848999963, 0.0 ], [ 123.583861171000081, -10.173227706999967, 0.0 ], [ 123.583869075000052, -10.173191875999976, 0.0 ], [ 123.58386831100006, -10.173154791999934, 0.0 ], [ 123.583861819000049, -10.173119250999946, 0.0 ], [ 123.583845307000047, -10.173086766999972, 0.0 ], [ 123.583820276000097, -10.173060160999967, 0.0 ], [ 123.583781915000031, -10.173033112999974, 0.0 ], [ 123.583722110000053, -10.172992549999947, 0.0 ], [ 123.583698935000029, -10.172972717999926, 0.0 ], [ 123.583675313000072, -10.172944657999949, 0.0 ], [ 123.583655922000048, -10.172912231999931, 0.0 ], [ 123.583640329000104, -10.172882849999951, 0.0 ], [ 123.583622811000055, -10.172842983999942, 0.0 ], [ 123.583614850000117, -10.172806045999948, 0.0 ], [ 123.583613016000072, -10.172773685999971, 0.0 ], [ 123.583613236000019, -10.172727599999973, 0.0 ], [ 123.583612473000017, -10.172690515999932, 0.0 ], [ 123.583611681000093, -10.172652006999954, 0.0 ], [ 123.583603748000087, -10.172616494999943, 0.0 ], [ 123.58359434700003, -10.172579585999927, 0.0 ], [ 123.583579216000089, -10.172544218999974, 0.0 ], [ 123.583564116000048, -10.172510278999937, 0.0 ], [ 123.58355898800005, -10.172471041999927, 0.0 ], [ 123.583558553000103, -10.172467713999936, 0.0 ], [ 123.583552307000105, -10.17242633199993, 0.0 ], [ 123.583558363000066, -10.172300643999961, 0.0 ], [ 123.583556663000081, -10.172193473999926, 0.0 ], [ 123.583553522000102, -10.17199538999995, 0.0 ], [ 123.583535250000068, -10.171877328999926, 0.0 ], [ 123.583510747000105, -10.17180647999993, 0.0 ], [ 123.583430726000074, -10.171691209999949, 0.0 ], [ 123.583404156000029, -10.171652927999958, 0.0 ], [ 123.583315, -10.171525, 0.0 ], [ 123.583199997000065, -10.171360002999961, 0.0 ], [ 123.583109996000076, -10.171230003999938, 0.0 ], [ 123.582959996000113, -10.171120002999942, 0.0 ], [ 123.582759997000039, -10.170930002999967, 0.0 ], [ 123.582619996000062, -10.170790002999979, 0.0 ], [ 123.582539996000037, -10.170700001999933, 0.0 ], [ 123.582469998000079, -10.170590002999973, 0.0 ], [ 123.582309997000038, -10.170490001999951, 0.0 ], [ 123.581679997000037, -10.170340001999932, 0.0 ], [ 123.581549996000035, -10.170270002999928, 0.0 ], [ 123.58144999700005, -10.170210002999966, 0.0 ], [ 123.581349997000075, -10.170160001999932, 0.0 ], [ 123.581169996000085, -10.169930002999934, 0.0 ], [ 123.581108296000025, -10.169719492999945, 0.0 ], [ 123.581106573000056, -10.169645728999967, 0.0 ], [ 123.581093359000079, -10.169550992999973, 0.0 ], [ 123.581088794000038, -10.169430398999964, 0.0 ], [ 123.581049310000026, -10.169233771999927, 0.0 ], [ 123.580964943000026, -10.169060195999975, 0.0 ], [ 123.580880635000085, -10.168919641999935, 0.0 ], [ 123.580786243000034, -10.168812129999935, 0.0 ], [ 123.580647720000115, -10.168758867999941, 0.0 ], [ 123.580639709000025, -10.168752754999957, 0.0 ], [ 123.580451112000105, -10.168608846999973, 0.0 ], [ 123.580384672000037, -10.168574353999929, 0.0 ], [ 123.580311799000015, -10.168502848999935, 0.0 ], [ 123.580294247000097, -10.168413863999945, 0.0 ], [ 123.580324540000106, -10.168336280999938, 0.0 ], [ 123.580349426000112, -10.168234535999943, 0.0 ], [ 123.580389997000111, -10.168020002999981, 0.0 ], [ 123.580379997000023, -10.167730002999974, 0.0 ], [ 123.580349997000098, -10.167420002999961, 0.0 ], [ 123.580279996000058, -10.16723000199994, 0.0 ], [ 123.580199997000022, -10.167160002999935, 0.0 ], [ 123.58004999700006, -10.167130002999954, 0.0 ], [ 123.579769996000095, -10.167030002999979, 0.0 ], [ 123.579529997, -10.166850001999933, 0.0 ], [ 123.579319997000084, -10.166630002999966, 0.0 ], [ 123.579129997000109, -10.166460002999941, 0.0 ], [ 123.578989996000018, -10.166320002999953, 0.0 ], [ 123.578599997000083, -10.165470002999939, 0.0 ], [ 123.578509989000054, -10.165330002999951, 0.0 ], [ 123.578014727000095, -10.164928047999979, 0.0 ], [ 123.577935158000059, -10.164863471999979, 0.0 ], [ 123.577819994000038, -10.164770002999944, 0.0 ], [ 123.577649979000057, -10.164430005999975, 0.0 ], [ 123.577582915000107, -10.164177909999978, 0.0 ], [ 123.577482979000024, -10.163997070999926, 0.0 ], [ 123.577409033000094, -10.163857691999965, 0.0 ], [ 123.577219537000019, -10.163500513999963, 0.0 ], [ 123.577259392000087, -10.163478505999933, 0.0 ], [ 123.577585970000086, -10.163333330999933, 0.0 ], [ 123.577749361000087, -10.163262392999968, 0.0 ], [ 123.577749460000064, -10.163262343999975, 0.0 ], [ 123.578049997000107, -10.163110002999929, 0.0 ], [ 123.578467494000051, -10.162894782999956, 0.0 ], [ 123.578637074000085, -10.162801533999925, 0.0 ], [ 123.578870001000041, -10.162660000999949, 0.0 ], [ 123.57891815000005, -10.162676868999938, 0.0 ], [ 123.57901640800003, -10.162734799999953, 0.0 ], [ 123.579183263000118, -10.162845775999926, 0.0 ], [ 123.579328347000114, -10.162938842999949, 0.0 ], [ 123.57939839900007, -10.163020198999959, 0.0 ], [ 123.579451784000071, -10.163082199999963, 0.0 ], [ 123.579561743000113, -10.163230365999937, 0.0 ], [ 123.579661696000016, -10.163365050999971, 0.0 ], [ 123.579661741000109, -10.163365112999941, 0.0 ], [ 123.579687154000112, -10.163400541999977, 0.0 ], [ 123.579775149000056, -10.163532704999966, 0.0 ], [ 123.579835184000103, -10.163697550999927, 0.0 ], [ 123.5798498260001, -10.163780798999937, 0.0 ], [ 123.579845141000078, -10.163862847999951, 0.0 ], [ 123.579839562000075, -10.163960558999975, 0.0 ], [ 123.579875959000105, -10.16397367899998, 0.0 ], [ 123.579921204000016, -10.163989987999969, 0.0 ], [ 123.580010299000037, -10.164044482999941, 0.0 ], [ 123.58018474000005, -10.164139077999948, 0.0 ], [ 123.580298325000058, -10.164175966999949, 0.0 ], [ 123.580339370000047, -10.164168116999974, 0.0 ], [ 123.580380416000025, -10.164160266999943, 0.0 ], [ 123.580491177000113, -10.16405956899996, 0.0 ], [ 123.58057343300004, -10.16398531599998, 0.0 ], [ 123.580637788000104, -10.163927220999938, 0.0 ], [ 123.580819182000027, -10.163796724999941, 0.0 ], [ 123.580884748000017, -10.163745930999937, 0.0 ], [ 123.580985121000026, -10.163668170999927, 0.0 ], [ 123.581299993000016, -10.163440021999975, 0.0 ], [ 123.581364113000063, -10.163393380999935, 0.0 ], [ 123.581518993000032, -10.163411019999955, 0.0 ], [ 123.581624102000092, -10.163435959999958, 0.0 ], [ 123.581705098000043, -10.163482477999935, 0.0 ], [ 123.581776270000091, -10.163547115999961, 0.0 ], [ 123.581795820000025, -10.163564870999949, 0.0 ], [ 123.581819498000073, -10.163620604999949, 0.0 ], [ 123.581848315000116, -10.16369853599997, 0.0 ], [ 123.581855061000056, -10.163716778999969, 0.0 ], [ 123.581885817000057, -10.163669393999953, 0.0 ], [ 123.581891959000018, -10.163637085999937, 0.0 ], [ 123.581900932000053, -10.163613098999974, 0.0 ], [ 123.581938367000021, -10.163568583999961, 0.0 ], [ 123.581983320000063, -10.163550697999938, 0.0 ], [ 123.581983371000092, -10.163550677999979, 0.0 ], [ 123.581988048000085, -10.163548886999934, 0.0 ], [ 123.582038279000017, -10.16354496799994, 0.0 ], [ 123.582073773000047, -10.163552228999947, 0.0 ], [ 123.582084669000096, -10.163554457999965, 0.0 ], [ 123.582140525000113, -10.163573115999952, 0.0 ], [ 123.5821586510001, -10.163599374999933, 0.0 ], [ 123.582328708000091, -10.163715434999972, 0.0 ], [ 123.582392044000017, -10.163755009999932, 0.0 ], [ 123.582426012000042, -10.163773812999978, 0.0 ], [ 123.58252118900009, -10.163826494999967, 0.0 ], [ 123.582603033000055, -10.163871797999946, 0.0 ], [ 123.582708693000086, -10.163920645999951, 0.0 ], [ 123.582762180000032, -10.163945373999979, 0.0 ], [ 123.58285788, -10.163975832999938, 0.0 ], [ 123.582885196, -10.163975264999976, 0.0 ], [ 123.582923920000098, -10.163974457999927, 0.0 ], [ 123.583011532000114, -10.163972632999958, 0.0 ], [ 123.58305882500008, -10.163971646999926, 0.0 ], [ 123.583284996000089, -10.163981666999973, 0.0 ], [ 123.583633148000104, -10.164006660999974, 0.0 ], [ 123.584157772000026, -10.164020083999958, 0.0 ], [ 123.584332537000023, -10.164009829999941, 0.0 ], [ 123.584670757000026, -10.164007682999966, 0.0 ], [ 123.584787910000045, -10.164014173999931, 0.0 ], [ 123.584981167000024, -10.164032971999973, 0.0 ], [ 123.585787306000043, -10.164160029999948, 0.0 ], [ 123.58589740900004, -10.164177382999981, 0.0 ], [ 123.58583869000006, -10.164518388999966, 0.0 ], [ 123.585804434000011, -10.164655188999973, 0.0 ], [ 123.58579313000007, -10.164700330999949, 0.0 ], [ 123.585787204000098, -10.164742774999979, 0.0 ], [ 123.585618268000076, -10.164736889999972, 0.0 ], [ 123.585623373000089, -10.164887632999978, 0.0 ], [ 123.585575437000102, -10.165091115999928, 0.0 ], [ 123.585563439000111, -10.165134209999962, 0.0 ], [ 123.585606481000013, -10.16529337999998, 0.0 ], [ 123.585643194000113, -10.165467279999973, 0.0 ], [ 123.585676668000019, -10.165546186999961, 0.0 ], [ 123.585693800000058, -10.165594976999955, 0.0 ], [ 123.585677515000043, -10.165644979999968, 0.0 ], [ 123.5856640720001, -10.165686251999944, 0.0 ], [ 123.585658766000051, -10.165695265999943, 0.0 ], [ 123.585637377000012, -10.165731604999962, 0.0 ], [ 123.585895081000103, -10.166067720999933, 0.0 ], [ 123.585258624000062, -10.166520358999946, 0.0 ], [ 123.585167924000075, -10.166583693999939, 0.0 ], [ 123.585027825000111, -10.166484077999939, 0.0 ], [ 123.584896769000011, -10.166401373999975, 0.0 ], [ 123.584882502000028, -10.166524873999947, 0.0 ], [ 123.584846377000076, -10.166582367999979, 0.0 ], [ 123.584658211000033, -10.166707613999961, 0.0 ], [ 123.584498905000032, -10.16676532799994, 0.0 ], [ 123.584396058000038, -10.166789918999939, 0.0 ], [ 123.584264310000094, -10.166860505999978, 0.0 ], [ 123.58421656500002, -10.166903662999971, 0.0 ], [ 123.584183266000082, -10.166920950999952, 0.0 ], [ 123.584113727000044, -10.166898237999931, 0.0 ], [ 123.583940564000045, -10.167051407999963, 0.0 ], [ 123.583880936000014, -10.167104152999968, 0.0 ], [ 123.58382210700006, -10.167159264999952, 0.0 ], [ 123.583719472000098, -10.167255414999943, 0.0 ], [ 123.58368560200006, -10.167287144999932, 0.0 ], [ 123.583710572000086, -10.16730961899998, 0.0 ], [ 123.583723433000046, -10.167321193999953, 0.0 ], [ 123.583769307000011, -10.167362105999928, 0.0 ], [ 123.584095559000048, -10.167634230999965, 0.0 ], [ 123.58417062500007, -10.167698037999969, 0.0 ], [ 123.584391663000019, -10.167911364999952, 0.0 ], [ 123.584648985000058, -10.168159709999941, 0.0 ], [ 123.584649044000116, -10.168159768999942, 0.0 ], [ 123.584785492000037, -10.16829950999994, 0.0 ], [ 123.584821272000113, -10.168336153999974, 0.0 ], [ 123.585035980000043, -10.168556043999956, 0.0 ], [ 123.585165679000056, -10.16868887499993, 0.0 ], [ 123.585310428000071, -10.168810426999926, 0.0 ], [ 123.585516143000063, -10.168983174999937, 0.0 ], [ 123.585572584000033, -10.16903057199994, 0.0 ], [ 123.585838168, -10.16925359499993, 0.0 ], [ 123.586080498000115, -10.169426536999936, 0.0 ], [ 123.586126246000049, -10.169462199999941, 0.0 ], [ 123.586196702000052, -10.169514671999934, 0.0 ], [ 123.586310369000103, -10.169606785999974, 0.0 ], [ 123.586362058000077, -10.169655838999972, 0.0 ], [ 123.586634766000088, -10.169880620999947, 0.0 ], [ 123.586637721000102, -10.169883053999968, 0.0 ], [ 123.586680341000033, -10.16991812599997, 0.0 ], [ 123.586876933000099, -10.170075944999951, 0.0 ], [ 123.586900813000057, -10.170048265999981, 0.0 ], [ 123.586971881000068, -10.169965887999979, 0.0 ], [ 123.587104437000107, -10.169808915999965, 0.0 ], [ 123.587145467000028, -10.169792091999966, 0.0 ], [ 123.58723847400006, -10.169801495999934, 0.0 ], [ 123.587471577000088, -10.169814238999948, 0.0 ], [ 123.587544022000088, -10.169805734999954, 0.0 ], [ 123.587603151000053, -10.16978050299997, 0.0 ], [ 123.587723724000057, -10.169674998999938, 0.0 ], [ 123.587761674000035, -10.169629587999964, 0.0 ], [ 123.587786375000064, -10.16960002999997, 0.0 ], [ 123.587802842000087, -10.169580325999959, 0.0 ], [ 123.58783242700008, -10.169551930999944, 0.0 ], [ 123.587866885000039, -10.169529551999972, 0.0 ], [ 123.587888480000061, -10.16951552699993, 0.0 ], [ 123.587927852, -10.16942800299995, 0.0 ], [ 123.588027538, -10.169128152999974, 0.0 ], [ 123.588104818000033, -10.168911849999972, 0.0 ], [ 123.58842895500004, -10.16899164299997, 0.0 ], [ 123.588646389000019, -10.169021402999931, 0.0 ], [ 123.588958049000098, -10.169066786999963, 0.0 ], [ 123.589026581000098, -10.169090788999938, 0.0 ], [ 123.5890630990001, -10.169103578999966, 0.0 ], [ 123.589133333000063, -10.169029141999943, 0.0 ], [ 123.589294968000104, -10.168661300999929, 0.0 ], [ 123.589346750000118, -10.168386379999959, 0.0 ], [ 123.589634281000031, -10.168445684999938, 0.0 ], [ 123.589844528000071, -10.16850752199997, 0.0 ], [ 123.590015962000052, -10.168544542999939, 0.0 ], [ 123.590137768000091, -10.168584523999925, 0.0 ], [ 123.590380789000051, -10.16817898599993, 0.0 ], [ 123.590491360000101, -10.168216159999929, 0.0 ], [ 123.590829993000057, -10.168330005999962, 0.0 ], [ 123.591163626000025, -10.168519154999956, 0.0 ], [ 123.59131999300007, -10.168280006999964, 0.0 ], [ 123.591469993000032, -10.168000004999953, 0.0 ], [ 123.591809997000041, -10.168180010999947, 0.0 ], [ 123.592179997000017, -10.16828000199996, 0.0 ], [ 123.59242999300011, -10.168340005999937, 0.0 ], [ 123.592510004000019, -10.168120002999956, 0.0 ], [ 123.592589997000118, -10.167990002999943, 0.0 ], [ 123.592686343000082, -10.167938119999974, 0.0 ], [ 123.592719953000028, -10.167920023999955, 0.0 ], [ 123.592719989000102, -10.167920004999928, 0.0 ], [ 123.593098907000012, -10.168189521999977, 0.0 ], [ 123.593461396000066, -10.168293555999981, 0.0 ], [ 123.59378239800003, -10.168460416999949, 0.0 ], [ 123.594039217000045, -10.168163238999966, 0.0 ], [ 123.594257642000116, -10.168468256999972, 0.0 ], [ 123.59435157900009, -10.168366770999967, 0.0 ], [ 123.594792723000069, -10.168685661999973, 0.0 ], [ 123.594887464000067, -10.168718033999937, 0.0 ], [ 123.594966664000026, -10.168706403999977, 0.0 ], [ 123.59500717700007, -10.168671872999937, 0.0 ], [ 123.595090413000094, -10.168752122999933, 0.0 ], [ 123.595220033000032, -10.16883803199994, 0.0 ], [ 123.595262282000022, -10.168827784999962, 0.0 ], [ 123.595559804000118, -10.169064141999968, 0.0 ], [ 123.59584476200007, -10.169253053999967, 0.0 ], [ 123.595906215000014, -10.169178761999945, 0.0 ], [ 123.595983265000086, -10.169049405999942, 0.0 ], [ 123.596085322000022, -10.168923416999974, 0.0 ], [ 123.596174759000064, -10.168766694999931, 0.0 ], [ 123.596251723000023, -10.168590675999951, 0.0 ], [ 123.596291456000017, -10.168515502999981, 0.0 ], [ 123.59630280600004, -10.168555109999943, 0.0 ], [ 123.596306970000114, -10.168621500999961, 0.0 ], [ 123.5962987690001, -10.16867624899993, 0.0 ], [ 123.596293677000062, -10.168710233999946, 0.0 ], [ 123.596276027000044, -10.168743622999955, 0.0 ], [ 123.596209814000076, -10.168868883999949, 0.0 ], [ 123.596158548000062, -10.16900190399997, 0.0 ], [ 123.596146422000061, -10.169055008999976, 0.0 ], [ 123.596130039000059, -10.169126752999944, 0.0 ], [ 123.596121803000074, -10.169175650999932, 0.0 ], [ 123.596135545000038, -10.169213540999976, 0.0 ], [ 123.596162428000071, -10.169242604999965, 0.0 ], [ 123.596210332000055, -10.169278377999944, 0.0 ], [ 123.596232360000045, -10.169298977999972, 0.0 ], [ 123.596254387000045, -10.169319577999943, 0.0 ], [ 123.596274734000076, -10.169363398999963, 0.0 ], [ 123.596291290000067, -10.169432979999954, 0.0 ], [ 123.596295894000036, -10.169482993999964, 0.0 ], [ 123.59631541400006, -10.169695030999947, 0.0 ], [ 123.596328077000067, -10.169759150999937, 0.0 ], [ 123.596335195000051, -10.169795195999939, 0.0 ], [ 123.596346544000085, -10.169848060999925, 0.0 ], [ 123.596398180000051, -10.169937345999926, 0.0 ], [ 123.596463666000091, -10.170024791999936, 0.0 ], [ 123.596502627000064, -10.170043672999952, 0.0 ], [ 123.59653757500007, -10.170062228999939, 0.0 ], [ 123.596587094000029, -10.170089049999945, 0.0 ], [ 123.596614508000016, -10.170118220999939, 0.0 ], [ 123.596621177000088, -10.170170403999975, 0.0 ], [ 123.596613493000063, -10.170221436999952, 0.0 ], [ 123.59660262400007, -10.170248541999968, 0.0 ], [ 123.596614936000037, -10.170290082999941, 0.0 ], [ 123.596618197000112, -10.170301086999928, 0.0 ], [ 123.596634385000016, -10.170357052999975, 0.0 ], [ 123.59666466200008, -10.170393538999974, 0.0 ], [ 123.596698491000097, -10.170427059999952, 0.0 ], [ 123.596711963000075, -10.17046986899993, 0.0 ], [ 123.596699610000087, -10.170511139999974, 0.0 ], [ 123.59671993500001, -10.170556768999973, 0.0 ], [ 123.596721638000076, -10.170560593999937, 0.0 ], [ 123.596729946000096, -10.170564376999948, 0.0 ], [ 123.596750677000045, -10.170573818999969, 0.0 ], [ 123.59678808700005, -10.170585032999952, 0.0 ], [ 123.596838179000088, -10.170604982999976, 0.0 ], [ 123.596866503000115, -10.170616262999943, 0.0 ], [ 123.596901935000119, -10.170658350999929, 0.0 ], [ 123.59703881900009, -10.170801119999965, 0.0 ], [ 123.597040231000051, -10.17086957999993, 0.0 ], [ 123.597021546000065, -10.170941299999981, 0.0 ], [ 123.59698573300011, -10.17102050099993, 0.0 ], [ 123.596989495000116, -10.171063230999948, 0.0 ], [ 123.597046370000044, -10.171122723999929, 0.0 ], [ 123.597113744000012, -10.171152032999942, 0.0 ], [ 123.597175356000093, -10.171127093999928, 0.0 ], [ 123.597209080000084, -10.171095884999943, 0.0 ], [ 123.597256734000098, -10.171032138999976, 0.0 ], [ 123.597317898000028, -10.171013161999952, 0.0 ], [ 123.597344311000029, -10.17101390199997, 0.0 ], [ 123.597456725000029, -10.171092299999941, 0.0 ], [ 123.597503441000072, -10.171119791999956, 0.0 ], [ 123.597576273000072, -10.171162649999928, 0.0 ], [ 123.597652838000045, -10.171243856999979, 0.0 ], [ 123.597682829000064, -10.171296815999938, 0.0 ], [ 123.597699172000034, -10.17132567699997, 0.0 ], [ 123.597762400000079, -10.171388604999947, 0.0 ], [ 123.597804265000036, -10.171393463999948, 0.0 ], [ 123.597829994000108, -10.171380003999957, 0.0 ], [ 123.597919995000098, -10.171330004999959, 0.0 ], [ 123.598039995000022, -10.171330004999959, 0.0 ], [ 123.598095260000036, -10.171344531999978, 0.0 ], [ 123.598141486000031, -10.171374511999943, 0.0 ], [ 123.598164221000047, -10.171402461999946, 0.0 ], [ 123.598204287000044, -10.171451716999968, 0.0 ], [ 123.5982512490001, -10.171575614999938, 0.0 ], [ 123.598317600000087, -10.171650369999952, 0.0 ], [ 123.598375382000086, -10.171716975999971, 0.0 ], [ 123.598400640000023, -10.171753200999945, 0.0 ], [ 123.598423616000105, -10.171786151999981, 0.0 ], [ 123.598463892000041, -10.171876891999943, 0.0 ], [ 123.598508845000083, -10.171961591999946, 0.0 ], [ 123.598603417000049, -10.172094428999969, 0.0 ], [ 123.598660634000112, -10.172172033999971, 0.0 ], [ 123.598710815000118, -10.172210767999957, 0.0 ], [ 123.598814456000014, -10.172347785999932, 0.0 ], [ 123.599059614000112, -10.172596086999931, 0.0 ], [ 123.599097418000042, -10.172632457999953, 0.0 ], [ 123.599122274000024, -10.172656371999949, 0.0 ], [ 123.599199718000023, -10.172603245999937, 0.0 ], [ 123.599223630000097, -10.172585527999956, 0.0 ], [ 123.599421480000046, -10.172473895999929, 0.0 ], [ 123.599544913000045, -10.172412469999927, 0.0 ], [ 123.599761500000113, -10.172318850999943, 0.0 ], [ 123.599868066000113, -10.172272788999976, 0.0 ], [ 123.599884606000046, -10.172305760999961, 0.0 ], [ 123.599974233000012, -10.172484434999944, 0.0 ], [ 123.600164, -10.172862735999956, 0.0 ], [ 123.600227793000045, -10.172989909999956, 0.0 ], [ 123.600369504000014, -10.173272410999971, 0.0 ], [ 123.600473402000034, -10.17347058799993, 0.0 ], [ 123.600718998000048, -10.173939043999951, 0.0 ], [ 123.600856335000117, -10.174160452999956, 0.0 ], [ 123.600892898000097, -10.174219300999937, 0.0 ], [ 123.600942230000101, -10.174298700999941, 0.0 ], [ 123.601064089000033, -10.174494466999931, 0.0 ], [ 123.601079750000054, -10.174519626999938, 0.0 ], [ 123.601131340000052, -10.174602496999967, 0.0 ], [ 123.601160450000066, -10.174649269999975, 0.0 ], [ 123.601219952000065, -10.174735384999963, 0.0 ], [ 123.601323100000059, -10.174884657999939, 0.0 ], [ 123.601341263000108, -10.174911893999933, 0.0 ], [ 123.6014, -10.175, 0.0 ], [ 123.601448747000063, -10.175061657999947, 0.0 ], [ 123.601466114000118, -10.175083620999942, 0.0 ], [ 123.601594599, -10.175246115999926, 0.0 ], [ 123.601739998000085, -10.175430002999974, 0.0 ], [ 123.601969299000075, -10.175668477999977, 0.0 ], [ 123.602060313000038, -10.17578109699997, 0.0 ], [ 123.602096707000101, -10.175826125999947, 0.0 ], [ 123.602398778000065, -10.176199868999959, 0.0 ], [ 123.602487353000015, -10.176294622999933, 0.0 ], [ 123.602669993000063, -10.176490004999948, 0.0 ], [ 123.602779993000013, -10.176600006999934, 0.0 ], [ 123.60283735400003, -10.176662147999934, 0.0 ], [ 123.603139993000013, -10.176990006999972, 0.0 ], [ 123.603205797000101, -10.177062389999946, 0.0 ], [ 123.603282555000078, -10.177108787999941, 0.0 ], [ 123.603335605000098, -10.177123908999931, 0.0 ], [ 123.603375037000092, -10.177120178999928, 0.0 ], [ 123.603397666000092, -10.177105396999934, 0.0 ], [ 123.603481413000054, -10.177050691999966, 0.0 ], [ 123.603757772000108, -10.176814721999961, 0.0 ], [ 123.603941215000077, -10.176660113999958, 0.0 ], [ 123.604059993000078, -10.176560005999931, 0.0 ], [ 123.604449992000013, -10.176200005999931, 0.0 ], [ 123.604493105000074, -10.176159428999938, 0.0 ], [ 123.604619994000018, -10.176040005999937, 0.0 ], [ 123.60506999200004, -10.175620005999974, 0.0 ], [ 123.60540999300008, -10.175290007999934, 0.0 ], [ 123.605479992000028, -10.175230005999936, 0.0 ], [ 123.605705944000078, -10.174995016999958, 0.0 ], [ 123.605716578000056, -10.17496999399998, 0.0 ], [ 123.605855450000035, -10.174835495999957, 0.0 ], [ 123.605960960000061, -10.174751823999941, 0.0 ], [ 123.606072598000083, -10.174663290999945, 0.0 ], [ 123.606135213000016, -10.174613634999957, 0.0 ], [ 123.606328645000076, -10.174460913999951, 0.0 ], [ 123.607165045000102, -10.175433372999976, 0.0 ], [ 123.607399370000053, -10.175452081999936, 0.0 ], [ 123.607624681000061, -10.17581299099993, 0.0 ], [ 123.607671568000114, -10.175877998999965, 0.0 ], [ 123.608004133, -10.176339092999967, 0.0 ], [ 123.608006256000067, -10.176341697999931, 0.0 ], [ 123.608009475000017, -10.176339, 0.0 ], [ 123.608220411000048, -10.176163569999972, 0.0 ], [ 123.608756912000104, -10.175717318999943, 0.0 ], [ 123.609267823000096, -10.176271205999967, 0.0 ], [ 123.609776177000072, -10.17693240899996, 0.0 ], [ 123.609958105000032, -10.17718617099996, 0.0 ], [ 123.610011574000055, -10.177260752999928, 0.0 ], [ 123.610247272000038, -10.177666354999928, 0.0 ], [ 123.610338706000107, -10.177785734999929, 0.0 ], [ 123.610475025000028, -10.177834295999958, 0.0 ], [ 123.610708191000072, -10.177873352999939, 0.0 ], [ 123.610746382000116, -10.177879749999931, 0.0 ], [ 123.610771842000077, -10.177884014999961, 0.0 ], [ 123.611042178000048, -10.177916635999964, 0.0 ], [ 123.611300353000047, -10.177973178999935, 0.0 ], [ 123.611349892000021, -10.17800103999997, 0.0 ], [ 123.61145999300004, -10.178069990999973, 0.0 ], [ 123.61144798700002, -10.178117978999978, 0.0 ], [ 123.611443882000117, -10.178245766999964, 0.0 ], [ 123.611461743000064, -10.178492679999977, 0.0 ], [ 123.611458722000066, -10.178541702999951, 0.0 ], [ 123.611456362000013, -10.178580003999969, 0.0 ], [ 123.611454002000073, -10.178618305999976, 0.0 ], [ 123.611449091000054, -10.178698013999963, 0.0 ], [ 123.61138711600006, -10.178877596999939, 0.0 ], [ 123.611299181000049, -10.17912327199997, 0.0 ], [ 123.61127074500007, -10.17918667999993, 0.0 ], [ 123.611196720000066, -10.179351744999963, 0.0 ], [ 123.611161400000015, -10.179411046999974, 0.0 ], [ 123.611081150000018, -10.179545785999949, 0.0 ], [ 123.611041804000024, -10.179611682999962, 0.0 ], [ 123.610994472000016, -10.179690956999934, 0.0 ], [ 123.610851328000081, -10.179889468999932, 0.0 ], [ 123.610741522000012, -10.18004174899994, 0.0 ], [ 123.610631556000044, -10.180170758999964, 0.0 ], [ 123.610556433000056, -10.180258890999937, 0.0 ], [ 123.610443614000019, -10.180375394999942, 0.0 ], [ 123.610290231000022, -10.180482753999968, 0.0 ], [ 123.610173037000095, -10.180557342999975, 0.0 ], [ 123.609628415000088, -10.180826149999973, 0.0 ], [ 123.609361838000041, -10.180952278999939, 0.0 ], [ 123.609256426000115, -10.181002153999941, 0.0 ], [ 123.608849561000056, -10.181198171999938, 0.0 ], [ 123.608759472000088, -10.181244180999954, 0.0 ], [ 123.608610228000089, -10.181320401999926, 0.0 ], [ 123.608455726000102, -10.181400380999946, 0.0 ], [ 123.608230424000112, -10.181544856999949, 0.0 ], [ 123.60813698700008, -10.181624287999966, 0.0 ], [ 123.608039996000116, -10.181440001999931, 0.0 ], [ 123.608010004000107, -10.181130002999964, 0.0 ], [ 123.607979997000029, -10.180990002999977, 0.0 ], [ 123.607829997000067, -10.180800003999934, 0.0 ], [ 123.607689993, -10.18065999099997, 0.0 ], [ 123.607692082000085, -10.180523135999977, 0.0 ], [ 123.607704949000095, -10.180429789999948, 0.0 ], [ 123.607701452000015, -10.180113933999962, 0.0 ], [ 123.607681903000071, -10.179739242999972, 0.0 ], [ 123.60767428500003, -10.179542560999948, 0.0 ], [ 123.607665228000087, -10.179351624999981, 0.0 ], [ 123.607632400000057, -10.179166619999933, 0.0 ], [ 123.607607884000117, -10.17897523399995, 0.0 ], [ 123.607515923000051, -10.178882080999927, 0.0 ], [ 123.607448197000053, -10.178831956999943, 0.0 ], [ 123.607352263000053, -10.17879267099994, 0.0 ], [ 123.607256843000073, -10.178786866999928, 0.0 ], [ 123.607131254000024, -10.178793080999981, 0.0 ], [ 123.607037116000015, -10.17882555999995, 0.0 ], [ 123.606973463000031, -10.178814211999963, 0.0 ], [ 123.606888960000106, -10.178839395999944, 0.0 ], [ 123.606819387000087, -10.178833782999959, 0.0 ], [ 123.606741567000086, -10.178810595999948, 0.0 ], [ 123.606445735000079, -10.178710641999942, 0.0 ], [ 123.606364387000099, -10.17886537499993, 0.0 ], [ 123.606342712000014, -10.178898914999934, 0.0 ], [ 123.60628237700007, -10.17892534799995, 0.0 ], [ 123.606219536000026, -10.178903928999944, 0.0 ], [ 123.606108379000034, -10.178877812999929, 0.0 ], [ 123.606040834000055, -10.178923402999942, 0.0 ], [ 123.606036175000099, -10.179014341999959, 0.0 ], [ 123.606072582000024, -10.179107596999927, 0.0 ], [ 123.60607518300003, -10.179205701999933, 0.0 ], [ 123.606036721, -10.179303880999953, 0.0 ], [ 123.605944130000012, -10.179388760999927, 0.0 ], [ 123.605876630000012, -10.179457801999945, 0.0 ], [ 123.60570872400001, -10.179567227999939, 0.0 ], [ 123.60557553600006, -10.179642132999959, 0.0 ], [ 123.605475178, -10.179707405999977, 0.0 ], [ 123.6054199780001, -10.179770005999956, 0.0 ], [ 123.605316237000011, -10.17993273999997, 0.0 ], [ 123.605313539, -10.179937422999956, 0.0 ], [ 123.605267781000066, -10.180009294999934, 0.0 ], [ 123.605201456000032, -10.180060863999927, 0.0 ], [ 123.605127834000086, -10.180086125999935, 0.0 ], [ 123.605027693000011, -10.180138954999961, 0.0 ], [ 123.60491907100004, -10.180176245999974, 0.0 ], [ 123.604882950000047, -10.180234938999945, 0.0 ], [ 123.604881815000113, -10.18027322699993, 0.0 ], [ 123.604881264000028, -10.180325980999953, 0.0 ], [ 123.604795671000034, -10.180408095999951, 0.0 ], [ 123.604706448000115, -10.18048602999994, 0.0 ], [ 123.604670794000072, -10.180517762999955, 0.0 ], [ 123.604646244000037, -10.180509833999963, 0.0 ], [ 123.604606229000069, -10.180614723999952, 0.0 ], [ 123.604582967000056, -10.180675697999959, 0.0 ], [ 123.604505772000039, -10.180868414999964, 0.0 ], [ 123.604469012000095, -10.180960183999957, 0.0 ], [ 123.60440410700005, -10.181125413999951, 0.0 ], [ 123.604283924000015, -10.181229575999964, 0.0 ], [ 123.604246397000111, -10.181262100999959, 0.0 ], [ 123.604146477000086, -10.181303921999927, 0.0 ], [ 123.604099993000091, -10.181320006999954, 0.0 ], [ 123.604009993000091, -10.181420006999929, 0.0 ], [ 123.603879888000051, -10.181576734999965, 0.0 ], [ 123.603667912000105, -10.181832086999975, 0.0 ], [ 123.603586574000019, -10.181913424999948, 0.0 ], [ 123.603319992000024, -10.182220005999966, 0.0 ], [ 123.603281117000051, -10.182278318999977, 0.0 ], [ 123.603265145000023, -10.182302277999952, 0.0 ], [ 123.603242709000028, -10.182335929999965, 0.0 ], [ 123.603219993000039, -10.182370006999975, 0.0 ], [ 123.603122108000093, -10.182497256999966, 0.0 ], [ 123.60303663600007, -10.182608369999969, 0.0 ], [ 123.603019993000089, -10.182630005999954, 0.0 ], [ 123.602839977000031, -10.182830005999961, 0.0 ], [ 123.602634329000011, -10.183035665999967, 0.0 ], [ 123.602612472000033, -10.183057523999935, 0.0 ], [ 123.602584433000061, -10.183085564999942, 0.0 ], [ 123.602583476000063, -10.183086522999929, 0.0 ], [ 123.60258344600004, -10.183086551999963, 0.0 ], [ 123.602582257000108, -10.183087815999954, 0.0 ], [ 123.602554714, -10.183117071999959, 0.0 ], [ 123.602389723000101, -10.183293721999974, 0.0 ], [ 123.602188372000114, -10.183567962999973, 0.0 ], [ 123.601835988000062, -10.184002559999954, 0.0 ], [ 123.601746222000088, -10.184126487999947, 0.0 ], [ 123.601575749000062, -10.184337564999964, 0.0 ], [ 123.601399994000076, -10.184550005999938, 0.0 ], [ 123.601359993000074, -10.184610007999936, 0.0 ], [ 123.601300109000022, -10.184683198999949, 0.0 ], [ 123.601179994000063, -10.18483000599997, 0.0 ], [ 123.601029993000111, -10.18501000599997, 0.0 ], [ 123.600987750000058, -10.185069145999933, 0.0 ], [ 123.600888226000052, -10.185175059999949, 0.0 ], [ 123.600533587000086, -10.185587830999964, 0.0 ], [ 123.600533560000031, -10.185587861999977, 0.0 ], [ 123.600342276000106, -10.185809037999945, 0.0 ], [ 123.600312751000047, -10.185842728999944, 0.0 ], [ 123.600312724000105, -10.185842759999957, 0.0 ], [ 123.600312698000039, -10.18584279199996, 0.0 ], [ 123.600288035000062, -10.185872306999954, 0.0 ], [ 123.600155670000049, -10.186030717999927, 0.0 ], [ 123.600125589000072, -10.186059091999937, 0.0 ], [ 123.600116250000042, -10.18614334199998, 0.0 ], [ 123.600053523000042, -10.186182939999981, 0.0 ], [ 123.600072175000037, -10.186211261999972, 0.0 ], [ 123.600198580000097, -10.186381882999967, 0.0 ], [ 123.600276370000074, -10.186324712999976, 0.0 ], [ 123.600299993000021, -10.18641000599996, 0.0 ], [ 123.600269777000108, -10.186479381999959, 0.0 ], [ 123.600190142000088, -10.18651972899994, 0.0 ], [ 123.599984384000095, -10.18654020699995, 0.0 ], [ 123.599899428000072, -10.186834688999966, 0.0 ], [ 123.599882249000075, -10.186948143999928, 0.0 ], [ 123.599880896000059, -10.186999832999959, 0.0 ], [ 123.599591180000061, -10.187073586999929, 0.0 ], [ 123.599613176000048, -10.187211376999926, 0.0 ], [ 123.599733476000097, -10.187216899999953, 0.0 ], [ 123.599731855000073, -10.18733793499996, 0.0 ], [ 123.599730394000062, -10.18734681899997, 0.0 ], [ 123.599711708000086, -10.187460416999954, 0.0 ], [ 123.599690225000018, -10.187596851999956, 0.0 ], [ 123.599642108000012, -10.187699833999943, 0.0 ], [ 123.599562599000024, -10.187807660999965, 0.0 ], [ 123.599539531000119, -10.18787029899994, 0.0 ], [ 123.599335446000055, -10.187754595999934, 0.0 ], [ 123.599300718000109, -10.187783373999935, 0.0 ], [ 123.599234899000066, -10.187720321999961, 0.0 ], [ 123.599188580000032, -10.187751035999952, 0.0 ], [ 123.599161502000015, -10.187737685999934, 0.0 ], [ 123.599082382, -10.187795259999973, 0.0 ], [ 123.599055358000101, -10.187810624999941, 0.0 ], [ 123.599010846000056, -10.187774333999926, 0.0 ], [ 123.598919149000039, -10.187708524999948, 0.0 ], [ 123.598573156000043, -10.18746466999994, 0.0 ], [ 123.598270473000071, -10.187251339999932, 0.0 ], [ 123.598199996000062, -10.187350002999949, 0.0 ], [ 123.597779997000089, -10.187880002999975, 0.0 ], [ 123.597709996000049, -10.188189994999959, 0.0 ] ] ] ] } },
{ "type": "Feature", "properties": { "nm_kecamatan": "Kota Lama" }, "geometry": { "type": "MultiPolygon", "coordinates": [ [ [ [ 123.580216651000114, -10.168907699999977, 0.0 ], [ 123.580177036, -10.16895500499993, 0.0 ], [ 123.580192214000022, -10.169002482999929, 0.0 ], [ 123.580212688000074, -10.169121106999967, 0.0 ], [ 123.580111799000065, -10.169205093999949, 0.0 ], [ 123.580018341000027, -10.169308342999955, 0.0 ], [ 123.579768042000069, -10.169552261999968, 0.0 ], [ 123.579654265000045, -10.169663137999976, 0.0 ], [ 123.579586819000042, -10.169727239999929, 0.0 ], [ 123.579503686000066, -10.169806248999976, 0.0 ], [ 123.579408322000063, -10.169896881999932, 0.0 ], [ 123.579220246000091, -10.170074289999945, 0.0 ], [ 123.579139520000012, -10.170178524999926, 0.0 ], [ 123.579085250000048, -10.170265780999955, 0.0 ], [ 123.579079782, -10.170274574999951, 0.0 ], [ 123.579051615000026, -10.170319860999939, 0.0 ], [ 123.5788730270001, -10.170601612999974, 0.0 ], [ 123.5786999930001, -10.170890005999979, 0.0 ], [ 123.578674042000102, -10.170931528999972, 0.0 ], [ 123.578604639000105, -10.170928297999978, 0.0 ], [ 123.578504665000082, -10.170939960999931, 0.0 ], [ 123.578420532000109, -10.170896318999951, 0.0 ], [ 123.578297946000021, -10.170704622999949, 0.0 ], [ 123.57808005600009, -10.170421447999956, 0.0 ], [ 123.578039797000088, -10.170195388999957, 0.0 ], [ 123.578029049000065, -10.17002056299998, 0.0 ], [ 123.578038157000037, -10.169981302999929, 0.0 ], [ 123.578036626000085, -10.169935840999926, 0.0 ], [ 123.578026908000083, -10.169904749999944, 0.0 ], [ 123.578006928000036, -10.169867648999968, 0.0 ], [ 123.577988821000076, -10.169819411999981, 0.0 ], [ 123.578014149000069, -10.169777280999938, 0.0 ], [ 123.578062849000048, -10.16975171699994, 0.0 ], [ 123.578109767000115, -10.169737502999965, 0.0 ], [ 123.578359667000086, -10.169767222999951, 0.0 ], [ 123.578460941000117, -10.169720646999963, 0.0 ], [ 123.578599857000086, -10.169191471999966, 0.0 ], [ 123.57867172300007, -10.168861123999932, 0.0 ], [ 123.57867257800001, -10.168841995999969, 0.0 ], [ 123.578683791000117, -10.168591212999956, 0.0 ], [ 123.578697736000095, -10.168552391999981, 0.0 ], [ 123.578751990000114, -10.168502044999968, 0.0 ], [ 123.578760286000033, -10.168414689999963, 0.0 ], [ 123.578716647000078, -10.168323835999956, 0.0 ], [ 123.578663295000069, -10.168204284999945, 0.0 ], [ 123.578773049, -10.16812512499996, 0.0 ], [ 123.578845196000088, -10.167951511999945, 0.0 ], [ 123.578869145000112, -10.167837805999966, 0.0 ], [ 123.578698975000066, -10.167731322999941, 0.0 ], [ 123.578648066000028, -10.16762732199993, 0.0 ], [ 123.578564577000066, -10.167537734999939, 0.0 ], [ 123.578372269000056, -10.16737655299994, 0.0 ], [ 123.578256134000071, -10.167265487999941, 0.0 ], [ 123.578152565000096, -10.167159015999971, 0.0 ], [ 123.578207542000087, -10.167106444999945, 0.0 ], [ 123.578115485000012, -10.166953461999981, 0.0 ], [ 123.577902259000098, -10.166575757999965, 0.0 ], [ 123.577747026000111, -10.166212309999935, 0.0 ], [ 123.577615318000085, -10.166111251999951, 0.0 ], [ 123.577558158000102, -10.166015108999943, 0.0 ], [ 123.577459384, -10.165887501999975, 0.0 ], [ 123.577374034000059, -10.165831757999968, 0.0 ], [ 123.57736245600006, -10.165773750999961, 0.0 ], [ 123.577355127000033, -10.165727101999948, 0.0 ], [ 123.577338119000046, -10.165670898999963, 0.0 ], [ 123.577338052000073, -10.165633807999939, 0.0 ], [ 123.577348854000093, -10.165596699999981, 0.0 ], [ 123.577363275000039, -10.165557190999948, 0.0 ], [ 123.577384908000113, -10.165498525999965, 0.0 ], [ 123.577399273000083, -10.165427909999948, 0.0 ], [ 123.5774143860001, -10.16535424999995, 0.0 ], [ 123.577418428000101, -10.16533455299998, 0.0 ], [ 123.577420394000114, -10.165328378999959, 0.0 ], [ 123.577422360000014, -10.165322205999928, 0.0 ], [ 123.577442445000088, -10.165259134999928, 0.0 ], [ 123.577449603000105, -10.165210066999975, 0.0 ], [ 123.577435185000013, -10.165157694999948, 0.0 ], [ 123.577433801000097, -10.165152664999937, 0.0 ], [ 123.57741885300004, -10.165097246999949, 0.0 ], [ 123.577417895000053, -10.165092233999928, 0.0 ], [ 123.57741549900004, -10.165048605999971, 0.0 ], [ 123.577370063000103, -10.164976271999933, 0.0 ], [ 123.577269142000091, -10.16480566499996, 0.0 ], [ 123.577153643000088, -10.164550818999942, 0.0 ], [ 123.577114085000062, -10.16443744999998, 0.0 ], [ 123.577080661000082, -10.164385821999929, 0.0 ], [ 123.576899154000102, -10.164185136999947, 0.0 ], [ 123.57662549500003, -10.163977243999966, 0.0 ], [ 123.576645333000101, -10.163957932999949, 0.0 ], [ 123.576743634000081, -10.163821842999937, 0.0 ], [ 123.576969144000032, -10.16389060399996, 0.0 ], [ 123.577036712000108, -10.163885294999943, 0.0 ], [ 123.577145589000111, -10.16385080799995, 0.0 ], [ 123.577198814000099, -10.163816203999943, 0.0 ], [ 123.577224893000107, -10.163799247999975, 0.0 ], [ 123.577179340000043, -10.163721008999971, 0.0 ], [ 123.577161150000052, -10.163695681999968, 0.0 ], [ 123.577125101000092, -10.163645487999929, 0.0 ], [ 123.577088259000107, -10.163606634999951, 0.0 ], [ 123.577064139000072, -10.163590557999953, 0.0 ], [ 123.577035731000024, -10.163575401999935, 0.0 ], [ 123.576983544000086, -10.16355055899993, 0.0 ], [ 123.576795335000043, -10.163466121999932, 0.0 ], [ 123.57626541500008, -10.163193304999936, 0.0 ], [ 123.575984955000081, -10.16303299499998, 0.0 ], [ 123.575911024000106, -10.16299141199994, 0.0 ], [ 123.575784768000062, -10.162920400999951, 0.0 ], [ 123.575679146000084, -10.162879188999966, 0.0 ], [ 123.575546268000039, -10.162857885999927, 0.0 ], [ 123.575373709000019, -10.162743408999972, 0.0 ], [ 123.575294307000036, -10.162642088999974, 0.0 ], [ 123.575265102000117, -10.162517708999928, 0.0 ], [ 123.575264947000051, -10.162431313999946, 0.0 ], [ 123.575264885000024, -10.162392936999936, 0.0 ], [ 123.575379999, -10.162660001999939, 0.0 ], [ 123.575409998000055, -10.162720000999968, 0.0 ], [ 123.575500008000063, -10.162750005999953, 0.0 ], [ 123.575579993000019, -10.162730005999947, 0.0 ], [ 123.575619994000022, -10.162720003999937, 0.0 ], [ 123.575720008000076, -10.162590005999959, 0.0 ], [ 123.575679993000108, -10.16253000599994, 0.0 ], [ 123.575609993000057, -10.162390005999953, 0.0 ], [ 123.575519997000015, -10.162100002999978, 0.0 ], [ 123.575449993, -10.161880006999979, 0.0 ], [ 123.57544999400011, -10.161750002999952, 0.0 ], [ 123.575489996000101, -10.161640004999981, 0.0 ], [ 123.575659996000013, -10.161600005999958, 0.0 ], [ 123.575789996000026, -10.161570003999941, 0.0 ], [ 123.575930009000103, -10.161440005999964, 0.0 ], [ 123.576150009000116, -10.161290021999946, 0.0 ], [ 123.576489996000078, -10.161140002999957, 0.0 ], [ 123.576530816000059, -10.16110845999998, 0.0 ], [ 123.576709993, -10.160970005999957, 0.0 ], [ 123.576739995000025, -10.160900003999927, 0.0 ], [ 123.576779996000027, -10.160800003999952, 0.0 ], [ 123.57678003500007, -10.160799988999941, 0.0 ], [ 123.576879993000034, -10.160760005999975, 0.0 ], [ 123.576979953000091, -10.160640069999943, 0.0 ], [ 123.576979972000117, -10.160640046999958, 0.0 ], [ 123.576979993, -10.160640021999939, 0.0 ], [ 123.577069996000091, -10.160620004999942, 0.0 ], [ 123.577199995000115, -10.160600002999956, 0.0 ], [ 123.577259911000056, -10.160512433999941, 0.0 ], [ 123.577325148000114, -10.160417089999953, 0.0 ], [ 123.577329996000117, -10.160410003999971, 0.0 ], [ 123.577356629000064, -10.160395088999962, 0.0 ], [ 123.577579993000086, -10.160270005999962, 0.0 ], [ 123.577645141000062, -10.160247018999939, 0.0 ], [ 123.577749993000111, -10.160210021999944, 0.0 ], [ 123.577806754000108, -10.160173633999932, 0.0 ], [ 123.578139993000036, -10.159960005999949, 0.0 ], [ 123.578249993000099, -10.15988000599998, 0.0 ], [ 123.578319993000036, -10.15981000599993, 0.0 ], [ 123.578489992000073, -10.159640005999961, 0.0 ], [ 123.578619993000075, -10.159530005999954, 0.0 ], [ 123.578651028000081, -10.159501556999942, 0.0 ], [ 123.578682063000088, -10.159473107999929, 0.0 ], [ 123.578859993000037, -10.159310005999941, 0.0 ], [ 123.578899714000045, -10.159292982999943, 0.0 ], [ 123.579109627000093, -10.15920301999995, 0.0 ], [ 123.579139996000094, -10.159190003999981, 0.0 ], [ 123.579249992000086, -10.159120005999966, 0.0 ], [ 123.579349996000019, -10.158970002999979, 0.0 ], [ 123.579439993000051, -10.158890005999979, 0.0 ], [ 123.579779993000102, -10.158620005999978, 0.0 ], [ 123.580029993000039, -10.158460005999927, 0.0 ], [ 123.580359996000084, -10.158280003999948, 0.0 ], [ 123.581109993000041, -10.157590005999964, 0.0 ], [ 123.581689993000055, -10.157189989999949, 0.0 ], [ 123.581759993000105, -10.157120005999957, 0.0 ], [ 123.581780514000116, -10.157105798999964, 0.0 ], [ 123.582019993000017, -10.156940005999957, 0.0 ], [ 123.582219996000049, -10.156860004999942, 0.0 ], [ 123.582352875000083, -10.156837856999971, 0.0 ], [ 123.58239999500006, -10.156830002999982, 0.0 ], [ 123.582418763000078, -10.156797153999946, 0.0 ], [ 123.582439996000062, -10.156759989999955, 0.0 ], [ 123.582486285000073, -10.156759989999955, 0.0 ], [ 123.582569996000075, -10.156759990999944, 0.0 ], [ 123.582576699000015, -10.156760951999956, 0.0 ], [ 123.582639993000043, -10.156770021999932, 0.0 ], [ 123.582712943000047, -10.156737585999963, 0.0 ], [ 123.582729995000022, -10.15673000399994, 0.0 ], [ 123.582765546000019, -10.156744642999968, 0.0 ], [ 123.582899996000037, -10.156800005999969, 0.0 ], [ 123.582989996000038, -10.156800003999933, 0.0 ], [ 123.583129995000036, -10.156750002999956, 0.0 ], [ 123.583158861000015, -10.156699487999958, 0.0 ], [ 123.58316999300007, -10.156680005999931, 0.0 ], [ 123.5832728150001, -10.156699284999945, 0.0 ], [ 123.58329699300009, -10.156703817999926, 0.0 ], [ 123.583329993, -10.156710005999969, 0.0 ], [ 123.583380688000034, -10.15673957499996, 0.0 ], [ 123.583439744000088, -10.156774019999943, 0.0 ], [ 123.583449998000106, -10.156780000999959, 0.0 ], [ 123.583451757000034, -10.15679234199996, 0.0 ], [ 123.583459977000075, -10.156850005999956, 0.0 ], [ 123.583499998000093, -10.157040001999974, 0.0 ], [ 123.583561215000032, -10.157136198999979, 0.0 ], [ 123.583569999000019, -10.15715000199998, 0.0 ], [ 123.58363999300002, -10.157189990999939, 0.0 ], [ 123.583692527000039, -10.157185955999978, 0.0 ], [ 123.583769996000115, -10.15718000399994, 0.0 ], [ 123.584129996000115, -10.157050003999927, 0.0 ], [ 123.58460999600004, -10.156780003999927, 0.0 ], [ 123.584929996000028, -10.156650002999982, 0.0 ], [ 123.584942038, -10.156660190999958, 0.0 ], [ 123.585059993000073, -10.156759990999944, 0.0 ], [ 123.585112839000089, -10.156747802999973, 0.0 ], [ 123.585190008000041, -10.156730005999975, 0.0 ], [ 123.585278974000062, -10.156641027999967, 0.0 ], [ 123.585299993000035, -10.156620005999969, 0.0 ], [ 123.585239993000073, -10.156510005999962, 0.0 ], [ 123.585179977000053, -10.156400005999956, 0.0 ], [ 123.585180005000097, -10.156399993999969, 0.0 ], [ 123.585249998000108, -10.156370000999971, 0.0 ], [ 123.585429999000098, -10.156440000999964, 0.0 ], [ 123.585535658000026, -10.156564877999926, 0.0 ], [ 123.58553999600008, -10.156570004999935, 0.0 ], [ 123.585551235000025, -10.15656735999994, 0.0 ], [ 123.585709996000105, -10.156530003999933, 0.0 ], [ 123.585969994000038, -10.156430002999969, 0.0 ], [ 123.585972790000028, -10.156424971999968, 0.0 ], [ 123.586011586000041, -10.156355150999957, 0.0 ], [ 123.586020003000044, -10.156340005999937, 0.0 ], [ 123.586050008000029, -10.156290005999949, 0.0 ], [ 123.586189006000041, -10.156253422999953, 0.0 ], [ 123.586239995000028, -10.156240002999937, 0.0 ], [ 123.586289999000087, -10.156300001999966, 0.0 ], [ 123.586349996000081, -10.156310004999966, 0.0 ], [ 123.586739993000037, -10.156230004999941, 0.0 ], [ 123.58704616600005, -10.156125031999977, 0.0 ], [ 123.587089993000063, -10.156110005999949, 0.0 ], [ 123.587289993000013, -10.156180005999943, 0.0 ], [ 123.587297005000096, -10.156185264999976, 0.0 ], [ 123.587409993000051, -10.156270005999943, 0.0 ], [ 123.587509992000037, -10.156300005999981, 0.0 ], [ 123.587679993000052, -10.156370005999975, 0.0 ], [ 123.587919993000014, -10.15656000599995, 0.0 ], [ 123.588049992000037, -10.156530005999969, 0.0 ], [ 123.588399993000053, -10.15632000599993, 0.0 ], [ 123.588459993000015, -10.156250005999937, 0.0 ], [ 123.588819996000097, -10.156100002999949, 0.0 ], [ 123.588959998000064, -10.156020001999934, 0.0 ], [ 123.588979992000077, -10.155890005999936, 0.0 ], [ 123.589047091000111, -10.155797100999962, 0.0 ], [ 123.589109993000079, -10.155710005999936, 0.0 ], [ 123.589182957000048, -10.155710005999936, 0.0 ], [ 123.589189993000105, -10.155710005999936, 0.0 ], [ 123.589329992000103, -10.155730005999942, 0.0 ], [ 123.589338335000093, -10.155638235999959, 0.0 ], [ 123.589339992000077, -10.155620005999936, 0.0 ], [ 123.589419993000092, -10.155570005999948, 0.0 ], [ 123.589559307000059, -10.155540152999947, 0.0 ], [ 123.58955999300008, -10.155540005999967, 0.0 ], [ 123.589561042000014, -10.155539405999946, 0.0 ], [ 123.589691504000029, -10.155464855999981, 0.0 ], [ 123.589909992000116, -10.15534000599996, 0.0 ], [ 123.590059993000068, -10.155260021999936, 0.0 ], [ 123.590084493000063, -10.155244766999942, 0.0 ], [ 123.590050293000104, -10.155140765999931, 0.0 ], [ 123.589993666000055, -10.154968563999944, 0.0 ], [ 123.590136434000101, -10.154879334999976, 0.0 ], [ 123.590189972000076, -10.154807950999952, 0.0 ], [ 123.590195921000031, -10.154694925999934, 0.0 ], [ 123.589416647, -10.153279146999978, 0.0 ], [ 123.589517774000115, -10.153178019999928, 0.0 ], [ 123.589654593000091, -10.15305309799993, 0.0 ], [ 123.590523096000084, -10.152630743999964, 0.0 ], [ 123.592075695000062, -10.152000186999942, 0.0 ], [ 123.592138218000059, -10.15210960099995, 0.0 ], [ 123.592147079000028, -10.15212510799995, 0.0 ], [ 123.590600429000119, -10.152785408999932, 0.0 ], [ 123.590627988000051, -10.152838542999973, 0.0 ], [ 123.591173693000087, -10.153890661999981, 0.0 ], [ 123.59126759500009, -10.154071704999978, 0.0 ], [ 123.591340404000107, -10.154212080999969, 0.0 ], [ 123.591344010000057, -10.154219033999937, 0.0 ], [ 123.591485777000116, -10.154153820999966, 0.0 ], [ 123.591938876000086, -10.153945395999926, 0.0 ], [ 123.592880185000013, -10.153626319999944, 0.0 ], [ 123.59291999300001, -10.153600005999976, 0.0 ], [ 123.593238093000082, -10.153401193999969, 0.0 ], [ 123.593239993000111, -10.15340000599997, 0.0 ], [ 123.593359985, -10.153170002999957, 0.0 ], [ 123.593419993000111, -10.153050006999933, 0.0 ], [ 123.593559999000036, -10.153090001999942, 0.0 ], [ 123.593652018000057, -10.15316822099993, 0.0 ], [ 123.593731918000117, -10.153236138999944, 0.0 ], [ 123.593759996000017, -10.153260005999925, 0.0 ], [ 123.593939999000099, -10.153300000999934, 0.0 ], [ 123.594079999000087, -10.15341000199993, 0.0 ], [ 123.594109999000011, -10.15350000199993, 0.0 ], [ 123.5942999990001, -10.15359000199993, 0.0 ], [ 123.594329996000056, -10.153780003999941, 0.0 ], [ 123.594469993000075, -10.153700005999951, 0.0 ], [ 123.594551143000103, -10.153594510999937, 0.0 ], [ 123.59456999300005, -10.153570005999939, 0.0 ], [ 123.594639999000037, -10.153580000999966, 0.0 ], [ 123.594639996000069, -10.153650002999939, 0.0 ], [ 123.594583397000065, -10.153803625999956, 0.0 ], [ 123.59456999400004, -10.153840002999971, 0.0 ], [ 123.594479995000029, -10.153950002999977, 0.0 ], [ 123.594409995000092, -10.15410000299994, 0.0 ], [ 123.594429999000113, -10.154210000999967, 0.0 ], [ 123.594509999000024, -10.154270001999976, 0.0 ], [ 123.594649998000023, -10.154350000999955, 0.0 ], [ 123.59486997700003, -10.154400021999948, 0.0 ], [ 123.595209996000108, -10.154410004999932, 0.0 ], [ 123.595279993000077, -10.154400021999948, 0.0 ], [ 123.59528117900004, -10.154399665999961, 0.0 ], [ 123.595413710000116, -10.15435989599996, 0.0 ], [ 123.595479993000026, -10.154340005999927, 0.0 ], [ 123.595689993000065, -10.154280005999965, 0.0 ], [ 123.595849993000115, -10.154230005999977, 0.0 ], [ 123.596209993000116, -10.154070005999927, 0.0 ], [ 123.596489993000091, -10.15385000699996, 0.0 ], [ 123.596639993000053, -10.153720005999958, 0.0 ], [ 123.596789993000016, -10.153650005999964, 0.0 ], [ 123.597019978000048, -10.153550005999932, 0.0 ], [ 123.597339993000105, -10.153320020999956, 0.0 ], [ 123.597479993000093, -10.153290005999963, 0.0 ], [ 123.597799993000081, -10.153190005999932, 0.0 ], [ 123.598219993000043, -10.153010005999931, 0.0 ], [ 123.598299993000069, -10.152950005999969, 0.0 ], [ 123.598849993000044, -10.152690005999943, 0.0 ], [ 123.599319993000108, -10.15238000599993, 0.0 ], [ 123.600549993000072, -10.151700005999942, 0.0 ], [ 123.600749993000022, -10.151610005999942, 0.0 ], [ 123.601079993000099, -10.151410005999935, 0.0 ], [ 123.601189993000048, -10.151340005999941, 0.0 ], [ 123.601559993000023, -10.151060005999966, 0.0 ], [ 123.601779993000036, -10.150949989999958, 0.0 ], [ 123.601929993000113, -10.150820005999947, 0.0 ], [ 123.602119993000088, -10.15071000599994, 0.0 ], [ 123.602389993000088, -10.150560005999978, 0.0 ], [ 123.602599993000013, -10.150450005999971, 0.0 ], [ 123.603229993000014, -10.150130006999973, 0.0 ], [ 123.603399993000039, -10.150010005999945, 0.0 ], [ 123.603769993000014, -10.149740005999945, 0.0 ], [ 123.603889993000053, -10.149690005999958, 0.0 ], [ 123.604089993000116, -10.149600005999957, 0.0 ], [ 123.604279993000091, -10.149520005999932, 0.0 ], [ 123.604799993000029, -10.149280005999969, 0.0 ], [ 123.605459992000078, -10.148970005999956, 0.0 ], [ 123.60560999300003, -10.148910005999937, 0.0 ], [ 123.605809993000094, -10.148800020999943, 0.0 ], [ 123.605860008000036, -10.148740005999969, 0.0 ], [ 123.605952979000108, -10.148705138999958, 0.0 ], [ 123.606019993000018, -10.14868000599995, 0.0 ], [ 123.606213152, -10.148753589999956, 0.0 ], [ 123.606229993000056, -10.148760005999975, 0.0 ], [ 123.606349992000105, -10.148880005999956, 0.0 ], [ 123.606499978000102, -10.148890006999977, 0.0 ], [ 123.606639993000044, -10.148850005999975, 0.0 ], [ 123.607029993000083, -10.148710005999931, 0.0 ], [ 123.607829993000109, -10.148370021999938, 0.0 ], [ 123.608619993000048, -10.147929989999966, 0.0 ], [ 123.608879993000073, -10.147840005999967, 0.0 ], [ 123.609029993000036, -10.147800006999944, 0.0 ], [ 123.609084417000076, -10.147800006999944, 0.0 ], [ 123.609143363000044, -10.147800005999954, 0.0 ], [ 123.609147071000052, -10.147819481999932, 0.0 ], [ 123.609174002000032, -10.147956084999976, 0.0 ], [ 123.609216256000082, -10.148078042999941, 0.0 ], [ 123.609275884000112, -10.148191355999927, 0.0 ], [ 123.609373231000063, -10.148327570999982, 0.0 ], [ 123.60942848600007, -10.148427969999943, 0.0 ], [ 123.609482358000037, -10.148562828999957, 0.0 ], [ 123.609489853000014, -10.148694903999967, 0.0 ], [ 123.60947378100002, -10.148779986999955, 0.0 ], [ 123.609470000000101, -10.1488, 0.0 ], [ 123.609560000000101, -10.14905, 0.0 ], [ 123.60967, -10.149320000999978, 0.0 ], [ 123.609970344000089, -10.149987433999968, 0.0 ], [ 123.610119994000115, -10.150320005999959, 0.0 ], [ 123.610247938000043, -10.150590110999929, 0.0 ], [ 123.610261955000055, -10.150621782999963, 0.0 ], [ 123.610309774000029, -10.150795904999939, 0.0 ], [ 123.610474007000107, -10.151592430999926, 0.0 ], [ 123.610482158000082, -10.151631960999964, 0.0 ], [ 123.610467544000016, -10.151673137999978, 0.0 ], [ 123.610467809000056, -10.151715322999962, 0.0 ], [ 123.610470226000075, -10.152099754999938, 0.0 ], [ 123.610450066000112, -10.152301633999969, 0.0 ], [ 123.610424719000093, -10.15255544799993, 0.0 ], [ 123.610408273000075, -10.152722844999971, 0.0 ], [ 123.610375434000048, -10.153057090999937, 0.0 ], [ 123.610368151000102, -10.153205104999927, 0.0 ], [ 123.610360550000109, -10.153359580999961, 0.0 ], [ 123.610382402000027, -10.153675401999976, 0.0 ], [ 123.610439993000114, -10.15385000699996, 0.0 ], [ 123.610451, -10.153883030999964, 0.0 ], [ 123.610463140000093, -10.153919470999938, 0.0 ], [ 123.610479981000026, -10.153970013999981, 0.0 ], [ 123.610480162000044, -10.153970585999957, 0.0 ], [ 123.610481041000071, -10.153973515999951, 0.0 ], [ 123.610509995000029, -10.154070004999937, 0.0 ], [ 123.610539994000078, -10.154140003999942, 0.0 ], [ 123.61059646800004, -10.154271773999938, 0.0 ], [ 123.610596522000037, -10.154271905999963, 0.0 ], [ 123.61066999500008, -10.154460004999976, 0.0 ], [ 123.610683238000092, -10.154492242999936, 0.0 ], [ 123.610028935000059, -10.154796627999929, 0.0 ], [ 123.609929367000063, -10.15482562699998, 0.0 ], [ 123.609582994000107, -10.155002288999981, 0.0 ], [ 123.608914792000064, -10.15530713499993, 0.0 ], [ 123.608855218000031, -10.155329800999937, 0.0 ], [ 123.608669615000053, -10.155400418999932, 0.0 ], [ 123.608446066000056, -10.15549146099994, 0.0 ], [ 123.608284839000021, -10.155566996999937, 0.0 ], [ 123.60795379800004, -10.155722091999962, 0.0 ], [ 123.607663261000084, -10.155859822999957, 0.0 ], [ 123.607350675000021, -10.156008006999969, 0.0 ], [ 123.6072863280001, -10.156029140999976, 0.0 ], [ 123.606863525000108, -10.156210826999938, 0.0 ], [ 123.606615943000065, -10.156327579999981, 0.0 ], [ 123.606245177000119, -10.156440252999971, 0.0 ], [ 123.605899993000094, -10.156510004999973, 0.0 ], [ 123.605372118000105, -10.15664553199997, 0.0 ], [ 123.605099994000057, -10.156720006999933, 0.0 ], [ 123.604939993000016, -10.156759989999955, 0.0 ], [ 123.604789993000054, -10.156800005999969, 0.0 ], [ 123.604489993000016, -10.156910006999965, 0.0 ], [ 123.604298937000067, -10.156960283999979, 0.0 ], [ 123.604316010000048, -10.157011005999948, 0.0 ], [ 123.604375719000018, -10.157201130999965, 0.0 ], [ 123.604443347000029, -10.157397368999966, 0.0 ], [ 123.604474566000022, -10.157537227999967, 0.0 ], [ 123.604469997000024, -10.157540003999941, 0.0 ], [ 123.604166657000064, -10.157724285999961, 0.0 ], [ 123.604107775000102, -10.157760057999951, 0.0 ], [ 123.603843163000079, -10.157912825999972, 0.0 ], [ 123.603710561000071, -10.15799511299997, 0.0 ], [ 123.603926099000091, -10.158346449999954, 0.0 ], [ 123.60436092100008, -10.158851026999969, 0.0 ], [ 123.604360757000109, -10.15885104399996, 0.0 ], [ 123.603865094000071, -10.158903319999979, 0.0 ], [ 123.603739079000093, -10.158926318999931, 0.0 ], [ 123.603582154000037, -10.158961304999934, 0.0 ], [ 123.603487771000118, -10.158993088999978, 0.0 ], [ 123.603403538000066, -10.159021455999948, 0.0 ], [ 123.603227370000013, -10.159098352999933, 0.0 ], [ 123.602960680000024, -10.159201738999968, 0.0 ], [ 123.602687419000063, -10.159307140999942, 0.0 ], [ 123.602552785000057, -10.159352044999935, 0.0 ], [ 123.602382584000111, -10.159391839999955, 0.0 ], [ 123.602203899000074, -10.159414900999934, 0.0 ], [ 123.602144084000088, -10.159410923999928, 0.0 ], [ 123.601813784000115, -10.159386901999937, 0.0 ], [ 123.601591616000064, -10.159405256999946, 0.0 ], [ 123.601315197000076, -10.159472765999965, 0.0 ], [ 123.601057909000019, -10.159532557999967, 0.0 ], [ 123.601009269000087, -10.159540977999939, 0.0 ], [ 123.600977211000099, -10.159552350999945, 0.0 ], [ 123.600945477000096, -10.159568471999933, 0.0 ], [ 123.600901418000035, -10.159590852999941, 0.0 ], [ 123.600861389000102, -10.159611188999975, 0.0 ], [ 123.60068651000006, -10.159732350999946, 0.0 ], [ 123.600659670000027, -10.159748983999975, 0.0 ], [ 123.600596306000057, -10.159788252999931, 0.0 ], [ 123.600539350000076, -10.159823550999931, 0.0 ], [ 123.600496029000055, -10.159844908999958, 0.0 ], [ 123.60045857800003, -10.15986337399994, 0.0 ], [ 123.60030620200007, -10.159938499999953, 0.0 ], [ 123.600281155000062, -10.159950847999937, 0.0 ], [ 123.600218348000112, -10.159944979999977, 0.0 ], [ 123.600151900000014, -10.15992954799998, 0.0 ], [ 123.600084266000067, -10.15992608199997, 0.0 ], [ 123.600039584000115, -10.159926163999955, 0.0 ], [ 123.599990120000029, -10.159952576999956, 0.0 ], [ 123.599953872000015, -10.159986092999929, 0.0 ], [ 123.599948811000104, -10.159990771999958, 0.0 ], [ 123.599878002000082, -10.160054480999975, 0.0 ], [ 123.599777521000078, -10.160141426999928, 0.0 ], [ 123.599692326000081, -10.160215144999938, 0.0 ], [ 123.599616174000062, -10.16026944999993, 0.0 ], [ 123.599564488000055, -10.160306308999964, 0.0 ], [ 123.599534223000092, -10.160321354999951, 0.0 ], [ 123.599441329000115, -10.160367534999978, 0.0 ], [ 123.599317279000047, -10.160429201999932, 0.0 ], [ 123.599215247000075, -10.160469865999971, 0.0 ], [ 123.599113216000092, -10.160510529999954, 0.0 ], [ 123.598850092000021, -10.160585190999939, 0.0 ], [ 123.598798000000102, -10.160591476999969, 0.0 ], [ 123.598795512000038, -10.160591762999957, 0.0 ], [ 123.59879395400003, -10.16059194199994, 0.0 ], [ 123.598782620000065, -10.160593244999973, 0.0 ], [ 123.598668090000047, -10.160605563999979, 0.0 ], [ 123.598653997000042, -10.160607079999977, 0.0 ], [ 123.598639575000107, -10.160608630999945, 0.0 ], [ 123.598589993000019, -10.160610005999956, 0.0 ], [ 123.598565071000053, -10.160603317999971, 0.0 ], [ 123.598514353000041, -10.160589821999963, 0.0 ], [ 123.598510809000118, -10.160588682999958, 0.0 ], [ 123.598463634000041, -10.160576325999955, 0.0 ], [ 123.59834636800008, -10.160527254999977, 0.0 ], [ 123.598335526000028, -10.160522717999982, 0.0 ], [ 123.598269740000092, -10.160428151999952, 0.0 ], [ 123.598254197000074, -10.160399155999926, 0.0 ], [ 123.598202090000086, -10.160302338999941, 0.0 ], [ 123.598120903000108, -10.160154127999931, 0.0 ], [ 123.59809180000002, -10.160089571999947, 0.0 ], [ 123.598079608000035, -10.160027378999928, 0.0 ], [ 123.598067399000115, -10.159955613999955, 0.0 ], [ 123.598066084000038, -10.159898186999953, 0.0 ], [ 123.598057487000119, -10.159820432999936, 0.0 ], [ 123.598030785000105, -10.159748694999962, 0.0 ], [ 123.598001810000028, -10.159720831999948, 0.0 ], [ 123.597999600000094, -10.159718971999951, 0.0 ], [ 123.59797783800002, -10.159700664999946, 0.0 ], [ 123.59794493000004, -10.159683952999956, 0.0 ], [ 123.597865163000051, -10.159653280999976, 0.0 ], [ 123.597745553000095, -10.159623587999931, 0.0 ], [ 123.597549838000077, -10.159580871999935, 0.0 ], [ 123.597378615000025, -10.159528597999952, 0.0 ], [ 123.597323884000048, -10.159511889999976, 0.0 ], [ 123.597098137000103, -10.159448849999933, 0.0 ], [ 123.597091625000076, -10.159447030999956, 0.0 ], [ 123.597085421000088, -10.159450565999975, 0.0 ], [ 123.596984741000028, -10.159507937999933, 0.0 ], [ 123.597037481000029, -10.159785246999945, 0.0 ], [ 123.597015881000061, -10.159859465999943, 0.0 ], [ 123.596883304000016, -10.160000888999946, 0.0 ], [ 123.596779706, -10.160139865999952, 0.0 ], [ 123.596745528000042, -10.16020386699995, 0.0 ], [ 123.596753602000035, -10.160389540999972, 0.0 ], [ 123.596844475000012, -10.16042191899993, 0.0 ], [ 123.596742278000079, -10.160736257999929, 0.0 ], [ 123.596709994000094, -10.16072952899998, 0.0 ], [ 123.596661429000051, -10.160706134999941, 0.0 ], [ 123.596500481000021, -10.160656176999964, 0.0 ], [ 123.596368555000026, -10.160627702999932, 0.0 ], [ 123.596317851000094, -10.160636408999949, 0.0 ], [ 123.596178898000062, -10.160725677999949, 0.0 ], [ 123.596090616000083, -10.160789010999963, 0.0 ], [ 123.595971890000101, -10.160845220999931, 0.0 ], [ 123.595893818000036, -10.160907263999945, 0.0 ], [ 123.595850421000023, -10.160948979999944, 0.0 ], [ 123.59580703000006, -10.160995001999936, 0.0 ], [ 123.595766579000042, -10.161062555999933, 0.0 ], [ 123.595746382000016, -10.161111407999954, 0.0 ], [ 123.595726168000056, -10.161151644999961, 0.0 ], [ 123.595695893000084, -10.161236408999969, 0.0 ], [ 123.595679285000074, -10.161267306999946, 0.0 ], [ 123.595538726000086, -10.161700273999941, 0.0 ], [ 123.595509833000051, -10.161749141999962, 0.0 ], [ 123.595438867000098, -10.161772242999973, 0.0 ], [ 123.595380909000028, -10.161776655999972, 0.0 ], [ 123.595084992000011, -10.161670758999946, 0.0 ], [ 123.595003360000078, -10.161656737999976, 0.0 ], [ 123.594957151000017, -10.161675172999935, 0.0 ], [ 123.5949210120001, -10.161724053999933, 0.0 ], [ 123.594882034000079, -10.161804525999969, 0.0 ], [ 123.594805462000068, -10.161931009999932, 0.0 ], [ 123.594661308000013, -10.162343329999942, 0.0 ], [ 123.594596563000096, -10.162557086999982, 0.0 ], [ 123.594595062000053, -10.162557260999961, 0.0 ], [ 123.594553329000064, -10.162562095999931, 0.0 ], [ 123.594541679000031, -10.162563444999932, 0.0 ], [ 123.594524013000068, -10.162565491999942, 0.0 ], [ 123.594318276000081, -10.162586251999926, 0.0 ], [ 123.594292190000033, -10.162588883999945, 0.0 ], [ 123.594182008000075, -10.162590257999966, 0.0 ], [ 123.594180125000094, -10.16259028099995, 0.0 ], [ 123.593988854000031, -10.162592665999966, 0.0 ], [ 123.593985210000028, -10.162592711999935, 0.0 ], [ 123.593932805, -10.162593364999964, 0.0 ], [ 123.593818392000117, -10.162589992999926, 0.0 ], [ 123.593804956000099, -10.162589596999965, 0.0 ], [ 123.593631446000018, -10.162584481999943, 0.0 ], [ 123.593620534000024, -10.162584160999927, 0.0 ], [ 123.593565663000049, -10.162582543999974, 0.0 ], [ 123.593435232000047, -10.162569491999932, 0.0 ], [ 123.59339701500005, -10.162565666999967, 0.0 ], [ 123.593329280000034, -10.162552312999935, 0.0 ], [ 123.593219416000011, -10.162530654999955, 0.0 ], [ 123.593217844000037, -10.162530344999936, 0.0 ], [ 123.593215742000098, -10.162529930999938, 0.0 ], [ 123.592967693000105, -10.162484910999979, 0.0 ], [ 123.592916985000102, -10.162482376999947, 0.0 ], [ 123.592887422000103, -10.162480898999945, 0.0 ], [ 123.592816216000074, -10.162493609999956, 0.0 ], [ 123.592815226000084, -10.16249378599997, 0.0 ], [ 123.592731688000072, -10.162508698999943, 0.0 ], [ 123.59269310600007, -10.162507966999954, 0.0 ], [ 123.592558990000043, -10.162505421999981, 0.0 ], [ 123.592463587000111, -10.162505593999981, 0.0 ], [ 123.592449629000043, -10.162503648999973, 0.0 ], [ 123.59244018600009, -10.162502332999964, 0.0 ], [ 123.592321912000102, -10.16248584899995, 0.0 ], [ 123.592299923000041, -10.162482782999973, 0.0 ], [ 123.592245309000077, -10.162460186999965, 0.0 ], [ 123.592242010000064, -10.162467178999975, 0.0 ], [ 123.592164693000086, -10.162628440999981, 0.0 ], [ 123.592080593000105, -10.162804239999957, 0.0 ], [ 123.592073757000094, -10.162818529999981, 0.0 ], [ 123.592046472000106, -10.162872843999935, 0.0 ], [ 123.592036590000021, -10.162887585999954, 0.0 ], [ 123.592028421, -10.162899772999936, 0.0 ], [ 123.592028264000078, -10.162900008999941, 0.0 ], [ 123.591900431000113, -10.162882150999963, 0.0 ], [ 123.591857465000089, -10.162874490999968, 0.0 ], [ 123.59179998400009, -10.16286424499998, 0.0 ], [ 123.591672151000012, -10.162846387999934, 0.0 ], [ 123.590850349000107, -10.162721253999962, 0.0 ], [ 123.590789236000091, -10.16271379799997, 0.0 ], [ 123.590777304000085, -10.162712340999974, 0.0 ], [ 123.59057640900005, -10.162676526999974, 0.0 ], [ 123.590503314000102, -10.162640482999961, 0.0 ], [ 123.590439365000066, -10.162613465999925, 0.0 ], [ 123.590320594000104, -10.162559415999965, 0.0 ], [ 123.590274918000091, -10.16254140999996, 0.0 ], [ 123.590265902000056, -10.162514773999931, 0.0 ], [ 123.590265740000063, -10.162514293999948, 0.0 ], [ 123.590253126000107, -10.162517888999957, 0.0 ], [ 123.590201873000069, -10.162532496999972, 0.0 ], [ 123.590172599000084, -10.162528407999957, 0.0 ], [ 123.590137957000024, -10.162523567999926, 0.0 ], [ 123.59011741300003, -10.162523604999933, 0.0 ], [ 123.590110571000082, -10.162523617999966, 0.0 ], [ 123.590019252000047, -10.162505693999947, 0.0 ], [ 123.589736118000019, -10.162424806999979, 0.0 ], [ 123.589673527000059, -10.162418030999959, 0.0 ], [ 123.589653945, -10.162415910999925, 0.0 ], [ 123.58957182100005, -10.162434146999942, 0.0 ], [ 123.589518832000067, -10.16246928399994, 0.0 ], [ 123.589517116000025, -10.162470421999956, 0.0 ], [ 123.589362146000099, -10.162588272999926, 0.0 ], [ 123.58935761400005, -10.162591491999933, 0.0 ], [ 123.589234512000075, -10.162678941999957, 0.0 ], [ 123.589223211000103, -10.162688306999939, 0.0 ], [ 123.589179823000109, -10.162724260999937, 0.0 ], [ 123.589161683000043, -10.16273328799997, 0.0 ], [ 123.589143342000057, -10.162742414999968, 0.0 ], [ 123.589141070000096, -10.162743545999945, 0.0 ], [ 123.589143350000086, -10.162746690999938, 0.0 ], [ 123.589119089000064, -10.16280306799996, 0.0 ], [ 123.589070609000032, -10.162778608999929, 0.0 ], [ 123.58899241000006, -10.16273915599993, 0.0 ], [ 123.588895738000019, -10.162705829999936, 0.0 ], [ 123.588680700000054, -10.162663142999975, 0.0 ], [ 123.588608255000054, -10.162670451999929, 0.0 ], [ 123.588608432000115, -10.162766923999982, 0.0 ], [ 123.588546429000075, -10.162832839999965, 0.0 ], [ 123.588544527000067, -10.162887244999979, 0.0 ], [ 123.588361947000067, -10.162896186999944, 0.0 ], [ 123.588357519000056, -10.162851685999954, 0.0 ], [ 123.588176784000098, -10.162766506999958, 0.0 ], [ 123.588024802000064, -10.162738111999943, 0.0 ], [ 123.587941200000046, -10.162734286999978, 0.0 ], [ 123.587939992000088, -10.162760005999928, 0.0 ], [ 123.587881791000086, -10.162909672999945, 0.0 ], [ 123.587750200000073, -10.162873546999947, 0.0 ], [ 123.587467501000106, -10.162812316999975, 0.0 ], [ 123.586960660000045, -10.162815078999927, 0.0 ], [ 123.586793177000118, -10.162825995999981, 0.0 ], [ 123.586795703, -10.162887009999963, 0.0 ], [ 123.586798912000063, -10.162970261999931, 0.0 ], [ 123.586727995000047, -10.162953234999975, 0.0 ], [ 123.586670024000114, -10.162950945999967, 0.0 ], [ 123.586611395000091, -10.16295157199994, 0.0 ], [ 123.586588156000062, -10.162955502999978, 0.0 ], [ 123.586573458000089, -10.162975047999964, 0.0 ], [ 123.586587679000104, -10.163091167999937, 0.0 ], [ 123.586605846000111, -10.16311984999993, 0.0 ], [ 123.586624013000119, -10.16314853199998, 0.0 ], [ 123.5866844950001, -10.163203460999966, 0.0 ], [ 123.586740217000056, -10.163296683999931, 0.0 ], [ 123.586731642000018, -10.163476298999967, 0.0 ], [ 123.586543180000035, -10.163485188999971, 0.0 ], [ 123.586100881000107, -10.163539840999931, 0.0 ], [ 123.586094648000085, -10.163460062999945, 0.0 ], [ 123.585765872000025, -10.163431385999957, 0.0 ], [ 123.585712396000076, -10.163609537999946, 0.0 ], [ 123.585558612000113, -10.163584261999972, 0.0 ], [ 123.585556469000039, -10.163334666999958, 0.0 ], [ 123.585338870000101, -10.163349768999979, 0.0 ], [ 123.585343400000056, -10.163516666999953, 0.0 ], [ 123.58512014300004, -10.163538882999944, 0.0 ], [ 123.585124950000022, -10.163608432999979, 0.0 ], [ 123.584828099000106, -10.163651869999967, 0.0 ], [ 123.58479202500007, -10.163562285999944, 0.0 ], [ 123.5847613950001, -10.16356237399998, 0.0 ], [ 123.584494502000098, -10.163583874999972, 0.0 ], [ 123.584446147000108, -10.163557159999925, 0.0 ], [ 123.584239238, -10.163575979999962, 0.0 ], [ 123.584166316000051, -10.16349903899993, 0.0 ], [ 123.58410918800007, -10.163518670999963, 0.0 ], [ 123.583958265000092, -10.163580002999936, 0.0 ], [ 123.583808779000037, -10.163649611999972, 0.0 ], [ 123.583034283000075, -10.163610352999967, 0.0 ], [ 123.583011532000114, -10.163972632999958, 0.0 ], [ 123.582923920000098, -10.163974457999927, 0.0 ], [ 123.582885196, -10.163975264999976, 0.0 ], [ 123.58285788, -10.163975832999938, 0.0 ], [ 123.582762180000032, -10.163945373999979, 0.0 ], [ 123.582708693000086, -10.163920645999951, 0.0 ], [ 123.582603033000055, -10.163871797999946, 0.0 ], [ 123.58252118900009, -10.163826494999967, 0.0 ], [ 123.582426012000042, -10.163773812999978, 0.0 ], [ 123.582392044000017, -10.163755009999932, 0.0 ], [ 123.582328708000091, -10.163715434999972, 0.0 ], [ 123.5821586510001, -10.163599374999933, 0.0 ], [ 123.582140525000113, -10.163573115999952, 0.0 ], [ 123.582084669000096, -10.163554457999965, 0.0 ], [ 123.582073773000047, -10.163552228999947, 0.0 ], [ 123.582038279000017, -10.16354496799994, 0.0 ], [ 123.581988048000085, -10.163548886999934, 0.0 ], [ 123.581983371000092, -10.163550677999979, 0.0 ], [ 123.581983320000063, -10.163550697999938, 0.0 ], [ 123.581938367000021, -10.163568583999961, 0.0 ], [ 123.581900932000053, -10.163613098999974, 0.0 ], [ 123.581891959000018, -10.163637085999937, 0.0 ], [ 123.581885817000057, -10.163669393999953, 0.0 ], [ 123.581855061000056, -10.163716778999969, 0.0 ], [ 123.581848315000116, -10.16369853599997, 0.0 ], [ 123.581819498000073, -10.163620604999949, 0.0 ], [ 123.581795820000025, -10.163564870999949, 0.0 ], [ 123.581776270000091, -10.163547115999961, 0.0 ], [ 123.581705098000043, -10.163482477999935, 0.0 ], [ 123.581624102000092, -10.163435959999958, 0.0 ], [ 123.581518993000032, -10.163411019999955, 0.0 ], [ 123.581364113000063, -10.163393380999935, 0.0 ], [ 123.581299993000016, -10.163440021999975, 0.0 ], [ 123.580985121000026, -10.163668170999927, 0.0 ], [ 123.580884748000017, -10.163745930999937, 0.0 ], [ 123.580819182000027, -10.163796724999941, 0.0 ], [ 123.580637788000104, -10.163927220999938, 0.0 ], [ 123.58057343300004, -10.16398531599998, 0.0 ], [ 123.580491177000113, -10.16405956899996, 0.0 ], [ 123.580380416000025, -10.164160266999943, 0.0 ], [ 123.580339370000047, -10.164168116999974, 0.0 ], [ 123.580298325000058, -10.164175966999949, 0.0 ], [ 123.58018474000005, -10.164139077999948, 0.0 ], [ 123.580010299000037, -10.164044482999941, 0.0 ], [ 123.579921204000016, -10.163989987999969, 0.0 ], [ 123.579875959000105, -10.16397367899998, 0.0 ], [ 123.579839562000075, -10.163960558999975, 0.0 ], [ 123.579845141000078, -10.163862847999951, 0.0 ], [ 123.5798498260001, -10.163780798999937, 0.0 ], [ 123.579835184000103, -10.163697550999927, 0.0 ], [ 123.579775149000056, -10.163532704999966, 0.0 ], [ 123.579687154000112, -10.163400541999977, 0.0 ], [ 123.579661741000109, -10.163365112999941, 0.0 ], [ 123.579661696000016, -10.163365050999971, 0.0 ], [ 123.579561743000113, -10.163230365999937, 0.0 ], [ 123.579451784000071, -10.163082199999963, 0.0 ], [ 123.57939839900007, -10.163020198999959, 0.0 ], [ 123.579328347000114, -10.162938842999949, 0.0 ], [ 123.579183263000118, -10.162845775999926, 0.0 ], [ 123.57901640800003, -10.162734799999953, 0.0 ], [ 123.57891815000005, -10.162676868999938, 0.0 ], [ 123.578870001000041, -10.162660000999949, 0.0 ], [ 123.578637074000085, -10.162801533999925, 0.0 ], [ 123.578467494000051, -10.162894782999956, 0.0 ], [ 123.578049997000107, -10.163110002999929, 0.0 ], [ 123.577749460000064, -10.163262343999975, 0.0 ], [ 123.577749361000087, -10.163262392999968, 0.0 ], [ 123.577585970000086, -10.163333330999933, 0.0 ], [ 123.577259392000087, -10.163478505999933, 0.0 ], [ 123.577219537000019, -10.163500513999963, 0.0 ], [ 123.577409033000094, -10.163857691999965, 0.0 ], [ 123.577482979000024, -10.163997070999926, 0.0 ], [ 123.577582915000107, -10.164177909999978, 0.0 ], [ 123.577649979000057, -10.164430005999975, 0.0 ], [ 123.577819994000038, -10.164770002999944, 0.0 ], [ 123.577935158000059, -10.164863471999979, 0.0 ], [ 123.578014727000095, -10.164928047999979, 0.0 ], [ 123.578509989000054, -10.165330002999951, 0.0 ], [ 123.578599997000083, -10.165470002999939, 0.0 ], [ 123.578989996000018, -10.166320002999953, 0.0 ], [ 123.579129997000109, -10.166460002999941, 0.0 ], [ 123.579319997000084, -10.166630002999966, 0.0 ], [ 123.579529997, -10.166850001999933, 0.0 ], [ 123.579769996000095, -10.167030002999979, 0.0 ], [ 123.58004999700006, -10.167130002999954, 0.0 ], [ 123.580199997000022, -10.167160002999935, 0.0 ], [ 123.580279996000058, -10.16723000199994, 0.0 ], [ 123.580349997000098, -10.167420002999961, 0.0 ], [ 123.580379997000023, -10.167730002999974, 0.0 ], [ 123.580389997000111, -10.168020002999981, 0.0 ], [ 123.580349426000112, -10.168234535999943, 0.0 ], [ 123.580324540000106, -10.168336280999938, 0.0 ], [ 123.580294247000097, -10.168413863999945, 0.0 ], [ 123.580311799000015, -10.168502848999935, 0.0 ], [ 123.580279637000103, -10.16856869399993, 0.0 ], [ 123.580267952000099, -10.168714543999954, 0.0 ], [ 123.580216651000114, -10.168907699999977, 0.0 ] ] ] ] } }
]
}
